,index,afa_Metadata_treatment,afa_Predicted_Probability,afa_Metadata_hour,index,alm_Metadata_treatment,alm_Predicted_Probability,alm_Metadata_hour,index,dac_Metadata_treatment,dac_Predicted_Probability,dac_Metadata_hour,index,gef_Metadata_treatment,gef_Predicted_Probability,gef_Metadata_hour,index,osi_Metadata_treatment,osi_Predicted_Probability,osi_Metadata_hour,index,vin_Metadata_treatment,vin_Predicted_Probability,vin_Metadata_hour
0,2161,control,0.019951930524196988,8,1869.0,control,-0.04338756147872131,8.0,2397.0,dac,0.6040072820105495,8.0,3042.0,gef,0.7510202460891627,8.0,2077.0,control,-0.018146971083309756,8.0,1837.0,control,-0.013478331469741752,8.0
1,2011,control,-0.026120568070395624,8,1570.0,control,0.1479472896777847,8.0,2237.0,dac,0.7708546773499372,8.0,1897.0,control,0.09595095794097963,8.0,2131.0,control,-0.02415642172287768,8.0,1810.0,control,-0.013492327807281311,8.0
2,475,afa,0.9500486184784902,8,1012.0,alm,0.9397010272083723,8.0,2860.0,dac,0.7742230513985368,8.0,1754.0,control,0.03315263840042063,8.0,2108.0,control,-0.0271879162344801,8.0,1593.0,control,-0.01623653486126947,8.0
3,2141,control,-0.02731516391437472,8,1608.0,control,-0.01922627552977085,8.0,1915.0,control,0.00414879360768422,8.0,3153.0,gef,0.9441296629730872,8.0,2169.0,control,-0.023932839375601266,8.0,1565.0,control,-0.014559783482204883,8.0
4,554,afa,0.9718521010186657,8,1535.0,control,-0.003161449740470078,8.0,2357.0,dac,0.7604839890701137,8.0,1920.0,control,-0.021856829977770206,8.0,1854.0,control,0.008296167896421687,8.0,1637.0,control,0.256427398478466,8.0
5,661,afa,0.9653750770371106,8,1786.0,control,-0.003521074408247643,8.0,2252.0,dac,0.7763889141719457,8.0,1878.0,control,-0.024352705672580268,8.0,1717.0,control,-0.011623857207699057,8.0,1660.0,control,-0.015512830444988596,8.0
6,1825,control,0.004458928347015129,8,1662.0,control,-0.03904269745360198,8.0,1784.0,control,-0.014923679638206275,8.0,3185.0,gef,0.8962556993925583,8.0,3632.0,osi,0.5791219645827921,8.0,1633.0,control,-0.01851706481447175,8.0
7,880,afa,0.9319921512863177,8,1872.0,control,-0.041087687094765,8.0,1966.0,control,-0.021615022196160738,8.0,3068.0,gef,0.8453565211203031,8.0,3584.0,osi,0.9600002064130847,8.0,1916.0,control,0.023870556484866433,8.0
8,685,afa,0.9441250790143584,8,1167.0,alm,0.8425550605289955,8.0,1733.0,control,-0.018551173253067765,8.0,1925.0,control,-0.030146686907658163,8.0,1667.0,control,-0.024298888732604742,8.0,1718.0,control,-0.007392204097037204,8.0
9,1578,control,-0.004394269615474757,8,2055.0,control,-0.03825797385235991,8.0,2002.0,control,-0.019303236487107578,8.0,1997.0,control,-0.05438967665657817,8.0,3673.0,osi,0.9195820771336584,8.0,3751.0,vin,0.9073989015879319,8.0
10,952,afa,0.9490960675748624,8,2132.0,control,-0.03058666584797431,8.0,2854.0,dac,0.7676498841724576,8.0,1602.0,control,-0.05110993652704653,8.0,1923.0,control,-0.024149394283612437,8.0,1926.0,control,-0.007810355973295423,8.0
11,190,afa,0.9499949018191374,8,1648.0,control,-0.04001931303444026,8.0,2463.0,dac,0.773759036679953,8.0,2102.0,control,-0.04877632166355209,8.0,1981.0,control,-0.02406244503510821,8.0,1602.0,control,0.04345603801914711,8.0
12,903,afa,0.9560440402249992,8,2068.0,control,-0.04047843372312769,8.0,2179.0,dac,0.7641828997800257,8.0,1950.0,control,0.1382485761709135,8.0,1581.0,control,-0.027447913081548782,8.0,2103.0,control,-0.016171018607955143,8.0
13,1819,control,-0.026397449986407563,8,1456.0,alm,0.9306255576400921,8.0,2933.0,dac,0.7759645682321509,8.0,2989.0,gef,0.8891828320602122,8.0,1920.0,control,0.04868072412684572,8.0,1681.0,control,-0.009124344159893345,8.0
14,428,afa,0.966235792212548,8,1989.0,control,-0.008918823395961437,8.0,1958.0,control,-0.019761318924957236,8.0,2056.0,control,-0.05018814900608597,8.0,1732.0,control,-0.016304662784340767,8.0,1720.0,control,0.01278027577691205,8.0
15,1684,control,-0.016905922560411457,8,999.0,alm,0.7900822846580213,8.0,2910.0,dac,0.7733246569528387,8.0,1933.0,control,0.06718815126178546,8.0,2078.0,control,-0.01862035684134433,8.0,2065.0,control,-0.008227912220666796,8.0
16,613,afa,0.9436266295887473,8,1982.0,control,-0.023187481694442444,8.0,2003.0,control,-0.020925487576282154,8.0,3197.0,gef,0.8023709994579731,8.0,1593.0,control,-0.01431454777935515,8.0,1882.0,control,-0.0179173309496713,8.0
17,718,afa,0.9662665313110635,8,1429.0,alm,0.5419912269711011,8.0,1626.0,control,-0.01273016074006561,8.0,1631.0,control,-0.03770766788760605,8.0,1777.0,control,-0.018332307810945428,8.0,1764.0,control,0.04497957166420361,8.0
18,270,afa,0.9714143876848866,8,2095.0,control,-0.044094782266151905,8.0,1810.0,control,-0.020677637896338544,8.0,2029.0,control,0.06596432715665376,8.0,3687.0,osi,0.9481761023561452,8.0,2081.0,control,0.00046882699927297544,8.0
19,1977,control,-0.027162063091724423,8,1628.0,control,-0.04319047823023613,8.0,2220.0,dac,0.7654036709762203,8.0,3202.0,gef,0.7673313075694742,8.0,1986.0,control,-0.025275021696264766,8.0,1878.0,control,-0.011501623465936356,8.0
20,990,afa,0.959258356539159,8,1419.0,alm,0.9291993564654887,8.0,2808.0,dac,0.7726322132381083,8.0,1899.0,control,-0.04223665320896702,8.0,3544.0,osi,0.9687861475676297,8.0,1643.0,control,-0.007368915646209865,8.0
21,1872,control,-0.02437821512260814,8,1252.0,alm,0.9356393059662793,8.0,2944.0,dac,0.7748436227609768,8.0,1801.0,control,0.09634729132515307,8.0,3321.0,osi,0.9285541549173539,8.0,1990.0,control,-0.009031089100688828,8.0
22,95,afa,0.9614085888647073,8,1019.0,alm,0.5439591343243833,8.0,2868.0,dac,0.7761186830239564,8.0,3260.0,gef,0.9388418838595064,8.0,3737.0,osi,0.9712544103443821,8.0,1828.0,control,0.03222881198076645,8.0
23,678,afa,0.9585287922161079,8,2028.0,control,-0.003049508875193327,8.0,1568.0,control,-0.018846153557857265,8.0,1946.0,control,-0.019966497787949962,8.0,1564.0,control,-0.02700640572591307,8.0,1631.0,control,0.005047382352023656,8.0
24,1593,control,-0.02719900110406404,8,1234.0,alm,0.9534081826293087,8.0,1581.0,control,-0.02203975523858817,8.0,1772.0,control,-0.012724957176610846,8.0,3576.0,osi,0.9616715686756264,8.0,1729.0,control,0.006497394714174834,8.0
25,562,afa,0.8980371063307779,8,1716.0,control,-0.015380626470959387,8.0,2611.0,dac,0.7749718300602763,8.0,1702.0,control,0.036865985969453986,8.0,2096.0,control,-0.023095187238988717,8.0,1774.0,control,-0.01584397563046616,8.0
26,2095,control,-0.021203615664650566,8,1335.0,alm,0.9538430319517262,8.0,2444.0,dac,0.7738708278385599,8.0,1848.0,control,0.010769276877989224,8.0,3626.0,osi,0.8778632880088033,8.0,1797.0,control,-0.012135815997614983,8.0
27,246,afa,0.9661671509004044,8,1673.0,control,-0.03875367228205581,8.0,2778.0,dac,0.7677402797209306,8.0,3097.0,gef,0.8853116508066137,8.0,2135.0,control,-0.023038416168555523,8.0,1654.0,control,-0.0028312897172345503,8.0
28,703,afa,0.9672569728223324,8,1118.0,alm,0.9509186340147479,8.0,2257.0,dac,0.7757522185301527,8.0,1618.0,control,-0.03914285282823235,8.0,1962.0,control,-0.02588212831855221,8.0,1691.0,control,0.07030581860743357,8.0
29,611,afa,0.9708498313148083,8,1038.0,alm,0.9507276388970449,8.0,2490.0,dac,0.766473125957398,8.0,3245.0,gef,0.8042619083817066,8.0,3675.0,osi,0.9099194813336408,8.0,1772.0,control,0.016237781620074117,8.0
30,91,afa,0.9695223544244514,8,1241.0,alm,0.935262462775568,8.0,2342.0,dac,0.7219444014871966,8.0,1581.0,control,-0.049434871379057624,8.0,2006.0,control,-0.020428574060921682,8.0,1933.0,control,-0.014054192320579594,8.0
31,171,afa,0.9461864286194109,8,1707.0,control,-0.04252592976654221,8.0,2081.0,control,-0.02222152222533494,8.0,3086.0,gef,0.8644765592001327,8.0,3616.0,osi,0.8383328519130222,8.0,3837.0,vin,0.11811748463853067,8.0
32,743,afa,0.9684231272446078,8,1042.0,alm,0.9317169785572526,8.0,2222.0,dac,0.7524039006111448,8.0,3218.0,gef,0.9388344357920695,8.0,1714.0,control,0.04251856524513087,8.0,2020.0,control,-0.020500885752035514,8.0
33,729,afa,0.9471107526183835,8,1131.0,alm,0.949967483265098,8.0,1981.0,control,-0.01976298255682206,8.0,1637.0,control,-0.04806718142903378,8.0,3578.0,osi,0.959134784190559,8.0,1985.0,control,-0.008705995059997583,8.0
34,734,afa,0.9533687743077327,8,1935.0,control,-0.037547570395138695,8.0,2752.0,dac,0.6330796423878381,8.0,1952.0,control,0.0027979785754974687,8.0,1602.0,control,-0.020374792463168156,8.0,3836.0,vin,0.3884067775831016,8.0
35,2131,control,-0.025553290789407292,8,1772.0,control,-0.022622147456525618,8.0,2312.0,dac,0.4430451706194335,8.0,1701.0,control,0.11540848671342008,8.0,1937.0,control,0.03429956262996897,8.0,3874.0,vin,0.877589472962802,8.0
36,98,afa,0.970880669668757,8,1078.0,alm,0.9004199253683237,8.0,2559.0,dac,0.7768399965286329,8.0,1793.0,control,0.03187805854255018,8.0,3489.0,osi,0.9713876148247348,8.0,1873.0,control,-0.018518407658108527,8.0
37,385,afa,0.9710227687440139,8,1489.0,alm,0.9549841968731696,8.0,2386.0,dac,0.7732340933951213,8.0,1616.0,control,-0.05378797671586548,8.0,1702.0,control,-0.026112865953897946,8.0,1807.0,control,-0.014755076786581505,8.0
38,1832,control,-0.007354716580308798,8,1985.0,control,-0.03592227874544349,8.0,2235.0,dac,0.7697071523165279,8.0,3176.0,gef,0.8144800111352147,8.0,3359.0,osi,0.9539634058913965,8.0,3769.0,vin,0.874476538202711,8.0
39,436,afa,0.9594001377271624,8,1391.0,alm,0.937917956210062,8.0,2032.0,control,0.0984631072519507,8.0,3082.0,gef,0.8746222459923239,8.0,1626.0,control,-0.02467637996309147,8.0,1595.0,control,0.023874306578117337,8.0
40,1971,control,0.24968400940668098,8,1364.0,alm,0.9215914354431392,8.0,1897.0,control,0.0392346051362891,8.0,1916.0,control,-0.027185334522642303,8.0,3388.0,osi,0.9051761720141963,8.0,3815.0,vin,0.7487481055367041,8.0
41,106,afa,0.9700146388554275,8,1158.0,alm,0.945178400807499,8.0,1731.0,control,0.0037611823266724964,8.0,3076.0,gef,0.9148656786321068,8.0,3598.0,osi,0.6775573087847674,8.0,1562.0,control,-0.015004483849887692,8.0
42,402,afa,0.9702943266077101,8,1377.0,alm,0.9422682298664488,8.0,2573.0,dac,0.775825492462651,8.0,3238.0,gef,0.6236115431255036,8.0,2091.0,control,-0.0036027944785691005,8.0,1801.0,control,0.045229935202857514,8.0
43,774,afa,0.9683810301356693,8,1375.0,alm,0.910568500444305,8.0,2182.0,dac,0.7718318409531675,8.0,3295.0,gef,0.858264963663431,8.0,3408.0,osi,0.9705201889162075,8.0,2087.0,control,-0.01160136540781652,8.0
44,895,afa,0.9647259777221634,8,1763.0,control,-0.03537606487428253,8.0,2295.0,dac,0.7704087972116718,8.0,1669.0,control,-0.010062953503257893,8.0,3511.0,osi,0.9379726495069511,8.0,3790.0,vin,0.9053034514936483,8.0
45,1540,control,0.010740119244887065,8,1160.0,alm,0.9456551633183106,8.0,2346.0,dac,0.7344852595625361,8.0,1944.0,control,-0.038929607686044344,8.0,1729.0,control,0.3174561828423149,8.0,1677.0,control,-0.0070090757361961804,8.0
46,2111,control,-0.019978472058471745,8,1558.0,control,-0.031607412893976214,8.0,2949.0,dac,0.7768882177894741,8.0,1824.0,control,0.11667664267401207,8.0,1748.0,control,0.012618920472107234,8.0,1889.0,control,-0.011450939187986708,8.0
47,1932,control,0.005389580300873328,8,1283.0,alm,0.954431854782783,8.0,2503.0,dac,0.6148773383457081,8.0,1962.0,control,0.4678049392863493,8.0,2166.0,control,-0.015816593000211134,8.0,1904.0,control,0.038303405508621706,8.0
48,1857,control,-0.016781187232105445,8,2004.0,control,-0.0431023462913409,8.0,1903.0,control,0.0038250212651060322,8.0,1593.0,control,-0.048902962374974476,8.0,1952.0,control,0.04270294536541591,8.0,3885.0,vin,0.6974734703157884,8.0
49,1657,control,-0.027354047608307955,8,1231.0,alm,0.6997773552301916,8.0,2650.0,dac,0.7388973328198642,8.0,3292.0,gef,0.9191910660290218,8.0,1687.0,control,0.006863110887780952,8.0,3905.0,vin,0.9702554738014547,8.0
50,1943,control,-0.02615259285417968,8,1277.0,alm,0.9254665008458052,8.0,2184.0,dac,0.7749709571863744,8.0,1729.0,control,0.15396431182160836,8.0,3740.0,osi,0.9610613922241367,8.0,1868.0,control,-0.020053012111876406,8.0
51,1961,control,-0.027318479037005974,8,1239.0,alm,0.9500411700020487,8.0,2539.0,dac,0.7756409200404966,8.0,3211.0,gef,0.5468644981470236,8.0,2103.0,control,-0.02379914506980424,8.0,1714.0,control,0.004855184124944779,8.0
52,935,afa,0.8944297866177843,8,1488.0,alm,0.9436136641202411,8.0,1544.0,control,-0.022354035038947007,8.0,3223.0,gef,0.5091515001565973,8.0,1985.0,control,-0.022501911521636626,8.0,1958.0,control,0.010071957489607451,8.0
53,510,afa,0.9700806390168706,8,1210.0,alm,0.8919224434942408,8.0,1531.0,control,-0.01779745435717467,8.0,1782.0,control,-0.025955497754627462,8.0,3406.0,osi,0.9661101829991807,8.0,1902.0,control,0.004271827255039669,8.0
54,1973,control,-0.014358800319187506,8,1172.0,alm,0.9537472760393325,8.0,1993.0,control,-0.021517466273355296,8.0,2955.0,gef,0.8697024540133622,8.0,1568.0,control,-0.027397939851074117,8.0,3818.0,vin,0.9719441033977706,8.0
55,323,afa,0.9550976430794774,8,1204.0,alm,0.9246272424552738,8.0,2213.0,dac,0.7744191278621307,8.0,1990.0,control,-0.04672426786756144,8.0,1669.0,control,-0.0234922899365982,8.0,1972.0,control,-0.012980611713220885,8.0
56,509,afa,0.9255933349500578,8,1413.0,alm,0.8667696294972929,8.0,2352.0,dac,0.7769066112807563,8.0,2078.0,control,-0.027320340105648645,8.0,3693.0,osi,0.9457752183488086,8.0,3768.0,vin,0.9747070602660521,8.0
57,961,afa,0.7338378903144162,8,2083.0,control,-0.04353724278869957,8.0,2657.0,dac,0.7635234037886082,8.0,2127.0,control,-0.04072638309053063,8.0,3470.0,osi,0.9171802195635123,8.0,1783.0,control,-0.0053990429949209995,8.0
58,2010,control,0.034442865624656524,8,1952.0,control,-0.0354486632625621,8.0,1636.0,control,-0.00564390271155632,8.0,3313.0,gef,0.9395192771977687,8.0,1845.0,control,0.04235788606720581,8.0,1920.0,control,0.01393182631220239,8.0
59,1966,control,-0.02716331501596745,8,1417.0,alm,0.9381141227218788,8.0,2908.0,dac,0.7676697634195082,8.0,1550.0,control,-0.045221825226468046,8.0,3454.0,osi,0.9606687884842753,8.0,1710.0,control,-0.007723618747927057,8.0
60,492,afa,0.9718984871308007,8,1666.0,control,-0.003763564368174238,8.0,2433.0,dac,0.7693558347274984,8.0,1728.0,control,0.11099788344911266,8.0,3734.0,osi,0.9695401610684637,8.0,3788.0,vin,0.9696433284593798,8.0
61,926,afa,0.9402113005069344,8,1686.0,control,-0.030766298300542623,8.0,2304.0,dac,0.7654877798052351,8.0,3136.0,gef,0.8059195954450799,8.0,2002.0,control,-0.026329931592599512,8.0,1656.0,control,0.005828653216400616,8.0
62,1682,control,-0.00398269368069,8,1758.0,control,0.015457311967191717,8.0,1910.0,control,-0.010136836106802966,8.0,1949.0,control,0.13296491288679005,8.0,1789.0,control,-0.02725230786338781,8.0,1658.0,control,0.04839379266754249,8.0
63,2136,control,-0.02465539188902486,8,1899.0,control,0.3123832694672794,8.0,2875.0,dac,0.7754997346465532,8.0,3032.0,gef,0.8894849361824015,8.0,3350.0,osi,0.9577819836285546,8.0,1581.0,control,-0.009465296913879533,8.0
64,607,afa,0.9547150955650806,8,1361.0,alm,0.9514364212963543,8.0,2417.0,dac,0.7530305636710319,8.0,1717.0,control,0.4222915492412215,8.0,3599.0,osi,0.8871974166675836,8.0,3800.0,vin,0.9583957170442728,8.0
65,1784,control,-0.01573301281069537,8,1621.0,control,-0.03551799288142727,8.0,1771.0,control,-0.02220832327147458,8.0,2098.0,control,-0.016280876502439576,8.0,3377.0,osi,0.888872467863768,8.0,1969.0,control,0.020210424164087824,8.0
66,660,afa,0.9667810764819461,8,1293.0,alm,0.9495049422759512,8.0,2099.0,control,-0.01762288520058297,8.0,2036.0,control,-0.04916822024816738,8.0,1874.0,control,-0.003248613171210786,8.0,2069.0,control,-0.015927276023417702,8.0
67,838,afa,0.9710514816829684,8,1256.0,alm,0.9011858574631557,8.0,2520.0,dac,0.7765495647920387,8.0,1755.0,control,-0.041656875038362885,8.0,1902.0,control,-0.007705139284568407,8.0,3759.0,vin,0.9635754402132349,8.0
68,1858,control,-0.018299015606422712,8,1325.0,alm,0.9412342743680949,8.0,2492.0,dac,0.7368133078059945,8.0,1748.0,control,-0.03099600325569776,8.0,1950.0,control,0.28345568291752066,8.0,1925.0,control,-0.012451874930994134,8.0
69,768,afa,0.9572821322731268,8,1676.0,control,-0.041859787030052435,8.0,2524.0,dac,0.7759367383458008,8.0,1855.0,control,0.0591939921179099,8.0,3502.0,osi,0.9658715600039877,8.0,3864.0,vin,0.9243382025209137,8.0
70,783,afa,0.9717850226615549,8,1268.0,alm,0.9398389306029047,8.0,2125.0,control,-0.006227011061523541,8.0,2069.0,control,-0.02796161810406733,8.0,3545.0,osi,0.9214631676804523,8.0,1678.0,control,-0.0027408103851685565,8.0
71,459,afa,0.9686688029634953,8,1891.0,control,0.0958727003213673,8.0,1622.0,control,-0.022482518554709174,8.0,3201.0,gef,0.8117398717769941,8.0,2020.0,control,-0.02814371549447862,8.0,2003.0,control,-0.005608937981078407,8.0
72,102,afa,0.9681977891969182,8,1790.0,control,0.07654148784012418,8.0,2566.0,dac,0.7746393401711386,8.0,1678.0,control,0.025710356953401785,8.0,3369.0,osi,0.9455779359587793,8.0,1876.0,control,-0.019892938912985127,8.0
73,551,afa,0.9631624255275353,8,1950.0,control,-0.03456979141289815,8.0,1642.0,control,-0.020430290447543215,8.0,3222.0,gef,0.5273656657026344,8.0,3555.0,osi,0.9632458104301782,8.0,1826.0,control,0.03322105118525877,8.0
74,1937,control,-0.01514118948866683,8,1337.0,alm,0.9532154645727302,8.0,2680.0,dac,0.7507612913164864,8.0,1797.0,control,-0.03787418660025135,8.0,1745.0,control,-0.0102417324282318,8.0,1903.0,control,-0.005676412905536835,8.0
75,566,afa,0.9701133873750089,8,1742.0,control,-0.022357585997015223,8.0,2057.0,control,-0.016594403145318015,8.0,3088.0,gef,0.9257264100534388,8.0,2069.0,control,-0.024874162574557688,8.0,1879.0,control,-0.018029840234045445,8.0
76,225,afa,0.9638886143583009,8,2097.0,control,-0.03984125229765944,8.0,1677.0,control,-0.022475129918382367,8.0,1970.0,control,0.1099204682800895,8.0,3481.0,osi,0.942807555220817,8.0,2108.0,control,-0.018289626514570504,8.0
77,262,afa,0.875524314734277,8,1433.0,alm,0.9501500392602431,8.0,2816.0,dac,0.7756716719910384,8.0,1551.0,control,0.022809094643991397,8.0,1774.0,control,0.010363048849652313,8.0,3882.0,vin,0.9121231778797835,8.0
78,955,afa,0.9436010031360291,8,1903.0,control,0.008522588620428054,8.0,2098.0,control,0.016338715116905295,8.0,3239.0,gef,0.46284152191031985,8.0,3517.0,osi,0.9657466991107783,8.0,3871.0,vin,0.9634167074464743,8.0
79,105,afa,0.9671525646470376,8,1604.0,control,0.014136484392120743,8.0,2292.0,dac,0.7708942220222986,8.0,3298.0,gef,0.9369699869627978,8.0,3551.0,osi,0.9469635543894604,8.0,1588.0,control,0.053779795094904,8.0
80,518,afa,0.9319715217497934,8,1104.0,alm,0.6927094548031245,8.0,1782.0,control,0.050066141650513096,8.0,3199.0,gef,0.7711272077532314,8.0,3597.0,osi,0.9616649215781286,8.0,1543.0,control,-0.016664966332423276,8.0
81,1620,control,-0.019054218236842304,8,2153.0,control,-0.044227279731502506,8.0,1932.0,control,0.004010272623101857,8.0,1732.0,control,-0.0011848470476750958,8.0,2114.0,control,-0.023234484410004638,8.0,1692.0,control,0.010563995157292824,8.0
82,833,afa,0.955849513275994,8,1809.0,control,-0.04349640464303259,8.0,2260.0,dac,0.7758241350502716,8.0,2146.0,control,-0.047749687778718575,8.0,1804.0,control,-0.02556556383665738,8.0,2091.0,control,0.043438761251366066,8.0
83,279,afa,0.9713162951956676,8,1059.0,alm,0.9475596859276456,8.0,1652.0,control,-0.022057135983686443,8.0,3083.0,gef,0.869090865429574,8.0,3602.0,osi,0.9405068276831205,8.0,2078.0,control,-0.006878131484859674,8.0
84,1886,control,-0.024660268176244674,8,1724.0,control,-0.010713757423146904,8.0,2215.0,dac,0.7738525435038484,8.0,3053.0,gef,0.6886652306482157,8.0,1692.0,control,0.005652029542384682,8.0,1931.0,control,-0.009038703338733769,8.0
85,2105,control,-0.01968676878752356,8,1399.0,alm,0.9289800793502093,8.0,2225.0,dac,0.7742532131098107,8.0,1659.0,control,-0.05451954111680701,8.0,3462.0,osi,0.8772384288497719,8.0,2075.0,control,-0.01455150703658033,8.0
86,242,afa,0.9330488151420874,8,1271.0,alm,0.7423586254128434,8.0,2410.0,dac,0.7707940634367333,8.0,2103.0,control,-0.04917239058691574,8.0,3622.0,osi,0.8848391788668366,8.0,3797.0,vin,0.9318563826434518,8.0
87,616,afa,0.9690963339009977,8,1224.0,alm,0.9544184608614363,8.0,1750.0,control,-0.010504986722027376,8.0,3030.0,gef,0.907479398305784,8.0,2145.0,control,-0.027888718887469518,8.0,1846.0,control,-0.017821821999761983,8.0
88,688,afa,0.9667443715602034,8,1047.0,alm,0.9458696775324504,8.0,1837.0,control,-0.019246298589803562,8.0,3162.0,gef,0.9037459849260939,8.0,1944.0,control,-0.009120644311858366,8.0,2093.0,control,-0.01018301081583009,8.0
89,2145,control,-0.02485868426615752,8,1807.0,control,-0.04288838798518126,8.0,1789.0,control,-0.02150034838029158,8.0,2145.0,control,-0.04983192385373736,8.0,1656.0,control,-0.009673841206591628,8.0,2006.0,control,-0.012811378903288326,8.0
90,338,afa,0.9694932732275109,8,1046.0,alm,0.9532071635654596,8.0,1952.0,control,0.029986426491877965,8.0,3134.0,gef,0.903392955400862,8.0,3583.0,osi,0.9109757340317662,8.0,1922.0,control,-0.006665504835612252,8.0
91,593,afa,0.9665611910258837,8,1975.0,control,-0.03878020613599957,8.0,1611.0,control,-0.000596953934938721,8.0,2951.0,gef,0.8615538892586252,8.0,3588.0,osi,0.9291190224602982,8.0,2169.0,control,-0.017506911813276512,8.0
92,767,afa,0.9663778234933428,8,1939.0,control,-0.029359492034255804,8.0,2259.0,dac,0.7722595616928342,8.0,1661.0,control,-0.04998757461257158,8.0,3692.0,osi,0.9627555515946047,8.0,3804.0,vin,0.9729109467479793,8.0
93,511,afa,0.9479844247886543,8,1537.0,control,-0.037893731117720514,8.0,2275.0,dac,0.7694357875530229,8.0,1813.0,control,-0.047502840730522806,8.0,3427.0,osi,0.967681823868859,8.0,1534.0,control,-0.011700031803997705,8.0
94,283,afa,0.9719242536515414,8,1602.0,control,-0.031149451862317365,8.0,2739.0,dac,0.7276255163234071,8.0,3151.0,gef,0.8898417017665423,8.0,3552.0,osi,0.9583185232108392,8.0,2007.0,control,-0.019556294282312942,8.0
95,2004,control,-0.025505750557691446,8,1455.0,alm,0.6340784801513448,8.0,2131.0,control,-0.021170024582209013,8.0,1986.0,control,-0.054009272201530394,8.0,3689.0,osi,0.9657872337678056,8.0,1992.0,control,-0.015114862989190687,8.0
96,823,afa,0.9682289765317262,8,2056.0,control,-0.042230260495388604,8.0,2287.0,dac,0.7455643573532996,8.0,3056.0,gef,0.8942572245593594,8.0,3322.0,osi,0.9277079749490776,8.0,1844.0,control,-0.018873125561314447,8.0
97,1890,control,-0.02027513312024498,8,1457.0,alm,0.9517116325347712,8.0,2403.0,dac,0.7413431089343386,8.0,1667.0,control,-0.05423792260464083,8.0,1691.0,control,0.0569432322221311,8.0,1628.0,control,-0.01721921895353315,8.0
98,156,afa,0.9465343765977002,8,1595.0,control,-0.004698123039703933,8.0,2249.0,dac,0.7747718339787292,8.0,3110.0,gef,0.9026703569221429,8.0,3534.0,osi,0.9682491557254956,8.0,1987.0,control,0.01991185741509348,8.0
99,230,afa,0.9680731270765205,8,1915.0,control,0.06653275468284403,8.0,1997.0,control,-0.02226005850596796,8.0,3192.0,gef,0.9080539105274475,8.0,1754.0,control,0.15288067943197572,8.0,2077.0,control,-0.015869038062231007,8.0
100,315,afa,0.8799903779014412,8,1938.0,control,-0.039473571997695404,8.0,2642.0,dac,0.7730078497941932,8.0,1665.0,control,-0.05268794215572221,8.0,2015.0,control,-0.020281688182267003,8.0,2141.0,control,-0.00860288413306695,8.0
101,1891,control,-0.014645191669827452,8,1496.0,alm,0.7629414861967576,8.0,2550.0,dac,0.7755329135987593,8.0,2015.0,control,-0.052163419544990854,8.0,3391.0,osi,0.7948984944566221,8.0,2089.0,control,-0.008820822160949164,8.0
102,1724,control,0.11173749717079398,8,1326.0,alm,0.9503126318356201,8.0,1718.0,control,-0.007617812475728847,8.0,1854.0,control,-0.040488203544885124,8.0,2089.0,control,0.0600128734442843,8.0,1784.0,control,-0.016733108905354396,8.0
103,899,afa,0.9681869072954364,8,1060.0,alm,0.9411566165713116,8.0,1631.0,control,-0.013510569132523562,8.0,1687.0,control,0.020023088027452764,8.0,3508.0,osi,0.9665139387504397,8.0,1928.0,control,0.15204952102808017,8.0
104,1851,control,-0.02474979617300961,8,1472.0,alm,0.9462982093839483,8.0,1950.0,control,0.12697416429568972,8.0,3022.0,gef,0.9225860560815339,8.0,3493.0,osi,0.9632193594878053,8.0,3833.0,vin,0.9749291967079302,8.0
105,2126,control,0.005810362937776103,8,1833.0,control,-0.025085053853216174,8.0,1825.0,control,0.005247517377962252,8.0,3209.0,gef,0.9322068099086235,8.0,1690.0,control,-0.02589175632227653,8.0,3843.0,vin,0.9613042226335416,8.0
106,404,afa,0.9708174650268172,8,1387.0,alm,0.9005236672936671,8.0,1920.0,control,0.17848480160488475,8.0,1804.0,control,-0.05023977211705891,8.0,1990.0,control,-0.018703784158259316,8.0,3823.0,vin,0.9361779049417918,8.0
107,727,afa,0.96817954887703,8,1836.0,control,-0.03591966192103939,8.0,2013.0,control,-0.020590830189355702,8.0,2093.0,control,0.005998007019403541,8.0,2095.0,control,-0.02239178811377806,8.0,1651.0,control,-0.006180878791904869,8.0
108,1544,control,-0.02714591349973712,8,1520.0,alm,0.9434759656482009,8.0,1882.0,control,-0.005857718526097705,8.0,2159.0,control,-0.04220201780264296,8.0,3658.0,osi,0.970917651333711,8.0,1538.0,control,0.010556667489506122,8.0
109,1584,control,-0.024992782282356775,8,1480.0,alm,0.9388812641339738,8.0,1661.0,control,-0.018522638274531003,8.0,1889.0,control,0.02630221659128868,8.0,3736.0,osi,0.9656590100036742,8.0,1981.0,control,0.006893521850028714,8.0
110,842,afa,0.9667182872285499,8,2150.0,control,0.024519951947117223,8.0,2007.0,control,-0.021685606788742345,8.0,3172.0,gef,0.9293957608045984,8.0,2041.0,control,-0.02521120294765407,8.0,3880.0,vin,0.8671922267681866,8.0
111,1702,control,0.10619517122102565,8,1063.0,alm,0.9445526218120658,8.0,2678.0,dac,0.7761052636542325,8.0,1845.0,control,0.6384381215075546,8.0,3536.0,osi,0.9699582875473282,8.0,3757.0,vin,0.8494922878897733,8.0
112,1889,control,-0.01913175978484965,8,2039.0,control,-0.04197182560258516,8.0,2947.0,dac,0.7770909538009289,8.0,2077.0,control,-0.031809301983927236,8.0,1637.0,control,0.1823530878410134,8.0,1798.0,control,0.00857811018750575,8.0
113,610,afa,0.9530097945635709,8,1317.0,alm,0.9349782567504262,8.0,2617.0,dac,0.7661414968441691,8.0,1577.0,control,-0.01623736169491949,8.0,1969.0,control,-0.00800451218033808,8.0,1989.0,control,0.011097844787628257,8.0
114,1534,control,-0.018094067957259034,8,2062.0,control,-0.04159916698809027,8.0,2169.0,control,-0.01994038721507481,8.0,2040.0,control,0.1696215343498645,8.0,2093.0,control,-0.005540774124745507,8.0,2096.0,control,-0.013924622059619841,8.0
115,793,afa,0.9633437379453068,8,1990.0,control,-0.0401138894171201,8.0,1856.0,control,-0.02112390126755577,8.0,1771.0,control,-0.05418837200580629,8.0,3471.0,osi,0.9067169584148499,8.0,2040.0,control,-0.00024955065282595765,8.0
116,1893,control,-0.026074602365579503,8,1212.0,alm,0.9155021190982372,8.0,2470.0,dac,0.6522997858085553,8.0,1691.0,control,-0.027416923255295003,8.0,3629.0,osi,0.7820867710796797,8.0,1861.0,control,-0.019676931258037236,8.0
117,746,afa,0.9701792013482041,8,1647.0,control,-0.03392715794437859,8.0,2441.0,dac,0.7625409389000196,8.0,3312.0,gef,0.89554307073012,8.0,1801.0,control,-0.02105042510919515,8.0,1667.0,control,-0.005889965543424731,8.0
118,1781,control,-0.021020039120590077,8,2073.0,control,-0.04121928053705536,8.0,1922.0,control,-0.0029812092451720618,8.0,3025.0,gef,0.8465795081089736,8.0,3438.0,osi,0.8760335394309933,8.0,2035.0,control,-0.01040565757491237,8.0
119,1935,control,-0.024653916699892323,8,1039.0,alm,0.9526945442290701,8.0,2267.0,dac,0.7627755090614301,8.0,1653.0,control,-0.05269950180577543,8.0,2056.0,control,-0.016118307231546624,8.0,2039.0,control,-0.015091836011007168,8.0
120,1686,control,0.0103010565112714,8,1324.0,alm,0.9504005609130837,8.0,1926.0,control,-0.0039028313290314642,8.0,1745.0,control,-0.034161055491793955,8.0,1642.0,control,-0.026502601700291794,8.0,1897.0,control,0.0029084214101564934,8.0
121,644,afa,0.9718859562948624,8,1215.0,alm,0.9509810267871759,8.0,2615.0,dac,0.7758255648407674,8.0,2091.0,control,-0.032699003937931445,8.0,1582.0,control,0.007058893576707366,8.0,1824.0,control,0.011936532072517013,8.0
122,224,afa,0.9722831460785931,8,1695.0,control,-0.04396413401666676,8.0,2847.0,dac,0.7761673038732783,8.0,1654.0,control,-0.05131120385012046,8.0,2146.0,control,-0.02776798114109239,8.0,3839.0,vin,0.7437704624325869,8.0
123,26,afa,0.9710767022886942,8,1568.0,control,-0.02967173483658225,8.0,2734.0,dac,0.7670786154151057,8.0,3289.0,gef,0.7581598914330112,8.0,1933.0,control,0.0077169139912322965,8.0,1570.0,control,0.030947639838517185,8.0
124,253,afa,0.9680716951558389,8,1571.0,control,0.3905098818688505,8.0,2368.0,dac,0.6288268548922696,8.0,3004.0,gef,0.9272556371545634,8.0,1824.0,control,-0.01411651889473992,8.0,2068.0,control,-0.010179051662940513,8.0
125,32,afa,0.9489265265227339,8,2090.0,control,-0.03312513117949034,8.0,1909.0,control,-0.019110412594929835,8.0,2135.0,control,-0.0487785081500803,8.0,3467.0,osi,0.5860759695338342,8.0,1736.0,control,0.011894840145490436,8.0
126,134,afa,0.9721969694744416,8,1515.0,alm,0.7955190901730398,8.0,2187.0,dac,0.775153977985805,8.0,1926.0,control,-0.04900527962610588,8.0,3569.0,osi,0.9665405109249907,8.0,3796.0,vin,0.926408087666564,8.0
127,122,afa,0.9663729917209485,8,1610.0,control,-0.02839576467959956,8.0,2929.0,dac,0.7547746066716056,8.0,1826.0,control,0.357037719478309,8.0,1577.0,control,-0.026917484104873275,8.0,2023.0,control,-0.0071224599693573455,8.0
128,504,afa,0.8973336426250282,8,1841.0,control,-0.04257465107196167,8.0,1687.0,control,-0.00028137549128545714,8.0,1611.0,control,-0.0537665023874079,8.0,1873.0,control,-0.025169001757587052,8.0,1855.0,control,-0.01934477965106089,8.0
129,1766,control,-0.010310188397706612,8,1538.0,control,0.029535088239393124,8.0,1538.0,control,-0.019807875609956546,8.0,1630.0,control,-0.03798214101862571,8.0,1848.0,control,-0.02380822491586444,8.0,1750.0,control,-0.00240141178764524,8.0
130,836,afa,0.9530345495928338,8,1274.0,alm,0.9526400035195952,8.0,1754.0,control,0.028718650745672425,8.0,1783.0,control,-0.029541373316862615,8.0,1970.0,control,0.05223893631149204,8.0,1731.0,control,0.00545917092630643,8.0
131,1691,control,0.01008550660666745,8,2142.0,control,-0.044314332835189145,8.0,1986.0,control,-0.02211353035239752,8.0,3055.0,gef,0.9183981335746799,8.0,1797.0,control,-0.02336793812460288,8.0,3852.0,vin,0.963630517009656,8.0
132,1650,control,-0.026855822362307904,8,2036.0,control,-0.03469999128006131,8.0,2083.0,control,-0.021455038937633175,8.0,2993.0,gef,0.91966731002651,8.0,3722.0,osi,0.9599096232147712,8.0,2135.0,control,0.0005401421525722816,8.0
133,726,afa,0.9693214724425337,8,1999.0,control,0.0622185663300013,8.0,2025.0,control,-0.021950902471453648,8.0,2096.0,control,-0.0010086058050606111,8.0,1793.0,control,-0.022496190725752006,8.0,2086.0,control,0.005713148501528566,8.0
134,745,afa,0.9697234302488288,8,1136.0,alm,0.9158840676269396,8.0,2822.0,dac,0.7753185746748055,8.0,1646.0,control,-0.052188238264061486,8.0,1701.0,control,-0.025732547224755518,8.0,1946.0,control,-0.005320296653433629,8.0
135,1777,control,-0.021309205013825185,8,2114.0,control,-0.019033547920202617,8.0,1674.0,control,-0.02126717860171952,8.0,1834.0,control,-0.013479570168643651,8.0,2075.0,control,-0.006287216832831,8.0,1909.0,control,-0.018829494551418968,8.0
136,1660,control,0.0587828518995987,8,1563.0,control,0.7015803456972748,8.0,1987.0,control,-0.01328130367237712,8.0,1882.0,control,-0.013442444026839556,8.0,3428.0,osi,0.965773965840334,8.0,1755.0,control,0.0065239679769848805,8.0
137,1707,control,0.023283548316178643,8,1311.0,alm,0.9521873858602994,8.0,2199.0,dac,0.7457227144911528,8.0,1770.0,control,-0.04535914375558418,8.0,3382.0,osi,0.9317934553467474,8.0,3865.0,vin,0.9057882839180316,8.0
138,1755,control,-0.01754735466512969,8,1693.0,control,-0.012046123393978057,8.0,1582.0,control,-0.020794887616945618,8.0,1722.0,control,0.48638819343693623,8.0,2057.0,control,-0.019858090743672153,8.0,2146.0,control,-0.016113561783591007,8.0
139,784,afa,0.9664750774964147,8,1348.0,alm,0.9466645134425966,8.0,1717.0,control,0.013808958623005074,8.0,1538.0,control,-0.03729224581025707,8.0,2098.0,control,0.007888626574619237,8.0,2154.0,control,-0.012774868612096901,8.0
140,567,afa,0.9577444921838082,8,2120.0,control,-0.0401095331790358,8.0,1949.0,control,-0.008493372909661928,8.0,1718.0,control,0.4493694156373021,8.0,3540.0,osi,0.9681046287926833,8.0,1577.0,control,-0.016985257864126097,8.0
141,1954,control,0.008448353137915341,8,1656.0,control,-0.012083572583976986,8.0,2593.0,dac,0.754107870756915,8.0,1658.0,control,-0.0057186515817739605,8.0,1551.0,control,-0.024700905768597792,8.0,2145.0,control,0.025719393109987124,8.0
142,769,afa,0.9645908520673732,8,1694.0,control,-0.01812884349502086,8.0,1669.0,control,-0.018342557025076214,8.0,1825.0,control,-0.0315920492046938,8.0,1899.0,control,-0.011429226787418152,8.0,3762.0,vin,0.9549793400749048,8.0
143,828,afa,0.9663640969292636,8,2030.0,control,0.02418719536303416,8.0,2040.0,control,0.0929955244663577,8.0,3152.0,gef,0.9346160764831147,8.0,2029.0,control,0.1379571564791376,8.0,1782.0,control,-0.01367156127010451,8.0
144,80,afa,0.9707805824729477,8,1357.0,alm,0.9291849642246583,8.0,1918.0,control,-0.013643371512600741,8.0,1656.0,control,-0.05288234937916646,8.0,3667.0,osi,0.9179515792720571,8.0,2098.0,control,-0.0050261809228742335,8.0
145,2147,control,-0.027159419494926798,8,1770.0,control,0.01179141466806613,8.0,2784.0,dac,0.7695609123941506,8.0,3069.0,gef,0.20739040862363745,8.0,1946.0,control,-0.00019983710603340213,8.0,1910.0,control,-0.0002657555996715445,8.0
146,1816,control,-0.007987690294961693,8,1757.0,control,0.03357544593360063,8.0,1745.0,control,-0.014879671678145592,8.0,1633.0,control,-0.053653115379589576,8.0,3533.0,osi,0.9641933781541865,8.0,1771.0,control,-0.016586611769762945,8.0
147,1835,control,-0.019278584250559352,8,2165.0,control,-0.03389589468010658,8.0,1854.0,control,0.04654354238440919,8.0,2092.0,control,0.0030420561799116286,8.0,3367.0,osi,0.9099762101819547,8.0,1936.0,control,-0.016912112741656913,8.0
148,1990,control,-0.020205522880399476,8,1557.0,control,-0.03248299847072451,8.0,2358.0,dac,0.5157082898397528,8.0,3282.0,gef,0.8671880171041008,8.0,3409.0,osi,0.9674093932457085,8.0,2056.0,control,0.020499349921966246,8.0
149,462,afa,0.9647443779871575,8,1018.0,alm,0.8077537182313816,8.0,2633.0,dac,0.7621436196024386,8.0,2157.0,control,-0.05369011794236365,8.0,1925.0,control,-0.011986574774498531,8.0,1616.0,control,0.012656443421260037,8.0
150,147,afa,0.9697949734244294,8,2156.0,control,-0.033188820799652366,8.0,1861.0,control,-0.01935887838507172,8.0,3028.0,gef,0.9352770625955824,8.0,1810.0,control,-0.021002859653655608,8.0,2013.0,control,-0.007290375327448761,8.0
151,121,afa,0.9205808063915843,8,1754.0,control,0.0041903064401915616,8.0,2579.0,dac,0.770110368901796,8.0,1777.0,control,-0.04220790671309679,8.0,1771.0,control,-0.027423184340030052,8.0,1636.0,control,-0.0120283934181693,8.0
152,885,afa,0.9349210289149599,8,1733.0,control,-0.03835640818865348,8.0,2451.0,dac,0.6221854215345239,8.0,1861.0,control,-0.024633947633460235,8.0,1882.0,control,-0.01543141550332749,8.0,1564.0,control,0.007040225111311235,8.0
153,48,afa,0.9472885248786178,8,2092.0,control,-0.03540221446469713,8.0,2495.0,dac,0.7527506922157362,8.0,1994.0,control,-0.04096369176769938,8.0,3538.0,osi,0.9674056947471862,8.0,3890.0,vin,0.9746000642411815,8.0
154,112,afa,0.8997564569274261,8,1176.0,alm,0.7185855656725862,8.0,2803.0,dac,0.7707184936508723,8.0,3189.0,gef,0.18264822566595962,8.0,3735.0,osi,0.9651231456549949,8.0,1813.0,control,-0.010223058887217678,8.0
155,166,afa,0.9559398588847317,8,1534.0,control,0.42486165587241476,8.0,2551.0,dac,0.7710059857646935,8.0,2005.0,control,-0.0536473864603176,8.0,1677.0,control,-0.003643450887682552,8.0,3776.0,vin,0.9302850276661724,8.0
156,2005,control,-0.02353310868819014,8,1981.0,control,-0.043716284875267235,8.0,1570.0,control,-0.020957156914550135,8.0,3236.0,gef,0.45846033506708767,8.0,3572.0,osi,0.9685528632434242,8.0,1839.0,control,-0.012906067069502421,8.0
157,643,afa,0.9528866702992219,8,1895.0,control,0.06314497321881721,8.0,1991.0,control,-0.02054655668950829,8.0,1660.0,control,-0.01622552264827696,8.0,1825.0,control,0.004985923964721403,8.0,3867.0,vin,0.9335575817975695,8.0
158,387,afa,0.9699730575749302,8,1341.0,alm,0.9439256988564482,8.0,2029.0,control,0.14265186917946324,8.0,1903.0,control,-0.03509038375415249,8.0,3452.0,osi,0.970456995230671,8.0,3862.0,vin,0.8525023252199558,8.0
159,962,afa,0.9493159136800163,8,1026.0,alm,0.9508935687297794,8.0,2447.0,dac,0.7748636491736955,8.0,2166.0,control,0.007708178007042328,8.0,1550.0,control,-0.021804260586086133,8.0,3771.0,vin,0.9510279769502544,8.0
160,2068,control,-0.025783059104307383,8,1469.0,alm,0.9425024544561613,8.0,2039.0,control,-0.02157223802945943,8.0,1874.0,control,0.36922193979929185,8.0,1728.0,control,0.009751937826852575,8.0,1915.0,control,-0.010550889817699565,8.0
161,2061,control,-0.023980414948494656,8,1169.0,alm,0.9407771372861153,8.0,1737.0,control,0.1115076472559342,8.0,3244.0,gef,0.9070560214375712,8.0,1770.0,control,-0.021694762731432834,8.0,2032.0,control,0.010244311748185825,8.0
162,556,afa,0.9683482172714875,8,2014.0,control,-0.039917524208297854,8.0,1761.0,control,0.040663523758465187,8.0,3155.0,gef,0.9441426223955416,8.0,1565.0,control,-0.02223192139419257,8.0,2140.0,control,-0.018264828912135572,8.0
163,951,afa,0.9162570889816061,8,1816.0,control,-0.025407065430376158,8.0,1627.0,control,-0.013354027812181604,8.0,3203.0,gef,0.8987794026325422,8.0,3362.0,osi,0.9498863271847716,8.0,1953.0,control,-0.00961572833720112,8.0
164,187,afa,0.9698923519493836,8,2117.0,control,-0.042278939515166744,8.0,2307.0,dac,0.7672544848260326,8.0,3253.0,gef,0.8067485884902192,8.0,3713.0,osi,0.9468920205771536,8.0,1544.0,control,-0.021088844488264667,8.0
165,561,afa,0.9710285588805169,8,1639.0,control,-0.044070783553446576,8.0,2095.0,control,-0.019819954953290544,8.0,3186.0,gef,0.9234307664246814,8.0,3500.0,osi,0.8882404491553437,8.0,1899.0,control,-0.011965037054988413,8.0
166,273,afa,0.9700557165405124,8,1069.0,alm,0.7726371908882543,8.0,1770.0,control,-0.019571661721790576,8.0,3013.0,gef,0.9343263957624335,8.0,1665.0,control,-0.008046826021385633,8.0,1665.0,control,-0.0007528175495541967,8.0
167,864,afa,0.967747958139221,8,1513.0,alm,0.9548350434845564,8.0,2823.0,dac,0.7705747749883272,8.0,1879.0,control,-0.04481569753459011,8.0,1718.0,control,-0.024284775271702225,8.0,3845.0,vin,0.8204450336458559,8.0
168,13,afa,0.960721488793485,8,1481.0,alm,0.9482661821046938,8.0,2575.0,dac,0.7747074026058679,8.0,1953.0,control,0.0015590626772939917,8.0,3702.0,osi,0.9621160633136366,8.0,3746.0,vin,0.7631450852820958,8.0
169,878,afa,0.9634693390868164,8,1126.0,alm,0.9246428824148546,8.0,2448.0,dac,0.7747426629622445,8.0,1543.0,control,-0.05230453037684864,8.0,2127.0,control,-0.0261450448654895,8.0,2054.0,control,0.019271797692868423,8.0
170,817,afa,0.9182820865465353,8,2141.0,control,-0.03993023847690107,8.0,1923.0,control,-0.012201160607337766,8.0,2022.0,control,-0.048930492152695994,8.0,3556.0,osi,0.964878473965849,8.0,1582.0,control,0.04442948044534321,8.0
171,1874,control,0.03480464417499929,8,1539.0,control,0.04290399998143558,8.0,2399.0,dac,0.7522422448418574,8.0,2141.0,control,-0.020296134409999785,8.0,1538.0,control,-0.01790688931510052,8.0,2002.0,control,-0.01716054253988186,8.0
172,1848,control,-0.016409367153567514,8,1871.0,control,-0.04349363926110476,8.0,1643.0,control,-0.015293976411202406,8.0,1789.0,control,-0.0519059393115602,8.0,3726.0,osi,0.9596926397842762,8.0,2022.0,control,-0.011676840401740675,8.0
173,2140,control,-0.01870478731723224,8,2169.0,control,-0.0282411991654109,8.0,2577.0,dac,0.7736654972022816,8.0,2002.0,control,-0.041578148725954917,8.0,3671.0,osi,0.921335433210995,8.0,1761.0,control,0.03618383469533422,8.0
174,1850,control,-0.00048120123839279563,8,1704.0,control,-0.042149887873544296,8.0,2250.0,dac,0.7731301753161524,8.0,2960.0,gef,0.8088719865646257,8.0,1731.0,control,0.007946589740547433,8.0,1626.0,control,-0.004309253805576577,8.0
175,898,afa,0.9482533141231942,8,1452.0,alm,0.926641598702669,8.0,1904.0,control,0.2661939389819963,8.0,1981.0,control,-0.0547012516925874,8.0,3480.0,osi,0.9442819994593548,8.0,3749.0,vin,0.8731903101701283,8.0
176,35,afa,0.9323123406413865,8,1086.0,alm,0.9503798776571432,8.0,2584.0,dac,0.7747248998859632,8.0,3178.0,gef,0.9137896826499934,8.0,2036.0,control,-0.013221562745558347,8.0,2025.0,control,-0.01624960207307825,8.0
177,493,afa,0.9636699316822381,8,1712.0,control,-0.03680460100667999,8.0,2369.0,dac,0.7151364696113188,8.0,2956.0,gef,0.9179925337103989,8.0,1631.0,control,-0.0211904783976788,8.0,2012.0,control,0.031435426765454265,8.0
178,194,afa,0.9720305807270372,8,1434.0,alm,0.9529456531636501,8.0,2791.0,dac,0.6748468061837889,8.0,3210.0,gef,0.7642116835732324,8.0,1989.0,control,0.0009169966090777915,8.0,1976.0,control,0.0033002450265778548,8.0
179,1748,control,0.11456279685175821,8,1261.0,alm,0.9548200459689279,8.0,2209.0,dac,0.7749573238953016,8.0,2065.0,control,-0.003994481915213226,8.0,3494.0,osi,0.9693254863090847,8.0,1642.0,control,-0.014724401887931131,8.0
180,2052,control,-0.02104674406747105,8,1920.0,control,0.0336021201604678,8.0,1583.0,control,-0.012116994353577965,8.0,2057.0,control,-0.03288331490517979,8.0,1755.0,control,0.006143193525821121,8.0,3794.0,vin,0.8970159775309698,8.0
181,708,afa,0.9717295539397749,8,2158.0,control,-0.043528149688477596,8.0,2430.0,dac,0.752163613859716,8.0,3200.0,gef,0.9374005014841358,8.0,1932.0,control,-0.00013852759848937551,8.0,3883.0,vin,0.9568301005786636,8.0
182,574,afa,0.963278984272052,8,2077.0,control,-0.04409554505899171,8.0,2328.0,dac,0.7494280963731103,8.0,3170.0,gef,0.944488131157471,8.0,1966.0,control,-0.020105123126653537,8.0,3782.0,vin,0.9625006414637591,8.0
183,2025,control,-0.02581186850797186,8,1731.0,control,-0.014808668059308711,8.0,2439.0,dac,0.7748771112536702,8.0,1918.0,control,-0.050542270097387175,8.0,1855.0,control,-0.007829748737978624,8.0,1659.0,control,0.0037280534063388014,8.0
184,1752,control,0.001889017832894812,8,1398.0,alm,0.9103722274385349,8.0,2427.0,dac,0.7513870066085201,8.0,3167.0,gef,0.8830786962728285,8.0,1627.0,control,-0.012565680557129172,8.0,2101.0,control,-0.018198248057077496,8.0
185,398,afa,0.9685232726445444,8,1349.0,alm,0.2574083857140465,8.0,2563.0,dac,0.7766987760796916,8.0,3019.0,gef,0.8170995545188214,8.0,2092.0,control,-0.02264892425946384,8.0,3764.0,vin,0.9644309878977018,8.0
186,722,afa,0.9693616119638814,8,1370.0,alm,0.9347870103557667,8.0,2283.0,dac,0.7728491263741758,8.0,1570.0,control,-0.051283942209142515,8.0,1878.0,control,-0.020363476254840182,8.0,3826.0,vin,0.9348942516234923,8.0
187,477,afa,0.9690246175945448,8,2131.0,control,-0.03652334106847947,8.0,2247.0,dac,0.7763217897176136,8.0,3045.0,gef,0.9042808094108725,8.0,2086.0,control,-0.021593873427382174,8.0,1627.0,control,-0.01701389086963124,8.0
188,411,afa,0.9717223994655902,8,1265.0,alm,0.9082384298376083,8.0,2230.0,dac,0.7706957020577302,8.0,1629.0,control,-0.051681407806309955,8.0,3549.0,osi,0.9589141194622421,8.0,2172.0,control,-0.013897396532631749,8.0
189,1959,control,-0.0268798038852222,8,1281.0,alm,0.9436817505655347,8.0,2465.0,dac,0.7678349136391694,8.0,1989.0,control,-0.03392509142671224,8.0,1678.0,control,-0.009927615435173193,8.0,3778.0,vin,0.7890553578174443,8.0
190,1827,control,-0.004761189756641061,8,1593.0,control,-0.03394084306867415,8.0,1557.0,control,-0.019652222357123925,8.0,2068.0,control,-0.04475492190404963,8.0,2157.0,control,-0.019360730237039495,8.0,3830.0,vin,0.9769550974325466,8.0
191,601,afa,0.9412699221084212,8,1203.0,alm,0.9380239051281689,8.0,1928.0,control,0.4504593906582107,8.0,2054.0,control,-0.001598511610387772,8.0,2102.0,control,-0.02730703854606041,8.0,1557.0,control,-0.00992461809618516,8.0
192,721,afa,0.9695363882609036,8,1896.0,control,-0.037958867425568615,8.0,2934.0,dac,0.7615705673277436,8.0,1695.0,control,-0.04274740325711304,8.0,3518.0,osi,0.9590501644090129,8.0,1870.0,control,-0.01792549130129566,8.0
193,896,afa,0.9712881949540563,8,1458.0,alm,0.9335752046684553,8.0,2264.0,dac,0.7756625953238555,8.0,3147.0,gef,0.8271251631850716,8.0,3381.0,osi,0.9236616505117667,8.0,1745.0,control,-0.014294752761139154,8.0
194,653,afa,0.9711105035800219,8,1752.0,control,0.07460414614630104,8.0,2022.0,control,-0.020457328632396896,8.0,2169.0,control,0.04303640717725262,8.0,1826.0,control,0.0939118795309023,8.0,1682.0,control,-0.018661283730573654,8.0
195,375,afa,0.9683188313244059,8,1400.0,alm,0.9541599579114393,8.0,2807.0,dac,0.7515105722164951,8.0,3031.0,gef,0.9061335243598935,8.0,2031.0,control,-0.021354600846991652,8.0,1550.0,control,-0.01966328554194536,8.0
196,1789,control,-0.026403952497145403,8,1240.0,alm,0.9434780116261312,8.0,2425.0,dac,0.7710022860652782,8.0,3104.0,gef,0.9237422634526476,8.0,1782.0,control,0.025782038448865237,8.0,1923.0,control,-0.01622523964307674,8.0
197,1867,control,-0.026788990679249492,8,1442.0,alm,0.7843685626985836,8.0,1720.0,control,0.1626842688199495,8.0,3300.0,gef,0.9190880777613597,8.0,3663.0,osi,0.8849206223179404,8.0,2029.0,control,0.010734523357977019,8.0
198,858,afa,0.9660481486696901,8,2129.0,control,-0.03512368867885349,8.0,1785.0,control,-0.018137018420784176,8.0,1992.0,control,-0.0531568335891888,8.0,3419.0,osi,0.9350648138682538,8.0,1763.0,control,-0.002792077026888634,8.0
199,547,afa,0.9719674802606452,8,1199.0,alm,0.9495475141085792,8.0,2927.0,dac,0.7714843347836532,8.0,1557.0,control,-0.05197242518483405,8.0,2054.0,control,0.04993557813480354,8.0,2117.0,control,-0.018326000904340247,8.0
200,191,afa,0.9716840265444232,8,1663.0,control,-0.03726712690691589,8.0,2175.0,dac,0.7734299992419019,8.0,1643.0,control,-0.046768163206670585,8.0,1654.0,control,-0.02486385237666272,8.0,3787.0,vin,0.9741356400187415,8.0
201,1970,control,-0.016602061463390452,8,1219.0,alm,0.9546788780425118,8.0,2631.0,dac,0.7741241377645841,8.0,1980.0,control,-0.05250672269873068,8.0,1747.0,control,-0.012089470026605199,8.0,2120.0,control,-0.0021207586558935343,8.0
202,485,afa,0.9690848338310917,8,1750.0,control,-0.022338873514599775,8.0,2511.0,dac,0.7740447695461982,8.0,3248.0,gef,0.8822640101458369,8.0,1918.0,control,-0.019517551125210822,8.0,1687.0,control,0.011552087141519236,8.0
203,2116,control,0.3934847686908902,8,2094.0,control,-0.039966488457543685,8.0,1772.0,control,-0.014537987641249167,8.0,1690.0,control,-0.05351857639449197,8.0,3725.0,osi,0.9492920725955694,8.0,1789.0,control,-0.01566551356212635,8.0
204,318,afa,0.9699483295363446,8,1887.0,control,-0.02419387494384022,8.0,1933.0,control,0.008984921118536132,8.0,2108.0,control,-0.04114264522068431,8.0,3351.0,osi,0.926624282819247,8.0,1701.0,control,-0.018494377372370405,8.0
205,621,afa,0.9633414114338152,8,1928.0,control,0.5503925483023357,8.0,2942.0,dac,0.7744343310297862,8.0,1692.0,control,0.20248205130203772,8.0,3567.0,osi,0.9666338184378089,8.0,1566.0,control,0.010350541396556966,8.0
206,2134,control,-0.026764049877829547,8,1721.0,control,0.0006687350829488944,8.0,2777.0,dac,0.7621795376416586,8.0,1582.0,control,0.3250399620295813,8.0,1994.0,control,-0.013561054789334389,8.0,3831.0,vin,0.9532307654323315,8.0
207,2050,control,-0.005563358312177028,8,1267.0,alm,0.9243075430353742,8.0,2648.0,dac,0.776240445509751,8.0,3001.0,gef,0.9393248219094542,8.0,3682.0,osi,0.7929618707028188,8.0,2114.0,control,-0.007963219098156627,8.0
208,848,afa,0.9655254877667786,8,1576.0,control,-0.005222562594864907,8.0,2351.0,dac,0.7484000155640788,8.0,1800.0,control,0.038666606690053056,8.0,1531.0,control,-0.02721718531910548,8.0,1590.0,control,0.029641241480550196,8.0
209,422,afa,0.9586161515021814,8,1367.0,alm,0.914413981931204,8.0,1653.0,control,-0.021351340778142894,8.0,1987.0,control,-0.04442444917819196,8.0,3415.0,osi,0.9589929948833309,8.0,1690.0,control,-0.009523025067602027,8.0
210,917,afa,0.9432852509036475,8,1453.0,alm,0.9537520657313732,8.0,2285.0,dac,0.7736772215562452,8.0,3220.0,gef,0.704725507247097,8.0,3707.0,osi,0.9652676367803,8.0,2010.0,control,-0.019012378190823777,8.0
211,2158,control,-0.02592954523860227,8,2022.0,control,-0.03807783897535186,8.0,2012.0,control,0.0043042723399711325,8.0,1562.0,control,-0.05364485873061679,8.0,1630.0,control,-0.021489228064861608,8.0,2159.0,control,-0.019228633138459034,8.0
212,773,afa,0.9536580268432162,8,1819.0,control,-0.03947394682571303,8.0,2754.0,dac,0.7720008324582667,8.0,2125.0,control,-0.0168183292022347,8.0,1838.0,control,-0.024127761039154292,8.0,2102.0,control,-0.00522318539540342,8.0
213,180,afa,0.9709227555284916,8,1168.0,alm,0.9110082643068425,8.0,2744.0,dac,0.7480644143274758,8.0,1733.0,control,-0.041453100668399634,8.0,2099.0,control,-0.01974117801401208,8.0,1737.0,control,-0.011494941601951782,8.0
214,814,afa,0.9688715130036868,8,1113.0,alm,0.9441807241837787,8.0,1736.0,control,0.05204621886155589,8.0,1764.0,control,-0.0448490877521827,8.0,1861.0,control,-0.02555819964080332,8.0,2131.0,control,0.00208084555373202,8.0
215,1974,control,-0.027099160219600373,8,1759.0,control,-0.030450287236610935,8.0,2435.0,dac,0.77321458811983,8.0,1931.0,control,-0.04125333429615073,8.0,3394.0,osi,0.9582025548952995,8.0,1952.0,control,-0.011531416734554089,8.0
216,749,afa,0.948728964083075,8,1831.0,control,-0.04392309781074763,8.0,2208.0,dac,0.759427726671508,8.0,2032.0,control,0.07055032422412624,8.0,1611.0,control,-0.021722201709856667,8.0,1834.0,control,-0.009273021781534493,8.0
217,34,afa,0.9386311627929927,8,1184.0,alm,0.9446331760095675,8.0,2655.0,dac,0.7651542224543252,8.0,2101.0,control,0.04200866054232607,8.0,3328.0,osi,0.9543175678399539,8.0,1954.0,control,-0.009719713896359611,8.0
218,1627,control,-0.02499858161442388,8,1945.0,control,-0.04199210116429361,8.0,2926.0,dac,0.7703999004673817,8.0,1534.0,control,-0.05097394144213505,8.0,1660.0,control,-0.02646559974926561,8.0,3848.0,vin,0.9375652342780054,8.0
219,680,afa,0.9408301673824997,8,1878.0,control,-0.03676608183769454,8.0,2101.0,control,-0.01937466320329935,8.0,1876.0,control,-0.04607800709353774,8.0,1889.0,control,-0.01704644817543993,8.0,2099.0,control,-0.009050096109416535,8.0
220,160,afa,0.9676737515929553,8,2041.0,control,-0.02256763505133061,8.0,2033.0,control,-0.022168582759882982,8.0,1923.0,control,-0.038474429435877755,8.0,3558.0,osi,0.9610056170624968,8.0,1848.0,control,-0.016647512854233822,8.0
221,1906,control,-0.02083468173828114,8,1343.0,alm,0.9505847855463808,8.0,2087.0,control,-0.02054677953016014,8.0,1531.0,control,-0.027740703850972073,8.0,1800.0,control,0.008358116251193773,8.0,3742.0,vin,0.9416203385775715,8.0
222,183,afa,0.9674826687549929,8,1262.0,alm,0.9242580583927341,8.0,2402.0,dac,0.7707985884436795,8.0,2117.0,control,-0.05248896665403701,8.0,1695.0,control,-0.02710936794788937,8.0,1733.0,control,-0.009979952166028651,8.0
223,414,afa,0.9706150292376591,8,2163.0,control,0.06897064501596964,8.0,1722.0,control,0.4025406332055813,8.0,2073.0,control,-0.013867842830502457,8.0,1773.0,control,-0.022457866585406758,8.0,1991.0,control,-0.018388881425336533,8.0
224,1815,control,-0.0231112917504442,8,1914.0,control,0.14738641423398402,8.0,2711.0,dac,0.7721839524446176,8.0,1902.0,control,-0.00776622792873672,8.0,3326.0,osi,0.9082702852966128,8.0,1661.0,control,-0.004019639817460882,8.0
225,1965,control,-0.0251491652022273,8,1971.0,control,-0.03181369806382903,8.0,2141.0,control,-0.021057917731715947,8.0,3040.0,gef,0.7048077314524299,8.0,3338.0,osi,0.9299598036709611,8.0,1825.0,control,-0.006200548087651768,8.0
226,138,afa,0.9719741748721454,8,2001.0,control,-0.04246462492070632,8.0,2580.0,dac,0.5018571223309861,8.0,1868.0,control,-0.02917442026818458,8.0,1562.0,control,-0.02756782561065294,8.0,2095.0,control,-0.011310824948895785,8.0
227,2070,control,-0.02048217660295877,8,1580.0,control,-0.03352976128979341,8.0,2075.0,control,-0.02141978770867324,8.0,1810.0,control,0.11924612919841077,8.0,1931.0,control,0.0021568461048373684,8.0,3744.0,vin,0.8173373378872825,8.0
228,489,afa,0.967715521447336,8,1093.0,alm,0.9321481564053611,8.0,2313.0,dac,0.7575165107429265,8.0,1651.0,control,-0.04746687700961981,8.0,2073.0,control,0.020473321961533564,8.0,2092.0,control,-0.015085348625269383,8.0
229,1678,control,-0.020959507134281852,8,1096.0,alm,0.9434015335858065,8.0,2177.0,dac,0.7758453233741112,8.0,2035.0,control,-0.013554068766371004,8.0,1976.0,control,0.007210503517974268,8.0,1531.0,control,0.0392539824812748,8.0
230,665,afa,0.9721863945977725,8,2107.0,control,-0.022385324319327646,8.0,2699.0,dac,0.772940451922485,8.0,1565.0,control,-0.048376246562401415,8.0,1980.0,control,-0.013278217021285635,8.0,1622.0,control,-0.017101043895821514,8.0
231,99,afa,0.9651821691948093,8,1258.0,alm,0.9137991142498664,8.0,2692.0,dac,0.7746490200769316,8.0,2051.0,control,-0.029400931713657708,8.0,1807.0,control,-0.02234334603586273,8.0,1646.0,control,0.0578432265148437,8.0
232,1548,control,-0.023342380921240795,8,1312.0,alm,0.7909908665994565,8.0,1656.0,control,0.02103488676073545,8.0,1904.0,control,0.1415706251404627,8.0,1903.0,control,-0.012485800389419884,8.0,3842.0,vin,0.7777529180977356,8.0
233,1746,control,0.011949361941983105,8,1162.0,alm,0.9526675201349147,8.0,2728.0,dac,0.7745668717266793,8.0,1785.0,control,-0.04571549358751669,8.0,3659.0,osi,0.9702867671774946,8.0,1918.0,control,0.01236663268638042,8.0
234,189,afa,0.9591190697688737,8,1443.0,alm,0.8697416278452985,8.0,2523.0,dac,0.7672184184411993,8.0,3048.0,gef,0.8630705109679732,8.0,1544.0,control,-0.025944399418029805,8.0,1717.0,control,-0.012730551417074512,8.0
235,692,afa,0.9692940588127307,8,1383.0,alm,0.868677790986021,8.0,1873.0,control,-0.02200273187543436,8.0,3127.0,gef,0.8769222984378962,8.0,1949.0,control,0.02994142330684814,8.0,3774.0,vin,0.6138682585345328,8.0
236,2110,control,-0.01723658594693558,8,1213.0,alm,0.9525381383534539,8.0,2068.0,control,-0.021648943372490306,8.0,1627.0,control,-0.046254650008384815,8.0,2040.0,control,0.07723968944493903,8.0,2097.0,control,-0.016897885110309513,8.0
237,812,afa,0.9492903493761843,8,1802.0,control,0.12247485752708495,8.0,1874.0,control,-1.5721225166964725e-06,8.0,1890.0,control,0.0007042323063064793,8.0,1813.0,control,-0.022314351702102775,8.0,1670.0,control,-0.0038993429019044505,8.0
238,4,afa,0.9718784443972502,8,1468.0,alm,0.872978687137696,8.0,2564.0,dac,0.7676639336125978,8.0,1626.0,control,-0.05280013447934957,8.0,3665.0,osi,0.9310157909261036,8.0,1970.0,control,0.026137481059102873,8.0
239,994,afa,0.8006171782302659,8,1097.0,alm,0.9537914953453236,8.0,2020.0,control,-0.022515807902776325,8.0,3101.0,gef,0.8371154868954988,8.0,1772.0,control,-0.011864860756048683,8.0,1804.0,control,0.004823601406087331,8.0
240,995,afa,0.9600080506597574,8,1062.0,alm,0.9490759191885464,8.0,1813.0,control,-0.017737736129053716,8.0,1917.0,control,-0.05263594328424379,8.0,1633.0,control,-0.026819537435284615,8.0,2000.0,control,0.015620722845911227,8.0
241,2151,control,-0.016354899511564817,8,1134.0,alm,0.95162878005086,8.0,2819.0,dac,0.772670036873946,8.0,3003.0,gef,0.9431214493707425,8.0,3664.0,osi,0.965982752665272,8.0,1777.0,control,-0.0032464101549728314,8.0
242,777,afa,0.9713519741986455,8,1554.0,control,0.10001045169656597,8.0,2375.0,dac,0.7675617947551588,8.0,3114.0,gef,0.016443911137972146,8.0,1653.0,control,-0.01735501061775635,8.0,1966.0,control,0.00958088308637672,8.0
243,1769,control,0.030462186330778438,8,2006.0,control,-0.03366848382589076,8.0,1870.0,control,-0.01962922422524882,8.0,1564.0,control,-0.048056559301559894,8.0,3442.0,osi,0.8827546309012201,8.0,1770.0,control,0.010364252834444886,8.0
244,852,afa,0.9542431982709263,8,1490.0,alm,0.9358023524156086,8.0,2239.0,dac,0.7630881138379695,8.0,1590.0,control,-0.04551375032503743,8.0,3449.0,osi,0.965946042966886,8.0,1874.0,control,-0.009219665954322147,8.0
245,490,afa,0.9710135582927701,8,1835.0,control,-0.03984388566900365,8.0,1824.0,control,-0.001335194495370312,8.0,3046.0,gef,0.4438116021090188,8.0,1659.0,control,0.03459877065855105,8.0,3767.0,vin,0.9447642079542131,8.0
246,1948,control,-0.024149247867173342,8,2071.0,control,-0.03705506971602241,8.0,1714.0,control,-0.019805573864366613,8.0,2172.0,control,-0.052349560825977304,8.0,3476.0,osi,0.9451556745309487,8.0,1653.0,control,-0.01072755734262169,8.0
247,754,afa,0.9535806978609013,8,1780.0,control,0.021565517462141935,8.0,1798.0,control,-0.005363486846173021,8.0,3011.0,gef,0.9293079717501425,8.0,3589.0,osi,0.9520987364684766,8.0,1754.0,control,0.0022811521344887307,8.0
248,989,afa,0.9560376236833886,8,1049.0,alm,0.9085815676908713,8.0,1990.0,control,-0.0202280933859324,8.0,3160.0,gef,0.9437220891141996,8.0,1616.0,control,0.0007310133320794499,8.0,3747.0,vin,0.9581982757998677,8.0
249,960,afa,0.9557553478846187,8,2093.0,control,-0.0432717999169792,8.0,2759.0,dac,0.7683742174153353,8.0,1936.0,control,-0.019973143183101207,8.0,1926.0,control,-0.0058540081333105995,8.0,1800.0,control,0.06123126207447433,8.0
250,1949,control,-0.02403892513675734,8,2047.0,control,-0.04038772549750557,8.0,2311.0,dac,0.7602759532201065,8.0,2003.0,control,-0.0530302052553838,8.0,3355.0,osi,0.909254748134138,8.0,1980.0,control,-0.010733967457552921,8.0
251,1692,control,0.000745166167119924,8,1587.0,control,-0.009043609821964033,8.0,2582.0,dac,0.7740226696751713,8.0,2973.0,gef,0.9105694310018047,8.0,1643.0,control,-0.013131511285779038,8.0,1652.0,control,-0.011907879278235944,8.0
252,1695,control,-0.0249522709232227,8,1356.0,alm,0.9551812721999595,8.0,1701.0,control,-0.016839235760894147,8.0,3096.0,gef,0.9066809928643507,8.0,3398.0,osi,0.9614781270278421,8.0,3857.0,vin,0.9601803707814043,8.0
253,1710,control,-0.026822834496477602,8,1698.0,control,-0.04360846950102499,8.0,2504.0,dac,0.767286261861846,8.0,3049.0,gef,0.26426223896952933,8.0,3530.0,osi,0.9677538306165907,8.0,2073.0,control,0.0002854202155686235,8.0
254,634,afa,0.9574121885270287,8,1089.0,alm,0.9439307251854154,8.0,2296.0,dac,0.7765560875082321,8.0,3303.0,gef,0.9423447569811624,8.0,3346.0,osi,0.9583066039435613,8.0,1845.0,control,0.005291077383917715,8.0
255,374,afa,0.9686774695460675,8,1972.0,control,-0.04198313005526095,8.0,2891.0,dac,0.7747632296311064,8.0,2075.0,control,-0.02127008543511911,8.0,3604.0,osi,0.886593376186315,8.0,1793.0,control,-0.003898649694513614,8.0
256,956,afa,0.9657209454827256,8,1128.0,alm,0.942511882819952,8.0,2065.0,control,-0.012486187032310844,8.0,3033.0,gef,0.7856247796599419,8.0,3619.0,osi,0.9629570170184394,8.0,1995.0,control,0.011562760010927146,8.0
257,197,afa,0.9651358701494499,8,1901.0,control,0.039706642105356245,8.0,2872.0,dac,0.7568772646547491,8.0,3043.0,gef,0.804247418999768,8.0,1646.0,control,-0.02748347943724811,8.0,1993.0,control,-0.0036898317975211925,8.0
258,1619,control,-0.025162577586866977,8,1482.0,alm,0.9483982849665191,8.0,2228.0,dac,0.7762249650884138,8.0,3095.0,gef,0.7136103682535162,8.0,1636.0,control,-0.020317598323914977,8.0,2157.0,control,0.02148406100918117,8.0
259,1617,control,-0.027041444847522092,8,1428.0,alm,0.8968867557824848,8.0,2178.0,dac,0.774177096963639,8.0,2991.0,gef,0.8068413290196248,8.0,1834.0,control,-0.021295394980749772,8.0,1695.0,control,-0.018615740523276733,8.0
260,779,afa,0.9682575451520105,8,1720.0,control,0.04312338190243959,8.0,2493.0,dac,0.7471899970050494,8.0,1941.0,control,-0.053657507071739996,8.0,1819.0,control,-0.024079211033137943,8.0,2005.0,control,-0.006244616504981627,8.0
261,467,afa,0.9659056692445099,8,1541.0,control,-0.0069524110492271,8.0,1702.0,control,-0.011101895694779873,8.0,3265.0,gef,0.9359838476942646,8.0,3437.0,osi,0.9601372039458568,8.0,2125.0,control,-0.012419847971700189,8.0
262,159,afa,0.9672144675333189,8,1977.0,control,-0.01918550117616424,8.0,2727.0,dac,0.7686197958827313,8.0,2023.0,control,-0.05483291057118078,8.0,2005.0,control,-0.010436534652486982,8.0,2031.0,control,-0.017483030409945224,8.0
263,650,afa,0.9713369637816706,8,1025.0,alm,0.9431805380415821,8.0,2825.0,dac,0.7722238451343624,8.0,3215.0,gef,0.943513885525932,8.0,1909.0,control,-0.023068634033908065,8.0,1890.0,control,-0.018348576461066697,8.0
264,455,afa,0.963634817826935,8,1528.0,alm,0.9239262339199319,8.0,2388.0,dac,0.7744498954820657,8.0,2978.0,gef,0.9010234988481112,8.0,3523.0,osi,0.9700472586936275,8.0,2166.0,control,-0.0036294874779588537,8.0
265,738,afa,0.968800396713417,8,1599.0,control,-0.03460964196728944,8.0,2120.0,control,-0.0006233431044971871,8.0,3258.0,gef,0.8317590114521348,8.0,1658.0,control,-0.002534086163407556,8.0,1702.0,control,-0.01246109156684027,8.0
266,8,afa,0.8835484425255646,8,1103.0,alm,0.7520548255919597,8.0,2146.0,control,-0.02095927513682641,8.0,2097.0,control,-0.04590625065944924,8.0,1737.0,control,0.028616393043601203,8.0,1854.0,control,0.005221115549109336,8.0
267,1674,control,-0.020962531277403575,8,1154.0,alm,0.9548131054158173,8.0,1992.0,control,-0.008887820042029579,8.0,2094.0,control,-0.0021039900629398964,8.0,3640.0,osi,0.9352764414956772,8.0,1697.0,control,-0.014996224176574795,8.0
268,942,afa,0.9680128722384139,8,1500.0,alm,0.9226085150479272,8.0,2599.0,dac,0.7704367373239486,8.0,3275.0,gef,0.9398242706872382,8.0,2164.0,control,-0.025239711197613916,8.0,2036.0,control,-0.0017550655429290317,8.0
269,58,afa,0.9705555581868877,8,1566.0,control,0.08787535715910288,8.0,2725.0,dac,0.7711372589490019,8.0,3062.0,gef,0.8670449134133554,8.0,3399.0,osi,0.8911518830486692,8.0,3901.0,vin,0.9770381946792709,8.0
270,243,afa,0.9526821348368217,8,1030.0,alm,0.9350860252031616,8.0,2865.0,dac,0.7749865102169369,8.0,1915.0,control,-0.01387092139383183,8.0,1783.0,control,-0.021920553614116375,8.0,3840.0,vin,0.9535860867568575,8.0
271,1818,control,-0.026737784111339872,8,1986.0,control,-0.04321724746297481,8.0,2320.0,dac,0.7696539747227151,8.0,1837.0,control,-0.03360573704840725,8.0,3700.0,osi,0.913301422396317,8.0,2094.0,control,0.008701133264725016,8.0
272,805,afa,0.9687580499637298,8,1781.0,control,-0.04063090264536204,8.0,1695.0,control,-0.021238555348562588,8.0,1991.0,control,-0.052363372768053085,8.0,3317.0,osi,0.955880354210502,8.0,2033.0,control,-0.01875024807710682,8.0
273,516,afa,0.9588406340007682,8,2143.0,control,-0.04362218408125295,8.0,1729.0,control,0.4116147113533989,8.0,1907.0,control,-0.04530710162609558,8.0,3421.0,osi,0.9026039105899093,8.0,1611.0,control,-0.0028386579420547828,8.0
274,751,afa,0.9055060352398969,8,1527.0,alm,0.941696913536815,8.0,1797.0,control,-0.020583039763002423,8.0,2984.0,gef,0.9345325708336341,8.0,3605.0,osi,0.8279044212499601,8.0,1630.0,control,-0.004766308090156879,8.0
275,654,afa,0.971936054727937,8,1389.0,alm,0.8763199187322299,8.0,1793.0,control,-0.02169730266678721,8.0,1798.0,control,-0.04236838575174387,8.0,3566.0,osi,0.9407286235176632,8.0,3801.0,vin,0.9731054897276622,8.0
276,565,afa,0.9701692187934422,8,1052.0,alm,0.9487229075896353,8.0,1646.0,control,-0.021903120969718387,8.0,3116.0,gef,0.8823738322301804,8.0,3344.0,osi,0.9445161070485235,8.0,2070.0,control,-0.01640491676407972,8.0
277,787,afa,0.9413161641622314,8,1860.0,control,-0.03653592885436241,8.0,2873.0,dac,0.7642140273970354,8.0,2007.0,control,-0.051479797864344305,8.0,2022.0,control,0.0006136551805774534,8.0,1944.0,control,-0.0004072407370852432,8.0
278,295,afa,0.9684890707072668,8,1290.0,alm,0.7714889159501642,8.0,1936.0,control,-0.021822230799814768,8.0,1682.0,control,-0.03492431618603746,8.0,1904.0,control,0.11049350766971869,8.0,1950.0,control,-0.0014661063488980199,8.0
279,1909,control,-0.016908647582492088,8,1002.0,alm,0.9272217444919069,8.0,1826.0,control,0.01716301505302198,8.0,2033.0,control,-0.054407058949264425,8.0,1670.0,control,-0.02239481093031026,8.0,1997.0,control,-0.008932090938275,8.0
280,470,afa,0.9183143685771812,8,1441.0,alm,0.9314920796160929,8.0,1800.0,control,0.014073669950689843,8.0,1763.0,control,-0.04975787998310644,8.0,3690.0,osi,0.9621072299480042,8.0,1994.0,control,0.018289752704387756,8.0
281,572,afa,0.9612964848052694,8,2126.0,control,-0.03544886156666544,8.0,1659.0,control,0.042609075426497195,8.0,1750.0,control,-0.02635429551297873,8.0,1828.0,control,-0.0017394998242102958,8.0,1618.0,control,0.004358170659858232,8.0
282,240,afa,0.9703164954872855,8,1519.0,alm,0.950571968102257,8.0,2347.0,dac,0.73836954750614,8.0,1844.0,control,-0.052444668355293385,8.0,1879.0,control,-0.027682913379269015,8.0,1629.0,control,-0.005286070323230821,8.0
283,841,afa,0.9442352586440491,8,1211.0,alm,0.9463469527373977,8.0,2073.0,control,-0.009901762573026357,8.0,1720.0,control,0.011186904613678904,8.0,1953.0,control,-0.004062062342379019,8.0,1941.0,control,-0.0148194399978584,8.0
284,1636,control,-0.02586871048694055,8,1408.0,alm,0.9458338155220122,8.0,2154.0,control,-0.021886060511762923,8.0,2081.0,control,-0.011710642362249411,8.0,1722.0,control,0.387640601244458,8.0,1785.0,control,-0.0167738419752086,8.0
285,876,afa,0.9549124126858168,8,1032.0,alm,0.9530701758317354,8.0,2721.0,dac,0.7515978136602759,8.0,1839.0,control,0.12218528781738944,8.0,3704.0,osi,0.6751453515773989,8.0,3894.0,vin,0.61218026743739,8.0
286,186,afa,0.9679988243944408,8,1508.0,alm,0.4967615365035943,8.0,1628.0,control,-0.021486853631638075,8.0,1736.0,control,0.10224386970597266,8.0,3715.0,osi,0.9012733960445444,8.0,2041.0,control,0.00033764529689898903,8.0
287,862,afa,0.9695322706567745,8,1904.0,control,0.057676869634977514,8.0,2608.0,dac,0.7699231658323759,8.0,1761.0,control,-0.03193220005200229,8.0,2141.0,control,0.01328208265078707,8.0,1551.0,control,-0.01904972196153622,8.0
288,525,afa,0.9693055970933491,8,1045.0,alm,0.9448568319072705,8.0,2474.0,dac,0.7765758617147293,8.0,2070.0,control,-0.03551605245807406,8.0,1618.0,control,0.05353601923212803,8.0,1986.0,control,-0.014025404888048296,8.0
289,200,afa,0.9679110253397052,8,2157.0,control,-0.04422663652867486,8.0,2281.0,dac,0.7747555461788141,8.0,3232.0,gef,0.858576296351762,8.0,1992.0,control,-0.01841207821006565,8.0,1728.0,control,-0.009962454412643233,8.0
290,438,afa,0.9668683011417224,8,1475.0,alm,0.8868778167904284,8.0,2918.0,dac,0.717683611059496,8.0,2010.0,control,0.00804838043731241,8.0,3565.0,osi,0.9292006669061879,8.0,1819.0,control,-0.005722621710600551,8.0
291,1955,control,0.05291698801797848,8,1105.0,alm,0.9550096715434212,8.0,2543.0,dac,0.7598764789293081,8.0,2000.0,control,-0.052596187971266424,8.0,3708.0,osi,0.9568549343751199,8.0,1988.0,control,0.08900815858221847,8.0
292,1546,control,-0.018506970008465885,8,1857.0,control,-0.012579246413663918,8.0,2618.0,dac,0.7515963455397163,8.0,2140.0,control,-0.030273326983693533,8.0,2065.0,control,0.007407451588028809,8.0,3810.0,vin,0.9711020155851834,8.0
293,505,afa,0.9621273078402681,8,1205.0,alm,0.9488353657090918,8.0,1681.0,control,-0.021963901053422885,8.0,3112.0,gef,0.9151547973229497,8.0,1588.0,control,-0.004086336747660076,8.0,1748.0,control,0.005649881921350353,8.0
294,2115,control,0.002377834184446301,8,1798.0,control,-0.041773320435325285,8.0,1691.0,control,-0.0014110856332848198,8.0,1583.0,control,-0.044466629802421574,8.0,3724.0,osi,0.9568438385341045,8.0,1838.0,control,-0.01981543014536346,8.0
295,269,afa,0.9724023181239863,8,1674.0,control,-0.035757536066106384,8.0,1534.0,control,-0.009568348176452413,8.0,1856.0,control,-0.02788389939979612,8.0,1997.0,control,-0.02768756090691648,8.0,3827.0,vin,0.9624098505035065,8.0
296,1561,control,-0.026316318439847122,8,1189.0,alm,0.9336089028674702,8.0,2279.0,dac,0.7749841773315169,8.0,2154.0,control,-0.04585307062546223,8.0,1764.0,control,0.0008122355665022354,8.0,3806.0,vin,0.96546487948244,8.0
297,2156,control,-0.020495646556384473,8,1612.0,control,-0.04017869388056414,8.0,2895.0,dac,0.7619267360828013,8.0,1910.0,control,-0.047819979392431475,8.0,2032.0,control,0.17690160174890124,8.0,1747.0,control,0.02173638001350813,8.0
298,255,afa,0.9674623438249417,8,1987.0,control,-0.04231795346568154,8.0,2914.0,dac,0.7519579343635834,8.0,3157.0,gef,0.9443926351697929,8.0,1570.0,control,-0.025218655102067916,8.0,1932.0,control,-0.0104271983597001,8.0
299,687,afa,0.9696745693801302,8,1376.0,alm,0.8513777889266094,8.0,2093.0,control,-0.01797327009493964,8.0,3305.0,gef,0.8090773282625779,8.0,1628.0,control,-0.02582404972609999,8.0,2164.0,control,-0.015974840122557395,8.0
300,641,afa,0.9535503367623442,8,1450.0,alm,0.940967200311393,8.0,1807.0,control,-0.022147393988647027,8.0,1993.0,control,-0.03832443916323512,8.0,1629.0,control,-0.020438595739104518,8.0,2083.0,control,-0.018523851723879922,8.0
301,2117,control,-0.015864534702115775,8,1313.0,alm,0.9202635852016356,8.0,2102.0,control,-0.019405963131107345,8.0,3065.0,gef,0.5286370133577921,8.0,2068.0,control,-0.013788292777687602,8.0,1674.0,control,-0.010963910454738811,8.0
302,476,afa,0.9695330303860374,8,1530.0,control,0.04999907032379438,8.0,1690.0,control,-0.02003994601102628,8.0,1697.0,control,-0.022980738939090903,8.0,2159.0,control,-0.021000243158838222,8.0,1907.0,control,-0.007984532712071345,8.0
303,17,afa,0.9626140776738896,8,1188.0,alm,0.9517127367406636,8.0,2768.0,dac,0.7725986684745584,8.0,3264.0,gef,0.8811100939694443,8.0,2012.0,control,0.02945426872652214,8.0,1732.0,control,-0.00934856796267749,8.0
304,2124,control,-0.02454116839009073,8,1765.0,control,-0.04330966083922198,8.0,2258.0,dac,0.7712572818251725,8.0,1988.0,control,-0.053346514042429356,8.0,3717.0,osi,0.9469713409347064,8.0,2051.0,control,-0.017467403447292987,8.0
305,1732,control,0.1325334945990115,8,1735.0,control,0.019563636135754923,8.0,2054.0,control,-0.0014505143856953229,8.0,1954.0,control,0.6732475720153469,8.0,2087.0,control,-0.02390111100006492,8.0,1722.0,control,0.003319747789421859,8.0
306,578,afa,0.9693639863687948,8,1697.0,control,-0.03994066579237607,8.0,2694.0,dac,0.7769167599689012,8.0,3205.0,gef,0.4441510307976887,8.0,1557.0,control,-0.02429635801159956,8.0,3822.0,vin,0.9676171216188874,8.0
307,2129,control,-0.02024254847471836,8,1652.0,control,-0.043494556509612245,8.0,2871.0,dac,0.7727916733009051,8.0,1710.0,control,0.08544142053571369,8.0,1543.0,control,-0.025621768816825263,8.0,2057.0,control,-0.017111623084911928,8.0
308,241,afa,0.9661447020529598,8,1510.0,alm,0.9320652494330772,8.0,1953.0,control,-0.01984631755292282,8.0,3115.0,gef,0.7917083127224483,8.0,3414.0,osi,0.963953184301164,8.0,1669.0,control,-0.016845041314176162,8.0
309,778,afa,0.9705346389094104,8,1575.0,control,-0.02439972745341363,8.0,2708.0,dac,0.7624860339905951,8.0,3054.0,gef,0.74408612554305,8.0,1897.0,control,0.03686483599315288,8.0,2015.0,control,-0.014897485555005814,8.0
310,1708,control,-0.02610489277356807,8,1185.0,alm,0.9535617919202528,8.0,2653.0,dac,0.7734566191727584,8.0,3016.0,gef,0.9138637832961097,8.0,2025.0,control,-0.027319713079115543,8.0,1773.0,control,-0.010791976357485633,8.0
311,521,afa,0.9535776565701892,8,1342.0,alm,0.848569512157569,8.0,2031.0,control,-0.01984899568762913,8.0,1870.0,control,-0.010687245120202318,8.0,1987.0,control,-0.0029891603146435623,8.0,3752.0,vin,0.9610201402254468,8.0
312,888,afa,0.9546108773630626,8,1692.0,control,-0.02945208639677363,8.0,2685.0,dac,0.7749194466009964,8.0,1958.0,control,-0.011116330977299388,8.0,3370.0,osi,0.9318287560781902,8.0,1568.0,control,-0.01807943721511936,8.0
313,2097,control,-0.019954051644445747,8,1157.0,alm,0.9485080734935546,8.0,1774.0,control,-0.00698913509535222,8.0,2083.0,control,-0.05098768857837641,8.0,3681.0,osi,0.9693997915059406,8.0,2059.0,control,0.04773542836078804,8.0
314,974,afa,0.9690290014374099,8,1233.0,alm,0.9434002363181707,8.0,1954.0,control,0.026518569967413308,8.0,3035.0,gef,0.7874462488373514,8.0,2125.0,control,-0.012146162199713949,8.0,1917.0,control,-0.0010669828986708645,8.0
315,403,afa,0.9714574943352393,8,1583.0,control,0.4582060345267129,8.0,1907.0,control,-0.018282037192159248,8.0,2059.0,control,0.03824714547757812,8.0,1733.0,control,-0.02537944634410065,8.0,1583.0,control,0.1717807264207147,8.0
316,719,afa,0.9701525903455296,8,2159.0,control,-0.04139466646803482,8.0,2829.0,dac,0.7687889533401493,8.0,1846.0,control,-0.03126739673384155,8.0,3482.0,osi,0.9293387380566327,8.0,1937.0,control,0.05386910012379532,8.0
317,1662,control,-0.026084488967779953,8,2040.0,control,0.0011164131179692907,8.0,1595.0,control,0.042829254146535295,8.0,1922.0,control,0.06973227991968708,8.0,2101.0,control,-0.023332130686134323,8.0,1949.0,control,-0.003967683834170822,8.0
318,626,afa,0.9670998451749653,8,1041.0,alm,0.9489841610219698,8.0,2831.0,dac,0.7585348000917158,8.0,1784.0,control,-0.04844776164207565,8.0,1534.0,control,-0.02302453505628608,8.0,1962.0,control,-0.017273098375136478,8.0
319,663,afa,0.9717311491893343,8,1991.0,control,-0.044143415685133976,8.0,2157.0,control,-0.011746234528466418,8.0,1588.0,control,-0.03952172548707288,8.0,1876.0,control,-0.026886130342945826,8.0,2127.0,control,-0.017869280382279754,8.0
320,1779,control,0.021064443583234203,8,2139.0,control,-0.04280223310743147,8.0,2906.0,dac,0.7732458997817756,8.0,3217.0,gef,0.7051807708585529,8.0,2117.0,control,-0.028238207912695573,8.0,1856.0,control,-0.01644918535614057,8.0
321,2170,control,-0.022331467927288573,8,1766.0,control,0.031549736799413246,8.0,2722.0,dac,0.7750291592956278,8.0,3145.0,gef,0.9273021150765596,8.0,3686.0,osi,0.9472106641479346,8.0,,,,
322,1774,control,-0.020901327600130463,8,1613.0,control,0.04676688690663922,8.0,1889.0,control,0.0014106544721833592,8.0,1985.0,control,-0.053864743103129206,8.0,3397.0,osi,0.9557418773108903,8.0,,,,
323,1754,control,-0.011223979040394384,8,1056.0,alm,0.9497480506136798,8.0,2624.0,dac,0.7693221220020027,8.0,1774.0,control,-0.0009326963170047595,8.0,3697.0,osi,0.9534838195233077,8.0,,,,
324,365,afa,0.9721273357622768,8,2155.0,control,-0.03862348201773871,8.0,2314.0,dac,0.749952939612443,8.0,1937.0,control,-0.040883783582635266,8.0,1868.0,control,-0.02290602185105857,8.0,,,,
325,717,afa,0.9700498770080167,8,1195.0,alm,0.9491573182820219,8.0,1937.0,control,0.017170155265768622,8.0,3261.0,gef,0.9299151912432452,8.0,3422.0,osi,0.9678175728481723,8.0,,,,
326,629,afa,0.9538353709456339,8,1464.0,alm,0.9311269488367313,8.0,2455.0,dac,0.7384506938352827,8.0,1674.0,control,-0.027084429134870733,8.0,1651.0,control,-0.02128720689217366,8.0,,,,
327,2086,control,-0.027199530361158054,8,1473.0,alm,0.9486984508806577,8.0,2269.0,dac,0.7621983179869439,8.0,3179.0,gef,0.6855286498486323,8.0,2035.0,control,-0.0262251467405957,8.0,,,,
328,506,afa,0.9700055208236671,8,1164.0,alm,0.9453896196095702,8.0,2892.0,dac,0.7616095925174,8.0,2087.0,control,-0.0465647161095596,8.0,2051.0,control,-0.02357158426181866,8.0,,,,
329,564,afa,0.9643727348247265,8,1923.0,control,0.027438596131983968,8.0,2912.0,dac,0.7590703601554811,8.0,1747.0,control,-0.038684088492084094,8.0,1916.0,control,0.0225792183180858,8.0,,,,
330,1647,control,-0.022030718865024747,8,2147.0,control,-0.03161098307772722,8.0,1988.0,control,-0.01684009399914091,8.0,2131.0,control,-0.0436209968860857,8.0,1785.0,control,-0.023902812890556194,8.0,,,,
331,267,afa,0.9699112868557316,8,1582.0,control,0.15197978955178715,8.0,2006.0,control,-0.02018456861841822,8.0,1628.0,control,-0.052705912760640336,8.0,1928.0,control,0.10005034304037669,8.0,,,,
332,2137,control,-0.024572791057938994,8,1306.0,alm,0.9314753508461073,8.0,2180.0,dac,0.7698315623019067,8.0,1595.0,control,-0.03945937714639029,8.0,3631.0,osi,0.965032541756036,8.0,,,,
333,52,afa,0.9503409773563865,8,1605.0,control,-0.029490516379574824,8.0,2479.0,dac,0.721602445375263,8.0,3299.0,gef,0.9420339963693949,8.0,1661.0,control,-0.016173496592086757,8.0,,,,
334,2138,control,-0.021570900763235513,8,1521.0,alm,0.9510510733906912,8.0,2300.0,dac,0.7647447696216002,8.0,2996.0,gef,0.9420926653495484,8.0,3461.0,osi,0.9711215233665123,8.0,,,,
335,2008,control,-0.013520606508613045,8,2038.0,control,-0.0375624702655573,8.0,2227.0,dac,0.7741245503568739,8.0,1670.0,control,-0.042822390418168765,8.0,1890.0,control,-0.02421867144681457,8.0,,,,
336,206,afa,0.969173655388527,8,2060.0,control,-0.04356310172310371,8.0,2234.0,dac,0.7142927678507249,8.0,3267.0,gef,0.806263879841695,8.0,3478.0,osi,0.8043868038792056,8.0,,,,
337,735,afa,0.9698640852548571,8,1745.0,control,-0.01663223177283006,8.0,1633.0,control,-0.022093094058973695,8.0,2025.0,control,-0.053898251697270784,8.0,1917.0,control,-0.023916802623697477,8.0,,,,
338,2106,control,0.009172554765289307,8,1548.0,control,-0.0025270986351355537,8.0,2135.0,control,-0.017069750848767634,8.0,1737.0,control,0.029380874563354233,8.0,1995.0,control,-0.005534016085723421,8.0,,,,
339,1634,control,-0.01640885974166069,8,2031.0,control,-0.04253130952553638,8.0,2217.0,dac,0.7770162202840919,8.0,1969.0,control,-0.01894690983973693,8.0,1590.0,control,0.08047137427794201,8.0,,,,
340,1728,control,0.004243663118206783,8,2146.0,control,-0.04103374177060563,8.0,2919.0,dac,0.7599026126495414,8.0,2120.0,control,0.18802022978044353,8.0,2172.0,control,-0.015237337344690707,8.0,,,,
341,904,afa,0.9720739312928843,8,2049.0,control,-0.04342149357794529,8.0,2898.0,dac,0.7737049553000245,8.0,3174.0,gef,0.9429312425211125,8.0,3661.0,osi,0.9469584492356615,8.0,,,,
342,499,afa,0.9559396216062344,8,2027.0,control,-0.04240141513565525,8.0,1637.0,control,0.12335743242810324,8.0,1622.0,control,-0.054035400053185065,8.0,2003.0,control,-0.027949712075196396,8.0,,,,
343,348,afa,0.940138449925961,8,1407.0,alm,0.8433468997975129,8.0,2931.0,dac,0.776006000230714,8.0,3106.0,gef,0.801490879724915,8.0,1936.0,control,-0.024641036053793093,8.0,,,,
344,1785,control,-0.018644210677633357,8,1924.0,control,-0.01839007207777181,8.0,1651.0,control,0.0014511134107806078,8.0,2975.0,gef,0.9294024925253823,8.0,1681.0,control,-0.020325019005932348,8.0,,,,
345,764,afa,0.9680209007498027,8,1011.0,alm,0.8515730930577081,8.0,1697.0,control,-0.019983573676239763,8.0,1995.0,control,-0.04183400568613586,8.0,3624.0,osi,0.8803174042258823,8.0,,,,
346,1705,control,0.035084102292536556,8,1948.0,control,-0.035510857060345,8.0,1593.0,control,-0.020669416084449638,8.0,3094.0,gef,0.8976634055811208,8.0,1622.0,control,-0.027976038027264945,8.0,,,,
347,380,afa,0.9691824264971735,8,1140.0,alm,0.9459364418564415,8.0,2893.0,dac,0.7638313044340941,8.0,3246.0,gef,0.5165102344185035,8.0,3472.0,osi,0.8516335443240796,8.0,,,,
348,1658,control,-0.026493745675478176,8,1492.0,alm,0.4544985336570785,8.0,1660.0,control,-0.021126631360723416,8.0,3283.0,gef,0.8797372434387862,8.0,1566.0,control,-0.014335377245330303,8.0,,,,
349,1605,control,-0.026440816742406482,8,2078.0,control,-0.03847511160482968,8.0,2785.0,dac,0.7694093589617762,8.0,1909.0,control,-0.04738414023936099,8.0,1652.0,control,-0.028098543465148236,8.0,,,,
350,16,afa,0.9368403312421696,8,1304.0,alm,0.9527235817834983,8.0,2212.0,dac,0.7621041811938984,8.0,2020.0,control,-0.05496598934459506,8.0,1941.0,control,-0.02327746080589091,8.0,,,,
351,367,afa,0.9629582919985799,8,1328.0,alm,0.9430132410606494,8.0,1980.0,control,-0.021548172810649788,8.0,1642.0,control,-0.046533968028778225,8.0,3721.0,osi,0.5645709575909392,8.0,,,,
352,702,afa,0.9676671112485943,8,1187.0,alm,0.36764107911364136,8.0,2632.0,dac,0.7752880554832899,8.0,3142.0,gef,0.6869345088969702,8.0,2013.0,control,-0.0158036436322339,8.0,,,,
353,202,afa,0.9663826807958856,8,1214.0,alm,0.9529521837645875,8.0,2635.0,dac,0.7748249713156549,8.0,1966.0,control,-0.04046013092148834,8.0,3610.0,osi,0.9686884847654315,8.0,,,,
354,503,afa,0.93544607554576,8,1301.0,alm,0.9219571033106523,8.0,1565.0,control,-0.018576156300776095,8.0,1928.0,control,0.025746957483962184,8.0,3521.0,osi,0.9699522171746229,8.0,,,,
355,1688,control,-0.026278251095860062,8,1980.0,control,-0.03770798415695728,8.0,2097.0,control,-0.021898412289372504,8.0,2971.0,gef,0.8123430160311371,8.0,2023.0,control,-0.026962437737561434,8.0,,,,
356,461,afa,0.9556943368115834,8,1254.0,alm,0.9530360879335679,8.0,2214.0,dac,0.7770464318822049,8.0,3190.0,gef,0.7375320384385415,8.0,3571.0,osi,0.9191360977130764,8.0,,,,
357,887,afa,0.9570079099084718,8,1846.0,control,-0.042516629835823314,8.0,2159.0,control,-0.021092118122997078,8.0,3233.0,gef,0.7834360556187975,8.0,3389.0,osi,0.9439366525807558,8.0,,,,
358,344,afa,0.9692959245955962,8,1427.0,alm,0.9494756951263426,8.0,1941.0,control,-0.022393643130244376,8.0,3250.0,gef,0.6775239724154796,8.0,2039.0,control,-0.023737555496275944,8.0,,,,
359,1673,control,-0.020369621494723704,8,1048.0,alm,0.9506835385630816,8.0,1678.0,control,-0.015219982846743307,8.0,1828.0,control,0.01886198354390064,8.0,3706.0,osi,0.965772767778441,8.0,,,,
360,649,afa,0.9549410601238931,8,2088.0,control,-0.04439519786102541,8.0,2737.0,dac,0.7029142813901296,8.0,1972.0,control,-0.053799642147327464,8.0,2097.0,control,-0.027042953303488066,8.0,,,,
361,442,afa,0.9704892186232275,8,1649.0,control,0.33880977215202035,8.0,2500.0,dac,0.7722669186486045,8.0,1807.0,control,-0.052519050785859826,8.0,3379.0,osi,0.9687058493757619,8.0,,,,
362,1901,control,-0.0037842943485014956,8,1051.0,alm,0.9537059449576091,8.0,2621.0,dac,0.7529652085683197,8.0,3123.0,gef,0.840126284618335,8.0,2094.0,control,-0.022151483377707296,8.0,,,,
363,1921,control,0.004375916201563631,8,1635.0,control,-0.03232655107210136,8.0,2494.0,dac,0.7286113815995088,8.0,1636.0,control,-0.039721898671194265,8.0,3363.0,osi,0.7109489627430571,8.0,,,,
364,699,afa,0.9689330336275288,8,1645.0,control,-0.03361706285156085,8.0,2489.0,dac,0.7292354869932534,8.0,1568.0,control,-0.006665603983285737,8.0,1784.0,control,-0.022406226555188848,8.0,,,,
365,1896,control,-0.016912099339481637,8,1626.0,control,-0.04359885988734146,8.0,2568.0,dac,0.7690614216121955,8.0,3072.0,gef,0.9305656042670423,8.0,1915.0,control,-0.01541071224493129,8.0,,,,
366,684,afa,0.9681236610661121,8,1629.0,control,-0.03767609233907214,8.0,2939.0,dac,0.7560974928740435,8.0,2013.0,control,-0.05067020753845931,8.0,3649.0,osi,0.9181993171708497,8.0,,,,
367,2099,control,-0.014279167606215839,8,1812.0,control,-0.04005187504903735,8.0,1902.0,control,-0.0017125850226712147,8.0,3308.0,gef,0.9236286279172893,8.0,3575.0,osi,0.9454026976604665,8.0,,,,
368,2080,control,-0.026857980823022622,8,1906.0,control,0.20810129698068008,8.0,1658.0,control,0.0019369464974314243,8.0,2164.0,control,0.16104583230804034,8.0,3601.0,osi,0.9281296580039741,8.0,,,,
369,2090,control,-0.026555620777045565,8,1198.0,alm,0.8930091001347598,8.0,1876.0,control,-0.019942925595850786,8.0,3061.0,gef,0.9328896054351988,8.0,1837.0,control,-0.025043040016616586,8.0,,,,
370,1999,control,-0.0180780323495793,8,1769.0,control,-0.0407916635553259,8.0,2069.0,control,-0.02154693711574812,8.0,1873.0,control,-0.045261311730970255,8.0,1991.0,control,-0.0174310097928499,8.0,,,,
371,64,afa,0.9667099628046987,8,1249.0,alm,0.9476776900597688,8.0,1588.0,control,0.09029284380709449,8.0,1731.0,control,-0.024269748604966,8.0,1907.0,control,0.011827334421089769,8.0,,,,
372,407,afa,0.9679208194399046,8,1411.0,alm,0.9467497562458178,8.0,2241.0,dac,0.758925256556025,8.0,3206.0,gef,0.7253566706851644,8.0,1595.0,control,0.08815306031875375,8.0,,,,
373,1644,control,-0.02711212142855515,8,1315.0,alm,0.9525013039809651,8.0,2200.0,dac,0.7723104890653746,8.0,3230.0,gef,0.7656743495254942,8.0,1798.0,control,-0.021889314394421957,8.0,,,,
374,1926,control,-0.00865857507406518,8,1727.0,control,0.06426996972612947,8.0,2431.0,dac,0.7609579792550524,8.0,2031.0,control,-0.025527197107232842,8.0,3339.0,osi,0.927614162135053,8.0,,,,
375,2163,control,-0.008922252884007678,8,1675.0,control,0.3266240950650446,8.0,2946.0,dac,0.7767903498500595,8.0,2089.0,control,0.047581730687517663,8.0,3357.0,osi,0.872302151809593,8.0,,,,
376,146,afa,0.9641872259809253,8,1947.0,control,-0.02612825857090328,8.0,2070.0,control,-0.022044875485845494,8.0,2012.0,control,-0.026029128404000457,8.0,2007.0,control,-0.027563451831558814,8.0,,,,
377,711,afa,0.972342442168176,8,1132.0,alm,0.9279357498165264,8.0,2319.0,dac,0.7753065059301446,8.0,3128.0,gef,0.8102815805383451,8.0,1682.0,control,-0.007048383815761956,8.0,,,,
378,2118,control,-0.01535981447722228,8,1813.0,control,-0.043208369584369084,8.0,2844.0,dac,0.77493356902645,8.0,2006.0,control,-0.04437727767352402,8.0,2033.0,control,-0.024077244996363593,8.0,,,,
379,1618,control,-0.026409909502080334,8,2021.0,control,-0.02951507110663842,8.0,1629.0,control,-0.021044054111102065,8.0,2099.0,control,-0.033572993483866026,8.0,1763.0,control,-0.021387932586487676,8.0,,,,
380,439,afa,0.9712712822180246,8,1524.0,alm,0.701359398221294,8.0,1848.0,control,-0.018289192265846466,8.0,1714.0,control,-0.04504934252209854,8.0,1750.0,control,-0.016115603065937477,8.0,,,,
381,2084,control,-0.026394716784403794,8,1897.0,control,0.14454312443259087,8.0,2456.0,dac,0.7489496464965095,8.0,2114.0,control,0.09921680406473274,8.0,1844.0,control,-0.02802875966769085,8.0,,,,
382,949,afa,0.9389113905711335,8,1350.0,alm,0.9516476860078714,8.0,2181.0,dac,0.7718530268930027,8.0,3015.0,gef,0.706673383074969,8.0,3528.0,osi,0.9627524153179051,8.0,,,,
383,252,afa,0.9703833951550096,8,1932.0,control,-0.015493158287185976,8.0,2879.0,dac,0.7553279102199135,8.0,1773.0,control,-0.012763636499482714,8.0,1720.0,control,0.14663517166365167,8.0,,,,
384,326,afa,0.965340353616173,8,2140.0,control,-0.021412499703786222,8.0,2496.0,dac,0.7255367581057999,8.0,1677.0,control,-0.04071270945067325,8.0,2081.0,control,-0.02064891346234072,8.0,,,,
385,765,afa,0.9697989365920149,8,1425.0,alm,0.7789448857569561,8.0,1670.0,control,-0.020115109211289256,8.0,1838.0,control,0.028875622232972666,8.0,3401.0,osi,0.9410105217305743,8.0,,,,
386,379,afa,0.9669972686641181,8,2070.0,control,-0.04377438321824871,8.0,2842.0,dac,0.7760418899276957,8.0,1566.0,control,0.03318063206391695,8.0,1839.0,control,0.05541334282736879,8.0,,,,
387,313,afa,0.9659878710706351,8,1722.0,control,-0.016174303974445522,8.0,1917.0,control,-0.02002199185552836,8.0,2985.0,gef,0.8970879525879708,8.0,1736.0,control,0.04848529630410685,8.0,,,,
388,1741,control,-0.010701197323334945,8,1307.0,alm,0.9516459366348153,8.0,1994.0,control,-0.01825338288306569,8.0,2041.0,control,-0.03845445295524892,8.0,1761.0,control,0.037001365492779215,8.0,,,,
389,2056,control,-0.026446477525596992,8,1228.0,alm,0.9288329998648017,8.0,2379.0,dac,0.7621433677935664,8.0,1652.0,control,-0.05430403336262297,8.0,2070.0,control,-0.024140201771060982,8.0,,,,
390,392,afa,0.9712366011553919,8,1818.0,control,-0.03786263645979386,8.0,2690.0,dac,0.6660863192973759,8.0,1819.0,control,0.025650856816549,8.0,1972.0,control,-0.02270066179466173,8.0,,,,
391,331,afa,0.9636355689273436,8,1760.0,control,-0.037039572050664035,8.0,2790.0,dac,0.7744159328115844,8.0,2039.0,control,-0.03760396220467994,8.0,2010.0,control,-0.023673000243351262,8.0,,,,
392,2032,control,0.01567038471006792,8,1522.0,alm,0.9152229775576362,8.0,2716.0,dac,0.7750721461946797,8.0,3133.0,gef,0.6973265004942268,8.0,3563.0,osi,0.966681837529553,8.0,,,,
393,980,afa,0.9599959065253642,8,1782.0,control,-0.012067365901906733,8.0,2092.0,control,-0.021048429217358278,8.0,1544.0,control,-0.05420446301833635,8.0,2000.0,control,-0.018098456325434626,8.0,,,,
394,1853,control,0.37279854486675945,8,1620.0,control,-0.03939952173220162,8.0,1846.0,control,-0.01801281144950391,8.0,2086.0,control,-0.03682977388174628,8.0,2140.0,control,-0.02626060748713094,8.0,,,,
395,170,afa,0.9602497897723411,8,2066.0,control,-0.04277818857171638,8.0,2535.0,dac,0.7691824605739399,8.0,3105.0,gef,0.8858312057033253,8.0,1674.0,control,-0.010108009000708108,8.0,,,,
396,790,afa,0.9673899396552156,8,1033.0,alm,0.9506246207946302,8.0,2268.0,dac,0.7661063156022885,8.0,2980.0,gef,0.5210026412746609,8.0,3657.0,osi,0.9668452512039682,8.0,,,,
397,740,afa,0.9716187212477787,8,1888.0,control,-0.03999145630301952,8.0,1989.0,control,-0.009018396141518184,8.0,2095.0,control,0.01703727217859865,8.0,1583.0,control,-0.014023098466879855,8.0,,,,
398,1839,control,-0.014686434844483266,8,1803.0,control,-0.03577821268189285,8.0,1564.0,control,-0.021307246831202845,8.0,1976.0,control,-0.006405349899623408,8.0,1856.0,control,-0.0268066994525725,8.0,,,,
399,1689,control,0.04338578881129726,8,2061.0,control,0.03553060136811082,8.0,2862.0,dac,0.7743242991300232,8.0,1681.0,control,-0.024001293233806554,8.0,2154.0,control,-0.02562129367642576,8.0,,,,
400,1542,control,-0.022960745590672675,8,1355.0,alm,0.9138138254087397,8.0,2592.0,dac,0.7745048004509777,8.0,1932.0,control,-0.024391611479306324,8.0,1910.0,control,-0.01734797956886249,8.0,,,,
401,1952,control,0.08161378505465156,8,2122.0,control,-0.030517100844167606,8.0,2640.0,dac,0.7453572587530239,8.0,3262.0,gef,0.9448583713152285,8.0,3674.0,osi,0.8696142321639595,8.0,,,,
402,587,afa,0.9657090749607213,8,1230.0,alm,0.9480000654029394,8.0,2596.0,dac,0.7708823073266899,8.0,3266.0,gef,0.9069318997670189,8.0,3613.0,osi,0.8154594118083998,8.0,,,,
403,36,afa,0.9647909137032736,8,2013.0,control,-0.03658731329045639,8.0,2243.0,dac,0.7766540076553464,8.0,2958.0,gef,0.944167064961884,8.0,3628.0,osi,0.9363989297392714,8.0,,,,
404,608,afa,0.9612712375862225,8,1286.0,alm,0.8930673990968395,8.0,1834.0,control,-0.017374401566216058,8.0,,,,,1993.0,control,0.006869150254040314,8.0,,,,
405,456,afa,0.9630801312968846,8,1615.0,control,-0.023669930247834942,8.0,2620.0,dac,0.7759167142226071,8.0,,,,,3499.0,osi,0.9699758764065985,8.0,,,,
406,115,afa,0.9649375574849516,8,1298.0,alm,0.9300276903956118,8.0,1838.0,control,-0.01818103262034676,8.0,,,,,1697.0,control,-0.02581847597878029,8.0,,,,
407,1876,control,-0.02692744686311144,8,1334.0,alm,0.9377156371801137,8.0,1925.0,control,0.01926617725134716,8.0,,,,,3385.0,osi,0.9090752159311682,8.0,,,,
408,472,afa,0.9409302081316377,8,1842.0,control,-0.01724377145446325,8.0,2863.0,dac,0.7749386012214639,8.0,,,,,1988.0,control,-0.011749548242887708,8.0,,,,
409,62,afa,0.9663799584964854,8,1664.0,control,0.05497905706407471,8.0,2391.0,dac,0.7739822505803343,8.0,,,,,1954.0,control,0.554251343578105,8.0,,,,
410,704,afa,0.9716855272318111,8,1684.0,control,-0.04115243660781693,8.0,2036.0,control,-0.021985098895622335,8.0,,,,,1922.0,control,-0.0016539685318068716,8.0,,,,
411,647,afa,0.9721399803926619,8,1700.0,control,-0.039113672136990706,8.0,2197.0,dac,0.7752451348543767,8.0,,,,,1710.0,control,-0.02761822694112307,8.0,,,,
412,2074,control,-0.027313169708078535,8,1125.0,alm,0.9541970196361678,8.0,1976.0,control,0.011735378871958968,8.0,,,,,3627.0,osi,0.9338318954748989,8.0,,,,
413,1877,control,-0.026724766891812336,8,1010.0,alm,0.9132132439342636,8.0,1962.0,control,0.002800948585591434,8.0,,,,,3434.0,osi,0.9504577725240783,8.0,,,,
414,130,afa,0.9615423078878862,8,1222.0,alm,0.9469595366355334,8.0,2086.0,control,-0.022337739187649697,8.0,,,,,3568.0,osi,0.968890923454596,8.0,,,,
415,303,afa,0.9718179980250576,8,2042.0,control,-0.04428890429578405,8.0,1764.0,control,-0.007809163322843232,8.0,,,,,3486.0,osi,0.9654597975983098,8.0,,,,
416,40,afa,0.9354577163874915,8,1726.0,control,-0.011566182199365622,8.0,1728.0,control,0.03918632048609927,8.0,,,,,3621.0,osi,0.9086689637806995,8.0,,,,
417,2043,control,-0.01214224967738087,8,1797.0,control,-0.0422505663766292,8.0,2700.0,dac,0.7743887713779999,8.0,,,,,3324.0,osi,0.8337287244178326,8.0,,,,
418,676,afa,0.9682525114056365,8,1159.0,alm,0.9040281518924599,8.0,2407.0,dac,0.6947461911826104,8.0,,,,,1870.0,control,-0.02252553370179764,8.0,,,,
419,1759,control,-0.00023367516735022312,8,1552.0,control,0.2346905756440783,8.0,1828.0,control,-0.018172306681349837,8.0,,,,,1958.0,control,-0.025115168477927725,8.0,,,,
420,229,afa,0.9687690647247489,8,1250.0,alm,0.922538724631232,8.0,2522.0,dac,0.7402463549608386,8.0,,,,,2083.0,control,-0.016520360030014215,8.0,,,,
421,297,afa,0.9707340289584022,8,1703.0,control,-0.03538115233754435,8.0,2221.0,dac,0.7725430343034386,8.0,,,,,3513.0,osi,0.9664680917017086,8.0,,,,
422,963,afa,0.9442282107859753,8,2023.0,control,-0.04047201533673834,8.0,2848.0,dac,0.7695498085114735,8.0,,,,,2120.0,control,-0.005653459410354757,8.0,,,,
423,214,afa,0.9570787598093857,8,2145.0,control,-0.04281638305583654,8.0,1844.0,control,-0.021674984376019515,8.0,,,,,3411.0,osi,0.9675358115285309,8.0,,,,
424,1822,control,-0.024927770864582022,8,1845.0,control,-0.026734048707327113,8.0,2041.0,control,-0.022477884612629298,8.0,,,,,3435.0,osi,0.9611581009369847,8.0,,,,
425,47,afa,0.9689457665229427,8,1795.0,control,-0.043782428889555275,8.0,1551.0,control,-0.02172053816232973,8.0,,,,,2059.0,control,0.04887151875513682,8.0,,,,
426,2040,control,0.022964743408186567,8,2099.0,control,-0.03764420323460651,8.0,2117.0,control,-0.022334063678625726,8.0,,,,,1846.0,control,-0.025984491274391414,8.0,,,,
427,1571,control,-0.025900931728096557,8,1789.0,control,-0.03894912604788158,8.0,2859.0,dac,0.774601639880684,8.0,,,,,3542.0,osi,0.9635090854342092,8.0,,,,
428,957,afa,0.9483191670899357,8,1098.0,alm,0.9498533112098764,8.0,2103.0,control,-0.020353649500641655,8.0,,,,,,,,,,,,
429,512,afa,0.9619792505310343,8,1625.0,control,-0.0330945672281039,8.0,1855.0,control,-0.013127338314910739,8.0,,,,,,,,,,,,
430,216,afa,0.9689851870449376,8,2072.0,control,-0.04134504652012482,8.0,2127.0,control,-0.007442701416590369,8.0,,,,,,,,,,,,
431,966,afa,0.9418841978975444,8,1491.0,alm,0.9516378562609549,8.0,2096.0,control,-0.018552345037589457,8.0,,,,,,,,,,,,
432,872,afa,0.938826531387836,8,1881.0,control,-0.04348623552811219,8.0,2508.0,dac,0.7672086050917122,8.0,,,,,,,,,,,,
433,1826,control,-0.020593954553869122,8,1681.0,control,-0.03931664633230731,8.0,2416.0,dac,0.7758654488412088,8.0,,,,,,,,,,,,
434,1622,control,-0.024366872251522412,8,1494.0,alm,0.9257464766241748,8.0,2853.0,dac,0.7715406825477086,8.0,,,,,,,,,,,,
435,1992,control,-0.013340585245715622,8,1006.0,alm,0.8358135725411224,8.0,2381.0,dac,0.6819782511654543,8.0,,,,,,,,,,,,
436,625,afa,0.9644051589160488,8,1606.0,control,0.01304546811056629,8.0,2612.0,dac,0.7719628239515247,8.0,,,,,,,,,,,,
437,123,afa,0.9639688431743542,8,1461.0,alm,0.9137263758476595,8.0,2340.0,dac,0.7010960176922186,8.0,,,,,,,,,,,,
438,2069,control,-0.027006090501834782,8,1238.0,alm,0.9116891992896687,8.0,2798.0,dac,0.7721497040305773,8.0,,,,,,,,,,,,
439,207,afa,0.9637502439629011,8,1050.0,alm,0.9246670626913747,8.0,2202.0,dac,0.7690800419582795,8.0,,,,,,,,,,,,
440,855,afa,0.9282243195947536,8,1362.0,alm,0.9502632495875161,8.0,2172.0,control,-0.021686195043931905,8.0,,,,,,,,,,,,
441,217,afa,0.9696725906679615,8,1600.0,control,-0.019163730170981358,8.0,2732.0,dac,0.7661200850624416,8.0,,,,,,,,,,,,
442,771,afa,0.9592353398401497,8,1917.0,control,-0.035577253300726225,8.0,2140.0,control,-0.019775351291129048,8.0,,,,,,,,,,,,
443,911,afa,0.9473956592401203,8,1909.0,control,0.07794893765523411,8.0,2548.0,dac,0.7771990298115505,8.0,,,,,,,,,,,,
444,845,afa,0.9639878839011734,8,1149.0,alm,0.9537781952169827,8.0,2717.0,dac,0.7764194784816539,8.0,,,,,,,,,,,,
445,807,afa,0.9573223322704775,8,1564.0,control,0.30965034666940733,8.0,1747.0,control,-0.01701613468138624,8.0,,,,,,,,,,,,
446,460,afa,0.9696482749493084,8,1783.0,control,-0.03885396805213825,8.0,2682.0,dac,0.7706513615617872,8.0,,,,,,,,,,,,
447,103,afa,0.9461852344130105,8,1466.0,alm,0.8860301148099956,8.0,1839.0,control,-0.014834460977841385,8.0,,,,,,,,,,,,
448,1957,control,0.0030398388310701498,8,1943.0,control,-0.038382293921959486,8.0,1543.0,control,-0.019170231957303968,8.0,,,,,,,,,,,,
449,1800,control,-0.0215843597160309,8,1927.0,control,-0.03902240502369087,8.0,1899.0,control,-0.0015263251339110995,8.0,,,,,,,,,,,,
450,2104,control,0.03741086178048604,8,1385.0,alm,0.9391748729168602,8.0,2056.0,control,-0.02224846447457346,8.0,,,,,,,,,,,,
451,14,afa,0.9644857054919009,8,1100.0,alm,0.945825282944144,8.0,2486.0,dac,0.7696515547657676,8.0,,,,,,,,,,,,
452,20,afa,0.9637603358866419,8,1743.0,control,-0.04320297288260537,8.0,2896.0,dac,0.7744133279084953,8.0,,,,,,,,,,,,
453,481,afa,0.9690058801261116,8,1941.0,control,-0.043539754155521554,8.0,2405.0,dac,0.7748204648392449,8.0,,,,,,,,,,,,
454,1643,control,-0.026924504368073147,8,2105.0,control,-0.03302867086368823,8.0,2881.0,dac,0.7734564574571806,8.0,,,,,,,,,,,,
455,2125,control,0.0067811221754521915,8,2026.0,control,-0.039611745257896964,8.0,2077.0,control,-0.020451735064021148,8.0,,,,,,,,,,,,
456,1568,control,-0.014921047070630113,8,2074.0,control,-0.03168774175845787,8.0,2851.0,dac,0.7760859355550536,8.0,,,,,,,,,,,,
457,806,afa,0.9644140435973022,8,1119.0,alm,0.9310564699994518,8.0,2293.0,dac,0.7664289697315939,8.0,,,,,,,,,,,,
458,985,afa,0.9468595382922176,8,1747.0,control,0.013613748569465851,8.0,2091.0,control,-0.0033497894283289475,8.0,,,,,,,,,,,,
459,150,afa,0.8923325695422979,8,1926.0,control,6.376663512398101e-05,8.0,1618.0,control,-0.010005732605075632,8.0,,,,,,,,,,,,
460,1859,control,0.20351421989734647,8,1133.0,alm,0.9535840600970009,8.0,2878.0,dac,0.7741198214558264,8.0,,,,,,,,,,,,
461,162,afa,0.9705495644213807,8,1592.0,control,-0.009466263674845016,8.0,2015.0,control,-0.02213788430850744,8.0,,,,,,,,,,,,
462,2164,control,-0.017438100760422272,8,1083.0,alm,0.9030366616199648,8.0,2477.0,dac,0.7685791955861512,8.0,,,,,,,,,,,,
463,251,afa,0.9674001165178422,8,1732.0,control,-0.006116066139850759,8.0,2537.0,dac,0.7755326320472931,8.0,,,,,,,,,,,,
464,2165,control,-0.009911873641954273,8,1085.0,alm,0.9452882086371438,8.0,1868.0,control,-0.020380474575082186,8.0,,,,,,,,,,,,
465,978,afa,0.9594319008377785,8,1753.0,control,-0.03577585373377563,8.0,1616.0,control,0.0012879229448207463,8.0,,,,,,,,,,,,
466,1709,control,0.009713263660421734,8,1257.0,alm,0.9552275297145404,8.0,2010.0,control,-0.018308782656094244,8.0,,,,,,,,,,,,
467,1680,control,-0.026680995646690357,8,1280.0,alm,0.9146514348269243,8.0,2005.0,control,-0.020236986456319273,8.0,,,,,,,,,,,,
468,979,afa,0.9643100584193195,8,2035.0,control,-0.04053799182153497,8.0,2255.0,dac,0.7695382599424146,8.0,,,,,,,,,,,,
469,401,afa,0.9717771562159058,8,1708.0,control,0.32146319992396155,8.0,1590.0,control,-0.0020957465663171693,8.0,,,,,,,,,,,,
470,1796,control,-0.02454875025820833,8,1679.0,control,-0.022778605518400136,8.0,2277.0,dac,0.7743859882485531,8.0,,,,,,,,,,,,
471,276,afa,0.9713312200973386,8,,,,,2398.0,dac,0.7765012120517176,8.0,,,,,,,,,,,,
472,219,afa,0.9714082476816537,8,,,,,1577.0,control,-0.02165169917230486,8.0,,,,,,,,,,,,
473,2017,control,-0.02593553747489659,8,,,,,2714.0,dac,0.771436028481039,8.0,,,,,,,,,,,,
474,1614,control,-0.026809712342740946,8,,,,,1801.0,control,-0.009662878914165202,8.0,,,,,,,,,,,,
475,1539,control,-0.02194824126556674,8,,,,,1777.0,control,-0.01737554887725981,8.0,,,,,,,,,,,,
476,1940,control,-0.027428339636265876,8,,,,,1692.0,control,0.0548195318397926,8.0,,,,,,,,,,,,
477,1791,control,-0.023346577338383856,8,,,,,1763.0,control,-0.012392944465870123,8.0,,,,,,,,,,,,
478,157,afa,0.9626452923727791,8,,,,,1946.0,control,-0.021884251714864814,8.0,,,,,,,,,,,,
479,127,afa,0.8963991479778414,8,,,,,2023.0,control,-0.02240220459585507,8.0,,,,,,,,,,,,
480,657,afa,0.9707357731466206,8,,,,,1783.0,control,-0.021657020370258684,8.0,,,,,,,,,,,,
481,648,afa,0.9683348394459402,8,,,,,2687.0,dac,0.7642625591319853,8.0,,,,,,,,,,,,
482,346,afa,0.9719429381703625,8,,,,,1755.0,control,-0.014905162697682703,8.0,,,,,,,,,,,,
483,111,afa,0.7755969025253246,8,,,,,2698.0,dac,0.7654999339500468,8.0,,,,,,,,,,,,
484,1900,control,0.05399206503088472,8,,,,,2424.0,dac,0.7595415713712345,8.0,,,,,,,,,,,,
485,2047,control,-0.015493771427718996,8,,,,,2035.0,control,-0.02055793916611215,8.0,,,,,,,,,,,,
486,1547,control,-0.016751287195034693,8,,,,,2917.0,dac,0.7751051322778003,8.0,,,,,,,,,,,,
487,415,afa,0.9716943806197308,8,,,,,2659.0,dac,0.7761366996212403,8.0,,,,,,,,,,,,
488,710,afa,0.9676879557776954,8,,,,,2644.0,dac,0.7726966910704581,8.0,,,,,,,,,,,,
489,359,afa,0.9712116466188296,8,,,,,2532.0,dac,0.7759758695053537,8.0,,,,,,,,,,,,
490,2114,control,-0.007641427129380655,8,,,,,2696.0,dac,0.7720482108249382,8.0,,,,,,,,,,,,
491,2044,control,-0.02417189513656566,8,,,,,1879.0,control,-0.022191790258875355,8.0,,,,,,,,,,,,
492,233,afa,0.969968917427238,8,,,,,1682.0,control,-0.020584381231866816,8.0,,,,,,,,,,,,
493,37,afa,0.9669321425984847,8,,,,,2623.0,dac,0.7706830175207187,8.0,,,,,,,,,,,,
494,1915,control,0.06676970443778608,8,,,,,2460.0,dac,0.6824495801338408,8.0,,,,,,,,,,,,
495,969,afa,0.9566937559229118,8,,,,,2108.0,control,-0.018875478244272215,8.0,,,,,,,,,,,,
496,701,afa,0.9594841336455479,8,,,,,2145.0,control,-0.02167345214122439,8.0,,,,,,,,,,,,
497,1985,control,-0.027127248450138232,8,,,,,2923.0,dac,0.7684901508188917,8.0,,,,,,,,,,,,
498,152,afa,0.9682809509458851,8,,,,,2000.0,control,-0.019413807281643797,8.0,,,,,,,,,,,,
499,759,afa,0.9640053864384371,8,,,,,2718.0,dac,0.7736767877062338,8.0,,,,,,,,,,,,
500,850,afa,0.887064286878433,8,,,,,2885.0,dac,0.7768402880897626,8.0,,,,,,,,,,,,
501,750,afa,0.9683044844252503,8,,,,,2662.0,dac,0.7646265450076257,8.0,,,,,,,,,,,,
502,453,afa,0.9704830737369305,8,,,,,1732.0,control,0.016514837446757052,8.0,,,,,,,,,,,,
503,340,afa,0.9682167614478521,8,,,,,1562.0,control,-0.020913833763552048,8.0,,,,,,,,,,,,
504,1854,control,0.01937354988729147,8,,,,,2866.0,dac,0.775336652058381,8.0,,,,,,,,,,,,
505,2042,control,-0.022850358411397,8,,,,,1748.0,control,0.046042103952005836,8.0,,,,,,,,,,,,
506,373,afa,0.9712229788067535,8,,,,,2089.0,control,0.012501473071895614,8.0,,,,,,,,,,,,
507,1712,control,-0.02419463254875436,8,,,,,2390.0,dac,0.7577287899153036,8.0,,,,,,,,,,,,
508,2030,control,-0.023407579529589474,8,,,,,1970.0,control,-0.004886167857388352,8.0,,,,,,,,,,,,
509,258,afa,0.9722969339328066,8,,,,,2609.0,dac,0.770995920296897,8.0,,,,,,,,,,,,
510,1726,control,-0.009704069138391395,8,,,,,2280.0,dac,0.7737859251642002,8.0,,,,,,,,,,,,
511,1537,control,-0.02715245991277875,8,,,,,2482.0,dac,0.7333526709339584,8.0,,,,,,,,,,,,
512,1696,control,-0.020391817037890194,8,,,,,1931.0,control,0.002925999508409688,8.0,,,,,,,,,,,,
513,87,afa,0.9618786924243311,8,,,,,2936.0,dac,0.7227655841806417,8.0,,,,,,,,,,,,
514,386,afa,0.9716722972237517,8,,,,,2189.0,dac,0.7767747346249387,8.0,,,,,,,,,,,,
515,731,afa,0.969783622848812,8,,,,,2677.0,dac,0.7685389306688702,8.0,,,,,,,,,,,,
516,416,afa,0.9680856287362175,8,,,,,2928.0,dac,0.7748547744122898,8.0,,,,,,,,,,,,
517,761,afa,0.968692073303919,8,,,,,2273.0,dac,0.7678099855998229,8.0,,,,,,,,,,,,
518,907,afa,0.9649633198805277,8,,,,,2830.0,dac,0.7716573953051987,8.0,,,,,,,,,,,,
519,1675,control,0.027360715281139415,8,,,,,2272.0,dac,0.7763061879757195,8.0,,,,,,,,,,,,
520,673,afa,0.9666171051840718,8,,,,,1969.0,control,-0.021356434070665814,8.0,,,,,,,,,,,,
521,1671,control,-0.020213618946801896,8,,,,,2676.0,dac,0.7682846134961289,8.0,,,,,,,,,,,,
522,737,afa,0.9502627747861826,8,,,,,1602.0,control,-0.005726096098136513,8.0,,,,,,,,,,,,
523,2039,control,-0.025195313161893253,8,,,,,1654.0,control,-0.02072001311676744,8.0,,,,,,,,,,,,
524,1599,control,-0.027387185431862363,8,,,,,2779.0,dac,0.767790173164014,8.0,,,,,,,,,,,,
525,557,afa,0.9707058886766766,8,,,,,2720.0,dac,0.7732801448087456,8.0,,,,,,,,,,,,
526,1787,control,0.6996986318713915,8,,,,,1972.0,control,-0.022166161105543203,8.0,,,,,,,,,,,,
527,804,afa,0.9673684340671159,8,,,,,1878.0,control,0.017051263483065515,8.0,,,,,,,,,,,,
528,85,afa,0.9669925672997625,8,,,,,2547.0,dac,0.7764652082643834,8.0,,,,,,,,,,,,
529,1758,control,-0.019195291473147205,8,,,,,2051.0,control,-0.021521152807752048,8.0,,,,,,,,,,,,
530,1989,control,0.007031207897058796,8,,,,,2114.0,control,-0.017870619581018057,8.0,,,,,,,,,,,,
531,1554,control,-0.02738661471277262,8,,,,,2560.0,dac,0.7757046296193125,8.0,,,,,,,,,,,,
532,853,afa,0.9503317868331899,8,,,,,2442.0,dac,0.7642362412514686,8.0,,,,,,,,,,,,
533,1530,control,0.03678855387116409,8,,,,,2059.0,control,0.027466858736253735,8.0,,,,,,,,,,,,
534,1794,control,-0.02575256118538436,8,,,,,1890.0,control,-0.017262912007829798,8.0,,,,,,,,,,,,
535,781,afa,0.9710019285662178,8,,,,,2480.0,dac,0.7489166754374198,8.0,,,,,,,,,,,,
536,796,afa,0.9699599869216485,8,,,,,2534.0,dac,0.7757421577134275,8.0,,,,,,,,,,,,
537,700,afa,0.9626833455180879,8,,,,,2366.0,dac,0.7554743663518902,8.0,,,,,,,,,,,,
538,1740,control,-0.022583759430281104,8,,,,,1916.0,control,0.09292318556385326,8.0,,,,,,,,,,,,
539,1576,control,-0.02676722118381949,8,,,,,2856.0,dac,0.7757254771361529,8.0,,,,,,,,,,,,
540,128,afa,0.9442310396309019,8,,,,,1667.0,control,-0.021606825931838713,8.0,,,,,,,,,,,,
541,1908,control,-0.024107386441162795,8,,,,,1710.0,control,-0.021844701563529578,8.0,,,,,,,,,,,,
542,867,afa,0.964007744534841,8,,,,,1819.0,control,-0.02025717921805109,8.0,,,,,,,,,,,,
543,744,afa,0.9646373240629215,8,,,,,2821.0,dac,0.7737960203228674,8.0,,,,,,,,,,,,
544,820,afa,0.9566345889529225,8,,,,,1550.0,control,-0.014385456405113642,8.0,,,,,,,,,,,,
545,1597,control,-0.02395500170351257,8,,,,,2883.0,dac,0.7758056590107444,8.0,,,,,,,,,,,,
546,1626,control,-0.020450203710412354,8,,,,,2502.0,dac,0.7671122510861168,8.0,,,,,,,,,,,,
547,1580,control,-0.02677745319907836,8,,,,,1985.0,control,-0.021424645735688808,8.0,,,,,,,,,,,,
548,1849,control,-0.008312639190865868,8,,,,,2509.0,dac,0.7625467776527602,8.0,,,,,,,,,,,,
549,21,afa,0.9680549443165736,8,,,,,2164.0,control,-0.015819757744789303,8.0,,,,,,,,,,,,
550,282,afa,0.9678235915306853,8,,,,,2747.0,dac,0.7749990345389401,8.0,,,,,,,,,,,,
551,390,afa,0.966301486355253,8,,,,,2858.0,dac,0.7769424732630852,8.0,,,,,,,,,,,,
552,728,afa,0.969954553155553,8,,,,,2094.0,control,-0.017665486716169396,8.0,,,,,,,,,,,,
553,1648,control,-0.02554047939180202,8,,,,,2413.0,dac,0.6408549894639569,8.0,,,,,,,,,,,,
554,683,afa,0.9702024554391065,8,,,,,1566.0,control,-0.02069282005705393,8.0,,,,,,,,,,,,
555,419,afa,0.9714482254375034,8,,,,,2078.0,control,-0.018161534160610115,8.0,,,,,,,,,,,,
556,119,afa,0.9649146548255992,8,,,,,1773.0,control,-0.011506918200006558,8.0,,,,,,,,,,,,
557,892,afa,0.9587902120698497,8,,,,,2423.0,dac,0.758890554997503,8.0,,,,,,,,,,,,
558,877,afa,0.9499852861049584,8,,,,,1804.0,control,-0.021964723086128318,8.0,,,,,,,,,,,,
559,2041,control,-0.01839748218109192,8,,,,,1665.0,control,-0.021403137477107412,8.0,,,,,,,,,,,,
560,1663,control,-0.015767860761145405,8,,,,,2880.0,dac,0.7769777049867769,8.0,,,,,,,,,,,,
561,2144,control,-0.02707084789718919,8,,,,,2166.0,control,-0.012722959355858085,8.0,,,,,,,,,,,,
562,1813,control,-0.02134699103651949,8,,,,,2850.0,dac,0.7742301620860996,8.0,,,,,,,,,,,,
563,27,afa,0.9618687659540119,8,,,,,1944.0,control,-0.02173131436790346,8.0,,,,,,,,,,,,
564,724,afa,0.9708222121093972,8,,,,,1995.0,control,-0.017004991822591256,8.0,,,,,,,,,,,,
565,639,afa,0.9604681115007352,8,,,,,2246.0,dac,0.7748796116207154,8.0,,,,,,,,,,,,
566,1552,control,-0.015604575437816529,8,,,,,1630.0,control,-0.02068430746745127,8.0,,,,,,,,,,,,
567,1894,control,0.0945720718992564,8,,,,,1845.0,control,0.004914963771368824,8.0,,,,,,,,,,,,
568,1753,control,-0.014156784387936286,8,,,,,,,,,,,,,,,,,,,,
569,129,afa,0.9588945089391667,8,,,,,,,,,,,,,,,,,,,,
570,53,afa,0.9604444892650494,8,,,,,,,,,,,,,,,,,,,,
571,293,afa,0.9650034203387754,8,,,,,,,,,,,,,,,,,,,,
572,943,afa,0.8691828677264796,8,,,,,,,,,,,,,,,,,,,,
573,1664,control,0.19377407374804764,8,,,,,,,,,,,,,,,,,,,,
574,1841,control,0.05969791603731284,8,,,,,,,,,,,,,,,,,,,,
575,965,afa,0.9165246342522909,8,,,,,,,,,,,,,,,,,,,,
576,288,afa,0.966410834094918,8,,,,,,,,,,,,,,,,,,,,
577,844,afa,0.97153846159916,8,,,,,,,,,,,,,,,,,,,,
578,2020,control,-0.025384035123252404,8,,,,,,,,,,,,,,,,,,,,
579,693,afa,0.9390306070876316,8,,,,,,,,,,,,,,,,,,,,
580,609,afa,0.9282266503660405,8,,,,,,,,,,,,,,,,,,,,
581,161,afa,0.9337542688867523,8,,,,,,,,,,,,,,,,,,,,
582,1719,control,0.6255581655697391,8,,,,,,,,,,,,,,,,,,,,
583,1950,control,-0.024138526376325988,8,,,,,,,,,,,,,,,,,,,,
584,913,afa,0.9563526111219107,8,,,,,,,,,,,,,,,,,,,,
585,2012,control,-0.009741457224555796,8,,,,,,,,,,,,,,,,,,,,
586,1761,control,0.027533490790214606,8,,,,,,,,,,,,,,,,,,,,
587,464,afa,0.9696969319578014,8,,,,,,,,,,,,,,,,,,,,
588,377,afa,0.9688898182816881,8,,,,,,,,,,,,,,,,,,,,
589,563,afa,0.9668622670568815,8,,,,,,,,,,,,,,,,,,,,
590,1910,control,-0.024531272275295637,8,,,,,,,,,,,,,,,,,,,,
591,982,afa,0.9168440632242617,8,,,,,,,,,,,,,,,,,,,,
592,851,afa,0.9580791480926133,8,,,,,,,,,,,,,,,,,,,,
593,2143,control,-0.02706215321672927,8,,,,,,,,,,,,,,,,,,,,
594,1558,control,-0.02507270304744869,8,,,,,,,,,,,,,,,,,,,,
595,151,afa,0.9713603337867274,8,,,,,,,,,,,,,,,,,,,,
596,929,afa,0.9664456502400177,8,,,,,,,,,,,,,,,,,,,,
597,1984,control,-0.023834044667919677,8,,,,,,,,,,,,,,,,,,,,
598,1625,control,-0.02465083191729445,8,,,,,,,,,,,,,,,,,,,,
599,205,afa,0.9711566898536546,8,,,,,,,,,,,,,,,,,,,,
600,953,afa,0.8966686235010796,8,,,,,,,,,,,,,,,,,,,,
601,1608,control,-0.010492961942563262,8,,,,,,,,,,,,,,,,,,,,
602,497,afa,0.970637330302882,8,,,,,,,,,,,,,,,,,,,,
603,1978,control,-0.02061675576853466,8,,,,,,,,,,,,,,,,,,,,
604,232,afa,0.9632782607778448,8,,,,,,,,,,,,,,,,,,,,
605,1879,control,-0.02594468672986876,8,,,,,,,,,,,,,,,,,,,,
606,1698,control,-0.025201153926805487,8,,,,,,,,,,,,,,,,,,,,
607,967,afa,0.9264754083396084,8,,,,,,,,,,,,,,,,,,,,
608,388,afa,0.9708848340005429,8,,,,,,,,,,,,,,,,,,,,
609,1916,control,-0.014924870989605335,8,,,,,,,,,,,,,,,,,,,,
610,1843,control,-0.024938600859080597,8,,,,,,,,,,,,,,,,,,,,
611,575,afa,0.9685057436156217,8,,,,,,,,,,,,,,,,,,,,
612,1824,control,0.014550381095805882,8,,,,,,,,,,,,,,,,,,,,
613,1941,control,-0.027420652036865414,8,,,,,,,,,,,,,,,,,,,,
614,143,afa,0.9708290274897222,8,,,,,,,,,,,,,,,,,,,,
615,840,afa,0.969873364906655,8,,,,,,,,,,,,,,,,,,,,
616,2102,control,-0.003379952830170209,8,,,,,,,,,,,,,,,,,,,,
617,580,afa,0.9683231807252285,8,,,,,,,,,,,,,,,,,,,,
618,473,afa,0.9705155230967555,8,,,,,,,,,,,,,,,,,,,,
619,849,afa,0.9540134742327238,8,,,,,,,,,,,,,,,,,,,,
620,797,afa,0.9676491537653127,8,,,,,,,,,,,,,,,,,,,,
621,1669,control,-0.019281216051541983,8,,,,,,,,,,,,,,,,,,,,
622,1745,control,-0.001515433508850774,8,,,,,,,,,,,,,,,,,,,,
623,970,afa,0.9641517981682622,8,,,,,,,,,,,,,,,,,,,,
624,393,afa,0.969557868577411,8,,,,,,,,,,,,,,,,,,,,
625,2075,control,-0.02641765457019847,8,,,,,,,,,,,,,,,,,,,,
626,1864,control,-0.0005106227560414366,8,,,,,,,,,,,,,,,,,,,,
627,2077,control,-0.025146503953499644,8,,,,,,,,,,,,,,,,,,,,
628,873,afa,0.9422887285514471,8,,,,,,,,,,,,,,,,,,,,
629,1821,control,-0.00383138763977673,8,,,,,,,,,,,,,,,,,,,,
630,775,afa,0.9673623436241072,8,,,,,,,,,,,,,,,,,,,,
631,642,afa,0.9697249013372085,8,,,,,,,,,,,,,,,,,,,,
632,656,afa,0.9718445881891076,8,,,,,,,,,,,,,,,,,,,,
633,420,afa,0.9720001008199147,8,,,,,,,,,,,,,,,,,,,,
634,1687,control,-0.00012681435373907216,8,,,,,,,,,,,,,,,,,,,,
635,45,afa,0.931960170378077,8,,,,,,,,,,,,,,,,,,,,
636,308,afa,0.9715888293011639,8,,,,,,,,,,,,,,,,,,,,
637,1661,control,-0.025459142855342388,8,,,,,,,,,,,,,,,,,,,,
638,1583,control,-0.02467275158383733,8,,,,,,,,,,,,,,,,,,,,
639,1667,control,-0.02683551943545297,8,,,,,,,,,,,,,,,,,,,,
640,733,afa,0.9715348293039526,8,,,,,,,,,,,,,,,,,,,,
641,541,afa,0.9690685727072837,8,,,,,,,,,,,,,,,,,,,,
642,301,afa,0.9725027842334429,8,,,,,,,,,,,,,,,,,,,,
643,2101,control,0.016407500593775135,8,,,,,,,,,,,,,,,,,,,,
644,1,afa,0.9690008012597618,8,,,,,,,,,,,,,,,,,,,,
645,2033,control,-0.02290624252782583,8,,,,,,,,,,,,,,,,,,,,
646,770,afa,0.9632210648121473,8,,,,,,,,,,,,,,,,,,,,
647,2109,control,-0.008934573262393754,8,,,,,,,,,,,,,,,,,,,,
648,2037,control,-0.026531099270518558,8,,,,,,,,,,,,,,,,,,,,
649,71,afa,0.9713797401080334,8,,,,,,,,,,,,,,,,,,,,
650,758,afa,0.9386371628958531,8,,,,,,,,,,,,,,,,,,,,
651,349,afa,0.9718033262655824,8,,,,,,,,,,,,,,,,,,,,
652,226,afa,0.9721109670708192,8,,,,,,,,,,,,,,,,,,,,
653,846,afa,0.9374502008462444,8,,,,,,,,,,,,,,,,,,,,
654,201,afa,0.9719588652831449,8,,,,,,,,,,,,,,,,,,,,
655,1947,control,-0.02368536071270178,8,,,,,,,,,,,,,,,,,,,,
