ObjectNumber,Metadata_cell,Metadata_hour,Metadata_treatment,Metadata_site,Metadata_dish,Metadata_concentration,ObjectNumber,Rc,Region_Ed,Region_pixels_sum,Cell_Ed,Cell_pixels_sum
1,MCF7,2.0,A133,1,1,60.0,1,0.02,0.041227664798498154,1360,0.03737656772136688,2492
1,MCF7,2.0,A133,1,1,60.0,1,0.07,0.05016566067934036,35064,0.04544668272137642,113305
1,MCF7,2.0,A133,1,1,60.0,1,0.12,0.07522324472665787,662,0.05142901465296745,8723
1,MCF7,2.0,A133,1,1,60.0,1,0.17,0.09152575582265854,15,0.08408328145742416,40
2,MCF7,2.0,A133,1,1,60.0,2,0.0,0.03613946959376335,6334,0.03258511424064636,53623
2,MCF7,2.0,A133,1,1,60.0,2,0.05,0.04341532289981842,13207,0.03653544560074806,67113
3,MCF7,2.0,A133,1,1,60.0,3,0.02,0.03887741640210152,16949,0.038733430206775665,49845
3,MCF7,2.0,A133,1,1,60.0,3,0.07,0.045836303383111954,6659,0.04335104674100876,26347
4,MCF7,2.0,A133,1,1,60.0,4,0.01,0.033640168607234955,6718,0.03221586346626282,43550
4,MCF7,2.0,A133,1,1,60.0,4,0.06,0.03686955198645592,7656,0.03498787060379982,23538
1,MCF7,2.0,A133,2,1,60.0,1,0.0,0.03421591594815254,23936,0.03346053510904312,133527
1,MCF7,2.0,A133,2,1,60.0,1,0.05,1.0,1236,1.0,1236
1,MCF7,2.0,A133,3,1,60.0,1,0.06,0.061737317591905594,6293,0.06172887608408928,6353
1,MCF7,2.0,A133,3,1,60.0,1,0.11,0.06580033153295517,15415,0.06383102387189865,33139
1,MCF7,2.0,A133,3,1,60.0,1,0.16,,0,0.0657009556889534,20512
1,MCF7,2.0,A133,3,1,60.0,1,0.21,,0,0.06717430055141449,12138
1,MCF7,2.0,A133,3,1,60.0,1,0.26,,0,0.06989865750074387,6131
1,MCF7,2.0,A133,3,1,60.0,1,0.31,,0,0.07484457641839981,2318
1,MCF7,2.0,A133,3,1,60.0,1,0.36,,0,0.08497564494609833,876
1,MCF7,2.0,A133,3,1,60.0,1,0.41,,0,0.09218591451644897,409
1,MCF7,2.0,A133,3,1,60.0,1,0.46,,0,0.09866639971733093,107
1,MCF7,2.0,A133,4,1,60.0,1,0.06,0.03442468121647835,9,0.03294958919286728,237
1,MCF7,2.0,A133,4,1,60.0,1,0.11,0.053330786526203156,1666,0.03917795047163963,10898
1,MCF7,2.0,A133,4,1,60.0,1,0.16,0.06303054094314575,15924,0.05007663369178772,47116
1,MCF7,2.0,A133,4,1,60.0,1,0.21,0.07330861687660217,17719,0.05551213026046753,53266
1,MCF7,2.0,A133,4,1,60.0,1,0.26,0.07868142426013947,1243,0.04175112023949623,8319
1,MCF7,2.0,A133,4,1,60.0,1,0.31,,0,0.027542438358068466,1082
1,MCF7,2.0,A133,4,1,60.0,1,0.36,,0,0.02767687849700451,83
1,MCF7,2.0,A133,4,1,60.0,1,0.41,,0,,7
2,MCF7,2.0,A133,4,1,60.0,2,0.1,0.026476917788386345,733,0.024728015065193176,912
2,MCF7,2.0,A133,4,1,60.0,2,0.15,0.02684929221868515,21266,0.023978786543011665,30100
2,MCF7,2.0,A133,4,1,60.0,2,0.2,0.025965049862861633,8896,0.018734565004706383,22427
2,MCF7,2.0,A133,4,1,60.0,2,0.25,0.027761906385421753,48,0.009866381995379925,2328
2,MCF7,2.0,A133,4,1,60.0,2,0.3,,0,0.009119483642280102,73
3,MCF7,2.0,A133,4,1,60.0,3,0.02,0.042445968836545944,14924,0.03815959393978119,34199
3,MCF7,2.0,A133,4,1,60.0,3,0.07,0.0593235082924366,1838,0.043696414679288864,16697
4,MCF7,2.0,A133,4,1,60.0,4,0.08,0.0446186400949955,5766,0.044262949377298355,5975
4,MCF7,2.0,A133,4,1,60.0,4,0.13,0.045993294566869736,19019,0.045726798474788666,27141
4,MCF7,2.0,A133,4,1,60.0,4,0.18,0.05696758255362511,1715,0.05955648794770241,6875
4,MCF7,2.0,A133,4,1,60.0,4,0.23,,0,,9
5,MCF7,2.0,A133,4,1,60.0,5,0.02,0.03913436830043793,6167,0.03844605013728142,11992
5,MCF7,2.0,A133,4,1,60.0,5,0.07,0.04452715814113617,14933,0.03561712056398392,64791
5,MCF7,2.0,A133,4,1,60.0,5,0.12,,0,0.03047950379550457,3425
1,MCF7,2.0,A133,5,1,60.0,1,0.05,,1,0.012442031875252724,10
1,MCF7,2.0,A133,5,1,60.0,1,0.1,0.03215474262833595,5530,0.029596569016575813,6844
1,MCF7,2.0,A133,5,1,60.0,1,0.15,0.031560152769088745,23811,0.028734102845191956,38005
1,MCF7,2.0,A133,5,1,60.0,1,0.2,0.025235146284103394,5905,0.024923192337155342,24182
1,MCF7,2.0,A133,5,1,60.0,1,0.25,0.022752268239855766,465,0.024533074349164963,11035
1,MCF7,2.0,A133,5,1,60.0,1,0.3,,1,0.025871293619275093,2461
1,MCF7,2.0,A133,5,1,60.0,1,0.35,,0,0.03223109617829323,260
1,MCF7,2.0,A133,5,1,60.0,1,0.4,,0,0.029697827994823456,18
2,MCF7,2.0,A133,5,1,60.0,2,0.05,0.04495076462626457,19980,0.04517142102122307,22130
2,MCF7,2.0,A133,5,1,60.0,2,0.1,0.044638097286224365,2496,0.045519955456256866,29929
2,MCF7,2.0,A133,5,1,60.0,2,0.15,,0,0.04075644165277481,1349
3,MCF7,2.0,A133,5,1,60.0,3,0.04,0.047644518315792084,8618,0.047735366970300674,9314
3,MCF7,2.0,A133,5,1,60.0,3,0.09,0.04665196314454079,5285,0.04846526309847832,36327
3,MCF7,2.0,A133,5,1,60.0,3,0.14,,0,0.04956287518143654,311
1,MCF7,2.0,A133,6,1,60.0,1,0.06,0.061108846217393875,2157,0.056918807327747345,4903
1,MCF7,2.0,A133,6,1,60.0,1,0.11,0.06461041420698166,6681,0.05830753222107887,23504
1,MCF7,2.0,A133,6,1,60.0,1,0.16,0.05834311991930008,7,0.05923324450850487,3967
1,MCF7,2.0,A133,6,1,60.0,1,0.21,,0,0.06465528160333633,867
1,MCF7,2.0,A133,6,1,60.0,1,0.26,,0,0.0650288388133049,562
1,MCF7,2.0,A133,6,1,60.0,1,0.31,,0,0.06710445135831833,411
1,MCF7,2.0,A133,6,1,60.0,1,0.36,,0,0.06875713169574738,196
1,MCF7,2.0,A133,6,1,60.0,1,0.41,,0,,6
2,MCF7,2.0,A133,6,1,60.0,2,0.03,0.06346870958805084,2171,0.061239127069711685,18802
2,MCF7,2.0,A133,6,1,60.0,2,0.08,0.07087619602680206,5018,0.06570059806108475,14430
2,MCF7,2.0,A133,6,1,60.0,2,0.13,0.07336148619651794,490,0.07211052626371384,608
3,MCF7,2.0,A133,6,1,60.0,3,0.01,0.05678609758615494,8606,0.05690741166472435,27864
3,MCF7,2.0,A133,6,1,60.0,3,0.06,,0,0.05615828186273575,776
4,MCF7,2.0,A133,6,1,60.0,4,0.07,0.05344869941473007,132,0.05372415855526924,139
4,MCF7,2.0,A133,6,1,60.0,4,0.12,0.0831899642944336,5123,0.07840830832719803,9244
4,MCF7,2.0,A133,6,1,60.0,4,0.17,0.10107743740081787,3590,0.10161033272743225,7352
4,MCF7,2.0,A133,6,1,60.0,4,0.22,0.12296780943870544,2095,0.12600234150886536,3852
4,MCF7,2.0,A133,6,1,60.0,4,0.27,0.137021005153656,809,0.13980987668037415,1441
4,MCF7,2.0,A133,6,1,60.0,4,0.32,0.1436850130558014,37,0.14885257184505463,176
5,MCF7,2.0,A133,6,1,60.0,5,0.05,0.06243761628866196,1741,0.060718800872564316,5279
5,MCF7,2.0,A133,6,1,60.0,5,0.1,0.06601665169000626,6928,0.06534449011087418,12844
5,MCF7,2.0,A133,6,1,60.0,5,0.15,0.06871914863586426,21,0.07846327871084213,341
5,MCF7,2.0,A133,6,1,60.0,5,0.2,,0,0.08353768289089203,32
6,MCF7,2.0,A133,6,1,60.0,6,0.02,0.05668036267161369,2145,0.05538823455572128,6279
6,MCF7,2.0,A133,6,1,60.0,6,0.07,0.07510378211736679,2592,0.06992003321647644,6470
6,MCF7,2.0,A133,6,1,60.0,6,0.12,0.09494397789239883,22,0.09265777468681335,99
7,MCF7,2.0,A133,6,1,60.0,7,0.06,0.058716583997011185,2099,0.06061528995633125,3255
7,MCF7,2.0,A133,6,1,60.0,7,0.11,0.06412634998559952,8386,0.06588292866945267,28448
7,MCF7,2.0,A133,6,1,60.0,7,0.16,0.07967962324619293,2068,0.07807231694459915,4370
7,MCF7,2.0,A133,6,1,60.0,7,0.21,0.0863189771771431,409,0.08750741183757782,599
7,MCF7,2.0,A133,6,1,60.0,7,0.26,0.0931849256157875,220,0.09456951916217804,257
7,MCF7,2.0,A133,6,1,60.0,7,0.31,0.09323389083147049,137,0.09553661942481995,157
7,MCF7,2.0,A133,6,1,60.0,7,0.36,0.09601343423128128,24,0.10742515325546265,34
8,MCF7,2.0,A133,6,1,60.0,8,0.06,0.06065630540251732,4074,0.06076766923069954,4095
8,MCF7,2.0,A133,6,1,60.0,8,0.11,0.057984717190265656,19609,0.05885658413171768,24991
8,MCF7,2.0,A133,6,1,60.0,8,0.16,0.06023278832435608,5672,0.06162584573030472,9368
8,MCF7,2.0,A133,6,1,60.0,8,0.21,,0,0.06970711052417755,378
9,MCF7,2.0,A133,6,1,60.0,9,0.02,0.053981367498636246,9034,0.05545606464147568,20441
9,MCF7,2.0,A133,6,1,60.0,9,0.07,0.05550003796815872,2514,0.05372514948248863,7879
1,MCF7,2.0,A133,7,1,60.0,1,0.01,0.039461635053157806,5806,0.03522569686174393,32492
1,MCF7,2.0,A133,7,1,60.0,1,0.06,0.041295941919088364,799,0.036454614251852036,1460
2,MCF7,2.0,A133,7,1,60.0,2,0.01,0.037431370466947556,12284,0.035800427198410034,69053
2,MCF7,2.0,A133,7,1,60.0,2,0.06,0.03934376314282417,257,0.03674202039837837,5395
3,MCF7,2.0,A133,7,1,60.0,3,0.02,0.04059606045484543,11957,0.04018368944525719,17907
3,MCF7,2.0,A133,7,1,60.0,3,0.07,0.043081413954496384,26644,0.042144160717725754,115599
3,MCF7,2.0,A133,7,1,60.0,3,0.12,,0,0.04930591210722923,766
1,MCF7,2.0,A133,8,1,60.0,1,0.05,,0,0.06688685715198517,82
1,MCF7,2.0,A133,8,1,60.0,1,0.1,,0,0.07399331033229828,20597
1,MCF7,2.0,A133,8,1,60.0,1,0.15,0.0763421580195427,310,0.0825309082865715,30293
1,MCF7,2.0,A133,8,1,60.0,1,0.2,0.0809878334403038,3266,0.08857571333646774,27382
1,MCF7,2.0,A133,8,1,60.0,1,0.25,0.09911105781793594,5050,0.09951476752758026,15104
1,MCF7,2.0,A133,8,1,60.0,1,0.3,0.10970186442136765,3000,0.10939718782901764,3963
1,MCF7,2.0,A133,8,1,60.0,1,0.35,0.12038563936948776,2012,0.12002288550138474,2278
1,MCF7,2.0,A133,8,1,60.0,1,0.4,0.1306098848581314,1369,0.13022850453853607,1493
1,MCF7,2.0,A133,8,1,60.0,1,0.45,0.1369008719921112,450,0.13593746721744537,505
1,MCF7,2.0,A133,8,1,60.0,1,0.5,0.14170734584331512,197,0.14167502522468567,264
1,MCF7,2.0,A133,8,1,60.0,1,0.55,0.1545560359954834,76,0.15332095324993134,103
1,MCF7,2.0,A133,8,1,60.0,1,0.6,0.1441369503736496,14,0.14552225172519684,15
2,MCF7,2.0,A133,8,1,60.0,2,0.02,0.041118521243333817,11,0.05166564881801605,299
2,MCF7,2.0,A133,8,1,60.0,2,0.07,0.04357905313372612,40081,0.047270141541957855,74646
2,MCF7,2.0,A133,8,1,60.0,2,0.12,0.04511088505387306,10525,0.05167783796787262,29154
2,MCF7,2.0,A133,8,1,60.0,2,0.17,0.041617657989263535,11,0.06186676025390625,365
3,MCF7,2.0,A133,8,1,60.0,3,0.04,0.059202514588832855,1638,0.05876810476183891,3288
3,MCF7,2.0,A133,8,1,60.0,3,0.09,0.06302995979785919,3413,0.06327757239341736,16222
3,MCF7,2.0,A133,8,1,60.0,3,0.14,,0,0.06924851983785629,346
1,MCF7,2.0,A133,9,1,60.0,1,0.02,0.046517983078956604,7634,0.044628143310546875,15153
1,MCF7,2.0,A133,9,1,60.0,1,0.07,0.054023031145334244,22705,0.0553739070892334,56283
1,MCF7,2.0,A133,9,1,60.0,1,0.12,0.061737626791000366,370,0.06610331684350967,10820
1,MCF7,4.0,A133,0,1,60.0,1,0.08,,0,0.07097893208265305,227
1,MCF7,4.0,A133,0,1,60.0,1,0.13,0.06927233934402466,6196,0.07083584368228912,15928
1,MCF7,4.0,A133,0,1,60.0,1,0.18,0.0740153044462204,3736,0.07026639580726624,7784
1,MCF7,4.0,A133,0,1,60.0,1,0.23,,2,0.06650096923112869,606
1,MCF7,4.0,A133,0,1,60.0,1,0.28,,0,0.07307811081409454,15
2,MCF7,4.0,A133,0,1,60.0,2,0.08,,0,0.06662716716527939,79
2,MCF7,4.0,A133,0,1,60.0,2,0.13,0.06449074298143387,1713,0.06699544191360474,7222
2,MCF7,4.0,A133,0,1,60.0,2,0.18,0.07059929519891739,6274,0.06928414106369019,16401
2,MCF7,4.0,A133,0,1,60.0,2,0.23,0.07574400305747986,948,0.07436263561248779,2555
2,MCF7,4.0,A133,0,1,60.0,2,0.28,,4,0.07858694344758987,46
3,MCF7,4.0,A133,0,1,60.0,3,0.05,0.0652807205915451,11,0.06347158551216125,348
3,MCF7,4.0,A133,0,1,60.0,3,0.1,0.06637301295995712,8348,0.06691469252109528,20708
3,MCF7,4.0,A133,0,1,60.0,3,0.15,0.07496455311775208,82,0.0772567167878151,688
1,MCF7,4.0,A133,1,1,60.0,1,0.0,0.02588481828570366,694,0.02343796379864216,770
1,MCF7,4.0,A133,1,1,60.0,1,0.05,0.031388673931360245,26695,0.023353803902864456,59110
1,MCF7,4.0,A133,1,1,60.0,1,0.1,0.027741974219679832,5,0.0063305143266916275,2984
2,MCF7,4.0,A133,1,1,60.0,2,0.03,0.041176825761795044,1782,0.03422406315803528,7000
2,MCF7,4.0,A133,1,1,60.0,2,0.08,0.05297417938709259,10525,0.03987955302000046,24551
2,MCF7,4.0,A133,1,1,60.0,2,0.13,0.05543947219848633,1700,0.03876141086220741,3729
3,MCF7,4.0,A133,1,1,60.0,3,0.02,0.04584509879350662,5586,0.041175514459609985,14832
3,MCF7,4.0,A133,1,1,60.0,3,0.07,,0,0.03689924627542496,800
4,MCF7,4.0,A133,1,1,60.0,4,0.03,0.047393929213285446,33310,0.047569066286087036,36479
4,MCF7,4.0,A133,1,1,60.0,4,0.08,0.04266515001654625,10217,0.03192650154232979,58457
4,MCF7,4.0,A133,1,1,60.0,4,0.13,,0,0.02657589688897133,15740
4,MCF7,4.0,A133,1,1,60.0,4,0.18,,0,0.027305709198117256,4026
4,MCF7,4.0,A133,1,1,60.0,4,0.23,,0,0.014807073399424553,503
4,MCF7,4.0,A133,1,1,60.0,4,0.28,,0,0.009939076378941536,450
4,MCF7,4.0,A133,1,1,60.0,4,0.33,,0,0.008930027484893799,478
4,MCF7,4.0,A133,1,1,60.0,4,0.38,,0,0.011791556142270565,85
4,MCF7,4.0,A133,1,1,60.0,4,0.43,,0,,6
5,MCF7,4.0,A133,1,1,60.0,5,0.03,0.03667237237095833,11911,0.036550067365169525,12571
5,MCF7,4.0,A133,1,1,60.0,5,0.08,0.032505448907613754,3629,0.028743350878357887,39381
5,MCF7,4.0,A133,1,1,60.0,5,0.13,,0,0.020961137488484383,6290
5,MCF7,4.0,A133,1,1,60.0,5,0.18,,0,0.009313126094639301,235
6,MCF7,4.0,A133,1,1,60.0,6,0.05,0.015610326081514359,652,0.013097335584461689,928
6,MCF7,4.0,A133,1,1,60.0,6,0.1,0.019684573635458946,28185,0.015759548172354698,46517
6,MCF7,4.0,A133,1,1,60.0,6,0.15,0.029934516176581383,14064,0.024152886122465134,25465
6,MCF7,4.0,A133,1,1,60.0,6,0.2,0.03707044944167137,1826,0.03170935437083244,2692
6,MCF7,4.0,A133,1,1,60.0,6,0.25,0.03478342667222023,13,0.020648133009672165,30
7,MCF7,4.0,A133,1,1,60.0,7,0.05,0.048807963728904724,1859,0.048807963728904724,1859
7,MCF7,4.0,A133,1,1,60.0,7,0.1,0.047567665576934814,5757,0.043425366282463074,12888
7,MCF7,4.0,A133,1,1,60.0,7,0.15,0.045739155262708664,931,0.043079402297735214,14041
7,MCF7,4.0,A133,1,1,60.0,7,0.2,,0,0.043992891907691956,1528
8,MCF7,4.0,A133,1,1,60.0,8,0.06,0.03791980445384979,8440,0.0375249870121479,8612
8,MCF7,4.0,A133,1,1,60.0,8,0.11,0.03873348981142044,13664,0.033029910176992416,31553
8,MCF7,4.0,A133,1,1,60.0,8,0.16,0.03896224871277809,1599,0.02521890588104725,17079
8,MCF7,4.0,A133,1,1,60.0,8,0.21,,0,0.016975393518805504,2295
8,MCF7,4.0,A133,1,1,60.0,8,0.26,,0,0.013277020305395126,45
1,MCF7,4.0,A133,10,1,60.0,1,0.02,0.06843909621238708,18705,0.0674184262752533,29552
1,MCF7,4.0,A133,10,1,60.0,1,0.07,0.06376809626817703,1261,0.07158533483743668,15904
2,MCF7,4.0,A133,10,1,60.0,2,0.02,0.06097359210252762,15811,0.06070363149046898,22140
2,MCF7,4.0,A133,10,1,60.0,2,0.07,0.05562855303287506,96,0.05479325354099274,9939
2,MCF7,4.0,A133,10,1,60.0,2,0.12,,0,0.049840014427900314,11362
2,MCF7,4.0,A133,10,1,60.0,2,0.17,,0,0.05295995995402336,1615
1,MCF7,4.0,A133,11,1,60.0,1,0.03,0.04549724981188774,11050,0.04621190205216408,12682
1,MCF7,4.0,A133,11,1,60.0,1,0.08,0.04579566419124603,7684,0.045819900929927826,25764
1,MCF7,4.0,A133,11,1,60.0,1,0.13,,0,0.04259737581014633,1167
1,MCF7,4.0,A133,11,1,60.0,1,0.18,,0,0.04474929720163345,115
2,MCF7,4.0,A133,11,1,60.0,2,0.04,0.04467695578932762,9331,0.04480687528848648,20271
2,MCF7,4.0,A133,11,1,60.0,2,0.09,0.04735506325960159,1815,0.04599452391266823,9697
3,MCF7,4.0,A133,11,1,60.0,3,0.0,0.03865780308842659,8492,0.0354267880320549,13316
3,MCF7,4.0,A133,11,1,60.0,3,0.05,0.038788385689258575,15016,0.03226306289434433,45014
3,MCF7,4.0,A133,11,1,60.0,3,0.1,,0,,6
4,MCF7,4.0,A133,11,1,60.0,4,0.04,0.05921507626771927,2939,0.059413257986307144,3716
4,MCF7,4.0,A133,11,1,60.0,4,0.09,0.06297940760850906,6253,0.05913868173956871,25160
4,MCF7,4.0,A133,11,1,60.0,4,0.14,,0,0.05278146639466286,5172
5,MCF7,4.0,A133,11,1,60.0,5,0.06,0.061379022896289825,2602,0.061399880796670914,5402
5,MCF7,4.0,A133,11,1,60.0,5,0.11,0.06469351798295975,7887,0.05905408784747124,21366
5,MCF7,4.0,A133,11,1,60.0,5,0.16,,0,0.050314761698246,1712
6,MCF7,4.0,A133,11,1,60.0,6,0.01,0.039358146488666534,5538,0.037266019731760025,15344
7,MCF7,4.0,A133,11,1,60.0,7,0.01,0.03793817758560181,47463,0.034753378480672836,103559
7,MCF7,4.0,A133,11,1,60.0,7,0.06,,0,0.02793993428349495,5001
1,MCF7,4.0,A133,12,1,60.0,1,0.01,0.04348282143473625,4193,0.04301071912050247,4454
1,MCF7,4.0,A133,12,1,60.0,1,0.06,0.04416552558541298,6066,0.041993431746959686,21476
2,MCF7,4.0,A133,12,1,60.0,2,0.01,0.04120926558971405,1567,0.0407579243183136,3258
2,MCF7,4.0,A133,12,1,60.0,2,0.06,0.049313735216856,8980,0.048657167702913284,17542
3,MCF7,4.0,A133,12,1,60.0,3,0.05,0.042179714888334274,4502,0.04848102480173111,13586
3,MCF7,4.0,A133,12,1,60.0,3,0.1,0.03751338645815849,215,0.055592961609363556,7684
3,MCF7,4.0,A133,12,1,60.0,3,0.15,,0,0.06739293038845062,89
4,MCF7,4.0,A133,12,1,60.0,4,0.04,0.054628968238830566,269,0.053386807441711426,2556
4,MCF7,4.0,A133,12,1,60.0,4,0.09,0.06800653785467148,6338,0.06622731685638428,18804
5,MCF7,4.0,A133,12,1,60.0,5,0.02,0.05685153976082802,3373,0.05546875298023224,8446
5,MCF7,4.0,A133,12,1,60.0,5,0.07,0.07502881437540054,3298,0.0772804543375969,5234
6,MCF7,4.0,A133,12,1,60.0,6,0.08,,0,0.01646464504301548,109
6,MCF7,4.0,A133,12,1,60.0,6,0.13,0.07101333141326904,820,0.049912016838788986,4536
6,MCF7,4.0,A133,12,1,60.0,6,0.18,0.07140518724918365,2265,0.07076781243085861,6573
6,MCF7,4.0,A133,12,1,60.0,6,0.23,0.08888036757707596,1965,0.092898428440094,4418
6,MCF7,4.0,A133,12,1,60.0,6,0.28,0.10315067321062088,776,0.10287755727767944,1865
6,MCF7,4.0,A133,12,1,60.0,6,0.33,0.12539024651050568,43,0.11163698881864548,206
6,MCF7,4.0,A133,12,1,60.0,6,0.38,,0,0.11131267994642258,33
1,MCF7,4.0,A133,13,1,60.0,1,0.05,0.0793759897351265,244,0.07543230801820755,876
1,MCF7,4.0,A133,13,1,60.0,1,0.1,0.10969395190477371,2070,0.09491598606109619,8993
1,MCF7,4.0,A133,13,1,60.0,1,0.15,0.11055439710617065,569,0.10028723627328873,3031
1,MCF7,4.0,A133,13,1,60.0,1,0.2,,0,0.08606809377670288,172
2,MCF7,4.0,A133,13,1,60.0,2,0.07,0.09458473324775696,977,0.09208700805902481,1187
2,MCF7,4.0,A133,13,1,60.0,2,0.12,0.09705103933811188,10715,0.09067598730325699,23259
2,MCF7,4.0,A133,13,1,60.0,2,0.17,0.09628534317016602,9,0.08773486316204071,1170
3,MCF7,4.0,A133,13,1,60.0,3,0.07,0.09015967696905136,809,0.09295982122421265,2394
3,MCF7,4.0,A133,13,1,60.0,3,0.12,0.0986035019159317,5959,0.09580489248037338,12163
3,MCF7,4.0,A133,13,1,60.0,3,0.17,0.11892834305763245,324,0.11589643359184265,355
4,MCF7,4.0,A133,13,1,60.0,4,0.0,,0,,6
4,MCF7,4.0,A133,13,1,60.0,4,0.05,0.08876091986894608,5056,0.0903812050819397,7789
4,MCF7,4.0,A133,13,1,60.0,4,0.1,0.09390265494585037,4957,0.08581183850765228,26953
4,MCF7,4.0,A133,13,1,60.0,4,0.15,,0,0.07895943522453308,5515
4,MCF7,4.0,A133,13,1,60.0,4,0.2,,0,0.08032315224409103,249
5,MCF7,4.0,A133,13,1,60.0,5,0.0,0.0774272009730339,60,0.06434804946184158,125
5,MCF7,4.0,A133,13,1,60.0,5,0.05,0.07444962859153748,16547,0.0709829032421112,39369
5,MCF7,4.0,A133,13,1,60.0,5,0.1,,0,0.06711360067129135,906
6,MCF7,4.0,A133,13,1,60.0,6,0.05,0.08123764395713806,5732,0.07938985526561737,9058
6,MCF7,4.0,A133,13,1,60.0,6,0.1,0.08011229336261749,4434,0.07734513282775879,13149
6,MCF7,4.0,A133,13,1,60.0,6,0.15,0.07325475662946701,82,0.07452066987752914,1068
7,MCF7,4.0,A133,13,1,60.0,7,0.05,,0,0.06417986005544662,527
7,MCF7,4.0,A133,13,1,60.0,7,0.1,0.09384594857692719,4702,0.08708974719047546,13695
7,MCF7,4.0,A133,13,1,60.0,7,0.15,0.11455202102661133,2041,0.10719208419322968,4101
7,MCF7,4.0,A133,13,1,60.0,7,0.2,,3,0.10125613212585449,536
7,MCF7,4.0,A133,13,1,60.0,7,0.25,,0,0.09640119969844818,245
8,MCF7,4.0,A133,13,1,60.0,8,0.05,0.08510668575763702,7314,0.08560366928577423,7514
8,MCF7,4.0,A133,13,1,60.0,8,0.1,0.09631235152482986,8342,0.08806208521127701,20605
8,MCF7,4.0,A133,13,1,60.0,8,0.15,0.10230706632137299,142,0.08934558928012848,8929
8,MCF7,4.0,A133,13,1,60.0,8,0.2,,0,0.10610274225473404,2489
8,MCF7,4.0,A133,13,1,60.0,8,0.25,,0,0.118477001786232,95
1,MCF7,4.0,A133,14,1,60.0,1,0.03,0.07126560807228088,589,0.07202883809804916,5189
1,MCF7,4.0,A133,14,1,60.0,1,0.08,0.06171310693025589,4017,0.07753352075815201,14010
2,MCF7,4.0,A133,14,1,60.0,2,0.06,0.08218815922737122,13361,0.08588000386953354,29416
2,MCF7,4.0,A133,14,1,60.0,2,0.11,0.09050768613815308,1650,0.08697246760129929,19654
2,MCF7,4.0,A133,14,1,60.0,2,0.16,,0,0.0871552899479866,82
1,MCF7,4.0,A133,2,1,60.0,1,0.0,0.02932586893439293,90,0.024387896060943604,331
1,MCF7,4.0,A133,2,1,60.0,1,0.05,0.03812584653496742,16660,0.037080299109220505,28531
2,MCF7,4.0,A133,2,1,60.0,2,0.06,,0,0.027220195159316063,349
2,MCF7,4.0,A133,2,1,60.0,2,0.11,0.042110979557037354,925,0.036221690475940704,8419
2,MCF7,4.0,A133,2,1,60.0,2,0.16,0.04907161369919777,4219,0.04826623946428299,7822
2,MCF7,4.0,A133,2,1,60.0,2,0.21,0.05566573888063431,3038,0.05519367754459381,4067
2,MCF7,4.0,A133,2,1,60.0,2,0.26,0.05894709378480911,826,0.05773696303367615,1021
2,MCF7,4.0,A133,2,1,60.0,2,0.31,0.06334570050239563,97,0.057919349521398544,139
2,MCF7,4.0,A133,2,1,60.0,2,0.36,,2,,7
3,MCF7,4.0,A133,2,1,60.0,3,0.0,,0,0.014956416562199593,36
3,MCF7,4.0,A133,2,1,60.0,3,0.05,0.043131329119205475,22931,0.041295308619737625,79278
3,MCF7,4.0,A133,2,1,60.0,3,0.1,0.0329320915043354,38,0.042864058166742325,14046
1,MCF7,4.0,A133,3,1,60.0,1,0.0,,0,0.0,3478
1,MCF7,4.0,A133,3,1,60.0,1,0.05,0.029781455174088478,12111,0.02899583987891674,15212
1,MCF7,4.0,A133,3,1,60.0,1,0.1,0.02489495649933815,6073,0.01925903744995594,25076
1,MCF7,4.0,A133,3,1,60.0,1,0.15,0.02358340099453926,9,0.014901421964168549,10689
1,MCF7,4.0,A133,3,1,60.0,1,0.2,,0,0.013762744143605232,1130
1,MCF7,4.0,A133,3,1,60.0,1,0.25,,0,0.01750885881483555,104
1,MCF7,4.0,A133,3,1,60.0,1,0.3,,0,,7
2,MCF7,4.0,A133,3,1,60.0,2,0.01,0.048362910747528076,2663,0.050739508122205734,3597
2,MCF7,4.0,A133,3,1,60.0,2,0.06,0.05775907635688782,10757,0.054760873317718506,34367
2,MCF7,4.0,A133,3,1,60.0,2,0.11,,0,0.06078736484050751,26
3,MCF7,4.0,A133,3,1,60.0,3,0.05,0.05635138601064682,2744,0.05541190877556801,2933
3,MCF7,4.0,A133,3,1,60.0,3,0.1,0.05558207631111145,20604,0.05507088452577591,32588
3,MCF7,4.0,A133,3,1,60.0,3,0.15,0.0507383719086647,8361,0.04924639314413071,22659
3,MCF7,4.0,A133,3,1,60.0,3,0.2,0.047938283532857895,1204,0.0475781112909317,12197
3,MCF7,4.0,A133,3,1,60.0,3,0.25,,3,0.043347541242837906,2279
3,MCF7,4.0,A133,3,1,60.0,3,0.3,,0,0.03822014853358269,48
1,MCF7,4.0,A133,4,1,60.0,1,0.03,0.041367631405591965,24018,0.04147183522582054,45510
1,MCF7,4.0,A133,4,1,60.0,1,0.08,0.03995959460735321,13046,0.039946187287569046,64387
1,MCF7,4.0,A133,4,1,60.0,1,0.13,,4,0.044792257249355316,311
2,MCF7,4.0,A133,4,1,60.0,2,0.02,0.03664509952068329,4522,0.036811258643865585,9598
2,MCF7,4.0,A133,4,1,60.0,2,0.07,0.03726769983768463,13485,0.03716537356376648,44562
3,MCF7,4.0,A133,4,1,60.0,3,0.05,0.05930562689900398,421,0.058167196810245514,7941
3,MCF7,4.0,A133,4,1,60.0,3,0.1,0.06845857203006744,6278,0.06434140354394913,18136
3,MCF7,4.0,A133,4,1,60.0,3,0.15,0.073325514793396,528,0.07232167571783066,643
4,MCF7,4.0,A133,4,1,60.0,4,0.05,0.05572817847132683,63,0.058512404561042786,3083
4,MCF7,4.0,A133,4,1,60.0,4,0.1,0.06986761838197708,4962,0.07034669071435928,15767
4,MCF7,4.0,A133,4,1,60.0,4,0.15,0.0796625018119812,279,0.07973191887140274,302
5,MCF7,4.0,A133,4,1,60.0,5,0.06,,0,0.044982150197029114,1727
5,MCF7,4.0,A133,4,1,60.0,5,0.11,0.053502216935157776,4487,0.051479972898960114,24910
5,MCF7,4.0,A133,4,1,60.0,5,0.16,0.06385453790426254,6387,0.06290547549724579,8848
5,MCF7,4.0,A133,4,1,60.0,5,0.21,0.07452953606843948,2003,0.07434388995170593,2036
5,MCF7,4.0,A133,4,1,60.0,5,0.26,0.07735133171081543,15,0.07735133171081543,15
6,MCF7,4.0,A133,4,1,60.0,6,0.09,,0,0.046703554689884186,193
6,MCF7,4.0,A133,4,1,60.0,6,0.14,0.05098860338330269,520,0.05307992920279503,6978
6,MCF7,4.0,A133,4,1,60.0,6,0.19,0.05434989556670189,987,0.05535665154457092,5994
6,MCF7,4.0,A133,4,1,60.0,6,0.24,0.0642358809709549,1437,0.0652279257774353,5885
6,MCF7,4.0,A133,4,1,60.0,6,0.29,0.0741635337471962,1545,0.07452388107776642,3952
6,MCF7,4.0,A133,4,1,60.0,6,0.34,0.08233875781297684,3419,0.08145472407341003,3959
6,MCF7,4.0,A133,4,1,60.0,6,0.39,0.08906444907188416,2731,0.08807850629091263,2869
6,MCF7,4.0,A133,4,1,60.0,6,0.44,0.08909942954778671,611,0.0876653715968132,649
6,MCF7,4.0,A133,4,1,60.0,6,0.49,0.0888143926858902,82,0.08775771409273148,87
6,MCF7,4.0,A133,4,1,60.0,6,0.54,0.08911552280187607,12,0.07820537686347961,18
7,MCF7,4.0,A133,4,1,60.0,7,0.06,0.0502428375184536,2200,0.04996362701058388,3577
7,MCF7,4.0,A133,4,1,60.0,7,0.11,0.049816641956567764,4572,0.050279416143894196,18141
7,MCF7,4.0,A133,4,1,60.0,7,0.16,,1,0.05241040140390396,410
8,MCF7,4.0,A133,4,1,60.0,8,0.04,0.04661358892917633,629,0.046599965542554855,635
8,MCF7,4.0,A133,4,1,60.0,8,0.09,0.05327055975794792,5138,0.056555893272161484,11606
8,MCF7,4.0,A133,4,1,60.0,8,0.14,0.07551059871912003,5063,0.07465526461601257,15419
8,MCF7,4.0,A133,4,1,60.0,8,0.19,0.08484673500061035,101,0.06338725984096527,484
1,MCF7,4.0,A133,5,1,60.0,1,0.04,0.07439453154802322,85,0.07406365871429443,706
1,MCF7,4.0,A133,5,1,60.0,1,0.09,0.09281778335571289,9695,0.09444115310907364,23209
1,MCF7,4.0,A133,5,1,60.0,1,0.14,0.10237079858779907,1156,0.10109533369541168,2453
2,MCF7,4.0,A133,5,1,60.0,2,0.07,0.08820049464702606,239,0.08352334052324295,724
2,MCF7,4.0,A133,5,1,60.0,2,0.12,0.11263004690408707,8160,0.11569303274154663,17644
2,MCF7,4.0,A133,5,1,60.0,2,0.17,0.1251380443572998,66,0.1327974796295166,4047
2,MCF7,4.0,A133,5,1,60.0,2,0.22,,0,0.15211991965770721,17
3,MCF7,4.0,A133,5,1,60.0,3,0.01,0.07824845612049103,1034,0.08824614435434341,2897
3,MCF7,4.0,A133,5,1,60.0,3,0.06,0.08152379095554352,6950,0.0836423859000206,17203
3,MCF7,4.0,A133,5,1,60.0,3,0.11,0.09603945165872574,2757,0.09596439450979233,5388
1,MCF7,4.0,A133,6,1,60.0,1,0.16,,2,0.08371464163064957,64
1,MCF7,4.0,A133,6,1,60.0,1,0.21,0.1009034514427185,608,0.10076769441366196,903
1,MCF7,4.0,A133,6,1,60.0,1,0.26,0.11614034324884415,3678,0.1141306534409523,5842
1,MCF7,4.0,A133,6,1,60.0,1,0.31,0.12871575355529785,3607,0.12345325201749802,6598
1,MCF7,4.0,A133,6,1,60.0,1,0.36,0.13367220759391785,1948,0.12828998267650604,4290
1,MCF7,4.0,A133,6,1,60.0,1,0.41,0.14181412756443024,65,0.11938442289829254,1245
1,MCF7,4.0,A133,6,1,60.0,1,0.46,,1,0.11172597855329514,676
1,MCF7,4.0,A133,6,1,60.0,1,0.51,,0,0.10962782055139542,478
1,MCF7,4.0,A133,6,1,60.0,1,0.56,,0,0.11253616958856583,425
1,MCF7,4.0,A133,6,1,60.0,1,0.61,,0,0.11741851270198822,290
1,MCF7,4.0,A133,6,1,60.0,1,0.66,,0,0.12164530903100967,276
1,MCF7,4.0,A133,6,1,60.0,1,0.71,,0,0.124701127409935,151
1,MCF7,4.0,A133,6,1,60.0,1,0.76,,0,0.13128158450126648,53
2,MCF7,4.0,A133,6,1,60.0,2,0.09,0.007519718259572983,1062,0.013652271591126919,1181
2,MCF7,4.0,A133,6,1,60.0,2,0.14,0.006372846197336912,4333,0.053420454263687134,13292
2,MCF7,4.0,A133,6,1,60.0,2,0.19,0.0,29,0.07894062995910645,5170
2,MCF7,4.0,A133,6,1,60.0,2,0.24,,0,0.08336763828992844,205
3,MCF7,4.0,A133,6,1,60.0,3,0.06,0.010082845576107502,335,0.031035175547003746,540
3,MCF7,4.0,A133,6,1,60.0,3,0.11,0.0023425158578902483,3198,0.0531039834022522,10901
3,MCF7,4.0,A133,6,1,60.0,3,0.16,0.0,528,0.0762832760810852,7307
3,MCF7,4.0,A133,6,1,60.0,3,0.21,,0,0.09182124584913254,1283
3,MCF7,4.0,A133,6,1,60.0,3,0.26,,0,0.09089244902133942,109
4,MCF7,4.0,A133,6,1,60.0,4,0.17,0.09740239381790161,502,0.09863944351673126,544
4,MCF7,4.0,A133,6,1,60.0,4,0.22,0.1038508489727974,4609,0.10451395064592361,7319
4,MCF7,4.0,A133,6,1,60.0,4,0.27,0.11886943876743317,2873,0.10761646926403046,8044
4,MCF7,4.0,A133,6,1,60.0,4,0.32,0.14207157492637634,386,0.1214161291718483,3775
4,MCF7,4.0,A133,6,1,60.0,4,0.37,,0,0.11045133322477341,948
4,MCF7,4.0,A133,6,1,60.0,4,0.42,,0,0.11823000013828278,525
4,MCF7,4.0,A133,6,1,60.0,4,0.47,,0,0.12016966193914413,394
4,MCF7,4.0,A133,6,1,60.0,4,0.52,,0,0.12290377169847488,231
4,MCF7,4.0,A133,6,1,60.0,4,0.57,,0,0.1258569061756134,12
5,MCF7,4.0,A133,6,1,60.0,5,0.06,0.06036950647830963,123,0.06116786599159241,839
5,MCF7,4.0,A133,6,1,60.0,5,0.11,0.06739237904548645,1601,0.06364025920629501,6654
5,MCF7,4.0,A133,6,1,60.0,5,0.16,0.07593761384487152,1895,0.0687309205532074,9554
5,MCF7,4.0,A133,6,1,60.0,5,0.21,0.09125297516584396,1186,0.08007968962192535,4060
5,MCF7,4.0,A133,6,1,60.0,5,0.26,0.09877634793519974,176,0.09676289558410645,221
1,MCF7,4.0,A133,7,1,60.0,1,0.0,0.0410383976995945,36035,0.04292230308055878,98560
1,MCF7,4.0,A133,7,1,60.0,1,0.05,0.041841957718133926,5719,0.044721197336912155,54743
1,MCF7,4.0,A133,7,1,60.0,1,0.1,,0,0.05449900031089783,1286
1,MCF7,4.0,A133,7,1,60.0,1,0.15,,0,0.0640319362282753,539
1,MCF7,4.0,A133,7,1,60.0,1,0.2,,0,0.06630000472068787,130
2,MCF7,4.0,A133,7,1,60.0,2,0.04,0.047460246831178665,5263,0.046928636729717255,8775
2,MCF7,4.0,A133,7,1,60.0,2,0.09,0.04782908037304878,9964,0.048999473452568054,23704
3,MCF7,4.0,A133,7,1,60.0,3,0.0,0.04482559114694595,8981,0.042903054505586624,15321
3,MCF7,4.0,A133,7,1,60.0,3,0.05,0.04436188563704491,12008,0.04466016963124275,37511
4,MCF7,4.0,A133,7,1,60.0,4,0.04,0.046270016580820084,13193,0.044803448021411896,14412
4,MCF7,4.0,A133,7,1,60.0,4,0.09,0.05513106659054756,16230,0.055076953023672104,60961
4,MCF7,4.0,A133,7,1,60.0,4,0.14,0.05360880866646767,946,0.053927045315504074,12863
4,MCF7,4.0,A133,7,1,60.0,4,0.19,,0,0.05421047657728195,148
5,MCF7,4.0,A133,7,1,60.0,5,0.07,0.0558515302836895,4899,0.05648600682616234,9573
5,MCF7,4.0,A133,7,1,60.0,5,0.12,0.06495708972215652,2884,0.06260928511619568,8651
1,MCF7,4.0,A133,8,1,60.0,1,0.02,0.04947218671441078,11787,0.04909125342965126,33897
1,MCF7,4.0,A133,8,1,60.0,1,0.07,,1,0.051863741129636765,8631
2,MCF7,4.0,A133,8,1,60.0,2,0.03,0.05462309718132019,12510,0.0548420324921608,20633
2,MCF7,4.0,A133,8,1,60.0,2,0.08,0.055601298809051514,2209,0.0507093109190464,7031
3,MCF7,4.0,A133,8,1,60.0,3,0.03,0.05025564506649971,19,0.05448991805315018,2454
3,MCF7,4.0,A133,8,1,60.0,3,0.08,0.06369351595640182,3681,0.06368181854486465,27859
3,MCF7,4.0,A133,8,1,60.0,3,0.13,0.07631421834230423,4954,0.07548897713422775,6011
3,MCF7,4.0,A133,8,1,60.0,3,0.18,0.09329680353403091,74,0.09252020716667175,76
1,MCF7,4.0,A133,9,1,60.0,1,0.03,0.05371891334652901,5770,0.05305752530694008,7763
1,MCF7,4.0,A133,9,1,60.0,1,0.08,0.055466655641794205,1957,0.0529220774769783,19306
1,MCF7,4.0,A133,9,1,60.0,1,0.13,,0,0.05212043970823288,1075
2,MCF7,4.0,A133,9,1,60.0,2,0.03,0.05461980029940605,9221,0.05372007563710213,9917
2,MCF7,4.0,A133,9,1,60.0,2,0.08,0.054086484014987946,10547,0.054596032947301865,32603
2,MCF7,4.0,A133,9,1,60.0,2,0.13,,0,0.061205700039863586,120
3,MCF7,4.0,A133,9,1,60.0,3,0.09,0.060046080499887466,3181,0.059995174407958984,3262
3,MCF7,4.0,A133,9,1,60.0,3,0.14,0.06101718917489052,20029,0.061173971742391586,42113
3,MCF7,4.0,A133,9,1,60.0,3,0.19,0.057431500405073166,7688,0.06097421422600746,34544
3,MCF7,4.0,A133,9,1,60.0,3,0.24,0.05889410898089409,2896,0.06392727792263031,9511
3,MCF7,4.0,A133,9,1,60.0,3,0.29,0.05923718959093094,517,0.06589296460151672,2194
3,MCF7,4.0,A133,9,1,60.0,3,0.34,0.058901719748973846,8,0.07193686068058014,179
4,MCF7,4.0,A133,9,1,60.0,4,0.08,0.06394702196121216,730,0.06390319764614105,740
4,MCF7,4.0,A133,9,1,60.0,4,0.13,0.06845695525407791,10054,0.0673636645078659,16263
4,MCF7,4.0,A133,9,1,60.0,4,0.18,0.06817510724067688,1891,0.06973326206207275,14809
4,MCF7,4.0,A133,9,1,60.0,4,0.23,,1,0.07450981438159943,3372
4,MCF7,4.0,A133,9,1,60.0,4,0.28,,0,0.08286160975694656,249
4,MCF7,4.0,A133,9,1,60.0,4,0.33,,0,,7
5,MCF7,4.0,A133,9,1,60.0,5,0.18,,0,0.06598524004220963,129
5,MCF7,4.0,A133,9,1,60.0,5,0.23,0.08275189250707626,318,0.07600928097963333,3589
5,MCF7,4.0,A133,9,1,60.0,5,0.28,0.09138701111078262,604,0.08869554102420807,6872
5,MCF7,4.0,A133,9,1,60.0,5,0.33,0.11256241798400879,841,0.10694854706525803,7968
5,MCF7,4.0,A133,9,1,60.0,5,0.38,0.1229083463549614,1326,0.1190306693315506,6216
5,MCF7,4.0,A133,9,1,60.0,5,0.43,0.13219419121742249,1069,0.1288449615240097,2837
5,MCF7,4.0,A133,9,1,60.0,5,0.48,0.1427537053823471,655,0.13705669343471527,1088
5,MCF7,4.0,A133,9,1,60.0,5,0.53,0.14931093156337738,514,0.14408643543720245,625
5,MCF7,4.0,A133,9,1,60.0,5,0.58,0.154091477394104,342,0.1464657038450241,429
5,MCF7,4.0,A133,9,1,60.0,5,0.63,0.16225671768188477,136,0.1510486900806427,182
5,MCF7,4.0,A133,9,1,60.0,5,0.68,0.1713280975818634,31,0.14613349735736847,66
5,MCF7,4.0,A133,9,1,60.0,5,0.73,0.17334720492362976,8,0.14892137050628662,14
6,MCF7,4.0,A133,9,1,60.0,6,0.17,0.0724155455827713,28,0.07165415585041046,29
6,MCF7,4.0,A133,9,1,60.0,6,0.22,0.07853708416223526,3210,0.07807009667158127,3356
6,MCF7,4.0,A133,9,1,60.0,6,0.27,0.08462988585233688,5631,0.08247572928667068,8547
6,MCF7,4.0,A133,9,1,60.0,6,0.32,0.08163252472877502,1589,0.08455619215965271,8030
6,MCF7,4.0,A133,9,1,60.0,6,0.37,0.06623701751232147,154,0.08929664641618729,4764
6,MCF7,4.0,A133,9,1,60.0,6,0.42,0.06296922266483307,8,0.09383095800876617,2032
6,MCF7,4.0,A133,9,1,60.0,6,0.47,,0,0.10079970955848694,709
6,MCF7,4.0,A133,9,1,60.0,6,0.52,,0,0.1103745549917221,217
6,MCF7,4.0,A133,9,1,60.0,6,0.57,,0,0.11973309516906738,40
7,MCF7,4.0,A133,9,1,60.0,7,0.0,0.054906200617551804,1845,0.04797413572669029,5019
7,MCF7,4.0,A133,9,1,60.0,7,0.05,0.05376431345939636,29871,0.055130332708358765,98898
7,MCF7,4.0,A133,9,1,60.0,7,0.1,,0,0.06075282394886017,99
1,MCF7,6.0,A133,0,1,60.0,1,0.0,0.04887222871184349,6,0.029589273035526276,76
1,MCF7,6.0,A133,0,1,60.0,1,0.05,0.04808042198419571,16917,0.04821627587080002,26744
1,MCF7,6.0,A133,0,1,60.0,1,0.1,0.05565699562430382,9577,0.055296435952186584,11032
1,MCF7,6.0,A133,0,1,60.0,1,0.15,0.06067841127514839,353,0.060673028230667114,356
2,MCF7,6.0,A133,0,1,60.0,2,0.01,0.03911862522363663,19325,0.039694495499134064,44969
2,MCF7,6.0,A133,0,1,60.0,2,0.06,0.03987053036689758,28,0.050425879657268524,1063
3,MCF7,6.0,A133,0,1,60.0,3,0.03,0.04631232097744942,5002,0.044290073215961456,6454
3,MCF7,6.0,A133,0,1,60.0,3,0.08,0.045773763209581375,6964,0.047955386340618134,36188
3,MCF7,6.0,A133,0,1,60.0,3,0.13,,0,0.051475994288921356,1933
4,MCF7,6.0,A133,0,1,60.0,4,0.07,0.05116461217403412,840,0.05740707367658615,1180
4,MCF7,6.0,A133,0,1,60.0,4,0.12,0.06003798544406891,8710,0.057041410356760025,21223
4,MCF7,6.0,A133,0,1,60.0,4,0.17,0.05290394648909569,531,0.0537385530769825,6763
4,MCF7,6.0,A133,0,1,60.0,4,0.22,,0,0.053993530571460724,410
4,MCF7,6.0,A133,0,1,60.0,4,0.27,,0,0.059548087418079376,71
5,MCF7,6.0,A133,0,1,60.0,5,0.05,0.044835902750492096,3468,0.04416876286268234,3649
5,MCF7,6.0,A133,0,1,60.0,5,0.1,0.048068951815366745,7578,0.049291059374809265,23975
5,MCF7,6.0,A133,0,1,60.0,5,0.15,,4,0.05770939961075783,5468
5,MCF7,6.0,A133,0,1,60.0,5,0.2,,0,0.05821802467107773,92
1,MCF7,6.0,A133,1,1,60.0,1,0.0,0.031911108642816544,22,0.027101630344986916,43
1,MCF7,6.0,A133,1,1,60.0,1,0.05,0.031978506594896317,28239,0.03163095563650131,84811
1,MCF7,6.0,A133,1,1,60.0,1,0.1,,0,0.032624926418066025,442
2,MCF7,6.0,A133,1,1,60.0,2,0.02,0.03631219267845154,32773,0.036565039306879044,42080
2,MCF7,6.0,A133,1,1,60.0,2,0.07,0.034951310604810715,10153,0.03645167872309685,47580
2,MCF7,6.0,A133,1,1,60.0,2,0.12,,0,0.049250390380620956,388
1,MCF7,6.0,A133,2,1,60.0,1,0.01,0.04792065918445587,6856,0.04962412267923355,31248
2,MCF7,6.0,A133,2,1,60.0,2,0.01,0.04546432942152023,9088,0.04701537266373634,25200
1,MCF7,6.0,A133,3,1,60.0,1,0.02,0.04976248741149902,8194,0.047251589596271515,12231
1,MCF7,6.0,A133,3,1,60.0,1,0.07,0.0552852638065815,14964,0.05501078814268112,51244
1,MCF7,6.0,A133,3,1,60.0,1,0.12,1.0,6,,6
1,MCF7,6.0,A133,3,1,60.0,1,0.17,1.0,23,1.0,23
2,MCF7,6.0,A133,3,1,60.0,2,0.03,0.04513372480869293,12283,0.04465445131063461,31060
2,MCF7,6.0,A133,3,1,60.0,2,0.08,0.04898129031062126,15955,0.0488058440387249,45531
2,MCF7,6.0,A133,3,1,60.0,2,0.13,0.04866120219230652,107,0.0480135977268219,1297
3,MCF7,6.0,A133,3,1,60.0,3,0.01,0.04493016004562378,9310,0.04572293534874916,16102
3,MCF7,6.0,A133,3,1,60.0,3,0.06,0.05249832570552826,3787,0.0498870387673378,37607
3,MCF7,6.0,A133,3,1,60.0,3,0.11,1.0,13,1.0,13
4,MCF7,6.0,A133,3,1,60.0,4,0.04,0.05393008887767792,13291,0.054364100098609924,18720
4,MCF7,6.0,A133,3,1,60.0,4,0.09,0.055008575320243835,7754,0.05819006636738777,32608
5,MCF7,6.0,A133,3,1,60.0,5,0.08,0.07168447226285934,1494,0.06988347321748734,2049
5,MCF7,6.0,A133,3,1,60.0,5,0.13,0.08409004658460617,5289,0.09108481556177139,19401
5,MCF7,6.0,A133,3,1,60.0,5,0.18,0.07528410851955414,1737,0.08678775280714035,5264
5,MCF7,6.0,A133,3,1,60.0,5,0.23,0.0946151465177536,952,0.09218662977218628,1083
5,MCF7,6.0,A133,3,1,60.0,5,0.28,0.012211538851261139,742,0.012211538851261139,742
5,MCF7,6.0,A133,3,1,60.0,5,0.33,0.0,472,0.0,472
5,MCF7,6.0,A133,3,1,60.0,5,0.38,0.0,214,0.0,214
5,MCF7,6.0,A133,3,1,60.0,5,0.43,0.0,31,0.0,31
1,MCF7,6.0,A133,4,1,60.0,1,0.0,0.025861913338303566,96,0.04415762051939964,1747
1,MCF7,6.0,A133,4,1,60.0,1,0.05,0.05138084292411804,10807,0.04806580767035484,55499
2,MCF7,6.0,A133,4,1,60.0,2,0.04,,0,0.06082018092274666,3859
2,MCF7,6.0,A133,4,1,60.0,2,0.09,0.07454337179660797,4480,0.06820786744356155,46516
2,MCF7,6.0,A133,4,1,60.0,2,0.14,0.07544846832752228,5892,0.07525224983692169,7236
2,MCF7,6.0,A133,4,1,60.0,2,0.19,0.06824855506420135,156,0.06421910226345062,212
3,MCF7,6.0,A133,4,1,60.0,3,0.04,,0,0.052808310836553574,4413
3,MCF7,6.0,A133,4,1,60.0,3,0.09,0.07354552298784256,1300,0.06636790931224823,29493
3,MCF7,6.0,A133,4,1,60.0,3,0.14,0.07787926495075226,6230,0.07840677350759506,8350
3,MCF7,6.0,A133,4,1,60.0,3,0.19,0.09021838754415512,2028,0.0897982120513916,2140
3,MCF7,6.0,A133,4,1,60.0,3,0.24,0.0968995988368988,398,0.09682293981313705,402
3,MCF7,6.0,A133,4,1,60.0,3,0.29,0.0938924178481102,49,0.0938924178481102,49
1,MCF7,6.0,A133,5,1,60.0,1,0.0,,0,0.0008942947024479508,220
1,MCF7,6.0,A133,5,1,60.0,1,0.05,0.06859330832958221,2487,0.07293040305376053,19007
1,MCF7,6.0,A133,5,1,60.0,1,0.1,0.07474935054779053,11875,0.0771767720580101,27704
1,MCF7,6.0,A133,5,1,60.0,1,0.15,0.0845758244395256,10649,0.08506285399198532,13459
1,MCF7,6.0,A133,5,1,60.0,1,0.2,0.09296605736017227,6032,0.09324958920478821,6724
1,MCF7,6.0,A133,5,1,60.0,1,0.25,0.10171690583229065,372,0.10220102965831757,414
1,MCF7,6.0,A133,5,1,60.0,1,0.3,,1,,6
2,MCF7,6.0,A133,5,1,60.0,2,0.01,0.04924444481730461,3680,0.05184251070022583,23285
2,MCF7,6.0,A133,5,1,60.0,2,0.06,0.05377670004963875,12778,0.05436316505074501,23563
3,MCF7,6.0,A133,5,1,60.0,3,0.03,0.05830686166882515,1844,0.06098131090402603,9567
3,MCF7,6.0,A133,5,1,60.0,3,0.08,0.06737218052148819,9889,0.06656446307897568,25008
3,MCF7,6.0,A133,5,1,60.0,3,0.13,0.08138320595026016,7250,0.08175797015428543,8028
3,MCF7,6.0,A133,5,1,60.0,3,0.18,0.09292585402727127,1310,0.09290026873350143,1311
3,MCF7,6.0,A133,5,1,60.0,3,0.23,0.09725242108106613,6,,6
4,MCF7,6.0,A133,5,1,60.0,4,0.0,0.04222392663359642,2114,0.04571092501282692,2748
4,MCF7,6.0,A133,5,1,60.0,4,0.05,0.04709417000412941,9545,0.05089776590466499,49092
5,MCF7,6.0,A133,5,1,60.0,5,0.0,0.03762281686067581,5824,0.03943217545747757,24081
5,MCF7,6.0,A133,5,1,60.0,5,0.05,0.04929856210947037,3561,0.05099254846572876,3855
6,MCF7,6.0,A133,5,1,60.0,6,0.01,0.0413702018558979,8561,0.042352788150310516,29663
6,MCF7,6.0,A133,5,1,60.0,6,0.06,0.05095270648598671,1150,0.05103450268507004,1153
1,MCF7,6.0,A133,6,1,60.0,1,0.0,0.03200877085328102,24,0.02312597446143627,698
1,MCF7,6.0,A133,6,1,60.0,1,0.05,0.04452680051326752,35647,0.04425223916769028,64851
1,MCF7,6.0,A133,6,1,60.0,1,0.1,0.06261322647333145,2136,0.06070120260119438,3453
1,MCF7,6.0,A133,6,1,60.0,1,0.15,,0,,6
2,MCF7,6.0,A133,6,1,60.0,2,0.04,0.0507221557199955,1768,0.0506911426782608,8337
2,MCF7,6.0,A133,6,1,60.0,2,0.09,0.058060552924871445,11128,0.055159296840429306,29490
2,MCF7,6.0,A133,6,1,60.0,2,0.14,0.06560314446687698,5923,0.06489895284175873,6581
2,MCF7,6.0,A133,6,1,60.0,2,0.19,0.06735654175281525,69,0.06675846129655838,72
3,MCF7,6.0,A133,6,1,60.0,3,0.01,0.037178441882133484,18106,0.03838980942964554,42869
3,MCF7,6.0,A133,6,1,60.0,3,0.06,0.04138152301311493,8727,0.041688770055770874,30619
4,MCF7,6.0,A133,6,1,60.0,4,0.04,0.04914974421262741,247,0.04743378981947899,2709
4,MCF7,6.0,A133,6,1,60.0,4,0.09,0.05542958900332451,1110,0.056394658982753754,23346
4,MCF7,6.0,A133,6,1,60.0,4,0.14,0.06929025799036026,3586,0.06658010929822922,12119
4,MCF7,6.0,A133,6,1,60.0,4,0.19,0.07899302244186401,3524,0.07780466228723526,4545
4,MCF7,6.0,A133,6,1,60.0,4,0.24,0.08660665154457092,2950,0.08623981475830078,3165
4,MCF7,6.0,A133,6,1,60.0,4,0.29,0.09343867003917694,1404,0.0933394655585289,1481
4,MCF7,6.0,A133,6,1,60.0,4,0.34,0.09651324152946472,473,0.09651324152946472,473
4,MCF7,6.0,A133,6,1,60.0,4,0.39,0.09315545856952667,160,0.09315545856952667,160
4,MCF7,6.0,A133,6,1,60.0,4,0.44,0.0870606079697609,21,0.0870606079697609,21
4,MCF7,6.0,A133,6,1,60.0,4,0.49,0.09009319543838501,9,,9
5,MCF7,6.0,A133,6,1,60.0,5,0.02,0.037372224032878876,23011,0.037457484751939774,31647
5,MCF7,6.0,A133,6,1,60.0,5,0.07,0.042463310062885284,249,0.03710293769836426,4257
6,MCF7,6.0,A133,6,1,60.0,6,0.04,0.035510603338479996,3280,0.035589270293712616,3320
6,MCF7,6.0,A133,6,1,60.0,6,0.09,0.0397990345954895,19271,0.04104715213179588,40057
6,MCF7,6.0,A133,6,1,60.0,6,0.14,0.03991963341832161,34,0.04320914298295975,735
1,MCF7,6.0,A133,7,1,60.0,1,0.02,0.0873902291059494,715,0.08828694373369217,2400
1,MCF7,6.0,A133,7,1,60.0,1,0.07,0.10718319565057755,9092,0.104685939848423,47308
1,MCF7,6.0,A133,7,1,60.0,1,0.12,0.12247148901224136,5743,0.1259642094373703,13196
1,MCF7,6.0,A133,7,1,60.0,1,0.17,,0,0.1441631317138672,134
1,MCF7,6.0,A133,7,1,60.0,1,0.22,,0,0.15894542634487152,50
1,MCF7,6.0,A133,7,1,60.0,1,0.27,,0,0.16277900338172913,37
1,MCF7,6.0,A133,7,1,60.0,1,0.32,,0,0.17036202549934387,11
2,MCF7,6.0,A133,7,1,60.0,2,0.02,0.08551944047212601,17286,0.08336007595062256,41400
2,MCF7,6.0,A133,7,1,60.0,2,0.07,0.08075795322656631,47,0.08553614467382431,8392
3,MCF7,6.0,A133,7,1,60.0,3,0.03,0.08562155067920685,17647,0.0852733850479126,20198
3,MCF7,6.0,A133,7,1,60.0,3,0.08,0.08605536073446274,5136,0.08281462639570236,19418
4,MCF7,6.0,A133,7,1,60.0,4,0.05,0.024950794875621796,10008,0.04274440184235573,14715
4,MCF7,6.0,A133,7,1,60.0,4,0.1,0.06436306238174438,316,0.08745470643043518,20314
4,MCF7,6.0,A133,7,1,60.0,4,0.15,,0,0.08893140405416489,26
5,MCF7,6.0,A133,7,1,60.0,5,0.01,0.08482569456100464,9884,0.08588940650224686,33443
5,MCF7,6.0,A133,7,1,60.0,5,0.06,0.0919962078332901,1235,0.08780986070632935,6253
1,MCF7,6.0,A133,8,1,60.0,1,0.03,0.053179651498794556,3303,0.053179651498794556,3303
1,MCF7,6.0,A133,8,1,60.0,1,0.08,0.0652724951505661,10962,0.06366012245416641,15807
1,MCF7,6.0,A133,8,1,60.0,1,0.13,0.06858524680137634,1101,0.06617652624845505,16908
1,MCF7,6.0,A133,8,1,60.0,1,0.18,,0,0.0714600533246994,7896
1,MCF7,6.0,A133,8,1,60.0,1,0.23,,0,0.07362344861030579,470
2,MCF7,6.0,A133,8,1,60.0,2,0.05,0.05045924708247185,2657,0.05396135896444321,14194
2,MCF7,6.0,A133,8,1,60.0,2,0.1,0.0558200441300869,5044,0.05564088374376297,22319
2,MCF7,6.0,A133,8,1,60.0,2,0.15,0.06505300104618073,4313,0.06101074814796448,10913
2,MCF7,6.0,A133,8,1,60.0,2,0.2,0.07958312332630157,3012,0.07083182781934738,6085
2,MCF7,6.0,A133,8,1,60.0,2,0.25,0.08633945882320404,106,0.07032155245542526,361
3,MCF7,6.0,A133,8,1,60.0,3,0.06,0.05493972823023796,3156,0.05511815473437309,3269
3,MCF7,6.0,A133,8,1,60.0,3,0.11,0.05645492672920227,14829,0.05605142563581467,32369
3,MCF7,6.0,A133,8,1,60.0,3,0.16,0.05671251192688942,30,0.05738212913274765,4969
4,MCF7,6.0,A133,8,1,60.0,4,0.03,0.048910751938819885,14895,0.05062764510512352,17991
4,MCF7,6.0,A133,8,1,60.0,4,0.08,0.04919590428471565,4147,0.04972304031252861,15545
5,MCF7,6.0,A133,8,1,60.0,5,0.03,0.055374886840581894,792,0.055482007563114166,892
5,MCF7,6.0,A133,8,1,60.0,5,0.08,0.060086287558078766,9124,0.06019770726561546,30138
5,MCF7,6.0,A133,8,1,60.0,5,0.13,,0,0.06467288732528687,42
6,MCF7,6.0,A133,8,1,60.0,6,0.05,0.05573469400405884,3506,0.05466073378920555,4099
6,MCF7,6.0,A133,8,1,60.0,6,0.1,0.058556146919727325,37483,0.058170005679130554,65294
6,MCF7,6.0,A133,8,1,60.0,6,0.15,0.05423340946435928,3987,0.06116296723484993,13947
6,MCF7,6.0,A133,8,1,60.0,6,0.2,,2,0.06929266452789307,661
6,MCF7,6.0,A133,8,1,60.0,6,0.25,,0,0.07152955234050751,266
6,MCF7,6.0,A133,8,1,60.0,6,0.3,,0,0.07465893775224686,100
6,MCF7,6.0,A133,8,1,60.0,6,0.35,,0,0.07617764919996262,17
7,MCF7,6.0,A133,8,1,60.0,7,0.05,0.05536263808608055,1354,0.05742334574460983,1434
7,MCF7,6.0,A133,8,1,60.0,7,0.1,0.05953170359134674,16510,0.06054478883743286,26786
7,MCF7,6.0,A133,8,1,60.0,7,0.15,0.05990704894065857,604,0.05398545041680336,9480
7,MCF7,6.0,A133,8,1,60.0,7,0.2,,0,0.05430443584918976,473
1,MCF7,6.0,A133,9,1,60.0,1,0.07,0.03941991552710533,84,0.037153780460357666,101
1,MCF7,6.0,A133,9,1,60.0,1,0.12,0.044563811272382736,9120,0.042866967618465424,14554
1,MCF7,6.0,A133,9,1,60.0,1,0.17,0.04939890280365944,13085,0.04607501998543739,23493
1,MCF7,6.0,A133,9,1,60.0,1,0.22,0.05218366160988808,544,0.046699680387973785,3355
1,MCF7,6.0,A133,9,1,60.0,1,0.27,,0,0.04531009867787361,542
1,MCF7,6.0,A133,9,1,60.0,1,0.32,,0,0.04627275466918945,121
1,MCF7,6.0,A133,9,1,60.0,1,0.37,,0,0.04335246980190277,10
2,MCF7,6.0,A133,9,1,60.0,2,0.06,0.04450114816427231,7,0.045151401311159134,48
2,MCF7,6.0,A133,9,1,60.0,2,0.11,0.060957130044698715,672,0.06020426005125046,5158
2,MCF7,6.0,A133,9,1,60.0,2,0.16,0.07179926335811615,3059,0.06822831928730011,13790
2,MCF7,6.0,A133,9,1,60.0,2,0.21,0.08473487943410873,2842,0.083128422498703,4677
2,MCF7,6.0,A133,9,1,60.0,2,0.26,0.09316577017307281,861,0.09181119501590729,1196
2,MCF7,6.0,A133,9,1,60.0,2,0.31,0.10108143836259842,282,0.09954214841127396,428
2,MCF7,6.0,A133,9,1,60.0,2,0.36,0.10828015953302383,120,0.10732168704271317,154
2,MCF7,6.0,A133,9,1,60.0,2,0.41,0.11170776188373566,46,0.1108853816986084,48
2,MCF7,6.0,A133,9,1,60.0,2,0.46,0.11351830512285233,31,0.11377793550491333,33
2,MCF7,6.0,A133,9,1,60.0,2,0.51,0.12287766486406326,15,0.12287766486406326,15
3,MCF7,6.0,A133,9,1,60.0,3,0.07,0.05330950766801834,1514,0.053266312927007675,1532
3,MCF7,6.0,A133,9,1,60.0,3,0.12,0.06307321786880493,10498,0.058074261993169785,36426
3,MCF7,6.0,A133,9,1,60.0,3,0.17,0.06182800605893135,77,0.06077546998858452,5878
4,MCF7,6.0,A133,9,1,60.0,4,0.08,0.042185477912425995,1126,0.04287465289235115,1211
4,MCF7,6.0,A133,9,1,60.0,4,0.13,0.04724432900547981,10674,0.04976736009120941,24557
4,MCF7,6.0,A133,9,1,60.0,4,0.18,0.05006946995854378,5727,0.04975568875670433,22389
4,MCF7,6.0,A133,9,1,60.0,4,0.23,0.04589139670133591,10,0.050857871770858765,1034
4,MCF7,6.0,A133,9,1,60.0,4,0.28,,0,,9
1,MCF7,2.0,A199,1,2,70.0,1,0.0,0.013392261229455471,16836,0.013093462213873863,41010
1,MCF7,2.0,A199,1,2,70.0,1,0.05,0.016816869378089905,25298,0.014952292665839195,107790
1,MCF7,2.0,A199,10,2,70.0,1,0.04,0.08868780732154846,660,0.09427047520875931,9203
1,MCF7,2.0,A199,10,2,70.0,1,0.09,0.1004784032702446,5736,0.09766539931297302,21349
1,MCF7,2.0,A199,10,2,70.0,1,0.14,0.10594916343688965,219,0.10561241209506989,232
2,MCF7,2.0,A199,10,2,70.0,2,0.07,0.10159474611282349,230,0.09934067726135254,7849
2,MCF7,2.0,A199,10,2,70.0,2,0.12,0.11291661113500595,2332,0.1082165315747261,14582
2,MCF7,2.0,A199,10,2,70.0,2,0.17,0.11151793599128723,2939,0.11212833970785141,3375
2,MCF7,2.0,A199,10,2,70.0,2,0.22,0.10328089445829391,210,0.1051238551735878,238
3,MCF7,2.0,A199,10,2,70.0,3,0.02,0.09010867029428482,2117,0.08875048905611038,12844
3,MCF7,2.0,A199,10,2,70.0,3,0.07,0.08763828873634338,7225,0.088721863925457,15163
3,MCF7,2.0,A199,10,2,70.0,3,0.12,0.10329414904117584,20,0.10663951188325882,41
4,MCF7,2.0,A199,10,2,70.0,4,0.02,0.08130927383899689,6078,0.08239824324846268,28608
4,MCF7,2.0,A199,10,2,70.0,4,0.07,0.13500051200389862,5,0.10786852985620499,48
1,MCF7,2.0,A199,11,2,70.0,1,0.0,,0,0.0,1802
1,MCF7,2.0,A199,11,2,70.0,1,0.15,0.053220853209495544,538,0.05332837626338005,541
1,MCF7,2.0,A199,11,2,70.0,1,0.2,0.056201208382844925,5246,0.05777977034449577,5869
1,MCF7,2.0,A199,11,2,70.0,1,0.25,0.06018973886966705,8136,0.06626056879758835,15852
1,MCF7,2.0,A199,11,2,70.0,1,0.3,0.060545988380908966,4335,0.07070302218198776,16656
1,MCF7,2.0,A199,11,2,70.0,1,0.35,0.05728445574641228,2618,0.07150758802890778,10995
1,MCF7,2.0,A199,11,2,70.0,1,0.4,0.057144079357385635,1586,0.07128926366567612,7253
1,MCF7,2.0,A199,11,2,70.0,1,0.45,0.05856567621231079,596,0.07492215931415558,3711
1,MCF7,2.0,A199,11,2,70.0,1,0.5,0.057656168937683105,40,0.08329503238201141,1569
1,MCF7,2.0,A199,11,2,70.0,1,0.55,,0,0.09126292914152145,607
1,MCF7,2.0,A199,11,2,70.0,1,0.6,,0,0.10956671088933945,135
1,MCF7,2.0,A199,11,2,70.0,1,0.65,,0,0.1309126913547516,36
1,MCF7,2.0,A199,11,2,70.0,1,0.7,,0,0.17941538989543915,10
2,MCF7,2.0,A199,11,2,70.0,2,0.0,0.042842257767915726,1723,0.036135949194431305,2097
2,MCF7,2.0,A199,11,2,70.0,2,0.05,0.04626147821545601,24130,0.05106043443083763,59294
2,MCF7,2.0,A199,11,2,70.0,2,0.1,,1,0.07007823884487152,11232
2,MCF7,2.0,A199,11,2,70.0,2,0.15,,0,0.08228850364685059,946
2,MCF7,2.0,A199,11,2,70.0,2,0.2,,0,0.07846920937299728,15
3,MCF7,2.0,A199,11,2,70.0,3,0.0,,0,,6
3,MCF7,2.0,A199,11,2,70.0,3,0.1,0.061535898596048355,1629,0.06168505176901817,1645
3,MCF7,2.0,A199,11,2,70.0,3,0.15,0.06822221726179123,17257,0.07061168551445007,22060
3,MCF7,2.0,A199,11,2,70.0,3,0.2,0.0676131621003151,8929,0.07902517914772034,32369
3,MCF7,2.0,A199,11,2,70.0,3,0.25,0.0666050910949707,4857,0.08045091480016708,21036
3,MCF7,2.0,A199,11,2,70.0,3,0.3,0.06873001903295517,859,0.08341092616319656,8062
3,MCF7,2.0,A199,11,2,70.0,3,0.35,,1,0.09312368929386139,2729
3,MCF7,2.0,A199,11,2,70.0,3,0.4,,0,0.09683425724506378,1518
3,MCF7,2.0,A199,11,2,70.0,3,0.45,,0,0.10340967774391174,554
3,MCF7,2.0,A199,11,2,70.0,3,0.5,,0,0.10756935924291611,151
3,MCF7,2.0,A199,11,2,70.0,3,0.55,,0,0.12341953068971634,26
4,MCF7,2.0,A199,11,2,70.0,4,0.25,0.0835488960146904,28,0.07980992645025253,37
4,MCF7,2.0,A199,11,2,70.0,4,0.3,0.08677934110164642,3495,0.08605419099330902,3814
4,MCF7,2.0,A199,11,2,70.0,4,0.35,0.08847048133611679,6627,0.08987893164157867,8901
4,MCF7,2.0,A199,11,2,70.0,4,0.4,0.09008967876434326,4713,0.10060050338506699,9116
4,MCF7,2.0,A199,11,2,70.0,4,0.45,0.09238909929990768,2933,0.11332013458013535,7563
4,MCF7,2.0,A199,11,2,70.0,4,0.5,0.09347689896821976,877,0.12910513579845428,4821
4,MCF7,2.0,A199,11,2,70.0,4,0.55,0.09428025037050247,152,0.14459732174873352,2524
4,MCF7,2.0,A199,11,2,70.0,4,0.6,,2,0.15806607902050018,868
4,MCF7,2.0,A199,11,2,70.0,4,0.65,,0,0.1711941361427307,223
4,MCF7,2.0,A199,11,2,70.0,4,0.7,,0,0.18250314891338348,45
4,MCF7,2.0,A199,11,2,70.0,4,0.75,,0,,6
1,MCF7,2.0,A199,12,2,70.0,1,0.15,0.07132808864116669,2141,0.07131601125001907,2143
1,MCF7,2.0,A199,12,2,70.0,1,0.2,0.07276847958564758,10833,0.07289910316467285,11209
1,MCF7,2.0,A199,12,2,70.0,1,0.25,0.07082566618919373,8862,0.07443031668663025,14600
1,MCF7,2.0,A199,12,2,70.0,1,0.3,0.0722825899720192,6167,0.08078767359256744,23448
1,MCF7,2.0,A199,12,2,70.0,1,0.35,0.07465408742427826,2838,0.08942084014415741,31217
1,MCF7,2.0,A199,12,2,70.0,1,0.4,0.07688431441783905,1349,0.09648128598928452,21003
1,MCF7,2.0,A199,12,2,70.0,1,0.45,0.08003920316696167,348,0.10100869834423065,8696
1,MCF7,2.0,A199,12,2,70.0,1,0.5,0.08457155525684357,26,0.1048383042216301,2588
1,MCF7,2.0,A199,12,2,70.0,1,0.55,,0,0.10838476568460464,602
1,MCF7,2.0,A199,12,2,70.0,1,0.6,,0,0.11352751404047012,100
1,MCF7,2.0,A199,12,2,70.0,1,0.65,,0,,9
2,MCF7,2.0,A199,12,2,70.0,2,0.23,0.07246217876672745,114,0.0725681483745575,115
2,MCF7,2.0,A199,12,2,70.0,2,0.28,0.08830912411212921,4497,0.08879489451646805,4652
2,MCF7,2.0,A199,12,2,70.0,2,0.33,0.09406107664108276,9169,0.0976630449295044,12880
2,MCF7,2.0,A199,12,2,70.0,2,0.38,0.09226898103952408,5751,0.10466061532497406,18096
2,MCF7,2.0,A199,12,2,70.0,2,0.43,0.09226932376623154,4498,0.11008945852518082,17970
2,MCF7,2.0,A199,12,2,70.0,2,0.48,0.09590009599924088,3940,0.11499854922294617,14564
2,MCF7,2.0,A199,12,2,70.0,2,0.53,0.09936849027872086,3001,0.11756341904401779,9569
2,MCF7,2.0,A199,12,2,70.0,2,0.58,0.10286466032266617,1947,0.11867455393075943,5408
2,MCF7,2.0,A199,12,2,70.0,2,0.63,0.10739045590162277,535,0.12333076447248459,1930
2,MCF7,2.0,A199,12,2,70.0,2,0.68,0.11089058965444565,40,0.13139161467552185,513
2,MCF7,2.0,A199,12,2,70.0,2,0.73,,0,0.1500982642173767,155
2,MCF7,2.0,A199,12,2,70.0,2,0.78,,0,0.1559237390756607,54
2,MCF7,2.0,A199,12,2,70.0,2,0.83,,0,0.17412050068378448,31
2,MCF7,2.0,A199,12,2,70.0,2,0.88,,0,,9
1,MCF7,2.0,A199,13,2,70.0,1,0.1,0.05638112872838974,5088,0.056405533105134964,5100
1,MCF7,2.0,A199,13,2,70.0,1,0.15,0.05820133909583092,19187,0.06065087392926216,25310
1,MCF7,2.0,A199,13,2,70.0,1,0.2,0.05231843143701553,5362,0.06521101295948029,25738
1,MCF7,2.0,A199,13,2,70.0,1,0.25,0.05278601124882698,3445,0.06850401312112808,28768
1,MCF7,2.0,A199,13,2,70.0,1,0.3,0.05372001975774765,572,0.06864158809185028,17229
1,MCF7,2.0,A199,13,2,70.0,1,0.35,,0,0.06958501040935516,6636
1,MCF7,2.0,A199,13,2,70.0,1,0.4,,0,0.07496209442615509,1957
1,MCF7,2.0,A199,13,2,70.0,1,0.45,,0,0.0890006422996521,242
1,MCF7,2.0,A199,13,2,70.0,1,0.5,,0,0.10080887377262115,37
2,MCF7,2.0,A199,13,2,70.0,2,0.0,,0,,6
2,MCF7,2.0,A199,13,2,70.0,2,0.15,0.07155583053827286,100,0.07605353742837906,115
2,MCF7,2.0,A199,13,2,70.0,2,0.2,0.07564178854227066,6703,0.0783575177192688,7702
2,MCF7,2.0,A199,13,2,70.0,2,0.25,0.07655421644449234,13652,0.0811542272567749,17228
2,MCF7,2.0,A199,13,2,70.0,2,0.3,0.07737557590007782,16477,0.08334636688232422,23016
2,MCF7,2.0,A199,13,2,70.0,2,0.35,0.07931395620107651,9831,0.08872973173856735,18903
2,MCF7,2.0,A199,13,2,70.0,2,0.4,0.08172566443681717,4612,0.095960833132267,14051
2,MCF7,2.0,A199,13,2,70.0,2,0.45,0.0846441239118576,3052,0.10205960273742676,11335
2,MCF7,2.0,A199,13,2,70.0,2,0.5,0.08817678689956665,2055,0.10562673956155777,8486
2,MCF7,2.0,A199,13,2,70.0,2,0.55,0.09166544675827026,392,0.11239065229892731,3867
2,MCF7,2.0,A199,13,2,70.0,2,0.6,0.09201977401971817,14,0.12186884135007858,1237
2,MCF7,2.0,A199,13,2,70.0,2,0.65,,0,0.12853538990020752,427
2,MCF7,2.0,A199,13,2,70.0,2,0.7,,0,0.1306649148464203,85
2,MCF7,2.0,A199,13,2,70.0,2,0.75,,0,0.1421717256307602,17
1,MCF7,2.0,A199,14,2,70.0,1,0.11,0.06989549845457077,726,0.06989549845457077,726
1,MCF7,2.0,A199,14,2,70.0,1,0.16,0.08574686199426651,6450,0.08372122794389725,7415
1,MCF7,2.0,A199,14,2,70.0,1,0.21,0.08291775733232498,2588,0.08027583360671997,7922
1,MCF7,2.0,A199,14,2,70.0,1,0.26,0.0936020240187645,158,0.08487126976251602,13370
1,MCF7,2.0,A199,14,2,70.0,1,0.31,,0,0.08681954443454742,18941
1,MCF7,2.0,A199,14,2,70.0,1,0.36,,0,0.08873061090707779,13682
1,MCF7,2.0,A199,14,2,70.0,1,0.41,,0,0.09479910880327225,4293
1,MCF7,2.0,A199,14,2,70.0,1,0.46,,0,0.10675134509801865,1568
1,MCF7,2.0,A199,14,2,70.0,1,0.51,,0,0.11043766885995865,1221
1,MCF7,2.0,A199,14,2,70.0,1,0.56,,0,0.11423356086015701,576
1,MCF7,2.0,A199,14,2,70.0,1,0.61,,0,0.12309964746236801,133
1,MCF7,2.0,A199,14,2,70.0,1,0.66,,0,,8
2,MCF7,2.0,A199,14,2,70.0,2,0.12,0.06595748662948608,208,0.06595748662948608,208
2,MCF7,2.0,A199,14,2,70.0,2,0.17,0.08692730963230133,5284,0.08691703528165817,5393
2,MCF7,2.0,A199,14,2,70.0,2,0.22,0.08601534366607666,3762,0.08620292693376541,5966
2,MCF7,2.0,A199,14,2,70.0,2,0.27,0.07532146573066711,744,0.08520957082509995,6897
2,MCF7,2.0,A199,14,2,70.0,2,0.32,0.0766097828745842,117,0.08478060364723206,9386
2,MCF7,2.0,A199,14,2,70.0,2,0.37,,0,0.08548177033662796,12989
2,MCF7,2.0,A199,14,2,70.0,2,0.42,,0,0.08893159031867981,11898
2,MCF7,2.0,A199,14,2,70.0,2,0.47,,0,0.09296830743551254,7135
2,MCF7,2.0,A199,14,2,70.0,2,0.52,,0,0.09015201032161713,4169
2,MCF7,2.0,A199,14,2,70.0,2,0.57,,0,0.09197752177715302,1180
2,MCF7,2.0,A199,14,2,70.0,2,0.62,,0,0.0975644662976265,74
3,MCF7,2.0,A199,14,2,70.0,3,0.02,0.07257727533578873,2964,0.07523923367261887,7078
3,MCF7,2.0,A199,14,2,70.0,3,0.07,0.07741203904151917,5541,0.07938962429761887,12314
4,MCF7,2.0,A199,14,2,70.0,4,0.05,0.07750419527292252,1959,0.07917875796556473,2349
4,MCF7,2.0,A199,14,2,70.0,4,0.1,0.08034135401248932,15214,0.08329373598098755,28338
4,MCF7,2.0,A199,14,2,70.0,4,0.15,0.08693519979715347,5526,0.09015192836523056,14141
4,MCF7,2.0,A199,14,2,70.0,4,0.2,0.09211122989654541,93,0.10207381099462509,436
5,MCF7,2.0,A199,14,2,70.0,5,0.02,0.05394536629319191,328,0.06060090288519859,999
5,MCF7,2.0,A199,14,2,70.0,5,0.07,0.0773630365729332,13549,0.0764540284872055,34420
5,MCF7,2.0,A199,14,2,70.0,5,0.12,0.07879173010587692,2110,0.07881279289722443,2323
6,MCF7,2.0,A199,14,2,70.0,6,0.01,0.06578190624713898,4597,0.06727681308984756,10756
6,MCF7,2.0,A199,14,2,70.0,6,0.06,0.05740961804986,75,0.05592053756117821,1116
1,MCF7,2.0,A199,2,2,70.0,1,0.03,0.04307086765766144,1180,0.04283309727907181,1320
1,MCF7,2.0,A199,2,2,70.0,1,0.08,0.04602878913283348,21731,0.04698505252599716,43386
1,MCF7,2.0,A199,2,2,70.0,1,0.13,0.04261832684278488,310,0.05206827446818352,11270
1,MCF7,2.0,A199,2,2,70.0,1,0.18,,0,0.06636396050453186,259
1,MCF7,2.0,A199,3,2,70.0,1,0.01,0.016418561339378357,5655,0.017797106876969337,17197
1,MCF7,2.0,A199,4,2,70.0,1,0.0,,0,0.0,317
1,MCF7,2.0,A199,4,2,70.0,1,0.15,0.07185938209295273,188,0.0718308612704277,193
1,MCF7,2.0,A199,4,2,70.0,1,0.2,0.07662391662597656,1211,0.07764673978090286,1322
1,MCF7,2.0,A199,4,2,70.0,1,0.25,0.08337890356779099,7543,0.08424272388219833,8143
1,MCF7,2.0,A199,4,2,70.0,1,0.3,0.08930394798517227,10110,0.09101485460996628,13034
1,MCF7,2.0,A199,4,2,70.0,1,0.35,0.09070717543363571,4762,0.0950692892074585,11887
1,MCF7,2.0,A199,4,2,70.0,1,0.4,0.09519892930984497,2194,0.09820075333118439,13382
1,MCF7,2.0,A199,4,2,70.0,1,0.45,0.1078023612499237,1041,0.10412370413541794,13971
1,MCF7,2.0,A199,4,2,70.0,1,0.5,0.11886924505233765,563,0.11235879361629486,11258
1,MCF7,2.0,A199,4,2,70.0,1,0.55,0.12140615284442902,264,0.12466861307621002,6627
1,MCF7,2.0,A199,4,2,70.0,1,0.6,0.12997420132160187,188,0.14273701608181,3467
1,MCF7,2.0,A199,4,2,70.0,1,0.65,0.1378011256456375,150,0.16076263785362244,1925
1,MCF7,2.0,A199,4,2,70.0,1,0.7,0.14588145911693573,125,0.17878487706184387,1130
1,MCF7,2.0,A199,4,2,70.0,1,0.75,0.13800086081027985,78,0.18870216608047485,674
1,MCF7,2.0,A199,4,2,70.0,1,0.8,0.1462341547012329,62,0.20269808173179626,420
1,MCF7,2.0,A199,4,2,70.0,1,0.85,0.15315786004066467,46,0.2066250890493393,302
1,MCF7,2.0,A199,4,2,70.0,1,0.9,0.14808566868305206,33,0.21393950283527374,190
1,MCF7,2.0,A199,4,2,70.0,1,0.95,0.16452720761299133,29,0.2055145502090454,131
1,MCF7,2.0,A199,4,2,70.0,1,1.0,0.14796660840511322,16,0.19674424827098846,79
1,MCF7,2.0,A199,4,2,70.0,1,1.05,0.16645696759223938,7,0.21936702728271484,56
1,MCF7,2.0,A199,4,2,70.0,1,1.1,,3,0.21648895740509033,33
1,MCF7,2.0,A199,4,2,70.0,1,1.15,0.19135230779647827,9,0.21198071539402008,32
1,MCF7,2.0,A199,4,2,70.0,1,1.2,0.2017417997121811,6,0.19294674694538116,21
1,MCF7,2.0,A199,4,2,70.0,1,1.25,,2,0.1884969174861908,14
1,MCF7,2.0,A199,4,2,70.0,1,1.3,,3,0.19939708709716797,15
1,MCF7,2.0,A199,4,2,70.0,1,1.4,,2,,8
1,MCF7,2.0,A199,4,2,70.0,1,1.45,,2,,6
1,MCF7,2.0,A199,4,2,70.0,1,1.5,,2,,7
2,MCF7,2.0,A199,4,2,70.0,2,0.0,0.0,11,0.0,11103
2,MCF7,2.0,A199,4,2,70.0,2,0.2,0.07215996831655502,6,,6
2,MCF7,2.0,A199,4,2,70.0,2,0.25,0.0777636170387268,396,0.07730855792760849,406
2,MCF7,2.0,A199,4,2,70.0,2,0.3,0.08189810812473297,2596,0.08244359493255615,2716
2,MCF7,2.0,A199,4,2,70.0,2,0.35,0.0871591791510582,6044,0.08857351541519165,6822
2,MCF7,2.0,A199,4,2,70.0,2,0.4,0.0918220654129982,8113,0.09521009027957916,10756
2,MCF7,2.0,A199,4,2,70.0,2,0.45,0.09478113055229187,7435,0.10182996094226837,12805
2,MCF7,2.0,A199,4,2,70.0,2,0.5,0.09578416496515274,5919,0.10701467096805573,13611
2,MCF7,2.0,A199,4,2,70.0,2,0.55,0.09566279500722885,4402,0.11314204335212708,12781
2,MCF7,2.0,A199,4,2,70.0,2,0.6,0.0958833321928978,3137,0.11947858333587646,11423
2,MCF7,2.0,A199,4,2,70.0,2,0.65,0.10136792808771133,1960,0.1271134614944458,9075
2,MCF7,2.0,A199,4,2,70.0,2,0.7,0.10893479734659195,1103,0.13585264980793,6881
2,MCF7,2.0,A199,4,2,70.0,2,0.75,0.1240866482257843,568,0.14449132978916168,4932
2,MCF7,2.0,A199,4,2,70.0,2,0.8,0.13980525732040405,330,0.15214382112026215,3415
2,MCF7,2.0,A199,4,2,70.0,2,0.85,0.16423776745796204,223,0.16387993097305298,2205
2,MCF7,2.0,A199,4,2,70.0,2,0.9,0.17172738909721375,190,0.1767721027135849,1474
2,MCF7,2.0,A199,4,2,70.0,2,0.95,0.17335128784179688,153,0.18697643280029297,996
2,MCF7,2.0,A199,4,2,70.0,2,1.0,0.17434599995613098,137,0.191219761967659,618
2,MCF7,2.0,A199,4,2,70.0,2,1.05,0.18098533153533936,108,0.19819772243499756,386
2,MCF7,2.0,A199,4,2,70.0,2,1.1,0.1826987862586975,126,0.19547727704048157,306
2,MCF7,2.0,A199,4,2,70.0,2,1.15,0.19151458144187927,100,0.20269565284252167,215
2,MCF7,2.0,A199,4,2,70.0,2,1.2,0.19274193048477173,95,0.20111893117427826,164
2,MCF7,2.0,A199,4,2,70.0,2,1.25,0.18963678181171417,64,0.2064054310321808,106
2,MCF7,2.0,A199,4,2,70.0,2,1.3,0.19389969110488892,53,0.21062706410884857,86
2,MCF7,2.0,A199,4,2,70.0,2,1.35,0.194667249917984,55,0.20489293336868286,77
2,MCF7,2.0,A199,4,2,70.0,2,1.4,0.19828596711158752,45,0.20107081532478333,59
2,MCF7,2.0,A199,4,2,70.0,2,1.45,0.18525750935077667,33,0.20357120037078857,56
2,MCF7,2.0,A199,4,2,70.0,2,1.5,0.20193280279636383,29,0.21439263224601746,38
2,MCF7,2.0,A199,4,2,70.0,2,1.55,0.19899813830852509,28,0.20642244815826416,42
2,MCF7,2.0,A199,4,2,70.0,2,1.6,0.20912380516529083,22,0.20503854751586914,25
2,MCF7,2.0,A199,4,2,70.0,2,1.65,0.199510395526886,19,0.19904935359954834,25
2,MCF7,2.0,A199,4,2,70.0,2,1.7,0.20956557989120483,22,0.2171827256679535,30
2,MCF7,2.0,A199,4,2,70.0,2,1.75,0.17322874069213867,18,0.18289169669151306,21
2,MCF7,2.0,A199,4,2,70.0,2,1.8,0.204489067196846,17,0.2025197297334671,20
2,MCF7,2.0,A199,4,2,70.0,2,1.85,0.15210390090942383,9,,9
2,MCF7,2.0,A199,4,2,70.0,2,1.9,0.19714555144309998,10,0.20351630449295044,12
2,MCF7,2.0,A199,4,2,70.0,2,1.95,0.21048374474048615,10,0.22630320489406586,15
2,MCF7,2.0,A199,4,2,70.0,2,2.0,0.1882299780845642,11,0.1810796558856964,15
2,MCF7,2.0,A199,4,2,70.0,2,2.05,0.18662497401237488,7,0.19093766808509827,10
2,MCF7,2.0,A199,4,2,70.0,2,2.1,,3,,7
2,MCF7,2.0,A199,4,2,70.0,2,2.25,,3,,8
2,MCF7,2.0,A199,4,2,70.0,2,2.35,,4,,9
1,MCF7,2.0,A199,5,2,70.0,1,0.0,,0,0.0,14188
1,MCF7,2.0,A199,5,2,70.0,1,0.1,0.03675752505660057,9,,9
1,MCF7,2.0,A199,5,2,70.0,1,0.15,0.04080667346715927,1583,0.04080667346715927,1583
1,MCF7,2.0,A199,5,2,70.0,1,0.2,0.03917991742491722,5232,0.039147134870290756,5248
1,MCF7,2.0,A199,5,2,70.0,1,0.25,0.035496894270181656,7341,0.03503495082259178,7574
1,MCF7,2.0,A199,5,2,70.0,1,0.3,0.03532489389181137,6674,0.03429621458053589,7583
1,MCF7,2.0,A199,5,2,70.0,1,0.35,0.03580566495656967,3409,0.03381599485874176,5345
1,MCF7,2.0,A199,5,2,70.0,1,0.4,0.03525553271174431,997,0.034016549587249756,3848
1,MCF7,2.0,A199,5,2,70.0,1,0.45,0.03350852429866791,155,0.03437050059437752,3084
1,MCF7,2.0,A199,5,2,70.0,1,0.5,0.030979201197624207,12,0.03759157285094261,2461
1,MCF7,2.0,A199,5,2,70.0,1,0.55,,0,0.03963911533355713,2049
1,MCF7,2.0,A199,5,2,70.0,1,0.6,,0,0.04193944111466408,1653
1,MCF7,2.0,A199,5,2,70.0,1,0.65,,0,0.04622909426689148,1182
1,MCF7,2.0,A199,5,2,70.0,1,0.7,,0,0.049857232719659805,957
1,MCF7,2.0,A199,5,2,70.0,1,0.75,,0,0.057294681668281555,703
1,MCF7,2.0,A199,5,2,70.0,1,0.8,,0,0.06486693024635315,537
1,MCF7,2.0,A199,5,2,70.0,1,0.85,,0,0.07480248063802719,360
1,MCF7,2.0,A199,5,2,70.0,1,0.9,,0,0.07964842766523361,254
1,MCF7,2.0,A199,5,2,70.0,1,0.95,,0,0.09483522176742554,200
1,MCF7,2.0,A199,5,2,70.0,1,1.0,,0,0.10741196572780609,149
1,MCF7,2.0,A199,5,2,70.0,1,1.05,,0,0.11197292059659958,110
1,MCF7,2.0,A199,5,2,70.0,1,1.1,,0,0.1258862465620041,87
1,MCF7,2.0,A199,5,2,70.0,1,1.15,,0,0.12760592997074127,51
1,MCF7,2.0,A199,5,2,70.0,1,1.2,,0,0.13396358489990234,26
1,MCF7,2.0,A199,5,2,70.0,1,1.25,,0,0.13858550786972046,26
1,MCF7,2.0,A199,5,2,70.0,1,1.3,,0,0.1539941430091858,18
1,MCF7,2.0,A199,5,2,70.0,1,1.35,,0,0.15325909852981567,11
1,MCF7,2.0,A199,5,2,70.0,1,1.4,,0,0.15381880104541779,10
1,MCF7,2.0,A199,5,2,70.0,1,1.45,,0,0.16182267665863037,10
1,MCF7,2.0,A199,5,2,70.0,1,1.55,,0,,6
1,MCF7,2.0,A199,6,2,70.0,1,0.0,,0,0.0,156
1,MCF7,2.0,A199,6,2,70.0,1,0.05,0.043065089732408524,4913,0.04330841824412346,6917
1,MCF7,2.0,A199,6,2,70.0,1,0.1,0.04541914537549019,21672,0.04752817749977112,37861
1,MCF7,2.0,A199,6,2,70.0,1,0.15,0.046151429414749146,330,0.052078623324632645,4750
1,MCF7,2.0,A199,6,2,70.0,1,0.2,,0,0.05800740420818329,379
1,MCF7,2.0,A199,6,2,70.0,1,0.25,,0,0.07405269145965576,68
1,MCF7,2.0,A199,6,2,70.0,1,0.3,,0,0.10847682505846024,13
2,MCF7,2.0,A199,6,2,70.0,2,0.08,0.05350180342793465,702,0.05396778881549835,809
2,MCF7,2.0,A199,6,2,70.0,2,0.13,0.05308012664318085,10340,0.052680205553770065,17565
2,MCF7,2.0,A199,6,2,70.0,2,0.18,0.05818069353699684,3172,0.056931283324956894,7345
2,MCF7,2.0,A199,6,2,70.0,2,0.23,0.06762222945690155,1304,0.06743784993886948,1410
2,MCF7,2.0,A199,6,2,70.0,2,0.28,0.07439031451940536,536,0.0743638351559639,538
2,MCF7,2.0,A199,6,2,70.0,2,0.33,0.07415498793125153,77,0.07415498793125153,77
3,MCF7,2.0,A199,6,2,70.0,3,0.03,0.045479536056518555,11522,0.04642368108034134,17803
3,MCF7,2.0,A199,6,2,70.0,3,0.08,0.04967386648058891,3385,0.05283626541495323,36566
3,MCF7,2.0,A199,6,2,70.0,3,0.13,,0,0.0455179363489151,4935
3,MCF7,2.0,A199,6,2,70.0,3,0.18,,0,0.04891767352819443,40
4,MCF7,2.0,A199,6,2,70.0,4,0.02,0.05374573543667793,2696,0.054502055048942566,27719
4,MCF7,2.0,A199,6,2,70.0,4,0.07,0.05476846918463707,23,0.05143947899341583,1801
1,MCF7,2.0,A199,7,2,70.0,1,0.03,0.03621351718902588,217,0.03693351522088051,249
1,MCF7,2.0,A199,7,2,70.0,1,0.08,0.049767155200242996,12049,0.0505201630294323,31608
1,MCF7,2.0,A199,7,2,70.0,1,0.13,0.059678103774785995,1294,0.05599808692932129,4756
1,MCF7,2.0,A199,7,2,70.0,1,0.18,0.06636060774326324,52,0.06482188403606415,59
2,MCF7,2.0,A199,7,2,70.0,2,0.02,0.056838084012269974,48,0.039352916181087494,481
2,MCF7,2.0,A199,7,2,70.0,2,0.07,0.05381465330719948,9045,0.05244934558868408,39313
2,MCF7,2.0,A199,7,2,70.0,2,0.12,,0,0.05824704095721245,7197
3,MCF7,2.0,A199,7,2,70.0,3,0.1,,1,0.04998614266514778,56
3,MCF7,2.0,A199,7,2,70.0,3,0.15,0.052499812096357346,5586,0.053653500974178314,10786
3,MCF7,2.0,A199,7,2,70.0,3,0.2,0.05542730912566185,27509,0.05598270148038864,53869
3,MCF7,2.0,A199,7,2,70.0,3,0.25,0.0581108033657074,18234,0.05834139510989189,52869
3,MCF7,2.0,A199,7,2,70.0,3,0.3,0.0595034696161747,17393,0.0610177181661129,37633
3,MCF7,2.0,A199,7,2,70.0,3,0.35,0.0625736191868782,7720,0.06480594724416733,15032
3,MCF7,2.0,A199,7,2,70.0,3,0.4,0.0649850070476532,1705,0.06831919401884079,3875
3,MCF7,2.0,A199,7,2,70.0,3,0.45,0.07013334333896637,334,0.0703732967376709,927
3,MCF7,2.0,A199,7,2,70.0,3,0.5,0.07265293598175049,65,0.07193902879953384,441
3,MCF7,2.0,A199,7,2,70.0,3,0.55,,2,0.07484202831983566,163
3,MCF7,2.0,A199,7,2,70.0,3,0.6,,0,0.07588119059801102,13
1,MCF7,2.0,A199,8,2,70.0,1,0.07,,0,0.06453534960746765,30
1,MCF7,2.0,A199,8,2,70.0,1,0.12,,0,0.06206874921917915,1574
1,MCF7,2.0,A199,8,2,70.0,1,0.17,,0,0.060976531356573105,3652
1,MCF7,2.0,A199,8,2,70.0,1,0.22,0.05886533856391907,39,0.06823989748954773,4494
1,MCF7,2.0,A199,8,2,70.0,1,0.27,0.06507748365402222,389,0.07158269733190536,3520
1,MCF7,2.0,A199,8,2,70.0,1,0.32,0.0708296075463295,784,0.0729118138551712,1903
1,MCF7,2.0,A199,8,2,70.0,1,0.37,0.0764862522482872,1219,0.07645709067583084,1464
1,MCF7,2.0,A199,8,2,70.0,1,0.42,0.08165786415338516,1336,0.08166008442640305,1351
1,MCF7,2.0,A199,8,2,70.0,1,0.47,0.08475496619939804,1186,0.08475496619939804,1186
1,MCF7,2.0,A199,8,2,70.0,1,0.52,0.08523622155189514,580,0.08523622155189514,580
1,MCF7,2.0,A199,8,2,70.0,1,0.57,0.09117767214775085,247,0.09117767214775085,247
1,MCF7,2.0,A199,8,2,70.0,1,0.62,0.09226211905479431,144,0.09226211905479431,144
1,MCF7,2.0,A199,8,2,70.0,1,0.67,0.09640245139598846,61,0.09640245139598846,61
1,MCF7,2.0,A199,8,2,70.0,1,0.72,0.08906106650829315,33,0.08906106650829315,33
1,MCF7,2.0,A199,8,2,70.0,1,0.77,0.09545177966356277,11,0.09545177966356277,11
2,MCF7,2.0,A199,8,2,70.0,2,0.0,0.03853940963745117,2058,0.042054448276758194,18631
2,MCF7,2.0,A199,8,2,70.0,2,0.05,0.0538114495575428,11016,0.056287918239831924,64600
2,MCF7,2.0,A199,8,2,70.0,2,0.1,,0,0.0719582736492157,81
3,MCF7,2.0,A199,8,2,70.0,3,0.0,,0,0.05589635297656059,413
3,MCF7,2.0,A199,8,2,70.0,3,0.05,0.053998563438653946,14104,0.05311745032668114,56072
3,MCF7,2.0,A199,8,2,70.0,3,0.1,,0,0.05640288069844246,59
1,MCF7,2.0,A199,9,2,70.0,1,0.03,0.040896907448768616,3795,0.04198982194066048,4515
1,MCF7,2.0,A199,9,2,70.0,1,0.08,0.038404226303100586,26769,0.042263276875019073,46419
1,MCF7,2.0,A199,9,2,70.0,1,0.13,0.03568175062537193,9059,0.04116873815655708,59623
1,MCF7,2.0,A199,9,2,70.0,1,0.18,0.033884573727846146,156,0.0436231829226017,32322
1,MCF7,2.0,A199,9,2,70.0,1,0.23,,0,0.04848971962928772,705
1,MCF7,4.0,A199,0,2,70.0,1,0.05,0.05172919109463692,3148,0.05172919109463692,3148
1,MCF7,4.0,A199,0,2,70.0,1,0.1,0.05534592643380165,25213,0.05453180894255638,39041
1,MCF7,4.0,A199,0,2,70.0,1,0.15,0.056010618805885315,9472,0.05725589022040367,25460
1,MCF7,4.0,A199,0,2,70.0,1,0.2,0.059334367513656616,721,0.06146392971277237,3435
2,MCF7,4.0,A199,0,2,70.0,2,0.05,0.062286097556352615,5920,0.06257516145706177,6079
2,MCF7,4.0,A199,0,2,70.0,2,0.1,0.05867454409599304,8327,0.05961095541715622,27242
2,MCF7,4.0,A199,0,2,70.0,2,0.15,0.05938166752457619,2627,0.057724837213754654,20850
2,MCF7,4.0,A199,0,2,70.0,2,0.2,,3,0.06477928906679153,2693
3,MCF7,4.0,A199,0,2,70.0,3,0.03,0.04320916905999184,4183,0.043459486216306686,4838
3,MCF7,4.0,A199,0,2,70.0,3,0.08,0.04091295227408409,6136,0.04478944465517998,30939
3,MCF7,4.0,A199,0,2,70.0,3,0.13,0.03776394575834274,187,0.04184751585125923,399
4,MCF7,4.0,A199,0,2,70.0,4,0.07,0.04002780467271805,4933,0.0390520878136158,6222
4,MCF7,4.0,A199,0,2,70.0,4,0.12,0.053634632378816605,12838,0.050106413662433624,16322
4,MCF7,4.0,A199,0,2,70.0,4,0.17,0.05925660952925682,8896,0.05907963961362839,19030
4,MCF7,4.0,A199,0,2,70.0,4,0.22,0.058500245213508606,2737,0.05976317822933197,24052
4,MCF7,4.0,A199,0,2,70.0,4,0.27,0.05997909978032112,1417,0.059426743537187576,5369
4,MCF7,4.0,A199,0,2,70.0,4,0.32,0.059391919523477554,19,0.061536721885204315,173
1,MCF7,4.0,A199,1,2,70.0,1,0.03,0.04610350355505943,5750,0.04619031399488449,7348
1,MCF7,4.0,A199,1,2,70.0,1,0.08,0.04642100632190704,18929,0.051910627633333206,42724
1,MCF7,4.0,A199,1,2,70.0,1,0.13,0.04434885457158089,145,0.06002984195947647,4373
2,MCF7,4.0,A199,1,2,70.0,2,0.08,0.0526033416390419,4645,0.0526033416390419,4645
2,MCF7,4.0,A199,1,2,70.0,2,0.13,0.053530432283878326,12925,0.05313199758529663,16580
2,MCF7,4.0,A199,1,2,70.0,2,0.18,0.053219012916088104,3243,0.05689669027924538,11016
2,MCF7,4.0,A199,1,2,70.0,2,0.23,,1,0.06320369988679886,2775
2,MCF7,4.0,A199,1,2,70.0,2,0.28,,0,0.0698915421962738,200
3,MCF7,4.0,A199,1,2,70.0,3,0.06,0.05116109549999237,5265,0.051332518458366394,5468
3,MCF7,4.0,A199,1,2,70.0,3,0.11,0.04997701570391655,11950,0.050207920372486115,21455
3,MCF7,4.0,A199,1,2,70.0,3,0.16,0.0499751903116703,60,0.05055563524365425,4550
3,MCF7,4.0,A199,1,2,70.0,3,0.21,,0,0.0645298957824707,255
4,MCF7,4.0,A199,1,2,70.0,4,0.06,0.04929008707404137,78,0.04940631613135338,79
4,MCF7,4.0,A199,1,2,70.0,4,0.11,0.06369053572416306,989,0.06672826409339905,1909
4,MCF7,4.0,A199,1,2,70.0,4,0.16,0.069009929895401,1872,0.07503438740968704,4819
4,MCF7,4.0,A199,1,2,70.0,4,0.21,0.075248584151268,1972,0.0742982029914856,4641
4,MCF7,4.0,A199,1,2,70.0,4,0.26,0.08025902509689331,2064,0.07866176962852478,3372
4,MCF7,4.0,A199,1,2,70.0,4,0.31,0.08582857996225357,1564,0.08560683578252792,2094
4,MCF7,4.0,A199,1,2,70.0,4,0.36,0.09003115445375443,1086,0.09016366302967072,1312
4,MCF7,4.0,A199,1,2,70.0,4,0.41,0.0915578082203865,489,0.09232396632432938,527
4,MCF7,4.0,A199,1,2,70.0,4,0.46,0.08824323117733002,149,0.08887657523155212,153
4,MCF7,4.0,A199,1,2,70.0,4,0.51,0.0870862826704979,54,0.0870862826704979,54
4,MCF7,4.0,A199,1,2,70.0,4,0.56,0.08612266182899475,16,0.08612266182899475,16
5,MCF7,4.0,A199,1,2,70.0,5,0.0,,0,0.0,14
5,MCF7,4.0,A199,1,2,70.0,5,0.05,0.061034973710775375,272,0.14997607469558716,431
5,MCF7,4.0,A199,1,2,70.0,5,0.1,0.061715804040431976,4853,0.0732712373137474,6882
5,MCF7,4.0,A199,1,2,70.0,5,0.15,0.06429919600486755,3239,0.07615218311548233,6153
5,MCF7,4.0,A199,1,2,70.0,5,0.2,0.07375101000070572,1162,0.08916968107223511,4032
5,MCF7,4.0,A199,1,2,70.0,5,0.25,0.07810567319393158,737,0.09704473614692688,3541
5,MCF7,4.0,A199,1,2,70.0,5,0.3,0.08509363979101181,764,0.1066272109746933,2777
5,MCF7,4.0,A199,1,2,70.0,5,0.35,0.09086982160806656,765,0.111821748316288,2187
5,MCF7,4.0,A199,1,2,70.0,5,0.4,0.10045479238033295,706,0.11476381123065948,1799
5,MCF7,4.0,A199,1,2,70.0,5,0.45,0.10860539972782135,734,0.1196119636297226,1686
5,MCF7,4.0,A199,1,2,70.0,5,0.5,0.11188779026269913,802,0.1201382502913475,1581
5,MCF7,4.0,A199,1,2,70.0,5,0.55,0.11482612043619156,802,0.12360275536775589,1374
5,MCF7,4.0,A199,1,2,70.0,5,0.6,0.11585618555545807,847,0.1232704371213913,1303
5,MCF7,4.0,A199,1,2,70.0,5,0.65,0.12169966101646423,715,0.1275499165058136,1027
5,MCF7,4.0,A199,1,2,70.0,5,0.7,0.12402267754077911,645,0.13166068494319916,902
5,MCF7,4.0,A199,1,2,70.0,5,0.75,0.13033007085323334,524,0.13567988574504852,698
5,MCF7,4.0,A199,1,2,70.0,5,0.8,0.13651342689990997,394,0.1405971646308899,514
5,MCF7,4.0,A199,1,2,70.0,5,0.85,0.14590294659137726,363,0.14872121810913086,458
5,MCF7,4.0,A199,1,2,70.0,5,0.9,0.15094749629497528,410,0.1525668352842331,466
5,MCF7,4.0,A199,1,2,70.0,5,0.95,0.15659622848033905,404,0.15749771893024445,429
5,MCF7,4.0,A199,1,2,70.0,5,1.0,0.16001179814338684,239,0.16036947071552277,248
5,MCF7,4.0,A199,1,2,70.0,5,1.05,0.16049332916736603,102,0.16161517798900604,107
5,MCF7,4.0,A199,1,2,70.0,5,1.1,0.16607174277305603,29,0.16607174277305603,29
6,MCF7,4.0,A199,1,2,70.0,6,0.05,0.06355331093072891,527,0.07081803679466248,6717
6,MCF7,4.0,A199,1,2,70.0,6,0.1,0.07761051505804062,5376,0.07273398339748383,9932
6,MCF7,4.0,A199,1,2,70.0,6,0.15,0.08323708921670914,583,0.08323708921670914,583
1,MCF7,4.0,A199,10,2,70.0,1,0.04,0.04134778305888176,14259,0.04179279878735542,19307
1,MCF7,4.0,A199,10,2,70.0,1,0.09,0.039347339421510696,7890,0.04170840606093407,36299
1,MCF7,4.0,A199,10,2,70.0,1,0.14,,0,0.04384051263332367,650
2,MCF7,4.0,A199,10,2,70.0,2,0.04,0.046740274876356125,209,0.046740274876356125,209
2,MCF7,4.0,A199,10,2,70.0,2,0.09,0.04907717928290367,18089,0.05026739835739136,28573
2,MCF7,4.0,A199,10,2,70.0,2,0.14,0.061185065656900406,6574,0.060618240386247635,18892
2,MCF7,4.0,A199,10,2,70.0,2,0.19,0.06892763823270798,3265,0.06839047372341156,5764
2,MCF7,4.0,A199,10,2,70.0,2,0.24,0.0726461410522461,1202,0.07587113976478577,3017
2,MCF7,4.0,A199,10,2,70.0,2,0.29,0.07060527801513672,183,0.08098523318767548,827
2,MCF7,4.0,A199,10,2,70.0,2,0.34,0.06982465088367462,20,0.07926285266876221,240
2,MCF7,4.0,A199,10,2,70.0,2,0.39,,0,0.08380480110645294,101
2,MCF7,4.0,A199,10,2,70.0,2,0.44,,0,0.07983893901109695,69
2,MCF7,4.0,A199,10,2,70.0,2,0.49,,0,0.06335396319627762,44
2,MCF7,4.0,A199,10,2,70.0,2,0.54,,0,0.06103867292404175,14
2,MCF7,4.0,A199,10,2,70.0,2,0.59,,0,,7
3,MCF7,4.0,A199,10,2,70.0,3,0.07,0.046633366495370865,157,0.052436888217926025,1119
3,MCF7,4.0,A199,10,2,70.0,3,0.12,0.052694763988256454,2688,0.055150169879198074,16173
3,MCF7,4.0,A199,10,2,70.0,3,0.17,0.060331135988235474,3289,0.06504952907562256,7878
3,MCF7,4.0,A199,10,2,70.0,3,0.22,0.06784489005804062,2589,0.07053685933351517,3636
3,MCF7,4.0,A199,10,2,70.0,3,0.27,0.07458672672510147,2175,0.07596345990896225,2611
3,MCF7,4.0,A199,10,2,70.0,3,0.32,0.0775088369846344,824,0.07930627465248108,995
3,MCF7,4.0,A199,10,2,70.0,3,0.37,0.07691598683595657,218,0.0794818103313446,305
3,MCF7,4.0,A199,10,2,70.0,3,0.42,0.08224710077047348,56,0.08468811213970184,92
3,MCF7,4.0,A199,10,2,70.0,3,0.47,0.07577627897262573,18,0.07777977734804153,23
4,MCF7,4.0,A199,10,2,70.0,4,0.08,0.061674777418375015,1432,0.061134692281484604,2271
4,MCF7,4.0,A199,10,2,70.0,4,0.13,0.0717526227235794,4488,0.07047098129987717,8828
4,MCF7,4.0,A199,10,2,70.0,4,0.18,0.08205735683441162,3246,0.08155642449855804,3835
4,MCF7,4.0,A199,10,2,70.0,4,0.23,0.09152403473854065,906,0.09151157736778259,917
4,MCF7,4.0,A199,10,2,70.0,4,0.28,0.09718532860279083,334,0.09718532860279083,334
4,MCF7,4.0,A199,10,2,70.0,4,0.33,0.09758224338293076,92,0.09758224338293076,92
4,MCF7,4.0,A199,10,2,70.0,4,0.38,0.10643437504768372,11,0.10643437504768372,11
5,MCF7,4.0,A199,10,2,70.0,5,0.05,0.04212496802210808,1308,0.046463001519441605,2878
5,MCF7,4.0,A199,10,2,70.0,5,0.1,0.049695197492837906,17485,0.05069873481988907,39090
5,MCF7,4.0,A199,10,2,70.0,5,0.15,0.05454547330737114,5297,0.05738801509141922,12633
5,MCF7,4.0,A199,10,2,70.0,5,0.2,0.0627739429473877,4095,0.06328174471855164,8300
5,MCF7,4.0,A199,10,2,70.0,5,0.25,0.0669330283999443,1922,0.06689999997615814,2609
5,MCF7,4.0,A199,10,2,70.0,5,0.3,0.07037712633609772,146,0.07005617022514343,153
6,MCF7,4.0,A199,10,2,70.0,6,0.03,0.05294187366962433,1947,0.054397884756326675,7948
6,MCF7,4.0,A199,10,2,70.0,6,0.08,0.0678095668554306,5258,0.059308841824531555,22764
6,MCF7,4.0,A199,10,2,70.0,6,0.13,0.08396998047828674,57,0.08143165707588196,120
1,MCF7,4.0,A199,11,2,70.0,1,0.06,0.053336482495069504,1564,0.05181264504790306,2437
1,MCF7,4.0,A199,11,2,70.0,1,0.11,0.06575386226177216,5799,0.05821589007973671,15235
1,MCF7,4.0,A199,11,2,70.0,1,0.16,0.07485557347536087,3086,0.07232508063316345,5207
1,MCF7,4.0,A199,11,2,70.0,1,0.21,0.08034361153841019,233,0.07943893224000931,242
1,MCF7,4.0,A199,11,2,70.0,1,0.26,0.07678065448999405,15,0.07678065448999405,15
2,MCF7,4.0,A199,11,2,70.0,2,0.05,0.0597425177693367,1918,0.037733130156993866,17050
2,MCF7,4.0,A199,11,2,70.0,2,0.1,0.05342313274741173,2463,0.03975836932659149,28854
2,MCF7,4.0,A199,11,2,70.0,2,0.15,0.054800670593976974,212,0.047634243965148926,3867
2,MCF7,4.0,A199,11,2,70.0,2,0.2,,1,0.050190676003694534,708
2,MCF7,4.0,A199,11,2,70.0,2,0.25,,0,0.052007708698511124,189
2,MCF7,4.0,A199,11,2,70.0,2,0.3,,0,0.051286257803440094,20
3,MCF7,4.0,A199,11,2,70.0,3,0.03,0.04057589918375015,2003,0.04033162444829941,2224
3,MCF7,4.0,A199,11,2,70.0,3,0.08,0.05543096363544464,6562,0.05857020244002342,14930
3,MCF7,4.0,A199,11,2,70.0,3,0.13,0.06712543219327927,48,0.06666424125432968,123
3,MCF7,4.0,A199,11,2,70.0,3,0.18,1.0,13,1.0,13
3,MCF7,4.0,A199,11,2,70.0,3,0.23,1.0,23,1.0,23
3,MCF7,4.0,A199,11,2,70.0,3,0.28,1.0,8,,8
4,MCF7,4.0,A199,11,2,70.0,4,0.1,0.0755104199051857,1984,0.074297696352005,3132
4,MCF7,4.0,A199,11,2,70.0,4,0.15,0.07625658810138702,6279,0.07558039575815201,12642
4,MCF7,4.0,A199,11,2,70.0,4,0.2,0.08573213964700699,272,0.08066757023334503,2690
4,MCF7,4.0,A199,11,2,70.0,4,0.25,,0,0.10339119285345078,32
5,MCF7,4.0,A199,11,2,70.0,5,0.05,0.017449036240577698,32,0.032523252069950104,132
5,MCF7,4.0,A199,11,2,70.0,5,0.1,0.04089512303471565,322,0.04959539696574211,1838
5,MCF7,4.0,A199,11,2,70.0,5,0.15,0.0682409405708313,443,0.05926533415913582,13643
5,MCF7,4.0,A199,11,2,70.0,5,0.2,0.08085191994905472,1245,0.06977031379938126,7172
5,MCF7,4.0,A199,11,2,70.0,5,0.25,0.08360765874385834,1103,0.08523194491863251,1706
5,MCF7,4.0,A199,11,2,70.0,5,0.3,0.027497077360749245,812,0.031649552285671234,856
5,MCF7,4.0,A199,11,2,70.0,5,0.35,0.02692336216568947,252,0.02692336216568947,252
6,MCF7,4.0,A199,11,2,70.0,6,0.04,0.03930091857910156,3880,0.0396113283932209,5890
6,MCF7,4.0,A199,11,2,70.0,6,0.09,0.04370347037911415,12236,0.03782394900918007,36864
6,MCF7,4.0,A199,11,2,70.0,6,0.14,0.0525829903781414,752,0.044271282851696014,1742
7,MCF7,4.0,A199,11,2,70.0,7,0.04,0.03980168700218201,618,0.03962540999054909,792
7,MCF7,4.0,A199,11,2,70.0,7,0.09,0.04144129902124405,4722,0.057519007474184036,14875
7,MCF7,4.0,A199,11,2,70.0,7,0.14,0.013966474682092667,460,0.049556490033864975,1191
7,MCF7,4.0,A199,11,2,70.0,7,0.29,1.0,6,,6
8,MCF7,4.0,A199,11,2,70.0,8,0.1,0.06224391609430313,305,0.056768327951431274,684
8,MCF7,4.0,A199,11,2,70.0,8,0.15,0.07418268173933029,1282,0.06330792605876923,6192
8,MCF7,4.0,A199,11,2,70.0,8,0.2,0.08605165034532547,1988,0.07537967711687088,5841
8,MCF7,4.0,A199,11,2,70.0,8,0.25,0.09730372577905655,1447,0.09046982228755951,2102
8,MCF7,4.0,A199,11,2,70.0,8,0.3,0.10248341411352158,906,0.1004018634557724,1067
8,MCF7,4.0,A199,11,2,70.0,8,0.35,0.10804842412471771,589,0.10769033432006836,650
8,MCF7,4.0,A199,11,2,70.0,8,0.4,0.11102776229381561,170,0.11102776229381561,170
8,MCF7,4.0,A199,11,2,70.0,8,0.45,0.11177817732095718,14,0.11177817732095718,14
9,MCF7,4.0,A199,11,2,70.0,9,0.07,0.03483946621417999,239,0.039270129054784775,446
9,MCF7,4.0,A199,11,2,70.0,9,0.12,0.05435553565621376,1477,0.0445532500743866,4374
9,MCF7,4.0,A199,11,2,70.0,9,0.17,0.06419248878955841,3583,0.05142015218734741,9705
9,MCF7,4.0,A199,11,2,70.0,9,0.22,0.0700908899307251,1612,0.06467341631650925,5279
9,MCF7,4.0,A199,11,2,70.0,9,0.27,0.0746195912361145,845,0.0779632031917572,1950
9,MCF7,4.0,A199,11,2,70.0,9,0.32,0.08709841966629028,676,0.09256639331579208,892
9,MCF7,4.0,A199,11,2,70.0,9,0.37,0.09125024825334549,466,0.09208032488822937,482
9,MCF7,4.0,A199,11,2,70.0,9,0.42,0.10382653772830963,248,0.10382653772830963,248
9,MCF7,4.0,A199,11,2,70.0,9,0.47,0.0985378697514534,32,0.0985378697514534,32
10,MCF7,4.0,A199,11,2,70.0,10,0.03,0.055170152336359024,1171,0.055170152336359024,1171
10,MCF7,4.0,A199,11,2,70.0,10,0.08,0.0519014373421669,1234,0.06499700993299484,2395
10,MCF7,4.0,A199,11,2,70.0,10,0.13,0.060881707817316055,639,0.05777250602841377,10003
10,MCF7,4.0,A199,11,2,70.0,10,0.18,0.08734361827373505,1467,0.06308873742818832,13514
10,MCF7,4.0,A199,11,2,70.0,10,0.23,0.10759035497903824,1465,0.09355118125677109,2570
10,MCF7,4.0,A199,11,2,70.0,10,0.28,0.10657200962305069,348,0.10216681659221649,412
10,MCF7,4.0,A199,11,2,70.0,10,0.33,0.10347103327512741,43,0.09950968623161316,47
11,MCF7,4.0,A199,11,2,70.0,11,0.06,0.05160196125507355,5497,0.051475875079631805,5676
11,MCF7,4.0,A199,11,2,70.0,11,0.11,0.04713071137666702,7144,0.0388311930000782,31511
11,MCF7,4.0,A199,11,2,70.0,11,0.16,0.03617485612630844,70,0.035352226346731186,13462
11,MCF7,4.0,A199,11,2,70.0,11,0.21,,0,0.03681664913892746,5285
11,MCF7,4.0,A199,11,2,70.0,11,0.26,,0,0.033664144575595856,545
1,MCF7,4.0,A199,12,2,70.0,1,0.06,0.0653683990240097,4232,0.06537061184644699,4233
1,MCF7,4.0,A199,12,2,70.0,1,0.11,0.07351328432559967,9454,0.07745587825775146,16028
1,MCF7,4.0,A199,12,2,70.0,1,0.16,0.10171867161989212,83,0.10473190248012543,14022
1,MCF7,4.0,A199,12,2,70.0,1,0.21,,0,0.12518779933452606,2675
1,MCF7,4.0,A199,12,2,70.0,1,0.26,,0,0.1467866748571396,702
1,MCF7,4.0,A199,12,2,70.0,1,0.31,,0,0.1640557050704956,65
2,MCF7,4.0,A199,12,2,70.0,2,0.1,0.08398908376693726,2191,0.08400963246822357,2192
2,MCF7,4.0,A199,12,2,70.0,2,0.15,0.09444192796945572,6487,0.1124807745218277,13921
2,MCF7,4.0,A199,12,2,70.0,2,0.2,0.09486862272024155,158,0.16067910194396973,14829
2,MCF7,4.0,A199,12,2,70.0,2,0.25,,0,0.162882000207901,2184
2,MCF7,4.0,A199,12,2,70.0,2,0.3,,0,0.17550036311149597,217
3,MCF7,4.0,A199,12,2,70.0,3,0.04,0.06389597803354263,315,0.06510861217975616,322
3,MCF7,4.0,A199,12,2,70.0,3,0.09,0.061190225183963776,4222,0.07200399041175842,9279
3,MCF7,4.0,A199,12,2,70.0,3,0.14,0.0742030218243599,4355,0.073029063642025,13389
3,MCF7,4.0,A199,12,2,70.0,3,0.19,0.08982036262750626,2007,0.08566626906394958,2877
3,MCF7,4.0,A199,12,2,70.0,3,0.24,0.0990174412727356,1043,0.0985272154211998,1088
4,MCF7,4.0,A199,12,2,70.0,4,0.03,0.040242668241262436,465,0.03918342664837837,495
4,MCF7,4.0,A199,12,2,70.0,4,0.08,0.05748578533530235,2260,0.05543684959411621,4211
4,MCF7,4.0,A199,12,2,70.0,4,0.13,0.06788869947195053,2753,0.06894697993993759,14724
4,MCF7,4.0,A199,12,2,70.0,4,0.18,0.08227131515741348,1034,0.0742790475487709,3077
4,MCF7,4.0,A199,12,2,70.0,4,0.23,0.09804105013608932,269,0.09635797142982483,330
4,MCF7,4.0,A199,12,2,70.0,4,0.28,,4,0.10190849006175995,39
1,MCF7,4.0,A199,13,2,70.0,1,0.09,0.050564028322696686,508,0.050647806376218796,517
1,MCF7,4.0,A199,13,2,70.0,1,0.14,0.050849851220846176,10899,0.051377441734075546,17762
1,MCF7,4.0,A199,13,2,70.0,1,0.19,0.05160793289542198,3742,0.05544698238372803,11422
1,MCF7,4.0,A199,13,2,70.0,1,0.24,0.048962391912937164,23,0.05837715417146683,3739
1,MCF7,4.0,A199,13,2,70.0,1,0.29,,0,0.05837661027908325,1297
1,MCF7,4.0,A199,13,2,70.0,1,0.34,,0,0.05925717204809189,486
1,MCF7,4.0,A199,13,2,70.0,1,0.39,,0,,9
2,MCF7,4.0,A199,13,2,70.0,2,0.13,0.05957265943288803,995,0.05957265943288803,995
2,MCF7,4.0,A199,13,2,70.0,2,0.18,0.05978767201304436,5984,0.06145595759153366,7358
2,MCF7,4.0,A199,13,2,70.0,2,0.23,0.057512663304805756,3856,0.06304585933685303,7789
2,MCF7,4.0,A199,13,2,70.0,2,0.28,0.05720636248588562,1089,0.06234345585107803,5752
2,MCF7,4.0,A199,13,2,70.0,2,0.33,0.06268363445997238,24,0.060672156512737274,4939
2,MCF7,4.0,A199,13,2,70.0,2,0.38,,0,0.06258541345596313,4725
2,MCF7,4.0,A199,13,2,70.0,2,0.43,,0,0.06642860174179077,2149
2,MCF7,4.0,A199,13,2,70.0,2,0.48,,0,0.06861629337072372,1180
2,MCF7,4.0,A199,13,2,70.0,2,0.53,,0,0.07091981172561646,349
2,MCF7,4.0,A199,13,2,70.0,2,0.58,,0,0.07395371049642563,28
3,MCF7,4.0,A199,13,2,70.0,3,0.06,0.049661122262477875,3965,0.04982955753803253,4146
3,MCF7,4.0,A199,13,2,70.0,3,0.11,0.05318086966872215,7041,0.05476117879152298,18725
3,MCF7,4.0,A199,13,2,70.0,3,0.16,0.05853066220879555,1019,0.059921205043792725,14744
3,MCF7,4.0,A199,13,2,70.0,3,0.21,,0,0.06267054378986359,5606
3,MCF7,4.0,A199,13,2,70.0,3,0.26,,0,0.06610586494207382,651
4,MCF7,4.0,A199,13,2,70.0,4,0.16,0.08393504470586777,123,0.08740216493606567,664
4,MCF7,4.0,A199,13,2,70.0,4,0.21,0.09412667900323868,3714,0.09491989761590958,15137
4,MCF7,4.0,A199,13,2,70.0,4,0.26,0.10728789120912552,2469,0.10667628049850464,7999
4,MCF7,4.0,A199,13,2,70.0,4,0.31,0.11315681040287018,85,0.11161801964044571,295
5,MCF7,4.0,A199,13,2,70.0,5,0.06,0.05944181606173515,7512,0.06107397750020027,9061
5,MCF7,4.0,A199,13,2,70.0,5,0.11,0.0604252889752388,9345,0.06462887674570084,21181
5,MCF7,4.0,A199,13,2,70.0,5,0.16,0.062390320003032684,3953,0.06549636274576187,19750
5,MCF7,4.0,A199,13,2,70.0,5,0.21,0.07651881873607635,270,0.0696648582816124,4927
5,MCF7,4.0,A199,13,2,70.0,5,0.26,,0,0.09442359954118729,105
6,MCF7,4.0,A199,13,2,70.0,6,0.03,0.0438203439116478,4582,0.043505311012268066,5441
6,MCF7,4.0,A199,13,2,70.0,6,0.08,0.04989195242524147,1350,0.04980502650141716,14345
6,MCF7,4.0,A199,13,2,70.0,6,0.13,,0,0.05426527559757233,4893
6,MCF7,4.0,A199,13,2,70.0,6,0.18,,0,0.057133324444293976,517
6,MCF7,4.0,A199,13,2,70.0,6,0.23,,0,0.062290627509355545,52
7,MCF7,4.0,A199,13,2,70.0,7,0.07,0.06450377404689789,4311,0.06450095027685165,4312
7,MCF7,4.0,A199,13,2,70.0,7,0.12,0.0626394972205162,9514,0.06566347926855087,14887
7,MCF7,4.0,A199,13,2,70.0,7,0.17,0.05912889167666435,733,0.06925389170646667,11286
7,MCF7,4.0,A199,13,2,70.0,7,0.22,,0,0.06690724939107895,9106
7,MCF7,4.0,A199,13,2,70.0,7,0.27,,0,0.06837175041437149,4251
7,MCF7,4.0,A199,13,2,70.0,7,0.32,,0,0.07037322223186493,1450
7,MCF7,4.0,A199,13,2,70.0,7,0.37,,0,0.07505005598068237,689
7,MCF7,4.0,A199,13,2,70.0,7,0.42,,0,0.079570472240448,19
8,MCF7,4.0,A199,13,2,70.0,8,0.09,0.05757785588502884,185,0.06553592532873154,574
8,MCF7,4.0,A199,13,2,70.0,8,0.14,0.08311496675014496,1916,0.08955570310354233,7145
8,MCF7,4.0,A199,13,2,70.0,8,0.19,0.09930241107940674,3110,0.10030350089073181,5930
8,MCF7,4.0,A199,13,2,70.0,8,0.24,0.11635180562734604,1289,0.1160614937543869,1315
8,MCF7,4.0,A199,13,2,70.0,8,0.29,0.12524355947971344,339,0.12524355947971344,339
8,MCF7,4.0,A199,13,2,70.0,8,0.34,0.13356824219226837,9,,9
9,MCF7,4.0,A199,13,2,70.0,9,0.05,0.04950222745537758,6259,0.05434620752930641,9423
9,MCF7,4.0,A199,13,2,70.0,9,0.1,0.05602606385946274,7114,0.06031591445207596,18281
9,MCF7,4.0,A199,13,2,70.0,9,0.15,,0,0.06271670013666153,2359
9,MCF7,4.0,A199,13,2,70.0,9,0.2,,0,0.07469385862350464,61
10,MCF7,4.0,A199,13,2,70.0,10,0.04,,2,0.08588909357786179,453
10,MCF7,4.0,A199,13,2,70.0,10,0.09,0.08007370680570602,1475,0.08900230377912521,5362
10,MCF7,4.0,A199,13,2,70.0,10,0.14,0.08344242721796036,2310,0.08447563648223877,5668
10,MCF7,4.0,A199,13,2,70.0,10,0.19,0.09904269874095917,1811,0.09628907591104507,2165
10,MCF7,4.0,A199,13,2,70.0,10,0.24,0.11266297847032547,128,0.11266297847032547,128
11,MCF7,4.0,A199,13,2,70.0,11,0.06,0.05794763192534447,222,0.05966933071613312,931
11,MCF7,4.0,A199,13,2,70.0,11,0.11,0.06830837577581406,924,0.07201272249221802,4277
11,MCF7,4.0,A199,13,2,70.0,11,0.16,0.08312574028968811,3331,0.08475999534130096,7290
11,MCF7,4.0,A199,13,2,70.0,11,0.21,0.09430190175771713,392,0.09428770840167999,398
11,MCF7,4.0,A199,13,2,70.0,11,0.26,0.09504763782024384,16,0.09504763782024384,16
12,MCF7,4.0,A199,13,2,70.0,12,0.08,0.059100862592458725,11,0.061755064874887466,364
12,MCF7,4.0,A199,13,2,70.0,12,0.13,0.0626775324344635,98,0.06376198679208755,6840
12,MCF7,4.0,A199,13,2,70.0,12,0.18,0.05920131877064705,1910,0.06646399199962616,12284
12,MCF7,4.0,A199,13,2,70.0,12,0.23,0.06609808653593063,1908,0.07467927783727646,7582
12,MCF7,4.0,A199,13,2,70.0,12,0.28,0.07614535093307495,1947,0.08300670981407166,4212
12,MCF7,4.0,A199,13,2,70.0,12,0.33,0.08509335666894913,2053,0.09176985919475555,3270
12,MCF7,4.0,A199,13,2,70.0,12,0.38,0.09624570608139038,1670,0.09764286875724792,2605
12,MCF7,4.0,A199,13,2,70.0,12,0.43,0.09538866579532623,1440,0.0932174101471901,1730
12,MCF7,4.0,A199,13,2,70.0,12,0.48,0.09073828905820847,1182,0.09003965556621552,1227
12,MCF7,4.0,A199,13,2,70.0,12,0.53,0.10219299048185349,438,0.10189139097929001,443
12,MCF7,4.0,A199,13,2,70.0,12,0.58,0.10863243788480759,81,0.10863243788480759,81
13,MCF7,4.0,A199,13,2,70.0,13,0.07,,0,0.06605494767427444,399
13,MCF7,4.0,A199,13,2,70.0,13,0.12,0.06764104962348938,283,0.07060012966394424,9507
13,MCF7,4.0,A199,13,2,70.0,13,0.17,0.06821848452091217,1685,0.07165400683879852,8016
13,MCF7,4.0,A199,13,2,70.0,13,0.22,0.08201387524604797,2319,0.07945806533098221,5195
13,MCF7,4.0,A199,13,2,70.0,13,0.27,0.07900793850421906,708,0.0807545930147171,805
13,MCF7,4.0,A199,13,2,70.0,13,0.32,0.09294293075799942,761,0.09303826838731766,764
13,MCF7,4.0,A199,13,2,70.0,13,0.37,0.09682206064462662,585,0.09682206064462662,585
13,MCF7,4.0,A199,13,2,70.0,13,0.42,0.10005400329828262,176,0.10005400329828262,176
13,MCF7,4.0,A199,13,2,70.0,13,0.47,0.09416186809539795,9,,9
14,MCF7,4.0,A199,13,2,70.0,14,0.07,0.0422869436442852,91,0.06112217903137207,751
14,MCF7,4.0,A199,13,2,70.0,14,0.12,0.06873543560504913,1295,0.078830286860466,11576
14,MCF7,4.0,A199,13,2,70.0,14,0.17,0.08879125118255615,2345,0.08391819894313812,4859
14,MCF7,4.0,A199,13,2,70.0,14,0.22,0.10487312823534012,1417,0.10424723476171494,1480
14,MCF7,4.0,A199,13,2,70.0,14,0.27,0.11048983037471771,519,0.11048983037471771,519
14,MCF7,4.0,A199,13,2,70.0,14,0.32,0.10949235409498215,63,0.10949235409498215,63
15,MCF7,4.0,A199,13,2,70.0,15,0.07,0.0630105659365654,103,0.07677054405212402,339
15,MCF7,4.0,A199,13,2,70.0,15,0.12,0.07978135347366333,3942,0.08353304862976074,9477
15,MCF7,4.0,A199,13,2,70.0,15,0.17,0.0878572165966034,1817,0.09203961491584778,4055
15,MCF7,4.0,A199,13,2,70.0,15,0.22,0.10379891097545624,57,0.10312996059656143,65
1,MCF7,4.0,A199,14,2,70.0,1,0.3,0.08890051394701004,32,0.08850026875734329,35
1,MCF7,4.0,A199,14,2,70.0,1,0.35,0.0927039310336113,218,0.105565145611763,1650
1,MCF7,4.0,A199,14,2,70.0,1,0.4,0.10675431042909622,539,0.11323986947536469,2602
1,MCF7,4.0,A199,14,2,70.0,1,0.45,0.11127562075853348,821,0.10533417761325836,4334
1,MCF7,4.0,A199,14,2,70.0,1,0.5,0.12063616514205933,1038,0.11351632326841354,2198
1,MCF7,4.0,A199,14,2,70.0,1,0.55,0.11919595301151276,134,0.11561159789562225,186
2,MCF7,4.0,A199,14,2,70.0,2,0.03,0.05146905034780502,7742,0.05159763619303703,13384
2,MCF7,4.0,A199,14,2,70.0,2,0.08,0.04809004068374634,3914,0.043536972254514694,25760
2,MCF7,4.0,A199,14,2,70.0,2,0.13,,0,0.05031290277838707,3729
2,MCF7,4.0,A199,14,2,70.0,2,0.18,,0,,7
3,MCF7,4.0,A199,14,2,70.0,3,0.37,,0,0.05216063931584358,37
3,MCF7,4.0,A199,14,2,70.0,3,0.42,,0,0.05946311354637146,632
3,MCF7,4.0,A199,14,2,70.0,3,0.47,,0,0.0647195354104042,1215
3,MCF7,4.0,A199,14,2,70.0,3,0.52,0.07383271306753159,14,0.06868992745876312,1384
3,MCF7,4.0,A199,14,2,70.0,3,0.57,0.08127301931381226,91,0.07423235476016998,1032
3,MCF7,4.0,A199,14,2,70.0,3,0.62,0.09224041551351547,354,0.08154427260160446,1400
3,MCF7,4.0,A199,14,2,70.0,3,0.67,0.09450196474790573,421,0.08596470952033997,1551
3,MCF7,4.0,A199,14,2,70.0,3,0.72,0.09758367389440536,393,0.08865819126367569,1467
3,MCF7,4.0,A199,14,2,70.0,3,0.77,0.10088758915662766,308,0.09236343204975128,879
3,MCF7,4.0,A199,14,2,70.0,3,0.82,0.10587455332279205,218,0.1006174385547638,419
3,MCF7,4.0,A199,14,2,70.0,3,0.87,0.10908462852239609,206,0.10575509071350098,340
3,MCF7,4.0,A199,14,2,70.0,3,0.92,0.11344970017671585,262,0.11071170121431351,352
3,MCF7,4.0,A199,14,2,70.0,3,0.97,0.12157037854194641,332,0.11707134544849396,437
3,MCF7,4.0,A199,14,2,70.0,3,1.02,0.12500958144664764,349,0.12007444351911545,481
3,MCF7,4.0,A199,14,2,70.0,3,1.07,0.12973999977111816,299,0.12364751845598221,433
3,MCF7,4.0,A199,14,2,70.0,3,1.12,0.1337881237268448,248,0.12682293355464935,406
3,MCF7,4.0,A199,14,2,70.0,3,1.17,0.13928790390491486,258,0.129179447889328,462
3,MCF7,4.0,A199,14,2,70.0,3,1.22,0.14056743681430817,269,0.13216224312782288,540
3,MCF7,4.0,A199,14,2,70.0,3,1.27,0.14218845963478088,203,0.13168831169605255,582
3,MCF7,4.0,A199,14,2,70.0,3,1.32,0.1425836831331253,142,0.12989619374275208,511
3,MCF7,4.0,A199,14,2,70.0,3,1.37,0.15101195871829987,98,0.12274199724197388,437
3,MCF7,4.0,A199,14,2,70.0,3,1.42,0.14813634753227234,56,0.11601265519857407,383
3,MCF7,4.0,A199,14,2,70.0,3,1.47,0.1505632996559143,43,0.11409496515989304,370
3,MCF7,4.0,A199,14,2,70.0,3,1.52,0.14822128415107727,20,0.11173661053180695,290
3,MCF7,4.0,A199,14,2,70.0,3,1.57,0.1564113050699234,11,0.11242658644914627,269
3,MCF7,4.0,A199,14,2,70.0,3,1.62,,4,0.11061496287584305,224
3,MCF7,4.0,A199,14,2,70.0,3,1.67,,2,0.1135658323764801,157
3,MCF7,4.0,A199,14,2,70.0,3,1.72,,0,0.11119801551103592,90
3,MCF7,4.0,A199,14,2,70.0,3,1.77,,0,0.11681661009788513,64
3,MCF7,4.0,A199,14,2,70.0,3,1.82,,0,0.11648282408714294,33
3,MCF7,4.0,A199,14,2,70.0,3,1.87,,0,0.11121269315481186,12
3,MCF7,4.0,A199,14,2,70.0,3,1.92,,0,,7
4,MCF7,4.0,A199,14,2,70.0,4,0.2,,2,0.09372550249099731,59
4,MCF7,4.0,A199,14,2,70.0,4,0.25,0.08675450831651688,195,0.09226979315280914,1065
4,MCF7,4.0,A199,14,2,70.0,4,0.3,0.09981386363506317,1004,0.099057137966156,3268
4,MCF7,4.0,A199,14,2,70.0,4,0.35,0.10597781091928482,2998,0.1092028096318245,4215
4,MCF7,4.0,A199,14,2,70.0,4,0.4,0.11001352220773697,1857,0.11232366412878036,2300
4,MCF7,4.0,A199,14,2,70.0,4,0.45,0.11860416829586029,680,0.12221205979585648,1016
4,MCF7,4.0,A199,14,2,70.0,4,0.5,0.12548980116844177,366,0.12867100536823273,493
4,MCF7,4.0,A199,14,2,70.0,4,0.55,0.12675145268440247,89,0.13282130658626556,114
4,MCF7,4.0,A199,14,2,70.0,4,0.6,0.14248095452785492,6,0.1466669738292694,14
5,MCF7,4.0,A199,14,2,70.0,5,0.0,,3,0.01406901329755783,258
5,MCF7,4.0,A199,14,2,70.0,5,0.05,0.1470874696969986,24376,0.15096396207809448,43782
5,MCF7,4.0,A199,14,2,70.0,5,0.1,0.09461747854948044,2780,0.24760812520980835,13012
6,MCF7,4.0,A199,14,2,70.0,6,0.4,,0,0.045801691710948944,59
6,MCF7,4.0,A199,14,2,70.0,6,0.45,0.05624225735664368,5,0.051452554762363434,1017
6,MCF7,4.0,A199,14,2,70.0,6,0.5,0.06137203425168991,79,0.05577315762639046,2151
6,MCF7,4.0,A199,14,2,70.0,6,0.55,0.07799853384494781,350,0.06731066107749939,1824
6,MCF7,4.0,A199,14,2,70.0,6,0.6,0.086907297372818,343,0.07658571749925613,1727
6,MCF7,4.0,A199,14,2,70.0,6,0.65,0.09155655652284622,257,0.08261709660291672,1286
6,MCF7,4.0,A199,14,2,70.0,6,0.7,0.09409976750612259,235,0.0895019918680191,1524
6,MCF7,4.0,A199,14,2,70.0,6,0.75,0.09778609126806259,245,0.09116273373365402,1750
6,MCF7,4.0,A199,14,2,70.0,6,0.8,0.10683494806289673,282,0.10160661488771439,1463
6,MCF7,4.0,A199,14,2,70.0,6,0.85,0.1163409948348999,342,0.1132703647017479,1016
6,MCF7,4.0,A199,14,2,70.0,6,0.9,0.1227000504732132,423,0.12060248851776123,835
6,MCF7,4.0,A199,14,2,70.0,6,0.95,0.12177743017673492,432,0.12304350733757019,679
6,MCF7,4.0,A199,14,2,70.0,6,1.0,0.1265266388654709,343,0.1265883445739746,446
6,MCF7,4.0,A199,14,2,70.0,6,1.05,0.13076205551624298,289,0.12860751152038574,339
6,MCF7,4.0,A199,14,2,70.0,6,1.1,0.1295602023601532,284,0.13215750455856323,308
6,MCF7,4.0,A199,14,2,70.0,6,1.15,0.1327936202287674,259,0.13406479358673096,278
6,MCF7,4.0,A199,14,2,70.0,6,1.2,0.13725228607654572,205,0.14063125848770142,230
6,MCF7,4.0,A199,14,2,70.0,6,1.25,0.14270707964897156,141,0.14488808810710907,158
6,MCF7,4.0,A199,14,2,70.0,6,1.3,0.14818421006202698,117,0.1491626799106598,127
6,MCF7,4.0,A199,14,2,70.0,6,1.35,0.1473810225725174,101,0.15040701627731323,110
6,MCF7,4.0,A199,14,2,70.0,6,1.4,0.14705374836921692,61,0.14973700046539307,67
6,MCF7,4.0,A199,14,2,70.0,6,1.45,0.1483108103275299,53,0.1512785404920578,60
6,MCF7,4.0,A199,14,2,70.0,6,1.5,0.14609751105308533,42,0.1467590481042862,43
6,MCF7,4.0,A199,14,2,70.0,6,1.55,0.15352597832679749,41,0.15407033264636993,42
6,MCF7,4.0,A199,14,2,70.0,6,1.6,0.15102045238018036,31,0.15102045238018036,31
6,MCF7,4.0,A199,14,2,70.0,6,1.65,0.16229967772960663,9,,9
7,MCF7,4.0,A199,14,2,70.0,7,0.14,,0,0.05457044392824173,38
7,MCF7,4.0,A199,14,2,70.0,7,0.19,,0,0.06891442835330963,150
7,MCF7,4.0,A199,14,2,70.0,7,0.24,,0,0.08068687468767166,166
7,MCF7,4.0,A199,14,2,70.0,7,0.29,0.0848936215043068,41,0.09575784206390381,620
7,MCF7,4.0,A199,14,2,70.0,7,0.34,0.1001967340707779,265,0.09972584992647171,1458
7,MCF7,4.0,A199,14,2,70.0,7,0.39,0.11428003758192062,771,0.10776085406541824,2141
7,MCF7,4.0,A199,14,2,70.0,7,0.44,0.11879907548427582,1235,0.11837860196828842,2206
7,MCF7,4.0,A199,14,2,70.0,7,0.49,0.12597133219242096,988,0.13041077554225922,1727
7,MCF7,4.0,A199,14,2,70.0,7,0.54,0.13892200589179993,720,0.1442994326353073,1229
7,MCF7,4.0,A199,14,2,70.0,7,0.59,0.1486506313085556,521,0.1545511931180954,748
7,MCF7,4.0,A199,14,2,70.0,7,0.64,0.1573769599199295,377,0.16256985068321228,451
7,MCF7,4.0,A199,14,2,70.0,7,0.69,0.16607220470905304,203,0.1680833250284195,235
7,MCF7,4.0,A199,14,2,70.0,7,0.74,0.16859164834022522,124,0.1694454848766327,130
7,MCF7,4.0,A199,14,2,70.0,7,0.79,0.17042939364910126,75,0.17179453372955322,81
7,MCF7,4.0,A199,14,2,70.0,7,0.84,0.1548798531293869,49,0.15528757870197296,54
7,MCF7,4.0,A199,14,2,70.0,7,0.89,0.15763117372989655,38,0.15763117372989655,38
7,MCF7,4.0,A199,14,2,70.0,7,0.94,0.17431333661079407,10,0.17099647223949432,11
7,MCF7,4.0,A199,14,2,70.0,7,0.99,0.16806812584400177,10,0.16407419741153717,11
8,MCF7,4.0,A199,14,2,70.0,8,0.0,0.0,10,0.0,10
8,MCF7,4.0,A199,14,2,70.0,8,0.2,0.038402095437049866,132,0.036880526691675186,332
8,MCF7,4.0,A199,14,2,70.0,8,0.25,0.07523491978645325,641,0.0709378719329834,2252
8,MCF7,4.0,A199,14,2,70.0,8,0.3,0.08070322871208191,1649,0.07109066098928452,4869
8,MCF7,4.0,A199,14,2,70.0,8,0.35,0.0859513059258461,1490,0.07751885801553726,4116
8,MCF7,4.0,A199,14,2,70.0,8,0.4,0.09001556783914566,1430,0.09284096956253052,3662
8,MCF7,4.0,A199,14,2,70.0,8,0.45,0.10069680213928223,915,0.09837593138217926,2639
8,MCF7,4.0,A199,14,2,70.0,8,0.5,0.1074717789888382,743,0.10849348455667496,1240
8,MCF7,4.0,A199,14,2,70.0,8,0.55,0.11664048582315445,237,0.11686727404594421,290
8,MCF7,4.0,A199,14,2,70.0,8,0.6,0.10492458939552307,154,0.10492458939552307,154
8,MCF7,4.0,A199,14,2,70.0,8,0.65,0.08191562443971634,126,0.08191562443971634,126
8,MCF7,4.0,A199,14,2,70.0,8,0.7,0.0073217228055000305,65,0.0073217228055000305,65
8,MCF7,4.0,A199,14,2,70.0,8,0.75,0.0,19,0.0,19
9,MCF7,4.0,A199,14,2,70.0,9,0.19,,0,0.09621930867433548,44
9,MCF7,4.0,A199,14,2,70.0,9,0.24,0.07774423062801361,360,0.10391269624233246,1620
9,MCF7,4.0,A199,14,2,70.0,9,0.29,0.07948023080825806,1127,0.08763012290000916,4505
9,MCF7,4.0,A199,14,2,70.0,9,0.34,0.0903635248541832,1367,0.07633379101753235,4192
9,MCF7,4.0,A199,14,2,70.0,9,0.39,0.09667488932609558,1852,0.08949931710958481,4263
9,MCF7,4.0,A199,14,2,70.0,9,0.44,0.11084248125553131,1047,0.09280754625797272,2968
9,MCF7,4.0,A199,14,2,70.0,9,0.49,0.11472614109516144,579,0.08560188114643097,1853
9,MCF7,4.0,A199,14,2,70.0,9,0.54,0.0517134927213192,144,0.06592559069395065,992
9,MCF7,4.0,A199,14,2,70.0,9,0.59,0.0,101,0.053172215819358826,489
9,MCF7,4.0,A199,14,2,70.0,9,0.64,0.0,8,0.05615362524986267,232
9,MCF7,4.0,A199,14,2,70.0,9,0.69,,0,0.06335961818695068,196
9,MCF7,4.0,A199,14,2,70.0,9,0.74,,0,0.06880445778369904,159
9,MCF7,4.0,A199,14,2,70.0,9,0.79,,0,0.07297959923744202,122
9,MCF7,4.0,A199,14,2,70.0,9,0.84,,0,0.0730302482843399,122
9,MCF7,4.0,A199,14,2,70.0,9,0.89,,0,0.07326624542474747,122
9,MCF7,4.0,A199,14,2,70.0,9,0.94,,0,0.07657568156719208,104
9,MCF7,4.0,A199,14,2,70.0,9,0.99,,0,0.07676705718040466,45
10,MCF7,4.0,A199,14,2,70.0,10,0.07,0.07317814230918884,18,0.08194026350975037,237
10,MCF7,4.0,A199,14,2,70.0,10,0.12,0.06382406502962112,2845,0.061739109456539154,7279
10,MCF7,4.0,A199,14,2,70.0,10,0.17,0.0723220631480217,3930,0.07326062023639679,6312
10,MCF7,4.0,A199,14,2,70.0,10,0.22,0.08417744189500809,931,0.08608242869377136,1132
10,MCF7,4.0,A199,14,2,70.0,10,0.27,0.08668681979179382,95,0.08638864755630493,96
1,MCF7,4.0,A199,2,2,70.0,1,0.02,0.062120821326971054,184,0.055767979472875595,6029
1,MCF7,4.0,A199,2,2,70.0,1,0.07,0.06315707415342331,3853,0.05799337103962898,14782
1,MCF7,4.0,A199,2,2,70.0,1,0.12,0.030160225927829742,1003,0.03038465604186058,1012
2,MCF7,4.0,A199,2,2,70.0,2,0.11,0.09209282696247101,1621,0.09210304170846939,1622
2,MCF7,4.0,A199,2,2,70.0,2,0.16,0.07770496606826782,3773,0.0765860453248024,7844
2,MCF7,4.0,A199,2,2,70.0,2,0.21,0.07432743906974792,107,0.07464883476495743,5040
2,MCF7,4.0,A199,2,2,70.0,2,0.26,,0,0.07443063706159592,2271
2,MCF7,4.0,A199,2,2,70.0,2,0.31,,0,0.06981633603572845,119
3,MCF7,4.0,A199,2,2,70.0,3,0.04,0.056370217353105545,797,0.05616877228021622,5928
3,MCF7,4.0,A199,2,2,70.0,3,0.09,0.06893498450517654,3692,0.06786128133535385,8663
3,MCF7,4.0,A199,2,2,70.0,3,0.14,0.07139823585748672,731,0.07225264608860016,815
3,MCF7,4.0,A199,2,2,70.0,3,0.19,0.0867093950510025,18,0.0867093950510025,18
4,MCF7,4.0,A199,2,2,70.0,4,0.08,0.03496844694018364,264,0.038178179413080215,662
4,MCF7,4.0,A199,2,2,70.0,4,0.13,0.057878896594047546,2432,0.05864337086677551,9319
4,MCF7,4.0,A199,2,2,70.0,4,0.18,0.042148441076278687,2603,0.062104858458042145,6477
4,MCF7,4.0,A199,2,2,70.0,4,0.23,0.0,301,0.04244718700647354,842
5,MCF7,4.0,A199,2,2,70.0,5,0.04,0.04884931445121765,5556,0.05283736437559128,10550
5,MCF7,4.0,A199,2,2,70.0,5,0.09,0.04616660624742508,246,0.05833978205919266,13403
5,MCF7,4.0,A199,2,2,70.0,5,0.14,0.12239985167980194,10,0.07967843860387802,731
5,MCF7,4.0,A199,2,2,70.0,5,0.19,0.09503614157438278,6,,6
1,MCF7,4.0,A199,3,2,70.0,1,0.0,0.05462780222296715,9269,0.05818943306803703,16273
1,MCF7,4.0,A199,3,2,70.0,1,0.05,0.06887262314558029,17025,0.06714850664138794,67287
1,MCF7,4.0,A199,3,2,70.0,1,0.1,0.08784237504005432,8,,8
2,MCF7,4.0,A199,3,2,70.0,2,0.0,0.045773133635520935,16601,0.04635445401072502,27936
2,MCF7,4.0,A199,3,2,70.0,2,0.05,0.0531153678894043,9049,0.05384845659136772,14443
3,MCF7,4.0,A199,3,2,70.0,3,0.02,0.0699477419257164,773,0.07619696855545044,7394
3,MCF7,4.0,A199,3,2,70.0,3,0.07,0.07562553137540817,5410,0.0854153260588646,9083
3,MCF7,4.0,A199,3,2,70.0,3,0.12,0.07846858352422714,2011,0.07862892001867294,2072
3,MCF7,4.0,A199,3,2,70.0,3,0.17,0.08211968839168549,139,0.08211968839168549,139
4,MCF7,4.0,A199,3,2,70.0,4,0.0,0.06188296899199486,4428,0.07757634669542313,7706
4,MCF7,4.0,A199,3,2,70.0,4,0.05,0.05841875821352005,20345,0.06507237255573273,55653
5,MCF7,4.0,A199,3,2,70.0,5,0.15,0.7791569232940674,13,0.7791569232940674,13
5,MCF7,4.0,A199,3,2,70.0,5,0.2,0.7543054223060608,129,0.7543054223060608,129
5,MCF7,4.0,A199,3,2,70.0,5,0.25,0.7073107957839966,147,0.7073107957839966,147
5,MCF7,4.0,A199,3,2,70.0,5,0.3,0.6264219284057617,208,0.6264219284057617,208
5,MCF7,4.0,A199,3,2,70.0,5,0.35,0.5754846334457397,181,0.5754846334457397,181
5,MCF7,4.0,A199,3,2,70.0,5,0.4,0.523779034614563,195,0.523779034614563,195
5,MCF7,4.0,A199,3,2,70.0,5,0.45,0.4652051329612732,193,0.4652051329612732,193
5,MCF7,4.0,A199,3,2,70.0,5,0.5,0.3917136788368225,204,0.3917136788368225,204
5,MCF7,4.0,A199,3,2,70.0,5,0.55,0.29709911346435547,291,0.2924477756023407,298
5,MCF7,4.0,A199,3,2,70.0,5,0.6,0.20044314861297607,508,0.19000889360904694,567
5,MCF7,4.0,A199,3,2,70.0,5,0.65,0.14692263305187225,1166,0.14037519693374634,1400
5,MCF7,4.0,A199,3,2,70.0,5,0.7,0.12824372947216034,2155,0.12475628405809402,2873
5,MCF7,4.0,A199,3,2,70.0,5,0.75,0.11786193400621414,2946,0.11916034668684006,4287
5,MCF7,4.0,A199,3,2,70.0,5,0.8,0.1173943355679512,3097,0.12209820747375488,4858
5,MCF7,4.0,A199,3,2,70.0,5,0.85,0.12007260322570801,2578,0.1274709850549698,4595
5,MCF7,4.0,A199,3,2,70.0,5,0.9,0.12096843123435974,2039,0.13164713978767395,4069
5,MCF7,4.0,A199,3,2,70.0,5,0.95,0.12209192663431168,1959,0.1342538446187973,4186
5,MCF7,4.0,A199,3,2,70.0,5,1.0,0.12257945537567139,1801,0.13927532732486725,4374
5,MCF7,4.0,A199,3,2,70.0,5,1.05,0.12678290903568268,1587,0.14285582304000854,4334
5,MCF7,4.0,A199,3,2,70.0,5,1.1,0.13115110993385315,1082,0.1489752233028412,4037
5,MCF7,4.0,A199,3,2,70.0,5,1.15,0.1399787813425064,665,0.1540956348180771,3645
5,MCF7,4.0,A199,3,2,70.0,5,1.2,0.14449743926525116,318,0.16050679981708527,3072
5,MCF7,4.0,A199,3,2,70.0,5,1.25,0.15487858653068542,177,0.16463641822338104,2431
5,MCF7,4.0,A199,3,2,70.0,5,1.3,0.16193509101867676,105,0.16892609000205994,1880
5,MCF7,4.0,A199,3,2,70.0,5,1.35,0.1647050827741623,61,0.17381179332733154,1291
5,MCF7,4.0,A199,3,2,70.0,5,1.4,0.1670226752758026,31,0.18205614387989044,887
5,MCF7,4.0,A199,3,2,70.0,5,1.45,0.17434099316596985,16,0.18730057775974274,591
5,MCF7,4.0,A199,3,2,70.0,5,1.5,,4,0.19670186936855316,351
5,MCF7,4.0,A199,3,2,70.0,5,1.55,,1,0.20895527303218842,236
5,MCF7,4.0,A199,3,2,70.0,5,1.6,,0,0.21633169054985046,159
5,MCF7,4.0,A199,3,2,70.0,5,1.65,,0,0.20851869881153107,106
5,MCF7,4.0,A199,3,2,70.0,5,1.7,,0,0.2276264727115631,76
5,MCF7,4.0,A199,3,2,70.0,5,1.75,,0,0.23282238841056824,54
5,MCF7,4.0,A199,3,2,70.0,5,1.8,,0,0.24603872001171112,30
5,MCF7,4.0,A199,3,2,70.0,5,1.85,,0,0.24557560682296753,19
5,MCF7,4.0,A199,3,2,70.0,5,1.9,,0,0.24139690399169922,13
5,MCF7,4.0,A199,3,2,70.0,5,1.95,,0,0.3201490044593811,16
5,MCF7,4.0,A199,3,2,70.0,5,2.0,,0,,6
5,MCF7,4.0,A199,3,2,70.0,5,2.1,,0,,9
1,MCF7,4.0,A199,4,2,70.0,1,0.01,0.04334878548979759,6080,0.04351767152547836,22358
1,MCF7,4.0,A199,4,2,70.0,1,0.06,,0,0.048541996628046036,3706
2,MCF7,4.0,A199,4,2,70.0,2,0.02,0.05082307010889053,1024,0.04866276681423187,5108
2,MCF7,4.0,A199,4,2,70.0,2,0.07,0.0631469264626503,4227,0.06121267378330231,8683
2,MCF7,4.0,A199,4,2,70.0,2,0.12,,3,0.09661329537630081,33
3,MCF7,4.0,A199,4,2,70.0,3,0.03,0.05269820988178253,1325,0.051267050206661224,6683
3,MCF7,4.0,A199,4,2,70.0,3,0.08,0.04193861782550812,2230,0.05248118191957474,3392
4,MCF7,4.0,A199,4,2,70.0,4,0.01,0.05090527981519699,540,0.059350114315748215,976
4,MCF7,4.0,A199,4,2,70.0,4,0.06,0.06400088965892792,140,0.06201872602105141,11706
4,MCF7,4.0,A199,4,2,70.0,4,0.11,0.08448709547519684,665,0.08419627696275711,2736
4,MCF7,4.0,A199,4,2,70.0,4,0.16,0.09837576746940613,1333,0.09915682673454285,1633
4,MCF7,4.0,A199,4,2,70.0,4,0.21,0.08989239484071732,37,0.08989239484071732,37
5,MCF7,4.0,A199,4,2,70.0,5,0.02,0.05029210075736046,2336,0.052169546484947205,3612
5,MCF7,4.0,A199,4,2,70.0,5,0.07,0.06479416787624359,7102,0.06247248873114586,19089
5,MCF7,4.0,A199,4,2,70.0,5,0.12,0.06861807405948639,205,0.0655619204044342,345
5,MCF7,4.0,A199,4,2,70.0,5,0.17,,0,0.05529574304819107,10
6,MCF7,4.0,A199,4,2,70.0,6,0.07,0.05404527112841606,15,0.04675203561782837,1619
6,MCF7,4.0,A199,4,2,70.0,6,0.12,0.05902494117617607,581,0.05556555837392807,8006
6,MCF7,4.0,A199,4,2,70.0,6,0.17,0.06912974268198013,1124,0.06985565274953842,3169
6,MCF7,4.0,A199,4,2,70.0,6,0.22,0.07432730495929718,1093,0.07734605669975281,2099
6,MCF7,4.0,A199,4,2,70.0,6,0.27,0.08260785788297653,679,0.08523999899625778,1279
6,MCF7,4.0,A199,4,2,70.0,6,0.32,0.0942399725317955,510,0.09448900818824768,763
6,MCF7,4.0,A199,4,2,70.0,6,0.37,0.0980161726474762,210,0.09968114644289017,238
6,MCF7,4.0,A199,4,2,70.0,6,0.42,0.09763574600219727,11,0.09763574600219727,11
7,MCF7,4.0,A199,4,2,70.0,7,0.04,0.044065747410058975,1688,0.04511035978794098,6250
7,MCF7,4.0,A199,4,2,70.0,7,0.09,0.054755546152591705,7270,0.053973518311977386,19350
8,MCF7,4.0,A199,4,2,70.0,8,0.07,0.05675546079874039,3961,0.05715291574597359,4810
8,MCF7,4.0,A199,4,2,70.0,8,0.12,0.05587814748287201,7256,0.05768493562936783,20090
8,MCF7,4.0,A199,4,2,70.0,8,0.17,0.05725010111927986,364,0.05769793316721916,10624
8,MCF7,4.0,A199,4,2,70.0,8,0.22,,0,0.05922282114624977,188
1,MCF7,4.0,A199,5,2,70.0,1,0.03,0.044488441199064255,10582,0.04344853386282921,24450
1,MCF7,4.0,A199,5,2,70.0,1,0.08,0.04424998164176941,9180,0.04443071782588959,28466
1,MCF7,4.0,A199,5,2,70.0,1,0.13,,0,0.05034599453210831,92
2,MCF7,4.0,A199,5,2,70.0,2,0.02,0.047618985176086426,2089,0.05063138157129288,2530
2,MCF7,4.0,A199,5,2,70.0,2,0.07,0.05089109390974045,8232,0.059665024280548096,39130
2,MCF7,4.0,A199,5,2,70.0,2,0.12,,0,0.06297777593135834,11892
3,MCF7,4.0,A199,5,2,70.0,3,0.03,0.04490990564227104,13917,0.04554972052574158,22747
3,MCF7,4.0,A199,5,2,70.0,3,0.08,0.04496943578124046,5675,0.04951615259051323,36890
3,MCF7,4.0,A199,5,2,70.0,3,0.13,,0,0.05557878687977791,27
4,MCF7,4.0,A199,5,2,70.0,4,0.02,0.05118582397699356,1971,0.05910296365618706,7668
4,MCF7,4.0,A199,5,2,70.0,4,0.07,0.055508024990558624,12231,0.05850881338119507,24241
4,MCF7,4.0,A199,5,2,70.0,4,0.12,0.056905828416347504,575,0.06430634111166,1811
4,MCF7,4.0,A199,5,2,70.0,4,0.17,,2,0.07186328619718552,56
5,MCF7,4.0,A199,5,2,70.0,5,0.06,0.055022627115249634,2643,0.056186456233263016,2930
5,MCF7,4.0,A199,5,2,70.0,5,0.11,0.05609486997127533,8002,0.060839809477329254,25463
5,MCF7,4.0,A199,5,2,70.0,5,0.16,0.05123111978173256,499,0.06112310290336609,21930
5,MCF7,4.0,A199,5,2,70.0,5,0.21,,0,0.061552274972200394,2968
6,MCF7,4.0,A199,5,2,70.0,6,0.03,,0,0.05780617892742157,1343
6,MCF7,4.0,A199,5,2,70.0,6,0.08,0.06695976853370667,21890,0.06622697412967682,48288
6,MCF7,4.0,A199,5,2,70.0,6,0.13,0.07737744599580765,2493,0.07708732038736343,2577
1,MCF7,4.0,A199,6,2,70.0,1,0.08,0.05995211377739906,2122,0.05993909388780594,2142
1,MCF7,4.0,A199,6,2,70.0,1,0.13,0.0643957331776619,8305,0.06118432804942131,12111
1,MCF7,4.0,A199,6,2,70.0,1,0.18,0.07549402862787247,659,0.06373095512390137,10791
1,MCF7,4.0,A199,6,2,70.0,1,0.23,,1,0.06933680921792984,10609
1,MCF7,4.0,A199,6,2,70.0,1,0.28,,0,0.07033588737249374,3891
1,MCF7,4.0,A199,6,2,70.0,1,0.33,,0,0.07488822191953659,602
1,MCF7,4.0,A199,6,2,70.0,1,0.38,,0,0.07727064937353134,30
2,MCF7,4.0,A199,6,2,70.0,2,0.07,0.05105805769562721,2428,0.05008779093623161,3090
2,MCF7,4.0,A199,6,2,70.0,2,0.12,0.052313949912786484,14069,0.05270487070083618,38806
2,MCF7,4.0,A199,6,2,70.0,2,0.17,0.04604814946651459,447,0.05304291471838951,19749
2,MCF7,4.0,A199,6,2,70.0,2,0.22,,0,0.05491402745246887,6747
2,MCF7,4.0,A199,6,2,70.0,2,0.27,,0,0.058814357966184616,500
3,MCF7,4.0,A199,6,2,70.0,3,0.0,,0,0.0,24
3,MCF7,4.0,A199,6,2,70.0,3,0.05,0.05709262192249298,1815,0.05709870904684067,1818
3,MCF7,4.0,A199,6,2,70.0,3,0.1,0.061127714812755585,32161,0.06020774692296982,39384
3,MCF7,4.0,A199,6,2,70.0,3,0.15,0.060986798256635666,11180,0.05881265178322792,39464
3,MCF7,4.0,A199,6,2,70.0,3,0.2,0.06438562273979187,344,0.058356866240501404,25486
3,MCF7,4.0,A199,6,2,70.0,3,0.25,,0,0.059311553835868835,16653
3,MCF7,4.0,A199,6,2,70.0,3,0.3,,0,0.06104651466012001,8964
3,MCF7,4.0,A199,6,2,70.0,3,0.35,,0,0.06088327243924141,4160
3,MCF7,4.0,A199,6,2,70.0,3,0.4,,0,0.06356093287467957,1881
3,MCF7,4.0,A199,6,2,70.0,3,0.45,,0,0.06672225147485733,886
3,MCF7,4.0,A199,6,2,70.0,3,0.5,,0,0.07121691852807999,330
3,MCF7,4.0,A199,6,2,70.0,3,0.55,,0,0.07889079302549362,165
3,MCF7,4.0,A199,6,2,70.0,3,0.6,,0,0.07370011508464813,63
3,MCF7,4.0,A199,6,2,70.0,3,0.65,,0,0.07556455582380295,38
3,MCF7,4.0,A199,6,2,70.0,3,0.7,,0,0.07298675179481506,15
3,MCF7,4.0,A199,6,2,70.0,3,0.75,,0,,8
1,MCF7,4.0,A199,7,2,70.0,1,0.03,0.041806660592556,707,0.04944559931755066,1235
1,MCF7,4.0,A199,7,2,70.0,1,0.08,0.04364297166466713,2927,0.06880821287631989,13924
1,MCF7,4.0,A199,7,2,70.0,1,0.13,0.031459640711545944,737,0.06430650502443314,2839
1,MCF7,4.0,A199,7,2,70.0,1,0.18,,4,0.08195610344409943,672
1,MCF7,4.0,A199,7,2,70.0,1,0.23,,0,0.09315115213394165,263
1,MCF7,4.0,A199,7,2,70.0,1,0.28,,0,0.1096869707107544,94
2,MCF7,4.0,A199,7,2,70.0,2,0.03,0.048935696482658386,714,0.05519058555364609,1893
2,MCF7,4.0,A199,7,2,70.0,2,0.08,0.05893374979496002,1571,0.07206589728593826,14742
2,MCF7,4.0,A199,7,2,70.0,2,0.13,0.013132941909134388,2112,0.02538074553012848,2506
2,MCF7,4.0,A199,7,2,70.0,2,0.18,0.0,10,0.0,10
3,MCF7,4.0,A199,7,2,70.0,3,0.03,0.04942220076918602,747,0.05551040172576904,1652
3,MCF7,4.0,A199,7,2,70.0,3,0.08,0.05782496929168701,2414,0.06325050443410873,10793
3,MCF7,4.0,A199,7,2,70.0,3,0.13,0.04061850160360336,3540,0.04131898656487465,3736
3,MCF7,4.0,A199,7,2,70.0,3,0.18,0.0,206,0.0,206
3,MCF7,4.0,A199,7,2,70.0,3,0.23,1.0,8,,8
4,MCF7,4.0,A199,7,2,70.0,4,0.03,0.05581125244498253,591,0.05812671780586243,997
4,MCF7,4.0,A199,7,2,70.0,4,0.08,0.06971371173858643,3795,0.07175490260124207,10293
4,MCF7,4.0,A199,7,2,70.0,4,0.13,0.09227943420410156,3506,0.09867044538259506,6460
4,MCF7,4.0,A199,7,2,70.0,4,0.18,0.11355138570070267,1823,0.11392117291688919,1932
4,MCF7,4.0,A199,7,2,70.0,4,0.23,0.1332884430885315,109,0.13319261372089386,110
5,MCF7,4.0,A199,7,2,70.0,5,0.04,0.0690363273024559,735,0.07008358836174011,980
5,MCF7,4.0,A199,7,2,70.0,5,0.09,0.07041638344526291,4748,0.07611506432294846,8304
5,MCF7,4.0,A199,7,2,70.0,5,0.14,0.07850734144449234,993,0.08411028981208801,1602
5,MCF7,4.0,A199,7,2,70.0,5,0.19,0.08574261516332626,271,0.08569063991308212,276
5,MCF7,4.0,A199,7,2,70.0,5,0.24,0.08838193863630295,6,,6
1,MCF7,4.0,A199,8,2,70.0,1,0.0,,0,0.0,4644
1,MCF7,4.0,A199,8,2,70.0,1,0.05,,0,0.02856120467185974,135
1,MCF7,4.0,A199,8,2,70.0,1,0.1,0.09738746285438538,219,0.03991692140698433,5178
1,MCF7,4.0,A199,8,2,70.0,1,0.15,0.07049992680549622,8673,0.06002512201666832,28183
1,MCF7,4.0,A199,8,2,70.0,1,0.2,0.061694756150245667,8462,0.06246887892484665,38755
1,MCF7,4.0,A199,8,2,70.0,1,0.25,0.06360401213169098,2212,0.06454058736562729,15344
1,MCF7,4.0,A199,8,2,70.0,1,0.3,0.0651770532131195,211,0.06764187663793564,2422
1,MCF7,4.0,A199,8,2,70.0,1,0.35,,3,0.0729384794831276,134
2,MCF7,4.0,A199,8,2,70.0,2,0.03,0.04551270976662636,795,0.04527001082897186,851
2,MCF7,4.0,A199,8,2,70.0,2,0.08,0.05646953731775284,3098,0.055318284779787064,7000
2,MCF7,4.0,A199,8,2,70.0,2,0.13,0.07287859171628952,3785,0.07158835977315903,24308
2,MCF7,4.0,A199,8,2,70.0,2,0.18,0.09268678724765778,4315,0.08627036958932877,12682
2,MCF7,4.0,A199,8,2,70.0,2,0.23,0.11140548437833786,1176,0.10351639240980148,2220
2,MCF7,4.0,A199,8,2,70.0,2,0.28,0.12148002535104752,144,0.11725123971700668,302
2,MCF7,4.0,A199,8,2,70.0,2,0.33,0.12135712057352066,30,0.10860124975442886,110
2,MCF7,4.0,A199,8,2,70.0,2,0.38,,4,0.09640870988368988,73
2,MCF7,4.0,A199,8,2,70.0,2,0.43,,0,0.10613738000392914,30
2,MCF7,4.0,A199,8,2,70.0,2,0.48,,0,0.10560072213411331,19
2,MCF7,4.0,A199,8,2,70.0,2,0.53,,0,0.10968799889087677,18
3,MCF7,4.0,A199,8,2,70.0,3,0.05,0.056415051221847534,334,0.051477331668138504,543
3,MCF7,4.0,A199,8,2,70.0,3,0.1,0.07089730352163315,3844,0.07553501427173615,15663
3,MCF7,4.0,A199,8,2,70.0,3,0.15,0.08090101182460785,3190,0.08265939354896545,16491
3,MCF7,4.0,A199,8,2,70.0,3,0.2,0.04198545590043068,1572,0.04274790361523628,1610
3,MCF7,4.0,A199,8,2,70.0,3,0.25,0.006230039522051811,651,0.006452650763094425,653
1,MCF7,4.0,A199,9,2,70.0,1,0.0,,0,0.01570066250860691,206
1,MCF7,4.0,A199,9,2,70.0,1,0.05,,0,0.03886798396706581,15384
1,MCF7,4.0,A199,9,2,70.0,1,0.1,,0,0.037761736661195755,30759
1,MCF7,4.0,A199,9,2,70.0,1,0.15,0.05311419814825058,1510,0.04742356389760971,30078
1,MCF7,4.0,A199,9,2,70.0,1,0.2,0.06200356036424637,3183,0.06634502112865448,24612
1,MCF7,4.0,A199,9,2,70.0,1,0.25,0.06788527220487595,2332,0.07452869415283203,7337
1,MCF7,4.0,A199,9,2,70.0,1,0.3,0.07458315789699554,1670,0.07358714193105698,1858
1,MCF7,4.0,A199,9,2,70.0,1,0.35,0.0826089009642601,1078,0.0817817896604538,1130
1,MCF7,4.0,A199,9,2,70.0,1,0.4,0.08742345124483109,510,0.08694837242364883,515
1,MCF7,4.0,A199,9,2,70.0,1,0.45,0.0893283262848854,138,0.08823832869529724,142
1,MCF7,4.0,A199,9,2,70.0,1,0.5,0.08402786403894424,9,0.07855213433504105,11
2,MCF7,4.0,A199,9,2,70.0,2,0.09,0.049109410494565964,23,0.04385374113917351,201
2,MCF7,4.0,A199,9,2,70.0,2,0.14,0.05019804462790489,1264,0.05114152655005455,5977
2,MCF7,4.0,A199,9,2,70.0,2,0.19,0.06122945249080658,2490,0.059160083532333374,13272
2,MCF7,4.0,A199,9,2,70.0,2,0.24,0.06943865120410919,1418,0.0655425563454628,14339
2,MCF7,4.0,A199,9,2,70.0,2,0.29,0.07712186127901077,952,0.07204160839319229,2470
2,MCF7,4.0,A199,9,2,70.0,2,0.34,0.08559711277484894,858,0.08495669811964035,878
2,MCF7,4.0,A199,9,2,70.0,2,0.39,0.0913790911436081,767,0.09136941283941269,768
2,MCF7,4.0,A199,9,2,70.0,2,0.44,0.09457750618457794,641,0.09457750618457794,641
2,MCF7,4.0,A199,9,2,70.0,2,0.49,0.10093025863170624,420,0.10093025863170624,420
2,MCF7,4.0,A199,9,2,70.0,2,0.54,0.10395152121782303,261,0.10395152121782303,261
2,MCF7,4.0,A199,9,2,70.0,2,0.59,0.10688670724630356,158,0.10688670724630356,158
2,MCF7,4.0,A199,9,2,70.0,2,0.64,0.10993794351816177,103,0.10993794351816177,103
2,MCF7,4.0,A199,9,2,70.0,2,0.69,0.11047054827213287,47,0.11047054827213287,47
2,MCF7,4.0,A199,9,2,70.0,2,0.74,0.08948226273059845,9,,9
1,MCF7,6.0,A199,0,2,70.0,1,0.02,0.04621901735663414,391,0.04716509208083153,6221
1,MCF7,6.0,A199,0,2,70.0,1,0.07,0.05770377442240715,5383,0.05451560392975807,20824
1,MCF7,6.0,A199,0,2,70.0,1,0.12,0.06516003608703613,6093,0.06278620660305023,9237
1,MCF7,6.0,A199,0,2,70.0,1,0.17,0.07261639088392258,166,0.07334540784358978,198
2,MCF7,6.0,A199,0,2,70.0,2,0.01,0.04550904408097267,1265,0.05278419330716133,3855
2,MCF7,6.0,A199,0,2,70.0,2,0.06,0.054060615599155426,13816,0.05649840086698532,23938
2,MCF7,6.0,A199,0,2,70.0,2,0.11,0.0694594457745552,4281,0.07412372529506683,7746
2,MCF7,6.0,A199,0,2,70.0,2,0.16,0.07954177260398865,665,0.08123930543661118,781
3,MCF7,6.0,A199,0,2,70.0,3,0.11,,0,0.07121941447257996,26
3,MCF7,6.0,A199,0,2,70.0,3,0.16,,0,0.07145565748214722,683
3,MCF7,6.0,A199,0,2,70.0,3,0.21,0.08083875477313995,12,0.07396083325147629,2511
3,MCF7,6.0,A199,0,2,70.0,3,0.26,0.08306755125522614,191,0.08332754671573639,1584
3,MCF7,6.0,A199,0,2,70.0,3,0.31,0.08832670748233795,538,0.09025102108716965,1486
3,MCF7,6.0,A199,0,2,70.0,3,0.36,0.09394636750221252,810,0.09321880340576172,1295
3,MCF7,6.0,A199,0,2,70.0,3,0.41,0.09716672450304031,1384,0.09564728289842606,1598
3,MCF7,6.0,A199,0,2,70.0,3,0.46,0.1064167469739914,656,0.10283512622117996,777
3,MCF7,6.0,A199,0,2,70.0,3,0.51,0.11308694630861282,241,0.10445373505353928,352
3,MCF7,6.0,A199,0,2,70.0,3,0.56,0.11524350941181183,220,0.10641312599182129,304
3,MCF7,6.0,A199,0,2,70.0,3,0.61,0.11134251207113266,120,0.10647686570882797,149
3,MCF7,6.0,A199,0,2,70.0,3,0.66,0.10324607789516449,16,0.09971648454666138,19
4,MCF7,6.0,A199,0,2,70.0,4,0.12,,0,0.04782005399465561,33
4,MCF7,6.0,A199,0,2,70.0,4,0.17,,0,0.05113796517252922,361
4,MCF7,6.0,A199,0,2,70.0,4,0.22,,0,0.05611129850149155,1098
4,MCF7,6.0,A199,0,2,70.0,4,0.27,0.07088202238082886,31,0.06940009444952011,2083
4,MCF7,6.0,A199,0,2,70.0,4,0.32,0.07295066863298416,154,0.07495328038930893,3836
4,MCF7,6.0,A199,0,2,70.0,4,0.37,0.07563333958387375,407,0.085142120718956,2807
4,MCF7,6.0,A199,0,2,70.0,4,0.42,0.08330351114273071,441,0.09051761031150818,1888
4,MCF7,6.0,A199,0,2,70.0,4,0.47,0.08669839799404144,541,0.09404100477695465,1094
4,MCF7,6.0,A199,0,2,70.0,4,0.52,0.0970669537782669,733,0.10174071043729782,1050
4,MCF7,6.0,A199,0,2,70.0,4,0.57,0.10390296578407288,867,0.10548090934753418,960
4,MCF7,6.0,A199,0,2,70.0,4,0.62,0.10747544467449188,648,0.10799431800842285,677
4,MCF7,6.0,A199,0,2,70.0,4,0.67,0.11281362175941467,531,0.1129138171672821,541
4,MCF7,6.0,A199,0,2,70.0,4,0.72,0.11495932191610336,415,0.11495932191610336,415
4,MCF7,6.0,A199,0,2,70.0,4,0.77,0.1158088818192482,155,0.1158088818192482,155
4,MCF7,6.0,A199,0,2,70.0,4,0.82,0.11288240551948547,41,0.11288240551948547,41
5,MCF7,6.0,A199,0,2,70.0,5,0.06,,0,0.058607056736946106,244
5,MCF7,6.0,A199,0,2,70.0,5,0.11,0.05322827398777008,435,0.05751233547925949,7333
5,MCF7,6.0,A199,0,2,70.0,5,0.16,0.06494397670030594,1881,0.06330275535583496,9578
5,MCF7,6.0,A199,0,2,70.0,5,0.21,0.06699420511722565,2551,0.06351737678050995,5105
5,MCF7,6.0,A199,0,2,70.0,5,0.26,0.0694960504770279,1957,0.06870492547750473,2307
5,MCF7,6.0,A199,0,2,70.0,5,0.31,0.07401473075151443,222,0.07418318092823029,232
6,MCF7,6.0,A199,0,2,70.0,6,0.03,,0,0.04662582650780678,256
6,MCF7,6.0,A199,0,2,70.0,6,0.08,0.054869938641786575,18,0.058360010385513306,9238
6,MCF7,6.0,A199,0,2,70.0,6,0.13,0.0692138597369194,1600,0.06886971741914749,12227
6,MCF7,6.0,A199,0,2,70.0,6,0.18,0.07521054893732071,3831,0.07572878152132034,6117
6,MCF7,6.0,A199,0,2,70.0,6,0.23,0.07904060930013657,1250,0.07908199727535248,1257
6,MCF7,6.0,A199,0,2,70.0,6,0.28,0.08604493737220764,9,,9
7,MCF7,6.0,A199,0,2,70.0,7,0.06,,0,0.028527092188596725,85
7,MCF7,6.0,A199,0,2,70.0,7,0.11,0.043193817138671875,43,0.05261966213583946,4978
7,MCF7,6.0,A199,0,2,70.0,7,0.16,0.0608149990439415,1283,0.06609689444303513,7727
7,MCF7,6.0,A199,0,2,70.0,7,0.21,0.06915286183357239,2651,0.07335244119167328,3405
7,MCF7,6.0,A199,0,2,70.0,7,0.26,0.08232730627059937,1663,0.08333025872707367,1719
7,MCF7,6.0,A199,0,2,70.0,7,0.31,0.08823306858539581,353,0.08875439316034317,357
1,MCF7,6.0,A199,1,2,70.0,1,0.21,,0,0.09616536647081375,43
1,MCF7,6.0,A199,1,2,70.0,1,0.26,,4,0.10572671890258789,874
1,MCF7,6.0,A199,1,2,70.0,1,0.31,0.10198010504245758,70,0.11286097019910812,2857
1,MCF7,6.0,A199,1,2,70.0,1,0.36,0.10896746069192886,249,0.12223220616579056,3387
1,MCF7,6.0,A199,1,2,70.0,1,0.41,0.12769702076911926,507,0.13710908591747284,2867
1,MCF7,6.0,A199,1,2,70.0,1,0.46,0.13347536325454712,720,0.14792616665363312,2122
1,MCF7,6.0,A199,1,2,70.0,1,0.51,0.13500428199768066,996,0.1462603062391281,1837
1,MCF7,6.0,A199,1,2,70.0,1,0.56,0.13729563355445862,1073,0.14613372087478638,1507
1,MCF7,6.0,A199,1,2,70.0,1,0.61,0.1395426243543625,996,0.1460934728384018,1299
1,MCF7,6.0,A199,1,2,70.0,1,0.66,0.13934297859668732,863,0.14181004464626312,1008
1,MCF7,6.0,A199,1,2,70.0,1,0.71,0.14594456553459167,669,0.1457768827676773,734
1,MCF7,6.0,A199,1,2,70.0,1,0.76,0.14533381164073944,363,0.14533405005931854,394
1,MCF7,6.0,A199,1,2,70.0,1,0.81,0.1521632969379425,253,0.15154540538787842,263
1,MCF7,6.0,A199,1,2,70.0,1,0.86,0.1541154384613037,194,0.15394876897335052,195
1,MCF7,6.0,A199,1,2,70.0,1,0.91,0.1625109314918518,144,0.1625109314918518,144
1,MCF7,6.0,A199,1,2,70.0,1,0.96,0.1664256453514099,65,0.1664256453514099,65
1,MCF7,6.0,A199,1,2,70.0,1,1.01,0.16947542130947113,41,0.16947542130947113,41
1,MCF7,6.0,A199,1,2,70.0,1,1.06,0.17540593445301056,18,0.17540593445301056,18
1,MCF7,6.0,A199,1,2,70.0,1,1.11,0.1807623952627182,7,,7
2,MCF7,6.0,A199,1,2,70.0,2,0.04,0.0455046221613884,339,0.04729741811752319,414
2,MCF7,6.0,A199,1,2,70.0,2,0.09,0.06651044636964798,1168,0.06916544586420059,6200
2,MCF7,6.0,A199,1,2,70.0,2,0.14,0.08303172141313553,2323,0.07497114688158035,10641
2,MCF7,6.0,A199,1,2,70.0,2,0.19,0.08768747001886368,1091,0.07720952481031418,2863
2,MCF7,6.0,A199,1,2,70.0,2,0.24,0.09118201583623886,1565,0.08961857110261917,1711
2,MCF7,6.0,A199,1,2,70.0,2,0.29,0.09824563562870026,68,0.09580263495445251,75
3,MCF7,6.0,A199,1,2,70.0,3,0.04,,2,0.0558912567794323,151
3,MCF7,6.0,A199,1,2,70.0,3,0.09,0.057599518448114395,435,0.06514031440019608,8611
3,MCF7,6.0,A199,1,2,70.0,3,0.14,0.07168727368116379,1212,0.07340776175260544,8387
3,MCF7,6.0,A199,1,2,70.0,3,0.19,0.08186165988445282,1294,0.08328042179346085,2426
3,MCF7,6.0,A199,1,2,70.0,3,0.24,0.0941692441701889,1154,0.094373419880867,1205
3,MCF7,6.0,A199,1,2,70.0,3,0.29,0.10537068545818329,1457,0.10537733137607574,1459
3,MCF7,6.0,A199,1,2,70.0,3,0.34,0.11116226017475128,892,0.11116226017475128,892
3,MCF7,6.0,A199,1,2,70.0,3,0.39,0.11659622192382812,37,0.11659622192382812,37
4,MCF7,6.0,A199,1,2,70.0,4,0.09,,3,0.06124961003661156,496
4,MCF7,6.0,A199,1,2,70.0,4,0.14,0.08059054613113403,297,0.06673618406057358,3844
4,MCF7,6.0,A199,1,2,70.0,4,0.19,0.07563693821430206,926,0.07426811009645462,4339
4,MCF7,6.0,A199,1,2,70.0,4,0.24,0.08311522752046585,2643,0.08639319986104965,4548
4,MCF7,6.0,A199,1,2,70.0,4,0.29,0.08508267253637314,2687,0.0909910723567009,4044
4,MCF7,6.0,A199,1,2,70.0,4,0.34,0.09312073886394501,1408,0.09963512420654297,1743
4,MCF7,6.0,A199,1,2,70.0,4,0.39,0.0978601723909378,966,0.10155856609344482,1032
4,MCF7,6.0,A199,1,2,70.0,4,0.44,0.10476578027009964,584,0.10523450374603271,588
4,MCF7,6.0,A199,1,2,70.0,4,0.49,0.11424730718135834,183,0.11424730718135834,183
4,MCF7,6.0,A199,1,2,70.0,4,0.54,0.1268768608570099,15,0.1268768608570099,15
1,MCF7,6.0,A199,10,2,70.0,1,0.08,,0,0.07803960144519806,84
1,MCF7,6.0,A199,10,2,70.0,1,0.13,0.07639716565608978,283,0.07236956059932709,1453
1,MCF7,6.0,A199,10,2,70.0,1,0.18,0.07070332020521164,1713,0.0711529478430748,4013
1,MCF7,6.0,A199,10,2,70.0,1,0.23,0.07470706850290298,1643,0.07357344776391983,4752
1,MCF7,6.0,A199,10,2,70.0,1,0.28,0.07784504443407059,49,0.07503265887498856,555
1,MCF7,6.0,A199,10,2,70.0,1,0.33,,0,,7
2,MCF7,6.0,A199,10,2,70.0,2,0.12,0.05686347931623459,35,0.056695155799388885,46
2,MCF7,6.0,A199,10,2,70.0,2,0.17,0.06042300537228584,100,0.06777297705411911,1090
2,MCF7,6.0,A199,10,2,70.0,2,0.22,0.06795389205217361,328,0.07600519061088562,1447
2,MCF7,6.0,A199,10,2,70.0,2,0.27,0.0761159136891365,522,0.08037927746772766,1661
2,MCF7,6.0,A199,10,2,70.0,2,0.32,0.08613589406013489,386,0.08594059199094772,1261
2,MCF7,6.0,A199,10,2,70.0,2,0.37,0.10005160421133041,328,0.09333439916372299,899
2,MCF7,6.0,A199,10,2,70.0,2,0.42,0.11043258011341095,322,0.099388487637043,828
2,MCF7,6.0,A199,10,2,70.0,2,0.47,0.11578027158975601,279,0.10103435814380646,756
2,MCF7,6.0,A199,10,2,70.0,2,0.52,0.12159115821123123,291,0.11177825927734375,641
2,MCF7,6.0,A199,10,2,70.0,2,0.57,0.12415123730897903,346,0.11653154343366623,586
2,MCF7,6.0,A199,10,2,70.0,2,0.62,0.12654729187488556,279,0.11916761845350266,464
2,MCF7,6.0,A199,10,2,70.0,2,0.67,0.13386209309101105,248,0.12797291576862335,383
2,MCF7,6.0,A199,10,2,70.0,2,0.72,0.13977813720703125,314,0.13489502668380737,433
2,MCF7,6.0,A199,10,2,70.0,2,0.77,0.14679694175720215,313,0.13694913685321808,429
2,MCF7,6.0,A199,10,2,70.0,2,0.82,0.1517297327518463,245,0.14464803040027618,315
2,MCF7,6.0,A199,10,2,70.0,2,0.87,0.15390536189079285,226,0.14770808815956116,282
2,MCF7,6.0,A199,10,2,70.0,2,0.92,0.15698212385177612,228,0.15017126500606537,285
2,MCF7,6.0,A199,10,2,70.0,2,0.97,0.16171464323997498,203,0.1576603502035141,240
2,MCF7,6.0,A199,10,2,70.0,2,1.02,0.15840621292591095,141,0.15659210085868835,153
2,MCF7,6.0,A199,10,2,70.0,2,1.07,0.1581563800573349,93,0.1583399474620819,95
2,MCF7,6.0,A199,10,2,70.0,2,1.12,0.15441851317882538,53,0.15441851317882538,53
2,MCF7,6.0,A199,10,2,70.0,2,1.17,0.15210336446762085,19,0.15210336446762085,19
3,MCF7,6.0,A199,10,2,70.0,3,0.14,,0,0.05181821808218956,30
3,MCF7,6.0,A199,10,2,70.0,3,0.19,,0,0.05483518913388252,541
3,MCF7,6.0,A199,10,2,70.0,3,0.24,,1,0.06345907598733902,1155
3,MCF7,6.0,A199,10,2,70.0,3,0.29,0.06958644092082977,94,0.07338526844978333,1305
3,MCF7,6.0,A199,10,2,70.0,3,0.34,0.07517032325267792,199,0.08419185876846313,1422
3,MCF7,6.0,A199,10,2,70.0,3,0.39,0.08079469203948975,236,0.09135999530553818,1201
3,MCF7,6.0,A199,10,2,70.0,3,0.44,0.08745325356721878,208,0.09642493724822998,965
3,MCF7,6.0,A199,10,2,70.0,3,0.49,0.09710857272148132,256,0.10167855024337769,744
3,MCF7,6.0,A199,10,2,70.0,3,0.54,0.10289289057254791,310,0.10599059611558914,575
3,MCF7,6.0,A199,10,2,70.0,3,0.59,0.10852638632059097,395,0.10892866551876068,542
3,MCF7,6.0,A199,10,2,70.0,3,0.64,0.11468998342752457,447,0.11392885446548462,543
3,MCF7,6.0,A199,10,2,70.0,3,0.69,0.12161890417337418,419,0.12040834128856659,463
3,MCF7,6.0,A199,10,2,70.0,3,0.74,0.12767437100410461,388,0.1270921379327774,405
3,MCF7,6.0,A199,10,2,70.0,3,0.79,0.13103550672531128,404,0.1305428147315979,410
3,MCF7,6.0,A199,10,2,70.0,3,0.84,0.13200262188911438,341,0.13200262188911438,341
3,MCF7,6.0,A199,10,2,70.0,3,0.89,0.13345128297805786,205,0.13345128297805786,205
3,MCF7,6.0,A199,10,2,70.0,3,0.94,0.12975703179836273,47,0.12975703179836273,47
3,MCF7,6.0,A199,10,2,70.0,3,0.99,0.12592433393001556,13,0.12592433393001556,13
4,MCF7,6.0,A199,10,2,70.0,4,0.05,0.06219697743654251,342,0.06132727116346359,1881
4,MCF7,6.0,A199,10,2,70.0,4,0.1,0.07933914661407471,3862,0.07934362441301346,8243
4,MCF7,6.0,A199,10,2,70.0,4,0.15,0.09981230646371841,361,0.10026369988918304,898
5,MCF7,6.0,A199,10,2,70.0,5,0.08,0.05071946978569031,20,0.05092080309987068,260
5,MCF7,6.0,A199,10,2,70.0,5,0.13,0.06273612380027771,363,0.06710516661405563,2472
5,MCF7,6.0,A199,10,2,70.0,5,0.18,0.07083015143871307,1222,0.0708995833992958,4157
5,MCF7,6.0,A199,10,2,70.0,5,0.23,0.07837268710136414,1164,0.07587139308452606,2365
5,MCF7,6.0,A199,10,2,70.0,5,0.28,0.08575204759836197,1363,0.08328534662723541,1943
5,MCF7,6.0,A199,10,2,70.0,5,0.33,0.09207582473754883,1177,0.0884137824177742,1537
5,MCF7,6.0,A199,10,2,70.0,5,0.38,0.09732817113399506,668,0.09273641556501389,820
5,MCF7,6.0,A199,10,2,70.0,5,0.43,0.10193093121051788,287,0.09894264489412308,336
5,MCF7,6.0,A199,10,2,70.0,5,0.48,0.10092432051897049,28,0.1003371849656105,29
6,MCF7,6.0,A199,10,2,70.0,6,0.13,,0,0.09434995800256729,56
6,MCF7,6.0,A199,10,2,70.0,6,0.18,0.08492173999547958,324,0.08608486503362656,1260
6,MCF7,6.0,A199,10,2,70.0,6,0.23,0.09181199967861176,1168,0.09021475911140442,2377
6,MCF7,6.0,A199,10,2,70.0,6,0.28,0.09673839062452316,1000,0.09561512619256973,2419
6,MCF7,6.0,A199,10,2,70.0,6,0.33,0.10476988554000854,818,0.10279331356287003,1310
6,MCF7,6.0,A199,10,2,70.0,6,0.38,0.11483363062143326,600,0.11193940043449402,816
6,MCF7,6.0,A199,10,2,70.0,6,0.43,0.12834350764751434,115,0.11139477789402008,269
6,MCF7,6.0,A199,10,2,70.0,6,0.48,,3,0.10247690230607986,90
6,MCF7,6.0,A199,10,2,70.0,6,0.53,,0,0.11064855754375458,10
7,MCF7,6.0,A199,10,2,70.0,7,0.05,0.0692794993519783,60,0.06552056968212128,437
7,MCF7,6.0,A199,10,2,70.0,7,0.1,0.06421325355768204,3890,0.06490179151296616,9944
7,MCF7,6.0,A199,10,2,70.0,7,0.15,0.06982279568910599,2451,0.07109012454748154,9145
7,MCF7,6.0,A199,10,2,70.0,7,0.2,0.07398540526628494,1993,0.07006891071796417,8304
7,MCF7,6.0,A199,10,2,70.0,7,0.25,0.0697079747915268,2922,0.06694233417510986,4544
7,MCF7,6.0,A199,10,2,70.0,7,0.3,0.06890888512134552,950,0.06872456520795822,986
8,MCF7,6.0,A199,10,2,70.0,8,0.24,,0,0.05556555464863777,10
8,MCF7,6.0,A199,10,2,70.0,8,0.29,,0,0.05923989787697792,151
8,MCF7,6.0,A199,10,2,70.0,8,0.34,0.06633223593235016,10,0.0748777836561203,311
8,MCF7,6.0,A199,10,2,70.0,8,0.39,0.07069605588912964,24,0.093996562063694,496
8,MCF7,6.0,A199,10,2,70.0,8,0.44,0.0886242464184761,98,0.10550864040851593,949
8,MCF7,6.0,A199,10,2,70.0,8,0.49,0.09765518456697464,240,0.10991081595420837,1473
8,MCF7,6.0,A199,10,2,70.0,8,0.54,0.1027437075972557,320,0.11496611684560776,1630
8,MCF7,6.0,A199,10,2,70.0,8,0.59,0.11592340469360352,357,0.12407457828521729,1263
8,MCF7,6.0,A199,10,2,70.0,8,0.64,0.12379086017608643,427,0.13670195639133453,1115
8,MCF7,6.0,A199,10,2,70.0,8,0.69,0.13031016290187836,410,0.14425234496593475,853
8,MCF7,6.0,A199,10,2,70.0,8,0.74,0.13290953636169434,350,0.15100093185901642,610
8,MCF7,6.0,A199,10,2,70.0,8,0.79,0.13891974091529846,321,0.15072369575500488,448
8,MCF7,6.0,A199,10,2,70.0,8,0.84,0.1474054455757141,286,0.15569163858890533,367
8,MCF7,6.0,A199,10,2,70.0,8,0.89,0.1545647531747818,283,0.1573636829853058,323
8,MCF7,6.0,A199,10,2,70.0,8,0.94,0.15726368129253387,177,0.15752191841602325,184
8,MCF7,6.0,A199,10,2,70.0,8,0.99,0.15733002126216888,85,0.15733002126216888,85
8,MCF7,6.0,A199,10,2,70.0,8,1.04,0.16315974295139313,23,0.16315974295139313,23
8,MCF7,6.0,A199,10,2,70.0,8,1.09,0.16524221003055573,11,0.16524221003055573,11
9,MCF7,6.0,A199,10,2,70.0,9,0.03,,0,0.042798448354005814,334
9,MCF7,6.0,A199,10,2,70.0,9,0.08,0.06621848046779633,992,0.055749449878931046,7039
9,MCF7,6.0,A199,10,2,70.0,9,0.13,0.08291386812925339,2530,0.08782415091991425,6040
9,MCF7,6.0,A199,10,2,70.0,9,0.18,0.09544815123081207,1545,0.10482379794120789,3089
9,MCF7,6.0,A199,10,2,70.0,9,0.23,0.1214795857667923,787,0.12271025031805038,871
9,MCF7,6.0,A199,10,2,70.0,9,0.28,0.13302984833717346,16,0.1381821632385254,19
1,MCF7,6.0,A199,2,2,70.0,1,0.07,0.06578518450260162,10,0.06481340527534485,241
1,MCF7,6.0,A199,2,2,70.0,1,0.12,0.06135178729891777,586,0.06258292496204376,5141
1,MCF7,6.0,A199,2,2,70.0,1,0.17,0.07043592631816864,619,0.07372232526540756,4077
1,MCF7,6.0,A199,2,2,70.0,1,0.22,0.09460265934467316,513,0.09173175692558289,3221
1,MCF7,6.0,A199,2,2,70.0,1,0.27,0.11246758699417114,1218,0.10661950707435608,1963
1,MCF7,6.0,A199,2,2,70.0,1,0.32,0.12251131981611252,1628,0.12205749750137329,1648
1,MCF7,6.0,A199,2,2,70.0,1,0.37,0.12539713084697723,303,0.12519562244415283,304
1,MCF7,6.0,A199,2,2,70.0,1,0.42,0.11421924829483032,29,0.11421924829483032,29
2,MCF7,6.0,A199,2,2,70.0,2,0.07,0.05653759464621544,61,0.05955611169338226,119
2,MCF7,6.0,A199,2,2,70.0,2,0.12,0.05831008777022362,4294,0.05942073464393616,7776
2,MCF7,6.0,A199,2,2,70.0,2,0.17,0.06267457455396652,1150,0.06455914676189423,2908
2,MCF7,6.0,A199,2,2,70.0,2,0.22,0.08173209428787231,14,0.09117090702056885,61
3,MCF7,6.0,A199,2,2,70.0,3,0.05,,0,0.04416952654719353,415
3,MCF7,6.0,A199,2,2,70.0,3,0.1,0.06044754758477211,251,0.0524386465549469,3508
3,MCF7,6.0,A199,2,2,70.0,3,0.15,0.0669587180018425,347,0.06289563328027725,1472
3,MCF7,6.0,A199,2,2,70.0,3,0.2,0.0750129446387291,414,0.07881529629230499,1916
3,MCF7,6.0,A199,2,2,70.0,3,0.25,0.08431137353181839,318,0.09063243120908737,729
3,MCF7,6.0,A199,2,2,70.0,3,0.3,0.09436294436454773,468,0.09960509091615677,761
3,MCF7,6.0,A199,2,2,70.0,3,0.35,0.10567218065261841,1320,0.10673221200704575,1458
3,MCF7,6.0,A199,2,2,70.0,3,0.4,0.11294016987085342,1124,0.11377030611038208,1147
3,MCF7,6.0,A199,2,2,70.0,3,0.45,0.12503387033939362,495,0.12561161816120148,501
3,MCF7,6.0,A199,2,2,70.0,3,0.5,0.13522183895111084,58,0.13699808716773987,60
4,MCF7,6.0,A199,2,2,70.0,4,0.04,0.04676319286227226,585,0.04874818027019501,1712
4,MCF7,6.0,A199,2,2,70.0,4,0.09,0.05423935875296593,3083,0.05250736325979233,10851
4,MCF7,6.0,A199,2,2,70.0,4,0.14,0.06280647963285446,2570,0.060599394142627716,7591
4,MCF7,6.0,A199,2,2,70.0,4,0.19,0.07228880375623703,2679,0.07143858820199966,3270
4,MCF7,6.0,A199,2,2,70.0,4,0.24,0.07960508018732071,1553,0.07923535257577896,1624
4,MCF7,6.0,A199,2,2,70.0,4,0.29,0.08576244860887527,374,0.08576244860887527,374
4,MCF7,6.0,A199,2,2,70.0,4,0.34,0.09259703755378723,18,0.09259703755378723,18
5,MCF7,6.0,A199,2,2,70.0,5,0.06,0.03864862024784088,740,0.04329925402998924,5049
5,MCF7,6.0,A199,2,2,70.0,5,0.11,0.050195273011922836,1351,0.0552629716694355,11773
5,MCF7,6.0,A199,2,2,70.0,5,0.16,0.06963463872671127,1146,0.06722832471132278,1826
5,MCF7,6.0,A199,2,2,70.0,5,0.21,0.07999462634325027,1194,0.07999462634325027,1194
5,MCF7,6.0,A199,2,2,70.0,5,0.26,0.08621715009212494,914,0.08621715009212494,914
5,MCF7,6.0,A199,2,2,70.0,5,0.31,0.09705395251512527,508,0.09705395251512527,508
1,MCF7,6.0,A199,3,2,70.0,1,0.07,,0,0.057640645653009415,261
1,MCF7,6.0,A199,3,2,70.0,1,0.12,0.0756150558590889,482,0.0687350258231163,3397
1,MCF7,6.0,A199,3,2,70.0,1,0.17,0.08489032089710236,3071,0.08729467540979385,4829
1,MCF7,6.0,A199,3,2,70.0,1,0.22,0.0989491194486618,1818,0.09819621592760086,2279
1,MCF7,6.0,A199,3,2,70.0,1,0.27,0.10741906613111496,459,0.10607554018497467,529
1,MCF7,6.0,A199,3,2,70.0,1,0.32,0.10905229300260544,17,0.10905229300260544,17
2,MCF7,6.0,A199,3,2,70.0,2,0.06,,0,0.06671559810638428,796
2,MCF7,6.0,A199,3,2,70.0,2,0.11,,0,0.07605466991662979,2140
2,MCF7,6.0,A199,3,2,70.0,2,0.16,0.08901131898164749,156,0.08830466121435165,2253
2,MCF7,6.0,A199,3,2,70.0,2,0.21,0.0983639657497406,436,0.08814943581819534,2756
2,MCF7,6.0,A199,3,2,70.0,2,0.26,0.11032605916261673,540,0.10260654240846634,1624
2,MCF7,6.0,A199,3,2,70.0,2,0.31,0.12872594594955444,375,0.1149989441037178,754
2,MCF7,6.0,A199,3,2,70.0,2,0.36,0.1275557279586792,429,0.11997988820075989,584
2,MCF7,6.0,A199,3,2,70.0,2,0.41,0.12931010127067566,1088,0.12883494794368744,1106
2,MCF7,6.0,A199,3,2,70.0,2,0.46,0.13591013848781586,895,0.13591013848781586,895
2,MCF7,6.0,A199,3,2,70.0,2,0.51,0.14932416379451752,327,0.14932416379451752,327
2,MCF7,6.0,A199,3,2,70.0,2,0.56,0.1557018905878067,136,0.1557018905878067,136
3,MCF7,6.0,A199,3,2,70.0,3,0.24,,0,0.08588185161352158,47
3,MCF7,6.0,A199,3,2,70.0,3,0.29,0.08661298453807831,17,0.0945386290550232,1148
3,MCF7,6.0,A199,3,2,70.0,3,0.34,0.09125592559576035,100,0.0981421172618866,2628
3,MCF7,6.0,A199,3,2,70.0,3,0.39,0.09888798743486404,373,0.10416515916585922,2182
3,MCF7,6.0,A199,3,2,70.0,3,0.44,0.10927996784448624,458,0.11108269542455673,1633
3,MCF7,6.0,A199,3,2,70.0,3,0.49,0.11928702890872955,372,0.11910766363143921,1150
3,MCF7,6.0,A199,3,2,70.0,3,0.54,0.13040797412395477,472,0.1303267478942871,949
3,MCF7,6.0,A199,3,2,70.0,3,0.59,0.1397455632686615,424,0.1397692710161209,653
3,MCF7,6.0,A199,3,2,70.0,3,0.64,0.14573432505130768,448,0.1463349163532257,505
3,MCF7,6.0,A199,3,2,70.0,3,0.69,0.15016959607601166,346,0.14995642006397247,362
3,MCF7,6.0,A199,3,2,70.0,3,0.74,0.15676136314868927,260,0.1564619392156601,268
3,MCF7,6.0,A199,3,2,70.0,3,0.79,0.16192156076431274,167,0.16136488318443298,169
3,MCF7,6.0,A199,3,2,70.0,3,0.84,0.15815992653369904,105,0.15827204287052155,106
3,MCF7,6.0,A199,3,2,70.0,3,0.89,0.16625355184078217,63,0.16625355184078217,63
3,MCF7,6.0,A199,3,2,70.0,3,0.94,0.16367602348327637,39,0.16367602348327637,39
3,MCF7,6.0,A199,3,2,70.0,3,0.99,0.17163588106632233,29,0.17163588106632233,29
3,MCF7,6.0,A199,3,2,70.0,3,1.04,0.1693267524242401,34,0.1693267524242401,34
3,MCF7,6.0,A199,3,2,70.0,3,1.09,0.1701604127883911,11,0.1701604127883911,11
3,MCF7,6.0,A199,3,2,70.0,3,1.14,0.18387240171432495,10,0.18206243216991425,11
3,MCF7,6.0,A199,3,2,70.0,3,1.19,0.20457246899604797,15,0.20457246899604797,15
3,MCF7,6.0,A199,3,2,70.0,3,1.24,0.16177509725093842,13,0.16177509725093842,13
3,MCF7,6.0,A199,3,2,70.0,3,1.29,0.16614998877048492,11,0.16614998877048492,11
3,MCF7,6.0,A199,3,2,70.0,3,1.44,0.19942012429237366,11,0.19942012429237366,11
4,MCF7,6.0,A199,3,2,70.0,4,0.09,,0,0.06186925247311592,25
4,MCF7,6.0,A199,3,2,70.0,4,0.14,,0,0.06379508227109909,1117
4,MCF7,6.0,A199,3,2,70.0,4,0.19,,2,0.06944223493337631,4691
4,MCF7,6.0,A199,3,2,70.0,4,0.24,0.08301123976707458,47,0.07765049487352371,4564
4,MCF7,6.0,A199,3,2,70.0,4,0.29,0.09098371118307114,248,0.08747642487287521,2776
4,MCF7,6.0,A199,3,2,70.0,4,0.34,0.09948299080133438,276,0.09642508625984192,1744
4,MCF7,6.0,A199,3,2,70.0,4,0.39,0.10533503443002701,256,0.10224852710962296,1384
4,MCF7,6.0,A199,3,2,70.0,4,0.44,0.11187303811311722,239,0.1078488677740097,1425
4,MCF7,6.0,A199,3,2,70.0,4,0.49,0.11672230064868927,269,0.11383505910634995,1536
4,MCF7,6.0,A199,3,2,70.0,4,0.54,0.1214931309223175,319,0.11862070858478546,1558
4,MCF7,6.0,A199,3,2,70.0,4,0.59,0.12739011645317078,433,0.12380126118659973,1752
4,MCF7,6.0,A199,3,2,70.0,4,0.64,0.13125307857990265,545,0.1293047070503235,1733
4,MCF7,6.0,A199,3,2,70.0,4,0.69,0.13532213866710663,755,0.13454894721508026,1804
4,MCF7,6.0,A199,3,2,70.0,4,0.74,0.1383807510137558,869,0.13977156579494476,1795
4,MCF7,6.0,A199,3,2,70.0,4,0.79,0.14224696159362793,1330,0.14339932799339294,2156
4,MCF7,6.0,A199,3,2,70.0,4,0.84,0.14688898622989655,1285,0.1491681933403015,2013
4,MCF7,6.0,A199,3,2,70.0,4,0.89,0.15121839940547943,1029,0.1548350751399994,1697
4,MCF7,6.0,A199,3,2,70.0,4,0.94,0.15669399499893188,684,0.15951111912727356,1125
4,MCF7,6.0,A199,3,2,70.0,4,0.99,0.16077682375907898,455,0.16314606368541718,670
4,MCF7,6.0,A199,3,2,70.0,4,1.04,0.16658103466033936,420,0.16778402030467987,533
4,MCF7,6.0,A199,3,2,70.0,4,1.09,0.17142990231513977,467,0.17142948508262634,506
4,MCF7,6.0,A199,3,2,70.0,4,1.14,0.17529509961605072,463,0.17521169781684875,487
4,MCF7,6.0,A199,3,2,70.0,4,1.19,0.17820647358894348,381,0.1781461536884308,390
4,MCF7,6.0,A199,3,2,70.0,4,1.24,0.1829804629087448,169,0.1827203780412674,173
4,MCF7,6.0,A199,3,2,70.0,4,1.29,0.18743762373924255,46,0.18616831302642822,48
4,MCF7,6.0,A199,3,2,70.0,4,1.34,0.18735091388225555,9,,9
5,MCF7,6.0,A199,3,2,70.0,5,0.07,,0,0.06057519465684891,209
5,MCF7,6.0,A199,3,2,70.0,5,0.12,0.07083538174629211,158,0.06941497325897217,5211
5,MCF7,6.0,A199,3,2,70.0,5,0.17,0.08516743779182434,728,0.07662158459424973,8263
5,MCF7,6.0,A199,3,2,70.0,5,0.22,0.09302330762147903,1379,0.09282055497169495,2437
5,MCF7,6.0,A199,3,2,70.0,5,0.27,0.10164349526166916,1354,0.10224270075559616,1406
5,MCF7,6.0,A199,3,2,70.0,5,0.32,0.10648814588785172,526,0.10666409134864807,530
5,MCF7,6.0,A199,3,2,70.0,5,0.37,0.11433599889278412,167,0.11433599889278412,167
5,MCF7,6.0,A199,3,2,70.0,5,0.42,0.11042457818984985,51,0.11042457818984985,51
5,MCF7,6.0,A199,3,2,70.0,5,0.47,0.11121096462011337,14,0.11121096462011337,14
6,MCF7,6.0,A199,3,2,70.0,6,0.0,,1,0.019530516117811203,1588
6,MCF7,6.0,A199,3,2,70.0,6,0.05,0.08119651675224304,881,0.07011939585208893,5769
6,MCF7,6.0,A199,3,2,70.0,6,0.1,0.08090661466121674,2455,0.07180282473564148,4139
6,MCF7,6.0,A199,3,2,70.0,6,0.15,0.08856715261936188,1995,0.08840702474117279,2415
6,MCF7,6.0,A199,3,2,70.0,6,0.2,0.09902534633874893,425,0.1004103571176529,571
6,MCF7,6.0,A199,3,2,70.0,6,0.25,0.11336639523506165,8,0.12262416630983353,47
6,MCF7,6.0,A199,3,2,70.0,6,0.3,,0,0.12894554436206818,15
7,MCF7,6.0,A199,3,2,70.0,7,0.09,0.0693313330411911,119,0.0693313330411911,119
7,MCF7,6.0,A199,3,2,70.0,7,0.14,0.06818462163209915,227,0.06859130412340164,231
7,MCF7,6.0,A199,3,2,70.0,7,0.19,0.06644214689731598,312,0.07276485860347748,487
7,MCF7,6.0,A199,3,2,70.0,7,0.24,0.07437489181756973,640,0.08005694299936295,1429
7,MCF7,6.0,A199,3,2,70.0,7,0.29,0.07781285792589188,704,0.08244158327579498,2193
7,MCF7,6.0,A199,3,2,70.0,7,0.34,0.08150651305913925,849,0.08170506358146667,2449
7,MCF7,6.0,A199,3,2,70.0,7,0.39,0.08373486250638962,988,0.08185115456581116,2139
7,MCF7,6.0,A199,3,2,70.0,7,0.44,0.0903806984424591,865,0.08503405004739761,1668
7,MCF7,6.0,A199,3,2,70.0,7,0.49,0.09725603461265564,772,0.08858083188533783,1490
7,MCF7,6.0,A199,3,2,70.0,7,0.54,0.10495273768901825,334,0.09050334990024567,769
7,MCF7,6.0,A199,3,2,70.0,7,0.59,0.107571542263031,109,0.08876960724592209,333
7,MCF7,6.0,A199,3,2,70.0,7,0.64,0.10768897831439972,80,0.09320836514234543,157
7,MCF7,6.0,A199,3,2,70.0,7,0.69,0.10690659284591675,92,0.0987868681550026,127
7,MCF7,6.0,A199,3,2,70.0,7,0.74,0.10531622171401978,74,0.10419395565986633,79
7,MCF7,6.0,A199,3,2,70.0,7,0.79,0.10597997903823853,70,0.10597997903823853,70
7,MCF7,6.0,A199,3,2,70.0,7,0.84,0.11431314796209335,74,0.11431314796209335,74
7,MCF7,6.0,A199,3,2,70.0,7,0.89,0.12145863473415375,77,0.12145863473415375,77
7,MCF7,6.0,A199,3,2,70.0,7,0.94,0.12469016760587692,38,0.12469016760587692,38
7,MCF7,6.0,A199,3,2,70.0,7,0.99,0.13873140513896942,20,0.13873140513896942,20
8,MCF7,6.0,A199,3,2,70.0,8,0.08,,0,0.05567914992570877,43
8,MCF7,6.0,A199,3,2,70.0,8,0.13,0.06133722513914108,33,0.06199834123253822,1119
8,MCF7,6.0,A199,3,2,70.0,8,0.18,0.06796377152204514,474,0.06988129019737244,6087
8,MCF7,6.0,A199,3,2,70.0,8,0.23,0.0866762176156044,1483,0.08506298810243607,8018
8,MCF7,6.0,A199,3,2,70.0,8,0.28,0.09442660957574844,1684,0.09267419576644897,3711
8,MCF7,6.0,A199,3,2,70.0,8,0.33,0.09958189725875854,1200,0.09934207797050476,1507
8,MCF7,6.0,A199,3,2,70.0,8,0.38,0.10723688453435898,561,0.10607275366783142,631
8,MCF7,6.0,A199,3,2,70.0,8,0.43,0.1089063286781311,384,0.10715914517641068,427
8,MCF7,6.0,A199,3,2,70.0,8,0.48,0.113263800740242,279,0.11281638592481613,305
8,MCF7,6.0,A199,3,2,70.0,8,0.53,0.11650480329990387,274,0.11667444556951523,285
8,MCF7,6.0,A199,3,2,70.0,8,0.58,0.12266939133405685,181,0.1227349191904068,182
8,MCF7,6.0,A199,3,2,70.0,8,0.63,0.1271316260099411,145,0.1271316260099411,145
8,MCF7,6.0,A199,3,2,70.0,8,0.68,0.1293243169784546,51,0.1293243169784546,51
9,MCF7,6.0,A199,3,2,70.0,9,0.06,,0,0.0571974515914917,194
9,MCF7,6.0,A199,3,2,70.0,9,0.11,0.05776878818869591,263,0.0590897873044014,4154
9,MCF7,6.0,A199,3,2,70.0,9,0.16,0.07568228989839554,1498,0.0687451884150505,6210
9,MCF7,6.0,A199,3,2,70.0,9,0.21,0.08520384877920151,3076,0.088095523416996,4764
9,MCF7,6.0,A199,3,2,70.0,9,0.26,0.09292200207710266,2032,0.09850222617387772,3595
9,MCF7,6.0,A199,3,2,70.0,9,0.31,0.09788846224546432,1022,0.10424461215734482,1749
9,MCF7,6.0,A199,3,2,70.0,9,0.36,0.10632006824016571,328,0.11358055472373962,576
9,MCF7,6.0,A199,3,2,70.0,9,0.41,0.1125759556889534,36,0.11944300681352615,61
9,MCF7,6.0,A199,3,2,70.0,9,0.46,,1,,9
10,MCF7,6.0,A199,3,2,70.0,10,0.0,,0,0.0,107
10,MCF7,6.0,A199,3,2,70.0,10,0.05,,0,0.09435538947582245,169
10,MCF7,6.0,A199,3,2,70.0,10,0.1,0.07969414442777634,1963,0.08461938053369522,4525
10,MCF7,6.0,A199,3,2,70.0,10,0.15,0.08892045170068741,3897,0.08846033364534378,7957
10,MCF7,6.0,A199,3,2,70.0,10,0.2,0.09849628806114197,2663,0.09798818081617355,4514
10,MCF7,6.0,A199,3,2,70.0,10,0.25,0.10373706370592117,1459,0.10534863919019699,2015
10,MCF7,6.0,A199,3,2,70.0,10,0.3,0.10707435756921768,398,0.10828309506177902,517
10,MCF7,6.0,A199,3,2,70.0,10,0.35,0.1048365980386734,64,0.10722082853317261,90
10,MCF7,6.0,A199,3,2,70.0,10,0.4,0.10545400530099869,6,0.11302647739648819,10
11,MCF7,6.0,A199,3,2,70.0,11,0.1,,2,0.07315777987241745,130
11,MCF7,6.0,A199,3,2,70.0,11,0.15,0.07413884997367859,486,0.07201419025659561,3620
11,MCF7,6.0,A199,3,2,70.0,11,0.2,0.08256319910287857,962,0.08006615936756134,3463
11,MCF7,6.0,A199,3,2,70.0,11,0.25,0.08370756357908249,1552,0.082359179854393,2900
11,MCF7,6.0,A199,3,2,70.0,11,0.3,0.09235386550426483,820,0.08902177214622498,1215
11,MCF7,6.0,A199,3,2,70.0,11,0.35,0.10068325698375702,364,0.10023283213376999,379
11,MCF7,6.0,A199,3,2,70.0,11,0.4,0.10783420503139496,72,0.10783420503139496,72
11,MCF7,6.0,A199,3,2,70.0,11,0.45,0.10998021811246872,29,0.10998021811246872,29
12,MCF7,6.0,A199,3,2,70.0,12,0.15,0.05761773884296417,39,0.059251125901937485,43
12,MCF7,6.0,A199,3,2,70.0,12,0.2,0.052639689296483994,157,0.07531312853097916,595
12,MCF7,6.0,A199,3,2,70.0,12,0.25,0.07513277232646942,203,0.08439014852046967,1630
12,MCF7,6.0,A199,3,2,70.0,12,0.3,0.09204501658678055,282,0.08873575180768967,2708
12,MCF7,6.0,A199,3,2,70.0,12,0.35,0.09506445378065109,260,0.09461137652397156,3022
12,MCF7,6.0,A199,3,2,70.0,12,0.4,0.10448610782623291,483,0.10327871143817902,1628
12,MCF7,6.0,A199,3,2,70.0,12,0.45,0.11358515173196793,535,0.11352900415658951,904
12,MCF7,6.0,A199,3,2,70.0,12,0.5,0.12464949488639832,516,0.12306584417819977,642
12,MCF7,6.0,A199,3,2,70.0,12,0.55,0.13427355885505676,569,0.13375608623027802,607
12,MCF7,6.0,A199,3,2,70.0,12,0.6,0.13938163220882416,438,0.13939321041107178,440
12,MCF7,6.0,A199,3,2,70.0,12,0.65,0.13830511271953583,114,0.13830511271953583,114
12,MCF7,6.0,A199,3,2,70.0,12,0.7,0.13214996457099915,28,0.13214996457099915,28
13,MCF7,6.0,A199,3,2,70.0,13,0.05,0.06614544987678528,1134,0.06861874461174011,8168
13,MCF7,6.0,A199,3,2,70.0,13,0.1,0.0881500393152237,2590,0.09011787176132202,6168
13,MCF7,6.0,A199,3,2,70.0,13,0.15,0.09590761363506317,1181,0.09929008781909943,1764
13,MCF7,6.0,A199,3,2,70.0,13,0.2,0.09759848564863205,7,0.10113433748483658,267
13,MCF7,6.0,A199,3,2,70.0,13,0.25,,0,0.10884545743465424,43
1,MCF7,6.0,A199,4,2,70.0,1,0.02,0.048987533897161484,524,0.05516177788376808,826
1,MCF7,6.0,A199,4,2,70.0,1,0.07,0.05649558827280998,1161,0.06531311571598053,13738
1,MCF7,6.0,A199,4,2,70.0,1,0.12,0.06858991831541061,2514,0.07117342203855515,11448
1,MCF7,6.0,A199,4,2,70.0,1,0.17,0.0850059762597084,1398,0.08397945016622543,3758
1,MCF7,6.0,A199,4,2,70.0,1,0.22,0.1008293405175209,374,0.10633013397455215,908
1,MCF7,6.0,A199,4,2,70.0,1,0.27,0.14695538580417633,49,0.14450271427631378,135
1,MCF7,6.0,A199,4,2,70.0,1,0.32,,3,0.16400770843029022,19
2,MCF7,6.0,A199,4,2,70.0,2,0.07,,0,0.03834211453795433,157
2,MCF7,6.0,A199,4,2,70.0,2,0.12,0.04908110946416855,217,0.0529700443148613,4190
2,MCF7,6.0,A199,4,2,70.0,2,0.17,0.058514680713415146,1070,0.06153592839837074,3919
2,MCF7,6.0,A199,4,2,70.0,2,0.22,0.06670603156089783,1080,0.06744302809238434,1662
2,MCF7,6.0,A199,4,2,70.0,2,0.27,0.07564383000135422,1571,0.07577603310346603,1672
2,MCF7,6.0,A199,4,2,70.0,2,0.32,0.07916238903999329,804,0.07926120609045029,809
2,MCF7,6.0,A199,4,2,70.0,2,0.37,0.08217236399650574,103,0.08217236399650574,103
3,MCF7,6.0,A199,4,2,70.0,3,0.02,0.041782256215810776,430,0.04240324720740318,1462
3,MCF7,6.0,A199,4,2,70.0,3,0.07,0.0491253137588501,2679,0.04810221120715141,5835
3,MCF7,6.0,A199,4,2,70.0,3,0.12,0.05701952427625656,2393,0.057718679308891296,3687
3,MCF7,6.0,A199,4,2,70.0,3,0.17,0.06618320941925049,1014,0.06567912548780441,1117
3,MCF7,6.0,A199,4,2,70.0,3,0.22,0.07097918540239334,36,0.06832263618707657,43
4,MCF7,6.0,A199,4,2,70.0,4,0.06,,0,0.07110579311847687,209
4,MCF7,6.0,A199,4,2,70.0,4,0.11,0.07475905120372772,1180,0.07776717096567154,6992
4,MCF7,6.0,A199,4,2,70.0,4,0.16,0.08428867161273956,4713,0.0822087749838829,9068
4,MCF7,6.0,A199,4,2,70.0,4,0.21,0.09808741509914398,2315,0.09570395201444626,3763
4,MCF7,6.0,A199,4,2,70.0,4,0.26,0.10293511301279068,479,0.10232027620077133,538
4,MCF7,6.0,A199,4,2,70.0,4,0.31,0.10023970156908035,52,0.09969022870063782,54
5,MCF7,6.0,A199,4,2,70.0,5,0.03,0.05996329337358475,91,0.05516282841563225,1542
5,MCF7,6.0,A199,4,2,70.0,5,0.08,0.054767441004514694,4579,0.05474070459604263,13436
5,MCF7,6.0,A199,4,2,70.0,5,0.13,0.06439915299415588,1876,0.06446854770183563,1918
6,MCF7,6.0,A199,4,2,70.0,6,0.06,,0,0.042571596801280975,689
6,MCF7,6.0,A199,4,2,70.0,6,0.11,0.04993137717247009,358,0.052879754453897476,4979
6,MCF7,6.0,A199,4,2,70.0,6,0.16,0.06084037572145462,1286,0.06038925424218178,5032
6,MCF7,6.0,A199,4,2,70.0,6,0.21,0.06791207939386368,1182,0.06565636396408081,2438
6,MCF7,6.0,A199,4,2,70.0,6,0.26,0.07290904223918915,1244,0.07128772884607315,1501
6,MCF7,6.0,A199,4,2,70.0,6,0.31,0.07994237542152405,305,0.07889126241207123,360
6,MCF7,6.0,A199,4,2,70.0,6,0.36,0.08606984466314316,30,0.08341050893068314,41
7,MCF7,6.0,A199,4,2,70.0,7,0.05,0.04935399442911148,325,0.05101974681019783,414
7,MCF7,6.0,A199,4,2,70.0,7,0.1,0.06256082653999329,1266,0.06422186642885208,7395
7,MCF7,6.0,A199,4,2,70.0,7,0.15,0.07331015914678574,1917,0.0772382989525795,6069
7,MCF7,6.0,A199,4,2,70.0,7,0.2,0.0877324640750885,2480,0.08839062601327896,4740
7,MCF7,6.0,A199,4,2,70.0,7,0.25,0.09249785542488098,1450,0.09241767227649689,1770
7,MCF7,6.0,A199,4,2,70.0,7,0.3,0.09776810556650162,338,0.09701444208621979,378
7,MCF7,6.0,A199,4,2,70.0,7,0.35,0.10116453468799591,50,0.10116453468799591,50
8,MCF7,6.0,A199,4,2,70.0,8,0.04,0.042154423892498016,398,0.042549435049295425,1236
8,MCF7,6.0,A199,4,2,70.0,8,0.09,0.05255751684308052,3977,0.05335162580013275,12333
8,MCF7,6.0,A199,4,2,70.0,8,0.14,0.06383027136325836,3019,0.062467604875564575,6902
8,MCF7,6.0,A199,4,2,70.0,8,0.19,0.06365921348333359,1069,0.06462902575731277,1647
8,MCF7,6.0,A199,4,2,70.0,8,0.24,0.050545692443847656,28,0.05501256138086319,42
9,MCF7,6.0,A199,4,2,70.0,9,0.07,0.058805037289857864,10,0.06857046484947205,784
9,MCF7,6.0,A199,4,2,70.0,9,0.12,0.07907367497682571,1139,0.0807114690542221,10654
9,MCF7,6.0,A199,4,2,70.0,9,0.17,0.09176032990217209,4566,0.08965885639190674,7162
9,MCF7,6.0,A199,4,2,70.0,9,0.22,0.09606172144412994,882,0.09703018516302109,921
9,MCF7,6.0,A199,4,2,70.0,9,0.27,,3,0.13460710644721985,15
10,MCF7,6.0,A199,4,2,70.0,10,0.09,,0,0.04919916018843651,347
10,MCF7,6.0,A199,4,2,70.0,10,0.14,,0,0.05562322214245796,3212
10,MCF7,6.0,A199,4,2,70.0,10,0.19,0.06719081103801727,101,0.0607210211455822,3863
10,MCF7,6.0,A199,4,2,70.0,10,0.24,0.07341928035020828,267,0.06725659966468811,2901
10,MCF7,6.0,A199,4,2,70.0,10,0.29,0.0748334601521492,679,0.0752178207039833,2379
10,MCF7,6.0,A199,4,2,70.0,10,0.34,0.07786107808351517,808,0.0862220823764801,1636
10,MCF7,6.0,A199,4,2,70.0,10,0.39,0.0863947868347168,1078,0.09073027223348618,1300
10,MCF7,6.0,A199,4,2,70.0,10,0.44,0.09079820662736893,900,0.09221406280994415,945
10,MCF7,6.0,A199,4,2,70.0,10,0.49,0.0941411703824997,553,0.09473009407520294,581
10,MCF7,6.0,A199,4,2,70.0,10,0.54,0.10722967982292175,154,0.10677728801965714,160
10,MCF7,6.0,A199,4,2,70.0,10,0.59,0.11909551918506622,30,0.11909551918506622,30
10,MCF7,6.0,A199,4,2,70.0,10,0.64,0.1210683286190033,6,,6
11,MCF7,6.0,A199,4,2,70.0,11,0.04,0.047804974019527435,59,0.05764738470315933,371
11,MCF7,6.0,A199,4,2,70.0,11,0.09,0.05099766328930855,984,0.06200690567493439,2840
11,MCF7,6.0,A199,4,2,70.0,11,0.14,0.057038865983486176,2555,0.05409657210111618,4792
11,MCF7,6.0,A199,4,2,70.0,11,0.19,0.0579514279961586,3594,0.05715033784508705,6012
11,MCF7,6.0,A199,4,2,70.0,11,0.24,0.061359602957963943,1574,0.0633096992969513,2864
11,MCF7,6.0,A199,4,2,70.0,11,0.29,0.060737382620573044,509,0.06498085707426071,882
11,MCF7,6.0,A199,4,2,70.0,11,0.34,0.06161898002028465,152,0.0629320964217186,175
12,MCF7,6.0,A199,4,2,70.0,12,0.02,,0,0.0576971136033535,70
12,MCF7,6.0,A199,4,2,70.0,12,0.07,0.050937723368406296,2378,0.054295025765895844,6031
12,MCF7,6.0,A199,4,2,70.0,12,0.12,0.055490680038928986,2415,0.05525872856378555,6913
12,MCF7,6.0,A199,4,2,70.0,12,0.17,0.06355298310518265,2331,0.06419261544942856,3940
12,MCF7,6.0,A199,4,2,70.0,12,0.22,0.06695641577243805,654,0.0690096765756607,910
12,MCF7,6.0,A199,4,2,70.0,12,0.27,0.08081439882516861,21,0.08239395916461945,40
13,MCF7,6.0,A199,4,2,70.0,13,0.07,,0,0.060106582939624786,49
13,MCF7,6.0,A199,4,2,70.0,13,0.12,,1,0.06802602112293243,1161
13,MCF7,6.0,A199,4,2,70.0,13,0.17,0.051156748086214066,280,0.05924652889370918,4309
13,MCF7,6.0,A199,4,2,70.0,13,0.22,0.06476405262947083,763,0.07049231976270676,3693
13,MCF7,6.0,A199,4,2,70.0,13,0.27,0.07812809944152832,1064,0.0867469385266304,2696
13,MCF7,6.0,A199,4,2,70.0,13,0.32,0.08817818760871887,811,0.08718310296535492,1086
13,MCF7,6.0,A199,4,2,70.0,13,0.37,0.09364990890026093,770,0.09368615597486496,785
13,MCF7,6.0,A199,4,2,70.0,13,0.42,0.10083971172571182,705,0.10085255652666092,706
13,MCF7,6.0,A199,4,2,70.0,13,0.47,0.10768603533506393,731,0.10768603533506393,731
13,MCF7,6.0,A199,4,2,70.0,13,0.52,0.10624172538518906,460,0.10624172538518906,460
13,MCF7,6.0,A199,4,2,70.0,13,0.57,0.10718410462141037,179,0.10718410462141037,179
1,MCF7,6.0,A199,5,2,70.0,1,0.11,,2,0.0560983270406723,18
1,MCF7,6.0,A199,5,2,70.0,1,0.16,0.0659157782793045,35,0.06192675232887268,622
1,MCF7,6.0,A199,5,2,70.0,1,0.21,0.06950288265943527,112,0.06400754302740097,2477
1,MCF7,6.0,A199,5,2,70.0,1,0.26,0.06837587058544159,136,0.06891847401857376,2034
1,MCF7,6.0,A199,5,2,70.0,1,0.31,0.07322370260953903,226,0.07479795813560486,1238
1,MCF7,6.0,A199,5,2,70.0,1,0.36,0.07918915897607803,404,0.08015843480825424,907
1,MCF7,6.0,A199,5,2,70.0,1,0.41,0.08665895462036133,696,0.0859794095158577,1040
1,MCF7,6.0,A199,5,2,70.0,1,0.46,0.09215675294399261,904,0.09154336899518967,1072
1,MCF7,6.0,A199,5,2,70.0,1,0.51,0.09582284092903137,908,0.09502138197422028,1009
1,MCF7,6.0,A199,5,2,70.0,1,0.56,0.09874209016561508,694,0.09790319949388504,760
1,MCF7,6.0,A199,5,2,70.0,1,0.61,0.10192731022834778,428,0.10114128142595291,467
1,MCF7,6.0,A199,5,2,70.0,1,0.66,0.10785463452339172,321,0.10701451450586319,338
1,MCF7,6.0,A199,5,2,70.0,1,0.71,0.10763823986053467,214,0.1073993444442749,219
1,MCF7,6.0,A199,5,2,70.0,1,0.76,0.11137477308511734,160,0.11116316169500351,162
1,MCF7,6.0,A199,5,2,70.0,1,0.81,0.11067528277635574,97,0.11067528277635574,97
1,MCF7,6.0,A199,5,2,70.0,1,0.86,0.11430849134922028,63,0.11430849134922028,63
1,MCF7,6.0,A199,5,2,70.0,1,0.91,0.1129654049873352,27,0.1129654049873352,27
1,MCF7,6.0,A199,5,2,70.0,1,0.96,0.11801337450742722,14,0.11801337450742722,14
1,MCF7,6.0,A199,5,2,70.0,1,1.01,0.10796709358692169,10,0.10796709358692169,10
1,MCF7,6.0,A199,5,2,70.0,1,1.06,0.12307088822126389,8,,8
1,MCF7,6.0,A199,5,2,70.0,1,1.11,0.10698568820953369,8,,8
2,MCF7,6.0,A199,5,2,70.0,2,0.02,0.040064334869384766,634,0.04347908869385719,1818
2,MCF7,6.0,A199,5,2,70.0,2,0.07,0.06073429808020592,5343,0.055154599249362946,25812
2,MCF7,6.0,A199,5,2,70.0,2,0.12,0.07194006443023682,5993,0.07206961512565613,6074
2,MCF7,6.0,A199,5,2,70.0,2,0.17,0.08024387061595917,280,0.08024387061595917,280
3,MCF7,6.0,A199,5,2,70.0,3,0.32,,0,,6
3,MCF7,6.0,A199,5,2,70.0,3,0.37,,3,0.05235786363482475,96
3,MCF7,6.0,A199,5,2,70.0,3,0.42,0.050922296941280365,9,0.055493950843811035,340
3,MCF7,6.0,A199,5,2,70.0,3,0.47,0.05385482683777809,31,0.06205384060740471,637
3,MCF7,6.0,A199,5,2,70.0,3,0.52,0.05882571265101433,66,0.06864695996046066,799
3,MCF7,6.0,A199,5,2,70.0,3,0.57,0.06474994868040085,113,0.07122387737035751,971
3,MCF7,6.0,A199,5,2,70.0,3,0.62,0.07443099468946457,158,0.07645835727453232,1151
3,MCF7,6.0,A199,5,2,70.0,3,0.67,0.07751362770795822,248,0.07980500161647797,1405
3,MCF7,6.0,A199,5,2,70.0,3,0.72,0.081484854221344,238,0.08124825358390808,1435
3,MCF7,6.0,A199,5,2,70.0,3,0.77,0.08609798550605774,309,0.07953550666570663,1473
3,MCF7,6.0,A199,5,2,70.0,3,0.82,0.08667225390672684,399,0.0819578543305397,1365
3,MCF7,6.0,A199,5,2,70.0,3,0.87,0.09085388481616974,459,0.08470897376537323,1235
3,MCF7,6.0,A199,5,2,70.0,3,0.92,0.0889785885810852,527,0.08600399643182755,1021
3,MCF7,6.0,A199,5,2,70.0,3,0.97,0.09533271938562393,515,0.08974563330411911,793
3,MCF7,6.0,A199,5,2,70.0,3,1.02,0.09806754440069199,504,0.09444844722747803,688
3,MCF7,6.0,A199,5,2,70.0,3,1.07,0.10207918286323547,384,0.09982255846261978,455
3,MCF7,6.0,A199,5,2,70.0,3,1.12,0.10410508513450623,371,0.10173770040273666,415
3,MCF7,6.0,A199,5,2,70.0,3,1.17,0.10722370445728302,321,0.10559675097465515,337
3,MCF7,6.0,A199,5,2,70.0,3,1.22,0.11165480315685272,298,0.11101991683244705,313
3,MCF7,6.0,A199,5,2,70.0,3,1.27,0.10800570994615555,219,0.10841301083564758,228
3,MCF7,6.0,A199,5,2,70.0,3,1.32,0.11160531640052795,201,0.11109642684459686,207
3,MCF7,6.0,A199,5,2,70.0,3,1.37,0.10878655314445496,182,0.10811252146959305,187
3,MCF7,6.0,A199,5,2,70.0,3,1.42,0.11437759548425674,130,0.11393055319786072,132
3,MCF7,6.0,A199,5,2,70.0,3,1.47,0.11977434903383255,127,0.1192588284611702,129
3,MCF7,6.0,A199,5,2,70.0,3,1.52,0.12156973779201508,99,0.12117999792098999,100
3,MCF7,6.0,A199,5,2,70.0,3,1.57,0.11976002156734467,101,0.11976002156734467,101
3,MCF7,6.0,A199,5,2,70.0,3,1.62,0.12296992540359497,93,0.12296992540359497,93
3,MCF7,6.0,A199,5,2,70.0,3,1.67,0.12068150192499161,65,0.12068150192499161,65
3,MCF7,6.0,A199,5,2,70.0,3,1.72,0.12711429595947266,53,0.12711429595947266,53
3,MCF7,6.0,A199,5,2,70.0,3,1.77,0.13051672279834747,35,0.13051672279834747,35
3,MCF7,6.0,A199,5,2,70.0,3,1.82,0.13056635856628418,35,0.13056635856628418,35
3,MCF7,6.0,A199,5,2,70.0,3,1.87,0.135292649269104,19,0.135292649269104,19
3,MCF7,6.0,A199,5,2,70.0,3,1.92,0.11584432423114777,14,0.11584432423114777,14
3,MCF7,6.0,A199,5,2,70.0,3,1.97,0.12342586368322372,7,,7
3,MCF7,6.0,A199,5,2,70.0,3,2.02,0.13579821586608887,8,,8
3,MCF7,6.0,A199,5,2,70.0,3,2.07,0.15563234686851501,7,,7
4,MCF7,6.0,A199,5,2,70.0,4,0.15,,1,,7
4,MCF7,6.0,A199,5,2,70.0,4,0.2,0.028436733409762383,7,0.04317721724510193,119
4,MCF7,6.0,A199,5,2,70.0,4,0.25,0.0361613929271698,34,0.043975554406642914,675
4,MCF7,6.0,A199,5,2,70.0,4,0.3,0.04894594848155975,170,0.048856236040592194,1395
4,MCF7,6.0,A199,5,2,70.0,4,0.35,0.053961217403411865,443,0.05422850325703621,1759
4,MCF7,6.0,A199,5,2,70.0,4,0.4,0.057817116379737854,513,0.0581984668970108,1571
4,MCF7,6.0,A199,5,2,70.0,4,0.45,0.062276072800159454,679,0.0624677874147892,1372
4,MCF7,6.0,A199,5,2,70.0,4,0.5,0.06507591903209686,812,0.06436625868082047,1341
4,MCF7,6.0,A199,5,2,70.0,4,0.55,0.06594213098287582,857,0.06562109291553497,1305
4,MCF7,6.0,A199,5,2,70.0,4,0.6,0.06867653131484985,777,0.06805475056171417,1221
4,MCF7,6.0,A199,5,2,70.0,4,0.65,0.07209818810224533,853,0.07089130580425262,1182
4,MCF7,6.0,A199,5,2,70.0,4,0.7,0.07465077191591263,797,0.07345063984394073,1047
4,MCF7,6.0,A199,5,2,70.0,4,0.75,0.07603399455547333,781,0.07581871747970581,1019
4,MCF7,6.0,A199,5,2,70.0,4,0.8,0.07865213602781296,680,0.0766596570611,889
4,MCF7,6.0,A199,5,2,70.0,4,0.85,0.0816509872674942,634,0.08078812062740326,811
4,MCF7,6.0,A199,5,2,70.0,4,0.9,0.0825873538851738,529,0.08188293129205704,643
4,MCF7,6.0,A199,5,2,70.0,4,0.95,0.08537116646766663,389,0.08349891006946564,520
4,MCF7,6.0,A199,5,2,70.0,4,1.0,0.08829716593027115,291,0.08697140961885452,393
4,MCF7,6.0,A199,5,2,70.0,4,1.05,0.09031541645526886,211,0.08936619013547897,289
4,MCF7,6.0,A199,5,2,70.0,4,1.1,0.09645506739616394,120,0.09252844750881195,200
4,MCF7,6.0,A199,5,2,70.0,4,1.15,0.09541019052267075,52,0.09351308643817902,95
4,MCF7,6.0,A199,5,2,70.0,4,1.2,0.10372993350028992,23,0.09738492965698242,51
4,MCF7,6.0,A199,5,2,70.0,4,1.25,0.09236211329698563,11,0.09195993095636368,20
4,MCF7,6.0,A199,5,2,70.0,4,1.3,0.09283421188592911,7,0.0931335985660553,21
4,MCF7,6.0,A199,5,2,70.0,4,1.35,,0,0.10156235843896866,17
5,MCF7,6.0,A199,5,2,70.0,5,0.03,0.051231373101472855,84,0.0573883093893528,113
5,MCF7,6.0,A199,5,2,70.0,5,0.08,0.06472539901733398,794,0.06794644892215729,1689
5,MCF7,6.0,A199,5,2,70.0,5,0.13,0.0656638890504837,694,0.0733434185385704,3640
5,MCF7,6.0,A199,5,2,70.0,5,0.18,0.08043530583381653,997,0.07575955241918564,3742
5,MCF7,6.0,A199,5,2,70.0,5,0.23,0.09111017733812332,934,0.08042650669813156,4060
5,MCF7,6.0,A199,5,2,70.0,5,0.28,0.09752033650875092,753,0.0877477154135704,2485
5,MCF7,6.0,A199,5,2,70.0,5,0.33,0.10752198845148087,1036,0.10023713856935501,1742
5,MCF7,6.0,A199,5,2,70.0,5,0.38,0.11391188949346542,1301,0.11308819055557251,1357
5,MCF7,6.0,A199,5,2,70.0,5,0.43,0.12175597995519638,339,0.12175597995519638,339
5,MCF7,6.0,A199,5,2,70.0,5,0.48,0.11870091408491135,48,0.11870091408491135,48
5,MCF7,6.0,A199,5,2,70.0,5,0.53,0.12225282192230225,16,0.12225282192230225,16
6,MCF7,6.0,A199,5,2,70.0,6,0.28,,0,,7
6,MCF7,6.0,A199,5,2,70.0,6,0.33,0.07940676063299179,7,0.06155675649642944,147
6,MCF7,6.0,A199,5,2,70.0,6,0.38,0.08409006893634796,21,0.06846620887517929,689
6,MCF7,6.0,A199,5,2,70.0,6,0.43,0.08706643432378769,66,0.06805624812841415,1212
6,MCF7,6.0,A199,5,2,70.0,6,0.48,0.09049348533153534,79,0.07198555022478104,1142
6,MCF7,6.0,A199,5,2,70.0,6,0.53,0.09111732244491577,93,0.0752117708325386,980
6,MCF7,6.0,A199,5,2,70.0,6,0.58,0.09418832510709763,131,0.07819626480340958,734
6,MCF7,6.0,A199,5,2,70.0,6,0.63,0.08882326632738113,181,0.08033084124326706,696
6,MCF7,6.0,A199,5,2,70.0,6,0.68,0.09089412540197372,282,0.0835954025387764,620
6,MCF7,6.0,A199,5,2,70.0,6,0.73,0.09152564406394958,307,0.0868060439825058,533
6,MCF7,6.0,A199,5,2,70.0,6,0.78,0.09346853941679001,398,0.0896771028637886,591
6,MCF7,6.0,A199,5,2,70.0,6,0.83,0.09643696248531342,377,0.09354844689369202,470
6,MCF7,6.0,A199,5,2,70.0,6,0.88,0.0948205441236496,282,0.09304651618003845,333
6,MCF7,6.0,A199,5,2,70.0,6,0.93,0.09907778352499008,213,0.09839653968811035,225
6,MCF7,6.0,A199,5,2,70.0,6,0.98,0.10082578659057617,217,0.10012352466583252,228
6,MCF7,6.0,A199,5,2,70.0,6,1.03,0.10556532442569733,205,0.10472993552684784,210
6,MCF7,6.0,A199,5,2,70.0,6,1.08,0.10517483949661255,160,0.10527321696281433,161
6,MCF7,6.0,A199,5,2,70.0,6,1.13,0.10456784069538116,160,0.10456784069538116,160
6,MCF7,6.0,A199,5,2,70.0,6,1.18,0.10733148455619812,108,0.10733148455619812,108
6,MCF7,6.0,A199,5,2,70.0,6,1.23,0.11108803749084473,70,0.11108803749084473,70
6,MCF7,6.0,A199,5,2,70.0,6,1.28,0.1061878427863121,12,0.10701780021190643,13
6,MCF7,6.0,A199,5,2,70.0,6,1.33,0.11451324820518494,11,0.11451324820518494,11
1,MCF7,6.0,A199,6,2,70.0,1,0.16,,0,,7
1,MCF7,6.0,A199,6,2,70.0,1,0.21,,0,0.0571238212287426,75
1,MCF7,6.0,A199,6,2,70.0,1,0.26,,0,0.0673527792096138,276
1,MCF7,6.0,A199,6,2,70.0,1,0.31,,1,0.07000993192195892,794
1,MCF7,6.0,A199,6,2,70.0,1,0.36,0.08127287030220032,15,0.07338061928749084,1201
1,MCF7,6.0,A199,6,2,70.0,1,0.41,0.08697657287120819,28,0.07905745506286621,823
1,MCF7,6.0,A199,6,2,70.0,1,0.46,0.08879054337739944,93,0.08471634238958359,707
1,MCF7,6.0,A199,6,2,70.0,1,0.51,0.09534537047147751,122,0.0882633775472641,618
1,MCF7,6.0,A199,6,2,70.0,1,0.56,0.10282143205404282,139,0.09481480717658997,514
1,MCF7,6.0,A199,6,2,70.0,1,0.61,0.10743703693151474,183,0.10038257390260696,460
1,MCF7,6.0,A199,6,2,70.0,1,0.66,0.11095887422561646,196,0.10453685373067856,481
1,MCF7,6.0,A199,6,2,70.0,1,0.71,0.11561592668294907,168,0.10652181506156921,434
1,MCF7,6.0,A199,6,2,70.0,1,0.76,0.12083794176578522,169,0.11059100925922394,434
1,MCF7,6.0,A199,6,2,70.0,1,0.81,0.128646120429039,163,0.11272548139095306,488
1,MCF7,6.0,A199,6,2,70.0,1,0.86,0.1331506371498108,211,0.11899599432945251,459
1,MCF7,6.0,A199,6,2,70.0,1,0.91,0.134169802069664,125,0.1171703189611435,309
1,MCF7,6.0,A199,6,2,70.0,1,0.96,0.1499478965997696,65,0.11946672201156616,245
1,MCF7,6.0,A199,6,2,70.0,1,1.01,0.15176062285900116,74,0.12125768512487411,269
1,MCF7,6.0,A199,6,2,70.0,1,1.06,0.1409672647714615,49,0.12001458555459976,273
1,MCF7,6.0,A199,6,2,70.0,1,1.11,0.1444798707962036,75,0.12524086236953735,218
1,MCF7,6.0,A199,6,2,70.0,1,1.16,0.15267078578472137,70,0.13190819323062897,166
1,MCF7,6.0,A199,6,2,70.0,1,1.21,0.1441597044467926,87,0.1323150396347046,157
1,MCF7,6.0,A199,6,2,70.0,1,1.26,0.14499911665916443,114,0.1414259970188141,133
1,MCF7,6.0,A199,6,2,70.0,1,1.31,0.14896485209465027,140,0.1473553329706192,149
1,MCF7,6.0,A199,6,2,70.0,1,1.36,0.15166784822940826,110,0.150636687874794,113
1,MCF7,6.0,A199,6,2,70.0,1,1.41,0.15102766454219818,85,0.1505800187587738,86
1,MCF7,6.0,A199,6,2,70.0,1,1.46,0.15943823754787445,86,0.15850825607776642,88
1,MCF7,6.0,A199,6,2,70.0,1,1.51,0.15965363383293152,85,0.15965363383293152,85
1,MCF7,6.0,A199,6,2,70.0,1,1.56,0.1610330194234848,41,0.1610330194234848,41
1,MCF7,6.0,A199,6,2,70.0,1,1.61,0.1601601392030716,35,0.1601601392030716,35
1,MCF7,6.0,A199,6,2,70.0,1,1.66,0.17621870338916779,24,0.17621870338916779,24
1,MCF7,6.0,A199,6,2,70.0,1,1.71,0.1681351214647293,30,0.1681351214647293,30
1,MCF7,6.0,A199,6,2,70.0,1,1.76,0.15651637315750122,17,0.15651637315750122,17
1,MCF7,6.0,A199,6,2,70.0,1,1.81,0.15204788744449615,18,0.15204788744449615,18
1,MCF7,6.0,A199,6,2,70.0,1,1.86,0.15138563513755798,8,,8
2,MCF7,6.0,A199,6,2,70.0,2,0.04,,0,0.03498194366693497,90
2,MCF7,6.0,A199,6,2,70.0,2,0.09,,2,0.046420011669397354,786
2,MCF7,6.0,A199,6,2,70.0,2,0.14,0.05156312137842178,393,0.05342968553304672,5100
2,MCF7,6.0,A199,6,2,70.0,2,0.19,0.06343443691730499,685,0.06001555547118187,2849
2,MCF7,6.0,A199,6,2,70.0,2,0.24,0.07068992406129837,1240,0.07045450806617737,1920
2,MCF7,6.0,A199,6,2,70.0,2,0.29,0.0764743834733963,1446,0.07731515914201736,1731
2,MCF7,6.0,A199,6,2,70.0,2,0.34,0.0820237547159195,1007,0.08200772851705551,1062
2,MCF7,6.0,A199,6,2,70.0,2,0.39,0.08558095991611481,389,0.08554089814424515,392
2,MCF7,6.0,A199,6,2,70.0,2,0.44,0.09456801414489746,6,,6
3,MCF7,6.0,A199,6,2,70.0,3,0.11,,0,0.034913234412670135,10
3,MCF7,6.0,A199,6,2,70.0,3,0.16,0.04643382877111435,43,0.04473305493593216,820
3,MCF7,6.0,A199,6,2,70.0,3,0.21,0.05236143618822098,345,0.0488167479634285,2654
3,MCF7,6.0,A199,6,2,70.0,3,0.26,0.05704692751169205,489,0.05965818464756012,1956
3,MCF7,6.0,A199,6,2,70.0,3,0.31,0.06394912302494049,479,0.07033152133226395,1617
3,MCF7,6.0,A199,6,2,70.0,3,0.36,0.07219522446393967,593,0.07511819154024124,1473
3,MCF7,6.0,A199,6,2,70.0,3,0.41,0.0802343338727951,769,0.07960977405309677,1159
3,MCF7,6.0,A199,6,2,70.0,3,0.46,0.0864684209227562,635,0.08399607241153717,814
3,MCF7,6.0,A199,6,2,70.0,3,0.51,0.0923505574464798,605,0.0901334211230278,704
3,MCF7,6.0,A199,6,2,70.0,3,0.56,0.09725180268287659,511,0.09619025886058807,584
3,MCF7,6.0,A199,6,2,70.0,3,0.61,0.09845735132694244,304,0.09810753166675568,322
3,MCF7,6.0,A199,6,2,70.0,3,0.66,0.10291880369186401,203,0.10171455144882202,214
3,MCF7,6.0,A199,6,2,70.0,3,0.71,0.10434427857398987,122,0.10252974927425385,131
3,MCF7,6.0,A199,6,2,70.0,3,0.76,0.10429728776216507,62,0.1017620638012886,71
3,MCF7,6.0,A199,6,2,70.0,3,0.81,0.11370515078306198,15,0.10561910271644592,19
3,MCF7,6.0,A199,6,2,70.0,3,0.86,0.09105298668146133,6,,8
4,MCF7,6.0,A199,6,2,70.0,4,0.17,,0,0.06768666952848434,105
4,MCF7,6.0,A199,6,2,70.0,4,0.22,,1,0.07637911289930344,692
4,MCF7,6.0,A199,6,2,70.0,4,0.27,0.08623941987752914,53,0.0873677134513855,717
4,MCF7,6.0,A199,6,2,70.0,4,0.32,0.09852544218301773,73,0.0951395034790039,1505
4,MCF7,6.0,A199,6,2,70.0,4,0.37,0.10054043680429459,265,0.09719621390104294,2618
4,MCF7,6.0,A199,6,2,70.0,4,0.42,0.10501604527235031,826,0.1020282730460167,2916
4,MCF7,6.0,A199,6,2,70.0,4,0.47,0.11383327096700668,1016,0.11620321869850159,1915
4,MCF7,6.0,A199,6,2,70.0,4,0.52,0.12182977795600891,1054,0.12110588699579239,1328
4,MCF7,6.0,A199,6,2,70.0,4,0.57,0.12935064733028412,1036,0.12740132212638855,1178
4,MCF7,6.0,A199,6,2,70.0,4,0.62,0.1314101219177246,597,0.13060402870178223,664
4,MCF7,6.0,A199,6,2,70.0,4,0.67,0.1314978152513504,378,0.13060836493968964,420
4,MCF7,6.0,A199,6,2,70.0,4,0.72,0.1307595670223236,288,0.12927977740764618,318
4,MCF7,6.0,A199,6,2,70.0,4,0.77,0.13003624975681305,21,0.1220630630850792,34
4,MCF7,6.0,A199,6,2,70.0,4,0.82,,4,,6
5,MCF7,6.0,A199,6,2,70.0,5,0.04,0.07826094329357147,186,0.07988230139017105,1373
5,MCF7,6.0,A199,6,2,70.0,5,0.09,0.0673176720738411,1629,0.06441465020179749,4880
5,MCF7,6.0,A199,6,2,70.0,5,0.14,0.07019009441137314,987,0.06852268427610397,2272
5,MCF7,6.0,A199,6,2,70.0,5,0.19,0.08209169656038284,928,0.08079192787408829,1376
5,MCF7,6.0,A199,6,2,70.0,5,0.24,0.10250745713710785,1595,0.10038773715496063,1904
5,MCF7,6.0,A199,6,2,70.0,5,0.29,0.10963638871908188,1044,0.10796023160219193,1229
5,MCF7,6.0,A199,6,2,70.0,5,0.34,0.11502746492624283,102,0.11502746492624283,102
6,MCF7,6.0,A199,6,2,70.0,6,0.05,0.07755006104707718,313,0.07212784141302109,734
6,MCF7,6.0,A199,6,2,70.0,6,0.1,0.08435142785310745,308,0.06921553611755371,5702
6,MCF7,6.0,A199,6,2,70.0,6,0.15,0.07683180272579193,534,0.06382983177900314,7557
6,MCF7,6.0,A199,6,2,70.0,6,0.2,0.07964330911636353,643,0.07909310609102249,2627
6,MCF7,6.0,A199,6,2,70.0,6,0.25,0.07745418697595596,729,0.08559008687734604,1038
6,MCF7,6.0,A199,6,2,70.0,6,0.3,0.0844612717628479,599,0.09136378765106201,759
6,MCF7,6.0,A199,6,2,70.0,6,0.35,0.08389168977737427,151,0.08389168977737427,151
6,MCF7,6.0,A199,6,2,70.0,6,0.4,0.08365628123283386,8,,8
7,MCF7,6.0,A199,6,2,70.0,7,0.04,0.032446492463350296,36,0.054096996784210205,1973
7,MCF7,6.0,A199,6,2,70.0,7,0.09,0.058028921484947205,2302,0.057023435831069946,7993
7,MCF7,6.0,A199,6,2,70.0,7,0.14,0.06797201931476593,5462,0.06715056300163269,6986
7,MCF7,6.0,A199,6,2,70.0,7,0.19,0.07380413264036179,734,0.0737796425819397,735
7,MCF7,6.0,A199,6,2,70.0,7,0.24,0.0810498371720314,121,0.0810498371720314,121
8,MCF7,6.0,A199,6,2,70.0,8,0.03,,0,0.051854927092790604,437
8,MCF7,6.0,A199,6,2,70.0,8,0.08,0.04667988792061806,82,0.0514279268682003,4018
8,MCF7,6.0,A199,6,2,70.0,8,0.13,0.0605655275285244,899,0.07603763043880463,2411
8,MCF7,6.0,A199,6,2,70.0,8,0.18,0.07431808114051819,2137,0.07716654986143112,2519
8,MCF7,6.0,A199,6,2,70.0,8,0.23,0.08188942819833755,1510,0.08187231421470642,1513
8,MCF7,6.0,A199,6,2,70.0,8,0.28,0.08592453598976135,142,0.08592453598976135,142
9,MCF7,6.0,A199,6,2,70.0,9,0.06,0.048436157405376434,2526,0.048414446413517,2528
9,MCF7,6.0,A199,6,2,70.0,9,0.11,0.04888916015625,3296,0.05063597112894058,10653
9,MCF7,6.0,A199,6,2,70.0,9,0.16,,0,0.052075374871492386,147
1,MCF7,6.0,A199,7,2,70.0,1,0.1,,0,0.0569651760160923,316
1,MCF7,6.0,A199,7,2,70.0,1,0.15,,0,0.06119623780250549,1432
1,MCF7,6.0,A199,7,2,70.0,1,0.2,0.09510047733783722,29,0.0715557262301445,747
1,MCF7,6.0,A199,7,2,70.0,1,0.25,0.09777960926294327,149,0.08670137077569962,751
1,MCF7,6.0,A199,7,2,70.0,1,0.3,0.09414029121398926,462,0.09863519668579102,873
1,MCF7,6.0,A199,7,2,70.0,1,0.35,0.10100062191486359,787,0.1050167828798294,1019
1,MCF7,6.0,A199,7,2,70.0,1,0.4,0.10839009284973145,586,0.11397146433591843,813
1,MCF7,6.0,A199,7,2,70.0,1,0.45,0.12245167046785355,538,0.12695690989494324,730
1,MCF7,6.0,A199,7,2,70.0,1,0.5,0.13122139871120453,563,0.13618527352809906,755
1,MCF7,6.0,A199,7,2,70.0,1,0.55,0.140617236495018,604,0.14427392184734344,784
1,MCF7,6.0,A199,7,2,70.0,1,0.6,0.14800608158111572,541,0.15207743644714355,689
1,MCF7,6.0,A199,7,2,70.0,1,0.65,0.15531794726848602,235,0.1611846685409546,393
1,MCF7,6.0,A199,7,2,70.0,1,0.7,0.16654916107654572,163,0.17008374631404877,271
1,MCF7,6.0,A199,7,2,70.0,1,0.75,0.1634766161441803,80,0.18177440762519836,134
1,MCF7,6.0,A199,7,2,70.0,1,0.8,0.16707414388656616,22,0.199565589427948,62
1,MCF7,6.0,A199,7,2,70.0,1,0.85,,3,0.21310555934906006,38
1,MCF7,6.0,A199,7,2,70.0,1,0.9,,0,0.22896543145179749,13
1,MCF7,6.0,A199,7,2,70.0,1,0.95,,0,0.242344930768013,13
1,MCF7,6.0,A199,7,2,70.0,1,1.0,,0,,6
2,MCF7,6.0,A199,7,2,70.0,2,0.04,0.04363223910331726,103,0.04603689908981323,931
2,MCF7,6.0,A199,7,2,70.0,2,0.09,0.061219580471515656,289,0.05578404292464256,3388
2,MCF7,6.0,A199,7,2,70.0,2,0.14,0.08060221374034882,235,0.08435998857021332,1006
2,MCF7,6.0,A199,7,2,70.0,2,0.19,0.09336086362600327,377,0.12173773348331451,1195
2,MCF7,6.0,A199,7,2,70.0,2,0.24,0.11109304428100586,394,0.1296672821044922,986
2,MCF7,6.0,A199,7,2,70.0,2,0.29,0.13517381250858307,502,0.13888226449489594,860
2,MCF7,6.0,A199,7,2,70.0,2,0.34,0.15357115864753723,646,0.15209652483463287,899
2,MCF7,6.0,A199,7,2,70.0,2,0.39,0.15404170751571655,300,0.15315216779708862,361
2,MCF7,6.0,A199,7,2,70.0,2,0.44,0.15516860783100128,105,0.15462858974933624,115
3,MCF7,6.0,A199,7,2,70.0,3,0.04,,0,0.03323725610971451,257
3,MCF7,6.0,A199,7,2,70.0,3,0.09,,0,0.04504236951470375,792
3,MCF7,6.0,A199,7,2,70.0,3,0.14,0.05417522042989731,241,0.04973340407013893,3299
3,MCF7,6.0,A199,7,2,70.0,3,0.19,0.0650360956788063,487,0.0637582391500473,2101
3,MCF7,6.0,A199,7,2,70.0,3,0.24,0.07146550714969635,684,0.07603451609611511,1976
3,MCF7,6.0,A199,7,2,70.0,3,0.29,0.0836249440908432,685,0.0890398696064949,2225
3,MCF7,6.0,A199,7,2,70.0,3,0.34,0.09100315719842911,888,0.09643670916557312,1864
3,MCF7,6.0,A199,7,2,70.0,3,0.39,0.09960910677909851,464,0.10494282096624374,821
3,MCF7,6.0,A199,7,2,70.0,3,0.44,0.10967564582824707,383,0.11238466203212738,522
3,MCF7,6.0,A199,7,2,70.0,3,0.49,0.1165480986237526,327,0.11902689933776855,393
3,MCF7,6.0,A199,7,2,70.0,3,0.54,0.12764200568199158,371,0.12904594838619232,405
3,MCF7,6.0,A199,7,2,70.0,3,0.59,0.1365482062101364,427,0.13685066998004913,433
3,MCF7,6.0,A199,7,2,70.0,3,0.64,0.14039942622184753,354,0.14045076072216034,355
3,MCF7,6.0,A199,7,2,70.0,3,0.69,0.14463135600090027,280,0.14463135600090027,280
3,MCF7,6.0,A199,7,2,70.0,3,0.74,0.15172311663627625,161,0.15172311663627625,161
3,MCF7,6.0,A199,7,2,70.0,3,0.79,0.1615166813135147,111,0.1615166813135147,111
3,MCF7,6.0,A199,7,2,70.0,3,0.84,0.16234245896339417,44,0.16234245896339417,44
3,MCF7,6.0,A199,7,2,70.0,3,0.89,0.16179259121418,9,,9
4,MCF7,6.0,A199,7,2,70.0,4,0.03,0.049986276775598526,537,0.04609658196568489,2492
4,MCF7,6.0,A199,7,2,70.0,4,0.08,0.05050626024603844,9063,0.05056646466255188,21999
4,MCF7,6.0,A199,7,2,70.0,4,0.13,0.054011013358831406,769,0.05500847101211548,2672
5,MCF7,6.0,A199,7,2,70.0,5,0.03,0.052090469747781754,803,0.05268462747335434,888
5,MCF7,6.0,A199,7,2,70.0,5,0.08,0.06574993580579758,2861,0.06772614270448685,6746
5,MCF7,6.0,A199,7,2,70.0,5,0.13,0.07354845851659775,1547,0.06832040846347809,4282
5,MCF7,6.0,A199,7,2,70.0,5,0.18,0.09339723736047745,1646,0.09094138443470001,2512
5,MCF7,6.0,A199,7,2,70.0,5,0.23,0.09483019262552261,148,0.09483019262552261,148
6,MCF7,6.0,A199,7,2,70.0,6,0.08,0.04143528640270233,6,0.05650885030627251,38
6,MCF7,6.0,A199,7,2,70.0,6,0.13,0.060776107013225555,169,0.061749208718538284,1266
6,MCF7,6.0,A199,7,2,70.0,6,0.18,0.06939380615949631,580,0.0651778131723404,2563
6,MCF7,6.0,A199,7,2,70.0,6,0.23,0.07545949518680573,1237,0.07180158793926239,2268
6,MCF7,6.0,A199,7,2,70.0,6,0.28,0.07922720164060593,2001,0.07788854837417603,2428
6,MCF7,6.0,A199,7,2,70.0,6,0.33,0.0821312740445137,1427,0.08138011395931244,1587
6,MCF7,6.0,A199,7,2,70.0,6,0.38,0.08611322939395905,390,0.08490009605884552,429
6,MCF7,6.0,A199,7,2,70.0,6,0.43,0.08990076929330826,48,0.08656610548496246,56
7,MCF7,6.0,A199,7,2,70.0,7,0.05,,0,0.05965917557477951,730
7,MCF7,6.0,A199,7,2,70.0,7,0.1,0.06084633618593216,212,0.06417413800954819,4551
7,MCF7,6.0,A199,7,2,70.0,7,0.15,0.059059999883174896,121,0.061499159783124924,7165
7,MCF7,6.0,A199,7,2,70.0,7,0.2,0.06295701861381531,144,0.08284421265125275,2101
7,MCF7,6.0,A199,7,2,70.0,7,0.25,0.07609307765960693,385,0.09126725047826767,1060
7,MCF7,6.0,A199,7,2,70.0,7,0.3,0.09343992173671722,444,0.09688403457403183,615
7,MCF7,6.0,A199,7,2,70.0,7,0.35,0.10665320605039597,382,0.10780469328165054,441
7,MCF7,6.0,A199,7,2,70.0,7,0.4,0.11889353394508362,328,0.11814699321985245,337
7,MCF7,6.0,A199,7,2,70.0,7,0.45,0.12246876955032349,353,0.12246876955032349,353
7,MCF7,6.0,A199,7,2,70.0,7,0.5,0.12901195883750916,175,0.12901195883750916,175
7,MCF7,6.0,A199,7,2,70.0,7,0.55,0.1321897804737091,23,0.1321897804737091,23
8,MCF7,6.0,A199,7,2,70.0,8,0.06,0.046655602753162384,323,0.048318542540073395,1389
8,MCF7,6.0,A199,7,2,70.0,8,0.11,0.05970430001616478,806,0.06211629882454872,5479
8,MCF7,6.0,A199,7,2,70.0,8,0.16,0.07387039810419083,1080,0.07869061827659607,5288
8,MCF7,6.0,A199,7,2,70.0,8,0.21,0.08910094946622849,1941,0.09412733465433121,3550
8,MCF7,6.0,A199,7,2,70.0,8,0.26,0.09661757946014404,782,0.10038142651319504,1415
8,MCF7,6.0,A199,7,2,70.0,8,0.31,0.10689705610275269,571,0.10899877548217773,826
8,MCF7,6.0,A199,7,2,70.0,8,0.36,0.11969588696956635,876,0.118332140147686,1002
8,MCF7,6.0,A199,7,2,70.0,8,0.41,0.12678012251853943,624,0.12641754746437073,662
8,MCF7,6.0,A199,7,2,70.0,8,0.46,0.11665883660316467,93,0.11718828231096268,107
8,MCF7,6.0,A199,7,2,70.0,8,0.51,0.10974706709384918,16,0.11029548943042755,17
8,MCF7,6.0,A199,7,2,70.0,8,0.56,0.10581624507904053,9,,9
9,MCF7,6.0,A199,7,2,70.0,9,0.06,,0,0.04883457347750664,760
9,MCF7,6.0,A199,7,2,70.0,9,0.11,0.05875438451766968,230,0.0630129873752594,7510
9,MCF7,6.0,A199,7,2,70.0,9,0.16,0.07632000744342804,1511,0.07949519157409668,4415
9,MCF7,6.0,A199,7,2,70.0,9,0.21,0.08646366745233536,2017,0.08943978697061539,2610
9,MCF7,6.0,A199,7,2,70.0,9,0.26,0.09294632077217102,1487,0.09574812650680542,1688
9,MCF7,6.0,A199,7,2,70.0,9,0.31,0.10355512797832489,533,0.10545388609170914,559
9,MCF7,6.0,A199,7,2,70.0,9,0.36,0.11905723065137863,26,0.11905723065137863,26
10,MCF7,6.0,A199,7,2,70.0,10,0.05,,0,0.04091089963912964,155
10,MCF7,6.0,A199,7,2,70.0,10,0.1,0.0444919615983963,68,0.05271054804325104,1512
10,MCF7,6.0,A199,7,2,70.0,10,0.15,0.060707781463861465,344,0.06947226822376251,2138
10,MCF7,6.0,A199,7,2,70.0,10,0.2,0.07422886043787003,1555,0.07664573192596436,2354
10,MCF7,6.0,A199,7,2,70.0,10,0.25,0.07878118008375168,1113,0.08328494429588318,1279
10,MCF7,6.0,A199,7,2,70.0,10,0.3,0.09468348324298859,521,0.09674355387687683,563
10,MCF7,6.0,A199,7,2,70.0,10,0.35,0.10590339452028275,107,0.10468793660402298,117
10,MCF7,6.0,A199,7,2,70.0,10,0.4,0.09106830507516861,7,0.09069061279296875,10
11,MCF7,6.0,A199,7,2,70.0,11,0.03,0.04225616157054901,878,0.04721744358539581,2471
11,MCF7,6.0,A199,7,2,70.0,11,0.08,0.04530585929751396,789,0.058600135147571564,6022
11,MCF7,6.0,A199,7,2,70.0,11,0.13,0.07112415879964828,733,0.07870759814977646,5218
11,MCF7,6.0,A199,7,2,70.0,11,0.18,0.08913879841566086,1566,0.09001366049051285,2674
11,MCF7,6.0,A199,7,2,70.0,11,0.23,0.0973455011844635,851,0.09655018895864487,1081
11,MCF7,6.0,A199,7,2,70.0,11,0.28,0.10558447986841202,634,0.10554493218660355,685
11,MCF7,6.0,A199,7,2,70.0,11,0.33,0.11203545331954956,194,0.11000946164131165,221
11,MCF7,6.0,A199,7,2,70.0,11,0.38,,0,0.11510583013296127,19
11,MCF7,6.0,A199,7,2,70.0,11,0.43,,0,0.11216362565755844,17
11,MCF7,6.0,A199,7,2,70.0,11,0.48,,0,,8
12,MCF7,6.0,A199,7,2,70.0,12,0.07,0.031001627445220947,6,0.044898588210344315,603
12,MCF7,6.0,A199,7,2,70.0,12,0.12,0.05394050478935242,2179,0.05853345990180969,11652
12,MCF7,6.0,A199,7,2,70.0,12,0.17,0.0739009752869606,1610,0.07555504888296127,5199
12,MCF7,6.0,A199,7,2,70.0,12,0.22,0.0788361206650734,1267,0.07256366312503815,1529
12,MCF7,6.0,A199,7,2,70.0,12,0.27,0.06868620961904526,198,0.06839720904827118,201
1,MCF7,6.0,A199,8,2,70.0,1,0.02,,0,0.044106386601924896,264
1,MCF7,6.0,A199,8,2,70.0,1,0.07,0.05421086773276329,3583,0.05055549740791321,9678
1,MCF7,6.0,A199,8,2,70.0,1,0.12,0.06330674141645432,2232,0.06357430666685104,2693
1,MCF7,6.0,A199,8,2,70.0,1,0.17,0.06715284287929535,20,0.06719420850276947,21
2,MCF7,6.0,A199,8,2,70.0,2,0.07,0.0717378482222557,260,0.06789246946573257,629
2,MCF7,6.0,A199,8,2,70.0,2,0.12,0.06456364691257477,1118,0.0664549469947815,4614
2,MCF7,6.0,A199,8,2,70.0,2,0.17,0.07314585894346237,1448,0.06691697239875793,4311
2,MCF7,6.0,A199,8,2,70.0,2,0.22,0.07385087013244629,1328,0.0708371177315712,1759
2,MCF7,6.0,A199,8,2,70.0,2,0.27,0.08266320824623108,402,0.08209671825170517,415
3,MCF7,6.0,A199,8,2,70.0,3,0.03,0.05921819061040878,8,0.04312887042760849,279
3,MCF7,6.0,A199,8,2,70.0,3,0.08,0.05822714790701866,770,0.057591963559389114,6925
3,MCF7,6.0,A199,8,2,70.0,3,0.13,0.0608983114361763,4276,0.05639469996094704,10197
3,MCF7,6.0,A199,8,2,70.0,3,0.18,0.0647236704826355,2394,0.06443072110414505,2463
3,MCF7,6.0,A199,8,2,70.0,3,0.23,0.06934605538845062,200,0.06934605538845062,200
4,MCF7,6.0,A199,8,2,70.0,4,0.0,0.00613699946552515,9,0.045887745916843414,1333
4,MCF7,6.0,A199,8,2,70.0,4,0.05,0.05232611671090126,9347,0.051752667874097824,29289
4,MCF7,6.0,A199,8,2,70.0,4,0.1,0.06436663866043091,5497,0.07013896852731705,7664
4,MCF7,6.0,A199,8,2,70.0,4,0.15,0.08362080156803131,3973,0.08625301718711853,4605
4,MCF7,6.0,A199,8,2,70.0,4,0.2,0.09130623191595078,579,0.0924358069896698,635
4,MCF7,6.0,A199,8,2,70.0,4,0.25,0.09960085153579712,10,0.09960085153579712,10
5,MCF7,6.0,A199,8,2,70.0,5,0.04,,0,0.05822109431028366,348
5,MCF7,6.0,A199,8,2,70.0,5,0.09,0.05964076891541481,3515,0.06096963211894035,10213
5,MCF7,6.0,A199,8,2,70.0,5,0.14,0.05959842726588249,2363,0.05588724464178085,6445
6,MCF7,6.0,A199,8,2,70.0,6,0.02,0.050265125930309296,3040,0.0498790442943573,4836
6,MCF7,6.0,A199,8,2,70.0,6,0.07,0.06213836371898651,7754,0.06045738607645035,19918
6,MCF7,6.0,A199,8,2,70.0,6,0.12,0.06464833766222,196,0.0710143968462944,766
1,MCF7,6.0,A199,9,2,70.0,1,0.04,0.06091933697462082,218,0.06152789294719696,2185
1,MCF7,6.0,A199,9,2,70.0,1,0.09,0.06260506808757782,4559,0.06095786392688751,11142
1,MCF7,6.0,A199,9,2,70.0,1,0.14,0.06904275715351105,2635,0.07014761865139008,3132
1,MCF7,6.0,A199,9,2,70.0,1,0.19,0.0738382637500763,69,0.0738382637500763,69
2,MCF7,6.0,A199,9,2,70.0,2,0.02,0.04357236623764038,73,0.05186036601662636,1735
2,MCF7,6.0,A199,9,2,70.0,2,0.07,0.0591149739921093,3033,0.06084258854389191,13270
2,MCF7,6.0,A199,9,2,70.0,2,0.12,0.07815717160701752,1886,0.0807311162352562,3676
2,MCF7,6.0,A199,9,2,70.0,2,0.17,0.09261097013950348,229,0.09110433608293533,375
3,MCF7,6.0,A199,9,2,70.0,3,0.02,0.05617338418960571,129,0.06091739982366562,2288
3,MCF7,6.0,A199,9,2,70.0,3,0.07,0.07549373805522919,2243,0.07208287715911865,8988
3,MCF7,6.0,A199,9,2,70.0,3,0.12,0.07958810031414032,2660,0.07439781725406647,4639
3,MCF7,6.0,A199,9,2,70.0,3,0.17,0.07791530340909958,37,0.07791530340909958,37
4,MCF7,6.0,A199,9,2,70.0,4,0.04,0.03421788290143013,130,0.04418569803237915,1584
4,MCF7,6.0,A199,9,2,70.0,4,0.09,0.06421539187431335,2571,0.06420668959617615,15336
4,MCF7,6.0,A199,9,2,70.0,4,0.14,0.08277348428964615,3250,0.0805988609790802,4151
4,MCF7,6.0,A199,9,2,70.0,4,0.19,0.10301639139652252,117,0.0880216658115387,264
4,MCF7,6.0,A199,9,2,70.0,4,0.24,,0,0.0958118662238121,28
4,MCF7,6.0,A199,9,2,70.0,4,0.29,,0,0.09226936846971512,13
5,MCF7,6.0,A199,9,2,70.0,5,0.04,0.054229654371738434,564,0.05654263496398926,3267
5,MCF7,6.0,A199,9,2,70.0,5,0.09,0.06570390611886978,1740,0.057040754705667496,6176
5,MCF7,6.0,A199,9,2,70.0,5,0.14,0.06370315700769424,2656,0.0645199865102768,4682
5,MCF7,6.0,A199,9,2,70.0,5,0.19,0.07127280533313751,810,0.07289162278175354,1354
5,MCF7,6.0,A199,9,2,70.0,5,0.24,0.06557967513799667,38,0.07021261006593704,57
6,MCF7,6.0,A199,9,2,70.0,6,0.24,0.09744369238615036,17,0.09399176388978958,22
6,MCF7,6.0,A199,9,2,70.0,6,0.29,0.09485695511102676,166,0.10048744082450867,586
6,MCF7,6.0,A199,9,2,70.0,6,0.34,0.09386177361011505,125,0.11042053997516632,1861
6,MCF7,6.0,A199,9,2,70.0,6,0.39,0.11189273744821548,103,0.1199134886264801,1867
6,MCF7,6.0,A199,9,2,70.0,6,0.44,0.12013246864080429,251,0.12937615811824799,1571
6,MCF7,6.0,A199,9,2,70.0,6,0.49,0.12895187735557556,313,0.1380060315132141,1447
6,MCF7,6.0,A199,9,2,70.0,6,0.54,0.13368840515613556,342,0.14658090472221375,1405
6,MCF7,6.0,A199,9,2,70.0,6,0.59,0.14498062431812286,354,0.15712636709213257,1202
6,MCF7,6.0,A199,9,2,70.0,6,0.64,0.15559121966362,331,0.16528403759002686,915
6,MCF7,6.0,A199,9,2,70.0,6,0.69,0.16868939995765686,282,0.17428475618362427,569
6,MCF7,6.0,A199,9,2,70.0,6,0.74,0.16855661571025848,211,0.1757921427488327,318
6,MCF7,6.0,A199,9,2,70.0,6,0.79,0.18227194249629974,179,0.18634511530399323,219
6,MCF7,6.0,A199,9,2,70.0,6,0.84,0.1951534003019333,184,0.196700319647789,194
6,MCF7,6.0,A199,9,2,70.0,6,0.89,0.19715702533721924,169,0.19690807163715363,170
6,MCF7,6.0,A199,9,2,70.0,6,0.94,0.19909697771072388,130,0.19890408217906952,131
6,MCF7,6.0,A199,9,2,70.0,6,0.99,0.19578033685684204,76,0.19714877009391785,78
6,MCF7,6.0,A199,9,2,70.0,6,1.04,0.1988886296749115,50,0.20035918056964874,51
6,MCF7,6.0,A199,9,2,70.0,6,1.09,0.20024751126766205,25,0.20024751126766205,25
6,MCF7,6.0,A199,9,2,70.0,6,1.14,0.19913756847381592,8,,8
7,MCF7,6.0,A199,9,2,70.0,7,0.03,0.04634130373597145,1153,0.04649718478322029,9963
7,MCF7,6.0,A199,9,2,70.0,7,0.08,0.05699368193745613,4120,0.05789937824010849,12348
7,MCF7,6.0,A199,9,2,70.0,7,0.13,0.07095126062631607,1246,0.0710715502500534,1417
8,MCF7,6.0,A199,9,2,70.0,8,0.05,,0,0.05994380638003349,1148
8,MCF7,6.0,A199,9,2,70.0,8,0.1,0.06167866662144661,461,0.057435959577560425,8558
8,MCF7,6.0,A199,9,2,70.0,8,0.15,0.06188850849866867,3505,0.06252266466617584,8049
8,MCF7,6.0,A199,9,2,70.0,8,0.2,0.0633159726858139,1481,0.06389967352151871,1644
8,MCF7,6.0,A199,9,2,70.0,8,0.25,0.06675014644861221,233,0.06675014644861221,233
1,MCF7,2.0,control,0,3,0.0,1,0.06,0.04147113114595413,1125,0.03996974974870682,1957
1,MCF7,2.0,control,0,3,0.0,1,0.11,0.04618290066719055,8437,0.042496975511312485,20852
1,MCF7,2.0,control,0,3,0.0,1,0.16,,0,0.04166429862380028,2343
2,MCF7,2.0,control,0,3,0.0,2,0.1,0.04280807822942734,1015,0.04280807822942734,1015
2,MCF7,2.0,control,0,3,0.0,2,0.15,0.042597997933626175,17408,0.041584551334381104,21795
2,MCF7,2.0,control,0,3,0.0,2,0.2,0.04192644730210304,8728,0.04082509130239487,18609
2,MCF7,2.0,control,0,3,0.0,2,0.25,0.0380483977496624,257,0.033366236835718155,7365
2,MCF7,2.0,control,0,3,0.0,2,0.3,,0,0.03196707367897034,5870
2,MCF7,2.0,control,0,3,0.0,2,0.35,,0,0.03001362457871437,1071
2,MCF7,2.0,control,0,3,0.0,2,0.4,,0,0.026117388159036636,65
3,MCF7,2.0,control,0,3,0.0,3,0.1,0.04621030390262604,1547,0.04621030390262604,1547
3,MCF7,2.0,control,0,3,0.0,3,0.15,0.04604863002896309,9140,0.04654807224869728,11003
3,MCF7,2.0,control,0,3,0.0,3,0.2,0.045799434185028076,5577,0.04702727869153023,14353
3,MCF7,2.0,control,0,3,0.0,3,0.25,0.04804329574108124,467,0.05038958787918091,5998
3,MCF7,2.0,control,0,3,0.0,3,0.3,,0,0.050850845873355865,2257
3,MCF7,2.0,control,0,3,0.0,3,0.35,,0,0.05314032733440399,298
4,MCF7,2.0,control,0,3,0.0,4,0.16,0.05552717670798302,440,0.055498890578746796,444
4,MCF7,2.0,control,0,3,0.0,4,0.21,0.05679121986031532,9864,0.056197915226221085,11711
4,MCF7,2.0,control,0,3,0.0,4,0.26,0.05779534578323364,8370,0.05545922368764877,16784
4,MCF7,2.0,control,0,3,0.0,4,0.31,0.05402909964323044,1766,0.05613978952169418,12635
4,MCF7,2.0,control,0,3,0.0,4,0.36,0.05233381688594818,287,0.05744718015193939,9045
4,MCF7,2.0,control,0,3,0.0,4,0.41,,0,0.056778911501169205,6689
4,MCF7,2.0,control,0,3,0.0,4,0.46,,0,0.05854879319667816,3312
4,MCF7,2.0,control,0,3,0.0,4,0.51,,0,0.06020118668675423,1487
4,MCF7,2.0,control,0,3,0.0,4,0.56,,0,0.06287236511707306,560
4,MCF7,2.0,control,0,3,0.0,4,0.61,,0,0.06903297454118729,51
5,MCF7,2.0,control,0,3,0.0,5,0.24,0.09530559927225113,254,0.09455176442861557,258
5,MCF7,2.0,control,0,3,0.0,5,0.29,0.09752430766820908,1058,0.09577545523643494,1120
5,MCF7,2.0,control,0,3,0.0,5,0.34,0.0913546234369278,1564,0.08328539878129959,4436
5,MCF7,2.0,control,0,3,0.0,5,0.39,0.10436439514160156,206,0.08671871572732925,5062
5,MCF7,2.0,control,0,3,0.0,5,0.44,,0,0.09558005630970001,3608
5,MCF7,2.0,control,0,3,0.0,5,0.49,,0,0.10239849984645844,1017
5,MCF7,2.0,control,0,3,0.0,5,0.54,,0,0.10475204885005951,513
5,MCF7,2.0,control,0,3,0.0,5,0.59,,0,0.10945095121860504,303
5,MCF7,2.0,control,0,3,0.0,5,0.64,,0,0.11349937319755554,200
5,MCF7,2.0,control,0,3,0.0,5,0.69,,0,0.11787984520196915,190
5,MCF7,2.0,control,0,3,0.0,5,0.74,,0,0.1186087504029274,139
5,MCF7,2.0,control,0,3,0.0,5,0.79,,0,0.12361042946577072,95
5,MCF7,2.0,control,0,3,0.0,5,0.84,,0,0.1273713856935501,19
6,MCF7,2.0,control,0,3,0.0,6,0.0,,0,0.0,229
6,MCF7,2.0,control,0,3,0.0,6,0.15,0.05170325189828873,533,0.05170325189828873,533
6,MCF7,2.0,control,0,3,0.0,6,0.2,0.05682871863245964,18740,0.05702142044901848,20030
6,MCF7,2.0,control,0,3,0.0,6,0.25,0.057469408959150314,12227,0.05661528930068016,21943
6,MCF7,2.0,control,0,3,0.0,6,0.3,0.050723686814308167,1648,0.049939241260290146,13860
6,MCF7,2.0,control,0,3,0.0,6,0.35,0.04727202653884888,421,0.04843899607658386,11884
6,MCF7,2.0,control,0,3,0.0,6,0.4,,4,0.05007550120353699,10251
6,MCF7,2.0,control,0,3,0.0,6,0.45,,0,0.05109108239412308,7535
6,MCF7,2.0,control,0,3,0.0,6,0.5,,0,0.04883922263979912,3150
6,MCF7,2.0,control,0,3,0.0,6,0.55,,0,0.042706720530986786,1012
6,MCF7,2.0,control,0,3,0.0,6,0.6,,0,0.03886682167649269,279
6,MCF7,2.0,control,0,3,0.0,6,0.65,,0,0.04256505146622658,60
6,MCF7,2.0,control,0,3,0.0,6,0.7,,0,0.044463224709033966,16
7,MCF7,2.0,control,0,3,0.0,7,0.0,,0,0.0,10
7,MCF7,2.0,control,0,3,0.0,7,0.1,0.03747471794486046,1896,0.03672197461128235,1948
7,MCF7,2.0,control,0,3,0.0,7,0.15,0.04142123833298683,10507,0.03507954999804497,17415
7,MCF7,2.0,control,0,3,0.0,7,0.2,0.037267979234457016,3060,0.03409838303923607,27235
7,MCF7,2.0,control,0,3,0.0,7,0.25,0.04031611979007721,245,0.03331800177693367,27552
7,MCF7,2.0,control,0,3,0.0,7,0.3,,0,0.03152451664209366,12995
7,MCF7,2.0,control,0,3,0.0,7,0.35,,0,0.028816955164074898,7115
7,MCF7,2.0,control,0,3,0.0,7,0.4,,0,0.02789170853793621,2305
7,MCF7,2.0,control,0,3,0.0,7,0.45,,0,0.02902664802968502,303
7,MCF7,2.0,control,0,3,0.0,7,0.5,,0,0.034788042306900024,18
8,MCF7,2.0,control,0,3,0.0,8,0.15,0.07593526691198349,426,0.07593526691198349,426
8,MCF7,2.0,control,0,3,0.0,8,0.2,0.08465997874736786,2419,0.08244107663631439,3168
8,MCF7,2.0,control,0,3,0.0,8,0.25,0.09641426801681519,69,0.07952338457107544,2775
8,MCF7,2.0,control,0,3,0.0,8,0.3,,0,0.0841212123632431,1897
8,MCF7,2.0,control,0,3,0.0,8,0.35,,0,0.08704886585474014,406
1,MCF7,2.0,control,1,3,0.0,1,0.0,,0,0.0,8781
1,MCF7,2.0,control,1,3,0.0,1,0.05,0.046247970312833786,6766,0.06067543476819992,10910
1,MCF7,2.0,control,1,3,0.0,1,0.1,0.049361880868673325,26596,0.06491810083389282,76598
1,MCF7,2.0,control,1,3,0.0,1,0.15,0.05346940830349922,4614,0.06758062541484833,52629
1,MCF7,2.0,control,1,3,0.0,1,0.2,0.05309350788593292,33,0.0771055743098259,10300
1,MCF7,2.0,control,1,3,0.0,1,0.25,,0,0.11062896251678467,738
1,MCF7,2.0,control,1,3,0.0,1,0.3,,0,0.12612688541412354,79
1,MCF7,2.0,control,1,3,0.0,1,0.35,,0,0.17604878544807434,13
2,MCF7,2.0,control,1,3,0.0,2,0.02,0.05548100918531418,14,0.06002799794077873,1909
2,MCF7,2.0,control,1,3,0.0,2,0.07,0.057025205343961716,18907,0.05693969130516052,52089
2,MCF7,2.0,control,1,3,0.0,2,0.12,,0,0.06339449435472488,4088
2,MCF7,2.0,control,1,3,0.0,2,0.17,,0,0.06715057045221329,482
2,MCF7,2.0,control,1,3,0.0,2,0.22,,0,,8
1,MCF7,2.0,control,2,3,0.0,1,0.0,,0,0.0,10727
1,MCF7,2.0,control,2,3,0.0,1,0.1,0.06087925657629967,1320,0.06090197339653969,1321
1,MCF7,2.0,control,2,3,0.0,1,0.15,0.06595949083566666,21748,0.06631601601839066,22344
1,MCF7,2.0,control,2,3,0.0,1,0.2,0.06888626515865326,23983,0.07206341624259949,31783
1,MCF7,2.0,control,2,3,0.0,1,0.25,0.07190189510583878,11125,0.08030486106872559,27470
1,MCF7,2.0,control,2,3,0.0,1,0.3,0.07625645399093628,1357,0.09163263440132141,16672
1,MCF7,2.0,control,2,3,0.0,1,0.35,0.0761280506849289,25,0.09875554591417313,10003
1,MCF7,2.0,control,2,3,0.0,1,0.4,,0,0.10771942138671875,4447
1,MCF7,2.0,control,2,3,0.0,1,0.45,,0,0.11828520894050598,1418
1,MCF7,2.0,control,2,3,0.0,1,0.5,,0,0.13607722520828247,406
1,MCF7,2.0,control,2,3,0.0,1,0.55,,0,0.14346778392791748,106
1,MCF7,2.0,control,2,3,0.0,1,0.6,,0,0.15926769375801086,24
1,MCF7,2.0,control,2,3,0.0,1,0.65,,0,0.17162033915519714,11
2,MCF7,2.0,control,2,3,0.0,2,0.0,,0,0.0,25755
2,MCF7,2.0,control,2,3,0.0,2,0.1,0.061373792588710785,367,0.06143824756145477,370
2,MCF7,2.0,control,2,3,0.0,2,0.15,0.06745017319917679,22718,0.06778408586978912,23390
2,MCF7,2.0,control,2,3,0.0,2,0.2,0.07410471886396408,27198,0.07726838439702988,36019
2,MCF7,2.0,control,2,3,0.0,2,0.25,0.07861721515655518,13363,0.08938579261302948,33546
2,MCF7,2.0,control,2,3,0.0,2,0.3,0.08321164548397064,4509,0.10332097113132477,22802
2,MCF7,2.0,control,2,3,0.0,2,0.35,0.08474016934633255,379,0.1185305267572403,10072
2,MCF7,2.0,control,2,3,0.0,2,0.4,0.08840125054121017,6,0.13331954181194305,3878
2,MCF7,2.0,control,2,3,0.0,2,0.45,,0,0.14386935532093048,1489
2,MCF7,2.0,control,2,3,0.0,2,0.5,,0,0.15223684906959534,488
2,MCF7,2.0,control,2,3,0.0,2,0.55,,0,0.16630607843399048,144
2,MCF7,2.0,control,2,3,0.0,2,0.6,,0,0.18585000932216644,28
2,MCF7,2.0,control,2,3,0.0,2,0.65,,0,0.1905173510313034,14
3,MCF7,2.0,control,2,3,0.0,3,0.03,0.06918570399284363,785,0.06667771190404892,2137
3,MCF7,2.0,control,2,3,0.0,3,0.08,0.07961428165435791,4967,0.07634152472019196,11335
1,MCF7,2.0,control,3,3,0.0,1,0.07,0.05279401317238808,2196,0.05295626446604729,5261
1,MCF7,2.0,control,3,3,0.0,1,0.12,0.06232813000679016,11690,0.060505662113428116,31158
1,MCF7,2.0,control,3,3,0.0,1,0.17,0.06391086429357529,20,0.06590328365564346,2941
2,MCF7,2.0,control,3,3,0.0,2,0.0,,0,0.0,782
2,MCF7,2.0,control,3,3,0.0,2,0.2,0.04928236082196236,207,0.04874086007475853,211
2,MCF7,2.0,control,3,3,0.0,2,0.25,0.05204286053776741,5461,0.05056020990014076,6365
2,MCF7,2.0,control,3,3,0.0,2,0.3,0.050751812756061554,9988,0.04685215651988983,27259
2,MCF7,2.0,control,3,3,0.0,2,0.35,0.05169694125652313,1866,0.04592590406537056,27542
2,MCF7,2.0,control,3,3,0.0,2,0.4,0.05519950017333031,204,0.046786848455667496,13600
2,MCF7,2.0,control,3,3,0.0,2,0.45,0.0486442968249321,5,0.04999196529388428,5484
2,MCF7,2.0,control,3,3,0.0,2,0.5,,0,0.0561944954097271,1856
2,MCF7,2.0,control,3,3,0.0,2,0.55,,0,0.05997860059142113,728
2,MCF7,2.0,control,3,3,0.0,2,0.6,,0,0.06286782771348953,384
2,MCF7,2.0,control,3,3,0.0,2,0.65,,0,0.06419634819030762,291
2,MCF7,2.0,control,3,3,0.0,2,0.7,,0,0.06571221351623535,253
2,MCF7,2.0,control,3,3,0.0,2,0.75,,0,0.06875186413526535,189
2,MCF7,2.0,control,3,3,0.0,2,0.8,,0,0.06962946057319641,166
2,MCF7,2.0,control,3,3,0.0,2,0.85,,0,0.06875184178352356,90
2,MCF7,2.0,control,3,3,0.0,2,0.9,,0,0.06784532219171524,38
2,MCF7,2.0,control,3,3,0.0,2,0.95,,0,,9
3,MCF7,2.0,control,3,3,0.0,3,0.0,,0,0.0,28425
3,MCF7,2.0,control,3,3,0.0,3,0.1,0.043628230690956116,44,0.04381703957915306,45
3,MCF7,2.0,control,3,3,0.0,3,0.15,0.05140852555632591,3207,0.05335169658064842,3617
3,MCF7,2.0,control,3,3,0.0,3,0.2,0.05433234944939613,14799,0.057727668434381485,18421
3,MCF7,2.0,control,3,3,0.0,3,0.25,0.05759871378540993,9820,0.0640081912279129,22772
3,MCF7,2.0,control,3,3,0.0,3,0.3,0.05800696089863777,6581,0.06712198257446289,29914
3,MCF7,2.0,control,3,3,0.0,3,0.35,0.05659707635641098,5456,0.07082856446504593,26834
3,MCF7,2.0,control,3,3,0.0,3,0.4,0.05762384459376335,3490,0.07467944920063019,17586
3,MCF7,2.0,control,3,3,0.0,3,0.45,0.057632990181446075,1376,0.07882925122976303,9372
3,MCF7,2.0,control,3,3,0.0,3,0.5,0.05592062324285507,134,0.09031666070222855,2966
3,MCF7,2.0,control,3,3,0.0,3,0.55,,2,0.10540900379419327,970
3,MCF7,2.0,control,3,3,0.0,3,0.6,,0,0.10957574099302292,536
3,MCF7,2.0,control,3,3,0.0,3,0.65,,0,0.09366821497678757,374
3,MCF7,2.0,control,3,3,0.0,3,0.7,,0,0.09729545563459396,317
3,MCF7,2.0,control,3,3,0.0,3,0.75,,0,0.09840068221092224,263
3,MCF7,2.0,control,3,3,0.0,3,0.8,,0,0.09684386104345322,212
3,MCF7,2.0,control,3,3,0.0,3,0.85,,0,0.11080863326787949,125
3,MCF7,2.0,control,3,3,0.0,3,0.9,,0,0.11111653596162796,81
3,MCF7,2.0,control,3,3,0.0,3,0.95,,0,0.1280340850353241,53
3,MCF7,2.0,control,3,3,0.0,3,1.0,,0,0.13720346987247467,35
3,MCF7,2.0,control,3,3,0.0,3,1.05,,0,,8
3,MCF7,2.0,control,3,3,0.0,3,1.1,,0,0.14560627937316895,11
1,MCF7,2.0,control,4,3,0.0,1,0.05,0.04768666252493858,8464,0.049157388508319855,13420
1,MCF7,2.0,control,4,3,0.0,1,0.1,0.05074438825249672,4988,0.0539141483604908,41329
1,MCF7,2.0,control,4,3,0.0,1,0.15,0.0486195869743824,18,0.055351532995700836,6848
1,MCF7,2.0,control,4,3,0.0,1,0.2,,0,0.060703519731760025,835
2,MCF7,2.0,control,4,3,0.0,2,0.03,0.04101697728037834,282,0.04937395453453064,602
2,MCF7,2.0,control,4,3,0.0,2,0.08,0.049017127603292465,15032,0.0509907603263855,42756
2,MCF7,2.0,control,4,3,0.0,2,0.13,0.05360528081655502,3711,0.05392864719033241,4114
1,MCF7,2.0,control,5,3,0.0,1,0.0,,0,0.0,4249
1,MCF7,2.0,control,5,3,0.0,1,0.05,,2,0.04708058387041092,187
1,MCF7,2.0,control,5,3,0.0,1,0.1,0.04281523451209068,9525,0.04655799642205238,15052
1,MCF7,2.0,control,5,3,0.0,1,0.15,0.04484311863780022,14018,0.0510159470140934,39091
1,MCF7,2.0,control,5,3,0.0,1,0.2,0.04676917940378189,13525,0.05308026820421219,35261
1,MCF7,2.0,control,5,3,0.0,1,0.25,0.04914063960313797,2406,0.06100698560476303,9083
1,MCF7,2.0,control,5,3,0.0,1,0.3,0.05539935454726219,7,0.07438667863607407,1245
1,MCF7,2.0,control,5,3,0.0,1,0.35,,0,0.09240826964378357,113
1,MCF7,2.0,control,5,3,0.0,1,0.4,,0,,6
2,MCF7,2.0,control,5,3,0.0,2,0.13,0.058788612484931946,11,0.07964817434549332,380
2,MCF7,2.0,control,5,3,0.0,2,0.18,0.07347629219293594,7915,0.080785371363163,23499
2,MCF7,2.0,control,5,3,0.0,2,0.23,0.07374464720487595,11412,0.0848752036690712,37415
2,MCF7,2.0,control,5,3,0.0,2,0.28,0.07305990159511566,5879,0.08185767382383347,12904
2,MCF7,2.0,control,5,3,0.0,2,0.33,0.0756569504737854,915,0.08216283470392227,3008
2,MCF7,2.0,control,5,3,0.0,2,0.38,0.07983666658401489,11,0.08930186927318573,214
3,MCF7,2.0,control,5,3,0.0,3,0.06,0.049824025481939316,6126,0.04987620189785957,6195
3,MCF7,2.0,control,5,3,0.0,3,0.11,0.05630689486861229,17724,0.05878075584769249,61101
3,MCF7,2.0,control,5,3,0.0,3,0.16,0.05259357765316963,2744,0.06888345628976822,52610
3,MCF7,2.0,control,5,3,0.0,3,0.21,,1,0.08112172037363052,4273
3,MCF7,2.0,control,5,3,0.0,3,0.26,,0,0.10058508068323135,167
3,MCF7,2.0,control,5,3,0.0,3,0.31,,0,,6
4,MCF7,2.0,control,5,3,0.0,4,0.0,,0,0.0,10
4,MCF7,2.0,control,5,3,0.0,4,0.05,0.038723379373550415,580,0.038723379373550415,580
4,MCF7,2.0,control,5,3,0.0,4,0.1,0.04346918314695358,21556,0.044339194893836975,28030
4,MCF7,2.0,control,5,3,0.0,4,0.15,0.04589707404375076,13598,0.04896632581949234,44100
4,MCF7,2.0,control,5,3,0.0,4,0.2,0.045850079506635666,5241,0.05329904332756996,25697
4,MCF7,2.0,control,5,3,0.0,4,0.25,0.04707174375653267,266,0.06062193959951401,6510
4,MCF7,2.0,control,5,3,0.0,4,0.3,,0,0.06396375596523285,4191
4,MCF7,2.0,control,5,3,0.0,4,0.35,,0,0.06699570268392563,1811
4,MCF7,2.0,control,5,3,0.0,4,0.4,,0,0.07435708492994308,362
4,MCF7,2.0,control,5,3,0.0,4,0.45,,0,0.08364281803369522,34
5,MCF7,2.0,control,5,3,0.0,5,0.06,0.04141639545559883,1373,0.04142913222312927,1377
5,MCF7,2.0,control,5,3,0.0,5,0.11,0.04432250186800957,12796,0.044834740459918976,18931
5,MCF7,2.0,control,5,3,0.0,5,0.16,0.04359190911054611,1047,0.053891781717538834,17037
5,MCF7,2.0,control,5,3,0.0,5,0.21,,0,0.06171274930238724,1325
1,MCF7,2.0,control,6,3,0.0,1,0.11,0.06478829681873322,5612,0.06014230474829674,11809
1,MCF7,2.0,control,6,3,0.0,1,0.16,0.06264717131853104,1347,0.05690900608897209,7231
2,MCF7,2.0,control,6,3,0.0,2,0.09,0.07989780604839325,117,0.07361835241317749,5323
2,MCF7,2.0,control,6,3,0.0,2,0.14,0.082530677318573,7208,0.07487976551055908,30277
2,MCF7,2.0,control,6,3,0.0,2,0.19,,0,0.07109558582305908,2704
2,MCF7,2.0,control,6,3,0.0,2,0.24,,0,0.06606393307447433,519
2,MCF7,2.0,control,6,3,0.0,2,0.29,,0,0.0650443509221077,136
3,MCF7,2.0,control,6,3,0.0,3,0.0,,0,0.0,30
3,MCF7,2.0,control,6,3,0.0,3,0.05,0.0434301383793354,2665,0.04289918765425682,2841
3,MCF7,2.0,control,6,3,0.0,3,0.1,0.04564184322953224,20642,0.04176422953605652,36761
3,MCF7,2.0,control,6,3,0.0,3,0.15,0.04411628842353821,2005,0.03626620024442673,12468
3,MCF7,2.0,control,6,3,0.0,3,0.2,,0,0.025176316499710083,2793
3,MCF7,2.0,control,6,3,0.0,3,0.25,,0,0.023145627230405807,315
3,MCF7,2.0,control,6,3,0.0,3,0.3,,0,,8
4,MCF7,2.0,control,6,3,0.0,4,0.11,0.06530290842056274,525,0.05654823035001755,1487
4,MCF7,2.0,control,6,3,0.0,4,0.16,0.06822583824396133,10377,0.06378761678934097,23863
4,MCF7,2.0,control,6,3,0.0,4,0.21,0.07043464481830597,614,0.07201821357011795,4364
4,MCF7,2.0,control,6,3,0.0,4,0.26,,2,0.07762344181537628,14
1,MCF7,2.0,control,7,3,0.0,1,0.0,,0,0.0,3885
1,MCF7,2.0,control,7,3,0.0,1,0.05,0.04395259916782379,9983,0.043628890067338943,10356
1,MCF7,2.0,control,7,3,0.0,1,0.1,0.04154704138636589,20351,0.03481889143586159,44132
1,MCF7,2.0,control,7,3,0.0,1,0.15,0.036269865930080414,3890,0.02331485226750374,30552
1,MCF7,2.0,control,7,3,0.0,1,0.2,0.032540444284677505,19,0.025441722944378853,13147
1,MCF7,2.0,control,7,3,0.0,1,0.25,,0,0.026570474728941917,4262
1,MCF7,2.0,control,7,3,0.0,1,0.3,,0,0.029132088646292686,1508
1,MCF7,2.0,control,7,3,0.0,1,0.35,,0,0.03333165869116783,30
2,MCF7,2.0,control,7,3,0.0,2,0.0,,0,0.000569282507058233,6822
2,MCF7,2.0,control,7,3,0.0,2,0.05,0.035100873559713364,24382,0.027665017172694206,59798
2,MCF7,2.0,control,7,3,0.0,2,0.1,0.026318486779928207,917,0.02030898630619049,15554
2,MCF7,2.0,control,7,3,0.0,2,0.15,,0,0.023530103266239166,2208
1,MCF7,2.0,control,8,3,0.0,1,0.17,0.05363570898771286,644,0.05363570898771286,644
1,MCF7,2.0,control,8,3,0.0,1,0.22,0.055250249803066254,4068,0.055250249803066254,4068
1,MCF7,2.0,control,8,3,0.0,1,0.27,0.05561348795890808,2560,0.055409807711839676,2857
1,MCF7,2.0,control,8,3,0.0,1,0.32,0.054929181933403015,783,0.057597674429416656,1696
1,MCF7,2.0,control,8,3,0.0,1,0.37,0.054149311035871506,343,0.060040440410375595,1566
1,MCF7,2.0,control,8,3,0.0,1,0.42,0.05376710370182991,12,0.05975152924656868,2086
1,MCF7,2.0,control,8,3,0.0,1,0.47,,0,0.0561453215777874,2899
1,MCF7,2.0,control,8,3,0.0,1,0.52,,0,0.055961791425943375,3196
1,MCF7,2.0,control,8,3,0.0,1,0.57,,0,0.05767171084880829,2578
1,MCF7,2.0,control,8,3,0.0,1,0.62,,0,0.055907368659973145,2190
1,MCF7,2.0,control,8,3,0.0,1,0.67,,0,0.05464674159884453,1192
1,MCF7,2.0,control,8,3,0.0,1,0.72,,0,0.0534687377512455,792
1,MCF7,2.0,control,8,3,0.0,1,0.77,,0,0.05319495499134064,717
1,MCF7,2.0,control,8,3,0.0,1,0.82,,0,0.052671484649181366,549
1,MCF7,2.0,control,8,3,0.0,1,0.87,,0,0.05450396612286568,419
1,MCF7,2.0,control,8,3,0.0,1,0.92,,0,0.054392535239458084,334
1,MCF7,2.0,control,8,3,0.0,1,0.97,,0,0.05703454837203026,217
1,MCF7,2.0,control,8,3,0.0,1,1.02,,0,0.05722584202885628,164
1,MCF7,2.0,control,8,3,0.0,1,1.07,,0,0.059711020439863205,136
1,MCF7,2.0,control,8,3,0.0,1,1.12,,0,0.06132027134299278,129
1,MCF7,2.0,control,8,3,0.0,1,1.17,,0,0.06304127722978592,97
1,MCF7,2.0,control,8,3,0.0,1,1.22,,0,0.06407998502254486,84
1,MCF7,2.0,control,8,3,0.0,1,1.27,,0,0.06621263921260834,80
1,MCF7,2.0,control,8,3,0.0,1,1.32,,0,0.06892047077417374,70
1,MCF7,2.0,control,8,3,0.0,1,1.37,,0,0.06971065700054169,31
1,MCF7,2.0,control,8,3,0.0,1,1.42,,0,,8
2,MCF7,2.0,control,8,3,0.0,2,0.05,0.0391792356967926,232,0.04282571002840996,344
2,MCF7,2.0,control,8,3,0.0,2,0.1,0.04543596878647804,4048,0.04781053215265274,5165
2,MCF7,2.0,control,8,3,0.0,2,0.15,0.0538877435028553,4282,0.05846935883164406,6572
2,MCF7,2.0,control,8,3,0.0,2,0.2,0.060370367020368576,2036,0.06876878440380096,11147
2,MCF7,2.0,control,8,3,0.0,2,0.25,0.062696672976017,185,0.07675545662641525,13670
2,MCF7,2.0,control,8,3,0.0,2,0.3,,0,0.0811820924282074,8051
2,MCF7,2.0,control,8,3,0.0,2,0.35,,0,0.08630332350730896,5235
2,MCF7,2.0,control,8,3,0.0,2,0.4,,0,0.09282496571540833,3095
2,MCF7,2.0,control,8,3,0.0,2,0.45,,0,0.10083425790071487,807
2,MCF7,2.0,control,8,3,0.0,2,0.5,,0,0.10585250705480576,56
3,MCF7,2.0,control,8,3,0.0,3,0.02,0.0464712418615818,5938,0.04775650054216385,6931
3,MCF7,2.0,control,8,3,0.0,3,0.07,0.04720525071024895,18980,0.05143272876739502,43114
3,MCF7,2.0,control,8,3,0.0,3,0.12,0.03699002414941788,45,0.055182430893182755,7674
3,MCF7,2.0,control,8,3,0.0,3,0.17,,0,0.05678454786539078,270
3,MCF7,2.0,control,8,3,0.0,3,0.22,,0,0.06810254603624344,59
4,MCF7,2.0,control,8,3,0.0,4,0.04,0.04840497672557831,6167,0.048639994114637375,6257
4,MCF7,2.0,control,8,3,0.0,4,0.09,0.05110307037830353,14910,0.05560566857457161,29956
4,MCF7,2.0,control,8,3,0.0,4,0.14,0.05767103657126427,21,0.06335633248090744,19481
4,MCF7,2.0,control,8,3,0.0,4,0.19,,0,0.06675973534584045,8041
4,MCF7,2.0,control,8,3,0.0,4,0.24,,0,0.0778784230351448,373
1,MCF7,2.0,control,9,3,0.0,1,0.07,0.047117143869400024,53,0.047117143869400024,53
1,MCF7,2.0,control,9,3,0.0,1,0.12,0.0582214817404747,4156,0.059257183223962784,8773
1,MCF7,2.0,control,9,3,0.0,1,0.17,0.05937233194708824,3471,0.05649266764521599,13957
2,MCF7,2.0,control,9,3,0.0,2,0.13,0.052623163908720016,2328,0.052623163908720016,2328
2,MCF7,2.0,control,9,3,0.0,2,0.18,0.0538669154047966,12085,0.0538669154047966,12085
2,MCF7,2.0,control,9,3,0.0,2,0.23,0.055294621735811234,10392,0.05564230680465698,13961
2,MCF7,2.0,control,9,3,0.0,2,0.28,0.05419548973441124,484,0.059822775423526764,17645
2,MCF7,2.0,control,9,3,0.0,2,0.33,,0,0.06111801788210869,10448
2,MCF7,2.0,control,9,3,0.0,2,0.38,,0,0.06567271798849106,2824
2,MCF7,2.0,control,9,3,0.0,2,0.43,,0,0.07055704295635223,430
2,MCF7,2.0,control,9,3,0.0,2,0.48,,0,,7
3,MCF7,2.0,control,9,3,0.0,3,0.25,0.06846370548009872,560,0.06867665797472,567
3,MCF7,2.0,control,9,3,0.0,3,0.3,0.07185661047697067,6156,0.07321147620677948,6582
3,MCF7,2.0,control,9,3,0.0,3,0.35,0.07238456606864929,3590,0.0794091746211052,5213
3,MCF7,2.0,control,9,3,0.0,3,0.4,0.07369524985551834,1754,0.08016599714756012,4125
3,MCF7,2.0,control,9,3,0.0,3,0.45,0.07578525692224503,877,0.07968439906835556,4347
3,MCF7,2.0,control,9,3,0.0,3,0.5,0.07885248214006424,349,0.08327321708202362,4012
3,MCF7,2.0,control,9,3,0.0,3,0.55,0.0793566033244133,169,0.08865630626678467,3521
3,MCF7,2.0,control,9,3,0.0,3,0.6,,2,0.09258320182561874,3372
3,MCF7,2.0,control,9,3,0.0,3,0.65,,0,0.09417498111724854,3534
3,MCF7,2.0,control,9,3,0.0,3,0.7,,0,0.09671184420585632,3012
3,MCF7,2.0,control,9,3,0.0,3,0.75,,0,0.0995858907699585,2413
3,MCF7,2.0,control,9,3,0.0,3,0.8,,0,0.10290421545505524,1938
3,MCF7,2.0,control,9,3,0.0,3,0.85,,0,0.10716421902179718,1085
3,MCF7,2.0,control,9,3,0.0,3,0.9,,0,0.1095079705119133,478
3,MCF7,2.0,control,9,3,0.0,3,0.95,,0,0.11173094809055328,154
3,MCF7,2.0,control,9,3,0.0,3,1.0,,0,0.11489477753639221,54
3,MCF7,2.0,control,9,3,0.0,3,1.05,,0,,9
4,MCF7,2.0,control,9,3,0.0,4,0.03,0.04762279614806175,5132,0.045476991683244705,5872
4,MCF7,2.0,control,9,3,0.0,4,0.08,0.05991796404123306,11930,0.06140909716486931,18603
4,MCF7,2.0,control,9,3,0.0,4,0.13,0.06510236114263535,50,0.0781431719660759,17510
4,MCF7,2.0,control,9,3,0.0,4,0.18,,0,0.09013061225414276,6765
4,MCF7,2.0,control,9,3,0.0,4,0.23,,0,0.11550113558769226,1796
4,MCF7,2.0,control,9,3,0.0,4,0.28,,0,0.13963347673416138,331
4,MCF7,2.0,control,9,3,0.0,4,0.33,,0,0.15595445036888123,18
5,MCF7,2.0,control,9,3,0.0,5,0.22,0.057492781430482864,97,0.057492781430482864,97
5,MCF7,2.0,control,9,3,0.0,5,0.27,0.06377000361680984,1359,0.06392651051282883,1390
5,MCF7,2.0,control,9,3,0.0,5,0.32,0.07357989996671677,4977,0.0750785768032074,5667
5,MCF7,2.0,control,9,3,0.0,5,0.37,0.07903440296649933,7919,0.08465327322483063,12074
5,MCF7,2.0,control,9,3,0.0,5,0.42,0.08528551459312439,5261,0.09436582028865814,13467
5,MCF7,2.0,control,9,3,0.0,5,0.47,0.0874939113855362,2611,0.1031663566827774,10997
5,MCF7,2.0,control,9,3,0.0,5,0.52,0.08736112713813782,1254,0.11349983513355255,7212
5,MCF7,2.0,control,9,3,0.0,5,0.57,0.08911170810461044,697,0.11705700308084488,4905
5,MCF7,2.0,control,9,3,0.0,5,0.62,0.0867600068449974,437,0.10905730724334717,3970
5,MCF7,2.0,control,9,3,0.0,5,0.67,0.0884648859500885,208,0.103319451212883,4905
5,MCF7,2.0,control,9,3,0.0,5,0.72,0.08448927849531174,27,0.10345762968063354,6205
5,MCF7,2.0,control,9,3,0.0,5,0.77,,0,0.10647352784872055,6598
5,MCF7,2.0,control,9,3,0.0,5,0.82,,0,0.10847369581460953,4892
5,MCF7,2.0,control,9,3,0.0,5,0.87,,0,0.11238088458776474,2721
5,MCF7,2.0,control,9,3,0.0,5,0.92,,0,0.11652366816997528,987
5,MCF7,2.0,control,9,3,0.0,5,0.97,,0,0.12188276648521423,220
5,MCF7,2.0,control,9,3,0.0,5,1.02,,0,0.12181691080331802,28
6,MCF7,2.0,control,9,3,0.0,6,0.05,0.06350873410701752,6018,0.06378980726003647,15596
6,MCF7,2.0,control,9,3,0.0,6,0.1,0.06730401515960693,511,0.0681614801287651,1332
7,MCF7,2.0,control,9,3,0.0,7,0.04,0.04531499743461609,9655,0.04471669718623161,10491
7,MCF7,2.0,control,9,3,0.0,7,0.09,0.056818075478076935,1955,0.056006550788879395,22158
7,MCF7,2.0,control,9,3,0.0,7,0.14,,0,0.07182513922452927,17964
7,MCF7,2.0,control,9,3,0.0,7,0.19,,0,0.07664638012647629,10573
7,MCF7,2.0,control,9,3,0.0,7,0.24,,0,0.09629722684621811,896
7,MCF7,2.0,control,9,3,0.0,7,0.29,,0,0.12344790250062943,14
