Metadata_cell,Metadata_hour,Metadata_treatment,Metadata_site,Metadata_dish,Metadata_concentration,Cell_Ed_mean_value,Cell_Ed_variance,Cell_Ed_not_zero_mean_value,Cell_Ed_not_zero_variance,Cell_Ed_agg_mean_value,Cell_Ed_agg_variance,Cell_Ed_agg_max_value,Cell_Ed_agg_min_value,Cell_Ed_agg_top_50_value,Cell_Ed_agg_top_25_value,ObjectNumber
MCF7,4.0,A133,0,1,60.0,0.04031655564904213,0.000880286272149533,0.045924585312604904,0.0007451876881532371,0.03368639573454857,0.0001658741239225492,0.0750703439116478,0.011121622286736965,0.04353351518511772,0.051076170057058334,1
MCF7,4.0,A133,0,1,60.0,0.03164108470082283,0.0005204642657190561,0.038916923105716705,0.00035699145519174635,0.03942308947443962,0.0001034575907397084,0.07356595993041992,0.012393126264214516,0.047239720821380615,0.05226905271410942,2
MCF7,4.0,A133,0,1,60.0,0.03191707283258438,0.0017151694046333432,0.055545348674058914,0.0016724722227081656,0.032804545015096664,0.0006467817001976073,0.11529609560966492,0.0,0.05359920859336853,0.06710494309663773,3
MCF7,4.0,A133,0,1,60.0,0.025483936071395874,0.0015630185371264815,0.055734653025865555,0.0017323869979009032,0.029909772798419,0.000515452295076102,0.10355491191148758,0.0,0.04874531552195549,0.06216615065932274,4
MCF7,4.0,A133,0,1,60.0,0.05195882171392441,0.0009160850313492119,0.053775984793901443,0.000850403681397438,0.0713067427277565,0.0013786077033728361,0.1515588015317917,0.0,0.10344249755144119,0.11936413496732712,5
MCF7,4.0,A133,0,1,60.0,0.0875840112566948,0.002814688952639699,0.09291965514421463,0.002490374492481351,0.1338576078414917,0.0013751575024798512,0.20200034976005554,0.02294025383889675,0.16191250085830688,0.17496740818023682,6
MCF7,4.0,A133,0,1,60.0,0.05560491606593132,0.004393745679408312,0.09480530768632889,0.0037748459726572037,0.06868907809257507,0.0038662850856781006,0.3358064889907837,0.0,0.1124422624707222,0.15585307776927948,7
MCF7,4.0,A133,0,1,60.0,0.048546213656663895,0.0006807332974858582,0.05082464963197708,0.0005968817858956754,0.04161139577627182,6.123468483565375e-05,0.0610908567905426,0.01631905511021614,0.04784514382481575,0.0514189787209034,8
MCF7,4.0,A133,0,1,60.0,0.02904261276125908,0.0005444013513624668,0.03925111144781113,0.0003350638726260513,0.03144518658518791,5.720030458178371e-05,0.04995321109890938,0.014614630490541458,0.03778235241770744,0.0411517471075058,9
MCF7,4.0,A133,0,1,60.0,0.04168929159641266,0.0018792810151353478,0.06184973195195198,0.0015411609783768654,0.03291124105453491,0.00034994870657101274,0.06157916784286499,0.0,0.04987587779760361,0.0549832358956337,10
MCF7,4.0,A133,0,1,60.0,0.02835017628967762,0.0008710678666830063,0.0436505563557148,0.0006733065820299089,0.03494075685739517,4.9771351768868044e-05,0.05134163796901703,0.018701238557696342,0.04067392647266388,0.043581824749708176,11
MCF7,4.0,A133,0,1,60.0,0.046520769596099854,0.0010313934180885553,0.052130717784166336,0.0008633185643702745,0.041695330291986465,5.85246853006538e-05,0.0598510280251503,0.025020115077495575,0.04757975414395332,0.05168647691607475,12
MCF7,4.0,A133,1,1,60.0,0.09019477665424347,0.0040053375996649265,0.11244954913854599,0.002491079969331622,0.08878341317176819,0.00015144939243327826,0.12114901095628738,0.06802139431238174,0.09862791746854782,0.10605870932340622,1
MCF7,4.0,A133,1,1,60.0,0.07805792987346649,0.0007577636861242354,0.08003321290016174,0.0006188515690155327,0.06934784352779388,6.153684807941318e-05,0.08960795402526855,0.0493304505944252,0.0755310207605362,0.07927501201629639,2
MCF7,4.0,A133,1,1,60.0,0.06963349133729935,0.006164638791233301,0.12434838712215424,0.004204827826470137,0.07920822501182556,0.0021569563541561365,0.19065022468566895,0.0,0.1166091039776802,0.14171765744686127,3
MCF7,4.0,A133,1,1,60.0,0.10211043804883957,0.0014999163104221225,0.10284466296434402,0.0014351904392242432,0.09667706489562988,0.0011256345314905047,0.18451310694217682,0.0,0.12208332121372223,0.139555886387825,4
MCF7,4.0,A133,1,1,60.0,0.09779278934001923,0.0007799328304827213,0.09785258024930954,0.0007745589828118682,0.08752045035362244,0.0004747483180835843,0.1439892053604126,0.02445363812148571,0.10479497909545898,0.11370979994535446,5
MCF7,4.0,A133,1,1,60.0,0.06751569360494614,0.0018339981324970722,0.08107861876487732,0.0011027585715055466,0.07278575003147125,0.00012459470599424094,0.10023386776447296,0.05681593716144562,0.08217905461788177,0.0897127017378807,6
MCF7,4.0,A133,1,1,60.0,0.1085103377699852,0.015336737036705017,0.21441657841205597,0.007597359362989664,0.1996670514345169,0.005890073720365763,0.3164728581905365,0.0,0.2628578841686249,0.28644677996635437,7
MCF7,4.0,A133,1,1,60.0,0.1362280398607254,0.00675553223118186,0.15768668055534363,0.004435921553522348,0.16354739665985107,0.0004191769694443792,0.20145562291145325,0.09673436731100082,0.1800670474767685,0.18778471648693085,8
MCF7,4.0,A133,1,1,60.0,0.12457530200481415,0.002832784317433834,0.1262912154197693,0.002655098680406809,0.11602120846509933,0.0008627420756965876,0.18981696665287018,0.06403236091136932,0.14039860665798187,0.1568489670753479,9
MCF7,4.0,A133,1,1,60.0,0.05573499947786331,0.00798601470887661,0.167886883020401,0.005226914770901203,0.07259971648454666,0.0004544764815364033,0.10498961806297302,0.03681369498372078,0.09229980409145355,0.1025218814611435,10
MCF7,4.0,A133,1,1,60.0,0.08256445080041885,0.0011823487002402544,0.08374369889497757,0.00110048137139529,0.0928116962313652,0.00011658151197480038,0.12235156446695328,0.07380634546279907,0.10142476111650467,0.10712221264839172,11
MCF7,4.0,A133,1,1,60.0,0.09541675448417664,0.0008761184872128069,0.09558727592229843,0.0008613857789896429,0.08575903624296188,0.00010365774505771697,0.1178639605641365,0.06379304081201553,0.09390639513731003,0.09888914972543716,12
MCF7,4.0,A133,1,1,60.0,0.08472144603729248,0.0011293694842606783,0.08501556515693665,0.0011082853889092803,0.07415421307086945,0.0002896235673688352,0.109572634100914,0.030298486351966858,0.08827885240316391,0.09557853639125824,13
MCF7,4.0,A133,1,1,60.0,0.07770638912916183,0.0011486189905554056,0.07900705933570862,0.0010650818003341556,0.06442053616046906,0.00032455736072734,0.09789400547742844,0.01793825812637806,0.07845740020275116,0.08415155857801437,14
MCF7,4.0,A133,10,1,60.0,0.06613840907812119,0.004753231070935726,0.10351704806089401,0.0035702306777238846,0.0829487219452858,0.0016925155650824308,0.20629502832889557,0.017744405195116997,0.11431781947612762,0.14175274968147278,1
MCF7,4.0,A133,10,1,60.0,0.11885396391153336,0.003533782670274377,0.12772248685359955,0.0026647530030459166,0.12684354186058044,0.0007593121845275164,0.17117366194725037,0.06752866506576538,0.14928948879241943,0.15690700709819794,2
MCF7,4.0,A133,10,1,60.0,0.078268863260746,0.004243259783834219,0.0931202694773674,0.0036654449068009853,0.1832999736070633,0.0002978799748234451,0.22930803894996643,0.1532217115163803,0.19799789786338806,0.20734846591949463,3
MCF7,4.0,A133,10,1,60.0,0.04357408732175827,0.00032516580540686846,0.04391726478934288,0.0003126553783658892,0.03876780718564987,8.817102207103744e-05,0.06769559532403946,0.01564873196184635,0.04638509079813957,0.05103074014186859,4
MCF7,4.0,A133,10,1,60.0,0.04526788741350174,0.00038854475133121014,0.04565909504890442,0.00037403995520435274,0.03696948289871216,0.0001178464008262381,0.0641196221113205,0.012331009842455387,0.045899443328380585,0.05167965218424797,5
MCF7,4.0,A133,10,1,60.0,0.05573917552828789,0.001955056097358465,0.07031497359275818,0.0014414070174098015,0.03625188022851944,0.00038006671820767224,0.0819205716252327,0.004603396635502577,0.051416460424661636,0.06381509453058243,6
MCF7,4.0,A133,10,1,60.0,0.11907128989696503,0.003771583316847682,0.1221534013748169,0.0034927185624837875,0.09198004007339478,0.0005695119616575539,0.1469474881887436,0.02151281014084816,0.11146105080842972,0.12094318121671677,7
MCF7,4.0,A133,10,1,60.0,0.03463180735707283,0.0007237239042297006,0.044106375426054,0.0005038314266130328,0.037524282932281494,0.00012029215577058494,0.06276296824216843,0.00868950691074133,0.04610253497958183,0.05131300538778305,8
MCF7,4.0,A133,10,1,60.0,0.0483611635863781,0.0003641242510639131,0.04864154011011124,0.0003525977081153542,0.04616188630461693,0.00015779156819917262,0.07756592333316803,0.016852479428052902,0.05627422407269478,0.06198108196258545,9
MCF7,4.0,A133,10,1,60.0,0.06402124464511871,0.0016740236897021532,0.06784962117671967,0.0015143743949010968,0.05532243847846985,0.0005402908427640796,0.11172974109649658,0.014811770059168339,0.07526858896017075,0.08538778871297836,10
MCF7,4.0,A133,10,1,60.0,0.05813009664416313,0.0009327579173259437,0.06025779992341995,0.0008386884001083672,0.05594654008746147,0.00015264985268004239,0.0922287255525589,0.01731819659471512,0.06578938663005829,0.07191155105829239,11
MCF7,4.0,A133,10,1,60.0,0.05205395445227623,0.0005485803703777492,0.05236172676086426,0.0005357081536203623,0.053993817418813705,0.0009087140788324177,0.19084466993808746,0.0025515006855130196,0.07516506314277649,0.09579513967037201,12
MCF7,4.0,A133,10,1,60.0,0.061796635389328,0.0013697261456400156,0.06546664237976074,0.0012108092196285725,0.06912107765674591,0.0011361428769305348,0.14710058271884918,0.005508402828127146,0.09656625986099243,0.10878290235996246,13
MCF7,4.0,A133,10,1,60.0,0.041547659784555435,0.0009024894097819924,0.046501968055963516,0.0007797207217663527,0.029659906402230263,0.00021358519734349102,0.07218943536281586,0.0,0.04127250239253044,0.04785505682229996,14
MCF7,4.0,A133,10,1,60.0,0.10313256084918976,0.009299304336309433,0.16909348964691162,0.004093339666724205,0.1575944423675537,0.004122463054955006,0.3247443437576294,0.011755051091313362,0.20837177336215973,0.23943446576595306,15
MCF7,4.0,A133,10,1,60.0,0.06193900108337402,0.0006088067893870175,0.0624791756272316,0.0005803664680570364,0.05733528733253479,0.0003175863530486822,0.10311155021190643,0.010153277777135372,0.07153403759002686,0.07995137572288513,16
MCF7,4.0,A133,10,1,60.0,0.059943657368421555,0.0008287612581625581,0.060677941888570786,0.000794358435086906,0.08779264986515045,0.0016138901701197028,0.21805721521377563,0.017482144758105278,0.12027057260274887,0.14470146596431732,17
MCF7,4.0,A133,10,1,60.0,0.034838151186704636,0.0005706087104044855,0.042849425226449966,0.0003585457743611187,0.03694285824894905,0.0001390377728966996,0.07734981924295425,0.007712541148066521,0.04589143395423889,0.05254692956805229,18
MCF7,4.0,A133,10,1,60.0,0.02917320653796196,0.0006381499115377665,0.04200638830661774,0.00037979381158947945,0.0325058214366436,9.699046495370567e-05,0.06555469334125519,0.011078019626438618,0.04018523171544075,0.04547514766454697,19
MCF7,4.0,A133,11,1,60.0,0.02354189194738865,0.0004539505753200501,0.036876700818538666,0.00021933751122560352,0.03296268731355667,4.414097566041164e-05,0.05450369045138359,0.018986742943525314,0.03822096437215805,0.041735630482435226,1
MCF7,4.0,A133,11,1,60.0,0.056669969111680984,0.001057762186974287,0.05894037336111069,0.0009663213859312236,0.046842508018016815,0.00027539647999219596,0.09383906424045563,0.005832301452755928,0.06015346571803093,0.068064846098423,2
MCF7,4.0,A133,11,1,60.0,0.05219150334596634,0.0023588205222040415,0.06568650156259537,0.0020822943188250065,0.040058594197034836,0.00030885564046911895,0.08425481617450714,0.0,0.05449211969971657,0.06210537254810333,3
MCF7,4.0,A133,11,1,60.0,0.06715311110019684,0.0014325309311971068,0.06914073973894119,0.0013375054113566875,0.050246480852365494,0.00018884605378843844,0.0952872633934021,0.00908458512276411,0.06075582280755043,0.0671696811914444,4
MCF7,4.0,A133,11,1,60.0,0.06641922146081924,0.001215055352076888,0.06796452403068542,0.0011382990051060915,0.071884885430336,0.00041386616067029536,0.12003476917743683,0.04157354682683945,0.08824661374092102,0.10159299522638321,5
MCF7,4.0,A133,11,1,60.0,0.048929087817668915,0.001356167602352798,0.05580667033791542,0.0011629785876721144,0.04146762937307358,0.0003013574460055679,0.10103744268417358,0.0025539794005453587,0.054908182471990585,0.06322679668664932,6
MCF7,4.0,A133,11,1,60.0,0.06469705700874329,0.0010380487656220794,0.0657380074262619,0.000986320897936821,0.05848456546664238,0.0002359871577937156,0.0949738472700119,0.014244483783841133,0.07096853107213974,0.07798047363758087,7
MCF7,4.0,A133,11,1,60.0,0.05528736859560013,0.0020958653185516596,0.06463269144296646,0.0018461201107129455,0.04073185846209526,0.00014464663399849087,0.06259920448064804,0.014043338596820831,0.05045161023736,0.05583322048187256,8
MCF7,4.0,A133,11,1,60.0,0.07172323018312454,0.0021398209501057863,0.07705356180667877,0.0018881275318562984,0.06272152066230774,0.0004929211572743952,0.11635398864746094,0.019262535497546196,0.08085901290178299,0.08943221718072891,9
MCF7,4.0,A133,12,1,60.0,0.05921221524477005,0.0013880692422389984,0.06394018977880478,0.001196596072986722,0.06451081484556198,0.00026596570387482643,0.12127725034952164,0.03574369475245476,0.07654841244220734,0.08748988062143326,1
MCF7,4.0,A133,12,1,60.0,0.03870050236582756,0.0006050853407941759,0.04349192604422569,0.0004716113326139748,0.038495972752571106,4.2389547161292285e-05,0.05266517028212547,0.02572350762784481,0.04360413923859596,0.04650580883026123,2
MCF7,4.0,A133,12,1,60.0,0.050549644976854324,0.00048114731907844543,0.05089941248297691,0.0004666736058425158,0.03489217534661293,4.793722109752707e-05,0.05121421441435814,0.02102367766201496,0.04038923606276512,0.04401102662086487,3
MCF7,4.0,A133,12,1,60.0,0.13862767815589905,0.007125500123947859,0.14936701953411102,0.006073400378227234,0.09334219992160797,0.002107674954459071,0.21101784706115723,0.0,0.13153547048568726,0.1545589715242386,4
MCF7,4.0,A133,12,1,60.0,0.04566042125225067,0.0007430403493344784,0.04865075647830963,0.0006462205201387405,0.03596242517232895,0.00019645642896648496,0.06593349575996399,0.0,0.047045622020959854,0.05172216519713402,5
MCF7,4.0,A133,13,1,60.0,0.041174888610839844,0.0003131291887257248,0.04221606254577637,0.0002770927967503667,0.046263888478279114,7.735570397926494e-05,0.0635453388094902,0.027196364477276802,0.05347616970539093,0.05659627169370651,1
MCF7,4.0,A133,13,1,60.0,0.06591125577688217,0.0010325422044843435,0.06725719571113586,0.0009631031425669789,0.06171896681189537,8.253574924310669e-05,0.08802834898233414,0.04324278607964516,0.06922424584627151,0.07362070679664612,2
MCF7,4.0,A133,13,1,60.0,0.05092489346861839,0.00028783868765458465,0.05105769634246826,0.0002818088105414063,0.05417338386178017,0.00010288164776284248,0.08333898335695267,0.026514684781432152,0.062382251024246216,0.06720546633005142,3
MCF7,4.0,A133,13,1,60.0,0.05330886319279671,0.0005976788233965635,0.054252516478300095,0.0005570633220486343,0.05215107277035713,0.00010868746903724968,0.08114584535360336,0.03190840408205986,0.06029010936617851,0.0654064416885376,4
MCF7,4.0,A133,13,1,60.0,0.04465552791953087,0.0005236332071945071,0.04603283479809761,0.00047638206160627306,0.04100007936358452,8.415737102041021e-05,0.07424028217792511,0.01887587085366249,0.04818665236234665,0.053279031068086624,5
MCF7,4.0,A133,13,1,60.0,0.057150375097990036,0.0010900067863985896,0.05949040502309799,0.000995428068563342,0.04539865627884865,0.0005215943092480302,0.10503207892179489,0.0,0.06363195925951004,0.07556944340467453,6
MCF7,4.0,A133,13,1,60.0,0.019794078543782234,0.0007682281429879367,0.043801259249448776,0.0006484261830337346,0.035761747509241104,0.0006055188132449985,0.12862856686115265,0.0,0.05514038726687431,0.06745751947164536,7
MCF7,4.0,A133,14,1,60.0,0.059634316712617874,0.0002716397284530103,0.0597049780189991,0.00026774260913953185,0.060173239558935165,0.00013846765796188265,0.09172654151916504,0.026688793674111366,0.06966882944107056,0.07492270320653915,1
MCF7,4.0,A133,14,1,60.0,0.08955609053373337,0.0013880640035495162,0.08981936424970627,0.0013684972655028105,0.1630961298942566,0.0005221602623350918,0.22552154958248138,0.11728010326623917,0.180945485830307,0.19573110342025757,2
MCF7,4.0,A133,14,1,60.0,0.09434390068054199,0.000930259411688894,0.09443479031324387,0.0009225726826116443,0.10217728465795517,0.0002575029502622783,0.15503665804862976,0.07403270900249481,0.11445833742618561,0.12414755672216415,3
MCF7,4.0,A133,15,1,60.0,0.08667051792144775,0.001264051184989512,0.08828113228082657,0.0011453538900241256,0.07859037816524506,9.818009129958227e-05,0.10681962966918945,0.05511551350355148,0.08601904660463333,0.09193632006645203,1
MCF7,4.0,A133,15,1,60.0,0.08005411922931671,0.001916609238833189,0.0833185464143753,0.0017227770294994116,0.07107076048851013,3.7443624023580924e-05,0.0831700935959816,0.05607288330793381,0.07605721056461334,0.07861840724945068,2
MCF7,4.0,A133,15,1,60.0,0.0686439797282219,0.0006721232202835381,0.07078683376312256,0.0005414186744019389,0.06387601047754288,2.3523931304225698e-05,0.0750967264175415,0.052460767328739166,0.0678490549325943,0.0695469081401825,3
MCF7,4.0,A133,15,1,60.0,0.07896313071250916,0.0006976495496928692,0.07896313071250916,0.0006976495496928692,0.09407457709312439,0.00025394311523996294,0.1369961053133011,0.06073612719774246,0.10692189633846283,0.11522198468446732,4
MCF7,4.0,A133,15,1,60.0,0.08295830339193344,0.0019367688801139593,0.08486782759428024,0.0018192919669672847,0.06134975701570511,0.000286352529656142,0.09404372423887253,0.00707884319126606,0.07483132183551788,0.0800621286034584,5
MCF7,4.0,A133,16,1,60.0,0.012106762267649174,0.00034034435520879924,0.03273404762148857,0.0002450023894198239,0.03014517016708851,8.528587204637006e-05,0.0551268570125103,0.011468601413071156,0.03803432360291481,0.042065832763910294,1
MCF7,4.0,A133,16,1,60.0,0.05149680748581886,0.0004454438167158514,0.052234943956136703,0.00041327206417918205,0.06901779770851135,8.966265158960596e-05,0.09333904087543488,0.04735647886991501,0.07683098316192627,0.08121345937252045,2
MCF7,4.0,A133,16,1,60.0,0.06711101531982422,0.0007139783119782805,0.06733749806880951,0.0007011363049969077,0.05489029362797737,0.00015069494838826358,0.0771164745092392,0.024554960429668427,0.06519925594329834,0.07034386694431305,3
MCF7,4.0,A133,16,1,60.0,0.04830087348818779,0.0005173825193196535,0.049484629184007645,0.0004714850219897926,0.0456259623169899,3.545047729858197e-05,0.05652811750769615,0.022727707400918007,0.050397712737321854,0.052629467099905014,4
MCF7,4.0,A133,16,1,60.0,0.036607012152671814,0.0008594846003688872,0.04948490113019943,0.0005245793727226555,0.035179540514945984,6.652454612776637e-05,0.05125794932246208,0.014636840671300888,0.04177725687623024,0.04596128687262535,5
MCF7,4.0,A133,16,1,60.0,0.06061284616589546,0.0009653081651777029,0.06278051435947418,0.0008637429564259946,0.055619873106479645,0.000230431163799949,0.09261007606983185,0.024580370634794235,0.06801602989435196,0.07498465478420258,6
MCF7,4.0,A133,16,1,60.0,0.04321267455816269,0.0005786445690318942,0.045076534152030945,0.000519586494192481,0.03604653477668762,0.00027795840287581086,0.07838330417871475,0.0006068177754059434,0.04977573826909065,0.05770867317914963,7
MCF7,4.0,A133,16,1,60.0,0.058609724044799805,0.0007638362003490329,0.059912603348493576,0.0007027571555227041,0.06420571357011795,6.611234130105004e-05,0.08286083489656448,0.04509115219116211,0.07053010165691376,0.0749564915895462,8
MCF7,4.0,A133,16,1,60.0,0.05183817818760872,0.0010170018067583442,0.05465490370988846,0.0009183146758005023,0.040395587682724,0.00015051563968881965,0.07016660273075104,0.012105504050850868,0.049993883818387985,0.05643019080162048,9
MCF7,4.0,A133,16,1,60.0,0.06546672433614731,0.0009687514393590391,0.06626653671264648,0.0009275859920307994,0.06602583080530167,0.0003904399345628917,0.19723713397979736,0.0381334088742733,0.07777469605207443,0.08937101811170578,10
MCF7,4.0,A133,16,1,60.0,0.05151785537600517,0.0010505958925932646,0.05557410791516304,0.000907891895622015,0.0525967963039875,0.0011080572148784995,0.15435536205768585,0.0,0.07875344902276993,0.0976579561829567,11
MCF7,4.0,A133,16,1,60.0,0.045107804238796234,0.0005050170584581792,0.045980650931596756,0.00047465512761846185,0.04353734105825424,7.914025627542287e-05,0.0663347840309143,0.028073284775018692,0.05072122812271118,0.05610978603363037,12
MCF7,4.0,A133,17,1,60.0,0.06379127502441406,0.000497911125421524,0.06383753567934036,0.0004953191382810473,0.061377499252557755,6.244927499210462e-05,0.08108288794755936,0.04167411848902702,0.06767044961452484,0.0714363381266594,1
MCF7,4.0,A133,17,1,60.0,0.05967960134148598,0.00021494844986591488,0.05967960134148598,0.00021494844986591488,0.05362476035952568,5.065067671239376e-05,0.07495442777872086,0.03674078732728958,0.0594286173582077,0.06331594288349152,2
MCF7,4.0,A133,17,1,60.0,0.04808094725012779,0.0002844305709004402,0.04810800403356552,0.0002832887112163007,0.05431681498885155,5.342795338947326e-05,0.06771010905504227,0.03594629466533661,0.060148585587739944,0.0638730376958847,3
MCF7,4.0,A133,18,1,60.0,0.0330403670668602,0.0006005187751725316,0.03773440048098564,0.0005087078316137195,0.03109745681285858,7.014887523837388e-05,0.05486465245485306,0.012160969898104668,0.0378362201154232,0.04207991436123848,1
MCF7,4.0,A133,18,1,60.0,0.03956770896911621,0.0002533276565372944,0.039926908910274506,0.00024128559743985534,0.05155228078365326,4.041678039357066e-05,0.07627013325691223,0.02962663024663925,0.056487273424863815,0.059782885015010834,2
MCF7,4.0,A133,18,1,60.0,0.04133957251906395,0.0009131238330155611,0.04634580761194229,0.0007916854810900986,0.03531797230243683,0.00017717978334985673,0.0758686363697052,0.004375302232801914,0.046025149524211884,0.05246083065867424,3
MCF7,4.0,A133,18,1,60.0,0.06026037037372589,0.0012797481613233685,0.06332384794950485,0.0011508159805089235,0.040116410702466965,0.00010360822489019483,0.0547868087887764,0.019618960097432137,0.04855779930949211,0.05157580226659775,4
MCF7,4.0,A133,18,1,60.0,0.05949254333972931,0.0005731157143600285,0.059829361736774445,0.0005562086589634418,0.11191609501838684,0.0002519638801459223,0.13933120667934418,0.07304491847753525,0.12474071234464645,0.13106369972229004,5
MCF7,4.0,A133,18,1,60.0,0.05920060724020004,0.0014834838220849633,0.06458796560764313,0.001270524924620986,0.043474018573760986,0.00025480834301561117,0.07278353720903397,0.009394186548888683,0.056633513420820236,0.06287704408168793,6
MCF7,4.0,A133,18,1,60.0,0.04220367223024368,0.0005925234872847795,0.044586483389139175,0.0005197360296733677,0.03819771483540535,6.138272146927193e-05,0.05477134883403778,0.01313107181340456,0.04441254958510399,0.04743200168013573,7
MCF7,4.0,A133,18,1,60.0,0.06420388072729111,0.005226245615631342,0.10495124757289886,0.004266626201570034,0.05704552307724953,0.001446627895347774,0.18741002678871155,0.0,0.08621454983949661,0.10813625156879425,8
MCF7,4.0,A133,18,1,60.0,0.018222341313958168,0.000980099430307746,0.05316229537129402,0.0010018771281465888,0.03397992625832558,0.00033777387579903007,0.09839759767055511,0.0,0.04823070764541626,0.05601131543517113,9
MCF7,4.0,A133,18,1,60.0,0.05028882250189781,0.003863635705783963,0.0885692909359932,0.003414209932088852,0.04165895655751228,0.00024768844014033675,0.0747314989566803,0.0,0.05399531498551369,0.06291336566209793,10
MCF7,4.0,A133,19,1,60.0,0.06228582561016083,0.0056011187843978405,0.114579938352108,0.0043118661269545555,0.08203360438346863,0.0005340513889677823,0.1243438795208931,0.034713685512542725,0.10003328323364258,0.11195449531078339,1
MCF7,4.0,A133,19,1,60.0,0.04155639186501503,0.000287836097413674,0.04194845259189606,0.00027410543407313526,0.03976324945688248,4.686722968472168e-05,0.058054834604263306,0.021043267101049423,0.04497721418738365,0.048598550260066986,2
MCF7,4.0,A133,19,1,60.0,0.05558529496192932,0.0009952334221452475,0.057794857770204544,0.000907093461137265,0.04568999633193016,0.0002094883529935032,0.09487306326627731,0.015822043642401695,0.05696343630552292,0.0654115155339241,3
MCF7,4.0,A133,19,1,60.0,0.05322205647826195,0.000895693723578006,0.05514901503920555,0.0008218533475883305,0.03884775564074516,7.699573325226083e-05,0.05495915561914444,0.021911926567554474,0.04635709896683693,0.05115067958831787,4
MCF7,4.0,A133,19,1,60.0,0.061597373336553574,0.0004019918851554394,0.06165532022714615,0.0003987973614130169,0.05111748352646828,0.00013447726087179035,0.07995600253343582,0.02636944316327572,0.060725320130586624,0.06665709614753723,5
MCF7,4.0,A133,19,1,60.0,0.0457957461476326,0.000526646850630641,0.047375284135341644,0.00046998020843602717,0.02827570214867592,0.00011296103912172839,0.051868196576833725,0.0,0.03678594529628754,0.04131808876991272,6
MCF7,4.0,A133,19,1,60.0,0.06456982344388962,0.002040902618318796,0.07219520211219788,0.0017314068973064423,0.04762601852416992,0.00040383049054071307,0.08780176937580109,0.005835315678268671,0.0640394315123558,0.07403098046779633,7
MCF7,4.0,A133,2,1,60.0,0.02191730961203575,0.0015868484042584896,0.05698500573635101,0.0021274732425808907,0.03104216232895851,0.00038391564157791436,0.08220496773719788,0.0,0.04738416150212288,0.05660364031791687,1
MCF7,4.0,A133,2,1,60.0,0.04473385959863663,0.0005444088019430637,0.04679110646247864,0.0004731847147922963,0.05139169842004776,0.00010780090815387666,0.07746148854494095,0.03457356244325638,0.05974440649151802,0.06605032086372375,2
MCF7,4.0,A133,2,1,60.0,0.07915046066045761,0.003930516541004181,0.09971010684967041,0.0029014796018600464,0.08352787047624588,0.0012132039992138743,0.19123531877994537,0.006686421111226082,0.11094589531421661,0.12977150082588196,3
MCF7,4.0,A133,2,1,60.0,0.0296302642673254,0.0016816359711810946,0.05154431611299515,0.0017958012176677585,0.027648359537124634,0.0001947118726093322,0.05695647746324539,0.0025446710642427206,0.039259932935237885,0.04654745012521744,4
MCF7,4.0,A133,2,1,60.0,0.045485153794288635,0.0007398750749416649,0.04776633903384209,0.0006680178339593112,0.04031456634402275,0.0003982142370659858,0.10862822085618973,0.00040532241109758615,0.05559499189257622,0.06939918547868729,5
MCF7,4.0,A133,2,1,60.0,0.054708994925022125,0.0009095893474295735,0.056273266673088074,0.0008475700160488486,0.06748823821544647,0.0009757711086422205,0.13697348535060883,0.021697280928492546,0.0946841761469841,0.1106863021850586,6
MCF7,4.0,A133,2,1,60.0,0.049132153391838074,0.0007523834938183427,0.050773654133081436,0.0006941754836589098,0.06687713414430618,0.00014902418479323387,0.09388107806444168,0.03263689950108528,0.0762096494436264,0.08139713108539581,7
MCF7,4.0,A133,2,1,60.0,0.04029376804828644,0.0011440911330282688,0.04747283086180687,0.001007121056318283,0.03505747392773628,0.000345659616868943,0.07824993878602982,0.0,0.05047899857163429,0.05937368795275688,8
MCF7,4.0,A133,2,1,60.0,0.04536120966076851,0.00041884425445459783,0.046026356518268585,0.0003943715710192919,0.04374741017818451,6.530589598696679e-05,0.058527834713459015,0.027165131643414497,0.050539687275886536,0.054072458297014236,9
MCF7,4.0,A133,2,1,60.0,0.044589702039957047,0.0006238026544451714,0.04645651951432228,0.0005631929961964488,0.029182033613324165,0.0002544308081269264,0.07299637049436569,0.0,0.04189973697066307,0.04965774342417717,10
MCF7,4.0,A133,2,1,60.0,0.03095286153256893,0.0006951391114853323,0.039008669555187225,0.0005618099821731448,0.02900071069598198,0.00017315159493591636,0.06594972312450409,0.0,0.03944603353738785,0.04591166973114014,11
MCF7,4.0,A133,2,1,60.0,0.045026179403066635,0.0005061752162873745,0.04578125476837158,0.0004800954193342477,0.028896743431687355,0.000243544636759907,0.07405996322631836,0.0,0.04151250049471855,0.04868679866194725,12
MCF7,4.0,A133,2,1,60.0,0.046834658831357956,0.0011572871590033174,0.0515451654791832,0.0010308802593499422,0.04079309105873108,8.293685095850378e-05,0.054571036249399185,0.02318691834807396,0.0490214005112648,0.05253370478749275,13
MCF7,4.0,A133,2,1,60.0,0.04244985431432724,0.0007932863081805408,0.04602884128689766,0.0006954321870580316,0.03162568807601929,0.0003182853979524225,0.07504376769065857,0.0,0.04624616354703903,0.055001430213451385,14
MCF7,4.0,A133,3,1,60.0,0.03229919821023941,0.0003048063663300127,0.034688450396060944,0.0002444741257932037,0.0395682193338871,9.276536002289504e-05,0.06263180822134018,0.01881561055779457,0.047673773020505905,0.05238082632422447,1
MCF7,4.0,A133,3,1,60.0,0.040762655436992645,0.00047776286373846233,0.04264348745346069,0.00041960205999203026,0.0340435691177845,6.86774292262271e-05,0.05289842188358307,0.01692946068942547,0.04095058888196945,0.045164164155721664,2
MCF7,4.0,A133,3,1,60.0,0.03529156744480133,0.00021244023810140789,0.035874199122190475,0.00019504605734255165,0.037110380828380585,7.727467163931578e-05,0.0685139000415802,0.016551950946450233,0.04410122334957123,0.04857984557747841,3
MCF7,4.0,A133,3,1,60.0,0.024126125499606133,0.001874500885605812,0.07387053966522217,0.002064791275188327,0.05087189003825188,0.0009548509260639548,0.14289511740207672,0.0,0.07588545233011246,0.09437550604343414,4
MCF7,4.0,A133,3,1,60.0,0.09745348989963531,0.004160641226917505,0.10347359627485275,0.0037947387900203466,0.15758152306079865,0.0004297416307963431,0.2016153782606125,0.11128509044647217,0.1751381754875183,0.18351297080516815,5
MCF7,4.0,A133,3,1,60.0,0.05467258021235466,0.0007905149832367897,0.05665881559252739,0.0007066962425597012,0.05129563435912132,0.0002262195775983855,0.10598524659872055,0.01615256629884243,0.06231776252388954,0.07193094491958618,6
MCF7,4.0,A133,3,1,60.0,0.05751664936542511,0.0007187455776147544,0.0582110770046711,0.0006870000506751239,0.06765031069517136,0.0002304198278579861,0.10341344028711319,0.028990287333726883,0.07996305823326111,0.08724348992109299,7
MCF7,4.0,A133,3,1,60.0,0.027057277038693428,0.0006414375966414809,0.04162519797682762,0.00038040149956941605,0.028672678396105766,0.0001321591844316572,0.05266198515892029,0.0,0.037617918103933334,0.04217524081468582,8
MCF7,4.0,A133,3,1,60.0,0.021244674921035767,0.0005125895258970559,0.03787456825375557,0.00028398408903740346,0.02436431311070919,6.468814535764977e-05,0.043236277997493744,0.01073364820331335,0.03110559843480587,0.03536279872059822,9
MCF7,4.0,A133,4,1,60.0,0.04894616827368736,0.0005248264060355723,0.049786344170570374,0.0004920059000141919,0.039699822664260864,3.4265456633875147e-05,0.05783751234412193,0.025742901489138603,0.044087499380111694,0.04662061110138893,1
MCF7,4.0,A133,4,1,60.0,0.09364812076091766,0.003421633969992399,0.10482819378376007,0.0026581352576613426,0.11843350529670715,0.0016459515318274498,0.23607571423053741,0.05403979867696762,0.14965088665485382,0.17724889516830444,2
MCF7,4.0,A133,4,1,60.0,0.09284567832946777,0.005346318241208792,0.11989743262529373,0.00366059853695333,0.14116394519805908,0.0016439211321994662,0.2238549292087555,0.07343379408121109,0.17696072161197662,0.1947670727968216,3
MCF7,4.0,A133,4,1,60.0,0.061280686408281326,0.0004813197592739016,0.06131374090909958,0.00047955228365026414,0.064263716340065,0.0003639276255853474,0.10955188423395157,0.02576429210603237,0.08101239800453186,0.08924273401498795,4
MCF7,4.0,A133,4,1,60.0,0.053047262132167816,0.0003087043878622353,0.05309244245290756,0.0003065684868488461,0.045366182923316956,0.00012849943595938385,0.10540010035037994,0.00825619325041771,0.05425688251852989,0.060036800801754,5
MCF7,4.0,A133,4,1,60.0,0.08755706250667572,0.0012472954113036394,0.08756948262453079,0.0012463848106563091,0.11534653604030609,0.0023559052497148514,0.19199757277965546,0.03616965562105179,0.16103322803974152,0.1740582436323166,6
MCF7,4.0,A133,4,1,60.0,0.03418643772602081,0.0004818368761334568,0.041431527584791183,0.0002837768115568906,0.03225335851311684,5.410841549746692e-05,0.05502208694815636,0.01835089921951294,0.03778638318181038,0.042036570608615875,7
MCF7,4.0,A133,4,1,60.0,0.04177107289433479,0.0011973567306995392,0.0526396669447422,0.00093678297707811,0.036267269402742386,0.0003277507203165442,0.07711178809404373,0.0,0.05094049870967865,0.058347925543785095,8
MCF7,4.0,A133,4,1,60.0,0.03840618580579758,0.0027501466684043407,0.07652262598276138,0.002562775742262602,0.05491265654563904,0.002449394902214408,0.2908058166503906,0.0,0.09059199690818787,0.12207252532243729,9
MCF7,4.0,A133,4,1,60.0,0.040377430617809296,0.0005492091877385974,0.042832132428884506,0.00047745744814164937,0.03692983090877533,5.285421138978563e-05,0.052695468068122864,0.020663578063249588,0.042975980788469315,0.04651704803109169,10
MCF7,4.0,A133,5,1,60.0,0.054594799876213074,0.0012447657063603401,0.0582643561065197,0.0011146273463964462,0.026885537430644035,0.0002392373135080561,0.056837085634469986,0.0007170214666984975,0.04026632755994797,0.04956790432333946,1
MCF7,4.0,A133,5,1,60.0,0.09335755556821823,0.006715911440551281,0.1174536719918251,0.005619150586426258,0.12435868382453918,0.0024769993033260107,0.2595195174217224,0.04747462272644043,0.16597142815589905,0.1933835744857788,2
MCF7,4.0,A133,5,1,60.0,0.07090841978788376,0.0007048972183838487,0.07090841978788376,0.0007048972183838487,0.1280093491077423,0.00040452979737892747,0.17636680603027344,0.0942213237285614,0.1441717892885208,0.1569679230451584,3
MCF7,4.0,A133,5,1,60.0,0.10085877031087875,0.0009317660005763173,0.10085877031087875,0.0009317660005763173,0.11670512706041336,0.0012662902008742094,0.2006646990776062,0.0554225891828537,0.14724479615688324,0.16495488584041595,4
MCF7,4.0,A133,5,1,60.0,0.09032480418682098,0.0009532029507681727,0.09064237773418427,0.0009277685894630849,0.09001511335372925,7.204841676866636e-05,0.10824671387672424,0.07322278618812561,0.09706275165081024,0.1009591594338417,5
MCF7,4.0,A133,5,1,60.0,0.05263609439134598,0.00033490738132968545,0.052734144032001495,0.00033036060631275177,0.047685228288173676,6.509938248200342e-05,0.06933240592479706,0.03071669489145279,0.054312754422426224,0.05771346390247345,6
MCF7,4.0,A133,6,1,60.0,0.03740938380360603,0.002710331231355667,0.07461234927177429,0.00262990640476346,0.025890963152050972,0.0005544392624869943,0.0788336768746376,0.0,0.045498766005039215,0.05951448902487755,1
MCF7,4.0,A133,6,1,60.0,0.08162185549736023,0.003133099526166916,0.0904698297381401,0.00267225899733603,0.056533124297857285,0.001310500199906528,0.16670595109462738,0.0,0.08578432351350784,0.10334514826536179,2
MCF7,4.0,A133,6,1,60.0,0.04512416198849678,0.0008669140515848994,0.04890843480825424,0.0007545337430201471,0.037400707602500916,3.594689769670367e-05,0.05218221992254257,0.021070102229714394,0.042317260056734085,0.04484052583575249,3
MCF7,4.0,A133,6,1,60.0,0.06138579919934273,0.0008136974647641182,0.06258603930473328,0.0007544889231212437,0.037035804241895676,0.00012053378304699436,0.0625593438744545,0.013688982464373112,0.04594619572162628,0.050962697714567184,4
MCF7,4.0,A133,6,1,60.0,0.05284079164266586,0.0005907220765948296,0.05387385934591293,0.0005466159782372415,0.057812850922346115,0.00022296969837043434,0.10717282444238663,0.02121923491358757,0.06881469488143921,0.07861194014549255,5
MCF7,4.0,A133,6,1,60.0,0.018919339403510094,0.0005414243787527084,0.03987070545554161,0.0003056545101571828,0.029956163838505745,8.168108615791425e-05,0.04685477912425995,0.013604549691081047,0.03735365346074104,0.0418013297021389,6
MCF7,4.0,A133,6,1,60.0,0.0673418641090393,0.0013606766005977988,0.068754181265831,0.0012921104207634926,0.04414931312203407,0.00024191220290958881,0.07486746460199356,0.00699110422283411,0.05744762346148491,0.06267079710960388,7
MCF7,4.0,A133,6,1,60.0,0.038430001586675644,0.002731123473495245,0.08419979363679886,0.002130060223862529,0.06664666533470154,0.001097027212381363,0.145491361618042,0.0,0.0943816676735878,0.10901523381471634,8
MCF7,4.0,A133,7,1,60.0,0.03932761773467064,0.0020551434718072414,0.06621841341257095,0.0016797097632661462,0.08241134136915207,0.0002249325334560126,0.11863481998443604,0.04784339293837547,0.09474625438451767,0.101540207862854,1
MCF7,4.0,A133,7,1,60.0,0.02353181317448616,0.0004333810356911272,0.031578179448843,0.00032747990917414427,0.02507789246737957,0.00010427024244563654,0.04214269667863846,0.0,0.03341389447450638,0.0368613637983799,2
MCF7,4.0,A133,7,1,60.0,0.034971971064805984,0.0003703016845975071,0.03707856684923172,0.00031449791276827455,0.04035511985421181,4.7319095756392926e-05,0.05493384599685669,0.024903371930122375,0.04615248739719391,0.049241408705711365,3
MCF7,4.0,A133,7,1,60.0,0.018828241154551506,0.0004273394588381052,0.03287941962480545,0.00028426069184206426,0.030164239928126335,3.1573734304402024e-05,0.04074088856577873,0.016402501612901688,0.034656547009944916,0.0374617800116539,4
MCF7,4.0,A133,7,1,60.0,0.02921668067574501,0.00033091672230511904,0.03366495296359062,0.0002315482561243698,0.03387664631009102,2.001201755774673e-05,0.04526347666978836,0.02433132380247116,0.03747271001338959,0.03987307474017143,5
MCF7,4.0,A133,7,1,60.0,0.03933197259902954,0.003074917709454894,0.08039086312055588,0.00298408349044621,0.04985416308045387,0.0002462706761434674,0.10089094936847687,0.002714960603043437,0.062173571437597275,0.07081958651542664,6
MCF7,4.0,A133,7,1,60.0,0.04872344806790352,0.0019888714887201786,0.06306769698858261,0.0016697394894436002,0.05279018357396126,0.0004579772357828915,0.10540807992219925,0.00974804162979126,0.07072678208351135,0.08071589469909668,7
MCF7,4.0,A133,7,1,60.0,0.05520591884851456,0.0017727017402648926,0.06285747140645981,0.0015374411595985293,0.04236473888158798,0.00024189252872020006,0.0784854143857956,0.005189929157495499,0.05536816641688347,0.06181327998638153,8
MCF7,4.0,A133,7,1,60.0,0.0400652140378952,0.0006611017743125558,0.04452560842037201,0.0005360995419323444,0.04382413253188133,0.00012438437261153013,0.06423362344503403,0.019805384799838066,0.05314797908067703,0.05826582387089729,9
MCF7,4.0,A133,7,1,60.0,0.05821622535586357,0.0013355747796595097,0.06062754988670349,0.001244701910763979,0.1324121505022049,0.0006766527076251805,0.17392121255397797,0.08884724229574203,0.1553603857755661,0.16629433631896973,10
MCF7,4.0,A133,7,1,60.0,0.04532824829220772,0.0007847491651773453,0.047753576189279556,0.0007109197904355824,0.04025188833475113,7.767992065055296e-05,0.06040167808532715,0.009267118759453297,0.0470116026699543,0.05106367915868759,11
MCF7,4.0,A133,7,1,60.0,0.027224134653806686,0.0011483333073556423,0.059366222470998764,0.0005959548871032894,0.06438273191452026,5.568363121710718e-05,0.07906802743673325,0.05208063870668411,0.07098890841007233,0.07485969364643097,12
MCF7,4.0,A133,7,1,60.0,0.07704845815896988,0.0019976752810180187,0.07978354394435883,0.0018503746250644326,0.0689154863357544,0.00012332557525951415,0.10026753693819046,0.04896767809987068,0.07798480987548828,0.08381384611129761,13
MCF7,4.0,A133,7,1,60.0,0.03994683176279068,0.0011346788378432393,0.04815834388136864,0.0009724717237986624,0.030685031786561012,0.0004253092047292739,0.09247900545597076,0.0,0.047330744564533234,0.057849783450365067,14
MCF7,4.0,A133,7,1,60.0,0.05030709132552147,0.0013883996289223433,0.05575044825673103,0.0012351585319265723,0.047206901013851166,0.0002470430626999587,0.08764348924160004,0.013563609682023525,0.06016764044761658,0.06753093749284744,15
MCF7,4.0,A133,7,1,60.0,0.0517582893371582,0.0013475097948685288,0.05569906160235405,0.0012306092539802194,0.08880911022424698,0.00014352351718116552,0.11955370754003525,0.05457485094666481,0.09853008389472961,0.1045525074005127,16
MCF7,4.0,A133,8,1,60.0,0.01779463328421116,0.0008203197503462434,0.04643487557768822,0.0008107080939225852,0.027729008346796036,0.000258042971836403,0.07255938649177551,0.0037054826971143484,0.040903929620981216,0.05060804635286331,1
MCF7,4.0,A133,8,1,60.0,0.037663210183382034,0.0011645850026980042,0.052258774638175964,0.0008531485800631344,0.04188317805528641,9.378889080835506e-05,0.06958924233913422,0.023898843675851822,0.04967992380261421,0.05582378804683685,2
MCF7,4.0,A133,8,1,60.0,0.05795683711767197,0.0005598791758529842,0.0585298016667366,0.0005318790208548307,0.05545803904533386,2.3159685952123255e-05,0.06322761625051498,0.041160427033901215,0.05938677117228508,0.0612453930079937,3
MCF7,4.0,A133,8,1,60.0,0.04691440984606743,0.0003939538146369159,0.04900050535798073,0.00030925151077099144,0.054598450660705566,5.285892621031962e-05,0.07609696686267853,0.03249663859605789,0.06032424420118332,0.0643823891878128,4
MCF7,4.0,A133,8,1,60.0,0.04659780487418175,0.0002432640321785584,0.046727925539016724,0.00023786303063388914,0.042690083384513855,4.526962584350258e-05,0.06082448735833168,0.02923935279250145,0.04816506803035736,0.051237136125564575,5
MCF7,4.0,A133,8,1,60.0,0.045827414840459824,0.00018433702643960714,0.04611843079328537,0.00017208661301992834,0.04649071767926216,1.953423270606436e-05,0.06214097887277603,0.035637665539979935,0.04990644380450249,0.051847971975803375,6
MCF7,4.0,A133,8,1,60.0,0.06562642753124237,0.0008453003829345107,0.0661228820681572,0.0008188678184524179,0.05512191355228424,0.00016846932703629136,0.08235679566860199,0.02648870460689068,0.06584346294403076,0.07353007793426514,7
MCF7,4.0,A133,8,1,60.0,0.042657509446144104,0.0006496061687357724,0.051861464977264404,0.00031243707053363323,0.04539391025900841,7.231686322484165e-05,0.06453835219144821,0.021701646968722343,0.05218033120036125,0.05641913786530495,8
MCF7,4.0,A133,8,1,60.0,0.05670080706477165,0.0003399591369088739,0.05682311952114105,0.00033374226768501103,0.06196427717804909,6.473315443145111e-05,0.07907360792160034,0.03813490271568298,0.06801839917898178,0.07144277542829514,9
MCF7,4.0,A133,8,1,60.0,0.05503803491592407,0.0017422765959054232,0.06418217718601227,0.0014448512811213732,0.04434311389923096,0.00012878800043836236,0.06623861938714981,0.024044107645750046,0.05363736301660538,0.05871357396245003,10
MCF7,4.0,A133,8,1,60.0,0.10245679318904877,0.002063438529148698,0.10264841467142105,0.0020476276986300945,0.1403520554304123,0.0024572694674134254,0.28604814410209656,0.05825363099575043,0.18195150792598724,0.20797784626483917,11
MCF7,4.0,A133,8,1,60.0,0.05512084439396858,0.0011138287372887135,0.05818231403827667,0.0009975684806704521,0.043569937348365784,0.00010143580584554002,0.060221392661333084,0.02206469140946865,0.05192110687494278,0.055412184447050095,12
MCF7,4.0,A133,8,1,60.0,0.05430237948894501,0.00040891088428907096,0.05467556416988373,0.0003913171822205186,0.05006694793701172,4.996888674213551e-05,0.06213526055216789,0.035669516772031784,0.05583212897181511,0.059127964079380035,13
MCF7,4.0,A133,8,1,60.0,0.05799758806824684,0.000632300681900233,0.05849876254796982,0.0006084463675506413,0.046853628009557724,0.00010071589349536225,0.06839244067668915,0.025375761091709137,0.0550270639359951,0.05984286963939667,14
MCF7,4.0,A133,8,1,60.0,0.050444167107343674,0.0003177648177370429,0.05069131776690483,0.0003067934012506157,0.045728519558906555,7.146102871047333e-05,0.0676950067281723,0.025601858273148537,0.05270273983478546,0.05608706921339035,15
MCF7,4.0,A133,8,1,60.0,0.06615304201841354,0.0008845597039908171,0.06672529876232147,0.000854027341119945,0.06599553674459457,5.9553382016019896e-05,0.08805201947689056,0.049548134207725525,0.07212793081998825,0.07571130245923996,16
MCF7,4.0,A133,8,1,60.0,0.07394115626811981,0.0004651503113564104,0.07395010441541672,0.0004645448934752494,0.0705750435590744,9.8353651992511e-05,0.09634331613779068,0.03916802257299423,0.07847242057323456,0.08277090638875961,17
MCF7,4.0,A133,8,1,60.0,0.04006257280707359,0.0031271479092538357,0.08621079474687576,0.0027508451603353024,0.0,0.0,0.0,0.0,0.0,0.0,18
MCF7,4.0,A133,8,1,60.0,0.056452471762895584,0.0004514665633905679,0.05665094405412674,0.00044180979602970183,0.04825306311249733,5.7033092161873356e-05,0.07185778766870499,0.03401302546262741,0.05427798256278038,0.05801960453391075,19
MCF7,4.0,A133,8,1,60.0,0.04812592640519142,0.0006746224244125187,0.05015869811177254,0.0006011564400978386,0.042139891535043716,6.970038521103561e-05,0.058248359709978104,0.01963360793888569,0.049043890088796616,0.05258588492870331,20
MCF7,4.0,A133,8,1,60.0,0.044072866439819336,0.00042628092342056334,0.04521319642663002,0.00038575250073336065,0.040751535445451736,2.7217773094889708e-05,0.05396288260817528,0.025721881538629532,0.044846683740615845,0.04721977189183235,21
MCF7,4.0,A133,8,1,60.0,0.04747710004448891,0.0004718966956716031,0.047800224274396896,0.0004596628132276237,0.04212385416030884,4.89749108965043e-05,0.05545308068394661,0.014445355162024498,0.04767373204231262,0.05054154619574547,22
MCF7,4.0,A133,8,1,60.0,0.05697030574083328,0.0009795597288757563,0.059139564633369446,0.0008885689312592149,0.04140377417206764,0.00017816488980315626,0.0679827481508255,0.011114128865301609,0.052519541233778,0.05750051140785217,23
MCF7,4.0,A133,8,1,60.0,0.05836398899555206,0.0008894465863704681,0.05920363962650299,0.0008525321609340608,0.052435167133808136,4.9451544327894226e-05,0.08246270567178726,0.03809221088886261,0.05745547637343407,0.06135987117886543,24
MCF7,4.0,A133,8,1,60.0,0.05044131726026535,0.0012416865210980177,0.06025315076112747,0.0008920250693336129,0.04653270170092583,0.00016911409329622984,0.07464414089918137,0.020189546048641205,0.05687893554568291,0.06354545801877975,25
MCF7,4.0,A133,8,1,60.0,0.055244024842977524,0.0008356478065252304,0.05771660432219505,0.0007303404854610562,0.04435892403125763,0.0002954307710751891,0.11728120595216751,0.0,0.05744077265262604,0.06535305082798004,26
MCF7,4.0,A133,8,1,60.0,0.061893828213214874,0.00057069375179708,0.062327124178409576,0.0005476829828694463,0.048728082329034805,0.00013756206317339092,0.08084782212972641,0.026758912950754166,0.058155354112386703,0.06407534331083298,27
MCF7,4.0,A133,8,1,60.0,0.07351461052894592,0.001133374753408134,0.07388433814048767,0.001111757243052125,0.054027147591114044,0.00032320525497198105,0.09587209671735764,0.0,0.06834196299314499,0.07693342864513397,28
MCF7,4.0,A133,8,1,60.0,0.05882161483168602,0.0004744045727420598,0.05932912230491638,0.00044838726171292365,0.0494207926094532,0.00013800006126984954,0.06953639537096024,0.02279667556285858,0.05922861024737358,0.06403850764036179,29
MCF7,4.0,A133,8,1,60.0,0.06076565384864807,0.0005651169922202826,0.06100676208734512,0.0005526500754058361,0.06330546736717224,5.8149184042122215e-05,0.08678243309259415,0.04498664662241936,0.06936203688383102,0.07301929593086243,30
MCF7,4.0,A133,9,1,60.0,0.08162190020084381,0.0005535983946174383,0.08185454457998276,0.0005361337098293006,0.08180257678031921,2.1993813788867556e-05,0.09392531216144562,0.07226374000310898,0.0855417251586914,0.08823966979980469,1
MCF7,4.0,A133,9,1,60.0,0.05968603119254112,0.0009387311874888837,0.07165201753377914,0.0002695432340260595,0.07540293037891388,1.154118581325747e-05,0.08579803258180618,0.06711438298225403,0.07811740785837173,0.07977477461099625,2
MCF7,4.0,A133,9,1,60.0,0.09905155003070831,0.0008358004270121455,0.09910175949335098,0.0008312481222674251,0.09650951623916626,3.401264621061273e-05,0.10836325585842133,0.0835585743188858,0.10142447799444199,0.10385548323392868,3
MCF7,4.0,A133,9,1,60.0,0.07890697568655014,0.0007792459800839424,0.08148816227912903,0.0005944009753875434,0.07910533994436264,3.2736119464971125e-05,0.0962001234292984,0.0631849616765976,0.08349847793579102,0.08543651551008224,4
MCF7,4.0,A133,9,1,60.0,0.11813238263130188,0.0012176047312095761,0.11824516206979752,0.0012054316466674209,0.11661295592784882,0.00016226492880377918,0.14745013415813446,0.08855760097503662,0.12690328061580658,0.13347424566745758,5
MCF7,4.0,A133,9,1,60.0,0.11800136417150497,0.0014284155331552029,0.1181522011756897,0.0014124196022748947,0.14358901977539062,0.001995386788621545,0.2357104867696762,0.07352045178413391,0.17615264654159546,0.21500273048877716,6
MCF7,4.0,A133,9,1,60.0,0.08161043375730515,0.0010164963314309716,0.08293288201093674,0.0009232940501533449,0.08096732944250107,4.218806861899793e-05,0.09238741546869278,0.07082774490118027,0.08679330348968506,0.08969184011220932,7
MCF7,4.0,A133,9,1,60.0,0.08894596993923187,0.0007670610793866217,0.08907324075698853,0.0007568221772089601,0.08994539827108383,8.974203956313431e-05,0.10888060182332993,0.06686964631080627,0.09748571366071701,0.10170512646436691,8
MCF7,4.0,A133,9,1,60.0,0.10369441658258438,0.0009368820465169847,0.10380109399557114,0.0009267717250622809,0.1130722388625145,0.0006928021321073174,0.1887979805469513,0.07584855705499649,0.13336609303951263,0.15239080786705017,9
MCF7,4.0,A133,9,1,60.0,0.089078389108181,0.0012734134215861559,0.0901726558804512,0.0011903834529221058,0.08108878880739212,0.0003416516992729157,0.12539778649806976,0.034591395407915115,0.0963595062494278,0.10461154580116272,10
MCF7,4.0,A133,9,1,60.0,0.10851558297872543,0.0013777029234915972,0.10855908691883087,0.0013735335087403655,0.08347609639167786,0.0001040006463881582,0.10814560949802399,0.05610482022166252,0.09176837652921677,0.09664951264858246,11
MCF7,4.0,A133,9,1,60.0,0.08641874045133591,0.000737465568818152,0.08654968440532684,0.0007272491347976029,0.07319187372922897,0.00025939667830243707,0.10590390861034393,0.03416842967271805,0.08610832691192627,0.09276417642831802,12
MCF7,4.0,A133,9,1,60.0,0.09114494919776917,0.001115643884986639,0.0912478119134903,0.0011075172806158662,0.07253283262252808,0.0005265552317723632,0.13027864694595337,0.018340276554226875,0.09161548316478729,0.10256039351224899,13
MCF7,4.0,A133,9,1,60.0,0.09613019973039627,0.0009086808422580361,0.09637908637523651,0.0008870460442267358,0.10823002457618713,0.00015531333338003606,0.14417405426502228,0.07381594181060791,0.11833593249320984,0.12390533089637756,14
MCF7,4.0,A133,9,1,60.0,0.09621599316596985,0.0008006785647012293,0.09683863073587418,0.0007455645245499909,0.11837762594223022,0.0008973193471319973,0.250114381313324,0.03131536394357681,0.14023806154727936,0.15359599888324738,15
MCF7,4.0,A133,9,1,60.0,0.04499714449048042,0.0018049192149192095,0.07248256355524063,0.0009151967824436724,0.062222495675086975,0.000364404811989516,0.1145988330245018,0.01067742332816124,0.07689512521028519,0.08623465150594711,16
MCF7,4.0,A133,9,1,60.0,0.09626007825136185,0.007144966162741184,0.13296426832675934,0.004989012610167265,0.09088799357414246,0.00015834013174753636,0.11625362187623978,0.06541385501623154,0.10088507831096649,0.10666957497596741,17
MCF7,4.0,A133,9,1,60.0,0.07946322113275528,0.001385569223202765,0.08097093552350998,0.0012897775741294026,0.07856842875480652,0.00020457386563066393,0.12277491390705109,0.051388777792453766,0.08986533433198929,0.09811518341302872,18
MCF7,4.0,A133,9,1,60.0,0.06513044238090515,0.0013606511056423187,0.07571462541818619,0.0007803899352438748,0.07070066779851913,0.00014125918096397072,0.09292221069335938,0.04225495830178261,0.08082900196313858,0.08597585558891296,19
MCF7,6.0,A199,0,2,70.0,0.0595402792096138,0.004205488134175539,0.09416383504867554,0.00339075387455523,0.0651097521185875,0.0012589262332767248,0.15209715068340302,0.0,0.0944112166762352,0.11248461157083511,1
MCF7,6.0,A199,0,2,70.0,0.050167109817266464,0.0007575445924885571,0.05285272002220154,0.0006561569171026349,0.04156474396586418,0.00013919029152020812,0.0673106461763382,0.009159318171441555,0.05100381001830101,0.05581778660416603,2
MCF7,6.0,A199,0,2,70.0,0.06648900359869003,0.0006492190877906978,0.06699934601783752,0.0006200093775987625,0.06445567309856415,0.00018769432790577412,0.0954325869679451,0.03560691326856613,0.07575318217277527,0.08291424810886383,3
MCF7,6.0,A199,0,2,70.0,0.08460629731416702,0.0023904014378786087,0.08837833255529404,0.002163607394322753,0.0766250267624855,0.0003792254428844899,0.1400189995765686,0.03159886598587036,0.09235610067844391,0.10336892306804657,4
MCF7,6.0,A199,0,2,70.0,0.04618951678276062,0.002892749384045601,0.06781148910522461,0.00278066867031157,0.030273504555225372,0.000598527432885021,0.12938615679740906,0.0,0.04900315776467323,0.06336647272109985,5
MCF7,6.0,A199,0,2,70.0,0.06327647715806961,0.006909685209393501,0.128837451338768,0.005622122902423143,0.06598711758852005,0.001453689532354474,0.20211760699748993,0.0,0.09528210014104843,0.1185898706316948,6
MCF7,6.0,A199,0,2,70.0,0.08747030049562454,0.004824059084057808,0.10367053002119064,0.004038028884679079,0.05862719938158989,0.0002599094295874238,0.1028846874833107,0.027197327464818954,0.07163587957620621,0.07982495427131653,7
MCF7,6.0,A199,0,2,70.0,0.08053653687238693,0.0015962821198627353,0.08188348263502121,0.001512686489149928,0.06172509491443634,0.0002706664090510458,0.11215606331825256,0.028538037091493607,0.07512017339468002,0.08233259618282318,8
MCF7,6.0,A199,0,2,70.0,0.07545305788516998,0.00815541110932827,0.1393047422170639,0.006162034813314676,0.06192633509635925,0.00073268759297207,0.16061198711395264,0.0032086391001939774,0.08282195776700974,0.09703101962804794,9
MCF7,6.0,A199,0,2,70.0,0.0512816496193409,0.005553793162107468,0.11551696807146072,0.005090195685625076,0.0742642804980278,0.0035574689973145723,0.3151869773864746,0.0,0.12237735837697983,0.1553477942943573,10
MCF7,6.0,A199,0,2,70.0,0.053509075194597244,0.0014546472812071443,0.05812869966030121,0.0013116990448907018,0.038493260741233826,0.0001827290398068726,0.06963322311639786,0.0,0.049665603786706924,0.055335380136966705,11
MCF7,6.0,A199,0,2,70.0,0.0625324696302414,0.0030939155258238316,0.08162159472703934,0.002480302471667528,0.05119433254003525,0.000820543325971812,0.11509530246257782,0.00505400262773037,0.07453499734401703,0.09518343210220337,12
MCF7,6.0,A199,0,2,70.0,0.02933039702475071,0.0019178465008735657,0.056964337825775146,0.0021506163757294416,0.017785008996725082,5.811999290017411e-05,0.034650951623916626,0.0065576969645917416,0.023502683266997337,0.029552314430475235,13
MCF7,6.0,A199,1,2,70.0,0.046234436333179474,0.0012033783132210374,0.054294999688863754,0.0009755283244885504,0.03695226460695267,0.00014683150220662355,0.05447264760732651,0.008864806964993477,0.047070037573575974,0.05154959484934807,1
MCF7,6.0,A199,1,2,70.0,0.03878488391637802,0.0006575000588782132,0.04400680959224701,0.0005162243614904583,0.0322456993162632,7.097817433532327e-05,0.05447204411029816,0.016439003869891167,0.03908916562795639,0.04346100240945816,2
MCF7,6.0,A199,1,2,70.0,0.041743822395801544,0.0006168746040202677,0.04426040127873421,0.0005426788702607155,0.03576233237981796,9.036681876750663e-05,0.05948527157306671,0.019511746242642403,0.043373577296733856,0.04920438304543495,3
MCF7,6.0,A199,1,2,70.0,0.05554639548063278,0.0010327997151762247,0.0578995905816555,0.0009403046569786966,0.038588374853134155,0.00010482867946848273,0.060909416526556015,0.01797170750796795,0.04706425219774246,0.05188262462615967,4
MCF7,6.0,A199,1,2,70.0,0.03875632584095001,0.0004315831756684929,0.04041701555252075,0.0003829561755992472,0.02598164975643158,5.422249887487851e-05,0.04468587040901184,0.0030877888202667236,0.03171757236123085,0.034667547792196274,5
MCF7,6.0,A199,1,2,70.0,0.021499846130609512,0.0004879593034274876,0.03186633065342903,0.00039289455162361264,0.022661514580249786,5.519237674889155e-05,0.04597128555178642,0.0011109416373074055,0.028477981686592102,0.031862471252679825,6
MCF7,6.0,A199,1,2,70.0,0.010633346624672413,0.0003734776983037591,0.0343683622777462,0.00039139497675932944,0.027879489585757256,6.808315083617344e-05,0.045671772211790085,0.013737997971475124,0.03451048955321312,0.03990340232849121,7
MCF7,6.0,A199,1,2,70.0,0.06706928461790085,0.0017903386615216732,0.07216878980398178,0.0015584395732730627,0.04320947080850601,0.0006659229984506965,0.12133104354143143,0.0,0.0633419081568718,0.07967674732208252,8
MCF7,6.0,A199,1,2,70.0,0.057389333844184875,0.0007576672360301018,0.058713868260383606,0.0006973854033276439,0.04847521334886551,5.594038884737529e-05,0.06566183269023895,0.027030499652028084,0.05451156571507454,0.057802964001894,9
MCF7,6.0,A199,1,2,70.0,0.03254297748208046,0.0030504653695970774,0.08766166120767593,0.0033853042405098677,0.0,0.0,0.0,0.0,0.0,0.0,10
MCF7,6.0,A199,1,2,70.0,0.05107121169567108,0.0029484182596206665,0.07626225799322128,0.00248160888440907,0.03799193352460861,0.0004390424001030624,0.06124701723456383,0.0,0.05552636459469795,0.05947465822100639,11
MCF7,6.0,A199,1,2,70.0,0.04392246529459953,0.0011377669870853424,0.050119612365961075,0.0009876990225166082,0.030956625938415527,0.00033373371115885675,0.08020930737257004,0.0,0.045754123479127884,0.05456672981381416,12
MCF7,6.0,A199,1,2,70.0,0.017381081357598305,0.0007470354903489351,0.036897212266922,0.0008657437283545732,0.011740181595087051,0.0002554514794610441,0.10362659394741058,0.0,0.023212289437651634,0.0346728190779686,13
MCF7,6.0,A199,10,2,70.0,0.034094974398612976,0.0006001836154609919,0.04220547527074814,0.00040064757922664285,0.046107273548841476,8.046375296544284e-05,0.06739576905965805,0.024839993566274643,0.05344776436686516,0.057633399963378906,1
MCF7,6.0,A199,10,2,70.0,0.03449368476867676,0.0008353968150913715,0.04183591157197952,0.0007060481002554297,0.0353403203189373,0.00014856400957796723,0.075795978307724,0.0,0.04494978487491608,0.050573550164699554,2
MCF7,6.0,A199,10,2,70.0,0.05411873012781143,0.0005403942777775228,0.05540743097662926,0.0004818589659407735,0.04864492639899254,6.258051871554926e-05,0.07135194540023804,0.028291156515479088,0.05490855500102043,0.05872603878378868,3
MCF7,6.0,A199,10,2,70.0,0.0545026995241642,0.004004219081252813,0.09260637313127518,0.003274987218901515,0.02024807035923004,0.00036505344905890524,0.06961574405431747,0.0,0.03684108331799507,0.04813176020979881,4
MCF7,6.0,A199,10,2,70.0,0.07540949434041977,0.0009373463108204305,0.07587363570928574,0.0009079001029022038,0.06481575220823288,0.00047406318481080234,0.14137397706508636,0.02156681753695011,0.08156047016382217,0.09417150914669037,5
MCF7,6.0,A199,10,2,70.0,0.07048548758029938,0.0013028481043875217,0.07285283505916595,0.0011741382768377662,0.05666041374206543,0.0006173612200655043,0.12025865167379379,0.0,0.07627012580633163,0.08800201863050461,6
MCF7,6.0,A199,10,2,70.0,0.034220676869153976,0.0006351243937388062,0.04092145338654518,0.00048528300249017775,0.028227688744664192,0.00018645048839971423,0.0628620833158493,0.0,0.03905022144317627,0.045271337032318115,7
MCF7,6.0,A199,10,2,70.0,0.07749278843402863,0.0013104394311085343,0.07905740290880203,0.001213203533552587,0.06492690742015839,0.00042222143383696675,0.11702132225036621,0.0,0.08040046691894531,0.08942653983831406,8
MCF7,6.0,A199,11,2,70.0,0.09002097696065903,0.0007671776111237705,0.09046696126461029,0.0007306314073503017,0.08334571868181229,4.858112879446708e-05,0.1032107025384903,0.06624942272901535,0.0891694724559784,0.09274298697710037,1
MCF7,6.0,A199,11,2,70.0,0.11108878254890442,0.0008334541926160455,0.11118134111166,0.0008238581358455122,0.11942582577466965,7.812735566403717e-05,0.13747233152389526,0.09314310550689697,0.12670207023620605,0.13047517836093903,2
MCF7,6.0,A199,11,2,70.0,0.13503985106945038,0.0030550153460353613,0.13839830458164215,0.0026661904994398355,0.11079027503728867,0.00022261292906478047,0.1599307358264923,0.07756766676902771,0.12272323668003082,0.1302567720413208,3
MCF7,6.0,A199,11,2,70.0,0.15236005187034607,0.0034664650447666645,0.1542438119649887,0.0032187635079026222,0.1233423501253128,0.00016768412024248391,0.1578391045331955,0.09235082566738129,0.13350549340248108,0.1389555037021637,4
MCF7,6.0,A199,11,2,70.0,0.10634472221136093,0.0029387944377958775,0.11110152304172516,0.0025417583528906107,0.09426964074373245,0.00035737306461669505,0.13542428612709045,0.05154614895582199,0.1096220463514328,0.11966758966445923,5
MCF7,6.0,A199,11,2,70.0,0.1264762133359909,0.0012238648487254977,0.12649160623550415,0.0012220669304952025,0.10460136830806732,0.00029696442652493715,0.1448971927165985,0.03933677822351456,0.11760268360376358,0.1245005801320076,6
MCF7,6.0,A199,11,2,70.0,0.09760463237762451,0.0036331608425825834,0.10798166692256927,0.0028988977428525686,0.08043593168258667,0.00024055794347077608,0.1179451048374176,0.04923619329929352,0.09330149739980698,0.1011962741613388,7
MCF7,6.0,A199,11,2,70.0,0.1250472515821457,0.0026248085778206587,0.12667812407016754,0.0024524442851543427,0.11007969081401825,0.0007554636686109006,0.1889205425977707,0.04930629953742027,0.1319597214460373,0.14698389172554016,8
MCF7,6.0,A199,12,2,70.0,0.059014614671468735,0.0008449971792288125,0.06080153211951256,0.0007619357202202082,0.05348307639360428,0.00010485914390301332,0.08460212498903275,0.029252272099256516,0.06180666387081146,0.06719990074634552,1
MCF7,6.0,A199,12,2,70.0,0.01676439866423607,0.000759752991143614,0.048684876412153244,0.0006523264455609024,0.035794928669929504,0.00035305035999044776,0.08005999028682709,0.0,0.05093277245759964,0.06018909811973572,2
MCF7,6.0,A199,12,2,70.0,0.01829126849770546,0.0009942972101271152,0.053419001400470734,0.001027321326546371,0.04982981085777283,0.0007884296937845647,0.147853285074234,0.0,0.071705162525177,0.08574189990758896,3
MCF7,6.0,A199,12,2,70.0,0.05449863150715828,0.0032363771460950375,0.07657680660486221,0.0028568038251250982,0.0359400250017643,0.0002951157803181559,0.0735919401049614,0.0013639250537380576,0.0503934845328331,0.05770202726125717,4
MCF7,6.0,A199,12,2,70.0,0.0386018231511116,0.0008325502276420593,0.048101816326379776,0.0005804758984595537,0.03609234839677811,5.2499053708743304e-05,0.04845185577869415,0.013526767492294312,0.04201193153858185,0.04458758234977722,5
MCF7,6.0,A199,12,2,70.0,0.09502474963665009,0.0015102081233635545,0.09521391987800598,0.0014952030032873154,0.0583186000585556,4.5975793909747154e-05,0.0690901055932045,0.04097496345639229,0.06406930088996887,0.06695940345525742,6
MCF7,6.0,A199,13,2,70.0,0.03198431059718132,0.00014844880206510425,0.03241240978240967,0.0001365601783618331,0.03784976154565811,3.159726475132629e-05,0.04941486194729805,0.025333264842629433,0.042400654405355453,0.04517052322626114,1
MCF7,6.0,A199,13,2,70.0,0.051909174770116806,0.00032342906342819333,0.05209016427397728,0.00031512926216237247,0.045778416097164154,2.2145526600070298e-05,0.05692568048834801,0.03300849720835686,0.049485091120004654,0.051793187856674194,2
MCF7,6.0,A199,13,2,70.0,0.09511401504278183,0.0006022823508828878,0.09512649476528168,0.0006011743098497391,0.0963214635848999,5.061807678430341e-05,0.11823579668998718,0.08106355369091034,0.1019173339009285,0.10527369379997253,3
MCF7,6.0,A199,14,2,70.0,0.0513865128159523,0.00041577211231924593,0.052175115793943405,0.00038100717938505113,0.05019056051969528,6.282956019276753e-05,0.0736875906586647,0.030432216823101044,0.05661996826529503,0.060628194361925125,1
MCF7,6.0,A199,14,2,70.0,0.04602660983800888,0.0008510083425790071,0.049464158713817596,0.000744531222153455,0.03483934327960014,6.967640365473926e-05,0.054342225193977356,0.01704801619052887,0.041755594313144684,0.045758411288261414,2
MCF7,6.0,A199,14,2,70.0,0.07178928703069687,0.0011098608374595642,0.07288490235805511,0.00104694499168545,0.0600564181804657,0.00027532430249266326,0.10016895830631256,0.012556715868413448,0.07307446748018265,0.08107931911945343,3
MCF7,6.0,A199,14,2,70.0,0.05668576434254646,0.0008387739071622491,0.057868778705596924,0.0007878191536292434,0.04482086002826691,0.0003289272717665881,0.08818341046571732,0.0,0.05980166420340538,0.06898020207881927,4
MCF7,6.0,A199,14,2,70.0,0.1000058501958847,0.004046643152832985,0.10718712210655212,0.0035674870014190674,0.06335490196943283,0.0005294320289976895,0.10585635900497437,8.62660385791969e-07,0.08110148459672928,0.0921727642416954,5
MCF7,6.0,A199,14,2,70.0,0.08468933403491974,0.001349034602753818,0.08569725602865219,0.0012787143932655454,0.06697111576795578,0.0006543760537169874,0.1390126347541809,0.0,0.08725833892822266,0.09760020673274994,6
MCF7,6.0,A199,14,2,70.0,0.09032617509365082,0.007326874881982803,0.13491547107696533,0.004927983973175287,0.08920273929834366,0.0027571069076657295,0.29589712619781494,0.0,0.1324266493320465,0.1567024439573288,7
MCF7,6.0,A199,14,2,70.0,0.07113949209451675,0.0015726686688140035,0.07346753031015396,0.001453098957426846,0.06216023862361908,0.00036170645034871995,0.10908211767673492,0.015347154811024666,0.07696115970611572,0.08702538162469864,8
MCF7,6.0,A199,14,2,70.0,0.029928011819720268,0.0009089402738027275,0.04555245861411095,0.0006717366049997509,0.04142965376377106,0.00018253557209391147,0.07384191453456879,0.011001626960933208,0.05244520306587219,0.05861526355147362,9
MCF7,6.0,A199,15,2,70.0,0.03408844769001007,0.0010657700477167964,0.04588330164551735,0.0008933477220125496,0.035729099065065384,0.0002738755429163575,0.07844401150941849,0.0,0.048868194222450256,0.05782856419682503,1
MCF7,6.0,A199,15,2,70.0,0.07710549980401993,0.004037338308990002,0.08996619284152985,0.003553712507709861,0.04427044466137886,0.0002506040909793228,0.07721521705389023,0.0004053086449857801,0.05611855909228325,0.06309381127357483,2
MCF7,6.0,A199,15,2,70.0,0.036642421036958694,0.001862041070125997,0.0591602548956871,0.001674158382229507,0.03472030162811279,0.0006410930072888732,0.12800675630569458,0.0,0.05481356754899025,0.06915397197008133,3
MCF7,6.0,A199,15,2,70.0,0.018969915807247162,0.0012182834325358272,0.05372581630945206,0.0015830828342586756,0.0265192948281765,0.0003413319936953485,0.09461216628551483,0.0,0.04131745547056198,0.0512576624751091,4
MCF7,6.0,A199,15,2,70.0,0.044792499393224716,0.0004163163248449564,0.04664775729179382,0.0003470161755103618,0.033019568771123886,8.122457802528515e-05,0.05326832830905914,0.0,0.039435479789972305,0.04250212013721466,5
MCF7,6.0,A199,15,2,70.0,0.03998929634690285,0.0035003512166440487,0.08293218165636063,0.003697888692840934,0.031373798847198486,0.0009563346975483,0.1282838135957718,0.0,0.05653728172183037,0.07644940912723541,6
MCF7,6.0,A199,15,2,70.0,0.04351246356964111,0.0017110443441197276,0.06068343669176102,0.0013442665804177523,0.0325334258377552,0.0001536703057354316,0.059527210891246796,0.00727366516366601,0.042922116816043854,0.04904818534851074,7
MCF7,6.0,A199,16,2,70.0,0.07396440207958221,0.0006317606312222779,0.07397859543561935,0.0006308314041234553,0.07650035619735718,0.0003189700946677476,0.11812800914049149,0.03138845041394234,0.09193380922079086,0.10048308968544006,1
MCF7,6.0,A199,16,2,70.0,0.1330118328332901,0.0007792139076627791,0.13306061923503876,0.0007730094366706908,0.13717146217823029,0.00015340032405219972,0.17841477692127228,0.10984766483306885,0.14623649418354034,0.15323176980018616,2
MCF7,6.0,A199,16,2,70.0,0.10150418430566788,0.0009788123425096273,0.10150418430566788,0.0009788123425096273,0.08191927522420883,6.671070877928287e-05,0.1026906967163086,0.0618080273270607,0.08840110152959824,0.09270389378070831,3
MCF7,6.0,A199,17,2,70.0,0.07806987315416336,0.0002880764950532466,0.07806987315416336,0.0002880764950532466,0.07067680358886719,0.00011660758900688961,0.10380702465772629,0.04196043685078621,0.07895549386739731,0.08514636754989624,1
MCF7,6.0,A199,17,2,70.0,0.07874585688114166,0.00030673693981952965,0.07874585688114166,0.00030673693981952965,0.0773778185248375,0.00013595503696706146,0.10766452550888062,0.04566282778978348,0.08688019216060638,0.0920325294137001,2
MCF7,6.0,A199,18,2,70.0,0.036427393555641174,0.004236540757119656,0.11678402870893478,0.004197721369564533,0.08965519815683365,0.004713228438049555,0.3223159611225128,0.0,0.14007073640823364,0.18586193025112152,1
MCF7,6.0,A199,18,2,70.0,0.036497216671705246,0.0007968131685629487,0.04535410553216934,0.0005884818965569139,0.04088490828871727,0.00018121744506061077,0.06914930045604706,0.0,0.051706165075302124,0.05645911768078804,2
MCF7,6.0,A199,18,2,70.0,0.04551463946700096,0.0005831148591823876,0.04814685881137848,0.0004901046631857753,0.03586301952600479,8.57188060763292e-05,0.05638729780912399,0.006573166232556105,0.04327646642923355,0.04735710099339485,3
MCF7,6.0,A199,18,2,70.0,0.07241472601890564,0.004412813112139702,0.09801436960697174,0.0034636736381798983,0.07664163410663605,0.0007294126553460956,0.13643476366996765,0.019826969131827354,0.09923670440912247,0.11275763064622879,4
MCF7,6.0,A199,18,2,70.0,0.0346313938498497,0.00026740043540485203,0.03536021336913109,0.00024725665571168065,0.023971423506736755,8.144183811964467e-05,0.05426565930247307,0.006975782103836536,0.031143277883529663,0.03625594079494476,5
MCF7,6.0,A199,18,2,70.0,0.03287389129400253,0.00041615290683694184,0.03868000954389572,0.00026507239090278745,0.02804945409297943,0.00011189541692147031,0.06153338402509689,0.0,0.03646576777100563,0.041523728519678116,6
MCF7,6.0,A199,19,2,70.0,0.07407251000404358,0.0013763823080807924,0.07678549736738205,0.0012184757506474853,0.08223285526037216,0.0004728589265141636,0.13555075228214264,0.027574114501476288,0.09928958863019943,0.1106480285525322,1
MCF7,6.0,A199,19,2,70.0,0.07544656097888947,0.0007629939937032759,0.0759349912405014,0.0007308450294658542,0.07572925835847855,4.273614104022272e-05,0.09062107652425766,0.062480006366968155,0.08122580498456955,0.08418034762144089,2
MCF7,6.0,A199,19,2,70.0,0.015593145973980427,0.0005157480482012033,0.03971398249268532,0.00035561766708269715,0.03582646697759628,0.00011901534162461758,0.0714300125837326,0.010392377153038979,0.04445936530828476,0.049746133387088776,3
MCF7,6.0,A199,19,2,70.0,0.05910100042819977,0.0005029419553466141,0.05931561067700386,0.0004920386709272861,0.054326899349689484,0.00010825956996995956,0.08977168798446655,0.022822152823209763,0.062458787113428116,0.06674887984991074,4
MCF7,6.0,A199,19,2,70.0,0.05663032829761505,0.0024429932236671448,0.07071461528539658,0.0020546154119074345,0.041360560804605484,0.0007571489550173283,0.11672279983758926,0.0,0.06390603631734848,0.07732675969600677,5
MCF7,6.0,A199,19,2,70.0,0.04142030328512192,0.00048617154243402183,0.04250825196504593,0.0004526945704128593,0.022846734151244164,0.00013280911662150174,0.06144845113158226,0.0,0.03205427527427673,0.03747333958745003,6
MCF7,6.0,A199,2,2,70.0,0.0456218384206295,0.0006813572836108506,0.04753383249044418,0.0006190284038893878,0.03813093155622482,5.503065403900109e-05,0.05302003398537636,0.017138147726655006,0.04336724802851677,0.04619352146983147,1
MCF7,6.0,A199,2,2,70.0,0.055395614355802536,0.0011629664804786444,0.058615703135728836,0.0010418209712952375,0.04179690033197403,0.00028562560328282416,0.07790035754442215,0.011476502753794193,0.054931096732616425,0.06368647515773773,2
MCF7,6.0,A199,2,2,70.0,0.045045141130685806,0.000281731627183035,0.04552057012915611,0.0002630632952786982,0.04552275314927101,0.00010628066956996918,0.07139419764280319,0.021204713732004166,0.054011452943086624,0.05901627242565155,3
MCF7,6.0,A199,2,2,70.0,0.042915571480989456,0.00029368410469032824,0.04372821003198624,0.0002637100697029382,0.03800283372402191,8.894260099623352e-05,0.06393206864595413,0.01664840430021286,0.04546738043427467,0.04994162544608116,4
MCF7,6.0,A199,2,2,70.0,0.11132572591304779,0.0010132438037544489,0.11139415204524994,0.0010062444489449263,0.10109833627939224,0.0005716190789826214,0.1624578833580017,0.025657812133431435,0.11989413946866989,0.12760195136070251,5
MCF7,6.0,A199,2,2,70.0,0.041491035372018814,0.0005094779771752656,0.045086197555065155,0.0003915313573088497,0.035692598670721054,7.963243842823431e-05,0.04990676790475845,0.015991125255823135,0.042782023549079895,0.046289119869470596,6
MCF7,6.0,A199,2,2,70.0,0.08576545864343643,0.000811561185400933,0.08582846075296402,0.0008067504386417568,0.09552131593227386,0.0007440167246386409,0.1697653830051422,0.018263131380081177,0.11799290776252747,0.12890787422657013,7
MCF7,6.0,A199,2,2,70.0,0.0859123170375824,0.005071516148746014,0.10797260701656342,0.003991857636719942,0.07476712763309479,0.0005433125188574195,0.12060656398534775,0.014558270573616028,0.09342163056135178,0.10480009019374847,8
MCF7,6.0,A199,2,2,70.0,0.04084935039281845,0.003634472144767642,0.08892427384853363,0.0036367946304380894,0.03883453831076622,0.0012501751771196723,0.12177646905183792,0.0,0.06896019726991653,0.09056153148412704,9
MCF7,6.0,A199,3,2,70.0,0.042052142322063446,0.0009566816734150052,0.05025371164083481,0.0007311070221476257,0.048917606472969055,0.0005516863311640918,0.10396929085254669,0.0,0.06891138851642609,0.07736974954605103,1
MCF7,6.0,A199,3,2,70.0,0.06251254677772522,0.0025031678378582,0.07431679219007492,0.0020985875744372606,0.05492500588297844,0.0009473024983890355,0.13026219606399536,0.0,0.07944775372743607,0.09300826489925385,2
MCF7,6.0,A199,3,2,70.0,0.020432673394680023,0.0004407410742715001,0.03314666822552681,0.0002935605007223785,0.024200499057769775,5.7264209317509085e-05,0.044839296489953995,0.0,0.03012651577591896,0.03304486349225044,3
MCF7,6.0,A199,3,2,70.0,0.05328274518251419,0.0009705348638817668,0.05643507465720177,0.0008500523399561644,0.04558661952614784,0.00040148437255993485,0.10996054112911224,0.0,0.06177762523293495,0.07052642852067947,4
MCF7,6.0,A199,3,2,70.0,0.04697524011135101,0.000632388808298856,0.047535549849271774,0.0006132969865575433,0.0317518375813961,3.9493424992542714e-05,0.049882471561431885,0.016941944137215614,0.03685024753212929,0.039353203028440475,5
MCF7,6.0,A199,3,2,70.0,0.05679592862725258,0.0007164888083934784,0.05722825974225998,0.0006972014089114964,0.03581836819648743,5.583036909229122e-05,0.05718252807855606,0.015121315605938435,0.041550617665052414,0.04510986804962158,6
MCF7,6.0,A199,3,2,70.0,0.053481437265872955,0.0007005541119724512,0.054607171565294266,0.0006538272136822343,0.038863178342580795,6.450401997426525e-05,0.055235445499420166,0.016922196373343468,0.045195307582616806,0.0487179160118103,7
MCF7,6.0,A199,3,2,70.0,0.10232686996459961,0.0025267822202295065,0.10388880968093872,0.0024030825588852167,0.08980599045753479,0.001326478668488562,0.18893475830554962,0.008897203020751476,0.11893387883901596,0.1383310854434967,8
MCF7,6.0,A199,3,2,70.0,0.06818914413452148,0.0005567888729274273,0.0683927834033966,0.0005445246933959424,0.04364553466439247,0.00011784458183683455,0.0737450048327446,0.0118328258395195,0.052234161645174026,0.057345274835824966,9
MCF7,6.0,A199,3,2,70.0,0.05559858679771423,0.0021512345410883427,0.06677956134080887,0.0018371910555288196,0.03585105389356613,0.0012100879102945328,0.12163519859313965,0.0,0.065520279109478,0.0852990597486496,10
MCF7,6.0,A199,3,2,70.0,0.05358985811471939,0.002772218780592084,0.07265318930149078,0.002373358467593789,0.04774044081568718,0.0007455880986526608,0.1155029758810997,0.0,0.07003286480903625,0.08311547338962555,11
MCF7,6.0,A199,4,2,70.0,0.040936924517154694,0.0021962374448776245,0.061839647591114044,0.0020250368397682905,0.035863980650901794,0.000609630427788943,0.14173848927021027,0.0,0.054993998259305954,0.0684138834476471,1
MCF7,6.0,A199,4,2,70.0,0.05211203172802925,0.0020493746269494295,0.06688117980957031,0.0016424127388745546,0.05215749889612198,0.00014014579937793314,0.08018200844526291,0.018618829548358917,0.061372607946395874,0.06730810552835464,2
MCF7,6.0,A199,4,2,70.0,0.024193573743104935,0.0005549009656533599,0.038441628217697144,0.00033397439983673394,0.030996380373835564,2.3169628548203036e-05,0.04323853179812431,0.024615371599793434,0.03493533656001091,0.03785683959722519,3
MCF7,6.0,A199,4,2,70.0,0.03653867915272713,0.0011260778410360217,0.04658598452806473,0.0009676599875092506,0.025339417159557343,0.0001516714837634936,0.05092618986964226,0.0,0.0355975404381752,0.04115260764956474,4
MCF7,6.0,A199,4,2,70.0,0.02925257757306099,0.001567103317938745,0.05740250647068024,0.0014592591905966401,0.04159260541200638,0.0002310948184458539,0.08552837371826172,0.0071889059618115425,0.05313031002879143,0.06024989113211632,5
MCF7,6.0,A199,4,2,70.0,0.03693894296884537,0.001084839808754623,0.045951079577207565,0.0009353948407806456,0.03268023580312729,0.00012515428534243256,0.05187410116195679,0.004224950447678566,0.04187662899494171,0.04486681893467903,6
MCF7,6.0,A199,4,2,70.0,0.04652568697929382,0.002551210578531027,0.06992436200380325,0.002198126632720232,0.03838205337524414,0.000520103785675019,0.09691914170980453,0.0,0.05665642023086548,0.06822206825017929,7
MCF7,6.0,A199,4,2,70.0,0.06083204597234726,0.002951141679659486,0.07411660999059677,0.002611008007079363,0.030592316761612892,0.00023262674221768975,0.07725292444229126,0.0,0.041980937123298645,0.04979836568236351,8
MCF7,6.0,A199,4,2,70.0,0.04120417311787605,0.0004654234217014164,0.04210028797388077,0.0004378189332783222,0.030907493084669113,6.91828754497692e-05,0.05547092854976654,0.008254365995526314,0.037617553025484085,0.04161329194903374,9
MCF7,6.0,A199,4,2,70.0,0.0600016713142395,0.0008602323941886425,0.06098327785730362,0.0008144441526383162,0.04219059646129608,0.00013564631808549166,0.07963322103023529,0.009867378510534763,0.05106430500745773,0.056192200630903244,10
MCF7,6.0,A199,4,2,70.0,0.04767230153083801,0.0005539805861189961,0.04839069023728371,0.0005275652511045337,0.027090350165963173,5.636404239339754e-05,0.04157152399420738,0.011927180923521519,0.03345282003283501,0.03798313066363335,11
MCF7,6.0,A199,4,2,70.0,0.05313549190759659,0.001048689940944314,0.056903429329395294,0.0009086458594538271,0.04354539513587952,0.00014728035603184253,0.07075558602809906,0.020749200135469437,0.05327935889363289,0.06034011021256447,12
MCF7,6.0,A199,4,2,70.0,0.054529957473278046,0.0011009469162672758,0.0578869953751564,0.000974395836237818,0.04220854863524437,0.00044685808825306594,0.10802828520536423,0.0,0.05857415124773979,0.07007546722888947,13
MCF7,6.0,A199,4,2,70.0,0.025580424815416336,0.0015704091638326645,0.05407365411520004,0.00177890551276505,0.02055548131465912,0.00040976027958095074,0.07242444157600403,0.0,0.037243638187646866,0.04976896569132805,14
MCF7,6.0,A199,5,2,70.0,0.04789244756102562,0.0001737751590553671,0.0479196235537529,0.0001725714246276766,0.04215323552489281,5.3396335715660825e-05,0.05646895617246628,0.02502771094441414,0.04821033775806427,0.051633551716804504,1
MCF7,6.0,A199,5,2,70.0,0.05411498621106148,0.00034687493462115526,0.054369453340768814,0.000334670563461259,0.05038275942206383,7.210285548353568e-05,0.06884917616844177,0.03194548934698105,0.057442303746938705,0.06172710284590721,2
MCF7,6.0,A199,5,2,70.0,0.016023041680455208,0.0003373431973159313,0.03132934495806694,0.00018005991296377033,0.027827756479382515,2.8943923098267987e-05,0.046334851533174515,0.017779897898435593,0.03168583661317825,0.035103194415569305,3
MCF7,6.0,A199,5,2,70.0,0.07042299956083298,0.0005595420370809734,0.07053901255130768,0.0005522800493054092,0.06807194650173187,0.00021348896552808583,0.11113157123327255,0.028138166293501854,0.07946162670850754,0.08696963638067245,4
MCF7,6.0,A199,5,2,70.0,0.02750973030924797,0.0004047245893161744,0.036508962512016296,0.00020856923947576433,0.03245289996266365,7.484816887881607e-05,0.060595590621232986,0.007395932450890541,0.039397791028022766,0.04382862150669098,5
MCF7,6.0,A199,5,2,70.0,0.03497892618179321,0.0003189975395798683,0.03973802551627159,0.00017328192188870162,0.034664034843444824,7.194507634267211e-05,0.05972643941640854,0.005634342785924673,0.04138273373246193,0.045731283724308014,6
MCF7,6.0,A199,5,2,70.0,0.05128522962331772,0.00041130746831186116,0.05181955546140671,0.0003879041178151965,0.04320254176855087,9.578658500686288e-05,0.0749320462346077,0.01813625730574131,0.05089685320854187,0.05574500560760498,7
MCF7,6.0,A199,5,2,70.0,0.04993314668536186,0.0009697892237454653,0.05305488407611847,0.0008647956419736147,0.035375598818063736,0.00025952706346288323,0.09043127298355103,0.0,0.048379965126514435,0.05621523782610893,8
MCF7,6.0,A199,5,2,70.0,0.04252353310585022,0.0006576991290785372,0.045705646276474,0.0005614754627458751,0.03311295062303543,0.00013450409460347146,0.056736625730991364,0.008166709914803505,0.04310042783617973,0.04770228639245033,9
MCF7,6.0,A199,5,2,70.0,0.06913463026285172,0.0007784520857967436,0.06928520649671555,0.0007697148248553276,0.06721082329750061,6.257032509893179e-05,0.08683593571186066,0.04146280139684677,0.07348862290382385,0.07717835903167725,10
MCF7,6.0,A199,6,2,70.0,0.06966559588909149,0.0017752223648130894,0.07284598052501678,0.001624586875550449,0.042591944336891174,0.00040402100421488285,0.10064086318016052,0.008991256356239319,0.05817454308271408,0.07038437575101852,1
MCF7,6.0,A199,6,2,70.0,0.15632833540439606,0.012914895080029964,0.20485827326774597,0.006982383783906698,0.23705452680587769,0.0009228835697285831,0.3250555396080017,0.18717963993549347,0.2624896764755249,0.2778516709804535,2
MCF7,6.0,A199,6,2,70.0,0.042871031910181046,0.0003365681041032076,0.04708531126379967,0.00017122222925536335,0.039357297122478485,2.342823427170515e-05,0.05139409005641937,0.02874932438135147,0.04338030144572258,0.045593779534101486,3
MCF7,6.0,A199,6,2,70.0,0.1511789858341217,0.00770152173936367,0.16758763790130615,0.00578754348680377,0.14179937541484833,0.006350475363433361,0.35263702273368835,0.0,0.2067444771528244,0.25269031524658203,4
MCF7,6.0,A199,6,2,70.0,0.07183203101158142,0.0003982318448834121,0.07184066623449326,0.0003976591397076845,0.06976760178804398,0.0002071220224024728,0.10432170331478119,0.03019789233803749,0.08136992156505585,0.08773060142993927,5
MCF7,6.0,A199,6,2,70.0,0.015779750421643257,0.0005692702834494412,0.04756094887852669,0.00020426485571078956,0.03982283174991608,2.8848604415543377e-05,0.05150579288601875,0.026791714131832123,0.04401474446058273,0.04661829024553299,6
MCF7,6.0,A199,6,2,70.0,0.08766467124223709,0.0033506383188068867,0.09842152148485184,0.002703071106225252,0.08177737146615982,0.0010890555568039417,0.18562525510787964,0.0,0.10732528567314148,0.1245298683643341,7
MCF7,6.0,A199,6,2,70.0,0.07812890410423279,0.0010543792741373181,0.07858095318078995,0.0010249570477753878,0.0678362026810646,0.00017362968355882913,0.09466157108545303,0.03402528166770935,0.0779048278927803,0.08312609791755676,8
MCF7,6.0,A199,6,2,70.0,0.06649357080459595,0.0006635388708673418,0.0670391321182251,0.0006324088899418712,0.05802702531218529,0.0001704867900116369,0.0975157842040062,0.023741409182548523,0.06850247085094452,0.0746159479022026,9
MCF7,6.0,A199,6,2,70.0,0.0553714744746685,0.003410628531128168,0.08916418254375458,0.002479005604982376,0.06136079505085945,0.0004044306988362223,0.09011269360780716,0.008858478628098965,0.0775214359164238,0.0853642150759697,10
MCF7,6.0,A199,6,2,70.0,0.08855626732110977,0.0014804049860686064,0.09054946154356003,0.0013332435628399253,0.08032641559839249,5.338623668649234e-05,0.09282458573579788,0.05813349038362503,0.08629375696182251,0.08876515924930573,11
MCF7,6.0,A199,6,2,70.0,0.053105492144823074,0.004372559487819672,0.10452311486005783,0.003231812734156847,0.07025962322950363,0.00013873199350200593,0.09805204719305038,0.04378953576087952,0.08030891418457031,0.08568941056728363,12
MCF7,6.0,A199,6,2,70.0,0.04912296682596207,0.0010776950512081385,0.05742672458291054,0.000783011200837791,0.04668690264225006,0.000203262286959216,0.07465878874063492,0.015060709789395332,0.05774201825261116,0.06482473015785217,13
MCF7,6.0,A199,6,2,70.0,0.07128315418958664,0.0010559371439740062,0.07235027104616165,0.0009945386555045843,0.06010604277253151,8.791642176220194e-05,0.08233143389225006,0.036793436855077744,0.06749259680509567,0.07123813033103943,14
MCF7,6.0,A199,6,2,70.0,0.057404085993766785,0.0007017288007773459,0.05890083312988281,0.0006318661035038531,0.04520062729716301,0.0003321216790936887,0.08826232701539993,0.007564948871731758,0.05948039889335632,0.07003474980592728,15
MCF7,6.0,A199,6,2,70.0,0.05701427906751633,0.00034522823989391327,0.057047292590141296,0.0003435448161326349,0.04836833104491234,4.8504000005777925e-05,0.06721155345439911,0.03160131722688675,0.05395403131842613,0.05746348574757576,16
MCF7,6.0,A199,6,2,70.0,0.06650634855031967,0.0003940169990528375,0.06653030961751938,0.00039256532909348607,0.06417300552129745,2.9840199204045348e-05,0.07164845615625381,0.04363763704895973,0.06835035234689713,0.07001855224370956,17
MCF7,6.0,A199,6,2,70.0,0.08361384272575378,0.001092243124730885,0.084040068089962,0.0010619907407090068,0.08926369249820709,0.0001001509590423666,0.1141466423869133,0.068128801882267,0.09776481986045837,0.10235834121704102,18
MCF7,6.0,A199,6,2,70.0,0.07581561803817749,0.0040229372680187225,0.0967642143368721,0.0031074397265911102,0.0601656436920166,0.00021643281797878444,0.08935501426458359,0.02324531227350235,0.07205624878406525,0.0801580473780632,19
MCF7,6.0,A199,6,2,70.0,0.06876398622989655,0.011150579899549484,0.19847838580608368,0.006439206190407276,0.2060186117887497,0.003031786996871233,0.33514368534088135,0.09501951187849045,0.2508164346218109,0.28087106347084045,20
MCF7,6.0,A199,7,2,70.0,0.08322832733392715,0.0006726844003424048,0.08345679938793182,0.0006554633728228509,0.08994234353303909,0.000452633248642087,0.14034368097782135,0.04068101570010185,0.10776542127132416,0.11700835078954697,1
MCF7,6.0,A199,7,2,70.0,0.02623869851231575,0.0007192016928456724,0.04178360104560852,0.0004957648343406618,0.028021957725286484,3.742383705684915e-05,0.044574152678251266,0.014254679903388023,0.03295256942510605,0.03603491187095642,2
MCF7,6.0,A199,7,2,70.0,0.06266364455223083,0.0011720695765689015,0.06500467658042908,0.0010636785300448537,0.05668054521083832,0.0001042625299305655,0.08263669162988663,0.021365461871027946,0.06466273218393326,0.06976500153541565,3
MCF7,6.0,A199,7,2,70.0,0.08261936902999878,0.002683222061023116,0.08708017319440842,0.0024396474473178387,0.04777583107352257,5.079360926174559e-05,0.06667404621839523,0.03164490684866905,0.053298719227313995,0.05717426910996437,4
MCF7,6.0,A199,7,2,70.0,0.08253379166126251,0.001518151257187128,0.08324940502643585,0.0014717401936650276,0.05796019360423088,0.0004012455465272069,0.10833729058504105,0.008838078007102013,0.07405310869216919,0.08497785031795502,5
MCF7,6.0,A199,7,2,70.0,0.03405994921922684,0.0011948389001190662,0.05010778084397316,0.0009536832803860307,0.04518580436706543,0.0003417235566303134,0.09208045899868011,0.0037379220593720675,0.0604383684694767,0.06833905726671219,6
MCF7,6.0,A199,7,2,70.0,0.04383835569024086,0.0006741182296536863,0.04657562077045441,0.0005887204315513372,0.03507312014698982,5.623319884762168e-05,0.05431167036294937,0.00523042120039463,0.04054152965545654,0.04360910505056381,7
MCF7,6.0,A199,7,2,70.0,0.019307076930999756,0.0007890769629739225,0.0457933209836483,0.0006586721283383667,0.030613668262958527,0.00025986559921875596,0.07909642904996872,0.0,0.04357330501079559,0.051201798021793365,8
MCF7,6.0,A199,7,2,70.0,0.04774942249059677,0.002798499772325158,0.06980115920305252,0.0025516715832054615,0.03681002929806709,0.0002887209120672196,0.07312431186437607,0.0,0.0500546358525753,0.05859469622373581,9
MCF7,6.0,A199,8,2,70.0,0.025013254955410957,0.002022575354203582,0.0737898126244545,0.0023674415424466133,0.0442131869494915,0.0008517347741872072,0.13995172083377838,0.0,0.06767762452363968,0.08120352774858475,1
MCF7,6.0,A199,8,2,70.0,0.0381585955619812,0.002821376547217369,0.07896284759044647,0.0026163479778915644,0.053218018263578415,0.001068614306859672,0.12981173396110535,0.0,0.0805964320898056,0.09585113823413849,2
MCF7,6.0,A199,8,2,70.0,0.036810874938964844,0.0032629019115120173,0.08942902833223343,0.003221364924684167,0.044178757816553116,0.0014707879163324833,0.13230571150779724,0.0,0.07742191851139069,0.0994589775800705,3
MCF7,6.0,A199,8,2,70.0,0.055610716342926025,0.004937498364597559,0.10359396040439606,0.004227003548294306,0.04503506422042847,0.0012571406550705433,0.15263968706130981,0.0,0.07407709956169128,0.09232424199581146,4
MCF7,6.0,A199,8,2,70.0,0.06777097284793854,0.0016674738144502044,0.07191403955221176,0.0014714680146425962,0.0,0.0,0.0,0.0,0.0,0.0,5
MCF7,6.0,A199,8,2,70.0,0.02181098610162735,0.0004167993611190468,0.036404453217983246,0.0001644075382500887,0.0359397791326046,8.376727055292577e-05,0.062438178807497025,0.013905522413551807,0.043285731226205826,0.048080019652843475,6
MCF7,6.0,A199,8,2,70.0,0.04823624715209007,0.001718320301733911,0.059104058891534805,0.0014631330268457532,0.03357016295194626,0.00033163107582367957,0.07054594904184341,0.0,0.04936240240931511,0.05584132671356201,7
MCF7,6.0,A199,8,2,70.0,0.06183808296918869,0.001283898251131177,0.06291482597589493,0.0012385111767798662,0.03671564161777496,0.00010487809049664065,0.06370443850755692,0.0,0.044665589928627014,0.048700787127017975,8
MCF7,6.0,A199,8,2,70.0,0.12007402628660202,0.0021675473544746637,0.12070250511169434,0.002103033708408475,0.10384510457515717,0.0003312082262709737,0.1440812051296234,0.06435148417949677,0.11869911104440689,0.12648694217205048,9
MCF7,6.0,A199,8,2,70.0,0.05707600712776184,0.001935991458594799,0.06214103102684021,0.001793048926629126,0.031053608283400536,8.504880679538473e-05,0.05489411577582359,0.005622306372970343,0.03851187229156494,0.043125905096530914,10
MCF7,6.0,A199,8,2,70.0,0.04273015633225441,0.0008587627089582384,0.04652257263660431,0.0007585474522784352,0.027549564838409424,0.00021564491908065975,0.06815134733915329,0.0,0.03930727392435074,0.04704408720135689,11
MCF7,6.0,A199,8,2,70.0,0.09598277509212494,0.004021441098302603,0.10823424905538559,0.0032087177969515324,0.1135195940732956,0.0005631757085211575,0.17015033960342407,0.07001099735498428,0.13251380622386932,0.14758822321891785,12
MCF7,6.0,A199,9,2,70.0,0.04850460961461067,0.00039888560422696173,0.050579965114593506,0.00031098115141503513,0.03924226388335228,4.6863780880812556e-05,0.06387262046337128,0.02136838249862194,0.04476543888449669,0.047944266349077225,1
MCF7,6.0,A199,9,2,70.0,0.07890873402357101,0.0018696251790970564,0.08088415116071701,0.0017566494643688202,0.06261187791824341,0.00030857117963023484,0.10649610310792923,0.03152500465512276,0.07709700614213943,0.08638722449541092,2
MCF7,6.0,A199,9,2,70.0,0.09846112877130508,0.010414731688797474,0.1696038395166397,0.005873781628906727,0.16343344748020172,0.005556084215641022,0.4763960540294647,0.019763968884944916,0.2227620929479599,0.2631465792655945,3
MCF7,6.0,A199,9,2,70.0,0.01913505606353283,0.0006657042540609837,0.04927026852965355,0.00022933146101422608,0.04269317537546158,8.413488831138238e-05,0.06492109596729279,0.020217377692461014,0.050178151577711105,0.05467826873064041,4
MCF7,6.0,A199,9,2,70.0,0.058223966509103775,0.006660897750407457,0.13687071204185486,0.004893749486654997,0.10715015977621078,0.004331906791776419,0.29141536355018616,0.0,0.15790578722953796,0.19805879890918732,5
MCF7,6.0,A199,9,2,70.0,0.08424299955368042,0.0035984860733151436,0.09613265842199326,0.0029633755329996347,0.06222911551594734,0.001701989909633994,0.1726289540529251,0.0,0.09516870975494385,0.11886302381753922,6
MCF7,6.0,A199,9,2,70.0,0.07626912742853165,0.0005439872620627284,0.07630357891321182,0.0005416048807092011,0.06689314544200897,6.241395749384537e-05,0.08540098369121552,0.04702742025256157,0.07297621667385101,0.07714973390102386,7
MCF7,6.0,A199,9,2,70.0,0.07042504101991653,0.000339862541295588,0.07045438885688782,0.00033793592592701316,0.06557909399271011,0.0001770557282725349,0.10267315059900284,0.029947759583592415,0.07633782923221588,0.08275691419839859,8
MCF7,6.0,A199,9,2,70.0,0.027201928198337555,0.002223396673798561,0.07917431741952896,0.002356572076678276,0.05670159310102463,0.0010328192729502916,0.17032112181186676,0.0,0.08082664012908936,0.09909799695014954,9
MCF7,6.0,A199,9,2,70.0,0.04796320199966431,0.0003489278897177428,0.04877982661128044,0.0003150338598061353,0.033979590982198715,9.34302806854248e-05,0.05909240245819092,0.01206023246049881,0.04164830595254898,0.046845462173223495,10
MCF7,6.0,A199,9,2,70.0,0.029247021302580833,0.0006878449348732829,0.048436567187309265,0.000209677848033607,0.044981639832258224,6.504250632133335e-05,0.06369224935770035,0.026035785675048828,0.05159349367022514,0.055324915796518326,11
MCF7,6.0,A199,9,2,70.0,0.054994646459817886,0.0012610553530976176,0.06067393720149994,0.0010466991225257516,0.04527999460697174,0.00028226166614331305,0.08950579166412354,0.0,0.05857066810131073,0.06640033423900604,12
MCF7,6.0,control,0,3,0.0,0.02428637631237507,0.00016434030840173364,0.02518353797495365,0.00014781752543058246,0.02409774623811245,7.0744106778875e-05,0.050745680928230286,0.0,0.03084128350019455,0.034545909613370895,1
MCF7,6.0,control,0,3,0.0,0.011434990912675858,0.00013739908172283322,0.01599401794373989,0.00011926169827347621,0.007608476560562849,5.799516293336637e-05,0.03554736077785492,0.0,0.013679110445082188,0.018383609130978584,2
MCF7,6.0,control,0,3,0.0,0.036344412714242935,0.0005058764945715666,0.038606319576501846,0.00045003590639680624,0.03160029649734497,8.375285688089207e-05,0.05642778053879738,0.01649663969874382,0.03892906755208969,0.04471110180020332,3
MCF7,6.0,control,0,3,0.0,0.010918516665697098,0.0001365019561490044,0.016528423875570297,0.00011391339648980647,0.009171910583972931,3.706580901052803e-05,0.024539778009057045,0.0,0.013916962780058384,0.017755625769495964,4
MCF7,6.0,control,0,3,0.0,0.017778586596250534,0.00016143734683282673,0.019795961678028107,0.00013982015661895275,0.011242063716053963,5.201420935918577e-05,0.03358808904886246,0.0,0.01712777465581894,0.020725978538393974,5
MCF7,6.0,control,0,3,0.0,0.016961513087153435,0.0002835875784512609,0.021986233070492744,0.00025712355272844434,0.014188925735652447,0.00019428579253144562,0.07476230710744858,0.0,0.0253010131418705,0.03407777473330498,6
MCF7,6.0,control,0,3,0.0,0.01932957023382187,0.0002466338046360761,0.02237764187157154,0.00021731674496550113,0.012128526344895363,9.745069110067561e-05,0.03849896043539047,0.0,0.020371360704302788,0.02592432126402855,7
MCF7,6.0,control,0,3,0.0,0.005409081932157278,9.415808017365634e-05,0.014919780194759369,0.00011781712964875624,0.006969552952796221,4.4248808990232646e-05,0.02746323123574257,0.0,0.012475889176130295,0.01646362617611885,8
MCF7,6.0,control,0,3,0.0,0.04798547178506851,0.0007322223391383886,0.04901820048689842,0.0006973582785576582,0.03639061748981476,0.0004059144121129066,0.07966362684965134,0.002865805057808757,0.05392953008413315,0.06441359966993332,9
MCF7,6.0,control,1,3,0.0,0.026158493012189865,0.00028752366779372096,0.027764271944761276,0.00026059045922011137,0.028594281524419785,3.334772918606177e-05,0.04483870044350624,0.012304452247917652,0.03322704881429672,0.03579029440879822,1
MCF7,6.0,control,1,3,0.0,0.04630532115697861,0.0017504101851955056,0.053019728511571884,0.0016482289647683501,0.025604648515582085,0.00023857589985709637,0.07210317999124527,0.0,0.03801656886935234,0.04574967175722122,2
MCF7,6.0,control,1,3,0.0,0.02090039663016796,0.0007773085380904377,0.036012984812259674,0.0007951127481646836,0.01028148178011179,0.0002436526119709015,0.06869909167289734,0.0,0.020559316501021385,0.03357870876789093,3
MCF7,6.0,control,1,3,0.0,0.013167873956263065,0.0002208023943239823,0.019939633086323738,0.00019932661962229759,0.012794638983905315,7.424627983709797e-05,0.033950794488191605,0.0,0.020226579159498215,0.024482404813170433,4
MCF7,6.0,control,1,3,0.0,0.01336411852389574,0.00018493583775125444,0.017778296023607254,0.0001675437088124454,0.007094469387084246,4.921783329336904e-05,0.03485541418194771,0.0,0.012941527180373669,0.016986967995762825,5
MCF7,6.0,control,1,3,0.0,0.03413259610533714,0.0003833023947663605,0.03495746850967407,0.0003637301560956985,0.026205793023109436,8.475645154248923e-05,0.04555964842438698,0.0,0.03330635279417038,0.03678848594427109,6
MCF7,6.0,control,1,3,0.0,0.03758123889565468,0.00040778666152618825,0.039054643362760544,0.0003662309900391847,0.028957217931747437,0.00010157575161429122,0.051387157291173935,0.0,0.03701956570148468,0.04110170155763626,7
MCF7,6.0,control,2,3,0.0,0.01896294392645359,0.00029815908055752516,0.023069169372320175,0.00026799505576491356,0.011739911511540413,9.770583710633218e-05,0.041200559586286545,0.0,0.019977141171693802,0.025265883654356003,1
MCF7,6.0,control,2,3,0.0,0.015021556057035923,0.00018816933152265847,0.018723133951425552,0.00016523245722055435,0.009253923781216145,5.737473475164734e-05,0.030312558636069298,0.0,0.01555087324231863,0.019933750852942467,2
MCF7,6.0,control,2,3,0.0,0.03323983773589134,0.00034041228354908526,0.03383396193385124,0.00032639523851685226,0.020551154389977455,4.36425325460732e-05,0.03511027991771698,0.006618751212954521,0.025983167812228203,0.029744429513812065,3
MCF7,6.0,control,2,3,0.0,0.018868103623390198,0.00030100048752501607,0.022743528708815575,0.00027468378539197147,0.008620590902864933,7.769397052470595e-05,0.038378871977329254,0.0,0.01584557443857193,0.0213815625756979,4
MCF7,6.0,control,2,3,0.0,0.03701041266322136,0.0004086945846211165,0.038443174213171005,0.00036943613667972386,0.034495364874601364,0.00022991708829067647,0.07400909811258316,0.0,0.04707576707005501,0.053669534623622894,5
MCF7,6.0,control,2,3,0.0,0.02293594554066658,0.0003906180209014565,0.027711983770132065,0.00033960436121560633,0.011062989942729473,9.157128806691617e-05,0.03976971283555031,0.0,0.018825288861989975,0.02434954233467579,6
MCF7,6.0,control,2,3,0.0,0.03570883721113205,0.000600688683334738,0.037785280495882034,0.0005571592482738197,0.01751106232404709,0.0001412447600159794,0.04356886446475983,0.0,0.02756895124912262,0.033424489200115204,7
MCF7,6.0,control,3,3,0.0,0.03415665775537491,0.002774778986349702,0.07708481699228287,0.0029530180618166924,0.03886626288294792,0.0014175574760884047,0.21835704147815704,0.0,0.0691165030002594,0.09148217737674713,1
MCF7,6.0,control,3,3,0.0,0.0123179005458951,0.00028831884264945984,0.01925155147910118,0.00031712770578451455,0.011878804303705692,1.4392732737178449e-05,0.02042851224541664,0.0030878863763064146,0.014960849657654762,0.016657881438732147,2
MCF7,6.0,control,3,3,0.0,0.027590053156018257,0.0004909511189907789,0.03208216279745102,0.0004267692565917969,0.018689336255192757,0.0001085372205125168,0.049222059547901154,0.0,0.026993298903107643,0.03238232433795929,3
MCF7,6.0,control,3,3,0.0,0.010310281068086624,0.00010244821169180796,0.013408447615802288,9.1691552370321e-05,0.008566209115087986,3.324691715533845e-05,0.031107023358345032,0.0,0.013274946250021458,0.016145162284374237,4
MCF7,6.0,control,3,3,0.0,0.029162747785449028,0.00036026991438120604,0.03158726915717125,0.0003136379236821085,0.02532106451690197,0.00011498820822453126,0.055429477244615555,0.0,0.033950574696063995,0.03886868804693222,5
MCF7,6.0,control,3,3,0.0,0.09149964153766632,0.0016837361035868526,0.09264833480119705,0.0015984494239091873,0.07693325728178024,0.00046536876470781863,0.15990690886974335,0.022258803248405457,0.09414227306842804,0.10383977741003036,6
MCF7,6.0,control,3,3,0.0,0.02921847254037857,0.00022039357281755656,0.029802165925502777,0.0002074009826174006,0.024710454046726227,7.996328349690884e-05,0.051072537899017334,0.0,0.0319577120244503,0.03649156168103218,7
MCF7,6.0,control,3,3,0.0,0.01164145115762949,0.00016467570094391704,0.017188258469104767,0.000147798826219514,0.011814804747700691,9.739267261466011e-05,0.04784318432211876,0.0,0.0199792068451643,0.025321371853351593,8
MCF7,6.0,control,3,3,0.0,0.03459712117910385,0.0002682210470084101,0.03557436168193817,0.00024103259784169495,0.03405144065618515,2.9697575882892124e-05,0.04899284243583679,0.015931298956274986,0.03842825070023537,0.04066039249300957,9
MCF7,6.0,control,3,3,0.0,0.01480929460376501,0.00019939622143283486,0.0184310395270586,0.00018140784231945872,0.004995713010430336,4.0682116377865896e-05,0.02632412500679493,0.0,0.009831300005316734,0.014543401077389717,10
MCF7,6.0,control,3,3,0.0,0.05740688741207123,0.0005348733975552022,0.05826077610254288,0.00049308076268062,0.05739833787083626,6.114766438258812e-05,0.08792486041784286,0.04213777184486389,0.0632321685552597,0.06785695254802704,11
MCF7,6.0,control,3,3,0.0,0.03532586991786957,0.0006414969102479517,0.0382351353764534,0.0005830914597027004,0.02342582494020462,0.0003906036145053804,0.10386747866868973,0.0,0.039254870265722275,0.05093460902571678,12
MCF7,6.0,control,4,3,0.0,0.07211942970752716,0.0007903670193627477,0.07230988144874573,0.0007786828209646046,0.05880327522754669,0.0003317900700494647,0.09738505631685257,0.019062019884586334,0.07366668432950974,0.08172989636659622,1
MCF7,6.0,control,4,3,0.0,0.022510269656777382,0.0007329449872486293,0.034168846905231476,0.0007141935639083385,0.011271516792476177,0.00012646034883800894,0.03886112943291664,0.0,0.020537598058581352,0.02732786536216736,2
MCF7,6.0,control,4,3,0.0,0.03023507259786129,0.0005878796800971031,0.034237686544656754,0.0005286649102345109,0.016280576586723328,0.0001563445694046095,0.06490128487348557,0.0,0.02662152424454689,0.033235400915145874,3
MCF7,6.0,control,5,3,0.0,0.0062076617032289505,0.00011513784556882456,0.017786545678973198,0.00012395111843943596,0.010932880453765392,6.050921365385875e-05,0.03694652393460274,0.0,0.017306961119174957,0.02140657603740692,1
MCF7,6.0,control,5,3,0.0,0.013617808930575848,0.000510907731950283,0.035006944090127945,0.0005646087229251862,0.017100578173995018,0.00027293135644868016,0.0783376544713974,0.0,0.030251776799559593,0.040410589426755905,2
MCF7,6.0,control,5,3,0.0,0.031051892787218094,0.000309640628984198,0.03228672221302986,0.000282085471553728,0.025800229981541634,0.00012418544793035835,0.05226743221282959,0.0,0.03476186841726303,0.0393286757171154,3
MCF7,6.0,control,5,3,0.0,0.03436862304806709,0.0014358039479702711,0.04618735983967781,0.001383674331009388,0.013794497586786747,0.00034246486029587686,0.08926009386777878,0.0,0.026626741513609886,0.040349166840314865,4
MCF7,6.0,control,5,3,0.0,0.017856815829873085,0.0003500883176457137,0.025385942310094833,0.000306565169012174,0.008323390036821365,5.8280893426854163e-05,0.03189091384410858,0.0,0.014734635129570961,0.018905064091086388,5
MCF7,6.0,control,6,3,0.0,0.009324152022600174,9.632568253437057e-05,0.012771486304700375,8.791171421762556e-05,0.007973602041602135,3.5554749047150835e-05,0.02561759762465954,0.0,0.012714950367808342,0.01650919020175934,1
MCF7,6.0,control,6,3,0.0,0.03564346581697464,0.0002462489064782858,0.03642856329679489,0.00022307285689748824,0.044675931334495544,2.8953718356206082e-05,0.0569024533033371,0.0284834336489439,0.048980120569467545,0.05131256580352783,2
MCF7,6.0,control,6,3,0.0,0.026557225733995438,0.0005522227147594094,0.03288352116942406,0.0004757387505378574,0.022677890956401825,0.00030610791873186827,0.09012842178344727,0.0,0.036759622395038605,0.04620620235800743,3
MCF7,6.0,control,6,3,0.0,0.02233108878135681,0.0006572289275936782,0.03326473757624626,0.0006153134745545685,0.013210011646151543,0.00025098066544160247,0.06045498326420784,0.0,0.025735246017575264,0.03673548996448517,4
MCF7,6.0,control,6,3,0.0,0.039021026343107224,0.0005245368229225278,0.04120970889925957,0.00046376296086236835,0.039605483412742615,0.0001768429938238114,0.07902418822050095,0.004738448653370142,0.050277914851903915,0.056320272386074066,5
MCF7,6.0,control,6,3,0.0,0.008466845378279686,0.0002105387975461781,0.021113615483045578,0.00025799768627621233,0.00752373319119215,8.38037085486576e-05,0.02770332060754299,0.0,0.015170467086136341,0.021396925672888756,6
MCF7,6.0,control,6,3,0.0,0.042407285422086716,0.00041490510920993984,0.04335751011967659,0.00038300256710499525,0.057210490107536316,0.00010719387501012534,0.08040895313024521,0.034505680203437805,0.0654948428273201,0.07097995281219482,7
MCF7,6.0,control,6,3,0.0,0.024713408201932907,0.0001653311774134636,0.025535400956869125,0.00014984035806264728,0.025459852069616318,6.30785507382825e-05,0.05047282576560974,0.0048438431695103645,0.03194268047809601,0.03575418144464493,8
MCF7,6.0,control,6,3,0.0,0.029360124841332436,0.00023929814051371068,0.030454065650701523,0.00021489933715201914,0.028101539239287376,6.81992678437382e-05,0.05567223206162453,0.001952377730049193,0.03466910496354103,0.038708947598934174,9
MCF7,6.0,control,6,3,0.0,0.01699887216091156,0.0002813897735904902,0.022064564749598503,0.00025347209884785116,0.009462387301027775,9.872673399513587e-05,0.0436851866543293,0.0,0.01735117845237255,0.023378711193799973,10
MCF7,6.0,control,6,3,0.0,0.009212677367031574,0.00032106583239510655,0.028411025181412697,0.00044469183194451034,0.019191836938261986,0.00028831465169787407,0.08183314651250839,0.0,0.03279147297143936,0.04235168546438217,11
MCF7,6.0,control,6,3,0.0,0.04559848830103874,0.0005320585914887488,0.04711247608065605,0.00047839657054282725,0.04776982218027115,9.153313294518739e-05,0.06988542526960373,0.030123271048069,0.05546671524643898,0.06026924401521683,12
MCF7,6.0,control,6,3,0.0,0.02188214100897312,0.00039873929927125573,0.027788132429122925,0.0003422425070311874,0.018449699506163597,6.751023465767503e-05,0.039441805332899094,0.002916261786594987,0.025299325585365295,0.029765792191028595,13
MCF7,6.0,control,7,3,0.0,0.01955602690577507,0.0010042382637038827,0.044537730515003204,0.0011744665680453181,0.015536870807409286,0.00043034821283072233,0.12426050007343292,0.0,0.03034401126205921,0.04451427608728409,1
MCF7,6.0,control,7,3,0.0,0.01278787013143301,0.0003386121243238449,0.024843355640769005,0.0003583325888030231,0.008118302561342716,0.00011015682684956118,0.05133797600865364,0.0,0.01571626588702202,0.023162024095654488,2
MCF7,6.0,control,7,3,0.0,0.013049132190644741,0.00039327109698206186,0.027490578591823578,0.0004314997640904039,0.014057746157050133,0.00010248971375403926,0.04248948395252228,0.0,0.0223141647875309,0.02789558656513691,3
MCF7,6.0,control,7,3,0.0,0.03600374981760979,0.0012627335963770747,0.04497168958187103,0.001173956086859107,0.016489874571561813,0.00015786002040840685,0.05597975477576256,0.0,0.026984674856066704,0.03348500281572342,4
MCF7,6.0,control,8,3,0.0,0.10108748078346252,0.0016530525172129273,0.1022169440984726,0.0015560714527964592,0.08711270987987518,0.00022074619482737035,0.12236304581165314,0.04366790130734444,0.09881774336099625,0.10757795721292496,1
MCF7,6.0,control,8,3,0.0,0.02136317268013954,0.00021174117864575237,0.02297171950340271,0.00019073323346674442,0.017356442287564278,2.7680433049681596e-05,0.03168732300400734,0.008760044351220131,0.021504554897546768,0.024638282135128975,2
MCF7,6.0,control,8,3,0.0,0.009625740349292755,0.00011494953650981188,0.013314304873347282,0.00010988728172378615,0.005491733551025391,1.6148393115145154e-05,0.015985986217856407,0.0,0.008668695576488972,0.01097163651138544,3
MCF7,6.0,control,8,3,0.0,0.020792238414287567,0.0008001670357771218,0.036740291863679886,0.0008279745234176517,0.009322760626673698,0.0002036412915913388,0.0695812851190567,0.0,0.018741631880402565,0.030571648851037025,4
MCF7,6.0,control,9,3,0.0,0.0396878682076931,0.00022428798547480255,0.040125954896211624,0.00020918530935887247,0.045149073004722595,3.591310087358579e-05,0.05791231244802475,0.02912813238799572,0.04992768168449402,0.05260680988430977,1
MCF7,6.0,control,9,3,0.0,0.04324811324477196,0.000520592846442014,0.04478468745946884,0.0004702742153313011,0.04754483699798584,0.00018594638095237315,0.10449886322021484,0.0,0.057845339179039,0.06529375165700912,2
MCF7,6.0,control,9,3,0.0,0.04052204266190529,0.0010457845637574792,0.045888397842645645,0.0009380249539390206,0.02271244488656521,0.0003186998364981264,0.08463533967733383,0.0,0.03712158650159836,0.04702364653348923,3
MCF7,6.0,control,9,3,0.0,0.014833351597189903,0.00014387539704330266,0.017787771299481392,0.00011997911497019231,0.011356251314282417,2.705325823626481e-05,0.026147620752453804,0.0,0.015648603439331055,0.01803388074040413,4
MCF7,6.0,control,9,3,0.0,0.019657092168927193,0.00022623407130595297,0.022156449034810066,0.00019962235819548368,0.01295335404574871,4.588417141349055e-05,0.03808579593896866,0.0,0.01829748973250389,0.021609004586935043,5
MCF7,6.0,control,9,3,0.0,0.0324048213660717,0.000359295925591141,0.033980078995227814,0.00032323450432159007,0.03123483620584011,4.498581256484613e-05,0.04387035593390465,0.01833474077284336,0.036409325897693634,0.040262021124362946,6
MCF7,6.0,control,9,3,0.0,0.0631791353225708,0.0009182632784359157,0.06408772617578506,0.000873239419888705,0.054383132606744766,0.0003143034700769931,0.08658187836408615,0.009164495393633842,0.06917033344507217,0.07404673099517822,7
