Metadata_cell,Metadata_hour,Metadata_treatment,Metadata_site,Metadata_dish,Metadata_concentration,Cell_Ed_mean_value,Cell_Ed_variance,Cell_Ed_not_zero_mean_value,Cell_Ed_not_zero_variance,Cell_Ed_agg_mean_value,Cell_Ed_agg_variance,Cell_Ed_agg_max_value,Cell_Ed_agg_min_value,Cell_Ed_agg_top_50_value,Cell_Ed_agg_top_25_value,ObjectNumber
MCF7,2.0,A133,0,1,60.0,0.08861574530601501,0.0004781966854352504,0.08861874043941498,0.00047794784768484533,0.08329920470714569,0.0004606173315551132,0.16204869747161865,0.01794436015188694,0.100123025,0.110709384,1
MCF7,2.0,A133,0,1,60.0,0.09824695438146591,0.0003507323854137212,0.09824695438146591,0.0003507323854137212,0.09213009476661682,0.0003222211089450866,0.1592470407485962,0.034874290227890015,0.10632442,0.11488578,2
MCF7,2.0,A133,0,1,60.0,0.0849757120013237,0.000428257801104337,0.08503004908561707,0.0004239110858179629,0.08762595057487488,0.0003715787024702877,0.14974501729011536,0.005513876676559448,0.10201355,0.10933556,3
MCF7,2.0,A133,1,1,60.0,0.045427966862916946,0.0002618030703160912,0.04554695263504982,0.0002570690994616598,0.04765913262963295,0.00020828073320444673,0.10073728859424591,0.0,0.058627684,0.06499668,1
MCF7,2.0,A133,1,1,60.0,0.0335063673555851,0.00018603444914333522,0.03405330702662468,0.0001704461610643193,0.031186455860733986,0.0002878352242987603,0.07987330853939056,0.0,0.045244403,0.052153375,2
MCF7,2.0,A133,1,1,60.0,0.040178850293159485,0.00015560476458631456,0.04019400477409363,0.00015505442570429295,0.038255803287029266,0.00012250019062776119,0.08378150314092636,0.006335007026791573,0.04695041,0.052910164,3
MCF7,2.0,A133,1,1,60.0,0.032831087708473206,0.0001333042891928926,0.032974135130643845,0.0001291683001909405,0.029040176421403885,0.00010895196464844048,0.05436687171459198,0.0,0.03733791,0.041907664,4
MCF7,2.0,A133,2,1,60.0,0.031867966055870056,0.0001394756545778364,0.03368302807211876,8.628296200186014e-05,0.03102044202387333,0.00010819378803716972,0.05338591709733009,0.0,0.038599234,0.041601364,1
MCF7,2.0,A133,2,1,60.0,0.0277861375361681,0.0008098918478935957,0.04900216683745384,0.0003886509803123772,0.04189473018050194,0.000250617740675807,0.09636807441711426,0.0,0.05424247,0.061374936,2
MCF7,2.0,A133,2,1,60.0,0.01449577696621418,0.000474678905447945,0.04116721823811531,0.0002500733535271138,0.029347961768507957,0.0002011801698245108,0.06742597371339798,0.0,0.04064037,0.046852037,3
MCF7,2.0,A133,3,1,60.0,0.06552324444055557,0.0001762007304932922,0.06552955508232117,0.00017580445273779333,0.06136460602283478,4.122132668271661e-05,0.08102505654096603,0.047672927379608154,0.06656298,0.07011587,1
MCF7,2.0,A133,3,1,60.0,0.23402714729309082,0.014492155984044075,0.2635645568370819,0.00853624939918518,0.21986067295074463,0.0077810138463974,0.4494484066963196,0.049072202295064926,0.29015994,0.34612763,2
MCF7,2.0,A133,4,1,60.0,0.026475805789232254,0.00011457555956440046,0.026725003495812416,0.00010899412154685706,0.026492007076740265,9.03786058188416e-05,0.06453967094421387,0.0,0.03396002,0.038533673,1
MCF7,2.0,A133,4,1,60.0,0.05848277360200882,0.0004624610592145473,0.058488547801971436,0.00046216894406825304,0.07409970462322235,0.0004615575016941875,0.14230817556381226,0.028935622423887253,0.0918783,0.103390686,2
MCF7,2.0,A133,4,1,60.0,0.040846675634384155,0.0002914512879215181,0.04122565686702728,0.00027853177743963897,0.03713956102728844,0.00019763845193665475,0.07516872882843018,0.0,0.04826253,0.053104118,3
MCF7,2.0,A133,4,1,60.0,0.04781132936477661,0.00021172560809645802,0.04781132936477661,0.00021172560809645802,0.04864522069692612,0.00010358643339714035,0.08239351958036423,0.0250716432929039,0.056597374,0.062701106,4
MCF7,2.0,A133,4,1,60.0,0.03581339120864868,0.00024278547789435834,0.03614253178238869,0.00023312091070692986,0.037896424531936646,0.00017843970272224396,0.07138143479824066,0.0,0.04807671,0.05343398,5
MCF7,2.0,A133,5,1,60.0,0.030600961297750473,9.395133383804932e-05,0.03065462037920952,9.247117122868076e-05,0.028554506599903107,6.87299543642439e-05,0.05440938100218773,0.006293029524385929,0.035131373,0.03935987,1
MCF7,2.0,A133,5,1,60.0,0.027987917885184288,0.00027237809263169765,0.030069684609770775,0.00023003979003988206,0.029382208362221718,0.00015027870540507138,0.06545847654342651,0.0,0.03905901,0.044450887,2
MCF7,2.0,A133,5,1,60.0,0.04588635638356209,0.00010597903747111559,0.04588635638356209,0.00010597903747111559,0.042870692908763885,5.8097597502637655e-05,0.06772064417600632,0.016873816028237343,0.04882287,0.052354105,3
MCF7,2.0,A133,5,1,60.0,0.04871564731001854,0.00011738262401195243,0.04871564731001854,0.00011738262401195243,0.045588769018650055,7.688639016123489e-05,0.0792011171579361,0.015201594680547714,0.052003488,0.05669996,4
MCF7,2.0,A133,5,1,60.0,0.014522449113428593,0.00036189091042615473,0.025335021317005157,0.00035739707527682185,0.012273535132408142,0.00022895270376466215,0.08474954217672348,0.0,0.023850562,0.03412935,5
MCF7,2.0,A133,6,1,60.0,0.05610014125704765,0.0001687218464212492,0.05610014125704765,0.0001687218464212492,0.060111116617918015,0.00012950481323059648,0.09290240705013275,0.033653534948825836,0.06931139,0.07631844,1
MCF7,2.0,A133,6,1,60.0,0.06266369670629501,0.00018556979193817824,0.06266369670629501,0.00018556979193817824,0.05785104259848595,0.0001838818861870095,0.10481438040733337,0.022560087963938713,0.06865792,0.07522757,2
MCF7,2.0,A133,6,1,60.0,0.10248501598834991,0.0014324591029435396,0.10266435891389847,0.001416553626768291,0.11982670426368713,0.00046525540528818965,0.18198570609092712,0.061689622700214386,0.1372055,0.14698327,3
MCF7,2.0,A133,6,1,60.0,0.05643703415989876,0.00015548348892480135,0.0564497746527195,0.00015479921421501786,0.0480470173060894,0.0001385638170177117,0.07249880582094193,0.01769871450960636,0.05784839,0.06275593,4
MCF7,2.0,A133,6,1,60.0,0.09142547845840454,0.0005988864577375352,0.09142547845840454,0.0005988864577375352,0.09955362230539322,0.0003414137754589319,0.1387946903705597,0.06305556744337082,0.11504355,0.12562315,5
MCF7,2.0,A133,6,1,60.0,0.06269191205501556,9.82286874204874e-05,0.06269191205501556,9.82286874204874e-05,0.07176542282104492,0.00012239330681040883,0.10091617703437805,0.0392879992723465,0.08071606,0.08628911,6
MCF7,2.0,A133,6,1,60.0,0.0637674480676651,0.0002765403769444674,0.06378031522035599,0.0002757753536570817,0.06970946490764618,0.00023609002528246492,0.10540448874235153,0.00980314426124096,0.08190572,0.08680597,7
MCF7,2.0,A133,6,1,60.0,0.06180714815855026,0.00016641996626276523,0.06180714815855026,0.00016641996626276523,0.05237063392996788,7.614351488882676e-05,0.08146735280752182,0.010782585479319096,0.058957424,0.0621325,8
MCF7,2.0,A133,6,1,60.0,0.05307063087821007,0.00023352168500423431,0.05310152843594551,0.00023201685689855367,0.04999981075525284,8.741841156734154e-05,0.08652618527412415,0.0,0.05665767,0.06022498,9
MCF7,2.0,A133,7,1,60.0,0.03445091098546982,0.00011744656512746587,0.03446151316165924,0.00011711733532138169,0.034874796867370605,7.782796456012875e-05,0.06641695648431778,0.005127730779349804,0.041764442,0.046134368,1
MCF7,2.0,A133,7,1,60.0,0.032906580716371536,9.328968008048832e-05,0.033291928470134735,8.155313116731122e-05,0.03375382721424103,6.774361827410758e-05,0.06715717166662216,0.010088666342198849,0.040175114,0.04442399,2
MCF7,2.0,A133,7,1,60.0,0.035271067172288895,0.00010493268928257748,0.03528682142496109,0.00010442367783980444,0.034271884709596634,0.00014211847155820578,0.06833922863006592,0.0,0.043571975,0.04813356,3
MCF7,2.0,A133,7,1,60.0,0.042746879160404205,0.0001697300758678466,0.043409790843725204,0.0001435852173017338,0.042129285633563995,0.00013489187404047698,0.0841754823923111,0.004323308356106281,0.05131932,0.0569448,4
MCF7,2.0,A133,7,1,60.0,0.035389795899391174,0.00020282574405428022,0.03734804317355156,0.00014091201592236757,0.031155919656157494,9.57319134613499e-05,0.058091919869184494,0.0,0.03886633,0.042893905,5
MCF7,2.0,A133,7,1,60.0,0.041677042841911316,0.00011956256639678031,0.04167940095067024,0.0001194710930576548,0.039777129888534546,0.0001235866075148806,0.08235396444797516,0.0,0.048285943,0.053575423,6
MCF7,2.0,A133,7,1,60.0,0.028650248423218727,0.0004575651546474546,0.03843778744339943,0.00023766784579493105,0.03178217262029648,0.00015351921319961548,0.06603605300188065,0.0,0.041461546,0.046862308,7
MCF7,2.0,A133,8,1,60.0,0.0611133798956871,0.0010188947198912501,0.07138880342245102,0.0004566583374980837,0.06551692634820938,0.0002658952143974602,0.13613232970237732,0.018224503844976425,0.07848013,0.086929366,1
MCF7,2.0,A133,8,1,60.0,0.09006418287754059,0.0005477594677358866,0.09014558792114258,0.0005409151199273765,0.09060391038656235,0.0009749114396981895,0.17122793197631836,0.037391021847724915,0.11932208,0.12962715,2
MCF7,2.0,A133,8,1,60.0,0.04773856699466705,0.00016482883074786514,0.04776101931929588,0.00016383451293222606,0.04043341428041458,5.6708548072492704e-05,0.06355801224708557,0.017739493399858475,0.046503678,0.050005235,3
MCF7,2.0,A133,8,1,60.0,0.06794513016939163,0.000298444414511323,0.06794513016939163,0.000298444414511323,0.06583044677972794,4.298174462746829e-05,0.08067541569471359,0.05310714244842529,0.07112629,0.07545596,4
MCF7,2.0,A133,9,1,60.0,0.054492149502038956,0.00015888600319158286,0.05449633300304413,0.0001586699072504416,0.049216028302907944,0.00015585080836899579,0.08452862501144409,0.019920744001865387,0.05918759,0.0651313,1
MCF7,2.0,A133,9,1,60.0,0.05487751588225365,0.0004161568940617144,0.055014822632074356,0.00040964424260891974,0.0470738522708416,0.00023516984947491437,0.10007481276988983,0.0,0.059349194,0.066594005,2
MCF7,2.0,A133,9,1,60.0,0.05652870237827301,0.00019452105334494263,0.056530311703681946,0.0001944356190506369,0.049612708389759064,0.00026908161817118526,0.09495914727449417,0.005870395805686712,0.06263937,0.0711046,3
MCF7,2.0,A133,9,1,60.0,0.06609605997800827,0.0002458697999827564,0.06609605997800827,0.0002458697999827564,0.060795947909355164,0.00016099201457109302,0.09133023023605347,0.026738513261079788,0.070644125,0.076946214,4
MCF7,2.0,A133,9,1,60.0,0.039132505655288696,0.0013535168254747987,0.06437493860721588,0.0006016232073307037,0.05621057748794556,0.00046296120854094625,0.13088800013065338,0.0,0.07324241,0.084077775,5
MCF7,2.0,A133,9,1,60.0,0.0658128559589386,0.000812998041510582,0.06615711003541946,0.0007944759563542902,0.049720317125320435,0.00025230852770619094,0.11400004476308823,0.0,0.062274337,0.07017832,6
MCF7,4.0,A133,0,1,60.0,0.07124453037977219,0.0007128551951609552,0.07472404837608337,0.00048766686813905835,0.07085609436035156,8.044538844842464e-05,0.0999700278043747,0.042527176439762115,0.0780692,0.08209678,1
MCF7,4.0,A133,0,1,60.0,0.10029305517673492,0.0023199922870844603,0.10586704313755035,0.001858828472904861,0.09267493337392807,0.0013624861603602767,0.2400442510843277,0.0,0.12061834,0.14308484,2
MCF7,4.0,A133,0,1,60.0,0.07055710256099701,0.00048683607019484043,0.07114048302173615,0.00044935912592336535,0.0671323910355568,0.00014887673023622483,0.09974189102649689,0.015934577211737633,0.07652596,0.08114399,3
MCF7,4.0,A133,0,1,60.0,0.11069969832897186,0.0010548725258558989,0.11071773618459702,0.0010530479485169053,0.09685380756855011,0.0004343921900726855,0.15825779736042023,0.021859185770154,0.11347592,0.12402538,4
MCF7,4.0,A133,0,1,60.0,0.10051289200782776,0.0008746483945287764,0.10055086761713028,0.0008711605914868414,0.09607717394828796,0.0003446056798566133,0.15037037432193756,0.05524669960141182,0.11097203,0.12095799,5
MCF7,4.0,A133,0,1,60.0,0.06738933175802231,0.00026435183826833963,0.06739480793476105,0.0002640044840518385,0.0637819766998291,4.263006485416554e-05,0.07990517467260361,0.0502413846552372,0.069220565,0.07218668,6
MCF7,4.0,A133,1,1,60.0,0.022989528253674507,0.00047519916552118957,0.03279420733451843,0.00035632748040370643,0.0576423704624176,4.5906941522844136e-05,0.07523195445537567,0.03497988358139992,0.062929116,0.06592473,1
MCF7,4.0,A133,1,1,60.0,0.008921414613723755,9.979406604543328e-05,0.014798724092543125,7.856041338527575e-05,0.026342274621129036,4.6367174945771694e-05,0.042140115052461624,0.011159634217619896,0.03193444,0.03588866,2
MCF7,4.0,A133,1,1,60.0,0.026501400396227837,0.00018534301489125937,0.028868572786450386,0.00013356143608689308,0.031039580702781677,7.129646110115573e-05,0.05045828968286514,0.003374767955392599,0.037792094,0.041110754,3
MCF7,4.0,A133,1,1,60.0,0.025619884952902794,0.00035585681325756013,0.029581984505057335,0.0002936831151600927,0.04707938805222511,4.9049205699702725e-05,0.06573709100484848,0.03576396405696869,0.052655093,0.05689801,4
MCF7,4.0,A133,1,1,60.0,0.03278111666440964,0.0004055219469591975,0.03622815012931824,0.0003232841845601797,0.04310370236635208,8.208282088162377e-05,0.07174693048000336,0.015096818096935749,0.050129503,0.054441642,5
MCF7,4.0,A133,1,1,60.0,0.028229501098394394,0.00017053789633791894,0.029836062341928482,0.00013230976765044034,0.030782083049416542,5.7421497331233695e-05,0.05466793105006218,0.005597750656306744,0.036848642,0.04015019,6
MCF7,4.0,A133,1,1,60.0,0.016091475263237953,0.00021629057300742716,0.022156303748488426,0.00016343564493581653,0.022215576842427254,0.00017428981664124876,0.06681987643241882,0.0,0.03280779,0.039692186,7
MCF7,4.0,A133,1,1,60.0,0.04710759222507477,0.00017733016284182668,0.047118011862039566,0.00017687823856249452,0.03816870227456093,0.00014032330363988876,0.06306733936071396,3.759004903258756e-05,0.04657702,0.049293354,8
MCF7,4.0,A133,1,1,60.0,0.02455274388194084,0.0003377347020432353,0.03201184421777725,0.0002015585923800245,0.030659278854727745,8.96491837920621e-05,0.05038261041045189,0.002646920969709754,0.037895113,0.040732402,9
MCF7,4.0,A133,10,1,60.0,0.05830563232302666,5.701562622562051e-05,0.05830563232302666,5.701562622562051e-05,0.05895612761378288,3.182514774380252e-05,0.08264461159706116,0.03998273238539696,0.0633947,0.06619918,1
MCF7,4.0,A133,10,1,60.0,0.0894775539636612,0.00036933892988599837,0.0894775539636612,0.00036933892988599837,0.08592665940523148,0.0002665953943505883,0.17201025784015656,0.042790718376636505,0.098560214,0.108030945,2
MCF7,4.0,A133,10,1,60.0,0.05718202888965607,9.33542032726109e-05,0.05718202888965607,9.33542032726109e-05,0.05594227835536003,5.2362152928253636e-05,0.08137671649456024,0.03513272851705551,0.061550044,0.065510005,3
MCF7,4.0,A133,10,1,60.0,0.05734078586101532,0.00013531662989407778,0.05734078586101532,0.00013531662989407778,0.05777565762400627,8.668877126183361e-05,0.08920162171125412,0.030849957838654518,0.065098725,0.06923928,4
MCF7,4.0,A133,10,1,60.0,0.06748022884130478,0.00029313142294995487,0.06748022884130478,0.00029313142294995487,0.06556802242994308,8.792350126896054e-05,0.08959051221609116,0.042353563010692596,0.07326717,0.0772217,5
MCF7,4.0,A133,10,1,60.0,0.056075260043144226,0.000291743635898456,0.05607905983924866,0.00029155032825656235,0.05263267830014229,0.0002478288079146296,0.08478594571352005,0.015073155052959919,0.0655877,0.07202869,6
MCF7,4.0,A133,11,1,60.0,0.019239744171500206,0.00012408941984176636,0.020674552768468857,0.00010367942013544962,0.018053477630019188,0.00012148138193879277,0.0679810643196106,0.0,0.02717171,0.032142032,1
MCF7,4.0,A133,11,1,60.0,0.04125303030014038,0.0001220928825205192,0.04125303030014038,0.0001220928825205192,0.048690568655729294,3.591003405745141e-05,0.062186338007450104,0.0322970412671566,0.053611692,0.056017235,2
MCF7,4.0,A133,11,1,60.0,0.04316344112157822,0.00016704402514733374,0.0432298481464386,0.0001644302101340145,0.04331029951572418,6.220062641659752e-05,0.06764739751815796,0.02934187278151512,0.04945098,0.05405159,3
MCF7,4.0,A133,11,1,60.0,0.04512688145041466,8.304425864480436e-05,0.04512688145041466,8.304425864480436e-05,0.047140251845121384,3.4263819543411955e-05,0.06969234347343445,0.031318604946136475,0.05184489,0.054659586,4
MCF7,4.0,A133,11,1,60.0,0.02266521193087101,0.00017375234165228903,0.025055857375264168,0.0001321793970419094,0.024279505014419556,7.824744534445927e-05,0.04043392837047577,0.008362571708858013,0.031868298,0.03729952,5
MCF7,4.0,A133,11,1,60.0,0.03886101022362709,8.940737461671233e-05,0.03886847198009491,8.913446072256193e-05,0.03620535135269165,4.4603966671274975e-05,0.0525822676718235,0.014782988466322422,0.041664474,0.04461814,6
MCF7,4.0,A133,11,1,60.0,0.060287442058324814,9.315465285908431e-05,0.060287442058324814,9.315465285908431e-05,0.05452108383178711,3.882248711306602e-05,0.08510999381542206,0.03803955763578415,0.05902267,0.06279195,7
MCF7,4.0,A133,11,1,60.0,0.057612426578998566,0.00018451418145559728,0.057612426578998566,0.00018451418145559728,0.06687593460083008,7.735551480436698e-05,0.09548459947109222,0.04332630708813667,0.073815785,0.077860825,8
MCF7,4.0,A133,11,1,60.0,0.03636143356561661,0.0001388903910992667,0.03636381775140762,0.0001388126111123711,0.03414011001586914,4.9119767936645076e-05,0.05168773978948593,0.02282700128853321,0.039986603,0.044063974,9
MCF7,4.0,A133,11,1,60.0,0.034009985625743866,0.00013125040277373046,0.03409666568040848,0.00012862938456237316,0.03335193172097206,5.4862190154381096e-05,0.0576949417591095,0.005369736813008785,0.039083775,0.042507365,10
MCF7,4.0,A133,11,1,60.0,0.03373841568827629,0.00018051257939077914,0.034138742834329605,0.00016898778267204762,0.03286232054233551,0.00015522779722232372,0.07030333578586578,0.0,0.042766362,0.048552144,11
MCF7,4.0,A133,12,1,60.0,0.03364088013768196,0.00018926133634522557,0.03576630726456642,0.00012520045856945217,0.040323302149772644,7.079301576595753e-05,0.05964222550392151,0.0,0.046245966,0.04930244,1
MCF7,4.0,A133,12,1,60.0,0.04561503604054451,0.0002258434979012236,0.0460624024271965,0.00020745179790537804,0.04219982028007507,7.743684545857832e-05,0.06396941095590591,0.015116763301193714,0.0490568,0.05231189,2
MCF7,4.0,A133,12,1,60.0,0.0496533177793026,0.0003940411261282861,0.05454087629914284,0.00016625657735858113,0.015257684513926506,0.0005305511876940727,0.06297437846660614,0.0,0.030515369,0.05110901,3
MCF7,4.0,A133,12,1,60.0,0.06432535499334335,0.00014380051288753748,0.06432535499334335,0.00014380051288753748,0.05771269276738167,0.00012955690908711404,0.0843210220336914,0.035930972546339035,0.06746611,0.07347706,4
MCF7,4.0,A133,12,1,60.0,0.05886419489979744,0.00028985587414354086,0.05892110988497734,0.0002867822186090052,0.049879975616931915,0.00014509467291645706,0.08292058110237122,0.02725464478135109,0.05997998,0.06511152,5
MCF7,4.0,A133,12,1,60.0,0.06731945276260376,0.0008021537214517593,0.06774783134460449,0.0007782367174513638,0.08635401725769043,4.017926039523445e-05,0.10053715109825134,0.06588734686374664,0.0913643,0.09398928,6
MCF7,4.0,A133,13,1,60.0,0.08987000584602356,0.0004214906075503677,0.08987000584602356,0.0004214906075503677,0.11847568303346634,2.3153934307629243e-05,0.12843753397464752,0.10787788033485413,0.122513786,0.123965696,1
MCF7,4.0,A133,13,1,60.0,0.083909772336483,0.00030680373311042786,0.083909772336483,0.00030680373311042786,0.10103772580623627,0.00016032079292926937,0.12735319137573242,0.06528116017580032,0.111356236,0.11544111,2
MCF7,4.0,A133,13,1,60.0,0.09405948966741562,0.00016197221702896059,0.09405948966741562,0.00016197221702896059,0.11266568303108215,7.0656904426869e-05,0.13264361023902893,0.08086226880550385,0.119328275,0.122472025,3
MCF7,4.0,A133,13,1,60.0,0.08125217258930206,0.0006065439083613455,0.08308621495962143,0.00046785216545686126,0.09376353025436401,8.63679961184971e-05,0.11468937247991562,0.05685587599873543,0.100498445,0.104342185,4
MCF7,4.0,A133,13,1,60.0,0.07168449461460114,0.0001468861009925604,0.07168449461460114,0.0001468861009925604,0.06794892251491547,7.889032713137567e-05,0.09203922748565674,0.04104764387011528,0.07511204,0.078557976,5
MCF7,4.0,A133,13,1,60.0,0.07008123397827148,0.00028417608700692654,0.07019371539354324,0.0002767361293081194,0.07222377508878708,0.00010129302245331928,0.09801919758319855,0.04085889458656311,0.08020626,0.084644265,6
MCF7,4.0,A133,13,1,60.0,0.0692225992679596,0.0013549569994211197,0.0840090736746788,0.0004021885397378355,0.09433700889348984,0.0001861971541075036,0.12655697762966156,0.05450912564992905,0.105599366,0.11139073,7
MCF7,4.0,A133,13,1,60.0,0.08507533371448517,0.0015481358859688044,0.08745048940181732,0.001383648719638586,0.1156095638871193,0.00010079273488372564,0.14180953800678253,0.09244940429925919,0.1235943,0.12883684,8
MCF7,4.0,A133,13,1,60.0,0.07457336038351059,0.00022540146892424673,0.07462536543607712,0.00022167820134200156,0.08366940170526505,3.941501199733466e-05,0.09634032100439072,0.07047538459300995,0.08895924,0.091118805,9
MCF7,4.0,A133,13,1,60.0,0.0890088900923729,0.0004385537758935243,0.0890088900923729,0.0004385537758935243,0.10377740114927292,6.312694313237444e-05,0.12667369842529297,0.08271854370832443,0.110304125,0.114427425,10
MCF7,4.0,A133,13,1,60.0,0.09147464483976364,0.0006814196822233498,0.09147464483976364,0.0006814196822233498,0.09075545519590378,8.306502422783524e-05,0.11492559313774109,0.06871505081653595,0.09814611,0.10196621,11
MCF7,4.0,A133,13,1,60.0,0.02677915431559086,0.0005860616802237928,0.03918829187750816,0.00037134275771677494,0.04384993389248848,0.00025755478418432176,0.08679217845201492,0.0,0.05687524,0.06399998,12
MCF7,4.0,A133,13,1,60.0,0.04543300345540047,0.001168316463008523,0.057182677090168,0.0007985833217389882,0.045816466212272644,0.0007357923313975334,0.1261017769575119,0.0,0.06785315,0.078555696,13
MCF7,4.0,A133,14,1,60.0,0.07880529761314392,0.0003938279114663601,0.08132534474134445,0.00020147704344708472,0.0009966538054868579,6.63835380692035e-05,0.07130058854818344,0.0,0.0020031752,0.004046414,1
MCF7,4.0,A133,14,1,60.0,0.16227731108665466,0.0015924619510769844,0.16228914260864258,0.0015906572807580233,0.20582608878612518,0.00017984748410526663,0.23778720200061798,0.1701355129480362,0.21640824,0.22248654,2
MCF7,4.0,A133,14,1,60.0,0.08452558517456055,0.0003395062230993062,0.08550544083118439,0.0002596597478259355,0.07884306460618973,6.273646431509405e-05,0.10069997608661652,0.06385062634944916,0.08519775,0.08916147,3
MCF7,4.0,A133,14,1,60.0,0.07766182720661163,0.00042216535075567663,0.0812724307179451,0.00014834980538580567,0.07514742016792297,1.7614827811485156e-05,0.08891239017248154,0.06353829056024551,0.07853333,0.08037061,4
MCF7,4.0,A133,14,1,60.0,0.08809537440538406,0.00021765958808828145,0.08809537440538406,0.00021765958808828145,0.07908210903406143,1.6928477634792216e-05,0.08951882272958755,0.0699169784784317,0.08250672,0.08444794,5
MCF7,4.0,A133,2,1,60.0,0.022799339145421982,0.0009585360530763865,0.0411461740732193,0.0009749765740707517,0.03977574408054352,0.001372370170429349,0.1553952544927597,0.0,0.06947565,0.09332688,1
MCF7,4.0,A133,2,1,60.0,0.03171408548951149,0.00020050356397405267,0.03432440757751465,0.00012740872625727206,0.03831295296549797,6.0706814110744745e-05,0.056574877351522446,0.01774812489748001,0.044639416,0.047936372,2
MCF7,4.0,A133,2,1,60.0,0.04104141891002655,0.0003403580340091139,0.04148170351982117,0.00032574552460573614,0.04901723936200142,0.00013742258306592703,0.09424787759780884,0.010216943919658661,0.057945967,0.06303434,3
MCF7,4.0,A133,2,1,60.0,0.0410701222717762,0.0002622306055855006,0.0413985475897789,0.0002507313038222492,0.035589054226875305,9.912894165609032e-05,0.055724818259477615,0.005270286928862333,0.04364972,0.0471928,4
MCF7,4.0,A133,3,1,60.0,0.04462325572967529,0.00024131129612214863,0.045084044337272644,0.0002230289828730747,0.04835080727934837,8.648905350128189e-05,0.08182551711797714,0.008780327625572681,0.05536816,0.059025854,1
MCF7,4.0,A133,3,1,60.0,0.02044535055756569,0.00023566455638501793,0.02455831691622734,0.00018206535605713725,0.019852180033922195,0.00018757660291157663,0.05846808850765228,0.0,0.0314118,0.037372354,2
MCF7,4.0,A133,3,1,60.0,0.05487511307001114,0.00033368461299687624,0.05571005493402481,0.0002922471903730184,0.049621451646089554,0.00025944915250875056,0.07185085117816925,0.0,0.061169397,0.06445489,3
MCF7,4.0,A133,3,1,60.0,0.05129183828830719,0.00043649374856613576,0.05214867740869522,0.0003991024277638644,0.049191948026418686,0.00020523824787233025,0.10985290259122849,0.0059401909820735455,0.059491795,0.066878505,4
MCF7,4.0,A133,4,1,60.0,0.03952094167470932,3.076104985666461e-05,0.03952094167470932,3.076104985666461e-05,0.041266944259405136,1.430086740583647e-05,0.0542578399181366,0.029281379655003548,0.044202838,0.046145327,1
MCF7,4.0,A133,4,1,60.0,0.03738304227590561,5.503439751919359e-05,0.03738304227590561,5.503439751919359e-05,0.03604898601770401,4.4596359657589346e-05,0.05877380818128586,0.010411391966044903,0.04136408,0.044560943,2
MCF7,4.0,A133,4,1,60.0,0.04247617349028587,2.76376522378996e-05,0.04247617349028587,2.76376522378996e-05,0.041873812675476074,7.916716640465893e-06,0.05037635192275047,0.034642744809389114,0.044186644,0.0455081,3
MCF7,4.0,A133,4,1,60.0,0.058961689472198486,0.0001591721666045487,0.058961689472198486,0.0001591721666045487,0.061308182775974274,0.00010200009273830801,0.10638326406478882,0.033890627324581146,0.06898641,0.07464518,4
MCF7,4.0,A133,4,1,60.0,0.06462699919939041,0.00021507564815692604,0.06462699919939041,0.00021507564815692604,0.06731968373060226,0.0003586150414776057,0.09491828829050064,0.01393261831253767,0.08259156,0.0874456,5
MCF7,4.0,A133,4,1,60.0,0.05285702645778656,0.00024619107716716826,0.05286213383078575,0.0002459450624883175,0.06550908833742142,0.0001012441425700672,0.0859297513961792,0.036645933985710144,0.07367702,0.07733,6
MCF7,4.0,A133,4,1,60.0,0.06298424303531647,0.00037763550062663853,0.06300508975982666,0.000376447249436751,0.07542668282985687,0.0002742672513704747,0.12220334261655807,0.02408815175294876,0.08825306,0.094333805,7
MCF7,4.0,A133,4,1,60.0,0.04809447377920151,0.00037835235707461834,0.04826192185282707,0.0003715881903190166,0.037972986698150635,0.00011219173757126555,0.06033305078744888,0.007585214450955391,0.04610528,0.050929736,8
MCF7,4.0,A133,5,1,60.0,0.07688838243484497,0.0002854474587365985,0.07880295813083649,0.00014168080815579742,0.07577192783355713,3.1651976314606145e-05,0.08968115597963333,0.05837446451187134,0.08033725,0.08316584,1
MCF7,4.0,A133,5,1,60.0,0.09557713568210602,0.00025145552353933454,0.09557713568210602,0.00025145552353933454,0.09049837291240692,0.00012930543744005263,0.12368512898683548,0.057726502418518066,0.09936079,0.10476113,2
MCF7,4.0,A133,5,1,60.0,0.083927683532238,9.223601955454797e-05,0.083927683532238,9.223601955454797e-05,0.0824173092842102,5.6718490668572485e-05,0.10384918004274368,0.06663049757480621,0.0885849,0.09241079,3
MCF7,4.0,A133,5,1,60.0,0.11904577165842056,0.0005831703310832381,0.11904577165842056,0.0005831703310832381,0.11931798607110977,6.49074645480141e-05,0.13736006617546082,0.10298801213502884,0.1260917,0.13038795,4
MCF7,4.0,A133,5,1,60.0,0.0995916947722435,0.00023809424601495266,0.0995916947722435,0.00023809424601495266,0.09927447885274887,0.0002358255733270198,0.14549945294857025,0.06015993654727936,0.11144403,0.119693,5
MCF7,4.0,A133,5,1,60.0,0.11507906764745712,0.0005062810378149152,0.11507906764745712,0.0005062810378149152,0.10707268863916397,0.00035192587529309094,0.1591779887676239,0.0643080621957779,0.12269557,0.13244782,6
MCF7,4.0,A133,5,1,60.0,0.0878722220659256,0.0003432620724197477,0.08840717375278473,0.0002980585559271276,0.08177740126848221,6.084358028601855e-05,0.09990526735782623,0.06632160395383835,0.088329494,0.09250057,7
MCF7,4.0,A133,5,1,60.0,0.08403433859348297,0.002698221942409873,0.11134549230337143,0.0005341695505194366,0.10116328299045563,0.00038806433440186083,0.15243063867092133,0.03920686990022659,0.11695836,0.12661955,8
MCF7,4.0,A133,5,1,60.0,0.05412021279335022,0.003950146492570639,0.11786602437496185,0.0010893841972574592,0.10481835156679153,0.0007356118294410408,0.17238248884677887,0.03897065669298172,0.12645249,0.13661526,9
MCF7,4.0,A133,5,1,60.0,0.04982930049300194,0.004294076934456825,0.1260046362876892,0.001260099234059453,0.1089000478386879,0.0005849345470778644,0.16558367013931274,0.027835754677653313,0.12792356,0.13904302,10
MCF7,4.0,A133,6,1,60.0,0.11139529943466187,0.0006632698350585997,0.11149151623249054,0.0006531156250275671,0.1178743913769722,0.0013694368535652757,0.1563601940870285,0.0,0.13744065,0.14540642,1
MCF7,4.0,A133,6,1,60.0,0.027269333600997925,0.0013886765809729695,0.07695524394512177,9.53146954998374e-05,0.0,0.0,0.0,0.0,0.0,0.0,2
MCF7,4.0,A133,6,1,60.0,0.03339749202132225,0.0017170251812785864,0.08251219242811203,0.0001895382592920214,0.0,0.0,0.0,0.0,0.0,0.0,3
MCF7,4.0,A133,6,1,60.0,0.1049685999751091,0.0004317411803640425,0.10511579364538193,0.00041687401244416833,0.09357178211212158,0.0013482732465490699,0.12570874392986298,0.0,0.11091868,0.11408447,4
MCF7,4.0,A133,6,1,60.0,0.07545613497495651,0.001006984617561102,0.0759381651878357,0.0009768129093572497,0.07927513867616653,0.00044394168071448803,0.12102636694908142,0.0387645922601223,0.09758222,0.108357735,5
MCF7,4.0,A133,7,1,60.0,0.04205390438437462,6.2791325035505e-05,0.04205390438437462,6.2791325035505e-05,0.041003499180078506,3.428155105211772e-05,0.06761167198419571,0.020997565239667892,0.045433454,0.04838291,1
MCF7,4.0,A133,7,1,60.0,0.03964858874678612,0.0011067421874031425,0.05033811926841736,0.0008670362876728177,0.03879300504922867,0.000525483803357929,0.11948321014642715,0.0,0.056932554,0.0678778,2
MCF7,4.0,A133,7,1,60.0,0.048928938806056976,7.922985969344154e-05,0.048928938806056976,7.922985969344154e-05,0.04632172733545303,6.323985144263133e-05,0.0738181620836258,0.020299876108765602,0.052673306,0.05659275,3
MCF7,4.0,A133,7,1,60.0,0.03556768223643303,0.0005171304801478982,0.046390533447265625,0.0001724098838167265,0.04094087705016136,0.00011592552618822083,0.0864284560084343,0.0018166059162467718,0.049486946,0.05446284,4
MCF7,4.0,A133,7,1,60.0,0.04884561151266098,0.00042783981189131737,0.04976162686944008,0.00039028062019497156,0.035884756594896317,0.00031983095686882734,0.09226018935441971,0.0,0.050463337,0.059373386,5
MCF7,4.0,A133,7,1,60.0,0.05308147892355919,0.0003156360471621156,0.05310983955860138,0.000314298493321985,0.044448260217905045,0.00011536846432136372,0.07270358502864838,0.008459856733679771,0.05284269,0.05748808,6
MCF7,4.0,A133,7,1,60.0,0.06100503355264664,0.00017874053446576,0.06100503355264664,0.00017874053446576,0.052159663289785385,9.984625648939982e-05,0.0741676315665245,0.028563283383846283,0.06054316,0.064015485,7
MCF7,4.0,A133,8,1,60.0,0.04974813386797905,8.718782919459045e-05,0.04974813386797905,8.718782919459045e-05,0.05182725936174393,3.515225398587063e-05,0.07034096121788025,0.033799055963754654,0.056531664,0.059431773,1
MCF7,4.0,A133,8,1,60.0,0.05344102159142494,0.0001187039670185186,0.05344102159142494,0.0001187039670185186,0.050306085497140884,2.3972217604750767e-05,0.06292269378900528,0.035178717225790024,0.054206166,0.05599077,2
MCF7,4.0,A133,8,1,60.0,0.056109458208084106,0.00040600186912342906,0.05704117938876152,0.00035959729575552046,0.050400860607624054,0.00019883151981048286,0.10520325601100922,0.0128990663215518,0.06150549,0.06900114,3
MCF7,4.0,A133,8,1,60.0,0.020159628242254257,0.0005566317704506218,0.042597558349370956,0.00022036928567104042,0.03479385003447533,0.00012551018153317273,0.07365181297063828,0.00509200943633914,0.043556273,0.049675163,4
MCF7,4.0,A133,8,1,60.0,0.06555961072444916,0.00046191332512535155,0.06591560691595078,0.0004409565299283713,0.05975961685180664,0.0003470894880592823,0.08280660212039948,0.0,0.07196932,0.07528629,5
MCF7,4.0,A133,9,1,60.0,0.050518132746219635,0.00042641389882192016,0.05172646418213844,0.0003741105319932103,0.054772038012742996,4.7791250835871324e-05,0.07631568610668182,0.02766289748251438,0.06005786,0.06336204,1
MCF7,4.0,A133,9,1,60.0,0.05381850525736809,0.00018203322542831302,0.05381850525736809,0.00018203322542831302,0.05389971658587456,6.609323463635519e-05,0.08035732060670853,0.02623337134718895,0.060415342,0.06393543,2
MCF7,4.0,A133,9,1,60.0,0.06241545453667641,0.0002918261743616313,0.06243785098195076,0.00029053280013613403,0.05872499197721481,7.471026765415445e-05,0.08884256333112717,0.029723096638917923,0.06568789,0.06968941,3
MCF7,4.0,A133,9,1,60.0,0.0728083997964859,0.0006257505156099796,0.07312404364347458,0.0006053828401491046,0.06437888741493225,0.0001054646199918352,0.09199512749910355,0.037618059664964676,0.07271828,0.07811942,4
MCF7,4.0,A133,9,1,60.0,0.11534197628498077,0.0014984541339799762,0.11543876677751541,0.001488537061959505,0.1342163234949112,8.102828724076971e-05,0.1541081666946411,0.11215014010667801,0.14150131,0.14577617,5
MCF7,4.0,A133,9,1,60.0,0.08029836416244507,0.0015787866432219744,0.08735591918230057,0.0011010287562385201,0.07716507464647293,0.00023451926244888455,0.11926551908254623,0.030718326568603516,0.08945592,0.09550642,6
MCF7,4.0,A133,9,1,60.0,0.05609363690018654,0.00021900163847021759,0.056680649518966675,0.00018802085833158344,0.05019195005297661,8.248986705439165e-05,0.07834913581609726,0.020108111202716827,0.05734085,0.06154204,7
MCF7,6.0,A133,0,1,60.0,0.051403507590293884,0.00018747766443993896,0.051403507590293884,0.00018747766443993896,0.051561389118433,0.00011898932280018926,0.08480484783649445,0.018625956028699875,0.060338188,0.06527249,1
MCF7,6.0,A133,0,1,60.0,0.04031245410442352,0.00034835372935049236,0.0408874936401844,0.000329810893163085,0.03305381163954735,0.00020795583259314299,0.07428151369094849,0.0,0.044648387,0.051133018,2
MCF7,6.0,A133,0,1,60.0,0.026090512052178383,0.0006286033312790096,0.03953612968325615,0.00042096312972716987,0.03822581097483635,0.000419061427237466,0.0801144391298294,0.0,0.053480756,0.06253169,3
MCF7,6.0,A133,0,1,60.0,0.05306606367230415,0.00022869673557579517,0.05310378223657608,0.00022685642761643976,0.04839183762669563,0.00028601111262105405,0.07802079617977142,0.0069337994791567326,0.0618904,0.06660448,4
MCF7,6.0,A133,0,1,60.0,0.047352228313684464,0.0003072941326536238,0.04745103418827057,0.00030324666295200586,0.047757744789123535,0.00021149149688426405,0.09715259075164795,0.004878043197095394,0.059376307,0.06618356,5
MCF7,6.0,A133,0,1,60.0,0.05110616981983185,0.0003380286507308483,0.05115823075175285,0.0003357096284162253,0.04344399645924568,0.00015956103743519634,0.07463257014751434,0.004477909300476313,0.053635973,0.058787886,6
MCF7,6.0,A133,1,1,60.0,0.024845333769917488,0.00019310864445287734,0.025721246376633644,0.00017738704627845436,0.02032201550900936,0.00014157325495034456,0.07238966226577759,0.0,0.030031493,0.035687085,1
MCF7,6.0,A133,1,1,60.0,0.023295728489756584,0.00016807914653327316,0.024133870378136635,0.00015389869804494083,0.02534906193614006,0.0001461999345337972,0.07270131260156631,0.0,0.03463286,0.041367307,2
MCF7,6.0,A133,1,1,60.0,0.042631447315216064,0.00018962909234687686,0.04267677292227745,0.00018789638124872,0.043192751705646515,0.00016873737331479788,0.07767681032419205,0.0,0.053622697,0.05935433,3
MCF7,6.0,A133,1,1,60.0,0.032617442309856415,0.00023079525271896273,0.03310377523303032,0.00021813690545968711,0.03142450377345085,0.0001501009683124721,0.06907609850168228,0.0,0.041276272,0.047181036,4
MCF7,6.0,A133,1,1,60.0,0.03185213357210159,9.270892769563943e-05,0.03185340762138367,9.267203859053552e-05,0.027753988280892372,6.449998909374699e-05,0.05100105702877045,0.007992146536707878,0.03421154,0.037843887,5
MCF7,6.0,A133,1,1,60.0,0.03154391050338745,6.881279841763899e-05,0.031549904495477676,6.863682938273996e-05,0.028917158022522926,5.285940642352216e-05,0.05368463695049286,0.004443335812538862,0.034564976,0.037652165,6
MCF7,6.0,A133,1,1,60.0,0.03434949740767479,7.130589801818132e-05,0.03435550630092621,7.111184095265344e-05,0.03409108147025108,4.899977284367196e-05,0.05213576555252075,0.015955284237861633,0.03976254,0.042874657,7
MCF7,6.0,A133,1,1,60.0,0.034848328679800034,0.0001327098871115595,0.034914448857307434,0.00013065297389402986,0.03934454917907715,5.4237531003309414e-05,0.05882477015256882,0.018768280744552612,0.045289036,0.04899638,8
MCF7,6.0,A133,1,1,60.0,0.03840852156281471,0.00014792675210628659,0.0384465716779232,0.00014661041495855898,0.031186770647764206,6.958402809686959e-05,0.05408022180199623,0.007412860170006752,0.03780814,0.041275293,9
MCF7,6.0,A133,2,1,60.0,0.04503945633769035,0.0002347137196920812,0.04509232938289642,0.00023260488524101675,0.03814662620425224,0.00015667661500629038,0.06353306770324707,0.008927232585847378,0.04814603,0.05267811,1
MCF7,6.0,A133,2,1,60.0,0.046666424721479416,0.00014430523151531816,0.04689036309719086,0.0001344969350611791,0.04049962759017944,6.008845957694575e-05,0.05870101973414421,0.015605282969772816,0.046557046,0.049821604,2
MCF7,6.0,A133,2,1,60.0,0.05295680835843086,7.874328002799302e-05,0.05295680835843086,7.874328002799302e-05,0.05271579325199127,9.728407167131081e-05,0.07008090615272522,0.029667865484952927,0.06033652,0.063427,3
MCF7,6.0,A133,2,1,60.0,0.05209321901202202,0.00037547366810031235,0.05222508683800697,0.0003695372142829001,0.04409917816519737,0.0002293448051204905,0.08753273636102676,0.0,0.056203973,0.06331285,4
MCF7,6.0,A133,3,1,60.0,0.05586434528231621,6.150299304863438e-05,0.05586434528231621,6.150299304863438e-05,0.054645005613565445,4.415550210978836e-05,0.07341176271438599,0.034313980489969254,0.06004976,0.063075185,1
MCF7,6.0,A133,3,1,60.0,0.05318222939968109,0.00011595810065045953,0.053507231175899506,9.927676001098007e-05,0.03802192211151123,0.0004301364824641496,0.06670130044221878,0.0,0.054681797,0.0603677,2
MCF7,6.0,A133,3,1,60.0,0.045817069709300995,0.00010194983042310923,0.045821577310562134,0.00010175337956752628,0.03731006383895874,4.137923679081723e-05,0.05354607105255127,0.019039371982216835,0.04244238,0.045446113,3
MCF7,6.0,A133,3,1,60.0,0.04743419215083122,6.866120384074748e-05,0.04743419215083122,6.866120384074748e-05,0.04663768410682678,3.408507473068312e-05,0.0658937320113182,0.02611609362065792,0.05135025,0.053976133,4
MCF7,6.0,A133,3,1,60.0,0.04143010452389717,4.2890482291113585e-05,0.04143010452389717,4.2890482291113585e-05,0.03877187520265579,3.76621464965865e-05,0.05954967439174652,0.01904851756989956,0.043607697,0.046552762,5
MCF7,6.0,A133,3,1,60.0,0.04772164672613144,8.800579962553456e-05,0.047832686454057693,8.289938705274835e-05,0.04360172152519226,5.9313599194865674e-05,0.06412237882614136,0.0,0.049434137,0.05272924,6
MCF7,6.0,A133,3,1,60.0,0.05666326731443405,7.244884909596294e-05,0.05666326731443405,7.244884909596294e-05,0.05156060308218002,3.7790883652633056e-05,0.0720260888338089,0.03339069336652756,0.05644227,0.059428222,7
MCF7,6.0,A133,3,1,60.0,0.08419950306415558,0.0006661104271188378,0.08909909427165985,0.00026832279399968684,0.05140203237533569,0.001336966990493238,0.10302848368883133,0.0,0.080055796,0.08552131,8
MCF7,6.0,A133,4,1,60.0,0.040986914187669754,0.00036300820647738874,0.0481407530605793,8.197636634577066e-05,0.04691840335726738,8.257784793386236e-05,0.06654556095600128,0.012324809096753597,0.053588964,0.05678325,1
MCF7,6.0,A133,4,1,60.0,0.06736905872821808,0.0002436554932501167,0.06737179309129715,0.0002434808120597154,0.0631098598241806,0.00028303617727942765,0.10680696368217468,0.016959553584456444,0.076813474,0.0842107,2
MCF7,6.0,A133,4,1,60.0,0.06808400899171829,0.00018263318634126335,0.06808400899171829,0.00018263318634126335,0.06578939408063889,0.00036791860475204885,0.14509086310863495,0.03223966062068939,0.08019823,0.094291605,3
MCF7,6.0,A133,5,1,60.0,0.029348453506827354,0.0010690763592720032,0.06289933621883392,0.00018090670346282423,0.059772882610559464,0.00012446800246834755,0.0944669246673584,0.03115374781191349,0.068626024,0.07431211,1
MCF7,6.0,A133,5,1,60.0,0.07892262190580368,0.0002698524040170014,0.07918529212474823,0.0002499518741387874,0.08341546356678009,0.00022304622689262033,0.13881948590278625,0.026072761043906212,0.09538019,0.10209428,2
MCF7,6.0,A133,5,1,60.0,0.05276060849428177,0.0001116808780352585,0.05276060849428177,0.0001116808780352585,0.04883474484086037,0.00010157474753214046,0.08518000692129135,0.02088909223675728,0.05668718,0.061646022,3
MCF7,6.0,A133,5,1,60.0,0.0496891550719738,0.00027339012012816966,0.05161793529987335,0.0001844426733441651,0.049076054245233536,0.00010972220479743555,0.07595261931419373,0.012485494837164879,0.057257824,0.06111749,4
MCF7,6.0,A133,5,1,60.0,0.06883236765861511,0.00016928162949625403,0.06883236765861511,0.00016928162949625403,0.06909943372011185,0.00019364322361070663,0.12054086476564407,0.0343734472990036,0.08018844,0.08811202,5
MCF7,6.0,A133,5,1,60.0,0.04190637171268463,0.0001774885895429179,0.04210248589515686,0.00017006219422910362,0.033868446946144104,0.0001380096364300698,0.05564909428358078,0.0,0.042506054,0.046226863,6
MCF7,6.0,A133,5,1,60.0,0.04060770198702812,0.0003115008876193315,0.04423610866069794,0.00017882767133414745,0.037575364112854004,0.00016152542957570404,0.057770393788814545,0.002504367846995592,0.04761821,0.050429147,7
MCF7,6.0,A133,6,1,60.0,0.05633273720741272,0.00010704553278628737,0.05633273720741272,0.00010704553278628737,0.05876137688755989,0.00013463351933751255,0.08507215976715088,0.02783016674220562,0.06827904,0.07278725,1
MCF7,6.0,A133,6,1,60.0,0.039402950555086136,7.660442497581244e-05,0.03940435126423836,7.655171066289768e-05,0.0404236800968647,8.942910062614828e-05,0.0707402378320694,0.0,0.047540423,0.052008457,2
MCF7,6.0,A133,6,1,60.0,0.06298059225082397,0.0002850747259799391,0.06301260739564896,0.0002832020400092006,0.06455378979444504,0.0007781152962706983,0.13104023039340973,0.0,0.08906064,0.10231847,3
MCF7,6.0,A133,6,1,60.0,0.03951114043593407,0.00012884267198387533,0.03954707086086273,0.00012753895134665072,0.03369728475809097,5.6754328397801146e-05,0.06564714014530182,0.0045697009190917015,0.039190598,0.042630937,4
MCF7,6.0,A133,6,1,60.0,0.039492540061473846,0.00011241825268371031,0.039493754506111145,0.0001123736219597049,0.03747475892305374,0.00010079253843287006,0.0684608593583107,0.008728058077394962,0.045496568,0.050206825,5
MCF7,6.0,A133,7,1,60.0,0.10693282634019852,0.0004363908083178103,0.10705236345529556,0.00042408204171806574,0.11930381506681442,7.995162013685331e-05,0.13934743404388428,0.09626442939043045,0.12657873,0.12937003,1
MCF7,6.0,A133,7,1,60.0,0.08519554883241653,0.0001083815295714885,0.08519554883241653,0.0001083815295714885,0.0833381935954094,7.537996862083673e-05,0.10421038419008255,0.049307599663734436,0.09020703,0.09374763,2
MCF7,6.0,A133,7,1,60.0,0.081635482609272,0.00020495901117101312,0.08201914280653,0.0001744550681905821,0.07714767009019852,0.0001056766341207549,0.10727543383836746,0.04796798154711723,0.08550013,0.089752614,3
MCF7,6.0,A133,7,1,60.0,0.06959686428308487,0.0012435241369530559,0.08537545055150986,0.00017834472237154841,0.025706792250275612,0.0014452083269134164,0.11068141460418701,0.0,0.051413592,0.084632635,4
MCF7,6.0,A133,7,1,60.0,0.08556996285915375,0.0002598555583972484,0.08556996285915375,0.0002598555583972484,0.07351957261562347,0.00011346462270012125,0.09706003218889236,0.04752090573310852,0.08227565,0.08680533,5
MCF7,6.0,A133,8,1,60.0,0.07710971683263779,0.00019961033831350505,0.07710971683263779,0.00019961033831350505,0.08515528589487076,0.00030626344960182905,0.1524907797574997,0.03864678740501404,0.098983906,0.1081198,1
MCF7,6.0,A133,8,1,60.0,0.05604008957743645,6.392319482984021e-05,0.05604008957743645,6.392319482984021e-05,0.05595434084534645,4.05638747906778e-05,0.07744427770376205,0.03825800120830536,0.06099365,0.06398575,2
MCF7,6.0,A133,8,1,60.0,0.05065450444817543,6.955012941034511e-05,0.05065450444817543,6.955012941034511e-05,0.047723740339279175,4.799875387107022e-05,0.06765880435705185,0.02165886200964451,0.053280946,0.056074575,3
MCF7,6.0,A133,8,1,60.0,0.06029285490512848,0.00015496528067160398,0.06029285490512848,0.00015496528067160398,0.05742586404085159,9.803105058381334e-05,0.0855635553598404,0.027352845296263695,0.06541385,0.07028844,4
MCF7,6.0,A133,8,1,60.0,0.056368425488471985,0.00010260318231303245,0.056368425488471985,0.00010260318231303245,0.056726668030023575,9.076449350686744e-05,0.09760499000549316,0.028547149151563644,0.06426753,0.06906784,5
MCF7,6.0,A133,8,1,60.0,0.06388137489557266,0.00019052205607295036,0.06388137489557266,0.00019052205607295036,0.059817828238010406,0.00016091072757262737,0.10500204563140869,0.005805807653814554,0.0699381,0.076082565,6
MCF7,6.0,A133,8,1,60.0,0.05866580456495285,0.00022085396631155163,0.05866711214184761,0.00022078222536947578,0.05734165012836456,0.00013478350592777133,0.08491501957178116,0.024754581972956657,0.06673684,0.07107646,7
MCF7,6.0,A133,8,1,60.0,0.05960638076066971,0.0002825476403813809,0.0597064308822155,0.0002770482678897679,0.051684003323316574,0.0002037247468251735,0.07938011735677719,0.0,0.061250392,0.06442755,8
MCF7,6.0,A133,9,1,60.0,0.04460359737277031,0.0002520693524274975,0.04491662234067917,0.00023977855744305998,0.05033409222960472,0.00015922487364150584,0.09694316983222961,0.01141721848398447,0.060187448,0.06668462,1
MCF7,6.0,A133,9,1,60.0,0.04036326706409454,0.0003563861537259072,0.041541215032339096,0.00031785352621227503,0.026780620217323303,0.00020684600167442113,0.07859773933887482,0.0,0.038413852,0.045011446,2
MCF7,6.0,A133,9,1,60.0,0.05867808684706688,0.0002267833478981629,0.05868177115917206,0.00022658135276287794,0.05672769621014595,0.00013082273653708398,0.08548714220523834,0.025430167093873024,0.06612809,0.07144058,3
MCF7,6.0,A133,9,1,60.0,0.07210827618837357,0.00040399408317171037,0.07210827618837357,0.00040399408317171037,0.0984688550233841,0.0004990499000996351,0.16252660751342773,0.05202001333236694,0.11728352,0.1279611,4
MCF7,6.0,A133,9,1,60.0,0.049453265964984894,0.00019260920817032456,0.04945753514766693,0.00019241476547904313,0.04757251590490341,0.00017057453806046396,0.08372253179550171,0.00825070682913065,0.057998985,0.06392542,5
MCF7,2.0,A199,0,2,70.0,0.8927182555198669,0.00044223712757229805,0.8927182555198669,0.00044223712757229805,0.8901013135910034,0.00032515195198357105,0.9234364032745361,0.8260757327079773,0.9045721,0.9097455,1
MCF7,2.0,A199,0,2,70.0,0.03309595584869385,0.0006412678048945963,0.040941204875707626,0.00047208357136696577,0.034273333847522736,0.000376242765923962,0.13500119745731354,0.0,0.049263265,0.05948228,2
MCF7,2.0,A199,1,2,70.0,0.013989045284688473,9.257320925826207e-05,0.015198267996311188,8.219720621127635e-05,0.009684178978204727,6.777095404686406e-05,0.03539096191525459,0.0,0.016590146,0.021192186,1
MCF7,2.0,A199,1,2,70.0,0.017327385023236275,0.00019670008623506874,0.019225992262363434,0.00018175039440393448,0.011728817597031593,7.93237704783678e-05,0.047952622175216675,0.0,0.018862298,0.023796929,2
MCF7,2.0,A199,10,2,70.0,0.09411290287971497,0.000252510275458917,0.09411290287971497,0.000252510275458917,0.09155844151973724,0.0002768224512692541,0.12365323305130005,0.037845857441425323,0.10519753,0.11107649,1
MCF7,2.0,A199,10,2,70.0,0.10413713753223419,0.00040291945333592594,0.10413713753223419,0.00040291945333592594,0.099521704018116,0.0004921698709949851,0.1509169638156891,0.053245145827531815,0.11783721,0.12794095,2
MCF7,2.0,A199,10,2,70.0,0.0897546261548996,0.0002974806702695787,0.0897546261548996,0.0002974806702695787,0.07645747810602188,0.0001962557143997401,0.1142546683549881,0.038471102714538574,0.08783509,0.09389307,3
MCF7,2.0,A199,10,2,70.0,0.08424264192581177,0.0004323954344727099,0.08424264192581177,0.0004323954344727099,0.07317513227462769,0.00030786124989390373,0.10873771458864212,0.01605837233364582,0.08711237,0.09303153,4
MCF7,2.0,A199,11,2,70.0,0.02855367586016655,0.0017146453028544784,0.07076390832662582,0.00126240449026227,0.055906862020492554,0.000911940704099834,0.1483900249004364,0.0,0.0802146,0.09664908,1
MCF7,2.0,A199,11,2,70.0,0.06444026529788971,0.0004086829430889338,0.06452043354511261,0.00040401899605058134,0.05802471563220024,0.00018705289403442293,0.11152531951665878,0.010647916235029697,0.06862637,0.075802125,2
MCF7,2.0,A199,11,2,70.0,0.05308748781681061,0.00039302444201894104,0.0539449006319046,0.0003531191614456475,0.040431518107652664,5.7912737247534096e-05,0.06160791590809822,0.014389000833034515,0.0464589,0.049785014,3
MCF7,2.0,A199,11,2,70.0,0.07607043534517288,0.00044448053813539445,0.07607609778642654,0.0004440827760845423,0.06540931761264801,0.0001982652465812862,0.11485183984041214,0.028928428888320923,0.07662866,0.08451552,4
MCF7,2.0,A199,11,2,70.0,0.10780143737792969,0.0011029023444280028,0.10780143737792969,0.0011029023444280028,0.07977467030286789,0.00011815145990112796,0.11404222249984741,0.04224912077188492,0.08858694,0.09343709,5
MCF7,2.0,A199,12,2,70.0,0.07623820006847382,0.0002858208608813584,0.07623820006847382,0.0002858208608813584,0.06784611940383911,6.382132414728403e-05,0.09514202922582626,0.04436919465661049,0.07413974,0.07795438,1
MCF7,2.0,A199,12,2,70.0,0.09382043778896332,0.0003752551565412432,0.09382043778896332,0.0003752551565412432,0.08441191911697388,4.13944580941461e-05,0.09568414837121964,0.06956726312637329,0.089478575,0.092105016,2
MCF7,2.0,A199,12,2,70.0,0.10604086518287659,0.0008033832418732345,0.10604086518287659,0.0008033832418732345,0.082326240837574,0.0001488568086642772,0.12091758102178574,0.052929893136024475,0.09209097,0.09826598,3
MCF7,2.0,A199,13,2,70.0,0.06103866919875145,0.0002727961109485477,0.061045531183481216,0.00027240783674642444,0.05059229955077171,9.374241926707327e-05,0.07700814306735992,0.02356680855154991,0.058386784,0.062749244,1
MCF7,2.0,A199,13,2,70.0,0.07364983856678009,0.0003919144219253212,0.07365230470895767,0.00039174611447378993,0.05716587230563164,8.355137833859771e-05,0.08094727993011475,0.03192155435681343,0.06459362,0.06838832,2
MCF7,2.0,A199,13,2,70.0,0.08760134130716324,0.0006750946631655097,0.08760231733322144,0.0006750163738615811,0.06864394247531891,0.0002530039637349546,0.11582204699516296,0.023784659802913666,0.08140819,0.08898705,3
MCF7,2.0,A199,14,2,70.0,0.08697757124900818,0.0003393501101527363,0.08698279410600662,0.00033891608472913504,0.08247857540845871,0.0001365593052469194,0.10293134301900864,0.048347167670726776,0.091938674,0.096233115,1
MCF7,2.0,A199,14,2,70.0,0.08766023069620132,0.0003094697021879256,0.08766023069620132,0.0003094697021879256,0.07821466028690338,0.00012307455472182482,0.10143498331308365,0.04226559028029442,0.08732716,0.09164856,2
MCF7,2.0,A199,14,2,70.0,0.08296535164117813,0.0003676747437566519,0.08419915288686752,0.0002692566777113825,0.07428248971700668,6.689549627481028e-05,0.09408718347549438,0.0535271093249321,0.0808198,0.084708855,3
MCF7,2.0,A199,14,2,70.0,0.09061969816684723,0.00035898617352358997,0.0906401127576828,0.0003572163113858551,0.0811857208609581,0.00010391820251243189,0.12059585005044937,0.05196959897875786,0.089287475,0.0942487,4
MCF7,2.0,A199,14,2,70.0,0.07834837585687637,0.0003825514577329159,0.07868977636098862,0.00035735388519242406,0.06814774870872498,0.0001792549155652523,0.11187955737113953,0.019280940294265747,0.07831534,0.08482925,5
MCF7,2.0,A199,14,2,70.0,0.047056373208761215,0.0011733839055523276,0.06858706474304199,0.00023354041331913322,0.06204403564333916,4.2390183807583526e-05,0.07671426236629486,0.041066043078899384,0.06728401,0.06988359,6
MCF7,2.0,A199,2,2,70.0,0.046021103858947754,0.0008477411465719342,0.049565281718969345,0.0007373593398369849,0.043428342789411545,0.000679721706546843,0.1465224325656891,0.0,0.06403256,0.07702029,1
MCF7,2.0,A199,2,2,70.0,0.023999696597456932,0.00030282328953035176,0.030842745676636696,0.0001781091559678316,0.025865934789180756,0.00010791105160024017,0.05456385761499405,0.0,0.034095913,0.038506083,2
MCF7,2.0,A199,2,2,70.0,0.04757818952202797,0.00021349517919588834,0.047589268535375595,0.00021301742526702583,0.0416695736348629,0.00010867333185160533,0.08287462592124939,0.011473774909973145,0.04997236,0.054793563,3
MCF7,2.0,A199,2,2,70.0,0.02673792839050293,0.00037199477083049715,0.03602984547615051,0.00016648352902848274,0.028480540961027145,3.997009480372071e-05,0.045764174312353134,0.009531074203550816,0.033392727,0.036060166,4
MCF7,2.0,A199,3,2,70.0,0.014744437299668789,0.00018377213564235717,0.018540792167186737,0.00016070183482952416,0.01575368270277977,2.5918152459780686e-05,0.029757019132375717,0.002940160920843482,0.019809956,0.021821106,1
MCF7,2.0,A199,3,2,70.0,0.037570271641016006,0.0020808230619877577,0.060931816697120667,0.0019512365106493235,0.03624613583087921,0.001236660755239427,0.1508164405822754,0.0,0.06430562,0.087073736,2
MCF7,2.0,A199,3,2,70.0,0.11296387761831284,0.01020013727247715,0.1724652647972107,0.005310927517712116,0.13534046709537506,0.0018242326332256198,0.21083861589431763,0.02928190678358078,0.1711408,0.19058506,3
MCF7,2.0,A199,4,2,70.0,0.10304459929466248,0.0014857586938887835,0.10307291895151138,0.0014832480810582638,0.08921119570732117,0.0007084714015945792,0.19714193046092987,0.0,0.11011477,0.12357734,1
MCF7,2.0,A199,4,2,70.0,0.10797121375799179,0.0028596995398402214,0.11228089034557343,0.0024899502750486135,0.09900494664907455,0.002030332572758198,0.36695173382759094,0.0,0.13376811,0.15824017,2
MCF7,2.0,A199,5,2,70.0,0.03657592833042145,0.0007224452565424144,0.0414767861366272,0.0006159748299978673,0.036811597645282745,0.0003123772330582142,0.08529157191514969,0.0,0.05123973,0.059511017,1
MCF7,2.0,A199,5,2,70.0,0.03943046182394028,0.0005706428783014417,0.04497765377163887,0.0004014229343738407,0.04683027043938637,0.00015344849089160562,0.08474553376436234,0.021362891420722008,0.05708018,0.06207092,2
MCF7,2.0,A199,5,2,70.0,0.03467486426234245,0.0011693480191752315,0.04935603216290474,0.0009398401016369462,0.03693336248397827,0.0005985783063806593,0.09374464303255081,0.0,0.057230514,0.068996795,3
MCF7,2.0,A199,5,2,70.0,0.028082842007279396,0.0025261228438466787,0.052578650414943695,0.0034416259732097387,0.03909029811620712,9.531620162306353e-05,0.07377898693084717,0.02167830616235733,0.046407055,0.05195892,4
MCF7,2.0,A199,5,2,70.0,0.06213203817605972,0.002163786208257079,0.07337284833192825,0.0017304840730503201,0.05644293501973152,0.0009923505131155252,0.1398627758026123,0.0,0.08263664,0.09702996,5
MCF7,2.0,A199,5,2,70.0,0.18298637866973877,0.05152451992034912,0.18654893338680267,0.05186305567622185,0.06262721121311188,0.0008338998886756599,0.13051490485668182,0.0,0.08537965,0.1018208,6
MCF7,2.0,A199,6,2,70.0,0.06302142888307571,0.0008799937786534429,0.06761131435632706,0.0006337562808766961,0.0749429389834404,0.00010931531141977757,0.09621277451515198,0.04589918628334999,0.08376093,0.087653406,1
MCF7,2.0,A199,6,2,70.0,0.04941307380795479,0.0004914168966934085,0.050133395940065384,0.00046246813144534826,0.040404170751571655,0.00013404326455201954,0.08576828241348267,0.0070831505581736565,0.049524155,0.054977253,2
MCF7,2.0,A199,6,2,70.0,0.056032538414001465,0.0002471872139722109,0.056037578731775284,0.0002469266764819622,0.05080481991171837,8.47983465064317e-05,0.07043151557445526,0.02113267406821251,0.057913084,0.061678946,3
MCF7,2.0,A199,6,2,70.0,0.054923683404922485,0.0001392643607687205,0.054923683404922485,0.0001392643607687205,0.05595329403877258,0.00012448284542188048,0.10556091368198395,0.02542753331363201,0.06478264,0.07075353,4
MCF7,2.0,A199,6,2,70.0,0.05317659676074982,0.0005142083391547203,0.05384296178817749,0.00048477278323844075,0.04380005970597267,0.00010319495049770921,0.07256580144166946,0.0076951221562922,0.05170964,0.055880263,5
MCF7,2.0,A199,6,2,70.0,0.056165698915719986,0.0004752964887302369,0.05628427490592003,0.00046962586930021644,0.0551333874464035,0.00017735216533765197,0.09085354208946228,0.0,0.06466582,0.06992158,6
MCF7,2.0,A199,7,2,70.0,0.050980791449546814,0.00015147113299462944,0.050987888127565384,0.00015113034169189632,0.05186114460229874,9.622881043469533e-05,0.0870671272277832,0.023342091590166092,0.059525706,0.06494613,1
MCF7,2.0,A199,7,2,70.0,0.052524447441101074,0.0001822968915803358,0.05255447328090668,0.00018082311726175249,0.05592463165521622,0.00012143728963565081,0.07521043717861176,0.025756241753697395,0.06448387,0.06788875,2
MCF7,2.0,A199,7,2,70.0,0.058129988610744476,0.00032997451489791274,0.058303941041231155,0.00032081970130093396,0.05603044107556343,0.0001358430163236335,0.10628171265125275,0.021982111036777496,0.06519411,0.071156956,3
MCF7,2.0,A199,8,2,70.0,0.04003019258379936,0.0008119854028336704,0.05383862182497978,0.0003486531786620617,0.043216828256845474,0.0002131599758286029,0.07888462394475937,0.0007736870320513844,0.054944042,0.06185218,1
MCF7,2.0,A199,8,2,70.0,0.06952204555273056,0.0005230376264080405,0.07032302021980286,0.0004727366322185844,0.06744682788848877,0.0006457103881984949,0.11009588092565536,0.0039961375296115875,0.08910362,0.09631144,2
MCF7,2.0,A199,8,2,70.0,0.04067564755678177,0.0006904398323968053,0.05218219384551048,0.00028531841235235333,0.04300966486334801,7.038919284241274e-05,0.07406768202781677,0.023369068279862404,0.049783576,0.05421816,3
MCF7,2.0,A199,8,2,70.0,0.05030162259936333,0.0008654629928059876,0.05619671940803528,0.0006356056546792388,0.036933306604623795,0.00025835950509645045,0.08046955615282059,0.0007097384077496827,0.049771797,0.058029335,4
MCF7,2.0,A199,8,2,70.0,0.049484845250844955,0.00042974305688403547,0.05414623022079468,0.00021782747353427112,0.046820018440485,0.00012623483780771494,0.08130568265914917,0.025538351386785507,0.055336967,0.063081115,5
MCF7,2.0,A199,9,2,70.0,0.042704515159130096,0.00029944980633445084,0.04289838299155235,0.00029249227372929454,0.03581079840660095,0.00017631729133427143,0.08418196439743042,0.0,0.046296287,0.053300697,1
MCF7,2.0,A199,9,2,70.0,0.03544880077242851,0.00031867792131379247,0.03720821067690849,0.00026903057005256414,0.032669030129909515,0.00018114768317900598,0.08752459287643433,0.0,0.043376785,0.050013695,2
MCF7,2.0,A199,9,2,70.0,0.04351493716239929,0.000658959848806262,0.04658883064985275,0.0005622998578473926,0.03860953077673912,0.0005246083601377904,0.1549016833305359,0.0,0.056435827,0.06865755,3
MCF7,2.0,A199,9,2,70.0,0.015485926531255245,0.0005519621190614998,0.03958006575703621,0.0004570977471303195,0.033688001334667206,0.00035656505497172475,0.09505093842744827,0.0,0.048967022,0.05842052,4
MCF7,4.0,A199,0,2,70.0,0.0555872842669487,0.0002058788959402591,0.0555872842669487,0.0002058788959402591,0.05030146613717079,5.0119138904847205e-05,0.07929863035678864,0.031995389610528946,0.055762466,0.059693433,1
MCF7,4.0,A199,0,2,70.0,0.060669057071208954,0.00015247121336869895,0.060669057071208954,0.00015247121336869895,0.05652284994721413,5.6034237786661834e-05,0.07696119695901871,0.03256392851471901,0.06244058,0.06522316,2
MCF7,4.0,A199,0,2,70.0,0.04594781622290611,0.00010654850484570488,0.04594781622290611,0.00010654850484570488,0.04605592414736748,8.179647556971759e-05,0.0790901780128479,0.01676028221845627,0.053254988,0.05760508,3
MCF7,4.0,A199,0,2,70.0,0.0554792582988739,0.0003265856939833611,0.055506620556116104,0.0003252275928389281,0.046364668756723404,8.52786106406711e-05,0.07407825440168381,0.013126724399626255,0.05351182,0.057998694,4
MCF7,4.0,A199,1,2,70.0,0.0500001460313797,0.00024943239986896515,0.050606146454811096,0.00022178828658070415,0.04841110110282898,9.98794348561205e-05,0.0854075625538826,0.012508890591561794,0.05642195,0.061459493,1
MCF7,4.0,A199,1,2,70.0,0.05655413120985031,0.00017592235235497355,0.05656345188617706,0.00017542383284308016,0.052490200847387314,2.7407853849581443e-05,0.06895987689495087,0.034780822694301605,0.056633692,0.059081186,2
MCF7,4.0,A199,1,2,70.0,0.05234285444021225,0.0001936099724844098,0.05235288664698601,0.00019312184303998947,0.05051863193511963,2.8948576073162258e-05,0.06758131086826324,0.03508223593235016,0.054838944,0.057519525,3
MCF7,4.0,A199,1,2,70.0,0.07599147409200668,0.00035495852353051305,0.07599147409200668,0.00035495852353051305,0.07826977968215942,0.00029829240520484746,0.13044080138206482,0.04682663828134537,0.0928096,0.10004765,4
MCF7,4.0,A199,1,2,70.0,0.10052558779716492,0.002659503137692809,0.10055088251829147,0.0026576281525194645,0.09467131644487381,0.0020410458091646433,0.2049766331911087,0.0174284428358078,0.13506441,0.15670256,5
MCF7,4.0,A199,1,2,70.0,0.06765718758106232,0.00026293849805369973,0.06765718758106232,0.00026293849805369973,0.07473856955766678,0.0003497481229715049,0.10281950235366821,0.017800400033593178,0.09047517,0.0956417,6
MCF7,4.0,A199,10,2,70.0,0.03730025887489319,0.006475902162492275,0.08510104566812515,0.010706962086260319,0.1314033716917038,0.030687320977449417,0.6403806805610657,0.007602625992149115,0.22221427,0.37031958,1
MCF7,4.0,A199,10,2,70.0,0.039923135191202164,0.0004895200836472213,0.04350068420171738,0.0003777605015784502,0.04168348386883736,0.000499128713272512,0.1991734355688095,0.0,0.056350783,0.06836077,2
MCF7,4.0,A199,10,2,70.0,0.02127193473279476,0.00034149002749472857,0.0348191112279892,8.72697273734957e-05,0.0323454774916172,6.192623550305143e-05,0.058715034276247025,0.005778364837169647,0.038565524,0.042488825,3
MCF7,4.0,A199,10,2,70.0,0.0418546088039875,5.970205893390812e-05,0.0418546088039875,5.970205893390812e-05,0.038936831057071686,4.919792263535783e-05,0.0668809711933136,0.018530109897255898,0.044447318,0.04759453,4
MCF7,4.0,A199,10,2,70.0,0.056894004344940186,0.0003545106446836144,0.0569009855389595,0.0003541569458320737,0.048524294048547745,0.00024305927217938006,0.10812485963106155,0.016084149479866028,0.06052033,0.07046263,5
MCF7,4.0,A199,10,2,70.0,0.07211952656507492,0.0020558773539960384,0.07271081209182739,0.002029739785939455,0.04587465152144432,0.00011693809210555628,0.08264915645122528,0.026386968791484833,0.05447844,0.060537923,6
MCF7,4.0,A199,10,2,70.0,0.06170590966939926,0.00023753514687996358,0.06170590966939926,0.00023753514687996358,0.06545577943325043,0.00015323347179219127,0.10731584578752518,0.040142133831977844,0.07553565,0.08227689,7
MCF7,4.0,A199,11,2,70.0,0.03700120002031326,0.0005968226469121873,0.04102196916937828,0.0004967368440702558,0.0780901163816452,0.00013704306911677122,0.10734844952821732,0.03990136831998825,0.08737251,0.09316908,1
MCF7,4.0,A199,11,2,70.0,0.04195565730333328,0.00011895658826688305,0.04195565730333328,0.00011895658826688305,0.058157578110694885,2.4525208573322743e-05,0.0726599246263504,0.04733413830399513,0.062220037,0.064383395,2
MCF7,4.0,A199,11,2,70.0,0.05391667038202286,0.0007369743543677032,0.06189374625682831,0.0003522801853250712,0.004609841387718916,0.0001988675503525883,0.05457685515284538,0.0,0.009219684,0.018439367,3
MCF7,4.0,A199,11,2,70.0,0.06061257794499397,0.00036049148184247315,0.06265281140804291,0.00024479912826791406,0.04983639717102051,0.0010626596631482244,0.10982425510883331,0.0,0.07859384,0.08876586,4
MCF7,4.0,A199,11,2,70.0,0.0748843103647232,0.0002105599851347506,0.0748843103647232,0.0002105599851347506,0.07823672890663147,0.00010970474249916151,0.10241380333900452,0.05349835380911827,0.086951435,0.0904808,5
MCF7,4.0,A199,11,2,70.0,0.0381147526204586,0.00011832452582893893,0.03825196996331215,0.00011350167915225029,0.04268283396959305,5.4175696277525276e-05,0.05873413011431694,0.019953332841396332,0.048766036,0.05184188,6
MCF7,4.0,A199,11,2,70.0,0.053633056581020355,0.0007167189032770693,0.06339974701404572,0.00022802944295108318,0.005116876680403948,0.00017354231385979801,0.051790155470371246,0.0,0.010277116,0.020554231,7
MCF7,4.0,A199,11,2,70.0,0.04513298347592354,0.0010078864870592952,0.05073791369795799,0.0008486701990477741,0.08383595943450928,0.00101244926918298,0.13342007994651794,0.03433233126997948,0.11383528,0.12217974,8
MCF7,4.0,A199,11,2,70.0,0.024734975770115852,0.0007374309934675694,0.03382326662540436,0.0007009872351773083,0.06954780966043472,0.000320742663461715,0.11792777478694916,0.03049706667661667,0.083467245,0.095150866,9
MCF7,4.0,A199,11,2,70.0,0.0426146537065506,0.000996207818388939,0.046898044645786285,0.0008954585646279156,0.06891686469316483,0.0016199371311813593,0.14300991594791412,0.008102542720735073,0.10358769,0.12637879,10
MCF7,4.0,A199,11,2,70.0,0.0226272139698267,0.0004284286987967789,0.03171728923916817,0.0003122296475339681,0.04452497884631157,0.00010007078526541591,0.06996758282184601,0.015755292028188705,0.052587546,0.05732725,11
MCF7,4.0,A199,12,2,70.0,0.0481087863445282,0.000997578026726842,0.060017023235559464,0.0005298088653944433,0.05266520008444786,0.00012886845797766,0.08191074430942535,0.01568150706589222,0.061652705,0.06731046,1
MCF7,4.0,A199,12,2,70.0,0.0980156809091568,0.0015295972116291523,0.0980156809091568,0.0015295972116291523,0.06652065366506577,7.072699372656643e-05,0.0963808223605156,0.047913558781147,0.07321563,0.07795372,2
MCF7,4.0,A199,12,2,70.0,0.14542734622955322,0.002467816462740302,0.14542734622955322,0.002467816462740302,0.09070060402154922,0.00035648292396217585,0.14597606658935547,0.06010043993592262,0.10576238,0.11883628,3
MCF7,4.0,A199,12,2,70.0,0.08292509615421295,0.00041488849092274904,0.08293189853429794,0.00041435923776589334,0.05445841699838638,0.00047731565427966416,0.10363232344388962,0.0,0.072608896,0.0857404,4
MCF7,4.0,A199,12,2,70.0,0.06718002259731293,0.0006319505046121776,0.06767372041940689,0.0006031848606653512,0.04162635654211044,0.000814032566267997,0.11247063428163528,0.0002978025295305997,0.06521215,0.08333026,5
MCF7,4.0,A199,12,2,70.0,0.06622949987649918,0.0001749842194840312,0.06622949987649918,0.0001749842194840312,0.06838806718587875,0.00014308586833067238,0.0927627757191658,0.03732308745384216,0.077937916,0.08220648,6
MCF7,4.0,A199,12,2,70.0,0.058383598923683167,0.00014566245954483747,0.058383598923683167,0.00014566245954483747,0.05448644235730171,8.688856178196147e-05,0.0749339833855629,0.024583082646131516,0.061859474,0.065596655,7
MCF7,4.0,A199,13,2,70.0,0.05698297917842865,0.00016221043188124895,0.05698297917842865,0.00016221043188124895,0.049649253487586975,3.122118505416438e-05,0.06496255844831467,0.03522523120045662,0.054148737,0.05668141,1
MCF7,4.0,A199,13,2,70.0,0.1109183132648468,0.0011979697737842798,0.11341734230518341,0.0009415274253115058,0.08738120645284653,1.4270307474362198e-05,0.09461654722690582,0.07692992687225342,0.09028654,0.09234131,2
MCF7,4.0,A199,13,2,70.0,0.06218766048550606,0.0001160445244750008,0.06218766048550606,0.0001160445244750008,0.05353773385286331,4.979612276656553e-05,0.07173207402229309,0.02602367103099823,0.058931623,0.062276714,3
MCF7,4.0,A199,13,2,70.0,0.058062728494405746,0.00011557275138329715,0.058062728494405746,0.00011557275138329715,0.051404885947704315,2.4260378268081695e-05,0.07087214291095734,0.03718957304954529,0.05533418,0.057745323,4
MCF7,4.0,A199,13,2,70.0,0.06701868027448654,0.00016687370953150094,0.06701868027448654,0.00016687370953150094,0.058204274624586105,4.260639252606779e-05,0.07866400480270386,0.03829105198383331,0.06330904,0.0665418,5
MCF7,4.0,A199,13,2,70.0,0.0480244942009449,9.449682693229988e-05,0.0480244942009449,9.449682693229988e-05,0.04439540207386017,6.746880535501987e-05,0.06938539445400238,0.023275034502148628,0.050753303,0.055447545,6
MCF7,4.0,A199,13,2,70.0,0.06524724513292313,0.0001904262026073411,0.06524724513292313,0.0001904262026073411,0.05769766494631767,5.8204448578180745e-05,0.07603529095649719,0.034408796578645706,0.06383476,0.06707991,7
MCF7,4.0,A199,13,2,70.0,0.09663504362106323,0.0003792676725424826,0.09663504362106323,0.0003792676725424826,0.11480355262756348,0.00025680437101982534,0.147618368268013,0.07451225817203522,0.12795113,0.13354574,8
MCF7,4.0,A199,13,2,70.0,0.05901598557829857,0.0006522710900753736,0.05902939289808273,0.000651627779006958,0.045905355364084244,8.544164302293211e-05,0.08084376156330109,0.02234036475419998,0.053061225,0.0582863,9
MCF7,4.0,A199,13,2,70.0,0.08981268107891083,0.0005186274065636098,0.09001470357179642,0.0005016093491576612,0.06830032169818878,0.00020650841179303825,0.10040561854839325,0.04188104346394539,0.08048012,0.08755062,10
MCF7,4.0,A199,13,2,70.0,0.08077198266983032,0.00022701159468851984,0.08077198266983032,0.00022701159468851984,0.08896059542894363,7.969663420226425e-05,0.10503441095352173,0.0726357027888298,0.09700176,0.10079954,11
MCF7,4.0,A199,13,2,70.0,0.07458595931529999,0.0011056324001401663,0.07887202501296997,0.0008311165729537606,0.07415249198675156,0.00020831731671933085,0.10801279544830322,0.029157275334000587,0.08558742,0.09191505,12
MCF7,4.0,A199,13,2,70.0,0.07595336437225342,0.00037755107041448355,0.07595336437225342,0.00037755107041448355,0.06768789887428284,0.00031924067297950387,0.10648076981306076,0.02644837088882923,0.08217337,0.091468096,13
MCF7,4.0,A199,13,2,70.0,0.09079605340957642,0.0005876446375623345,0.090809166431427,0.0005865386920049787,0.07471304386854172,7.11999018676579e-05,0.09862512350082397,0.05432591214776039,0.081671275,0.085527554,14
MCF7,4.0,A199,14,2,70.0,0.04935969039797783,0.0024729904253035784,0.0759952962398529,0.0017832913435995579,0.11867799609899521,5.1379833166720346e-05,0.13872751593589783,0.10609264671802521,0.12463979,0.1283434,1
MCF7,4.0,A199,14,2,70.0,0.04450566694140434,0.0004492931766435504,0.04603972285985947,0.0003941523900721222,0.05050113797187805,3.539331737556495e-05,0.0671311467885971,0.029956793412566185,0.05529902,0.057817634,2
MCF7,4.0,A199,14,2,70.0,0.10652894526720047,0.0009012458613142371,0.10652894526720047,0.0009012458613142371,0.11646569520235062,0.00021370284957811236,0.15462452173233032,0.08661599457263947,0.12836637,0.13607338,3
MCF7,4.0,A199,14,2,70.0,0.23838140070438385,0.02847347781062126,0.23980578780174255,0.028302032500505447,0.2917572557926178,0.02139781229197979,0.463807612657547,0.044254329055547714,0.40987736,0.42458823,4
MCF7,4.0,A199,14,2,70.0,0.06686833500862122,0.0016060223570093513,0.07154674082994461,0.0013836618745699525,0.13500037789344788,0.0003312058106530458,0.17631609737873077,0.10135217010974884,0.1504699,0.15846772,5
MCF7,4.0,A199,14,2,70.0,0.11293424665927887,0.002842401387169957,0.12204894423484802,0.001959365326911211,0.13444849848747253,0.0006658415659330785,0.19290797412395477,0.08676615357398987,0.15662827,0.17013961,6
MCF7,4.0,A199,14,2,70.0,0.0592985600233078,0.001403593341819942,0.06343114376068115,0.0012392770731821656,0.07363218069076538,0.001427521463483572,0.11034423857927322,0.0,0.09757333,0.102828175,7
MCF7,4.0,A199,14,2,70.0,0.07256748527288437,0.0012485801707953215,0.0743323415517807,0.0011477603111416101,0.07254607230424881,0.00046108863898552954,0.10607150942087173,0.0,0.086690575,0.09270365,8
MCF7,4.0,A199,14,2,70.0,0.06562072783708572,0.0007756117847748101,0.06600749492645264,0.0007546539418399334,0.06627911329269409,7.072652078932151e-05,0.08830276131629944,0.044567663222551346,0.07349374,0.07709232,9
MCF7,4.0,A199,2,2,70.0,0.0587894469499588,0.00011018184886779636,0.05911713466048241,9.142370981862769e-05,0.016691770404577255,0.0008363238302990794,0.06863636523485184,0.0,0.03338354,0.06676708,1
MCF7,4.0,A199,2,2,70.0,0.07791610062122345,0.0004834311257582158,0.07791610062122345,0.0004834311257582158,0.08342105895280838,5.4516680393135175e-05,0.10066618770360947,0.06609146296977997,0.08937044,0.09275632,2
MCF7,4.0,A199,2,2,70.0,0.06361959129571915,0.00012598522880580276,0.06361959129571915,0.00012598522880580276,0.06495726853609085,4.947390698362142e-05,0.08144275844097137,0.049161236733198166,0.070873246,0.073975556,3
MCF7,4.0,A199,2,2,70.0,0.053597256541252136,0.0005544667947106063,0.05999215319752693,0.0002369787252973765,0.06066079065203667,3.703548281919211e-05,0.07521191239356995,0.045715056359767914,0.06549843,0.06816681,4
MCF7,4.0,A199,2,2,70.0,0.06324532628059387,0.00021934407413937151,0.06460930407047272,0.00013594896881841123,0.023816172033548355,0.00046224717516452074,0.054982949048280716,0.0,0.04370862,0.047058314,5
MCF7,4.0,A199,3,2,70.0,0.06522207707166672,0.00024403144198004156,0.06579741090536118,0.00020832900190725923,0.06736235320568085,0.0004743514582514763,0.11433712393045425,0.03654821962118149,0.08567272,0.098166846,1
MCF7,4.0,A199,3,2,70.0,0.04936233162879944,7.999544322956353e-05,0.04936395213007927,7.991824531927705e-05,0.05082906410098076,6.458380084950477e-05,0.07463955879211426,0.031020913273096085,0.057446055,0.061646853,2
MCF7,4.0,A199,3,2,70.0,0.08341295272111893,0.0003236799966543913,0.08341295272111893,0.0003236799966543913,0.07457411289215088,3.910048326360993e-05,0.08940152078866959,0.057298239320516586,0.07959168,0.08272883,3
MCF7,4.0,A199,3,2,70.0,0.15751421451568604,0.0033386682625859976,0.1578083634376526,0.0032984819263219833,0.15213946998119354,0.0022172785829752684,0.28375470638275146,0.022623365744948387,0.18998443,0.21367826,4
MCF7,4.0,A199,3,2,70.0,0.06429161131381989,0.0011947720777243376,0.06688608229160309,0.0010694523807615042,0.056433916091918945,0.00010092272714246064,0.0882595032453537,0.029324565082788467,0.064519584,0.06987555,5
MCF7,4.0,A199,3,2,70.0,0.14562368392944336,0.007907011546194553,0.14562368392944336,0.007907011546194553,0.1349865049123764,0.009599030949175358,0.5575815439224243,0.041030507534742355,0.18233512,0.24584226,6
MCF7,4.0,A199,3,2,70.0,0.19394704699516296,0.008833562955260277,0.21121646463871002,0.005972534418106079,0.2776065170764923,0.023935940116643906,0.6662235856056213,0.07744693011045456,0.40041193,0.5054538,7
MCF7,4.0,A199,4,2,70.0,0.06886765360832214,0.00023588626936543733,0.06886765360832214,0.00023588626936543733,0.07318179309368134,0.00029055256163701415,0.10495060682296753,0.03497500345110893,0.08749699,0.09652755,1
MCF7,4.0,A199,4,2,70.0,0.051636952906847,0.0005113239167258143,0.05551571771502495,0.00033440013066865504,0.0,0.0,0.0,0.0,0.0,0.0,2
MCF7,4.0,A199,4,2,70.0,0.06607268750667572,0.0007200058898888528,0.06607268750667572,0.0007200058898888528,0.05834869667887688,0.00010259146802127361,0.09650671482086182,0.026625923812389374,0.06638469,0.07149756,3
MCF7,4.0,A199,4,2,70.0,0.06059969961643219,0.00038155450602062047,0.060622669756412506,0.0003803069703280926,0.05289258807897568,0.0003249875153414905,0.08472326397895813,0.0,0.06651973,0.07243891,4
MCF7,4.0,A199,4,2,70.0,0.05628066509962082,0.000296114943921566,0.05629675090312958,0.0002952936920337379,0.052774082869291306,0.0002801484370138496,0.12845726311206818,0.0,0.06578212,0.074048564,5
MCF7,4.0,A199,4,2,70.0,0.05799747258424759,0.00010481215576874092,0.05799747258424759,0.00010481215576874092,0.049853209406137466,9.593806316843256e-05,0.07952672243118286,0.020897017791867256,0.057422135,0.06283939,6
MCF7,4.0,A199,5,2,70.0,0.062340859323740005,0.0004892321303486824,0.062340859323740005,0.0004892321303486824,0.044034216552972794,0.00010330192890251055,0.06371497362852097,0.01160843763500452,0.051206864,0.054175533,1
MCF7,4.0,A199,5,2,70.0,0.05954882130026817,0.00019195862114429474,0.05958399549126625,0.00018997624283656478,0.052601370960474014,5.882155892322771e-05,0.07602052390575409,0.029643669724464417,0.05864725,0.06261944,2
MCF7,4.0,A199,5,2,70.0,0.06025765836238861,0.00023945698922034353,0.06025765836238861,0.00023945698922034353,0.051036201417446136,0.00020601889991667122,0.09296555817127228,0.01413490530103445,0.06212439,0.07011028,3
MCF7,4.0,A199,5,2,70.0,0.06611672043800354,0.00032199861016124487,0.06643950939178467,0.0003021248849108815,0.06311464309692383,0.00022299557167571038,0.12288908660411835,0.011524715460836887,0.07492168,0.0823636,4
MCF7,4.0,A199,5,2,70.0,0.07148369401693344,0.000495215121190995,0.07158005982637405,0.0004889849806204438,0.06345526874065399,0.0002764850214589387,0.10129637271165848,0.01527086179703474,0.07690069,0.08208748,5
MCF7,4.0,A199,6,2,70.0,0.060206204652786255,0.0004171132168266922,0.06039802357554436,0.00040685661952011287,0.06372373551130295,5.490935291163623e-05,0.08470179885625839,0.0438501313328743,0.06967028,0.07348351,1
MCF7,4.0,A199,6,2,70.0,0.052352599799633026,0.00021697863121517003,0.05285331979393959,0.0001925891701830551,0.049452681094408035,0.00010939123603748158,0.0856785774230957,0.010040554217994213,0.05782469,0.06280272,2
MCF7,4.0,A199,6,2,70.0,0.06094628572463989,0.0005680025205947459,0.06130369007587433,0.000549422693438828,0.05457377806305885,0.0001982059475267306,0.10151082277297974,0.006972878705710173,0.06565977,0.07222944,3
MCF7,4.0,A199,7,2,70.0,0.19813334941864014,0.014623921364545822,0.19813334941864014,0.014623921364545822,0.3125855624675751,0.04126963019371033,0.6730321645736694,0.07009855657815933,0.49817672,0.5960802,1
MCF7,4.0,A199,7,2,70.0,0.08016858249902725,0.00037501336191780865,0.08283495903015137,0.00016661790141370147,0.010482972487807274,0.0003711588215082884,0.07012535631656647,0.0,0.021092242,0.042213023,2
MCF7,4.0,A199,7,2,70.0,0.07106654345989227,4.367296423879452e-05,0.07106654345989227,4.367296423879452e-05,0.06510653346776962,2.0281939214328304e-05,0.07754900306463242,0.05378158390522003,0.068682484,0.070849925,3
MCF7,4.0,A199,7,2,70.0,0.06551340967416763,0.0011750847334042192,0.07537712156772614,0.0006085076020099223,0.014826564118266106,0.0004885686794295907,0.07685846835374832,0.0,0.029653128,0.049348217,4
MCF7,4.0,A199,7,2,70.0,0.06068756803870201,0.0006462341407313943,0.06825295835733414,0.00021043405286036432,0.0012006922625005245,6.39145218883641e-05,0.054703883826732635,0.0,0.0024013845,0.004802769,5
MCF7,4.0,A199,7,2,70.0,0.08896615356206894,0.0009558015153743327,0.08896615356206894,0.0009558015153743327,0.05882955342531204,0.00010332110105082393,0.07867099344730377,0.045322198420763016,0.06839797,0.07408959,6
MCF7,4.0,A199,7,2,70.0,0.08952134847640991,0.0007656192174181342,0.08986596018075943,0.0007375983404926956,0.08423347026109695,0.0007433856371790171,0.13378161191940308,0.0,0.10343867,0.11056514,7
MCF7,4.0,A199,7,2,70.0,0.08003141731023788,0.0003876265836879611,0.08003141731023788,0.0003876265836879611,0.06861817836761475,0.0001563597470521927,0.10638164728879929,0.04284198582172394,0.07848209,0.08620653,8
MCF7,4.0,A199,8,2,70.0,0.02434629388153553,0.0005566494073718786,0.04031197726726532,0.00027807767037302256,0.03868010267615318,0.0001789992384146899,0.09109627455472946,0.0,0.0494267,0.056160826,1
MCF7,4.0,A199,8,2,70.0,0.06158524751663208,0.0007022679201327264,0.06292905658483505,0.0006330272299237549,0.05921032652258873,0.00015051825903356075,0.09028131514787674,0.025252629071474075,0.06924187,0.07511903,2
MCF7,4.0,A199,8,2,70.0,0.028200926259160042,0.0005208567017689347,0.04112261161208153,0.00022814027033746243,0.038502037525177,0.00013052555732429028,0.08202368766069412,0.004046152345836163,0.047756396,0.05269426,3
MCF7,4.0,A199,8,2,70.0,0.05317067354917526,0.0008710291585884988,0.06295891106128693,0.00041512117604725063,0.057650670409202576,0.0003698104410432279,0.13482531905174255,0.0019583855755627155,0.07295868,0.08227457,4
MCF7,4.0,A199,8,2,70.0,0.08006313443183899,0.00035138282692059875,0.08153873682022095,0.00023754104040563107,0.03249458596110344,0.0009338701493106782,0.11107537150382996,0.0,0.0579974,0.07359425,5
MCF7,4.0,A199,9,2,70.0,0.010920112952589989,0.00033057687687687576,0.02971947006881237,0.00034096965100616217,0.025255657732486725,0.0002461695985402912,0.07685892283916473,0.0,0.037952166,0.04602129,1
MCF7,4.0,A199,9,2,70.0,0.03799644112586975,0.0008971178322099149,0.04170476645231247,0.0008300187182612717,0.036718565970659256,0.00019873824203386903,0.0811900943517685,0.0,0.048215542,0.054890566,2
MCF7,4.0,A199,9,2,70.0,0.06290461122989655,0.00036070996429771185,0.0629284530878067,0.00035934668267145753,0.0844072625041008,0.0013054109876975417,0.14331363141536713,0.029689155519008636,0.11787698,0.12976256,3
MCF7,4.0,A199,9,2,70.0,0.02094697207212448,0.000470116880023852,0.03311511129140854,0.00034025945933535695,0.026432892307639122,0.0003168405091855675,0.08390197902917862,0.0,0.04106137,0.049917534,4
MCF7,6.0,A199,0,2,70.0,0.055737026035785675,0.00018481255392543972,0.05574406310915947,0.00018444332818035036,0.06039586663246155,0.00017152314831037074,0.0884450152516365,0.011016739532351494,0.07071662,0.074636355,1
MCF7,6.0,A199,0,2,70.0,0.05866820365190506,0.0010954996105283499,0.06124497577548027,0.000985800987109542,0.05087646096944809,0.0006225031684152782,0.12478698790073395,0.0,0.07068314,0.08295724,2
MCF7,6.0,A199,0,2,70.0,0.07970651984214783,0.0005248586530797184,0.07970651984214783,0.0005248586530797184,0.1015649363398552,5.191091258893721e-05,0.11536077409982681,0.08628524839878082,0.10747644,0.11055153,3
MCF7,6.0,A199,0,2,70.0,0.0833207219839096,0.0005213739932514727,0.0833207219839096,0.0005213739932514727,0.10336267203092575,0.0005168510251678526,0.15010255575180054,0.05468050017952919,0.12260609,0.13089864,4
MCF7,6.0,A199,0,2,70.0,0.07976330071687698,0.0006552021950483322,0.07977200299501419,0.0006545794894918799,0.10261872410774231,9.962014883058146e-05,0.12691843509674072,0.07089567929506302,0.11076178,0.115516506,5
MCF7,6.0,A199,0,2,70.0,0.060912124812603,0.00036776275373995304,0.06097760051488876,0.00036416546208783984,0.07022842764854431,2.8198555810377002e-05,0.07998461276292801,0.055894266813993454,0.074577495,0.07683188,6
MCF7,6.0,A199,0,2,70.0,0.0635882019996643,0.0004652885836549103,0.06399200111627579,0.0004424032522365451,0.07911498844623566,5.475594662129879e-05,0.096134714782238,0.062095850706100464,0.085043736,0.08926212,7
MCF7,6.0,A199,0,2,70.0,0.05958274379372597,0.0004947573179379106,0.060035936534404755,0.00047131325118243694,0.0806724801659584,3.632144944276661e-05,0.09520944952964783,0.06518670916557312,0.0855737,0.08849506,8
MCF7,6.0,A199,1,2,70.0,0.11363713443279266,0.0005659506423398852,0.11363713443279266,0.0005659506423398852,0.15260392427444458,0.0002345399116165936,0.17965595424175262,0.11277078092098236,0.16523752,0.17232758,1
MCF7,6.0,A199,1,2,70.0,0.1369263082742691,0.0020328345708549023,0.1369263082742691,0.0020328345708549023,0.151386559009552,0.0003426348848734051,0.20193704962730408,0.11203677207231522,0.16613987,0.17766817,2
MCF7,6.0,A199,1,2,70.0,0.07334846258163452,0.00021110809757374227,0.07334846258163452,0.00021110809757374227,0.08304635435342789,0.0003834264643955976,0.11109502613544464,0.04508679732680321,0.09940717,0.104325764,3
MCF7,6.0,A199,1,2,70.0,0.05459078401327133,0.0011513869976624846,0.06694307923316956,0.0005850112065672874,0.06091686338186264,0.000293893477646634,0.10579434782266617,0.02110191248357296,0.07494516,0.083259046,4
MCF7,6.0,A199,1,2,70.0,0.07575147598981857,0.00036479398841038346,0.07575147598981857,0.00036479398841038346,0.07486123591661453,0.0010615985374897718,0.11939410865306854,0.0036553109530359507,0.104585625,0.111759484,5
MCF7,6.0,A199,1,2,70.0,0.09519314020872116,0.0007896125898696482,0.09545087814331055,0.0007671487401239574,0.0916525349020958,0.00029072712641209364,0.1342964917421341,0.06015775725245476,0.105752006,0.11413501,6
MCF7,6.0,A199,1,2,70.0,0.08032584190368652,0.000768886529840529,0.08032933622598648,0.0007686387398280203,0.0820717141032219,0.00020626506011467427,0.11219462752342224,0.045786693692207336,0.093322255,0.09739291,7
MCF7,6.0,A199,10,2,70.0,0.039651062339544296,0.0010784371988847852,0.050925277173519135,0.0008109328919090331,0.04424620792269707,0.0004135677882004529,0.092792809009552,0.0,0.06070228,0.07025728,1
MCF7,6.0,A199,10,2,70.0,0.09575005620718002,0.001125194481573999,0.09586146473884583,0.0011158237466588616,0.15450507402420044,0.0003329150495119393,0.19757221639156342,0.10527149587869644,0.1686996,0.17447934,2
MCF7,6.0,A199,10,2,70.0,0.07198973000049591,0.0008976823883131146,0.07465601712465286,0.0007318755378946662,0.07385484129190445,3.578182077035308e-05,0.08921215683221817,0.06110827252268791,0.078647286,0.08162361,3
MCF7,6.0,A199,10,2,70.0,0.08513238281011581,0.0013567202258855104,0.08712048083543777,0.001215199357829988,0.13097748160362244,0.0001830520195653662,0.15983296930789948,0.09945628046989441,0.14202613,0.14805196,4
MCF7,6.0,A199,10,2,70.0,0.07938048243522644,0.0004371528630144894,0.07938048243522644,0.0004371528630144894,0.07123184204101562,2.2357366106007248e-05,0.08195140957832336,0.06177769601345062,0.07511936,0.07734983,5
MCF7,6.0,A199,10,2,70.0,0.07518338412046432,0.0006468847277574241,0.07528606802225113,0.0006400377606041729,0.09286671876907349,9.763099660631269e-05,0.11359233409166336,0.0685896947979927,0.10105479,0.10558472,6
MCF7,6.0,A199,10,2,70.0,0.09360334277153015,0.0008301459602080286,0.0937022864818573,0.0008217524737119675,0.10035804659128189,0.00014736142475157976,0.1357312649488449,0.06449002027511597,0.11046853,0.11620993,7
MCF7,6.0,A199,10,2,70.0,0.12118857353925705,0.001729657407850027,0.12123749405145645,0.0017244245391339064,0.170224130153656,0.00031542935175821185,0.20453588664531708,0.1369260847568512,0.18575926,0.19334468,8
MCF7,6.0,A199,10,2,70.0,0.12078488618135452,0.0016398360021412373,0.12083055078983307,0.0016349381767213345,0.11678387969732285,0.0007113299798220396,0.20621395111083984,0.06730183213949203,0.13682555,0.15641463,9
MCF7,6.0,A199,10,2,70.0,0.06937918812036514,0.0007302869926206768,0.0700259581208229,0.0006918043945915997,0.08049499243497849,0.00016852401313371956,0.11540872603654861,0.05455388128757477,0.09058134,0.09765682,10
MCF7,6.0,A199,10,2,70.0,0.07922887802124023,0.0009342617122456431,0.0794910192489624,0.000916514138225466,0.0854613184928894,0.00036240852205082774,0.12272953242063522,0.044943127781152725,0.10116666,0.10892675,11
MCF7,6.0,A199,2,2,70.0,0.08139265328645706,0.0005976533284410834,0.08139549195766449,0.0005974432569928467,0.11839616298675537,0.00010535551700741053,0.1375851333141327,0.08949863910675049,0.1268012,0.1308831,1
MCF7,6.0,A199,2,2,70.0,0.06695201247930527,0.0006686665001325309,0.06696158647537231,0.0006681212107650936,0.1028013676404953,9.80650438577868e-05,0.12510496377944946,0.08444084227085114,0.11127674,0.11560813,2
MCF7,6.0,A199,2,2,70.0,0.06354191899299622,0.000356855132849887,0.06354191899299622,0.000356855132849887,0.057819757610559464,0.00013148662401363254,0.09034950286149979,0.026904447004199028,0.06709252,0.07213471,3
MCF7,6.0,A199,2,2,70.0,0.05615503340959549,0.0003067010547965765,0.056179776787757874,0.0003054463886655867,0.06984042376279831,0.00012858514674007893,0.09259482473134995,0.04303465038537979,0.079108454,0.08316115,4
MCF7,6.0,A199,2,2,70.0,0.05697663873434067,0.0004015736049041152,0.05698416009545326,0.0004011980490759015,0.08252517133951187,2.504171061445959e-05,0.093662790954113,0.07170950621366501,0.08649634,0.08884128,5
MCF7,6.0,A199,2,2,70.0,0.0622643306851387,0.0006402480648830533,0.06258296221494675,0.0006235833861865103,0.057924624532461166,0.00043111463310196996,0.1055384948849678,0.0,0.07472186,0.08361823,6
MCF7,6.0,A199,3,2,70.0,0.0706278383731842,0.0007072031730785966,0.07225239276885986,0.0006060928571969271,0.09659392386674881,7.410107355099171e-05,0.11664476990699768,0.08133251219987869,0.10378658,0.10817716,1
MCF7,6.0,A199,3,2,70.0,0.07967119663953781,0.0006269376026466489,0.07973913848400116,0.0006220543873496354,0.09817389398813248,0.001668690936639905,0.149154931306839,0.02526533044874668,0.13535666,0.14086019,2
MCF7,6.0,A199,3,2,70.0,0.08622754365205765,0.0006232614978216588,0.08624321222305298,0.0006220222567208111,0.1542186290025711,4.0581908251624554e-05,0.16811290383338928,0.13664093613624573,0.15947424,0.16226713,3
MCF7,6.0,A199,3,2,70.0,0.10788397490978241,0.0009892703965306282,0.10789543390274048,0.0009881395380944014,0.13538040220737457,0.0013757784618064761,0.26235130429267883,0.08495025336742401,0.1604651,0.18887232,4
MCF7,6.0,A199,3,2,70.0,0.1113983541727066,0.0016665804432705045,0.11141587793827057,0.0016648900927975774,0.10432640463113785,0.001170952687971294,0.19207119941711426,0.02179144136607647,0.13255283,0.14939475,5
MCF7,6.0,A199,3,2,70.0,0.06778839975595474,0.0007924956735223532,0.06931912899017334,0.0007042819052003324,0.06055501475930214,0.0002601474698167294,0.1131456047296524,0.009144174866378307,0.07340306,0.08112559,6
MCF7,6.0,A199,3,2,70.0,0.07842621952295303,0.00043319983524270356,0.07843301445245743,0.00043270434252917767,0.10017786920070648,0.00011991514475084841,0.12726978957653046,0.08073282986879349,0.10961539,0.11457256,7
MCF7,6.0,A199,3,2,70.0,0.049378927797079086,0.0015489953802898526,0.06960153579711914,0.0007758446154184639,0.06776102632284164,0.0003803243744187057,0.10360068827867508,0.01472451165318489,0.08364314,0.088027075,8
MCF7,6.0,A199,3,2,70.0,0.08103657513856888,0.000616213190369308,0.08111774921417236,0.0006102456245571375,0.07268954068422318,0.0003347611636854708,0.1036757156252861,0.015098069794476032,0.08665459,0.092653476,9
MCF7,6.0,A199,3,2,70.0,0.0850612223148346,0.0005705057410523295,0.08506942540407181,0.0005698620807379484,0.09689255803823471,0.00012156544835306704,0.1185445785522461,0.07683651894330978,0.10583666,0.11327431,10
MCF7,6.0,A199,3,2,70.0,0.07901322841644287,0.0005388252320699394,0.07901322841644287,0.0005388252320699394,0.07706613838672638,0.00041343658813275397,0.1070108637213707,0.017953727394342422,0.09223863,0.096812636,11
MCF7,6.0,A199,3,2,70.0,0.08990119397640228,0.0010265207383781672,0.09125587344169617,0.0009183662477880716,0.08830869197845459,0.0002912366471718997,0.1485387235879898,0.04686552658677101,0.10130455,0.11146924,12
MCF7,6.0,A199,3,2,70.0,0.0783337727189064,0.0003831805370282382,0.07833713293075562,0.00038293376564979553,0.08113883435726166,7.900107448222116e-05,0.10474346578121185,0.06286351382732391,0.08835319,0.09267849,13
MCF7,6.0,A199,3,2,70.0,0.09032896906137466,0.001153408084064722,0.09095246344804764,0.0011046609142795205,0.11051209270954132,0.000822358881123364,0.16577354073524475,0.05711621791124344,0.135875,0.14710762,14
MCF7,6.0,A199,3,2,70.0,0.07625067234039307,0.0017916345968842506,0.0810205414891243,0.0015172528801485896,0.08353766053915024,6.181046774145216e-05,0.09947355836629868,0.0654679611325264,0.090138465,0.09408996,15
MCF7,6.0,A199,4,2,70.0,0.02770051546394825,0.0014952771598473191,0.056461624801158905,0.001423905952833593,0.04387621209025383,0.0013214928330853581,0.17259366810321808,0.0,0.072880365,0.09356633,1
MCF7,6.0,A199,4,2,70.0,0.07045342773199081,0.0004923618398606777,0.07058464735746384,0.00048401669482700527,0.07607655972242355,0.0003032328386325389,0.12200186401605606,0.03249622508883476,0.089058705,0.09542476,2
MCF7,6.0,A199,4,2,70.0,0.05279254540801048,0.0007049852865748107,0.0543542243540287,0.0006409562774933875,0.05304521694779396,0.0006176484166644514,0.14564447104930878,0.0,0.0728176,0.08514597,3
MCF7,6.0,A199,4,2,70.0,0.05963435024023056,0.00032990422914735973,0.05966390669345856,0.0003283043042756617,0.06730352342128754,0.00015500737936235964,0.09573929011821747,0.04089559614658356,0.07812202,0.08337685,4
MCF7,6.0,A199,4,2,70.0,0.04987611621618271,0.00018665753304958344,0.04988187924027443,0.0001863913785200566,0.05555669590830803,6.994970317464322e-05,0.07414503395557404,0.03335880860686302,0.062369626,0.06608661,5
MCF7,6.0,A199,4,2,70.0,0.06565814465284348,0.00033607249497435987,0.06565814465284348,0.00033607249497435987,0.0853247195482254,0.00010849966929527,0.10778970271348953,0.06103895977139473,0.09384728,0.09874187,6
MCF7,6.0,A199,4,2,70.0,0.08439984917640686,0.00033449570764787495,0.08439984917640686,0.00033449570764787495,0.09391848742961884,0.00029597434331662953,0.13347643613815308,0.05937434732913971,0.10792505,0.11745638,7
MCF7,6.0,A199,4,2,70.0,0.05514601618051529,0.00019347302441019565,0.05514601618051529,0.00019347302441019565,0.05940748006105423,4.384469139040448e-05,0.07206039130687714,0.039922215044498444,0.06431135,0.066291526,8
MCF7,6.0,A199,4,2,70.0,0.05562669783830643,0.00035994165227748454,0.05570840835571289,0.00035591842606663704,0.06135782226920128,4.915310273645446e-05,0.07882385700941086,0.047694411128759384,0.06680213,0.07115772,9
MCF7,6.0,A199,4,2,70.0,0.10309875756502151,0.0006063810433261096,0.10309875756502151,0.0006063810433261096,0.11753522604703903,0.0008284091600216925,0.1836191564798355,0.049767814576625824,0.14151177,0.15596049,10
MCF7,6.0,A199,4,2,70.0,0.07603631168603897,0.0003137843159493059,0.07603631168603897,0.0003137843159493059,0.08639480918645859,0.0005020638927817345,0.12232914566993713,0.031411297619342804,0.10233455,0.1071558,11
MCF7,6.0,A199,4,2,70.0,0.08527804166078568,0.000342997198458761,0.08527804166078568,0.000342997198458761,0.09603679925203323,8.403139509027824e-05,0.11576994508504868,0.0705026239156723,0.10316924,0.107483186,12
MCF7,6.0,A199,4,2,70.0,0.058305129408836365,0.0002686885418370366,0.05830945819616318,0.0002684561477508396,0.05493246018886566,6.075089913792908e-05,0.0685812458395958,0.03505502641201019,0.061435606,0.064247675,13
MCF7,6.0,A199,4,2,70.0,0.06620586663484573,0.0004628388851415366,0.06620842218399048,0.000462687254184857,0.09305593371391296,5.5503529438283294e-05,0.1061580702662468,0.0777568370103836,0.09933114,0.1023201,14
MCF7,6.0,A199,4,2,70.0,0.07239967584609985,0.00102141872048378,0.07243265211582184,0.0010194949572905898,0.09954903274774551,0.0004341161984484643,0.14872685074806213,0.05425991863012314,0.116304435,0.12915678,15
MCF7,6.0,A199,4,2,70.0,0.059319961816072464,0.0007161246612668037,0.0599178783595562,0.0006875167018733919,0.05358706787228584,0.0005759074119850993,0.156663179397583,0.0,0.07267797,0.08446866,16
MCF7,6.0,A199,4,2,70.0,0.07137227058410645,0.0007554012699984014,0.07338698953390121,0.0006288712029345334,0.0713931992650032,0.00023051795142237097,0.11519969254732132,0.034596677869558334,0.08327896,0.09080898,17
MCF7,6.0,A199,4,2,70.0,0.04302908852696419,0.0008015299681574106,0.057398974895477295,0.0002443901030346751,0.046046532690525055,2.119342389050871e-05,0.05988793447613716,0.03653912618756294,0.049623467,0.051752325,18
MCF7,6.0,A199,4,2,70.0,0.05908689647912979,0.0006017732666805387,0.0593012236058712,0.0005912461201660335,0.056261010468006134,0.00024769228184595704,0.09378762543201447,0.00982100423425436,0.06896133,0.07488397,19
MCF7,6.0,A199,4,2,70.0,0.057033635675907135,0.0003731776087079197,0.05723360553383827,0.00036304144305177033,0.05331512540578842,0.0001809459790820256,0.08667817711830139,0.010565259493887424,0.064323306,0.07009636,20
MCF7,6.0,A199,4,2,70.0,0.07738026231527328,0.0007565233390778303,0.07738026231527328,0.0007565233390778303,0.09501967579126358,0.00021478600683622062,0.12222035229206085,0.07270088791847229,0.108219855,0.11431925,21
MCF7,6.0,A199,5,2,70.0,0.07082162797451019,0.0006837368127889931,0.07093345373868942,0.0006768844905309379,0.08535429835319519,0.0009521598112769425,0.14943397045135498,0.010853689163923264,0.10974161,0.11885298,1
MCF7,6.0,A199,5,2,70.0,0.05556856095790863,0.00023392162984237075,0.05558684095740318,0.00023298244923353195,0.07074634730815887,0.00016743225569371134,0.09622436761856079,0.023320358246564865,0.07969541,0.0829596,2
MCF7,6.0,A199,5,2,70.0,0.07991441339254379,0.0014606963377445936,0.08221827447414398,0.001313387299887836,0.10950668156147003,0.00035665914765559137,0.15095140039920807,0.07193020731210709,0.12568054,0.13587114,3
MCF7,6.0,A199,5,2,70.0,0.06350915879011154,0.001022851443849504,0.06556527316570282,0.0009211567812599242,0.07264956086874008,0.0004641669802367687,0.14105242490768433,0.0,0.089580014,0.09944189,4
MCF7,6.0,A199,5,2,70.0,0.0755137950181961,0.0004902965156361461,0.07551819831132889,0.000489993195515126,0.05553901568055153,0.00023250814410857856,0.08830483257770538,0.010598252527415752,0.06818248,0.07508072,5
MCF7,6.0,A199,5,2,70.0,0.09627268463373184,0.003795973025262356,0.1028987467288971,0.0033754215110093355,0.09545496851205826,0.0016921445494517684,0.2022816240787506,0.0,0.12831031,0.14921202,6
MCF7,6.0,A199,5,2,70.0,0.06963051855564117,0.0007387126097455621,0.06983287632465363,0.0007267279434017837,0.08867186307907104,0.00017847813433036208,0.12168141454458237,0.060518406331539154,0.099196486,0.106441684,7
MCF7,6.0,A199,6,2,70.0,0.0802856907248497,0.001361791044473648,0.08156618475914001,0.0012790655018761754,0.15752410888671875,6.496049900306389e-05,0.17514662444591522,0.14084286987781525,0.16426107,0.16804042,1
MCF7,6.0,A199,6,2,70.0,0.057382840663194656,0.00037255464121699333,0.05746441334486008,0.0003683966933749616,0.06692587584257126,0.0003751200856640935,0.09783177077770233,0.008375330828130245,0.08254641,0.087541096,2
MCF7,6.0,A199,6,2,70.0,0.06929881870746613,0.0007680176640860736,0.06949455291032791,0.0007565840496681631,0.10074792057275772,0.0004520367947407067,0.14839504659175873,0.041999660432338715,0.117504776,0.12710206,3
MCF7,6.0,A199,6,2,70.0,0.09882771223783493,0.0006846394389867783,0.09882771223783493,0.0006846394389867783,0.13934363424777985,6.922071042936295e-05,0.1579381674528122,0.11778197437524796,0.1461497,0.15053463,4
MCF7,6.0,A199,6,2,70.0,0.06248704716563225,0.0012724967673420906,0.07180345803499222,0.0007932677981443703,0.10780367255210876,0.0003314580535516143,0.16058172285556793,0.06935054063796997,0.12171828,0.13158253,5
MCF7,6.0,A199,6,2,70.0,0.07403721660375595,0.0004625114088412374,0.07403721660375595,0.0004625114088412374,0.08427776396274567,0.00018446840113028884,0.10901851952075958,0.06063650920987129,0.09703684,0.100564815,6
MCF7,6.0,A199,6,2,70.0,0.058579884469509125,0.00025901125627569854,0.058579884469509125,0.00025901125627569854,0.07129696756601334,0.00015246889961417764,0.09411643445491791,0.04729968681931496,0.0823916,0.08698419,7
MCF7,6.0,A199,6,2,70.0,0.06793161481618881,0.0004662916762754321,0.06793161481618881,0.0004662916762754321,0.07111682742834091,0.00010903113434324041,0.09330970793962479,0.04716578125953674,0.07974407,0.08393319,8
MCF7,6.0,A199,6,2,70.0,0.035916510969400406,0.0027156067080795765,0.08343847841024399,0.002343527739867568,0.06726156175136566,0.0015724755357950926,0.23758681118488312,0.0,0.09803686,0.120246135,9
MCF7,6.0,A199,6,2,70.0,0.056774988770484924,0.0004068909620400518,0.05700359493494034,0.0003954981220886111,0.0779353603720665,8.293873543152586e-05,0.09815555065870285,0.052974581718444824,0.0853947,0.088727884,10
MCF7,6.0,A199,6,2,70.0,0.04800824448466301,0.0005230598617345095,0.049901243299245834,0.0004492217267397791,0.04751421511173248,2.3043379769660532e-05,0.05975285544991493,0.03444227576255798,0.051248483,0.053850085,11
MCF7,6.0,A199,6,2,70.0,0.0480257049202919,0.00025386243942193687,0.04829748719930649,0.00024217292957473546,0.03832677751779556,6.718465738231316e-05,0.06373265385627747,0.016719812527298927,0.04473398,0.048929818,12
MCF7,6.0,A199,7,2,70.0,0.0501997172832489,0.0006921000313013792,0.053154874593019485,0.0005757614853791893,0.13705779612064362,6.523724732687697e-05,0.15473707020282745,0.11186064034700394,0.14337385,0.14668785,1
MCF7,6.0,A199,7,2,70.0,0.02735702134668827,0.0003448756760917604,0.030344346538186073,0.000291886884951964,0.02401398867368698,0.00013204902643337846,0.051721811294555664,0.0,0.033134762,0.038197614,2
MCF7,6.0,A199,7,2,70.0,0.0975562036037445,0.0013022891944274306,0.0975797101855278,0.0013003085041418672,0.09302801638841629,0.0005495630321092904,0.15447336435317993,0.020378800109028816,0.11197924,0.12160372,3
MCF7,6.0,A199,7,2,70.0,0.09221653640270233,0.001565464655868709,0.09223232418298721,0.0015642771031707525,0.10173656791448593,0.0016415932914242148,0.15505719184875488,0.03743934631347656,0.13995612,0.14905998,4
MCF7,6.0,A199,7,2,70.0,0.03292642533779144,0.0005999160348437726,0.037776295095682144,0.0005050700274296105,0.03442293405532837,0.00032704294426366687,0.09482039511203766,0.0,0.04892849,0.05786385,5
MCF7,6.0,A199,7,2,70.0,0.07509668916463852,0.0009056454291567206,0.07511650025844574,0.0009043962345458567,0.09374429285526276,0.001857125898823142,0.1896044909954071,0.016863776370882988,0.13182281,0.14699584,6
MCF7,6.0,A199,7,2,70.0,0.09136202186346054,0.0007381660398095846,0.0913730263710022,0.0007372495601885021,0.08526444435119629,0.0003053051186725497,0.12242535501718521,0.04671856388449669,0.09923445,0.10962172,7
MCF7,6.0,A199,7,2,70.0,0.05297267064452171,0.0002624393382575363,0.053272705525159836,0.00024794196360744536,0.05345107242465019,3.6557627026923e-05,0.06594360619783401,0.04082878306508064,0.05853284,0.06094666,8
MCF7,6.0,A199,7,2,70.0,0.05193348228931427,0.00021693020244129002,0.05195411294698715,0.00021594447025563568,0.04287507385015488,0.00011559934500837699,0.06940611451864243,0.0031434246338903904,0.051394746,0.055785343,9
MCF7,6.0,A199,7,2,70.0,0.027057094499468803,0.001160436193458736,0.04598117619752884,0.0011019086232408881,0.03360585495829582,0.0004903090884909034,0.09196507185697556,0.0,0.052381035,0.062460262,10
MCF7,6.0,A199,7,2,70.0,0.07119937241077423,0.00034475355641916394,0.07119937241077423,0.00034475355641916394,0.07033556699752808,0.0007589491433463991,0.11424409598112106,0.016772206872701645,0.09600543,0.10368098,11
MCF7,6.0,A199,7,2,70.0,0.06908371299505234,0.0003106954973191023,0.06910401582717896,0.00030938300187699497,0.08866025507450104,0.00014333966828417033,0.12261999398469925,0.04282981529831886,0.098103836,0.10338215,12
MCF7,6.0,A199,7,2,70.0,0.06785588711500168,0.0005225946079008281,0.06786603480577469,0.0005219833110459149,0.08040158450603485,0.0007897645700722933,0.12553559243679047,0.01658555679023266,0.10608739,0.11425983,13
MCF7,6.0,A199,7,2,70.0,0.07599307596683502,0.0006236819317564368,0.07599307596683502,0.0006236819317564368,0.08241108804941177,0.0013090120628476143,0.1324949413537979,0.03331712260842323,0.11754156,0.12462846,14
MCF7,6.0,A199,7,2,70.0,0.06720282882452011,0.00045395377674140036,0.06720282882452011,0.00045395377674140036,0.10185942053794861,6.848182965768501e-05,0.12077753990888596,0.08531147986650467,0.10883642,0.113085665,15
MCF7,6.0,A199,7,2,70.0,0.044665876775979996,0.000626423570793122,0.04831138625741005,0.0005014308262616396,0.04880032315850258,0.00012072551908204332,0.06773468852043152,0.021155044436454773,0.058029246,0.06362093,16
MCF7,6.0,A199,7,2,70.0,0.05632055550813675,0.0010961118387058377,0.06196221709251404,0.0008563402225263417,0.07528576999902725,8.028312731767073e-05,0.10083518177270889,0.05696552246809006,0.08232288,0.08755309,17
MCF7,6.0,A199,7,2,70.0,0.051816895604133606,0.0009755947394296527,0.056737955659627914,0.0007890363922342658,0.048490386456251144,0.0006548171513713896,0.10469269007444382,0.0,0.07012337,0.08433873,18
MCF7,6.0,A199,7,2,70.0,0.057612668722867966,0.0006666556000709534,0.060542892664670944,0.0005231575341895223,0.05902615562081337,0.00039155781269073486,0.09068358689546585,0.026209820061922073,0.077361986,0.08238415,19
MCF7,6.0,A199,7,2,70.0,0.040520068258047104,0.0020694986451417208,0.0699990838766098,0.0015115890419110656,0.058377914130687714,0.000927640707232058,0.12872105836868286,0.0,0.08334096,0.09819242,20
MCF7,6.0,A199,7,2,70.0,0.03964553400874138,0.0009248939459212124,0.05227310210466385,0.0005594012909568846,0.05821331962943077,0.0001562318648211658,0.09554404020309448,0.02601071074604988,0.06835375,0.07384711,21
MCF7,6.0,A199,7,2,70.0,0.06299644708633423,0.0009506989154033363,0.06447838246822357,0.0008775102905929089,0.06238340958952904,0.00011444930714787915,0.08801627904176712,0.033262114971876144,0.07060216,0.074277006,22
MCF7,6.0,A199,8,2,70.0,0.04836533963680267,0.00030040499405004084,0.049018003046512604,0.0002724664518609643,0.06541413813829422,3.413801459828392e-05,0.07939165085554123,0.046167194843292236,0.07002095,0.07212028,1
MCF7,6.0,A199,8,2,70.0,0.07835596054792404,0.0004164565762039274,0.07836930453777313,0.0004154815978836268,0.08342992514371872,0.00023413001326844096,0.1309463381767273,0.04186481237411499,0.095423974,0.10313413,2
MCF7,6.0,A199,8,2,70.0,0.07664717733860016,0.0006499914452433586,0.07668652385473251,0.0006473069661296904,0.13365283608436584,0.0003032415406778455,0.1742977648973465,0.08887171745300293,0.14654541,0.15359956,3
MCF7,6.0,A199,8,2,70.0,0.06906604766845703,0.0003176373429596424,0.06906604766845703,0.0003176373429596424,0.06534206867218018,8.633533434476703e-05,0.08648868650197983,0.04850524663925171,0.07317632,0.07718942,4
MCF7,6.0,A199,8,2,70.0,0.055234864354133606,0.00020982490968890488,0.05524057894945145,0.00020953126659151167,0.06492201238870621,6.312473851721734e-05,0.08460602909326553,0.04632148519158363,0.07113454,0.07501817,5
MCF7,6.0,A199,8,2,70.0,0.056141745299100876,0.00015710170555394143,0.056141745299100876,0.00015710170555394143,0.04790401831269264,4.106050619157031e-05,0.0627836212515831,0.036732014268636703,0.05301748,0.056932136,6
MCF7,6.0,A199,8,2,70.0,0.060838956385850906,0.00042695560841821134,0.06094791367650032,0.0004210796323604882,0.06026392802596092,0.00024166045477613807,0.10070592910051346,0.022769451141357422,0.07315838,0.080595456,7
MCF7,6.0,A199,8,2,70.0,0.0579988993704319,0.0004820402537006885,0.0582229383289814,0.0004708582710009068,0.05628921091556549,0.0001919511123560369,0.08067378401756287,0.020313913002610207,0.06704563,0.07116979,8
MCF7,6.0,A199,8,2,70.0,0.06405720114707947,0.0005119789857417345,0.06410139054059982,0.0005094996886327863,0.06121901050209999,0.00031958360341377556,0.10931870341300964,0.01910571940243244,0.07548014,0.08547495,9
MCF7,6.0,A199,8,2,70.0,0.072170689702034,0.0007694398518651724,0.07234900444746017,0.0007584406994283199,0.055681012570858,0.0004425162333063781,0.10940686613321304,0.0,0.072073564,0.08337527,10
MCF7,6.0,A199,8,2,70.0,0.054258935153484344,0.0007658397662453353,0.055722519755363464,0.0007049429113976657,0.04274151474237442,0.00024094477703329176,0.08169175684452057,0.010671460069715977,0.055224977,0.06390459,11
MCF7,6.0,A199,8,2,70.0,0.06732236593961716,0.000651464331895113,0.06755885481834412,0.000637776218354702,0.0750713050365448,0.00021005728922318667,0.11276605725288391,0.04751410335302353,0.08663151,0.093682215,12
MCF7,6.0,A199,9,2,70.0,0.0557645820081234,0.00048447115113958716,0.056219834834337234,0.0004628321621567011,0.05413242429494858,0.00024548335932195187,0.09519438445568085,0.006754094269126654,0.0662442,0.07374522,1
MCF7,6.0,A199,9,2,70.0,0.056357476860284805,0.00023250242520589381,0.05640416219830513,0.00023006177798379213,0.0724940225481987,3.188715345459059e-05,0.08278624713420868,0.05714038386940956,0.07703025,0.079468474,2
MCF7,6.0,A199,9,2,70.0,0.06514641642570496,0.0003825379244517535,0.06526806205511093,0.0003753125201910734,0.05220194160938263,0.00039960755384527147,0.08027099817991257,0.0,0.06724802,0.07133797,3
MCF7,6.0,A199,9,2,70.0,0.07072307169437408,0.00020770069386344403,0.07072307169437408,0.00020770069386344403,0.08055479824542999,8.534271182725206e-05,0.10191263258457184,0.059051621705293655,0.088271596,0.092087366,4
MCF7,6.0,A199,9,2,70.0,0.06618847697973251,0.00032599346013739705,0.06620193272829056,0.000325169152347371,0.08265650272369385,1.6629192032269202e-05,0.09212742745876312,0.07192136347293854,0.0858086,0.087852366,5
MCF7,6.0,A199,9,2,70.0,0.06329213827848434,0.00030526635237038136,0.06330448389053345,0.0003045444027520716,0.08058074116706848,0.00010547676356509328,0.10244874656200409,0.05597223713994026,0.08914819,0.09355882,6
MCF7,6.0,A199,9,2,70.0,0.07350559532642365,0.00039716556784696877,0.07350559532642365,0.00039716556784696877,0.06322004646062851,0.00012204572703922167,0.08489881455898285,0.035424116998910904,0.07230102,0.07695179,7
MCF7,6.0,A199,9,2,70.0,0.057293783873319626,0.00017599832790438086,0.057293783873319626,0.00017599832790438086,0.0744798332452774,3.49039000866469e-05,0.08578198403120041,0.0602496936917305,0.07929177,0.081915185,8
MCF7,6.0,A199,9,2,70.0,0.13372217118740082,0.001403618953190744,0.13372217118740082,0.001403618953190744,0.13335056602954865,0.0015650527784600854,0.23903532326221466,0.05853653699159622,0.16763169,0.18736628,9
MCF7,6.0,A199,9,2,70.0,0.05376127362251282,0.00021323164401110262,0.05376127362251282,0.00021323164401110262,0.0532069094479084,6.555720028700307e-05,0.07618685066699982,0.03394071385264397,0.0596987,0.06318863,10
MCF7,6.0,A199,9,2,70.0,0.05724687501788139,0.00030358886579051614,0.05724687501788139,0.00030358886579051614,0.056905586272478104,0.00014111631026025862,0.08560522645711899,0.03287329524755478,0.066865765,0.072952986,11
MCF7,6.0,A199,9,2,70.0,0.05116358399391174,0.0001168266317108646,0.05116358399391174,0.0001168266317108646,0.053578492254018784,0.00012492481619119644,0.08824922889471054,0.026008324697613716,0.06251332,0.06790063,12
MCF7,2.0,control,0,3,0.0,0.03435451164841652,0.00018078781431540847,0.035127826035022736,0.00015769244055263698,0.0427825003862381,5.590907676378265e-05,0.06049184873700142,0.019729066640138626,0.048617717,0.051590405,1
MCF7,2.0,control,0,3,0.0,0.03671262785792351,0.00017436916823498905,0.037943605333566666,0.00013350805966183543,0.041555143892765045,3.338456735946238e-05,0.0603608712553978,0.024026673287153244,0.046093326,0.04900555,2
MCF7,2.0,control,0,3,0.0,0.048080142587423325,0.00010005548392655328,0.048080142587423325,0.00010005548392655328,0.04376031085848808,4.332878233981319e-05,0.06893666088581085,0.020514488220214844,0.04892285,0.051942036,3
MCF7,2.0,control,0,3,0.0,0.056152861565351486,0.00021779362577944994,0.05625871196389198,0.00021224949159659445,0.051448144018650055,0.00011787498078774661,0.07885269820690155,0.010873609222471714,0.059950635,0.06475111,4
MCF7,2.0,control,0,3,0.0,0.05266359820961952,0.0003587357932701707,0.053478628396987915,0.00032070098677650094,0.04909328371286392,0.00021200535411480814,0.11688358336687088,0.0,0.060437344,0.06738611,5
MCF7,2.0,control,0,3,0.0,0.0754787027835846,0.00038932860479690135,0.07562233507633209,0.00037920777685940266,0.07642345130443573,4.2535841203061864e-05,0.08932539075613022,0.06531567871570587,0.08214848,0.085640095,6
MCF7,2.0,control,0,3,0.0,0.026206979528069496,0.0003127701347693801,0.028689011931419373,0.0002711851557251066,0.022279491648077965,0.00024438509717583656,0.10508408397436142,0.0,0.034718726,0.043397125,7
MCF7,2.0,control,0,3,0.0,0.021471811458468437,0.0009115511202253401,0.04580404609441757,0.0008300222689285874,0.027733642607927322,0.0005546879256144166,0.11609367281198502,0.0,0.046873167,0.060675755,8
MCF7,2.0,control,0,3,0.0,0.05167485028505325,0.0010932919103652239,0.0621490515768528,0.0006639347411692142,0.0826537236571312,0.00016045939992181957,0.11576806008815765,0.04610403999686241,0.092677176,0.098981306,9
MCF7,2.0,control,1,3,0.0,0.06208597868680954,0.0007234198856167495,0.06305960565805435,0.0006733682239428163,0.04880799353122711,0.00016091327415779233,0.09966398030519485,0.015688225626945496,0.058670465,0.0659636,1
MCF7,2.0,control,1,3,0.0,0.042437661439180374,0.0013462469214573503,0.060100872069597244,0.0008450013701803982,0.04574918374419212,0.00043065976933576167,0.1260950267314911,0.0,0.062025074,0.073482394,2
MCF7,2.0,control,1,3,0.0,0.06102743744850159,0.002876023994758725,0.08675720542669296,0.0018563406774774194,0.059323426336050034,0.0008914719219319522,0.15734775364398956,0.0,0.083059326,0.09931312,3
MCF7,2.0,control,1,3,0.0,0.058525554835796356,0.0005277717136777937,0.059083081781864166,0.0004998586373403668,0.05064886063337326,8.255123248090968e-05,0.08320928364992142,0.020636029541492462,0.057620518,0.061862946,4
MCF7,2.0,control,2,3,0.0,0.06789764761924744,0.0019245826406404376,0.08496639132499695,0.000958132732193917,0.07969482243061066,0.0004351582028903067,0.1706136018037796,0.023722833022475243,0.09657086,0.107333235,1
MCF7,2.0,control,2,3,0.0,0.03055127151310444,0.00030561655876226723,0.03317612037062645,0.00024479167768731713,0.04285041615366936,6.875443796161562e-05,0.06331562995910645,0.02292638085782528,0.049591433,0.052959595,2
MCF7,2.0,control,2,3,0.0,0.0690971091389656,0.000820656365249306,0.07211091369390488,0.0006391227943822742,0.06561090797185898,0.00031269906321540475,0.1449006348848343,0.018918339163064957,0.07941902,0.08879363,3
MCF7,2.0,control,2,3,0.0,0.0870337039232254,0.0027215098962187767,0.10364892333745956,0.0015189113328233361,0.09067590534687042,0.001016096444800496,0.2186163365840912,0.0,0.11551554,0.13158716,4
MCF7,2.0,control,2,3,0.0,0.029371580109000206,0.002034285571426153,0.0747222900390625,0.0017865815898403525,0.05569520965218544,0.0010173043701797724,0.1711684912443161,0.0,0.081439875,0.097359896,5
MCF7,2.0,control,2,3,0.0,0.07599110901355743,0.0007596158538945019,0.07729903608560562,0.0006715885829180479,0.060590960085392,0.0003476385900285095,0.12614481151103973,0.008365177549421787,0.075432085,0.08499761,6
MCF7,2.0,control,2,3,0.0,0.033913541585206985,0.001715181628242135,0.0623188391327858,0.0013815979473292828,0.05281887203454971,0.0009969193488359451,0.19600680470466614,0.0,0.07783634,0.09434446,7
MCF7,2.0,control,2,3,0.0,0.04495122283697128,0.0010873567080125213,0.05993860587477684,0.0005515739903785288,0.08360377699136734,7.616645598318428e-05,0.10361448675394058,0.061816129833459854,0.09072346,0.094886765,8
MCF7,2.0,control,3,3,0.0,0.042364638298749924,0.00031137006590142846,0.04311363026499748,0.0002845830167643726,0.04686465859413147,5.906835576752201e-05,0.06246728077530861,0.027086567133665085,0.052954976,0.056555364,1
MCF7,2.0,control,3,3,0.0,0.05612143874168396,0.00024740243679843843,0.056217748671770096,0.00024241222126875073,0.06022711098194122,5.3577252401737496e-05,0.07660746574401855,0.04313277825713158,0.0659489,0.06799439,2
MCF7,2.0,control,3,3,0.0,0.04360656440258026,0.0026462278328835964,0.08598840981721878,0.0015737874200567603,0.06515520811080933,0.0011663819896057248,0.17670956254005432,0.0,0.09186612,0.110164724,3
MCF7,2.0,control,3,3,0.0,0.06763093173503876,0.0006614995654672384,0.06847677379846573,0.0006118520977906883,0.05866478011012077,0.0002304521040059626,0.11694620549678802,0.003078955691307783,0.07079144,0.0781282,4
MCF7,2.0,control,3,3,0.0,0.05478633567690849,0.00020839396165683866,0.05479061231017113,0.00020817577023990452,0.049987923353910446,0.00013322090671863407,0.0898207277059555,0.01399706769734621,0.05901432,0.064660504,5
MCF7,2.0,control,3,3,0.0,0.04731973260641098,0.0005457797669805586,0.04996441677212715,0.000444143486674875,0.05043851211667061,2.9880240617785603e-05,0.06598663330078125,0.038929060101509094,0.054688033,0.057910375,6
MCF7,2.0,control,3,3,0.0,0.05677419528365135,0.0011650422820821404,0.0655498281121254,0.0007698829867877066,0.0570649616420269,0.0002607298665679991,0.12709927558898926,0.009806490503251553,0.06965098,0.07877959,7
MCF7,2.0,control,4,3,0.0,0.04714910686016083,0.00020851209410466254,0.04718688502907753,0.00020689655502792448,0.03356997296214104,4.477132824831642e-05,0.05290461331605911,0.01788257621228695,0.038998507,0.042356078,1
MCF7,2.0,control,4,3,0.0,0.052816882729530334,0.0001957697531906888,0.052816882729530334,0.0001957697531906888,0.04228639230132103,6.605924136238173e-05,0.06128895655274391,0.024104977026581764,0.048916616,0.052523855,2
MCF7,2.0,control,4,3,0.0,0.0531371645629406,0.0002311018470209092,0.0531371645629406,0.0002311018470209092,0.04068590700626373,6.228669371921569e-05,0.06570194661617279,0.02046511135995388,0.047016498,0.050776344,3
MCF7,2.0,control,4,3,0.0,0.02307789959013462,0.0013062352081760764,0.0685008242726326,0.000765715551096946,0.06608297675848007,0.0007162737310864031,0.1525922268629074,0.0,0.08691339,0.10052507,4
MCF7,2.0,control,4,3,0.0,0.04525967687368393,0.00024034120724536479,0.04574750363826752,0.00022061502386350185,0.05104044824838638,5.905780562898144e-05,0.07062219083309174,0.02925928868353367,0.057012774,0.06019144,5
MCF7,2.0,control,4,3,0.0,0.04195228964090347,0.0003386155003681779,0.04274706169962883,0.00031105621019378304,0.021870039403438568,0.00022940742201171815,0.04903534799814224,0.0,0.034882866,0.040159065,6
MCF7,2.0,control,4,3,0.0,0.032152485102415085,0.00213976064696908,0.07399055361747742,0.001828478300012648,0.05475803464651108,0.001210814225487411,0.17306579649448395,0.0,0.081886366,0.10150075,7
MCF7,2.0,control,5,3,0.0,0.05004853382706642,0.0005178101127967238,0.05134237930178642,0.0004647674213629216,0.04651476442813873,0.00013619654055219144,0.09281820058822632,0.0031449778471142054,0.055704348,0.061548416,1
MCF7,2.0,control,5,3,0.0,0.0820426270365715,0.0004153964400757104,0.0820438489317894,0.0004153021436650306,0.07070615142583847,0.00014260582975111902,0.10834349691867828,0.03687203675508499,0.080420285,0.08546778,2
MCF7,2.0,control,5,3,0.0,0.06334658712148666,0.0003451405209489167,0.06335009634494781,0.0003449380164965987,0.04532192274928093,0.00019459324539639056,0.1076856404542923,0.0064868140034377575,0.056047596,0.06263217,3
MCF7,2.0,control,5,3,0.0,0.04913373664021492,0.0003393457445781678,0.0493096187710762,0.0003318876842968166,0.03337522968649864,0.000164078053785488,0.0695280060172081,0.0,0.043589257,0.048738632,4
MCF7,2.0,control,5,3,0.0,0.048112478107213974,0.00033489707857370377,0.048249151557683945,0.0003292539913672954,0.039376962929964066,9.695411426946521e-05,0.07212581485509872,0.014877044595777988,0.047217295,0.05219787,5
MCF7,2.0,control,6,3,0.0,0.03064458630979061,0.0005162649904377759,0.03769528865814209,0.0003692689642775804,0.06489630788564682,8.704701031092554e-06,0.07455099374055862,0.05742941051721573,0.06717965,0.06870816,1
MCF7,2.0,control,6,3,0.0,0.05123588815331459,0.0007377483998425305,0.05595836043357849,0.0005414855550043285,0.08352067321538925,8.81322739587631e-06,0.09090019017457962,0.07799867540597916,0.08600641,0.087456964,2
MCF7,2.0,control,6,3,0.0,0.01428043469786644,0.000593544275034219,0.04090540483593941,0.00061106524663046,0.03537977114319801,0.0005811798619106412,0.117015540599823,0.0,0.055252265,0.067019545,3
MCF7,2.0,control,6,3,0.0,0.03635689616203308,0.00029800794436596334,0.03833506256341934,0.00023838957713451236,0.0449952706694603,7.667652243981138e-05,0.0767066702246666,0.014499873854219913,0.051712986,0.05580295,4
MCF7,2.0,control,6,3,0.0,0.028159476816654205,0.0008048744639381766,0.046091049909591675,0.0004909225972369313,0.06332498788833618,0.00010220236435998231,0.08418343216180801,0.041042231023311615,0.07191651,0.07691094,5
MCF7,2.0,control,6,3,0.0,0.006325822789222002,0.0001679920678725466,0.021073859184980392,0.00024885113816708326,0.01234989333897829,0.00022126914700493217,0.07083161920309067,0.0,0.023826884,0.034222078,6
MCF7,2.0,control,7,3,0.0,0.032583676278591156,0.0003384882875252515,0.035472530871629715,0.00026602362049743533,0.041404854506254196,0.00010226060840068385,0.07023030519485474,0.006894360762089491,0.049505148,0.05438509,1
MCF7,2.0,control,7,3,0.0,0.020283570513129234,0.00031414447585120797,0.025870203971862793,0.0002561408618930727,0.02204780839383602,0.00021679120254702866,0.07093505561351776,0.0,0.034035735,0.04142059,2
MCF7,2.0,control,7,3,0.0,0.025629403069615364,0.0003934860578738153,0.030659662559628487,0.00031648913864046335,0.028652328997850418,0.00013431083061732352,0.05658719316124916,0.0,0.037856676,0.04331349,3
MCF7,2.0,control,8,3,0.0,0.045453693717718124,0.00023968250025063753,0.0455813966691494,0.0002345352404518053,0.04166354984045029,0.00014582768199034035,0.09368143230676651,0.0015641077188774943,0.051171403,0.057476714,1
MCF7,2.0,control,8,3,0.0,0.05174657329916954,0.00035277384449727833,0.05252652242779732,0.00031712334020994604,0.05913528800010681,1.3590098205895629e-05,0.07020828872919083,0.05039988085627556,0.062182747,0.06388994,2
MCF7,2.0,control,8,3,0.0,0.05048445984721184,0.000273266457952559,0.051036883145570755,0.000248062628088519,0.05247466638684273,2.6095165594597347e-05,0.06666959077119827,0.03654865920543671,0.05652297,0.059044532,3
MCF7,2.0,control,8,3,0.0,0.023111864924430847,0.0015615826705470681,0.06855634599924088,0.001516588730737567,0.0621744804084301,0.00018665062088984996,0.09796125441789627,0.020509472116827965,0.07314805,0.080079556,4
MCF7,2.0,control,8,3,0.0,0.07035168260335922,0.001031400985084474,0.07232953608036041,0.0009173399303108454,0.062450312077999115,0.0005117501714266837,0.15931232273578644,0.0,0.07997429,0.09220955,5
MCF7,2.0,control,8,3,0.0,0.10490451753139496,0.006477865390479565,0.14607621729373932,0.0030060200951993465,0.13186527788639069,0.002919004065915942,0.3457152545452118,0.009562425315380096,0.17444368,0.20681493,6
MCF7,2.0,control,8,3,0.0,0.0851091668009758,0.002317652106285095,0.09573382139205933,0.0015898380661383271,0.07808415591716766,0.0008398928912356496,0.18145547807216644,0.00518907280638814,0.101262785,0.1160272,7
MCF7,2.0,control,8,3,0.0,0.08115454018115997,0.0016294444212689996,0.08723973482847214,0.0012207538820803165,0.07799511402845383,0.0006913662073202431,0.16955891251564026,0.011044623330235481,0.098905906,0.11327881,8
MCF7,2.0,control,8,3,0.0,0.06483526527881622,0.0003706532879732549,0.06483526527881622,0.0003706532879732549,0.04755830392241478,0.0001031852953019552,0.08783513307571411,0.018784064799547195,0.055563617,0.060796708,9
MCF7,2.0,control,8,3,0.0,0.05043967068195343,0.00015658466145396233,0.05043967068195343,0.00015658466145396233,0.04504070058465004,7.757268758723512e-05,0.0781366378068924,0.01787244714796543,0.052040786,0.056565832,10
MCF7,2.0,control,8,3,0.0,0.04412570968270302,0.00018350715981796384,0.04427341744303703,0.00017758196918293834,0.033583108335733414,5.762044747825712e-05,0.05710604041814804,0.0008152503287419677,0.039538454,0.042956248,11
MCF7,2.0,control,8,3,0.0,0.05169498547911644,0.0007297290139831603,0.05346978083252907,0.0006598840118385851,0.05021655932068825,0.0004608245799317956,0.12951768934726715,0.0,0.06738476,0.07818701,12
MCF7,2.0,control,8,3,0.0,0.041018303483724594,0.001550741377286613,0.05855555832386017,0.0011868523433804512,0.03641575947403908,0.00047530251322314143,0.11442269384860992,0.0,0.054342806,0.06563912,13
MCF7,2.0,control,8,3,0.0,0.030872754752635956,0.0007800274179317057,0.0434989407658577,0.0005498134414665401,0.03328144922852516,0.0003144287329632789,0.09283172339200974,0.0,0.047531545,0.056981664,14
MCF7,2.0,control,9,3,0.0,0.05994562804698944,0.0002097015385515988,0.05996134132146835,0.00020881388627458364,0.052620112895965576,6.600832421099767e-05,0.06838400661945343,0.035277172923088074,0.059462212,0.06297112,1
MCF7,2.0,control,9,3,0.0,0.06356452405452728,0.00020500613027252257,0.06356452405452728,0.00020500613027252257,0.051578886806964874,9.409955055161845e-06,0.06038905307650566,0.04239927604794502,0.054037392,0.05557194,2
MCF7,2.0,control,9,3,0.0,0.13430069386959076,0.001769981812685728,0.13447020947933197,0.0017494200728833675,0.12000399827957153,0.001133249024860561,0.2393343448638916,0.020728345960378647,0.14637785,0.16493961,3
MCF7,2.0,control,9,3,0.0,0.08674179017543793,0.0003971843689214438,0.08674179017543793,0.0003971843689214438,0.07088534533977509,4.73385771329049e-05,0.09258806705474854,0.050587546080350876,0.07620594,0.080005,4
MCF7,2.0,control,9,3,0.0,0.0681290552020073,0.0004287518095225096,0.06813380867242813,0.0004284581227693707,0.05036387965083122,9.010754729388282e-05,0.08257216215133667,0.025937799364328384,0.058010153,0.06262641,5
MCF7,2.0,control,9,3,0.0,0.09865891933441162,0.0006556447478942573,0.09865891933441162,0.0006556447478942573,0.09193778783082962,0.00035902264062315226,0.1553981602191925,0.031240174546837807,0.10740409,0.11666168,6
MCF7,2.0,control,9,3,0.0,0.06782379746437073,0.00014486727013718337,0.06782379746437073,0.00014486727013718337,0.060541387647390366,2.5350753276143223e-05,0.07341454178094864,0.04629547894001007,0.06434985,0.06680636,7
MCF7,2.0,control,9,3,0.0,0.0838373601436615,0.0011918405070900917,0.08774936944246292,0.0009041769080795348,0.028179103508591652,0.00032100212411023676,0.06088411062955856,0.0,0.044386562,0.055070013,8
MCF7,2.0,control,9,3,0.0,0.06947153806686401,0.00014913703489582986,0.06947153806686401,0.00014913703489582986,0.060486823320388794,3.194233067915775e-05,0.07924669235944748,0.04484179988503456,0.065053955,0.06784768,9
MCF7,2.0,control,9,3,0.0,0.06532663851976395,0.0010066708782687783,0.06545978784561157,0.0010000064503401518,0.03677970543503761,7.667924364795908e-05,0.06205502152442932,0.008414243347942829,0.043491118,0.04656128,10
