Metadata_cell,Metadata_hour,Metadata_treatment,Metadata_site,Metadata_dish,Metadata_concentration,ObjectNumber,Cell_Ed_mean_value,Cell_Ed_variance,Cell_Ed_not_zero_mean_value,Cell_Ed_not_zero_variance,Cell_Ed_region_mean_value,Cell_Ed_region_variance,Cell_Ed_region_max_value,Cell_Ed_region_min_value,Cell_Ed_region_top_50_value,Cell_Ed_region_top_25_value,Cell_Ed_not_region_mean_value,Cell_Ed_not_region_variance,Cell_Ed_not_region_max_value,Cell_Ed_not_region_min_value,Cell_Ed_not_region_top_50_value,Cell_Ed_not_region_top_25_value,Fp_mito_ratio_mean,Fp_non_mito_ratio_mean,Fp_whole_cell_ratio_mean,Fp_mito_pixels,Fp_non_mito_pixels,Fp_whole_cell_pixels
MCF7,2,A133,0,1,60,1,0.108120345,0.002158555,0.109680332,0.002018599,0.116103128,0.001031572,0.224550515,0,0.14163075,0.15729547,0.10614115,0.002418255,0.356444746,0,0.14514066,0.16894199,0.9811511,1.0582988,1.0429715,4889,19719,24608
MCF7,2,A133,0,1,60,2,0.138653085,0.002231994,0.139406428,0.0021391,0.115136415,0.000758201,0.210871875,0,0.13711478,0.15070146,0.144484818,0.002426317,0.484797835,0,0.18162335,0.20771587,0.579497,0.7243023,0.6955285,4486,18090,22576
MCF7,2,A133,0,1,60,3,0.080655649,0.000538031,0.083496936,0.000319746,0.083097219,0.000174479,0.135228053,0.034412134,0.09353733,0.1001024,0.079811446,0.000660961,0.169948071,0,0.09816765,0.10785315,0.21439727,0.2771972,0.26106212,7120,20592,27712
MCF7,2,A133,1,1,60,1,0.052541714,0.000212417,0.052645542,0.000207371,0.056386314,0.000313812,0.117044553,0,0.070113026,0.07966528,0.0520637,0.000197745,0.150371701,0,0.06249134,0.06946066,0.19865686,0.20590255,0.20510128,3981,32019,36000
MCF7,2,A133,1,1,60,2,0.053426646,0.00014913,0.053428471,0.000149037,0.055576578,0.000269723,0.104895242,0,0.06872151,0.07712366,0.053168509,0.000134029,0.148493811,0.001619128,0.062026046,0.06759634,0.20340656,0.21216562,0.21122666,6250,52054,58304
MCF7,2,A133,1,1,60,3,0.048300073,0.000234352,0.048347514,0.000232288,0.053828917,0.000211762,0.107252426,0,0.06524476,0.072782345,0.047367901,0.000232138,0.144704148,0,0.05901404,0.06670246,0.4664955,0.29692826,0.32139271,9850,58422,68272
MCF7,2,A133,10,1,60,1,0.04815755,8.48E-05,0.04815755,8.48E-05,0.052584041,7.94E-05,0.085860834,0.016714232,0.059536453,0.06360031,0.047476448,8.22E-05,0.091653205,0.012199547,0.05453992,0.05935755,0.23504148,0.1789661,0.18636028,4958,32642,37600
MCF7,2,A133,10,1,60,2,0.04194852,0.000243156,0.042287499,0.000230787,0.040372711,0.000181206,0.083979942,0,0.050486267,0.055800557,0.042154454,0.000250885,0.126662955,0,0.053522874,0.062174458,0.06665501,0.08712652,0.08476046,4686,35858,40544
MCF7,2,A133,10,1,60,3,0.045197524,6.75E-05,0.045197524,6.75E-05,0.046945415,6.52E-05,0.079270504,0.018938938,0.053402085,0.05726095,0.044625737,6.70E-05,0.080039725,0.007170383,0.050897293,0.054944005,0.117652215,0.11487362,0.11555843,7169,21919,29088
MCF7,2,A133,10,1,60,4,0.043589521,0.000144932,0.043655302,0.000142279,0.041726992,0.000166033,0.083297737,0,0.051440857,0.057368312,0.043855112,0.000141358,0.119725734,0,0.05254528,0.05830153,0.085929275,0.0988731,0.09725769,5052,35428,40480
MCF7,2,A133,10,1,60,5,0.055385824,0.000154632,0.055385824,0.000154632,0.062909603,0.000180562,0.112430274,0.013324841,0.07338694,0.080064066,0.053304031,0.00012746,0.107024774,0.011214491,0.062104024,0.0682308,0.23295201,0.17816164,0.19003624,7074,25566,32640
MCF7,2,A133,10,1,60,6,0.056739785,0.000107323,0.056739785,0.000107323,0.055451311,0.00010098,0.090448201,0.019648578,0.06355626,0.06846502,0.057286527,0.000109011,0.106633082,0.023226159,0.06550055,0.07116654,0.16939205,0.1660356,0.16703555,10277,24219,34496
MCF7,2,A133,10,1,60,7,0.047934737,0.000114199,0.047934737,0.000114199,0.051326383,8.74E-05,0.088150151,0.014794966,0.058600746,0.06274094,0.047290292,0.000116682,0.109368093,0.006261112,0.055468865,0.06133236,0.24056244,0.16893701,0.18037347,6466,34030,40496
MCF7,2,A133,10,1,60,8,0.044795357,0.000246434,0.045003396,0.000238216,0.044767037,0.000276435,0.108020529,0,0.05811402,0.06734023,0.044799101,0.000242466,0.141406283,0,0.056260616,0.064496376,0.094603345,0.11377506,0.111535236,5105,38591,43696
MCF7,2,A133,10,1,60,9,0.058503274,0.000282455,0.058503274,0.000282455,0.061496403,0.000237083,0.123726271,0.0042697,0.07343799,0.081428826,0.057110261,0.000297461,0.131749526,0.003409246,0.07027431,0.07984913,0.35091567,0.28108793,0.3032648,11596,24916,36512
MCF7,2,A133,10,1,60,10,0.044863123,0.000170261,0.044928674,0.000167565,0.048773445,0.00020817,0.09566348,0,0.05989781,0.06592957,0.044212461,0.000160986,0.12271861,0,0.05396175,0.06024114,0.16289288,0.13695502,0.14065525,8507,51125,59632
MCF7,2,A133,2,1,60,1,0.040209822,0.000164318,0.040211763,0.000164248,0.042263906,0.000270468,0.099208318,0.002099808,0.056220103,0.06297831,0.039839949,0.000144308,0.098655306,0,0.048913166,0.05550225,0.08826159,0.1019476,0.09987319,3126,17498,20624
MCF7,2,A133,2,1,60,2,0.042148236,7.85E-05,0.042150166,7.84E-05,0.043681107,5.19E-05,0.071797647,0.016617846,0.04943125,0.052860714,0.041372962,9.01E-05,0.082137726,0,0.04884026,0.05349196,0.18601218,0.19536024,0.19222035,7325,14483,21808
MCF7,2,A133,2,1,60,3,0.044181176,0.000178784,0.044267766,0.000175301,0.043847527,0.00031733,0.092138201,0,0.05822308,0.06505976,0.044208422,0.000167461,0.132279471,0,0.053790156,0.06017,0.090899564,0.10224183,0.101385556,1621,19851,21472
MCF7,2,A133,2,1,60,4,0.045406777,0.000183988,0.045612291,0.000175447,0.048339102,9.61E-05,0.085014671,0.006085678,0.056015715,0.06010092,0.044156689,0.000216238,0.097794913,0,0.055740777,0.06222662,0.36341083,0.2782855,0.3037288,9818,23030,32848
MCF7,2,A133,3,1,60,1,0.086756781,0.002016773,0.098666564,0.001118532,0.087299727,0.000634276,0.1994486,0.011327334,0.107275434,0.12026278,0.086632736,0.002332538,0.318023294,0,0.12374829,0.14293903,0.881742,0.76356506,0.7855429,7192,31480,38672
MCF7,2,A133,3,1,60,2,0.054408565,0.000317686,0.054458797,0.000315244,0.053911589,0.000237542,0.096294954,0.010997109,0.06637267,0.07262936,0.054466825,0.000327049,0.157040253,0,0.0685655,0.07806377,0.26478764,0.27930292,0.27777982,3754,32022,35776
MCF7,2,A133,3,1,60,3,0.063315518,0.00056317,0.063537106,0.000551062,0.064122692,0.000594524,0.153349191,0,0.083388336,0.09447087,0.063121483,0.000555439,0.178884864,0,0.08167367,0.09387763,0.67187625,0.5497339,0.5734053,6335,26353,32688
MCF7,2,A133,4,1,60,1,0.092737399,0.001136,0.093477204,0.001075908,0.091810614,0.000622499,0.194891125,0,0.11163539,0.123537794,0.093116194,0.001345386,0.371147901,0,0.122010864,0.13931216,0.48037255,0.5668324,0.5441397,14824,41656,56480
MCF7,2,A133,4,1,60,2,0.079571113,0.000522509,0.080702983,0.000438595,0.081316158,0.000271347,0.147779211,0,0.09446384,0.10254153,0.07919579,0.000575731,0.191648245,0,0.09743865,0.10786956,0.2662159,0.34420356,0.3303995,8077,37555,45632
MCF7,2,A133,4,1,60,3,0.085189804,0.000474305,0.085278668,0.000467222,0.086703561,0.0002274,0.150759831,0.028344642,0.098685816,0.10600889,0.084542528,0.000578481,0.218348682,0,0.10333339,0.114894435,0.26194152,0.37360546,0.34016007,13797,32267,46064
MCF7,2,A133,4,1,60,4,0.095121324,0.00118244,0.098882847,0.000857247,0.097944394,0.000440009,0.176907316,0.004223297,0.11450389,0.12430055,0.094266117,0.001404201,0.291444778,0,0.1224064,0.13851699,0.3159387,0.40744403,0.386169,12994,42894,55888
MCF7,2,A133,5,1,60,1,0.045642316,6.03E-05,0.045642316,6.03E-05,0.050103091,4.79E-05,0.076533638,0.024486577,0.05566187,0.05891932,0.044691861,5.78E-05,0.114681184,0.009503746,0.05061798,0.054247227,0.23669714,0.16666268,0.17890297,8241,38911,47152
MCF7,2,A133,5,1,60,2,0.045132097,7.71E-05,0.045184299,7.48E-05,0.049623221,3.88E-05,0.074307494,0.023532679,0.054635677,0.05773478,0.044654254,7.88E-05,0.135804057,0,0.05108535,0.05527975,0.17092197,0.12796356,0.13209467,7824,73536,81360
MCF7,2,A133,5,1,60,3,0.045511369,0.000227797,0.047952641,0.00012295,0.034669209,0.000525483,0.095457219,0,0.05243196,0.05716236,0.047270246,0.000157341,0.099524111,0,0.056602404,0.06192748,0.14065503,0.14295399,0.14295179,38,39738,39776
MCF7,2,A133,5,1,60,4,0.048859853,9.63E-05,0.04892353,9.34E-05,0.052053764,0.000112792,0.096237615,0,0.060028292,0.06463286,0.048082512,8.93E-05,0.099854544,0.016478324,0.05551891,0.059976786,0.2288914,0.17059746,0.18200806,6768,27808,34576
MCF7,2,A133,5,1,60,5,0.059558578,0.000343031,0.059618805,0.000339787,0.058898062,0.000156546,0.098338321,0.013095968,0.068897925,0.07425194,0.059798393,0.000410524,0.13383624,0,0.07602004,0.08681409,0.6467171,0.5656738,0.58726096,3955,10893,14848
MCF7,2,A133,5,1,60,6,0.07450667,0.000539839,0.07450667,0.000539839,0.072532214,0.000400066,0.133694991,0.00838173,0.088571705,0.09745422,0.075180285,0.000585741,0.163374364,0.010110948,0.09518121,0.10633173,0.98615485,0.7825455,0.8343393,3602,10558,14160
MCF7,2,A133,6,1,60,1,0.041333199,5.00E-05,0.041333199,5.00E-05,0.046946719,2.66E-05,0.063813813,0.020926416,0.050980892,0.053182807,0.040414374,4.78E-05,0.069885224,0.012642433,0.045865323,0.049325217,0.15304728,0.10303982,0.11007375,5399,32985,38384
MCF7,2,A133,6,1,60,2,0.038730651,8.00E-05,0.038730651,8.00E-05,0.04090412,5.73E-05,0.068730682,0.010338002,0.046636507,0.04978283,0.038060457,8.51E-05,0.077251442,0.004457038,0.04530314,0.04992252,0.09451323,0.08418021,0.0866155,7176,23272,30448
MCF7,2,A133,6,1,60,3,0.044764519,7.74E-05,0.044764519,7.74E-05,0.048536718,7.34E-05,0.073994689,0.003684344,0.055281583,0.058843162,0.043894008,7.43E-05,0.087666705,0.004830976,0.050548825,0.05505346,0.12745382,0.10088128,0.10586363,6315,27365,33680
MCF7,2,A133,6,1,60,4,0.04436478,0.000156418,0.045214403,0.000120998,0.042962536,0.000318033,0.071574606,0,0.055286888,0.059595935,0.044641264,0.000124088,0.094663352,0,0.053314764,0.05889361,0.13470072,0.09731263,0.10347038,5215,26449,31664
MCF7,2,A133,6,1,60,5,0.048598047,0.000336566,0.048986137,0.000320242,0.047195803,0.000457528,0.120524593,0,0.06350991,0.07428865,0.04871054,0.000326692,0.146966293,0,0.06190758,0.0717941,0.18481337,0.19404949,0.1933636,5493,68475,73968
MCF7,2,A133,7,1,60,1,0.030336004,0.000197758,0.03302874,0.000126374,0.033838127,6.87E-05,0.069384806,0.007322223,0.04008281,0.044824425,0.029750396,0.000216951,0.101979494,0,0.041003913,0.04732716,0.09712256,0.116836846,0.11401258,8222,49170,57392
MCF7,2,A133,7,1,60,2,0.04334861,0.000153154,0.04338447,0.000151725,0.045423049,8.16E-05,0.078358822,0.008095919,0.05265237,0.057189785,0.042429671,0.000182096,0.114764035,0,0.05292868,0.05906758,0.34678268,0.2359016,0.26994103,8915,20125,29040
MCF7,2,A133,7,1,60,3,0.051492795,0.000971018,0.053448219,0.000903378,0.039779853,0.000612598,0.112307087,0,0.06028557,0.0727323,0.052438326,0.000987982,0.216993615,0,0.07788366,0.09471432,0.22999033,0.32010555,0.31337437,784,9712,10496
MCF7,2,A133,7,1,60,4,0.045251898,0.000248373,0.045645166,0.000232581,0.048875839,0.000320298,0.13273944,0,0.062036056,0.070417665,0.044712111,0.000235412,0.189236566,0,0.05540412,0.0631473,0.29675686,0.20790026,0.21941967,9946,66774,76720
MCF7,2,A133,7,1,60,5,0.056304131,0.00031715,0.05634084,0.000315288,0.050892308,0.000311207,0.116479225,0.005676279,0.06474756,0.074850924,0.056806721,0.000314729,0.152087927,0,0.0705328,0.0797664,0.2573099,0.25194037,0.25239667,1826,19662,21488
MCF7,2,A133,7,1,60,6,0.040967271,6.09E-05,0.040967271,6.09E-05,0.042012699,3.48E-05,0.065676615,0.018728307,0.04658705,0.04944399,0.040771574,6.55E-05,0.081969731,0.010738322,0.047184132,0.051157303,0.21505252,0.1909967,0.19478981,3088,16496,19584
MCF7,2,A133,7,1,60,7,0.035761688,0.000170255,0.035764765,0.00017016,0.035060603,0.000112382,0.084096566,0,0.043210294,0.048379045,0.035893112,0.000180995,0.131825909,0,0.045674723,0.053016257,0.110141926,0.09758266,0.09956537,5509,29387,34896
MCF7,2,A133,8,1,60,1,0.041874822,9.57E-05,0.041924197,9.38E-05,0.043784108,6.51E-05,0.076833017,0.018706474,0.050173648,0.05422395,0.041481264,0.000101127,0.097145334,0,0.049342792,0.054252468,0.08169118,0.0882959,0.08716715,15381,74619,90000
MCF7,2,A133,8,1,60,2,0.046771511,0.000150243,0.046773352,0.000150163,0.052582782,0.000117615,0.085337542,0.016762793,0.061196603,0.06585388,0.04591883,0.000149349,0.096887305,0,0.055538975,0.061238404,0.25463203,0.16982608,0.1806773,3249,22143,25392
MCF7,2,A133,8,1,60,3,0.053218361,0.000175252,0.053218361,0.000175252,0.061388154,0.000210167,0.113100611,0.00795871,0.07303511,0.08007075,0.051762987,0.000155025,0.115881413,0.006096431,0.06144357,0.067760296,0.4280963,0.2897814,0.31069538,4691,26333,31024
MCF7,2,A133,8,1,60,4,0.04936615,0.000199886,0.049406335,0.000198064,0.053244092,0.000160304,0.095894642,0.023501264,0.063596636,0.0700641,0.048555963,0.000204358,0.111760966,0,0.059841923,0.06715808,0.28396192,0.19356322,0.20918563,4037,19323,23360
MCF7,2,A133,8,1,60,5,0.058399044,0.000303612,0.058399044,0.000303612,0.068063639,0.000532179,0.157614991,0.013449517,0.085777156,0.09991266,0.056750607,0.000245978,0.135511056,0.00572208,0.068859465,0.07737744,0.65247434,0.4312685,0.46350068,3982,23346,27328
MCF7,2,A133,8,1,60,6,0.032619726,0.000388962,0.03696312,0.000280208,0.034099061,0.000326744,0.094759978,0,0.048238892,0.05617566,0.032449894,0.000395825,0.108600132,0,0.048374057,0.05746588,0.059500817,0.12162631,0.11522849,1333,11611,12944
MCF7,2,A133,8,1,60,7,0.044350952,0.000661252,0.045715,0.000619232,0.045099709,0.000567711,0.142388046,0,0.06420673,0.07686605,0.044115748,0.000690404,0.190129399,0,0.064680055,0.07913594,0.6254939,0.5466751,0.5655155,5079,16169,21248
MCF7,2,A133,9,1,60,1,0.057370547,0.000105238,0.057370547,0.000105238,0.061113663,9.26E-05,0.108758353,0.026236311,0.068913355,0.073633574,0.055761114,0.000102069,0.114681669,0.018059039,0.06361201,0.06896372,0.4293947,0.34236133,0.368531,17281,40191,57472
MCF7,2,A133,9,1,60,2,0.047145069,0.000343901,0.047346532,0.000335833,0.042935766,0.000384796,0.136286527,0,0.05812262,0.0685412,0.047911756,0.000332638,0.183594808,0,0.061723273,0.07130312,0.14498058,0.1810263,0.17547248,10248,56264,66512
MCF7,2,A133,9,1,60,3,0.049656391,0.000467639,0.05022772,0.000444323,0.046970882,0.000551218,0.141869321,0,0.06491075,0.07588751,0.04993986,0.000457976,0.251715869,0,0.064976886,0.07660441,0.11391979,0.15541957,0.15145728,6992,66240,73232
MCF7,2,A133,9,1,60,4,0.069426537,0.000813636,0.069782533,0.000792965,0.054923933,0.000747157,0.154072061,0,0.0767649,0.09014729,0.071816646,0.000784216,0.224584952,0,0.09359282,0.1089833,0.5861805,0.4927932,0.50600636,5741,34835,40576
MCF7,6,A133,0,1,60,1,0.070331313,0.002815237,0.084201753,0.002202531,0.085808367,0.000455859,0.169857457,0.008947924,0.10277474,0.11289434,0.068162896,0.003107537,0.431726694,0,0.1127404,0.14261492,0.8055566,0.99537164,0.9720455,14900,106348,121248
MCF7,6,A133,0,1,60,2,0.069152631,0.001623513,0.078508988,0.001108616,0.073936448,0.000347111,0.13372919,0.004119623,0.088696346,0.09756587,0.06841433,0.001816428,0.299618363,0,0.10248105,0.121899664,0.46958905,0.64527804,0.62178856,3581,23203,26784
MCF7,6,A133,0,1,60,3,0.06693989,0.002268011,0.083866015,0.001421964,0.078622118,0.000535586,0.182648942,0,0.096946836,0.108204804,0.0636217,0.002710311,0.336623877,0,0.10677935,0.131535,0.6479383,0.74263424,0.7216869,9050,31862,40912
MCF7,6,A133,0,1,60,4,0.094685815,0.001308046,0.095244721,0.001262535,0.09251792,0.00064734,0.19214654,0,0.11282629,0.12530608,0.095332168,0.001503215,0.322384894,0,0.1257624,0.1451402,0.77710587,0.8278532,0.81619805,9863,33081,42944
MCF7,6,A133,0,1,60,5,0.08913862,0.001459065,0.091499925,0.001281656,0.094675697,0.000635073,0.219009563,0,0.11452429,0.12723468,0.087761991,0.001654406,0.3552984,0,0.1191407,0.13931538,0.85726595,0.7376402,0.76145947,13132,52820,65952
MCF7,6,A133,1,1,60,1,0.028550951,0.00084531,0.046844244,0.000529985,0.043382403,0.00030373,0.116446659,0,0.05702422,0.06494854,0.024885872,0.000911351,0.219186768,0,0.049597174,0.068674296,0.416162,0.44214126,0.43699348,21714,87870,109584
MCF7,6,A133,1,1,60,2,0.049617637,0.000430196,0.050447579,0.000395524,0.051746029,0.000259426,0.136070475,0,0.06417259,0.07145288,0.049235716,0.000459881,0.180075601,0,0.06604255,0.07648409,0.30767283,0.36059532,0.35254365,11458,63854,75312
MCF7,6,A133,1,1,60,3,0.056964375,0.000807008,0.058292806,0.000748389,0.05308982,0.000308839,0.121849418,0,0.06701577,0.07535512,0.058009405,0.000936231,0.232511535,0,0.082117826,0.097759865,0.7125459,0.74532425,0.7383614,8762,32486,41248
MCF7,6,A133,1,1,60,4,0.042745415,0.000457068,0.046304379,0.000330327,0.047472578,0.000153923,0.100232385,0,0.057293158,0.06300971,0.04163935,0.000521545,0.160860285,0,0.059632495,0.06984593,0.2978196,0.32462084,0.31953898,13455,57505,70960
MCF7,6,A133,2,1,60,1,0.054543827,0.000504541,0.05632811,0.00042054,0.061772011,0.000181395,0.117541485,0.011127732,0.072490804,0.07898857,0.052231211,0.000585865,0.300834537,0,0.071108565,0.08222494,0.5162834,0.4562368,0.46997827,6437,21691,28128
MCF7,6,A133,2,1,60,2,0.049146749,0.000584232,0.05310205,0.000421216,0.053834975,0.000219694,0.109932408,2.94E-05,0.065704495,0.07287148,0.047708314,0.000687266,0.165326402,0,0.06840615,0.080111876,0.43131,0.4384252,0.4367547,8933,29115,38048
MCF7,6,A133,2,1,60,3,0.05243798,0.000815139,0.054813698,0.000721847,0.051506672,0.00051604,0.127707481,0,0.069442585,0.08041107,0.052684307,0.000893959,0.197183922,0,0.07664543,0.09164935,0.43871146,0.55201596,0.5366074,1732,11004,12736
MCF7,6,A133,2,1,60,4,0.050628569,0.000708133,0.053425368,0.000597831,0.055045858,0.000332368,0.112886064,0,0.06968422,0.07859958,0.048532557,0.000872782,0.186708122,0,0.07257595,0.08681902,0.3503485,0.5106195,0.45904356,3424,7216,10640
MCF7,6,A133,2,1,60,5,0.053575557,0.00079415,0.058513727,0.000578397,0.057377253,0.000309337,0.131658852,0,0.071213216,0.07964769,0.05148368,0.001048588,0.185981587,0,0.0776395,0.09242647,0.39982274,0.4539451,0.44950333,671,7505,8176
MCF7,6,A133,2,1,60,6,0.061384086,0.000591867,0.062537357,0.000530864,0.067222752,0.000241812,0.124012992,0.007494987,0.07952541,0.08652628,0.05953373,0.000688577,0.185213715,0,0.08014811,0.09270141,0.61271065,0.53180367,0.5512738,5533,17459,22992
MCF7,6,A133,2,1,60,7,0.103240818,0.00165416,0.103907555,0.001595562,0.112133555,0.001020393,0.208723441,0,0.13690849,0.15006529,0.100258201,0.001831305,0.318801939,0,0.1345585,0.15541154,1.5007678,1.2967113,1.3479621,6928,20656,27584
MCF7,6,A133,2,1,60,8,0.069845915,0.001412252,0.072417714,0.001278008,0.070677385,0.000748259,0.160583943,0,0.0926545,0.10566449,0.069688529,0.001537776,0.279672831,0,0.10088499,0.12089991,1.0343783,0.8847584,0.9085712,3397,17947,21344
MCF7,6,A133,2,1,60,9,0.063515097,0.001609055,0.071338326,0.001249149,0.072874837,0.000875151,0.226819143,0,0.096049786,0.11149064,0.06150385,0.001743889,0.360390067,0,0.09495498,0.115786895,1.0932585,0.7639343,0.8221837,3829,17819,21648
MCF7,6,A133,2,1,60,10,0.074128546,0.001884586,0.078449719,0.00165545,0.077415019,0.000955846,0.200713202,0,0.102045365,0.11734436,0.073503658,0.002058731,0.416443318,0,0.10971174,0.13329087,1.1790828,0.9345181,0.97359014,4049,21295,25344
MCF7,6,A133,2,1,60,11,0.072595172,0.000818254,0.073234379,0.000778648,0.077252001,0.000348995,0.154251695,0.00845669,0.092182696,0.10080948,0.071232721,0.000947345,0.207406551,0,0.09558009,0.11021535,0.58045304,0.60756874,0.6014312,5809,19855,25664
MCF7,6,A133,2,1,60,12,0.067501552,0.001555366,0.075855762,0.001114148,0.074273363,0.000511233,0.158761233,0,0.09223847,0.10292716,0.064797521,0.001946672,0.297120273,0,0.10057096,0.12101638,0.82495916,0.6844074,0.7245153,9789,24515,34304
MCF7,6,A133,3,1,60,1,0.04104073,0.000833926,0.048489086,0.000624108,0.059266038,0.000277409,0.132558271,0,0.072444715,0.080217466,0.038331248,0.000859938,0.222690091,0,0.06210289,0.077068135,0.623369,0.5855982,0.59048665,9360,62960,72320
MCF7,6,A133,3,1,60,2,0.037241533,0.001164141,0.053520016,0.000801769,0.052142311,0.000448564,0.164257258,0,0.068983264,0.079396516,0.034918804,0.00123568,0.289859176,0,0.0644043,0.08367385,0.36581543,0.56382495,0.5371218,13885,89075,102960
MCF7,6,A133,3,1,60,3,0.059672125,0.001011058,0.061286207,0.000939485,0.05587,0.000534118,0.147650495,0,0.074318886,0.0852541,0.060483422,0.001109085,0.25439027,0,0.08656497,0.10434484,0.8063459,0.7875083,0.790821,5709,26755,32464
MCF7,6,A133,3,1,60,4,0.067500718,0.001343713,0.069043502,0.001267906,0.063408241,0.000878909,0.174308807,0,0.08727711,0.10248534,0.068334348,0.001434286,0.272975385,0,0.09807245,0.11916033,0.9144306,0.85193366,0.8625099,5112,25096,30208
MCF7,6,A133,3,1,60,5,0.075936519,0.001675028,0.078046337,0.001556904,0.06945698,0.000795209,0.169239834,0,0.091493934,0.105420396,0.076948732,0.001804888,0.335151404,0,0.11058069,0.13279678,0.7601937,0.8334918,0.82358843,2499,15997,18496
MCF7,6,A133,4,1,60,1,0.049444363,0.000752883,0.051803324,0.000666601,0.052730087,0.00020139,0.112813592,0,0.06398555,0.0708307,0.048883099,0.000844929,0.316956878,0,0.07136529,0.086569004,0.53481245,0.5817648,0.57491463,8532,49948,58480
MCF7,6,A133,4,1,60,2,0.061492156,0.000592959,0.061799329,0.000576937,0.066472597,0.000244176,0.117403068,0.015925691,0.07904274,0.0866475,0.060739316,0.000641364,0.210524678,0,0.08061379,0.0935165,0.52024204,0.53176,0.5302475,3038,20098,23136
MCF7,6,A133,4,1,60,3,0.085486919,0.005622648,0.113674872,0.004272365,0.088534378,0.002528073,0.291368902,0,0.12940486,0.1548496,0.084546648,0.0065737,0.444691747,0,0.15293723,0.1979033,1.0027478,1.1193651,1.091868,3833,12423,16256
MCF7,6,A133,4,1,60,4,0.059617706,0.000894889,0.061550099,0.000804955,0.059328917,0.000433582,0.156073689,0,0.0757872,0.086472236,0.059675913,0.000987851,0.255903244,0,0.08436087,0.1005386,0.44794762,0.5228678,0.5103,3457,17151,20608
MCF7,6,A133,5,1,60,1,0.052425198,0.00107149,0.055601384,0.000959806,0.044751976,0.000467058,0.124075443,0,0.062014665,0.07269522,0.054187592,0.001193687,0.296770155,0,0.0813231,0.09987102,0.4923632,0.67746073,0.6428882,8825,38423,47248
MCF7,6,A133,5,1,60,2,0.055480152,0.001475503,0.061922442,0.001247914,0.052955199,0.000651821,0.157523975,0,0.07365234,0.08571241,0.056063648,0.001664037,0.384813845,0,0.08850693,0.11037255,0.5972752,0.7267792,0.7024694,8758,37898,46656
MCF7,6,A133,6,1,60,1,0.042027093,0.000683219,0.045297388,0.000588247,0.050945409,0.000283411,0.133005172,0,0.06428097,0.07231601,0.040473662,0.000736592,0.252106994,0,0.062001918,0.07620245,0.7500163,0.70521325,0.7118595,7206,41370,48576
MCF7,6,A133,6,1,60,2,0.043346856,0.000749361,0.046490278,0.000657564,0.047432281,0.000404809,0.135329038,0,0.06331968,0.07359403,0.042501941,0.000816453,0.316801995,0,0.065051496,0.0801814,0.7548766,0.7480685,0.7492353,8075,39045,47120
MCF7,6,A133,6,1,60,3,0.048021711,0.000733477,0.050570417,0.000643516,0.052280221,0.000170948,0.096496724,0,0.062513456,0.06846539,0.047534276,0.000795552,0.309899032,0,0.06941377,0.08415787,0.6759325,0.6381742,0.64205223,4736,41376,46112
MCF7,6,A133,6,1,60,4,0.057658233,0.001805322,0.064796388,0.001566297,0.061258879,0.000871795,0.17286177,0,0.08499535,0.099463895,0.057404689,0.001870079,0.349586815,0,0.09171805,0.115460835,0.77888465,0.9118263,0.9030811,2505,35575,38080
MCF7,6,A133,6,1,60,5,0.039532069,0.000593312,0.044818264,0.000435731,0.04735278,0.000223447,0.101832427,0,0.059225745,0.06620868,0.038330309,0.000639304,0.175729409,0,0.0587568,0.07090787,0.37433663,0.43278104,0.42499647,6289,40927,47216
MCF7,6,A133,6,1,60,6,0.053255513,0.001462115,0.060343377,0.001229004,0.055168238,0.000667284,0.160883158,0,0.07580688,0.08890508,0.052818011,0.001642888,0.345686257,0,0.08538085,0.10720093,0.7788262,0.81059045,0.8046775,8146,35614,43760
MCF7,6,A133,6,1,60,7,0.051771067,0.001223713,0.057752755,0.001019644,0.05739715,0.000402672,0.148573712,0,0.07322071,0.08278505,0.050041903,0.001463341,0.296446413,0,0.08090079,0.10158532,0.6108637,0.8495558,0.79344094,10314,33558,43872
MCF7,6,A133,6,1,60,8,0.057640232,0.001675279,0.066574559,0.001340151,0.059529174,0.000568312,0.163941503,0,0.078534,0.08994758,0.056669734,0.002241242,0.429379076,0,0.09478737,0.12014572,0.74839437,0.8048174,0.7856673,8743,17017,25760
MCF7,6,A133,7,1,60,1,0.080976956,0.002727288,0.086933292,0.002410093,0.074277483,0.001060988,0.197164729,0,0.10032155,0.116139404,0.08219941,0.003021651,0.397396058,0,0.12556672,0.15554976,1.5769397,1.2836685,1.3289236,4617,25303,29920
MCF7,6,A133,7,1,60,2,0.069976158,0.001570893,0.072812371,0.001428051,0.064147741,0.000422443,0.147335693,0,0.08033288,0.090155765,0.071476005,0.001855435,0.28224507,0,0.105296046,0.12801956,1.430606,1.2479951,1.2853693,1860,7228,9088
MCF7,6,A133,7,1,60,3,0.046342462,0.000534227,0.047318362,0.000499299,0.048468519,0.000401964,0.145817652,0,0.06391318,0.07488205,0.045807198,0.000566102,0.162985161,0,0.06451694,0.077158675,0.8816142,0.7450621,0.77252686,4486,17818,22304
MCF7,6,A133,7,1,60,4,0.046086859,0.000841196,0.049502194,0.000734468,0.040748298,0.000331059,0.106341295,0,0.055195604,0.063083276,0.047027759,0.000925197,0.219387308,0,0.07125181,0.08723044,0.413364,0.69641036,0.6539993,2769,15711,18480
MCF7,6,A133,7,1,60,5,0.04303192,0.000515803,0.044415101,0.000470948,0.047241699,0.000270838,0.115650348,0,0.060136516,0.06888957,0.042006269,0.000570115,0.148571938,0,0.061094757,0.07366745,0.7765698,0.6778713,0.6972068,3636,14924,18560
MCF7,6,A133,7,1,60,6,0.041943081,0.000502306,0.042953048,0.00047102,0.040126681,0.000207582,0.100857817,0,0.051359497,0.05820943,0.042619385,0.000610356,0.16493161,0,0.061488543,0.07580086,0.41420168,0.35367268,0.37009504,3577,9607,13184
MCF7,6,A133,8,1,60,1,0.050190456,0.00039599,0.050423712,0.000386069,0.052523911,0.000210167,0.101789281,0,0.06368119,0.07040775,0.049778216,0.000427687,0.153744578,0,0.065912046,0.07633997,0.36708203,0.40177384,0.39656514,2986,16902,19888
MCF7,6,A133,8,1,60,2,0.05648087,0.000273782,0.056487594,0.000273435,0.065423757,0.000213132,0.115095951,0.024227763,0.07708904,0.08517787,0.053312469,0.000256897,0.117451884,0,0.06565503,0.07421703,0.63616014,0.4774019,0.5189342,4395,12405,16800
MCF7,6,A133,8,1,60,3,0.055256382,0.000263976,0.055265892,0.000263497,0.061260991,0.000170328,0.097929612,0.012558928,0.0715254,0.076508164,0.053533118,0.000277536,0.126819432,0,0.066651136,0.07514209,0.58919036,0.4508809,0.481715,3888,13552,17440
MCF7,6,A133,8,1,60,4,0.054793112,0.00025944,0.054801606,0.000259014,0.059887882,0.000189857,0.105715781,0.013922257,0.070890926,0.07777937,0.05326499,0.00027019,0.117368743,0,0.06638071,0.074516416,0.5687651,0.47879517,0.4995543,4467,14893,19360
MCF7,6,A133,8,1,60,5,0.058223467,0.000588311,0.05866551,0.000566845,0.056642175,0.000526138,0.151030496,0,0.075231224,0.08674137,0.05863069,0.000603513,0.155847147,0,0.078473695,0.09090195,0.5964319,0.48734576,0.5096855,3044,11820,14864
MCF7,6,A133,9,1,60,1,0.08443547,0.002817456,0.091613784,0.002399351,0.095558666,0.001045243,0.226122841,0,0.121433295,0.136701,0.081389122,0.003259653,0.564969182,0,0.12656471,0.15750574,1.7876039,1.3710853,1.4606338,4692,17132,21824
MCF7,6,A133,9,1,60,2,0.046297666,0.000882548,0.04988274,0.000772056,0.054408979,0.000562263,0.193795323,0,0.072235495,0.08545163,0.044024512,0.000948701,0.33243376,0,0.0680029,0.08494303,1.1590886,0.8834087,0.9437548,8784,31344,40128
MCF7,6,A133,9,1,60,3,0.061394807,0.001014259,0.063190773,0.00093044,0.0654594,0.000593972,0.158573776,0,0.08489202,0.09645985,0.060104854,0.001140735,0.217879668,0,0.08699368,0.104551554,0.9761793,0.9465675,0.95370114,3577,11271,14848
MCF7,6,A133,9,1,60,4,0.068672478,0.000831437,0.069308989,0.000795027,0.069303818,0.000421569,0.139897287,0,0.085793324,0.09524026,0.068463847,0.000966709,0.203133583,0,0.093225464,0.10885012,1.0091124,0.9385052,0.9560429,2921,8839,11760
MCF7,6,A133,9,1,60,5,0.031171301,0.00119916,0.048735809,0.001018846,0.040447358,0.000823745,0.163471028,0,0.06379718,0.07935645,0.029656069,0.001244132,0.258638591,0,0.057529498,0.080714345,0.4479182,0.5436691,0.5302245,3963,24261,28224
MCF7,6,A133,9,1,60,6,0.036746424,0.000616112,0.039358363,0.000557104,0.040109675,0.000439671,0.128205508,0,0.056492403,0.066222094,0.0362681,0.000639368,0.159330115,0,0.055805262,0.070263475,0.13459489,0.197336,0.18952397,3062,21530,24592
MCF7,6,A133,9,1,60,7,0.02947351,0.00121532,0.049349569,0.001054021,0.041169174,0.000854243,0.201293185,0,0.064652525,0.07930767,0.027693789,0.001246283,0.277548283,0,0.05479017,0.07929797,0.45112038,0.5579766,0.54386395,4258,27982,32240
MCF7,2,A199,0,2,70,1,0.020224435,0.00035335,0.02829501,0.000265998,0.03048615,0.000237847,0.103824794,0,0.042804446,0.050601695,0.016852722,0.000345333,0.155327633,0,0.0320934,0.043612186,0.13587573,0.21357225,0.19435698,28431,86529,114960
MCF7,2,A199,0,2,70,2,0.038943253,0.00064967,0.044064004,0.000509456,0.040227979,0.000304893,0.118201859,0,0.05373384,0.0626767,0.038737912,0.000704471,0.238305613,0,0.06003647,0.0732092,0.113888554,0.1976646,0.18611959,23176,145000,168176
MCF7,2,A199,0,2,70,3,0.046104409,0.000515777,0.047897227,0.000449963,0.051494397,0.000307176,0.092319667,0,0.06497417,0.07075535,0.045830078,0.000524841,0.394463569,0,0.061261844,0.07124703,0.098137766,0.17859626,0.17469953,4737,93071,97808
MCF7,2,A199,0,2,70,4,0.049146157,0.000433506,0.049536906,0.000417597,0.045823503,0.000374669,0.118608467,0,0.061193332,0.06954923,0.049812973,0.000442654,0.196110845,0,0.06577874,0.07730932,0.10317974,0.17386079,0.162047,14409,71799,86208
MCF7,2,A199,1,2,70,1,0.021335607,0.000592422,0.038391732,0.000411202,0.045714453,0.00031086,0.11897397,0,0.059828363,0.06805291,0.015062118,0.00047258,0.130084813,0,0.030124653,0.04836978,0.41183257,0.5198623,0.49779716,18657,72687,91344
MCF7,2,A199,1,2,70,2,0.034151427,0.001111215,0.05319494,0.000717832,0.063902564,0.000403768,0.129162535,0,0.07993463,0.08858673,0.030224748,0.001072345,0.163046747,0,0.05840125,0.07702983,0.39901286,0.5983078,0.57507086,8934,67690,76624
MCF7,2,A199,1,2,70,3,0.031391274,0.000913563,0.045489956,0.000682521,0.055795196,0.000333834,0.138568074,0,0.07040321,0.0792643,0.02552164,0.000875305,0.508438766,0,0.049018353,0.06591013,0.3631379,0.43126777,0.41805834,29266,121678,150944
MCF7,2,A199,10,2,70,1,0.076837324,0.003825971,0.0788294,0.003768129,0.078031406,8.71E-05,0.125952497,0.039479326,0.08533067,0.09002455,0.076467432,0.004983553,0.574610531,0,0.11060816,0.14850007,0.16344675,0.2212743,0.207598,22882,73870,96752
MCF7,2,A199,10,2,70,2,0.042184833,0.000653686,0.048774749,0.00043438,0.069234937,0.000132501,0.119446613,0.01760171,0.07827324,0.083712496,0.037625071,0.000597407,0.172909304,0,0.057976533,0.067485586,0.13528337,0.2243309,0.21148567,17751,105305,123056
MCF7,2,A199,2,2,70,1,0.069045506,0.000524996,0.069107413,0.000521188,0.058211122,0.000135557,0.103887372,0.008042943,0.06728053,0.072415575,0.07101319,0.000570534,0.246962801,0,0.08898483,0.10306715,0.31065276,0.39165294,0.37920314,13897,76519,90416
MCF7,2,A199,2,2,70,2,0.055640195,0.001327184,0.070763417,0.000617747,0.063323423,0.000373362,0.147079021,0,0.07824593,0.08712846,0.052980587,0.00162985,0.245151162,0,0.08644242,0.1024243,0.15356626,0.18956159,0.18030559,14684,42420,57104
MCF7,2,A199,2,2,70,3,0.026531894,0.001553668,0.067273289,0.001198615,0.042256806,0.001260505,0.166659221,0,0.07181426,0.09058069,0.024225706,0.00155508,0.237878114,0,0.04845362,0.08575786,0.21100229,0.2317496,0.22909603,3219,21949,25168
MCF7,2,A199,2,2,70,4,0.037163924,0.00191749,0.07029067,0.00129818,0.054188665,0.001093388,0.202528343,0,0.08059953,0.095823936,0.030541832,0.002081449,0.311092228,0,0.061083663,0.09970285,0.20093937,0.22451016,0.21790935,4866,12510,17376
MCF7,2,A199,3,2,70,1,0.024077306,0.000852878,0.046639882,0.000599784,0.055090681,0.000394871,0.148812518,0,0.070724495,0.079514354,0.019176261,0.000749239,0.192374721,0,0.038354017,0.060789607,1.0840082,0.7785275,0.8202148,4059,25685,29744
MCF7,2,A199,3,2,70,2,0.047991227,0.000413933,0.049123164,0.000368092,0.052856147,0.000281875,0.123608649,0,0.06577996,0.074608214,0.046692971,0.000441173,0.17180784,0,0.062733576,0.0722672,0.21136717,0.29404068,0.27662566,18082,67758,85840
MCF7,2,A199,3,2,70,3,0.057481945,0.000500045,0.058026209,0.000473198,0.068370596,0.000312012,0.132489383,0.007140079,0.08251487,0.090603136,0.055888887,0.000507671,0.188584536,0,0.07367355,0.08443698,0.8745226,0.6423096,0.67194724,4123,28181,32304
MCF7,2,A199,3,2,70,4,0.054163791,0.000264487,0.054216374,0.000261893,0.058109879,0.000212002,0.106130317,0.000544123,0.069561936,0.07623733,0.053200956,0.000272567,0.132803097,0,0.06578355,0.07376537,0.21254075,0.28761715,0.2733551,17632,75184,92816
MCF7,2,A199,3,2,70,5,0.042303126,0.000378618,0.04252642,0.00037112,0.042448618,0.000185856,0.10221561,0,0.053082816,0.059429772,0.042270791,0.000421457,0.13077271,0,0.058174115,0.07050478,0.090669684,0.17701547,0.16131341,5022,22594,27616
MCF7,2,A199,4,2,70,1,0.015061745,0.00020527,0.021798685,0.000150228,0.028333286,0.000100721,0.070056573,0,0.03629964,0.04105128,0.012538586,0.000185294,0.09100721,0,0.02384165,0.032156207,0.1263036,0.20600764,0.19327517,12836,67516,80352
MCF7,2,A199,4,2,70,2,0.03120739,0.000238888,0.032764625,0.000199786,0.039588373,8.56E-05,0.081390038,0.00391063,0.046778996,0.05150986,0.029912544,0.000250049,0.199134201,0,0.042353038,0.049158607,0.10605073,0.18065645,0.1706725,15016,97192,112208
MCF7,2,A199,4,2,70,3,0.044856023,0.000220986,0.045258317,0.00020476,0.050406169,7.67E-05,0.09898816,0.022779334,0.05713289,0.061429117,0.04349168,0.000247016,0.123824857,0,0.055351783,0.062068373,0.15194395,0.19486229,0.1863938,10633,43255,53888
MCF7,2,A199,4,2,70,4,0.035829335,0.000312186,0.038106125,0.000245264,0.044398926,7.37E-05,0.082363605,0.014566516,0.05095214,0.0559595,0.032989882,0.000358822,0.1399782,0,0.048038483,0.056565456,0.12649032,0.1630179,0.153927,22614,68250,90864
MCF7,2,A199,4,2,70,5,0.055128735,0.000424936,0.055643152,0.000400277,0.059428375,0.000144087,0.094331443,0.029020779,0.06931974,0.0752171,0.054446355,0.000466108,0.115361363,0,0.07198803,0.08083695,0.11213324,0.14748986,0.14264716,6741,42475,49216
MCF7,2,A199,4,2,70,6,0.044873491,0.000324596,0.044945028,0.000321898,0.046377923,0.000139329,0.08531931,0.006364094,0.055779256,0.061371967,0.044115711,0.000416201,0.10073968,0,0.06104596,0.07091091,0.10684047,0.13980626,0.12876348,17258,34262,51520
MCF7,2,A199,5,2,70,1,0.096908815,0.000287313,0.096911445,0.000287066,0.100040801,9.48E-05,0.133227512,0.062556118,0.10765959,0.11187885,0.096500762,0.000310944,0.187266529,0,0.11001986,0.118283,0.20070347,0.30856687,0.2961339,4251,32629,36880
MCF7,2,A199,5,2,70,2,0.139056578,0.006093441,0.164986759,0.002951561,0.132274672,0.000657609,0.233949989,0.045709442,0.15283093,0.1651272,0.140400887,0.00716001,0.493499368,0,0.2049769,0.23890276,1.0328537,1.1282551,1.1124729,12652,63828,76480
MCF7,2,A199,5,2,70,3,0.119458847,0.000857133,0.119603835,0.000840833,0.118554324,0.00041963,0.196942657,0.040417444,0.1348756,0.14474678,0.119729549,0.000987748,0.329372197,0,0.1440348,0.159968,0.6357155,0.5307971,0.554964,7791,26033,33824
MCF7,2,A199,5,2,70,4,0.132081926,0.000838889,0.132081926,0.000838889,0.131273225,0.000293494,0.212441161,0.070888452,0.14489353,0.15302615,0.132227898,0.000937182,0.315653205,0.015770821,0.15577534,0.17231727,0.8750994,0.67627406,0.70667195,3728,20656,24384
MCF7,2,A199,5,2,70,5,0.134688452,0.000986591,0.134761617,0.000977266,0.133554548,0.000540396,0.220922247,0.040938217,0.15203449,0.16266473,0.135045886,0.001126716,0.343016982,0,0.16109362,0.17868015,0.9260779,0.6663361,0.72859186,8387,26605,34992
MCF7,2,A199,5,2,70,6,0.107786402,0.001283226,0.109965317,0.001069562,0.104542546,0.00062999,0.212673336,0,0.124486156,0.13625915,0.109473906,0.00161473,0.384203702,0,0.13992512,0.1583997,0.2773897,0.31066015,0.29927498,23401,44983,68384
MCF7,2,A199,5,2,70,7,0.111738265,0.00079011,0.111740917,0.000789831,0.114934474,0.000307193,0.165860713,0.060738862,0.12955818,0.13753751,0.111296013,0.000855319,0.236361414,0,0.13443194,0.1499408,0.47420567,0.5769967,0.5645028,10208,73776,83984
MCF7,2,A199,6,2,70,1,0.051839676,0.000200358,0.051879935,0.000198425,0.048941862,9.10E-05,0.088314548,0.008816194,0.056533698,0.06106603,0.052743562,0.000231043,0.159953386,0,0.06435884,0.07200386,0.40761685,0.5192993,0.49298152,17306,56134,73440
MCF7,2,A199,6,2,70,2,0.055752486,0.000765999,0.058654282,0.000635665,0.043771725,0.000196302,0.097086698,0,0.054859743,0.061600912,0.057814099,0.000835081,0.229744703,0,0.07978221,0.09467215,0.10169405,0.21221033,0.19598502,16375,95161,111536
MCF7,2,A199,6,2,70,3,0.057038415,0.000229693,0.057061598,0.000228463,0.05177645,0.000101259,0.092197284,0.01277848,0.05979758,0.064694546,0.058944546,0.000262554,0.153203726,0,0.07151883,0.0801069,0.42444098,0.508131,0.48587632,17674,48790,66464
MCF7,2,A199,6,2,70,4,0.04852869,0.001656613,0.063831694,0.001202192,0.046794385,0.000512162,0.144100353,0,0.06494892,0.076238796,0.04893196,0.001921864,0.355560452,0,0.08499707,0.10741538,0.17197205,0.27387503,0.25465035,28537,122727,151264
MCF7,2,A199,6,2,70,5,0.043522201,0.000220783,0.04355669,0.000219456,0.038641442,0.00013152,0.090202697,0,0.047646668,0.053103264,0.045022435,0.000238648,0.166744232,0,0.056936692,0.06545228,0.1788803,0.24498112,0.22944024,27615,89841,117456
MCF7,2,A199,7,2,70,1,0.090752631,0.001572042,0.09256126,0.001435963,0.065229021,0.000271866,0.150100142,0.000443423,0.07837291,0.08650744,0.09908171,0.001714365,0.401296467,0,0.12998225,0.15337935,0.18975101,0.26856548,0.24917409,30434,93262,123696
MCF7,2,A199,7,2,70,2,0.085926756,0.005826924,0.091668315,0.005689954,0.055588443,0.00025077,0.117196292,0.006048683,0.06820172,0.07621963,0.088650815,0.006237538,0.795509756,0,0.13274854,0.17950994,0.14800794,0.26629603,0.2568667,10099,116589,126688
MCF7,2,A199,7,2,70,3,0.103632376,0.003457324,0.117263876,0.002313609,0.087091848,0.000656478,0.203722537,0,0.107521236,0.12016828,0.107642137,0.004053903,0.413188815,0,0.15674387,0.185993,0.78920585,0.6983013,0.7160386,21844,90108,111952
MCF7,2,A199,8,2,70,1,0.059120454,0.002801373,0.085194454,0.001815507,0.064354926,0.000349772,0.145375088,0,0.07913709,0.08853213,0.05791859,0.00335654,0.388299286,0,0.10533882,0.13524483,0.3029825,0.39194703,0.37533456,15061,65595,80656
MCF7,2,A199,8,2,70,2,0.055726457,0.001804587,0.070179597,0.001258307,0.05316228,0.000355347,0.156659856,0,0.067979656,0.07707413,0.056499362,0.002238845,0.392734647,0,0.0940364,0.11780338,0.28445336,0.3742248,0.36340743,12798,93410,106208
MCF7,2,A199,8,2,70,3,0.04521554,0.002377732,0.077942207,0.001547928,0.062051218,0.00060251,0.152441636,0,0.08152023,0.093389094,0.042168364,0.002638452,0.371989459,0,0.084278084,0.11537859,0.4831157,0.55219233,0.5416059,17356,95892,113248
MCF7,2,A199,9,2,70,1,0.016309379,0.000565895,0.035439897,0.000551692,0.031385094,0.000572444,0.149476469,0,0.050271507,0.063848875,0.011992316,0.000480299,0.217026293,0,0.023984952,0.044762008,0.28976426,0.37461624,0.35572717,21645,75587,97232
MCF7,2,A199,9,2,70,2,0.012800457,0.000213936,0.021132113,0.000177119,0.023708306,0.000153817,0.072256833,0,0.033713218,0.039459407,0.010981477,0.000200812,0.117996231,0,0.021795724,0.03199636,0.14697011,0.24572475,0.23161024,10238,61394,71632
MCF7,4,A199,0,2,70,1,0.051953308,0.00025927,0.052041586,0.000255117,0.047695346,0.000189715,0.096227206,0,0.05872855,0.06548663,0.053407744,0.000274721,0.129381165,0,0.06655285,0.07475387,0.2791817,0.32250315,0.31148627,5847,17145,22992
MCF7,4,A199,0,2,70,2,0.060589191,0.001182634,0.060589191,0.001182634,0.051483706,0.000152104,0.099102348,0.008749307,0.061260026,0.067223564,0.062645048,0.001392363,0.529923201,0.003962414,0.07936552,0.095333606,0.28508937,0.31927463,0.31297788,3065,13575,16640
MCF7,4,A199,0,2,70,3,0.078519776,0.001760649,0.079142891,0.001725305,0.067263328,0.000541192,0.30720368,0.014766165,0.08275807,0.09357634,0.083238378,0.002196455,0.45290029,0,0.110754974,0.13640188,0.5025649,0.4803705,0.4869261,3639,8681,12320
MCF7,4,A199,0,2,70,4,0.068788759,0.000503584,0.068788759,0.000503584,0.066175446,0.00064711,0.173391536,0.01363596,0.08420592,0.10114347,0.069309041,0.000473379,0.197086647,0.005755792,0.085749984,0.09831905,0.32640302,0.35726565,0.35214147,2707,13597,16304
MCF7,4,A199,0,2,70,5,0.092999808,0.005498154,0.105440333,0.004921905,0.103429928,0.004821266,0.482001841,0,0.1465801,0.1960037,0.08901991,0.005699088,0.508806586,0,0.14025833,0.18417244,0.57730114,0.56113034,0.5655965,3111,8153,11264
MCF7,4,A199,0,2,70,6,0.043418005,0.000251717,0.043590475,0.000245199,0.041269593,0.000270612,0.106701501,0,0.0543972,0.06308871,0.043699358,0.000248559,0.131686836,0,0.056081604,0.063747995,0.18970774,0.1842301,0.1848644,4302,32850,37152
MCF7,4,A199,0,2,70,7,0.04899748,0.000388826,0.049160764,0.000382095,0.061997715,0.000631578,0.142449871,0,0.08246335,0.095710255,0.046666916,0.000309579,0.295135289,0,0.05960333,0.068065055,0.25871432,0.45616746,0.45511436,167,31145,31312
MCF7,4,A199,0,2,70,8,0.056101322,0.000329405,0.056151435,0.000326886,0.059942454,0.000350044,0.141902685,0,0.07449333,0.08419832,0.054552544,0.000312736,0.130245402,0,0.06842917,0.07783445,0.6594852,0.35018238,0.4390599,8694,21562,30256
MCF7,4,A199,0,2,70,9,0.053072363,0.000287834,0.053101048,0.000286467,0.052193694,0.000207159,0.111633621,0,0.06359255,0.07102731,0.053290084,0.000307586,0.1623265,0,0.066838376,0.07601977,0.285474,0.23837031,0.2477243,9192,37096,46288
MCF7,4,A199,1,2,70,1,0.095985875,0.000480863,0.095985875,0.000480863,0.092021242,0.000503391,0.181284353,0.015634749,0.10958842,0.120348446,0.096400462,0.000476691,0.210330382,0.0161296,0.11352196,0.124184765,0.52462494,0.49137402,0.4945219,3599,34417,38016
MCF7,4,A199,1,2,70,2,0.076557525,0.00020847,0.076557525,0.00020847,0.082851224,0.000151816,0.128786564,0.033033498,0.09265511,0.09816923,0.074381717,0.000209628,0.149324805,0.017660003,0.08583127,0.09327983,0.65860295,0.37569588,0.42467147,7955,37997,45952
MCF7,4,A199,1,2,70,3,0.107263491,0.000530358,0.107263491,0.000530358,0.103790164,0.000646578,0.177234337,0.027347907,0.12402515,0.1337291,0.107606135,0.000517586,0.217028096,0.027161125,0.12575833,0.13630137,0.5477772,0.5101712,0.5135479,3040,30816,33856
MCF7,4,A199,1,2,70,4,0.074478,0.000321152,0.074478,0.000321152,0.074144006,0.000484369,0.155605972,0.007748363,0.09185351,0.10357169,0.074567415,0.000277418,0.164559498,0.008840517,0.08717202,0.09585177,0.44897494,0.31440237,0.3428213,6653,24851,31504
MCF7,4,A199,1,2,70,5,0.091033757,0.000388048,0.091033757,0.000388048,0.086300813,0.000274983,0.160017461,0.02034574,0.0993977,0.10754882,0.092629723,0.000416073,0.187798053,0.02314919,0.10878634,0.118897244,0.6764338,0.6097176,0.6265413,8372,24828,33200
MCF7,4,A199,1,2,70,6,0.091314763,0.000509765,0.091318347,0.000509458,0.096301526,0.000436351,0.16857101,0.013178353,0.1131079,0.122052886,0.089513265,0.000524057,0.188428119,0,0.10774005,0.11952871,0.9261358,0.5499485,0.6497829,13541,37483,51024
MCF7,4,A199,2,2,70,1,0.061049961,0.00068286,0.061739106,0.000648021,0.064616621,0.000436483,0.164042667,0,0.08108636,0.0918297,0.059408478,0.000787701,0.23909229,0,0.08152315,0.0957408,0.6238246,0.52376825,0.542671,4519,19401,23920
MCF7,4,A199,2,2,70,2,0.062242478,0.000414227,0.062283412,0.00041195,0.054765284,0.000189945,0.104134575,0.013522845,0.06573762,0.07267756,0.063709699,0.000445114,0.166625157,0,0.0802934,0.09127013,0.36807138,0.36896703,0.3688201,2496,12720,15216
MCF7,4,A199,2,2,70,3,0.062323209,0.000496896,0.0624162,0.000491833,0.059510309,0.000375059,0.14031449,0,0.0747376,0.08473125,0.063555889,0.0005453,0.195390269,0,0.08184103,0.09396422,0.5093038,0.44609964,0.46535772,8590,19602,28192
MCF7,4,A199,2,2,70,4,0.046306316,0.000199315,0.046315499,0.000198929,0.046336245,9.52E-05,0.092949703,0.01302757,0.05406336,0.058829665,0.046296883,0.000232141,0.120395072,0,0.058004167,0.06687211,0.20391484,0.16861105,0.17707317,9676,30692,40368
MCF7,4,A199,2,2,70,5,0.067803152,0.000449484,0.067803152,0.000449484,0.068889156,0.000355038,0.145465806,0.014519576,0.08399747,0.09380083,0.067552306,0.000470964,0.212072074,0.008168031,0.083576575,0.09616687,0.63163656,0.38796625,0.43368915,6578,28478,35056
MCF7,4,A199,2,2,70,6,0.064745657,0.00024707,0.064745657,0.00024707,0.070223235,0.000257713,0.134725362,0.026402844,0.08267488,0.091773905,0.062855117,0.000229467,0.15020059,0.012334362,0.074710235,0.08248781,0.65865,0.3891738,0.45831716,4988,14452,19440
MCF7,4,A199,2,2,70,7,0.06627015,0.000770054,0.06627015,0.000770054,0.061381113,0.00021919,0.143187732,0.010921367,0.07275794,0.08035411,0.068459943,0.001001284,0.254637033,0.008204957,0.08778283,0.10787917,0.3482711,0.31113994,0.3226263,10686,23858,34544
MCF7,4,A199,2,2,70,8,0.052867725,0.000521449,0.053904347,0.000475795,0.054338902,0.000616398,0.138871804,0,0.07364818,0.083951555,0.052441165,0.000493109,0.212407842,0,0.06860771,0.08027802,0.16375461,0.13642621,0.14256889,12670,43698,56368
MCF7,4,A199,2,2,70,9,0.056896143,0.000193663,0.056896143,0.000193663,0.053629007,0.000112226,0.098070972,0.010001229,0.06201242,0.06697471,0.058913339,0.000233284,0.144625694,0.006492981,0.07080678,0.078014635,0.27877247,0.25801572,0.26593924,5784,9368,15152
MCF7,4,A199,3,2,70,1,0.079543322,0.000483054,0.079543322,0.000483054,0.08560399,0.000508565,0.211021751,0.014251257,0.10333786,0.11489244,0.077773347,0.000461743,0.245348766,0.003831021,0.094228804,0.105005,0.6899085,0.40451887,0.4682792,18270,63506,81776
MCF7,4,A199,3,2,70,2,0.07931748,0.000602422,0.079321846,0.000602109,0.086461335,0.0007243,0.218046859,0.009263076,0.10762374,0.12185164,0.077532016,0.000556018,0.248060897,0,0.09548317,0.107943796,0.67191637,0.39166638,0.44770405,18156,72644,90800
MCF7,4,A199,3,2,70,3,0.126410067,0.000650718,0.126410067,0.000650718,0.122094817,0.000564357,0.227035031,0.034864496,0.1411387,0.15271415,0.12744239,0.000665858,0.259853125,0.042769827,0.14774404,0.16155522,1.5518904,1.1132109,1.197835,6815,28513,35328
MCF7,4,A199,3,2,70,4,0.12580362,0.000771805,0.12580362,0.000771805,0.118001871,0.000766323,0.220152527,0.024267267,0.14018926,0.15442753,0.127813309,0.000753499,0.30977571,0.032186266,0.14932969,0.16411205,1.390876,1.0615444,1.1290017,6122,23766,29888
MCF7,4,A199,4,2,70,1,0.087496102,0.000280376,0.087496102,0.000280376,0.087282427,0.000576486,0.205765143,0.033540003,0.10524922,0.12057612,0.087553337,0.00020103,0.156454384,0.0388056,0.09887425,0.106091365,0.2854792,0.23938093,0.24771926,7707,34901,42608
MCF7,4,A199,4,2,70,2,0.077123791,6.15E-05,0.077123791,6.15E-05,0.08128123,9.65E-05,0.128621146,0.055723909,0.088951424,0.09456887,0.076071501,4.71E-05,0.105315909,0.040900927,0.081478655,0.08478449,0.19912155,0.15952826,0.16752547,8060,31844,39904
MCF7,4,A199,4,2,70,3,0.082265705,0.000221754,0.082265705,0.000221754,0.079290301,0.000154307,0.137050331,0.043101251,0.08907334,0.095700555,0.082760677,0.000231256,0.169910908,0.035962034,0.09378764,0.10220722,0.10116671,0.14010498,0.13455136,3350,20138,23488
MCF7,4,A199,4,2,70,4,0.083437391,0.000151909,0.083437391,0.000151909,0.087454386,0.000278971,0.133067816,0.042535707,0.10177229,0.110586144,0.082280815,0.000109342,0.131657243,0.043411441,0.09059019,0.09604221,0.3233847,0.22304869,0.2454791,7447,25865,33312
MCF7,4,A199,4,2,70,5,0.080646798,0.000250475,0.080646798,0.000250475,0.080095805,0.000161507,0.128613412,0.03370329,0.089971036,0.09530711,0.080792077,0.000273832,0.1564821,0.015476487,0.093825504,0.1023313,0.15443331,0.13996068,0.14298047,3245,12307,15552
MCF7,4,A199,4,2,70,6,0.134138793,0.001011489,0.134665757,0.000944499,0.122312434,0.000694709,0.225986198,0.027071089,0.14327514,0.15605526,0.136556163,0.001041809,0.321215719,0,0.16141714,0.1775753,0.75671184,0.62071407,0.64379495,7720,37768,45488
MCF7,4,A199,4,2,70,7,0.137361228,0.001153284,0.137361228,0.001153284,0.133487597,0.000941718,0.265363812,0.027562452,0.15779635,0.17294522,0.138362944,0.00120311,0.33530429,0.028604584,0.16529593,0.18395464,2.1174483,1.2995554,1.4676026,8281,32023,40304
MCF7,4,A199,4,2,70,8,0.121883117,0.001061515,0.122024149,0.001045536,0.104777478,0.000508891,0.18738474,0,0.12261294,0.13302915,0.126094446,0.001107796,0.313563466,0,0.15191883,0.16981679,0.6345935,0.6060412,0.61168194,6325,25691,32016
MCF7,4,A199,5,2,70,1,0.046763416,0.000235684,0.047077481,0.000222482,0.053585652,0.000114387,0.092050306,0.008946581,0.06219309,0.06714522,0.04418686,0.000257277,0.133869737,0,0.056477766,0.06399752,0.42181292,0.28411472,0.32186282,15492,41020,56512
MCF7,4,A199,5,2,70,2,0.065013312,0.000393948,0.065013312,0.000393948,0.07326445,0.000355592,0.134853348,0.010133255,0.088292375,0.09693617,0.063960411,0.000389047,0.230497658,0.005309468,0.0790985,0.08917674,0.31713444,0.24375282,0.25205714,2821,22107,24928
MCF7,4,A199,5,2,70,3,0.069433168,0.000296679,0.069433168,0.000296679,0.075437471,0.000215287,0.139862716,0.026775969,0.0870295,0.09501002,0.067051291,0.000308992,0.159300849,0.002869662,0.08092452,0.09039639,0.47985286,0.28452784,0.34000468,9934,25042,34976
MCF7,4,A199,5,2,70,4,0.075756438,0.00026397,0.075756438,0.00026397,0.076927178,0.000226345,0.128665358,0.032123316,0.089035824,0.09678108,0.075406253,0.000274691,0.178170666,0.009781695,0.0884292,0.09646493,0.3974617,0.3126382,0.33216864,7880,26344,34224
MCF7,4,A199,5,2,70,5,0.054965641,0.00030032,0.054992702,0.00029898,0.059029549,0.000188949,0.103992552,0.006418047,0.07009009,0.0761178,0.053094964,0.000340484,0.209149703,0,0.06702784,0.076644845,0.40938306,0.2719575,0.3152763,14737,32015,46752
MCF7,4,A199,5,2,70,6,0.082003705,0.000604502,0.082003705,0.000604502,0.07929036,0.000609652,0.170833096,0.017419608,0.099289164,0.10969128,0.082329497,0.000602893,0.265383691,0.010537767,0.100528374,0.113227256,0.294831,0.27017564,0.2728187,2969,24727,27696
MCF7,4,A199,5,2,70,7,0.068735279,0.00061795,0.068776868,0.000615463,0.062129639,0.000624053,0.146650136,0,0.08207779,0.094972074,0.070702106,0.000599272,0.179766163,0,0.089991435,0.10304102,0.6765763,0.5802851,0.6023777,2276,7644,9920
MCF7,4,A199,5,2,70,8,0.079384632,0.000546956,0.079384632,0.000546956,0.070557564,0.000250814,0.124229237,0.008032048,0.08333602,0.09111045,0.081408963,0.000592905,0.24797979,0.009533689,0.099227935,0.11228213,0.2763592,0.27440324,0.2747681,4522,19718,24240
MCF7,4,A199,5,2,70,9,0.066766664,0.000398696,0.066777579,0.000398032,0.064348482,0.000182749,0.117769338,0.013608964,0.07520348,0.0817612,0.067821436,0.000489226,0.179248214,0,0.08501061,0.097164266,0.44161877,0.35437316,0.38087064,7430,17034,24464
MCF7,4,A199,5,2,70,10,0.070480473,0.000424139,0.070480473,0.000424139,0.067184523,0.00014557,0.114648759,0.023131954,0.07676566,0.08249257,0.071903765,0.000537717,0.261031419,0.006531795,0.08857219,0.10153711,0.3863884,0.30536276,0.3297995,7383,17097,24480
MCF7,4,A199,5,2,70,11,0.089585826,0.000546268,0.089585826,0.000546268,0.085638717,0.000393933,0.146649852,0.013716036,0.10124336,0.110153906,0.090451069,0.000575497,0.198929101,0.02016766,0.10952015,0.12286486,0.48601916,0.4255505,0.43642253,2264,10328,12592
MCF7,4,A199,5,2,70,12,0.067448907,0.000377278,0.067453429,0.000376998,0.060213055,0.000205876,0.112141296,0.013414495,0.07148968,0.07803754,0.068690285,0.00039616,0.168935403,0,0.08416297,0.09492472,0.19178532,0.20912875,0.20658901,4365,25443,29808
MCF7,4,A199,5,2,70,13,0.1007635,0.000890185,0.1007635,0.000890185,0.091057636,0.000923241,0.256823659,0.018457565,0.11185196,0.12947814,0.105095342,0.000814622,0.269717842,0.014020787,0.12668732,0.14253035,0.44177833,0.37356567,0.3946152,8517,19083,27600
MCF7,4,A199,5,2,70,14,0.077705115,0.000839032,0.077831298,0.000830574,0.074271262,0.000473662,0.159281939,0,0.09129785,0.102601774,0.078213401,0.000891112,0.278494179,0,0.10142219,0.11691783,0.5017296,0.38779846,0.40248844,3897,26327,30224
MCF7,4,A199,6,2,70,1,0.120119527,0.000482245,0.120119527,0.000482245,0.130672097,0.000264657,0.190921247,0.072527811,0.14357972,0.15114118,0.116925262,0.000504197,0.220654219,0.039673008,0.13476425,0.14651315,0.9700297,0.72328085,0.7806162,5573,18411,23984
MCF7,4,A199,6,2,70,2,0.104832612,0.000483118,0.104832612,0.000483118,0.11190173,0.000294962,0.171364248,0.06366235,0.12591383,0.13351497,0.103439525,0.000508408,0.355576664,0.037874136,0.117610276,0.12895013,0.808902,0.5528344,0.5944388,5064,26104,31168
MCF7,4,A199,6,2,70,3,0.071227148,0.000779834,0.071896143,0.000739061,0.073444583,0.000299832,0.13898854,0.01769954,0.08718225,0.09582228,0.07045427,0.000944829,0.23527196,0,0.09464873,0.10972826,0.58362794,0.50838095,0.5278296,4611,13229,17840
MCF7,4,A199,6,2,70,4,0.090816945,0.000348939,0.090816945,0.000348939,0.089065701,0.000135962,0.129945844,0.040743992,0.09827946,0.1038031,0.091144457,0.000388089,0.304264963,0.036093596,0.10438899,0.11405727,0.44238418,0.3909581,0.3990604,3146,16822,19968
MCF7,4,A199,6,2,70,5,0.084013641,0.000404913,0.084075056,0.000400045,0.070731416,0.000311853,0.15334785,0,0.084404014,0.09402554,0.086852096,0.000379042,0.166814104,0,0.10241058,0.11220345,0.13582778,0.1935142,0.1837009,5822,28402,34224
MCF7,4,A199,6,2,70,6,0.073437765,0.000379878,0.073437765,0.000379878,0.083453268,0.000450701,0.153599158,0.015581819,0.10082299,0.1094354,0.071827061,0.000349762,0.21486032,0.01172812,0.08610497,0.09621029,0.46201438,0.27036187,0.28975847,3169,28143,31312
MCF7,4,A199,6,2,70,7,0.080795296,0.000477263,0.080795296,0.000477263,0.085832715,0.000386157,0.149803191,0.019150758,0.10143262,0.110554084,0.079123273,0.000496284,0.179564491,0.020255486,0.09624065,0.11005812,0.48993948,0.317767,0.3606731,5949,17923,23872
MCF7,4,A199,6,2,70,8,0.078752726,0.000144853,0.078752726,0.000144853,0.076202855,7.01E-05,0.105919592,0.044003654,0.08276932,0.08661758,0.079603389,0.000166892,0.15162468,0.016948102,0.08967458,0.09608604,0.2673935,0.21125217,0.22529621,6460,19364,25824
MCF7,4,A199,6,2,70,9,0.097562209,0.00034877,0.097562209,0.00034877,0.106431402,0.000345721,0.169761017,0.035291694,0.12105372,0.12858023,0.095023707,0.000320685,0.169887766,0.024157524,0.109205835,0.11805981,0.74686515,0.42584646,0.4972812,3183,11121,14304
MCF7,4,A199,6,2,70,10,0.05455124,0.000289124,0.054967437,0.000268453,0.052679464,0.000202093,0.111888058,0.0006908,0.063883536,0.07063059,0.054990277,0.000308524,0.147643626,0,0.06875366,0.07737163,0.08173686,0.12568243,0.117534965,8472,37224,45696
MCF7,4,A199,6,2,70,11,0.066132687,0.000380007,0.066137269,0.00037973,0.066511966,0.0001719,0.120149165,0.016535718,0.07697575,0.08330819,0.066029102,0.000436785,0.195158765,0,0.08205721,0.09360706,0.5110512,0.3448062,0.38046527,9280,33984,43264
MCF7,4,A199,6,2,70,12,0.060629886,0.000253053,0.061153591,0.000223212,0.053731199,0.000183987,0.096565343,0,0.0643345,0.07047512,0.061723828,0.000255261,0.126843289,0,0.07404868,0.08148222,0.15193613,0.1840664,0.17966875,1822,11490,13312
MCF7,4,A199,6,2,70,13,0.069131114,0.000324633,0.069131114,0.000324633,0.068678215,0.000186698,0.110204801,0.015262426,0.07940108,0.08530742,0.069287792,0.000372259,0.200603366,0.006936959,0.084156565,0.09441177,0.29611602,0.22368123,0.24229991,8032,23216,31248
MCF7,4,A199,6,2,70,14,0.06812232,0.001334263,0.072104357,0.001125135,0.082245506,0.000593352,0.177067891,0,0.101438604,0.11378464,0.062794611,0.001510129,0.275908232,0,0.0940416,0.11350933,1.0660975,0.696381,0.7976484,7757,20563,28320
MCF7,4,A199,7,2,70,1,0.104553953,0.000574022,0.104553953,0.000574022,0.108349577,0.000418919,0.173121125,0.037461095,0.12445343,0.13260677,0.104138479,0.00058925,0.310902923,0.037005004,0.12153805,0.13444357,0.4055511,0.35984704,0.3643563,3555,32477,36032
MCF7,4,A199,7,2,70,2,0.09498249,0.000399131,0.09498249,0.000399131,0.10106419,0.000500374,0.199338228,0.042490277,0.11857927,0.13019505,0.093671449,0.000367613,0.200925842,0.038737729,0.108762406,0.11969425,0.4218741,0.36827204,0.37777793,4923,22837,27760
MCF7,4,A199,7,2,70,3,0.105095059,0.000391967,0.105095059,0.000391967,0.11491295,0.000558482,0.189495683,0.04269255,0.1341247,0.14620128,0.10350991,0.000347006,0.202820837,0.03640091,0.11813852,0.12749554,0.46961093,0.30729583,0.32985944,4544,28144,32688
MCF7,4,A199,7,2,70,4,0.099812336,0.00027517,0.099812336,0.00027517,0.102937162,0.000295133,0.175208002,0.044296194,0.116955794,0.12493968,0.098940179,0.000266112,0.18231909,0.026755178,0.111671396,0.12011652,0.33299014,0.28241396,0.29344988,5998,21490,27488
MCF7,4,A199,7,2,70,5,0.104002796,0.000385509,0.104002796,0.000385509,0.112416826,0.000425224,0.175659642,0.047520664,0.12878704,0.13914154,0.10220135,0.000358604,0.234702408,0.040799674,0.116539046,0.12715791,0.4583351,0.29328668,0.32239223,8126,37954,46080
MCF7,4,A199,7,2,70,6,0.103948466,0.000460621,0.103948466,0.000460621,0.113957457,0.000534538,0.184218466,0.011054994,0.13149148,0.14132468,0.102256373,0.000428326,0.212447464,0.020489151,0.11795632,0.12888731,0.45420456,0.32292563,0.34190992,4454,26346,30800
MCF7,4,A199,8,2,70,1,0.104400031,0.000291447,0.104400031,0.000291447,0.103913091,0.000137148,0.148404256,0.060222153,0.113220446,0.118850365,0.104568802,0.000344813,0.217131346,0.044147089,0.11916673,0.1292838,0.36063138,0.32900977,0.3371485,6593,19023,25616
MCF7,4,A199,8,2,70,2,0.115985185,0.000699895,0.115985185,0.000699895,0.110785969,0.000161795,0.154603243,0.061667014,0.12080905,0.12686774,0.117348403,0.000832037,0.366750389,0.051389892,0.13401176,0.1487372,0.51769376,0.40240687,0.4263555,5976,22792,28768
MCF7,4,A199,8,2,70,3,0.095355608,0.000255878,0.095355608,0.000255878,0.093753152,0.000295191,0.151496932,0.027646566,0.106851205,0.113539435,0.095677435,0.000247363,0.164274976,0.032051966,0.108122125,0.115635455,0.3421884,0.30268654,0.30929297,4731,23557,28288
MCF7,4,A199,8,2,70,4,0.110541642,0.000188548,0.110541642,0.000188548,0.113533616,0.000146363,0.157443404,0.063200124,0.123119146,0.12874718,0.109366521,0.000200219,0.158555657,0.052186385,0.12059332,0.12706116,0.46350846,0.3670056,0.3942195,6010,15302,21312
MCF7,4,A199,8,2,70,5,0.105111063,0.00033515,0.105111063,0.00033515,0.100499012,0.000235715,0.156947315,0.046012834,0.112780504,0.120166,0.106125802,0.000351317,0.195218191,0.045587733,0.120823696,0.13044874,0.71099436,0.5999764,0.61999726,3047,13849,16896
MCF7,4,A199,8,2,70,6,0.09845195,0.000375823,0.09845195,0.000375823,0.096345127,0.000300936,0.153789014,0.030735087,0.109936394,0.11781587,0.098958209,0.000392496,0.182804197,0.018047987,0.11454108,0.12381864,0.61150455,0.4846533,0.5092297,4873,20279,25152
MCF7,4,A199,8,2,70,7,0.095607288,0.000304295,0.095607288,0.000304295,0.093719736,0.00038008,0.162007928,0.017674552,0.10906621,0.11805475,0.096131518,0.000281983,0.183528319,0.019515444,0.10903604,0.11632287,0.22038677,0.21490678,0.21609792,10110,36402,46512
MCF7,4,A199,8,2,70,8,0.114936508,0.000445122,0.114936508,0.000445122,0.110730313,0.000415248,0.187471285,0.042174902,0.12709992,0.13728385,0.116230428,0.000447196,0.241304591,0.041984357,0.13279334,0.14385445,1.0573083,0.6754191,0.76525897,8725,28363,37088
MCF7,4,A199,8,2,70,9,0.132157952,0.002442786,0.132157952,0.002442786,0.119716428,0.000417752,0.200261727,0.055503312,0.13601553,0.14647312,0.135889247,0.002989761,0.643408298,0.038689613,0.16586965,0.19621167,1.1910434,0.79454076,0.88601935,7357,24531,31888
MCF7,4,A199,9,2,70,1,0.056971043,0.000311664,0.056971043,0.000311664,0.076567441,0.000478183,0.142214522,0.015293611,0.09501332,0.10282558,0.052287102,0.000158135,0.120586157,0.005933542,0.06195933,0.06850681,0.5392819,0.36162353,0.3958958,5312,22224,27536
MCF7,4,A199,9,2,70,2,0.049212646,0.000263723,0.049212646,0.000263723,0.07500802,0.000288182,0.126805514,0.023564197,0.08831867,0.09684961,0.0450521,0.000135145,0.147026375,0.013414151,0.053548772,0.060122605,0.53942657,0.31161672,0.34325698,3380,20956,24336
MCF7,4,A199,9,2,70,3,0.039852817,0.000157353,0.03985811,0.000157163,0.046634376,0.000101314,0.083105579,0.010383163,0.0545699,0.058981985,0.03703551,0.000153591,0.083802797,0,0.047035623,0.05331387,0.60288084,0.5087574,0.53638303,4419,10637,15056
MCF7,4,A199,9,2,70,4,0.037920341,0.000195546,0.037963957,0.000194115,0.047757968,0.000131783,0.088786632,0.010051843,0.05674886,0.062927045,0.034940884,0.00017667,0.088744521,0,0.045578055,0.05212999,0.2941934,0.23495008,0.2487218,3035,10021,13056
MCF7,4,A199,9,2,70,5,0.065240368,0.000336362,0.065240368,0.000336362,0.081767231,0.000758527,0.151922598,0.001439994,0.1026812,0.11592899,0.062832467,0.000229262,0.146248177,0.005493603,0.07423581,0.08320669,0.3690368,0.31026816,0.3167355,1472,11904,13376
MCF7,4,A199,9,2,70,6,0.069255739,0.000418676,0.069255739,0.000418676,0.081605554,0.000319571,0.147404209,0.040466361,0.09515565,0.10591827,0.067211226,0.000405654,0.163023725,0.017025171,0.081163496,0.09499727,0.3163279,0.30808187,0.3092531,1459,8813,10272
MCF7,4,A199,9,2,70,7,0.023384871,0.000348972,0.027429078,0.000298394,0.038638867,0.000276122,0.099340409,0,0.05176778,0.060280602,0.019192554,0.000287468,0.110658012,0,0.032753594,0.042644616,0.8140191,0.6254444,0.6660982,3439,12513,15952
MCF7,4,A199,9,2,70,8,0.037480295,0.00041809,0.037981931,0.000404632,0.049178883,0.000408492,0.107968219,0,0.0652399,0.074829966,0.035975691,0.000399459,0.129073232,0,0.051349238,0.06308693,0.11041509,0.14866231,0.14430374,3158,24554,27712
MCF7,4,A199,9,2,70,9,0.029938633,0.000503737,0.034114692,0.000431536,0.053350013,0.000378649,0.12395414,0,0.06895811,0.077897154,0.024255319,0.000368749,0.123214893,0,0.039820053,0.05039062,0.46599787,0.2514636,0.2933704,10342,42602,52944
MCF7,4,A133,0,1,60,1,0.042639621,0.000837557,0.046552837,0.000732252,0.04327127,0.000362292,0.103755914,0,0.058337446,0.06711355,0.042479556,0.00095787,0.202355653,0,0.06777393,0.083882175,0.34412453,0.3985415,0.38753954,1763,6957,8720
MCF7,4,A133,0,1,60,2,0.03152575,0.000547174,0.039213408,0.000379145,0.040300913,0.00020307,0.152382508,0,0.050496325,0.05797274,0.028554425,0.000628788,0.227519587,0,0.048828658,0.061855957,0.39448684,0.2687265,0.30053815,7192,21240,28432
MCF7,4,A133,0,1,60,3,0.028457897,0.001756965,0.057604544,0.001877474,0.033292994,0.000708542,0.143454075,0,0.05527413,0.06959839,0.027249318,0.002011724,0.385883301,0,0.054500397,0.09332765,0.38885108,0.58404917,0.5450146,7727,30913,38640
MCF7,4,A133,0,1,60,4,0.053316601,0.000886157,0.054418489,0.000844509,0.075421214,0.000886252,0.188431606,0,0.10040795,0.11464084,0.0460882,0.000674096,0.285485417,0,0.06630045,0.08084311,1.0141864,0.3373795,0.50416195,11513,35207,46720
MCF7,4,A133,0,1,60,5,0.093520649,0.003839525,0.100483499,0.003425736,0.140428364,0.002968391,0.342393935,0.006795114,0.1852545,0.21053095,0.085383169,0.00354272,0.405090779,0,0.12899636,0.16561216,3.5109088,1.3047379,1.6308821,4461,25715,30176
MCF7,4,A133,0,1,60,6,0.045018028,0.000959086,0.052793324,0.000714251,0.045843668,0.000195168,0.107044466,0,0.056805566,0.063958526,0.044732343,0.001223091,0.263188183,0,0.07303319,0.09106661,0.28375757,0.35488114,0.33659795,8481,24511,32992
MCF7,4,A133,0,1,60,7,0.031659596,0.000614926,0.040861547,0.00041765,0.036471765,0.000110458,0.078343876,0,0.04470759,0.04964487,0.030122148,0.000766337,0.198738337,0,0.05303395,0.0672905,0.14827186,0.22486258,0.20631751,7078,22154,29232
MCF7,4,A133,0,1,60,8,0.035997838,0.002870479,0.077534765,0.002962092,0.036067218,0.000938965,0.155649319,0,0.06207961,0.07735094,0.035984125,0.003252293,0.378956169,0,0.0719717,0.12124458,0.31259048,0.5462337,0.507671,4117,20827,24944
MCF7,4,A133,0,1,60,9,0.042586017,0.000576155,0.044455603,0.000518335,0.044084933,0.000330205,0.115406349,0,0.058608335,0.068105385,0.042353969,0.000613829,0.207369,0,0.061948743,0.07503228,0.37386122,0.48026103,0.46599737,3567,23041,26608
MCF7,4,A133,0,1,60,10,0.031240929,0.000852701,0.043418989,0.000656334,0.034756176,0.000250702,0.10179989,0,0.04704916,0.055183496,0.030731404,0.000937907,0.209182754,0,0.056011416,0.07400812,0.12479051,0.26190278,0.24454492,2459,16965,19424
MCF7,4,A133,0,1,60,11,0.037810221,0.001259778,0.052946206,0.000962692,0.045708783,0.0005204,0.134208828,0,0.06351451,0.0771129,0.036352292,0.001382612,0.294133335,0,0.0669679,0.08824974,0.14489593,0.37163964,0.33630833,4717,25555,30272
MCF7,4,A133,1,1,60,1,0.078147516,0.000369924,0.078156412,0.000369271,0.074336387,0.000193725,0.127213955,0.029774886,0.08544899,0.09209694,0.079108246,0.000409756,0.168353081,0,0.09516699,0.1053975,0.21382394,0.28701606,0.27228016,3537,14031,17568
MCF7,4,A133,1,1,60,2,0.094709963,0.00047887,0.094709963,0.00047887,0.09621495,0.000185967,0.143199459,0.046689499,0.10702764,0.1135714,0.094224364,0.000572412,0.203655839,0.018647544,0.11308498,0.12520282,0.57161134,0.4938222,0.5127988,3911,12121,16032
MCF7,4,A133,1,1,60,3,0.083796598,0.000925311,0.084416665,0.000879814,0.090245232,0.000522102,0.221819475,0,0.10701978,0.11675726,0.08154314,0.001046602,0.208613664,0,0.10679078,0.12127777,1.5428429,0.5481674,0.8057448,4019,11501,15520
MCF7,4,A133,1,1,60,4,0.091279916,0.000526749,0.091279916,0.000526749,0.090197548,0.0005674,0.147230104,0.028152602,0.10921557,0.11906148,0.091408923,0.000521748,0.163837627,0.009426809,0.11073083,0.120370716,0.2203092,0.23383728,0.23239665,2641,22159,24800
MCF7,4,A133,1,1,60,5,0.085791998,0.00075788,0.085800357,0.000757237,0.08467529,0.000422299,0.149575442,0.026923683,0.10118598,0.11167444,0.086110584,0.000853159,0.211499542,0,0.109217234,0.12428316,0.7671271,0.46713,0.53371817,2280,7992,10272
MCF7,4,A133,1,1,60,6,0.083998509,0.001121203,0.083998509,0.001121203,0.075485408,0.000584504,0.137142345,0.013467219,0.09517126,0.10522158,0.085433669,0.001197404,0.190168634,0.000588325,0.11498527,0.12595816,0.22547612,0.24114503,0.2388846,1408,8352,9760
MCF7,4,A133,1,1,60,7,0.092052877,0.000305105,0.092052877,0.000305105,0.089601271,0.000158292,0.130409762,0.044597764,0.0996991,0.10539181,0.092630044,0.00033792,0.178924054,0.006453214,0.10723676,0.11608561,0.56310207,0.65244704,0.6354213,5726,24322,30048
MCF7,4,A133,10,1,60,1,0.134934723,0.001651519,0.135025233,0.001640404,0.148221835,0.001538691,0.293512791,0.056343488,0.17928459,0.20136489,0.130624518,0.001612272,0.313865215,0,0.16230161,0.18151237,4.4016094,3.1988678,3.493461,3288,10136,13424
MCF7,4,A133,10,1,60,2,0.034499362,0.000138113,0.034566499,0.000136061,0.033234037,7.51E-05,0.070318058,0.007353014,0.04009275,0.044424254,0.034873817,0.000156141,0.08403036,0,0.044775087,0.050884314,0.12722477,0.224033,0.20884962,2261,12155,14416
MCF7,4,A133,10,1,60,3,0.047140747,0.000159896,0.047145769,0.000159677,0.043764263,9.59E-05,0.086864926,0.009251687,0.051580343,0.056444418,0.048713066,0.000181937,0.113899924,0,0.059400674,0.06562947,0.42352,0.5106189,0.48294604,5968,12816,18784
MCF7,4,A133,10,1,60,4,0.043775838,0.000205099,0.043784242,0.00020477,0.041357525,0.00013736,0.082944758,0.00499585,0.050701775,0.056972492,0.044526372,0.000223743,0.102273792,0,0.056495763,0.06429594,0.3075157,0.30881667,0.30850852,2467,7949,10416
MCF7,4,A133,10,1,60,5,0.038015556,0.000175238,0.038044736,0.000174263,0.033279952,0.000128329,0.088796601,0,0.041913055,0.048327785,0.039506234,0.000180723,0.095573753,0,0.050049085,0.0571446,0.11131175,0.17534569,0.16001488,3122,9918,13040
MCF7,4,A133,10,1,60,6,0.050284911,0.000374951,0.05040649,0.000369729,0.053277437,0.000273911,0.20878537,0.007524909,0.06601879,0.07504009,0.048107523,0.000437211,0.191280946,0,0.064489394,0.07609198,0.44675392,0.25865832,0.33787763,13794,18958,32752
MCF7,4,A133,10,1,60,7,0.039981816,0.000474385,0.042802058,0.000387135,0.039563689,0.000209952,0.088276699,0,0.051038384,0.05769221,0.040154207,0.00058331,0.139586091,0,0.059780903,0.071282014,0.15809882,0.24709037,0.22111045,3961,9607,13568
MCF7,4,A133,10,1,60,8,0.074330315,0.002492246,0.075148053,0.002458213,0.073511966,0.002427397,0.333038002,0,0.10684832,0.14463946,0.074634731,0.002516028,0.358288676,0,0.11009216,0.140679,1.6994914,1.422934,1.4979185,3887,10449,14336
MCF7,4,A133,10,1,60,9,0.057020247,0.000897626,0.059181508,0.000803742,0.055066273,0.000321411,0.114755601,0,0.06963031,0.078697436,0.057431534,0.00101794,0.161854059,0,0.08315193,0.098421134,0.2713993,0.32540464,0.3160138,2376,11288,13664
MCF7,4,A133,10,1,60,10,0.052885015,0.000557697,0.053166315,0.000545707,0.058171455,0.000566575,0.184909374,0,0.07582151,0.09123627,0.049863953,0.000527525,0.19084467,0,0.06768742,0.08025258,0.6290091,0.3147075,0.42900482,14296,25016,39312
MCF7,4,A133,10,1,60,11,0.040767696,0.000754309,0.044544756,0.000655947,0.033894885,0.000298345,0.108302824,0,0.047596145,0.056281827,0.042804684,0.000871301,0.196459234,0,0.06656905,0.08212656,0.31524217,0.39047095,0.37327185,2246,7578,9824
MCF7,4,A133,10,1,60,12,0.072866917,0.002421303,0.073621154,0.002390838,0.04061427,0.000320244,0.124852464,0,0.054802824,0.06352141,0.075780854,0.002508655,0.394237339,0,0.10827845,0.13847962,0.50505954,1.8022155,1.6947321,1286,14234,15520
MCF7,4,A133,10,1,60,13,0.185225874,0.00620152,0.186929509,0.0059401,0.169486105,0.004043492,0.560740769,0.002476923,0.21360023,0.25111225,0.188619658,0.006601896,0.588013053,0,0.24877506,0.29656625,3.2625425,3.4303648,3.4005973,4379,20309,24688
MCF7,4,A133,10,1,60,14,0.062572852,0.000628207,0.063035555,0.000603686,0.069095157,0.000603007,0.309672505,0.004931723,0.08575903,0.09917982,0.060698576,0.000619711,0.270437568,0,0.08006118,0.092022054,1.1893208,0.9169785,0.97696733,7172,25388,32560
MCF7,4,A133,10,1,60,15,0.059960999,0.000874306,0.060696017,0.000840411,0.066303663,0.00094457,0.286172897,0,0.0883137,0.10733315,0.056423221,0.000800159,0.230952621,0,0.07830944,0.09313148,1.3473796,0.7585513,0.96938634,11561,20727,32288
MCF7,4,A133,11,1,60,1,0.022637568,0.000327755,0.033538543,0.00011998,0.032641407,8.96E-05,0.066266961,0,0.039959483,0.044346478,0.020646064,0.000351277,0.07990402,0,0.037358347,0.044763453,0.03501517,0.081890985,0.08033008,707,20525,21232
MCF7,4,A133,11,1,60,2,0.036115326,0.000238111,0.037888546,0.000182617,0.03695466,9.02E-05,0.084529981,0.002878234,0.044470992,0.048992872,0.03581392,0.000290887,0.118798926,0,0.049043898,0.056664363,0.11678766,0.17196478,0.15738599,7136,19872,27008
MCF7,4,A133,11,1,60,3,0.050477862,0.002529836,0.067229532,0.002243184,0.041574959,0.000485721,0.116933204,0,0.059363965,0.0699617,0.052997783,0.003079626,0.384734064,0,0.09636332,0.12982671,0.24174114,0.49023142,0.43541357,5058,17870,22928
MCF7,4,A133,11,1,60,4,0.066855296,0.001364256,0.068644516,0.001277947,0.059236199,0.00039602,0.133858517,0.002745294,0.07506667,0.08533212,0.067747064,0.001469993,0.333669722,0,0.09711634,0.11845278,0.6727334,0.66915756,0.6695323,2617,22359,24976
MCF7,4,A133,11,1,60,5,0.06652794,0.001090861,0.067433402,0.00104465,0.069495313,0.000892264,0.213811502,0.006534787,0.09143438,0.11194059,0.065945663,0.001127764,0.247597307,0,0.09242435,0.11072416,0.7753812,0.582888,0.6144639,2370,12078,14448
MCF7,4,A133,11,1,60,6,0.048551019,0.001265526,0.054952402,0.001080612,0.045797534,0.000340029,0.102100797,0,0.060327824,0.06870319,0.048991062,0.001412028,0.318677038,0,0.0784819,0.099034466,0.45942146,0.6433141,0.61797506,2542,15906,18448
MCF7,4,A133,11,1,60,7,0.062732071,0.000806294,0.06345208,0.000769863,0.067737654,0.000720437,0.153921768,0,0.08938291,0.10362815,0.060649019,0.000827257,0.252429157,0,0.08344112,0.09692006,0.90337545,0.44627255,0.58059597,6526,15682,22208
MCF7,4,A133,11,1,60,8,0.055507794,0.002111387,0.064846322,0.001861033,0.047063231,0.000505075,0.131755218,0,0.0646986,0.0768732,0.057386376,0.002449335,0.392579436,0,0.09661497,0.12499038,0.5144423,0.79298913,0.7422999,3427,15405,18832
MCF7,4,A133,12,1,60,1,0.037604667,0.002609471,0.074722007,0.002411644,0.065605938,0.000598787,0.220213845,0.005430039,0.081418894,0.09643293,0.035458282,0.002698888,0.406259388,0,0.07091836,0.10954968,0.99628085,0.73302,0.75176305,3013,39307,42320
MCF7,4,A133,12,1,60,2,0.037968375,0.000651888,0.043781634,0.000497183,0.040750355,0.000152117,0.082524315,0,0.050296035,0.056205835,0.037569255,0.000722319,0.196480468,0,0.05932382,0.072573334,0.20436291,0.29553488,0.28409585,3226,22486,25712
MCF7,4,A133,12,1,60,3,0.052561205,0.000535045,0.052901223,0.000520519,0.051169213,0.0002219,0.120832719,0.001431053,0.06268736,0.07129462,0.052913722,0.000613732,0.194225222,0,0.07184263,0.086812764,0.42392707,0.30731836,0.3308816,6948,27436,34384
MCF7,4,A133,12,1,60,4,0.088874675,0.009040162,0.150709778,0.006010755,0.100941598,0.003581772,0.321423858,0,0.14955132,0.17917337,0.08478222,0.010825226,0.460743904,0,0.16956444,0.23751459,1.1380702,1.0332872,1.059824,9178,27062,36240
MCF7,4,A133,12,1,60,5,0.049086679,0.000830051,0.051890541,0.00073197,0.045176387,0.000252053,0.149278238,0,0.057388466,0.065017,0.05030537,0.00100394,0.238119885,0,0.07587708,0.0927899,0.325767,0.2884507,0.29731733,9683,31069,40752
MCF7,4,A133,13,1,60,1,0.042574223,0.000193045,0.042579852,0.000192831,0.045067795,8.61E-05,0.083480991,0.012841266,0.05232402,0.05676772,0.04170255,0.000227502,0.103719346,0,0.053751253,0.062051773,0.26535752,0.17353316,0.19731778,7837,22419,30256
MCF7,4,A133,13,1,60,2,0.064298727,0.000799283,0.065167069,0.00075349,0.07009317,0.00054293,0.190810651,0.016364532,0.08642296,0.10088241,0.062824175,0.000853801,0.183677673,0,0.08591923,0.100765795,1.0597022,0.8076597,0.85878783,3197,12563,15760
MCF7,4,A133,13,1,60,3,0.05199999,0.000240998,0.052026723,0.000239731,0.053788893,0.000112232,0.12448103,0.017573355,0.062036756,0.0672174,0.050814386,0.000322812,0.115282632,0,0.065153696,0.07423197,0.42432427,0.30582517,0.35305762,8533,12875,21408
MCF7,4,A133,13,1,60,4,0.051799186,0.000518549,0.052649181,0.000482306,0.057002399,0.000257625,0.119275615,0.001494098,0.069819294,0.07729331,0.050358515,0.000581222,0.211349398,0,0.06911624,0.08140957,0.86481607,0.5459915,0.61512566,4486,16202,20688
MCF7,4,A133,13,1,60,5,0.043482933,0.000436307,0.044628374,0.000396681,0.044339091,0.000137535,0.096092418,0.003452983,0.05351324,0.059395812,0.043156024,0.00055,0.136106387,0,0.06123128,0.07479339,0.5336825,0.3578139,0.40641043,5889,15423,21312
MCF7,4,A133,14,1,60,1,0.058532715,0.000219803,0.058545183,0.000219119,0.060637727,0.00015013,0.124422774,0.015571046,0.07043746,0.07637905,0.057583146,0.000248331,0.141947791,0,0.06994078,0.07739066,0.6272477,0.5347889,0.5635312,13136,29120,42256
MCF7,4,A133,14,1,60,2,0.091451988,0.001342109,0.091551706,0.001334443,0.125942767,0.001056535,0.262113184,0.035563938,0.15154307,0.16595201,0.080062948,0.00091388,0.206716388,0,0.104271695,0.12055201,2.3714879,0.8033307,1.1926045,4786,14494,19280
MCF7,4,A133,14,1,60,3,0.093626909,0.000977385,0.093760438,0.000966259,0.103768133,0.000472431,0.207873642,0.038270909,0.12086502,0.13192469,0.088738233,0.001147327,0.267177254,0,0.11558878,0.13208175,1.5278133,0.9584348,1.1436325,5938,12318,18256
MCF7,4,A133,15,1,60,1,0.076797806,0.003074427,0.095015354,0.002072778,0.084678821,0.00021978,0.169794232,0.017964166,0.09628518,0.10361651,0.075609401,0.003494109,0.496703207,0,0.12181299,0.15142556,0.6649019,0.8576568,0.83239937,5820,38596,44416
MCF7,4,A133,15,1,60,2,0.078544788,0.002562216,0.086529501,0.002131772,0.06965252,0.000172714,0.122029774,0.02918577,0.08011185,0.08681912,0.079311319,0.002760793,0.458782822,0,0.11856167,0.14816453,0.38873896,0.65734065,0.6360241,2937,34071,37008
MCF7,4,A133,15,1,60,3,0.070226498,0.000526164,0.070478775,0.000510274,0.068067484,0.00014067,0.111605361,0.025658771,0.07714096,0.081575125,0.070665374,0.000603385,0.204766825,0,0.09033628,0.10196513,0.107502826,0.2705004,0.24296425,9628,47364,56992
MCF7,4,A133,15,1,60,4,0.08472053,0.001679174,0.086227141,0.001579124,0.084674694,0.000692071,0.220306143,0.02142402,0.10534639,0.12073131,0.084735051,0.001991958,0.405948341,0,0.11906803,0.14395627,0.8661756,0.4944043,0.58386177,10549,33291,43840
MCF7,4,A133,15,1,60,5,0.083083138,0.00269714,0.08901833,0.002361475,0.075830638,0.000871703,0.180027694,0,0.09847582,0.11596245,0.084214985,0.002972535,0.427124619,0,0.12715924,0.15503524,1.1060709,0.8369771,0.8733036,3849,24663,28512
MCF7,4,A133,16,1,60,1,0.055027068,0.000302698,0.055056043,0.000301262,0.06591364,0.000249197,0.149477243,0.022788495,0.07792907,0.08717269,0.049155124,0.000233149,0.149462819,0,0.06112254,0.068774074,1.4232336,0.63251823,0.9095737,5993,11111,17104
MCF7,4,A133,16,1,60,2,0.065665267,0.000509063,0.065702572,0.000506901,0.066366278,0.000225374,0.120263144,0.004216054,0.07799175,0.08513628,0.065456599,0.000593317,0.163592085,0,0.08531081,0.096690975,0.8679584,0.78232545,0.8019685,5252,17644,22896
MCF7,4,A133,16,1,60,3,0.054025374,0.000265782,0.054025374,0.000265782,0.050191436,0.000108673,0.092045844,0.020362075,0.058030542,0.06420179,0.055020262,0.000301747,0.122071214,0.007016782,0.06947647,0.078717664,0.2504953,0.323474,0.30843812,3669,14139,17808
MCF7,4,A133,16,1,60,4,0.061901003,0.000778357,0.062967107,0.000724633,0.068736777,0.000494313,0.152065545,0,0.08601195,0.09792896,0.059305836,0.000861718,0.209831297,0,0.082490265,0.09743728,1.6875353,1.1154927,1.2729052,4372,11516,15888
MCF7,4,A133,16,1,60,5,0.045323841,0.001073889,0.050065424,0.000948845,0.040489949,0.000291108,0.103212938,0,0.054161113,0.062637635,0.046504743,0.001258016,0.340801001,0,0.073712945,0.09343217,0.24773918,0.45495605,0.41427267,5535,22657,28192
MCF7,4,A133,16,1,60,6,0.057035159,0.000641936,0.058158319,0.000589256,0.060042802,0.000440436,0.183363914,0,0.07524849,0.08730553,0.055795375,0.00071973,0.180181146,0,0.07704225,0.088799976,0.5218882,0.4248616,0.4531828,6076,14740,20816
MCF7,4,A133,16,1,60,7,0.063800298,0.000961191,0.064678684,0.000917612,0.076325759,0.00132491,0.273450583,0.016076891,0.099398635,0.12800592,0.059101999,0.000743837,0.229125351,0,0.07995519,0.09350511,1.0238197,0.5241843,0.660475,5604,14940,20544
MCF7,4,A133,16,1,60,8,0.046657614,0.001737131,0.060339119,0.001420984,0.054464482,0.000615555,0.185118258,0,0.0741472,0.08609101,0.044773389,0.001989569,0.359651715,0,0.08011476,0.10601079,1.2011136,0.7835587,0.82425183,3432,31784,35216
MCF7,4,A133,16,1,60,9,0.043114439,0.00092207,0.048528738,0.000775114,0.044418868,0.00022815,0.104208417,0.002258007,0.05650199,0.06452346,0.042971548,0.000997876,0.32910192,0,0.06728849,0.084433936,0.49657926,0.54064023,0.5362903,5535,50529,56064
MCF7,4,A133,17,1,60,1,0.064394265,0.000489613,0.064436972,0.000487186,0.074305855,0.000500899,0.171295404,0.012722448,0.09174493,0.10554126,0.061247911,0.000444945,0.161059558,0,0.077887125,0.08870362,1.1870216,0.63704497,0.7695635,7271,22905,30176
MCF7,4,A133,17,1,60,2,0.058298886,0.00023711,0.058298886,0.00023711,0.058059994,0.000116464,0.095939189,0.020031767,0.06654906,0.071938425,0.058352005,0.00026392,0.161796957,0.003873071,0.07128085,0.078996204,0.49394193,0.5063438,0.5040879,4485,20171,24656
MCF7,4,A133,17,1,60,3,0.046613097,0.00036779,0.046828806,0.00035939,0.049370192,0.00013933,0.087684564,0.009571546,0.058659375,0.06421689,0.045974776,0.000418516,0.126673654,0,0.062126618,0.07363645,0.4384062,0.2574578,0.29147547,4163,17981,22144
MCF7,4,A133,18,1,60,1,0.025819166,0.000836592,0.040090118,0.000726874,0.032835662,0.00011429,0.071598418,0,0.041266117,0.046376776,0.024535891,0.000958046,0.322552294,0,0.04787032,0.06773885,0.12052058,0.41394868,0.36857998,8280,45272,53552
MCF7,4,A133,18,1,60,2,0.029958114,0.000986681,0.04491524,0.000807496,0.042101998,9.29E-05,0.088969626,0.006821083,0.049565982,0.054382283,0.028652556,0.00106521,0.387933612,0,0.053431444,0.07213087,0.42210728,0.41556698,0.41620186,13722,127638,141360
MCF7,4,A133,18,1,60,3,0.039163888,0.001578011,0.052951664,0.001403469,0.036807533,0.000289937,0.115641929,0,0.05045517,0.05870785,0.039653283,0.001844138,0.361108124,0,0.072620444,0.09887666,0.22052817,0.42219347,0.38751256,5283,25437,30720
MCF7,4,A133,18,1,60,4,0.061451722,0.001159286,0.063675888,0.001059619,0.052623197,0.000417197,0.128648743,0,0.068583444,0.07925259,0.062756754,0.001255757,0.334793329,0,0.089991055,0.108783215,0.38874713,0.6214631,0.59796965,1948,17348,19296
MCF7,4,A133,18,1,60,5,0.059419058,0.000681947,0.060040034,0.000651791,0.060641196,0.000339361,0.139733881,0,0.07510109,0.0842391,0.059158009,0.000754736,0.281823009,0,0.080073334,0.094821356,0.5555342,0.5449366,0.54678303,3925,18603,22528
MCF7,4,A133,18,1,60,6,0.043075472,0.000515111,0.043959338,0.000486826,0.042574983,0.000364587,0.127280712,0,0.056779172,0.067602076,0.043141659,0.000534979,0.172153488,0,0.060857516,0.07435153,0.18518342,0.18314284,0.18338117,3160,23896,27056
MCF7,4,A133,18,1,60,7,0.084473304,0.002958982,0.089831546,0.002665334,0.066703431,0.001040836,0.175079092,0,0.09254896,0.10859788,0.090730295,0.00348405,0.380483299,0,0.13659346,0.16889216,0.6937157,0.633141,0.64891565,2100,5964,8064
MCF7,4,A133,18,1,60,8,0.085051,0.004408141,0.099042639,0.003747549,0.066685118,0.001648957,0.344832271,0,0.09632909,0.117760055,0.091286287,0.005191498,0.420893788,0,0.14892343,0.18860841,0.88344455,0.88428956,0.88407534,4035,11885,15920
MCF7,4,A133,18,1,60,9,0.029550465,0.002900527,0.088923246,0.003448644,0.058152009,0.001284204,0.197890282,0,0.08696714,0.104949094,0.02538785,0.002999379,0.407895714,0,0.050777376,0.101561464,0.86199045,0.78158915,0.79180396,4405,30267,34672
MCF7,4,A133,19,1,60,1,0.103470206,0.007977443,0.131922588,0.006417579,0.101599485,0.001655386,0.292637378,0,0.13393638,0.15622395,0.103820123,0.009159245,0.531406641,0,0.18199146,0.23771946,2.7044637,2.237711,2.3112617,1896,10136,12032
MCF7,4,A133,19,1,60,2,0.040411875,0.000313987,0.041253898,0.000285793,0.040075809,0.00011181,0.089637421,0.003173069,0.04840597,0.053380158,0.040511332,0.000373778,0.182128087,0,0.055300847,0.06505183,0.28583646,0.22279449,0.23719099,5404,18260,23664
MCF7,4,A133,19,1,60,3,0.054466739,0.000923246,0.056707747,0.00083415,0.053946566,0.00032397,0.108474471,0,0.068325624,0.07646398,0.054552499,0.001021999,0.358690739,0,0.079368874,0.096353635,0.65330356,0.5845767,0.59430087,2986,18118,21104
MCF7,4,A133,19,1,60,4,0.053733811,0.000821582,0.055283654,0.000759597,0.046058338,0.000224695,0.103019349,0,0.057892397,0.06530693,0.054987911,0.000907909,0.23347491,0,0.07852713,0.094513774,0.43456525,0.65510213,0.62425894,3088,18992,22080
MCF7,4,A133,19,1,60,5,0.061828956,0.000474787,0.062002804,0.000465343,0.057508279,0.000189992,0.107997775,0.012392971,0.06847423,0.075338535,0.062890455,0.000539042,0.227343038,0,0.08072606,0.09280817,0.86984634,0.84562504,0.85040206,4361,17751,22112
MCF7,4,A133,19,1,60,6,0.045249607,0.000400379,0.045710869,0.000383376,0.038840726,0.000173528,0.080813482,0,0.049307134,0.05425576,0.04621534,0.000427441,0.193936557,0,0.062106844,0.07260129,0.18088073,0.25141424,0.24217753,2881,19119,22000
MCF7,4,A133,19,1,60,7,0.064397223,0.002011871,0.071701095,0.00171636,0.062590949,0.000558324,0.159954518,0,0.08146339,0.0931509,0.064848311,0.002373857,0.414543152,0,0.103052035,0.12929901,1.5872403,1.7094989,1.6850679,3792,15184,18976
MCF7,4,A133,2,1,60,1,0.037767787,0.001671248,0.051983148,0.001561328,0.034488965,0.000473841,0.118718982,0,0.05214105,0.063493095,0.039030056,0.002126488,0.359121501,0,0.07375459,0.10290411,0.410286,0.6628262,0.5926287,4443,11541,15984
MCF7,4,A133,2,1,60,2,0.047376961,0.000464595,0.048338231,0.000427555,0.051649444,0.000337945,0.099126048,0,0.0667336,0.07486173,0.046701707,0.000481271,0.135244921,0,0.06447689,0.074634366,0.42364702,0.47995463,0.4722699,2402,15198,17600
MCF7,4,A133,2,1,60,3,0.077492379,0.004058585,0.100345954,0.002962254,0.080368675,0.001377443,0.246605113,0,0.109835654,0.12824982,0.076745488,0.004752095,0.390024871,0,0.13398838,0.17024584,0.879753,0.78357387,0.8034005,3826,14734,18560
MCF7,4,A133,2,1,60,4,0.03355914,0.000856982,0.041174769,0.000737886,0.032517832,0.000243053,0.086264901,0,0.045001816,0.052650396,0.033874571,0.001042525,0.373224258,0,0.058756307,0.077249035,0.19877364,0.37326893,0.33270007,2470,8154,10624
MCF7,4,A133,2,1,60,5,0.053899337,0.000906818,0.055664431,0.000838262,0.065927386,0.000744104,0.190500185,0,0.0866771,0.10410784,0.048425745,0.000885068,0.238013089,0,0.07085692,0.0889301,1.0682,0.4481683,0.6420816,8847,19441,28288
MCF7,4,A133,2,1,60,6,0.044373501,0.000657185,0.046606101,0.000586198,0.048661415,0.000432306,0.152264029,0,0.06469019,0.07669673,0.042319015,0.000751902,0.195723981,0,0.06381708,0.078913905,0.9786842,0.5791255,0.70855415,9920,20704,30624
MCF7,4,A133,2,1,60,7,0.046921831,0.000681104,0.0491702,0.000603188,0.053252663,0.000417344,0.158959284,0.004202239,0.0684243,0.08047907,0.045503169,0.000729215,0.257673383,0,0.06675674,0.08139147,0.56266373,0.31518346,0.36048856,5697,25423,31120
MCF7,4,A133,2,1,60,8,0.045275062,0.000380333,0.045798019,0.000360776,0.047081932,0.00026328,0.110912047,0,0.05989802,0.06781884,0.045019083,0.000396388,0.152770311,0,0.060629193,0.070638195,0.49851963,0.38484377,0.3989497,2043,14421,16464
MCF7,4,A133,2,1,60,9,0.043503519,0.000535903,0.045064591,0.000484784,0.040382516,0.000273919,0.097000785,0,0.05351061,0.06122468,0.044667952,0.000628658,0.143659249,0,0.06479529,0.07734804,0.42961925,0.49902165,0.48016366,2965,7947,10912
MCF7,4,A133,2,1,60,10,0.031020723,0.000687446,0.038927179,0.000554884,0.035094257,0.000269707,0.092215233,0,0.048115976,0.056801002,0.030245939,0.000763143,0.243555456,0,0.05232686,0.067773625,0.20654371,0.295358,0.28116503,4945,25999,30944
MCF7,4,A133,2,1,60,11,0.045374203,0.000468905,0.045827452,0.000452817,0.039374277,0.000300637,0.119270638,0,0.053077396,0.0618206,0.048054058,0.0005208,0.179408595,0,0.065936714,0.07806792,0.420714,0.4558167,0.44497886,5182,11602,16784
MCF7,4,A133,2,1,60,12,0.049528118,0.001153556,0.052790076,0.001057331,0.053862143,0.000849781,0.180194959,0,0.07465373,0.092401735,0.04866622,0.001209488,0.192454904,0,0.07710276,0.09651972,1.1424872,0.6623154,0.74196583,1404,7060,8464
MCF7,4,A133,2,1,60,13,0.042206343,0.000660123,0.044728864,0.000586746,0.040456377,0.000367789,0.113647036,0,0.055659156,0.06498041,0.042743001,0.000748544,0.175177559,0,0.064832605,0.07906913,0.42595968,0.49030036,0.47519997,5152,16800,21952
MCF7,4,A133,3,1,60,1,0.036611393,0.000189694,0.037201345,0.000170804,0.038446318,9.87E-05,0.086222276,0.006404017,0.046257734,0.051254988,0.035732694,0.000230876,0.119457789,0,0.047538,0.054434724,0.39286447,0.2314255,0.27927738,2542,6034,8576
MCF7,4,A133,3,1,60,2,0.041255299,0.000479642,0.042524014,0.000440441,0.041307293,0.000117438,0.079333223,0,0.04991731,0.05511379,0.041246526,0.000540766,0.186017469,0,0.05918368,0.07158109,0.43753234,0.39083332,0.3975762,3470,20562,24032
MCF7,4,A133,3,1,60,3,0.034080084,0.000313013,0.035995223,0.000261667,0.038104899,0.000113128,0.081648856,0.006730861,0.04653091,0.052288506,0.033298913,0.000348054,0.159893751,0,0.047562227,0.05679145,0.39029774,0.25770795,0.27925926,6278,32346,38624
MCF7,4,A133,3,1,60,4,0.092208453,0.006265512,0.116164006,0.005110504,0.102099434,0.002971483,0.435337722,0,0.14151326,0.17676023,0.091030046,0.006644921,0.517654657,0,0.1563057,0.20498143,2.500595,1.1362386,1.2814848,4151,34841,38992
MCF7,4,A133,3,1,60,5,0.051053308,0.002417719,0.068371661,0.002053775,0.067145579,0.000662183,0.166528925,0,0.087503076,0.101495035,0.048875336,0.002615526,0.385032117,0,0.08756024,0.11850827,2.0525727,0.83711654,0.9820094,5640,41672,47312
MCF7,4,A133,3,1,60,6,0.052389003,0.000602196,0.05376672,0.000543957,0.056387525,0.000372623,0.151368737,0,0.07096971,0.08115046,0.050584659,0.000695322,0.199031338,0,0.07140078,0.08411915,0.5311668,0.3612895,0.4141111,6577,14575,21152
MCF7,4,A133,3,1,60,7,0.040676724,0.000235897,0.040803097,0.000231473,0.037935365,0.000137985,0.100335129,0,0.046975736,0.052776266,0.04144695,0.000260702,0.116794512,0,0.05430977,0.062318776,0.11449918,0.14082767,0.13505282,3541,12603,16144
MCF7,4,A133,3,1,60,8,0.035854191,0.000342353,0.038639579,0.000261323,0.03922344,0.000217431,0.086210281,0,0.051278677,0.05851398,0.035419036,0.000356832,0.119736567,0,0.050591566,0.058572426,0.051526237,0.11208564,0.10515867,3329,25775,29104
MCF7,4,A133,4,1,60,1,0.049231585,0.000532868,0.050114576,0.000498175,0.04842747,0.000220045,0.092552401,0,0.05951318,0.065334484,0.049338713,0.000574448,0.184203506,0,0.06787323,0.08084888,0.22842541,0.262697,0.25866786,3463,25993,29456
MCF7,4,A133,4,1,60,2,0.088552885,0.005350968,0.115348034,0.003879346,0.137506276,0.001924805,0.328171104,0.002480281,0.17189352,0.19508398,0.082426906,0.0054423,0.473547727,0,0.14199877,0.18303098,3.5546064,1.393709,1.6340461,3374,26962,30336
MCF7,4,A133,4,1,60,3,0.0648572,0.006897158,0.127817765,0.005545142,0.122375816,0.002715035,0.359816074,0,0.16137864,0.19186397,0.059640415,0.006949188,0.58000946,0,0.11928083,0.18242103,3.1572242,1.6485466,1.7740011,2802,30894,33696
MCF7,4,A133,4,1,60,4,0.06210636,0.000460397,0.062117334,0.000459797,0.076870605,0.000542444,0.2067191,0.012932119,0.09384634,0.1060185,0.059151009,0.000391606,0.187619328,0,0.07474755,0.0850607,0.9825501,0.44959867,0.53848666,2834,14158,16992
MCF7,4,A133,4,1,60,5,0.049525566,0.000174666,0.049528625,0.000174525,0.050763588,0.000127026,0.089437589,0.013603602,0.05950592,0.06430742,0.049162045,0.000188072,0.11092148,0,0.06027806,0.06745389,0.31256086,0.24686463,0.26177636,3668,12492,16160
MCF7,4,A133,4,1,60,6,0.092487007,0.001270619,0.092487007,0.001270619,0.113962665,0.002052207,0.287361413,0.032196391,0.15129322,0.17711256,0.087618701,0.00096519,0.234458536,0.002824066,0.1118839,0.13055475,2.081536,1.1446711,1.317802,3146,13878,17024
MCF7,4,A133,4,1,60,7,0.038682867,0.000342792,0.041198026,0.000261461,0.040619627,0.000130562,0.086475253,0,0.049520772,0.054425463,0.038121145,0.000402943,0.138680339,0,0.053989746,0.06290532,0.037149698,0.083436616,0.07303007,8065,27807,35872
MCF7,4,A133,4,1,60,8,0.045762759,0.000828481,0.049720425,0.000703353,0.040573161,0.000442771,0.117731407,0,0.05741494,0.06782799,0.047277983,0.000930938,0.20081763,0,0.07173056,0.08728733,0.29953757,0.33716556,0.32866204,3106,10638,13744
MCF7,4,A133,5,1,60,1,0.135075524,0.013479735,0.1591198,0.01205329,0.108323097,0.005310985,0.400134087,0,0.16215956,0.21877223,0.140546888,0.014974089,0.66589427,0,0.23695785,0.3109305,1.791398,2.6702836,2.521055,4689,22927,27616
MCF7,4,A133,5,1,60,2,0.069014616,0.000655783,0.069014616,0.000655783,0.087657921,0.00116301,0.216338694,0.024958948,0.11542392,0.13579302,0.062523611,0.000316035,0.209637463,7.40E-06,0.07610244,0.0856353,1.8833553,0.9637173,1.1790762,4455,14569,19024
MCF7,4,A133,5,1,60,3,0.094676606,0.000783351,0.094676606,0.000783351,0.116599761,0.001069248,0.239265174,0.037406176,0.14285639,0.16036497,0.085347265,0.000370123,0.207427859,0.017188469,0.10017251,0.110961735,2.9135845,1.7526542,2.0960693,5140,12236,17376
MCF7,4,A133,5,1,60,4,0.087797299,0.000907635,0.087801129,0.000907338,0.112907179,0.001203418,0.286390066,0.029478237,0.1387964,0.16020225,0.080174215,0.000568313,0.279733896,0,0.09756757,0.11073273,2.7677727,1.2487069,1.6024776,5321,17527,22848
MCF7,4,A133,5,1,60,5,0.052663472,0.000461025,0.053062085,0.000443364,0.050832681,0.000165031,0.103435658,0.003003374,0.061124865,0.06736175,0.053149249,0.000538437,0.190950468,0,0.071369566,0.083127484,0.4639681,0.47376016,0.47170678,11082,41766,52848
MCF7,4,A133,6,1,60,1,0.061318211,0.004525136,0.100113958,0.003504173,0.075786449,0.001395426,0.297769308,0,0.10427985,0.124065205,0.058801223,0.00502685,0.460187644,0,0.11602163,0.1618061,1.2573861,0.9035785,0.9560082,7471,42945,50416
MCF7,4,A133,6,1,60,2,0.043771643,0.00056871,0.045111228,0.000525684,0.038892861,9.49E-05,0.080762886,0,0.04647117,0.051451758,0.045330606,0.000710068,0.220740303,0,0.06673887,0.081063,0.13191663,0.27460727,0.2400533,5529,17303,22832
MCF7,4,A133,6,1,60,3,0.066632695,0.001313107,0.068208575,0.001236674,0.052562803,0.000275376,0.111186713,0,0.06568496,0.07404244,0.069607966,0.001481836,0.34580031,0,0.09833767,0.120161444,0.35218695,0.45523566,0.43724832,5689,26903,32592
MCF7,4,A133,6,1,60,4,0.051610421,0.000555166,0.052679729,0.000510338,0.054379474,0.00018159,0.141784847,0,0.06449651,0.071388245,0.050630987,0.000683632,0.195016325,0,0.07061253,0.08517545,0.38555703,0.23124596,0.27156562,10092,28532,38624
MCF7,4,A133,6,1,60,5,0.065624863,0.001443078,0.067682408,0.001349064,0.056323923,0.000406346,0.137674838,0,0.07250723,0.08278567,0.066954054,0.001577108,0.355423868,0,0.09731957,0.11975881,0.79213506,0.62549603,0.6463327,3089,21615,24704
MCF7,4,A133,6,1,60,6,0.022335898,0.000514661,0.038952339,0.000250286,0.03614739,0.000186705,0.081257433,0,0.046788223,0.052630804,0.019486587,0.000534847,0.114348635,0,0.038973175,0.052914783,0.112398714,0.18310326,0.17101145,3196,15492,18688
MCF7,4,A133,6,1,60,7,0.014904791,0.000492723,0.040157251,0.000313451,0.02679413,0.000440999,0.092160918,0,0.044777423,0.052873194,0.0116143,0.000457089,0.129947156,0,0.023228597,0.045255102,0.09211343,0.17139107,0.15420628,3444,12444,15888
MCF7,4,A133,7,1,60,1,0.029280806,0.000306959,0.031239849,0.000266296,0.031062031,0.000190578,0.089630738,0,0.042020526,0.048923347,0.028854946,0.000333845,0.140770212,0,0.043628305,0.053043436,0.28452957,0.2936464,0.29188728,1840,7696,9536
MCF7,4,A133,7,1,60,2,0.036545135,0.000223557,0.036981557,0.000210087,0.045578197,0.000125495,0.094768316,0.006678849,0.054139238,0.060133778,0.034325447,0.000222676,0.088697866,0,0.046258233,0.053260732,0.4907932,0.31246725,0.34764335,2992,12176,15168
MCF7,4,A133,7,1,60,3,0.030464036,0.000301716,0.032543965,0.000254627,0.029130166,8.50E-05,0.063911855,0,0.03625536,0.040710803,0.030847268,0.000363333,0.101276048,0,0.04636203,0.055691343,0.072211005,0.12876888,0.11614599,2214,7706,9920
MCF7,4,A133,7,1,60,4,0.033239335,0.000197584,0.033809211,0.000181704,0.034330435,7.06E-05,0.061403453,0.000741257,0.04086861,0.044493433,0.032963965,0.000229254,0.093250968,0,0.045127757,0.052099064,0.103122674,0.14567046,0.13709617,4053,16059,20112
MCF7,4,A133,7,1,60,5,0.032025602,0.000219091,0.032644387,0.000203124,0.035103835,0.000106586,0.068484291,0,0.043391418,0.048391584,0.031101312,0.000249173,0.101353154,0,0.043828122,0.051694717,0.37011638,0.30167216,0.3174778,3935,13105,17040
MCF7,4,A133,7,1,60,6,0.043251581,0.000546632,0.044489902,0.00050719,0.055786602,0.000421704,0.147978917,0.000875598,0.072353825,0.081972666,0.039444648,0.000522361,0.138534606,0,0.058026038,0.07013079,0.7114146,0.31829384,0.40987313,3239,10665,13904
MCF7,4,A133,7,1,60,7,0.056067936,0.000850917,0.056332693,0.00084002,0.066621199,0.001113172,0.190212637,0.011420681,0.09210342,0.114904895,0.052199792,0.000699007,0.198146999,0,0.0730536,0.08863298,1.0634408,0.39436692,0.57382745,3253,8875,12128
MCF7,4,A133,7,1,60,8,0.041263517,0.00034231,0.04170173,0.000327671,0.038734205,0.000148152,0.090531141,0,0.048266158,0.054092254,0.041985158,0.000395359,0.190570369,0,0.057205856,0.06765569,0.27492064,0.2878872,0.2850089,3232,11328,14560
MCF7,4,A133,7,1,60,9,0.071097925,0.001133153,0.071521677,0.001109599,0.074339084,0.000752282,0.215947539,0,0.09340073,0.10942153,0.070433319,0.001208655,0.299713284,0,0.09728678,0.116819076,1.1899916,0.7079361,0.7899622,2355,11485,13840
MCF7,4,A133,7,1,60,10,0.048264381,0.000828078,0.050837293,0.000741422,0.051500749,0.000492095,0.196611494,0,0.06842136,0.07967824,0.046900414,0.000963403,0.250151724,0,0.071457215,0.08795659,1.3498522,0.8072399,0.9681209,6409,15207,21616
MCF7,4,A133,7,1,60,11,0.053721216,0.001205341,0.056186307,0.001122146,0.061042894,0.000899744,0.164892495,0,0.08640421,0.102018006,0.051262613,0.001283915,0.260226697,0,0.07946484,0.101213075,2.3820622,0.9622244,1.3191482,5088,15152,20240
MCF7,4,A133,8,1,60,1,0.057162207,0.000176586,0.057162207,0.000176586,0.057292353,0.00010829,0.120211199,0.023892216,0.06539686,0.07075979,0.057129279,0.000193858,0.123716377,0.007506117,0.06834271,0.07505042,0.48646146,0.4927611,0.49148917,4949,19563,24512
MCF7,4,A133,8,1,60,2,0.049232811,0.00024292,0.049283598,0.000240668,0.053302139,9.78E-05,0.095958568,0.019464852,0.061115496,0.06623676,0.047781773,0.000286667,0.116776392,0,0.061060283,0.07053289,0.4970934,0.2565739,0.3197948,4336,12160,16496
MCF7,4,A133,8,1,60,3,0.046154898,0.000202531,0.046185929,0.000201234,0.044978831,7.82E-05,0.074595466,0.011453871,0.052066267,0.05639599,0.046552978,0.00024398,0.139989302,0,0.05870252,0.06587061,0.09465565,0.1337616,0.1238721,3763,11117,14880
MCF7,4,A133,8,1,60,4,0.046191841,0.000122247,0.046193682,0.000122167,0.046846703,3.26E-05,0.070185289,0.024360392,0.051334735,0.053981453,0.045920767,0.000159124,0.090251975,0,0.05613169,0.062157616,0.15468675,0.13964003,0.14404507,7340,17732,25072
MCF7,4,A133,8,1,60,5,0.123493455,0.002295346,0.123493455,0.002295346,0.140153915,0.00257006,0.331846684,0.023152851,0.1815339,0.20870772,0.11112798,0.001732532,0.359072894,0.006293115,0.14231715,0.16657463,2.62012,1.5085521,1.9820963,6046,8146,14192
MCF7,4,A133,8,1,60,6,0.053837087,0.000303408,0.053842541,0.000303145,0.0536214,0.000106363,0.094443925,0.022099543,0.061677918,0.067249306,0.053920038,0.000379162,0.117901683,0,0.07002831,0.08072919,0.27701864,0.24855058,0.25645775,2742,7130,9872
MCF7,4,A133,8,1,60,7,0.055692539,0.000597782,0.056222633,0.000573669,0.054208811,0.000142625,0.085313015,0,0.063347325,0.0676641,0.056219958,0.000758515,0.14133136,0,0.07870534,0.09104329,0.1774962,0.20033288,0.19434401,2698,7590,10288
MCF7,4,A133,8,1,60,8,0.049829435,0.000201019,0.049845409,0.000200288,0.04856953,9.91E-05,0.088232704,0.014803655,0.056447614,0.061313473,0.050305218,0.000238664,0.115564838,0,0.06252555,0.07011467,0.12959826,0.19889228,0.18348992,2774,9706,12480
MCF7,4,A133,8,1,60,9,0.071997337,0.000341929,0.072002888,0.000341556,0.068301767,0.000211336,0.128368199,0.018710716,0.07973778,0.08663212,0.074202307,0.000406837,0.196109444,0,0.08999202,0.09991084,0.93156147,0.7441543,0.81418645,4849,8127,12976
MCF7,4,A133,8,1,60,10,0.06689202,0.000546424,0.066898577,0.000546039,0.065688141,0.000286919,0.145916551,0.014282092,0.07847176,0.08795387,0.067231826,0.000619145,0.165891036,0,0.08733147,0.099755004,0.5473717,0.57926047,0.57224107,2247,7961,10208
MCF7,4,A133,8,1,60,11,0.056045398,0.000273984,0.056050763,0.000273709,0.055072963,0.000136798,0.104025207,0.017229574,0.06435263,0.07020168,0.056329455,0.0003137,0.137822986,0,0.0702107,0.0795946,0.24989168,0.26878056,0.2645103,4724,16172,20896
MCF7,4,A133,8,1,60,12,0.045886945,0.000355189,0.046172723,0.000344205,0.044820812,9.01E-05,0.087252058,0.017287565,0.052097566,0.057283625,0.046264727,0.000448567,0.129003987,0,0.06270669,0.075291574,0.21414608,0.18635784,0.19362831,3889,10975,14864
MCF7,4,A133,8,1,60,13,0.0528543,0.00069922,0.054239217,0.000642425,0.056433976,0.00032563,0.13216944,0,0.07058203,0.07939603,0.051950943,0.000789448,0.14083159,0,0.07502769,0.08839037,0.7131376,0.45460543,0.50670105,2115,8381,10496
MCF7,4,A133,8,1,60,14,0.047205169,0.000451876,0.047447432,0.0004427,0.044644371,0.000150446,0.0850088,0.004102252,0.05443127,0.060431708,0.047970206,0.000539384,0.130064219,0,0.06659788,0.07948203,0.23077731,0.22311133,0.22487472,3559,11913,15472
MCF7,4,A133,8,1,60,15,0.059025656,0.000751842,0.059401244,0.000734315,0.062518544,0.000256347,0.121945374,0,0.07440328,0.08072962,0.058000177,0.00089268,0.166423485,0,0.082594424,0.09751123,0.6283562,0.372932,0.43090248,3733,12715,16448
MCF7,4,A133,8,1,60,16,0.061453562,0.000505545,0.061847642,0.000484414,0.065723069,0.000420941,0.149886504,0.013230248,0.0827931,0.091296285,0.060476754,0.000519776,0.143352747,0,0.0790076,0.087744646,1.0400091,0.6733728,0.7416361,3974,17370,21344
MCF7,4,A133,8,1,60,17,0.057918876,0.000744863,0.05972553,0.000660194,0.052269138,0.000356761,0.133243755,0,0.06664901,0.07528753,0.05911044,0.000818564,0.191566989,0,0.08096994,0.09456889,0.4358864,0.5455872,0.5264804,3829,18155,21984
MCF7,4,A133,8,1,60,18,0.060107712,0.000518803,0.060291462,0.000509311,0.064924687,0.000236635,0.130792797,0.01230914,0.07637407,0.08216348,0.05856913,0.000599152,0.143480763,0,0.0784314,0.09134668,0.73579055,0.34927225,0.44284257,5322,16662,21984
MCF7,4,A133,8,1,60,19,0.055380784,0.000553278,0.056414865,0.000505272,0.055789936,0.000620957,0.120190479,0,0.07664591,0.08894542,0.055305924,0.00054086,0.118139595,0,0.0736177,0.08179455,0.46271414,0.4183791,0.4252359,1215,6641,7856
MCF7,4,A133,8,1,60,20,0.060286697,0.000605894,0.060797513,0.000579972,0.056635015,0.000391973,0.131377339,0,0.07208004,0.08124542,0.061599839,0.0006763,0.180282608,0,0.081974246,0.09483315,0.20444262,0.24092735,0.23127753,3085,8579,11664
MCF7,4,A133,9,1,60,1,0.088797085,0.000135979,0.088797085,0.000135979,0.086819082,0.000230579,0.148484007,0.050838031,0.09788922,0.10706742,0.088903457,0.00013067,0.140436709,0.042981345,0.0978699,0.10310021,0.40155756,0.53914744,0.5321257,1175,21849,23024
MCF7,4,A133,9,1,60,2,0.074551061,7.87E-05,0.074551061,7.87E-05,0.075397149,1.98E-05,0.096697822,0.055831723,0.078924574,0.08109288,0.074296348,9.62E-05,0.124328926,0.036999993,0.0820514,0.08666615,0.10415423,0.10964712,0.10837609,7064,23464,30528
MCF7,4,A133,9,1,60,3,0.097511515,0.000413295,0.097511515,0.000413295,0.099350654,0.000166962,0.143396184,0.040994417,0.109465614,0.115637824,0.097076282,0.0004706,0.181211412,0.029013308,0.11473076,0.12502888,0.76396805,0.6691651,0.68730676,2725,11515,14240
MCF7,4,A133,9,1,60,4,0.081302293,0.000514694,0.08138407,0.000508557,0.084225684,0.000158713,0.122254059,0.037044492,0.09391731,0.1000098,0.08064948,0.000591853,0.175828308,0,0.100331016,0.113513365,0.22138914,0.18335067,0.19029434,2725,12203,14928
MCF7,4,A133,9,1,60,5,0.117804416,0.000799108,0.117804416,0.000799108,0.11970859,0.000278054,0.198282287,0.065001465,0.13274905,0.14095272,0.117058285,0.001001298,0.278248966,0.002294762,0.14069681,0.15747723,1.2614349,1.0062892,1.0698551,3169,9551,12720
MCF7,4,A133,9,1,60,6,0.120416038,0.001232435,0.120416038,0.001232435,0.131147191,0.001198685,0.314054877,0.053387329,0.15462378,0.1779563,0.11497429,0.001161541,0.286315173,0.017082565,0.14150353,0.1572918,1.6374379,1.0781667,1.2663469,4000,7888,11888
MCF7,4,A133,9,1,60,7,0.084406897,0.000630752,0.084494226,0.000624025,0.083974138,0.000257991,0.149767175,0.03431293,0.09649792,0.1050538,0.084513113,0.000722189,0.193454713,0,0.10581148,0.11941722,0.33669537,0.31274173,0.31746247,2860,11652,14512
MCF7,4,A133,9,1,60,8,0.090026766,0.000616592,0.090032935,0.000616078,0.087949909,0.000268865,0.172650382,0.027451968,0.10061184,0.10953993,0.090769649,0.00073888,0.208200738,0,0.11255631,0.12642832,0.77877766,0.7609201,0.7656249,3836,10724,14560
MCF7,4,A133,9,1,60,9,0.112657942,0.000812121,0.112657942,0.000812121,0.115666255,0.000787378,0.241337627,0.052136436,0.13582122,0.15374056,0.111945905,0.000815329,0.298277318,0.021477653,0.13300464,0.14845532,1.4277894,1.3592393,1.3721305,2031,8769,10800
MCF7,4,A133,9,1,60,10,0.106865279,0.001062256,0.106865279,0.001062256,0.10112451,0.000749495,0.251693934,0.042251676,0.121377744,0.13852657,0.110352531,0.001220063,0.259643465,0.003042554,0.13919118,0.1559617,1.0422972,0.80313134,0.89351165,4825,7943,12768
MCF7,4,A133,9,1,60,11,0.090076141,0.000471792,0.090076141,0.000471792,0.086283408,0.000342942,0.146916285,0.02597517,0.10103258,0.11036541,0.090790652,0.000492846,0.202398479,0.01193234,0.108410336,0.11956637,0.829682,0.8837301,0.87516207,1428,7580,9008
MCF7,4,A133,9,1,60,12,0.098705873,0.00063371,0.098720491,0.000632361,0.107985064,0.000331686,0.169110641,0.041590139,0.12238192,0.129923,0.09453056,0.000713433,0.219466463,0,0.11605735,0.1290091,2.6891587,1.7116625,2.013173,6248,14008,20256
MCF7,4,A133,9,1,60,13,0.097316302,0.000778932,0.097316302,0.000778932,0.07911814,0.000740542,0.147290021,0.006408288,0.10082604,0.11346015,0.098164983,0.000764558,0.291891158,0.004751228,0.11845272,0.1320908,0.89461607,1.4311131,1.4072081,822,17626,18448
MCF7,4,A133,9,1,60,14,0.167290837,0.006000118,0.16735816,0.005991267,0.129508361,0.002241302,0.255588442,0.028712744,0.17015193,0.193389,0.174699038,0.006402345,0.512578428,0,0.2402763,0.27971312,3.398532,4.75372,4.5315614,2038,10394,12432
MCF7,4,A133,9,1,60,15,0.078907855,0.001317304,0.080144212,0.001238857,0.086379617,0.000524467,0.17619285,0.020472832,0.10460014,0.11659039,0.076615244,0.001538189,0.240109071,0,0.10858308,0.12829646,0.8995127,0.40467808,0.5208621,5327,17361,22688
MCF7,6,A199,0,2,70,1,0.07157366,0.004174034,0.0938344,0.003383412,0.078968205,0.002106728,0.268515587,0,0.11580684,0.1400237,0.069640949,0.004696335,0.449461222,0,0.1256314,0.16603257,1.6727129,1.36164,1.4260974,2029,7763,9792
MCF7,6,A199,0,2,70,2,0.051172026,0.000682752,0.052850284,0.000616448,0.047125366,0.000244475,0.108717762,0,0.05957329,0.06728535,0.052079543,0.000776546,0.209116533,0,0.07387258,0.08816882,0.3357586,0.49592495,0.4665853,5261,23459,28720
MCF7,6,A199,0,2,70,3,0.066050239,0.000612055,0.066516168,0.00058538,0.065529361,0.000179998,0.112508282,0.028270524,0.076448224,0.08316055,0.066149719,0.000694515,0.22993429,0,0.086238936,0.09961956,0.46101934,0.6625775,0.6302542,5609,29367,34976
MCF7,6,A199,0,2,70,4,0.081070215,0.00173161,0.083134323,0.001604099,0.078498825,0.000602747,0.177240103,0,0.098008305,0.109555274,0.082038306,0.002153193,0.374203801,0,0.11836628,0.14302874,0.8762592,0.8583214,0.86322767,4792,12728,17520
MCF7,6,A199,0,2,70,5,0.059812132,0.006735352,0.129011765,0.005600248,0.074952349,0.001495398,0.232928932,0,0.10589824,0.12570831,0.058279078,0.007240372,0.453645796,0,0.116558164,0.18826671,1.0515652,1.492002,1.4515052,6960,68736,75696
MCF7,6,A199,0,2,70,6,0.082806617,0.005065341,0.105137438,0.004083529,0.069689594,0.000941361,0.189110488,0,0.09415895,0.110048205,0.084113643,0.005457415,0.423464298,0,0.14430326,0.18551399,0.9309579,1.2746938,1.2435466,3323,33349,36672
MCF7,6,A199,0,2,70,7,0.067919783,0.007884136,0.140167087,0.006143917,0.083872691,0.001525363,0.23737812,0,0.11512268,0.1350559,0.065777995,0.008699088,0.510237932,0,0.131556,0.20812763,1.2220236,1.624458,1.5768236,5352,39864,45216
MCF7,6,A199,0,2,70,8,0.079861999,0.001502206,0.081038363,0.001429003,0.066790797,0.000360151,0.136159852,0,0.08176346,0.09148909,0.08192537,0.001651259,0.363209397,0,0.11279079,0.13495088,0.66569155,0.90469134,0.87210727,3043,19277,22320
MCF7,6,A199,0,2,70,9,0.052887164,0.001513894,0.058372732,0.001350711,0.047605507,0.00030965,0.127610236,0,0.06148098,0.07022162,0.054106005,0.001783874,0.403119981,0,0.08642686,0.110561,0.4634452,0.81981355,0.7529945,10842,46982,57824
MCF7,6,A199,0,2,70,10,0.067622863,0.002819108,0.080253929,0.002331987,0.065491758,0.001093747,0.191118255,0,0.09201331,0.10819669,0.068227865,0.00330727,0.442916781,0,0.1148889,0.14631815,0.684027,0.74085665,0.7282906,4854,17098,21952
MCF7,6,A199,0,2,70,11,0.026917886,0.001855995,0.057621751,0.002203824,0.031822048,0.000461009,0.136015147,0,0.04929898,0.060453437,0.026086386,0.002087746,0.397829592,0,0.052172773,0.09274464,0.35680556,0.84938097,0.77797216,6606,38962,45568
MCF7,6,A199,1,2,70,1,0.049275387,0.000874617,0.052297216,0.00077022,0.044337258,0.000337147,0.114913702,0,0.05904102,0.06807478,0.050556604,0.001006098,0.213844374,0,0.07578482,0.09221747,0.355335,0.4625694,0.44047856,3362,12958,16320
MCF7,6,A199,1,2,70,2,0.042219985,0.000522638,0.04381004,0.000472661,0.037736267,0.000150318,0.100635901,0,0.047367696,0.053613223,0.043340292,0.000609388,0.19470644,0,0.062856935,0.07580085,0.16246147,0.36290202,0.3228315,9551,38225,47776
MCF7,6,A199,1,2,70,3,0.042579088,0.000464708,0.043769885,0.000425583,0.042584103,0.000189996,0.088508658,0,0.05373604,0.06025908,0.042577974,0.000525543,0.139007688,0,0.060852207,0.07249229,0.29790482,0.4142907,0.3931896,1726,7794,9520
MCF7,6,A199,1,2,70,4,0.052814133,0.000563996,0.053412944,0.000538406,0.046082359,0.000205634,0.097151764,0,0.057676736,0.06460059,0.053504016,0.000595601,0.198434085,0,0.07260625,0.085236326,0.44160512,0.60277414,0.5877926,2048,19984,22032
MCF7,6,A199,1,2,70,5,0.039342128,0.000359328,0.039942756,0.000340822,0.031051882,7.82E-05,0.062679566,0,0.037969563,0.04203111,0.040539809,0.000388584,0.185480818,0,0.05593248,0.06651154,0.13424563,0.37680745,0.34618837,5532,38292,43824
MCF7,6,A199,1,2,70,6,0.025242161,0.000152166,0.026248457,0.000131819,0.024383619,6.60E-05,0.051167075,0,0.030781709,0.034537055,0.025510684,0.000178827,0.092645146,0,0.036070526,0.042424858,0.06601508,0.10225134,0.09361809,3244,10372,13616
MCF7,6,A199,1,2,70,7,0.063685291,0.001097074,0.065445997,0.001012173,0.058142599,0.000586571,0.127441183,0,0.07760841,0.08925672,0.064365141,0.001155461,0.233360291,0,0.09152701,0.10883958,0.56267065,0.6098409,0.6046872,930,7582,8512
MCF7,6,A199,1,2,70,8,0.055466548,0.00044734,0.055616803,0.000440195,0.053133443,0.000152207,0.100170225,0.013651277,0.063046016,0.069300905,0.055802487,0.000488938,0.251468003,0,0.07225746,0.084347196,0.32939196,0.425052,0.4130119,4519,31385,35904
MCF7,6,A199,1,2,70,9,0.042826246,0.001180562,0.050029483,0.001018754,0.042847302,0.000457718,0.138531581,0,0.059987377,0.07087321,0.042817716,0.001473538,0.38634485,0,0.07317623,0.09514053,0.6027915,0.6525577,0.63820446,10166,25082,35248
MCF7,6,A199,1,2,70,10,0.020398118,0.000813102,0.037019789,0.000860337,0.024243338,0.000482197,0.105910726,0,0.042278912,0.05505613,0.019783705,0.000863235,0.354664475,0,0.039547104,0.06225447,0.28801215,0.50366557,0.47395468,1726,10802,12528
MCF7,6,A199,10,2,70,1,0.038451523,0.000477552,0.042434778,0.000357994,0.047481637,0.000103516,0.082247272,0.009721993,0.055563346,0.06025428,0.036443789,0.000538553,0.15222685,0,0.05528415,0.06587165,0.16657752,0.321406,0.29324347,3862,17370,21232
MCF7,6,A199,10,2,70,2,0.05450144,0.000494316,0.055464424,0.000449639,0.052886218,9.51E-05,0.094429597,0.01305802,0.06059318,0.06536863,0.054885782,0.000588533,0.224427462,0,0.073466964,0.08528932,0.24295057,0.4546377,0.41394898,10484,44060,54544
MCF7,6,A199,10,2,70,3,0.073339224,0.001148668,0.074622482,0.001073007,0.064935997,0.000521764,0.146354452,0,0.08330958,0.09481106,0.074329644,0.001213253,0.276352763,0,0.10180895,0.11899556,0.7629713,0.9215757,0.90485334,3740,31732,35472
MCF7,6,A199,10,2,70,4,0.034951191,0.000596113,0.040599372,0.000463133,0.034678236,0.00026814,0.09788242,0,0.047756813,0.0553554,0.035046753,0.000710903,0.20061399,0,0.056740753,0.07022347,0.1932083,0.31912446,0.28647217,3618,10334,13952
MCF7,6,A199,10,2,70,5,0.079520725,0.001154047,0.080373392,0.00109789,0.083158217,0.000794588,0.177069411,0,0.10587953,0.11857901,0.079069719,0.001196773,0.268802851,0,0.10550341,0.12313262,0.67011887,0.6924376,0.68997556,3733,30107,33840
MCF7,6,A199,11,2,70,1,0.092493117,0.000445466,0.092525102,0.00044266,0.090501472,9.47E-05,0.129581481,0.0527764,0.09820313,0.1029509,0.092948332,0.000524529,0.221523836,0,0.11059143,0.12085509,0.41804725,0.68630105,0.6363951,4843,21189,26032
MCF7,6,A199,11,2,70,2,0.110158786,0.000622008,0.110162869,0.000621581,0.116314061,0.000157176,0.16138421,0.068371996,0.12624109,0.13184988,0.108870193,0.000709727,0.244246364,0,0.12927282,0.14240228,0.9523264,0.94771874,0.94851637,4667,22293,26960
MCF7,6,A199,11,2,70,3,0.131796211,0.003788149,0.139701813,0.002910949,0.122772641,0.00044747,0.209333465,0.052759334,0.13962647,0.15036425,0.133444652,0.004380832,0.502994955,0,0.18344142,0.21576416,1.09431,1.2914461,1.2609959,6742,36906,43648
MCF7,6,A199,11,2,70,4,0.153523147,0.003911404,0.156552315,0.003514359,0.122206382,0.000352923,0.20107542,0.060766749,0.13703945,0.14629531,0.158814564,0.004318951,0.495700717,0,0.20792916,0.24499501,1.6121885,1.8090888,1.7806287,5259,31125,36384
MCF7,6,A199,11,2,70,5,0.127746195,0.001414861,0.127805397,0.00140795,0.112850539,0.000453029,0.17069912,0.041565642,0.12874787,0.13631384,0.129268855,0.001488181,0.332934827,0,0.15836117,0.17958175,0.7189595,1.0163919,0.9888077,2803,27421,30224
MCF7,6,A199,11,2,70,6,0.093497068,0.003501015,0.105200462,0.002708047,0.08481051,0.000428321,0.160463616,0,0.10128276,0.11116665,0.095546365,0.00420391,0.456411362,0,0.14523129,0.17941119,0.6485692,1.0337473,0.96022326,5247,22241,27488
MCF7,6,A199,12,2,70,1,0.059032518,0.0004614,0.05922645,0.00045143,0.054999255,0.000165433,0.108062118,0.011684191,0.065126546,0.07150668,0.060434721,0.000556674,0.198717326,0,0.07835377,0.091329955,0.26869366,0.4019008,0.367537,5436,15636,21072
MCF7,6,A199,12,2,70,2,0.05977698,0.002830251,0.072876155,0.002495838,0.050077032,0.000459173,0.127450883,0,0.067192785,0.077103496,0.062562779,0.003476435,0.43083635,0,0.108085,0.14333005,0.4708458,0.9154092,0.81621903,4316,15028,19344
MCF7,6,A199,12,2,70,3,0.044811741,0.00050201,0.045159873,0.000490188,0.041970033,0.000118104,0.076113723,0.005107486,0.0506939,0.05585384,0.045638073,0.000610614,0.161604092,0,0.0648259,0.079082675,0.07992136,0.13728094,0.12435896,3536,12160,15696
MCF7,6,A199,12,2,70,4,0.047064479,0.000541729,0.047966246,0.000508854,0.044695754,0.000371264,0.101647988,0,0.06007935,0.069397174,0.047601808,0.000578836,0.144137248,0,0.06689245,0.07925202,0.14557734,0.2485332,0.22949667,1849,8151,10000
MCF7,6,A199,12,2,70,5,0.094140179,0.00156034,0.094456121,0.001535734,0.066010043,0.000211481,0.120181419,0.01285976,0.07744734,0.084444486,0.096876472,0.001607088,0.428672612,0,0.12718639,0.14966533,0.6554843,1.3439409,1.2829095,8004,82284,90288
MCF7,6,A199,13,2,70,1,0.032770403,0.000123911,0.0329004,0.000120126,0.033933904,5.56E-05,0.062642165,0.005277066,0.039895706,0.04356791,0.032404989,0.000144804,0.086345926,0,0.04189391,0.0477313,0.11048347,0.15046582,0.14091001,8952,28504,37456
MCF7,6,A199,13,2,70,2,0.051430065,0.000333617,0.051606074,0.000325676,0.052844051,0.000118762,0.090760134,0.01645525,0.06142784,0.06697592,0.051012602,0.000396287,0.125813052,0,0.06697411,0.077756606,0.35824224,0.39259276,0.38476276,6149,20827,26976
MCF7,6,A199,13,2,70,3,0.092704907,0.000501882,0.092704907,0.000501882,0.095692426,0.000289869,0.150867149,0.04428282,0.109565035,0.11627234,0.091832243,0.000560443,0.207604215,0.018489581,0.1112948,0.12261663,1.3523698,1.0376467,1.1087952,9408,32208,41616
MCF7,6,A199,14,2,70,1,0.05084113,0.00043867,0.05183373,0.000395785,0.052880406,0.000125942,0.094835304,0.007896661,0.061749354,0.06720905,0.05018162,0.000538029,0.194092378,0,0.06825995,0.07948825,0.27791265,0.42303947,0.38757434,7644,23636,31280
MCF7,6,A199,14,2,70,2,0.046453021,0.00077674,0.048817731,0.00070084,0.039274916,0.000127978,0.08850687,0,0.0482125,0.053706404,0.047746539,0.000882691,0.250584453,0,0.07096417,0.08701912,0.15843174,0.4726404,0.4246643,7417,41159,48576
MCF7,6,A199,14,2,70,3,0.068824619,0.000871713,0.069671929,0.000823411,0.064504929,0.000309632,0.126657099,0,0.07843541,0.086841606,0.070109971,0.001031759,0.26636827,0,0.094886266,0.111381516,0.5627618,0.666222,0.64249647,4469,15019,19488
MCF7,6,A199,14,2,70,4,0.054639276,0.000802293,0.0561193,0.000740967,0.046265241,0.000399446,0.137930334,0,0.06212865,0.07194173,0.057598487,0.000911114,0.197494417,0,0.08136055,0.09676944,0.47418216,0.56220746,0.5392233,2891,8181,11072
MCF7,6,A199,14,2,70,5,0.097921334,0.004895591,0.111743547,0.004042092,0.080384992,0.001159024,0.208427399,0,0.10761197,0.12371385,0.10125009,0.005535412,0.456567526,0,0.1611975,0.20084983,0.97759205,1.0901784,1.0722167,3058,16110,19168
MCF7,6,A199,14,2,70,6,0.082228921,0.001247982,0.083476849,0.001162748,0.096942306,0.000479069,0.181964636,0.017419854,0.114001185,0.12503971,0.079893522,0.001330212,0.272040874,0,0.107977696,0.12757778,1.879531,1.106775,1.2126297,4664,29384,34048
MCF7,6,A199,14,2,70,7,0.073865056,0.007296389,0.136256292,0.004958197,0.100680992,0.00301101,0.300600797,0,0.14508422,0.17223163,0.065797865,0.008304176,0.453222126,0,0.13159573,0.2049873,1.1094463,1.1356045,1.129555,8640,28720,37360
MCF7,6,A199,14,2,70,8,0.069415353,0.001269713,0.071076073,0.001182052,0.068552122,0.00063202,0.149281532,0,0.08863216,0.100156836,0.06965708,0.001448022,0.28407076,0,0.09986883,0.12005152,1.2437332,1.0000536,1.0533639,4925,17587,22512
MCF7,6,A199,14,2,70,9,0.041034382,0.0007376,0.045874458,0.000602566,0.046216395,0.000390202,0.115826778,0,0.062021077,0.071715176,0.039776407,0.000813833,0.167580694,0,0.06310915,0.07792414,0.3156812,0.38848296,0.37426198,2866,11806,14672
MCF7,6,A199,15,2,70,1,0.036606114,0.001012811,0.04552605,0.000853516,0.0402859,0.000196338,0.100885749,0,0.05141118,0.058122,0.035936229,0.001158532,0.378616899,0,0.062338796,0.081554815,0.26094294,0.5015764,0.46451688,4019,22077,26096
MCF7,6,A199,15,2,70,2,0.069330461,0.004117915,0.088482946,0.003560818,0.051927883,0.000423648,0.14630492,0,0.068401456,0.078433335,0.071568079,0.004548977,0.450262547,0,0.124288686,0.16499574,0.475741,1.0125881,0.9514248,4714,36662,41376
MCF7,6,A199,15,2,70,3,0.030750832,0.001866805,0.060816795,0.001863518,0.040297728,0.000670269,0.129256546,0,0.061262194,0.07465748,0.028482199,0.002124334,0.353779733,0,0.056964397,0.09652549,0.4052554,0.59714234,0.56029916,3410,14350,17760
MCF7,6,A199,15,2,70,4,0.043563701,0.000241882,0.043716285,0.000236058,0.038809285,9.37E-05,0.075797603,0,0.046259146,0.0506121,0.04502346,0.000278308,0.108517475,0,0.05823864,0.06622529,0.10103204,0.18255413,0.16340388,9355,30469,39824
MCF7,6,A199,16,2,70,1,0.071626246,0.00070465,0.071771234,0.00069567,0.088350974,0.000286285,0.147897959,0.02016498,0.10179603,0.10916316,0.067048244,0.000721644,0.224047452,0,0.08807977,0.103225105,1.2147294,0.69243515,0.8046772,17340,63348,80688
MCF7,6,A199,16,2,70,2,0.134785607,0.000952934,0.134785607,0.000952934,0.143385291,0.000272074,0.234432951,0.091025472,0.15581752,0.16494127,0.132137671,0.001132795,0.276294559,0.02697573,0.15908432,0.1774636,2.4723082,1.6971902,1.8796704,5281,17151,22432
MCF7,6,A199,16,2,70,3,0.099311538,0.000886653,0.099311538,0.000886653,0.088362746,0.000276945,0.150564983,0.029774256,0.10105779,0.11037243,0.101970449,0.00099854,0.261849046,0.000126447,0.12749906,0.14301758,1.0069818,1.2056398,1.1668226,2870,11818,14688
MCF7,6,A199,17,2,70,1,0.075353406,0.000321601,0.075353406,0.000321601,0.076219127,9.40E-05,0.111915708,0.041960437,0.08390398,0.08839754,0.075028315,0.000406673,0.15652962,0.005719782,0.09099277,0.10060464,0.5058136,0.5141881,0.5119019,6648,17704,24352
MCF7,6,A199,17,2,70,2,0.078514181,0.000578014,0.078554749,0.000575126,0.074980229,0.000342151,0.131906793,0,0.08847118,0.09586596,0.079320215,0.000628312,0.227288142,0,0.09732292,0.11081558,0.32844347,0.3946852,0.38238272,9711,42577,52288
MCF7,6,A199,18,2,70,1,0.035744578,0.000752139,0.044767719,0.000538058,0.043269288,0.000181554,0.093410172,0.000494425,0.054031186,0.060285464,0.034296844,0.000848928,0.263633251,0,0.05807317,0.07290281,0.19217297,0.35475105,0.32851848,4110,21362,25472
MCF7,6,A199,18,2,70,2,0.044344846,0.000578695,0.047263235,0.000478847,0.040871762,0.000170338,0.091123872,0,0.051200133,0.05748567,0.045331035,0.00069025,0.180127561,0,0.06644799,0.0788854,0.12817414,0.23442245,0.21092524,5290,18630,23920
MCF7,6,A199,18,2,70,3,0.075266808,0.004206657,0.096446842,0.00334766,0.081085742,0.001109169,0.197048321,0,0.10759256,0.12350753,0.074899614,0.004399844,0.420476764,0,0.12878928,0.16569014,1.3564332,1.2317107,1.2391138,1322,20950,22272
MCF7,6,A199,18,2,70,4,0.034982875,0.000288926,0.036071669,0.000258644,0.032137979,0.000130316,0.090385735,0,0.04116303,0.046080988,0.035782959,0.000330617,0.118384041,0,0.05038061,0.05900941,0.075195424,0.16539799,0.14559825,7723,27461,35184
MCF7,6,A199,18,2,70,5,0.036043517,0.00033198,0.038587987,0.00025723,0.036042806,0.000139569,0.092776589,0,0.045330048,0.051009785,0.036043882,0.000429587,0.130434304,0,0.05241619,0.06208202,0.11425725,0.1784106,0.1568195,15950,31442,47392
MCF7,6,A199,19,2,70,1,0.07547462,0.000441843,0.07553836,0.000437402,0.075838216,0.000116171,0.119625039,0.040919214,0.08438105,0.08954261,0.075407781,0.00050169,0.184558615,0,0.09296357,0.10355895,0.66462547,0.8644742,0.8334375,4418,24030,28448
MCF7,6,A199,19,2,70,2,0.057785496,0.000482692,0.057962988,0.000473887,0.056393549,0.000148514,0.096116185,0,0.06587646,0.070671834,0.058174253,0.000575331,0.189939484,0,0.07623439,0.08849319,0.27647486,0.3933556,0.36783892,11265,40335,51600
MCF7,6,A199,19,2,70,3,0.051975925,0.002714997,0.072945386,0.002280725,0.054307871,0.000905845,0.176358506,0,0.07858466,0.09379403,0.051417045,0.003146969,0.447211325,0,0.096205056,0.13045318,0.5174185,0.67257255,0.64257675,8457,35287,43744
MCF7,6,A199,19,2,70,4,0.043190621,0.000588928,0.044585038,0.000545772,0.034619633,0.000289578,0.103771754,0,0.048323773,0.056631673,0.045045458,0.000634372,0.169966996,0,0.064983174,0.07860069,0.19469543,0.39873937,0.36243826,6974,32226,39200
MCF7,6,A199,2,2,70,1,0.044836175,0.000470937,0.045616753,0.000443529,0.040484164,0.000102336,0.073553696,0.002651768,0.0485255,0.05326684,0.046174511,0.000576675,0.174972743,0,0.06463718,0.07789837,0.23015994,0.43186724,0.38442683,1938,6302,8240
MCF7,6,A199,2,2,70,2,0.053801119,0.00130783,0.058923565,0.001130517,0.044371236,0.000480932,0.123583451,0,0.06188259,0.07224743,0.057679415,0.001596302,0.25749442,0,0.08916543,0.110007904,0.35272697,0.50704813,0.46207556,2779,6757,9536
MCF7,6,A199,2,2,70,3,0.046456102,0.000338858,0.046958789,0.000318919,0.048595928,0.000141079,0.09078373,0.009626375,0.058061287,0.06388988,0.045733951,0.000403538,0.158045366,0,0.061386865,0.071551874,0.5429272,0.47667745,0.49339405,3795,11245,15040
MCF7,6,A199,2,2,70,4,0.044391841,0.000330481,0.045137443,0.000302377,0.042219322,0.000154494,0.086946666,0,0.052125107,0.05788101,0.045076009,0.000383948,0.156483129,0,0.060516056,0.06988502,0.16062094,0.25141466,0.22966993,5495,17449,22944
MCF7,6,A199,2,2,70,5,0.112223215,0.000921335,0.112257704,0.000917747,0.116035089,0.000612239,0.193792969,0.027735736,0.1357239,0.14701141,0.111495741,0.000977023,0.293850094,0,0.13617839,0.15123022,1.3259735,1.2588352,1.2695949,4695,24601,29296
MCF7,6,A199,2,2,70,6,0.043046299,0.000407856,0.044593289,0.000353528,0.037126705,0.000202204,0.098603219,0,0.048207354,0.055762053,0.04383596,0.000429991,0.164907187,0,0.0598786,0.070133165,0.12165493,0.2274779,0.21502288,2514,18846,21360
MCF7,6,A199,2,2,70,7,0.085021861,0.000871946,0.085165061,0.000861219,0.100723818,0.000504232,0.193016991,0.011353012,0.11831535,0.12844145,0.079447351,0.000883886,0.284088373,0,0.10229889,0.11742949,1.3432571,0.8371731,0.9697689,10128,28528,38656
MCF7,6,A199,2,2,70,8,0.098273925,0.005035014,0.113732755,0.004068865,0.081077971,0.001254097,0.22588639,0,0.109373316,0.1266439,0.104912244,0.006336376,0.466757864,0,0.16919945,0.21028595,1.148537,1.6363424,1.5004791,4131,10701,14832
MCF7,6,A199,3,2,70,1,0.057321351,0.002826142,0.076640934,0.002297995,0.056672785,0.001197514,0.198454872,0,0.08495841,0.10190228,0.057491113,0.003252277,0.410637379,0,0.10406549,0.13698457,0.7068015,0.7387652,0.73213446,4889,18679,23568
MCF7,6,A199,3,2,70,2,0.022076724,0.000402839,0.032807801,0.000246589,0.025369644,7.24E-05,0.056800269,0,0.031926993,0.035918154,0.021266544,0.000480811,0.141440988,0,0.040314116,0.05147705,0.050042957,0.20228584,0.17222469,10056,40872,50928
MCF7,6,A199,3,2,70,3,0.05666944,0.000841664,0.057640322,0.000800122,0.042437393,0.000119025,0.104498088,0,0.051002275,0.056526877,0.058621194,0.000909178,0.27719143,0,0.08189791,0.098500445,0.3214161,0.77515346,0.720433,10167,74137,84304
MCF7,6,A199,3,2,70,4,0.033273771,0.000138359,0.033408742,0.000134411,0.03351089,8.17E-05,0.069186747,0.003302162,0.04066786,0.045060597,0.033150941,0.000167657,0.091384664,0,0.04342741,0.049656846,0.13185798,0.21940029,0.18952605,2872,5544,8416
MCF7,6,A199,3,2,70,5,0.052681733,0.000999397,0.055805665,0.000884327,0.04615587,0.000128722,0.102207199,0.005714679,0.05508302,0.060864925,0.053613905,0.001116814,0.380747795,0,0.07860927,0.09685486,0.3987498,0.8048204,0.7540663,10829,75811,86640
MCF7,6,A199,3,2,70,6,0.110526927,0.002357727,0.111222908,0.002295165,0.087925389,0.001011301,0.211124882,0,0.113337025,0.12875386,0.118694209,0.002592972,0.400808543,0,0.15889966,0.18442525,1.0981764,1.5018592,1.3947057,7169,19839,27008
MCF7,6,A199,3,2,70,7,0.065711483,0.000403012,0.065731637,0.00040181,0.054389168,0.000202189,0.104919329,0,0.06556371,0.07198574,0.068114959,0.000412652,0.178291589,0,0.08411187,0.094055295,0.39102176,0.7316229,0.6719814,8562,40334,48896
MCF7,6,A199,4,2,70,1,0.043525461,0.00214421,0.060897406,0.001942103,0.03952447,0.00056259,0.143295795,0,0.05868977,0.070642695,0.044656884,0.002585663,0.426250577,0,0.08393784,0.1159137,0.44982266,0.66790205,0.61982715,7795,27565,35360
MCF7,6,A199,4,2,70,2,0.05696471,0.001435783,0.062708259,0.001220379,0.05468218,0.000252184,0.125658408,0,0.06733803,0.07500602,0.057530057,0.001727333,0.305393606,0,0.08989367,0.112641245,0.47809437,0.5819516,0.56133425,4415,17825,22240
MCF7,6,A199,4,2,70,3,0.036647767,0.000310528,0.037879679,0.000274302,0.035443086,0.000157003,0.100765854,0.000572104,0.044168647,0.05127324,0.036865484,0.000337963,0.111591622,0,0.051613398,0.06056622,0.067719825,0.16704677,0.15184374,3671,20313,23984
MCF7,6,A199,4,2,70,4,0.039184507,0.00095946,0.045041095,0.000839075,0.033271015,0.000292202,0.123641603,0,0.04683938,0.055553574,0.040674992,0.001116605,0.257328719,0,0.06711002,0.08605,0.2577571,0.49164712,0.4445631,5846,23194,29040
MCF7,6,A199,4,2,70,5,0.036685657,0.00077677,0.041975684,0.000666727,0.035790566,0.00030049,0.104485527,0,0.049583443,0.058502052,0.036836836,0.000857055,0.21727398,0,0.06037729,0.07656994,0.2370694,0.4562418,0.42457274,1690,10006,11696
MCF7,6,A199,4,2,70,6,0.051725399,0.002339806,0.068104193,0.001965239,0.049022119,0.000793159,0.149325639,0,0.071773246,0.08602565,0.052549966,0.002808662,0.374936849,0,0.09511833,0.12635225,0.4004364,0.57237464,0.53218746,5804,19028,24832
MCF7,6,A199,4,2,70,7,0.062009949,0.002684009,0.072054431,0.00239502,0.039352696,0.000629747,0.140216962,0,0.059387762,0.072521724,0.065957651,0.002936906,0.367389828,0,0.109519534,0.14030458,0.2717466,0.6853584,0.6239859,3668,21052,24720
MCF7,6,A199,4,2,70,8,0.04030152,0.000369423,0.04082365,0.000352893,0.035055257,0.000103169,0.077025071,0,0.043075245,0.048031,0.042310081,0.000456788,0.158344775,0,0.059185866,0.070382014,0.25656268,0.54359657,0.49016115,6550,28634,35184
MCF7,6,A199,4,2,70,9,0.047022928,0.000450276,0.047331851,0.000438613,0.038075291,0.000133833,0.082206182,0,0.04724587,0.052735947,0.048669316,0.000491061,0.198644489,0,0.065790266,0.0778785,0.34345827,0.686955,0.6335729,5167,28081,33248
MCF7,6,A199,4,2,70,10,0.057800964,0.00064342,0.058330197,0.00061844,0.051018812,0.000188906,0.099060357,0.00865665,0.062112823,0.06893955,0.058671191,0.00069508,0.209242612,0,0.07924301,0.09332407,0.5012543,0.7376107,0.71073234,3710,28914,32624
MCF7,6,A199,4,2,70,11,0.05456439,0.000882802,0.056270815,0.000814388,0.047440752,0.00026417,0.109882951,0,0.06046506,0.068146594,0.055936348,0.00099029,0.282121629,0,0.08060193,0.097298846,0.22021902,0.41685796,0.38510266,4191,21761,25952
MCF7,6,A199,4,2,70,12,0.055069346,0.001089145,0.058090836,0.000973382,0.047956385,0.00039299,0.111953571,0,0.06379525,0.073175244,0.056741901,0.001238145,0.242712364,0,0.084457606,0.103250414,0.29770353,0.47789687,0.44359234,5428,23084,28512
MCF7,6,A199,5,2,70,1,0.047366034,0.000138923,0.047369469,0.000138771,0.044877265,7.74E-05,0.079048991,0.016779248,0.051915832,0.056041293,0.047969893,0.000151983,0.098960899,0,0.05774278,0.06373331,0.20820391,0.26775596,0.25612792,2693,11099,13792
MCF7,6,A199,5,2,70,2,0.054607809,0.000335706,0.054812621,0.000325738,0.054711349,0.000100735,0.093777955,0.019198608,0.06269269,0.06763434,0.054576505,0.000406729,0.183509246,0,0.070131525,0.08010199,0.291629,0.48740402,0.4419612,5218,17262,22480
MCF7,6,A199,5,2,70,3,0.070670605,0.000546574,0.070808835,0.000537854,0.072494991,0.000261045,0.131543934,0.013998757,0.085328095,0.093583375,0.07038141,0.000591222,0.209191099,0,0.08929656,0.101729885,0.5218361,0.61729085,0.6042302,4906,30950,35856
MCF7,6,A199,5,2,70,4,0.034208927,0.000340879,0.039742235,0.00017611,0.035577714,8.75E-05,0.078170896,0,0.042985704,0.04734795,0.033850841,0.000406553,0.121989414,0,0.049561255,0.057172712,0.058578085,0.1142914,0.10273875,8510,32530,41040
MCF7,6,A199,5,2,70,5,0.050216552,0.000328612,0.050335817,0.000323389,0.046394639,0.000160306,0.093162172,0,0.056389436,0.06243549,0.052178629,0.000403667,0.144359246,0,0.06827373,0.07828498,0.18589008,0.27468798,0.24456553,7159,13945,21104
MCF7,6,A199,5,2,70,6,0.049201597,0.000844802,0.051526785,0.000764916,0.043985669,0.000410789,0.124260411,0,0.060024526,0.06970219,0.050456494,0.000941101,0.226295441,0,0.07477896,0.090770334,0.23298399,0.38494256,0.3554729,5849,24311,30160
MCF7,6,A199,5,2,70,7,0.043084502,0.000493153,0.044123549,0.0004592,0.042278845,0.000220184,0.087403297,0,0.054131795,0.06086789,0.043201171,0.000532574,0.161023349,0,0.061786316,0.07344261,0.13290066,0.23865499,0.22527795,4410,30454,34864
MCF7,6,A199,5,2,70,8,0.068823554,0.000779805,0.068986632,0.000770402,0.07177572,0.000257528,0.126438543,0,0.0841515,0.09142319,0.068225197,0.000883537,0.19517301,0,0.091524936,0.10797833,0.42770615,0.5057887,0.4926298,5347,26381,31728
MCF7,6,A199,6,2,70,1,0.068687521,0.000119924,0.068814956,0.000111377,0.065425493,0.000175501,0.095171936,0,0.073259264,0.078049906,0.068995312,0.000113582,0.110785402,0.017721513,0.07723312,0.08084886,0.21726216,0.32537806,0.31605652,2421,25659,28080
MCF7,6,A199,6,2,70,2,0.042967148,0.000164871,0.044254635,0.000112834,0.040803432,3.55E-05,0.065266415,0.023065345,0.045568407,0.048465066,0.043613333,0.000201685,0.092673279,0,0.05407718,0.0601079,0.043879665,0.09748571,0.08515804,3731,12493,16224
MCF7,6,A199,6,2,70,3,0.064254008,0.000430073,0.064306095,0.000427072,0.060196396,0.000196594,0.120570846,0.006876708,0.071342796,0.07800571,0.065890163,0.000514902,0.204950541,0,0.08364438,0.09519241,0.3914995,0.50494164,0.4723431,8515,21117,29632
MCF7,6,A199,6,2,70,4,0.07528758,0.000678815,0.075360648,0.000673968,0.066868,0.000249264,0.116344586,0.008753458,0.07944318,0.08705481,0.077758387,0.000777963,0.243370518,0,0.09948243,0.114327,0.401888,0.51410747,0.48864716,3042,10366,13408
MCF7,6,A199,6,2,70,5,0.088797905,0.000845802,0.088870414,0.000840048,0.084261723,0.000215065,0.13902767,0.037488461,0.09591808,0.10335313,0.089653581,0.000960166,0.25743416,0,0.11356452,0.13143045,0.45261055,0.60758793,0.5829933,3890,20622,24512
MCF7,6,A199,6,2,70,6,0.087821938,0.00401767,0.103253111,0.003130298,0.082350746,0.000639929,0.193527862,0.001924537,0.10233528,0.11558655,0.089189127,0.004852381,0.436261356,0,0.14394951,0.18237935,0.50530314,0.6940134,0.65628487,3925,15707,19632
MCF7,6,A199,6,2,70,7,0.073824234,0.000755082,0.074091941,0.000737986,0.072312146,0.000286209,0.130816415,0.02310764,0.08608454,0.09482373,0.074129328,0.000849135,0.194760084,0,0.09714275,0.11205906,0.4363675,0.5978037,0.57069916,2184,10824,13008
MCF7,6,A199,6,2,70,8,0.053346876,0.000247225,0.053383142,0.000245457,0.053861432,6.53E-05,0.091499902,0.013095456,0.0601782,0.06388238,0.05309641,0.000335596,0.115124553,0,0.06774067,0.07681779,0.15966532,0.20560507,0.19684425,3930,16678,20608
MCF7,6,A199,6,2,70,9,0.070765503,0.000390875,0.070765503,0.000390875,0.066748835,0.000126166,0.099319115,0.016903711,0.074640654,0.078837454,0.072147414,0.000474486,0.150956675,0.00350747,0.08949109,0.09648186,0.3442045,0.41712746,0.39846078,6680,19416,26096
MCF7,6,A199,6,2,70,10,0.084606647,0.000644356,0.084606647,0.000644356,0.088169247,0.000254752,0.148622721,0.018784991,0.10069036,0.10701676,0.083324574,0.000778353,0.177683145,0.003017451,0.105638236,0.11634589,0.83288896,0.59720945,0.65957916,7304,20296,27600
MCF7,6,A199,7,2,70,1,0.084986515,0.000573607,0.085076652,0.000566547,0.086740769,0.000364668,0.189808205,0.031190071,0.10155675,0.112031445,0.084412336,0.000640658,0.223927334,0,0.10396841,0.11654599,1.136096,1.1040685,1.1119664,7682,23470,31152
MCF7,6,A199,7,2,70,2,0.037003811,0.000499683,0.040052041,0.000418757,0.031567227,0.000113405,0.068437815,0,0.040012613,0.04521987,0.038835563,0.000616518,0.124742031,0,0.05927303,0.06983573,0.049098577,0.12775457,0.10793182,3871,11489,15360
MCF7,6,A199,7,2,70,3,0.061778765,0.000939752,0.06316568,0.000873244,0.057313513,0.000217087,0.10434369,0.003740183,0.06903517,0.07595908,0.06245628,0.001045917,0.242775947,0,0.08765301,0.10463176,0.4192067,0.6576629,0.62624866,1290,8502,9792
MCF7,6,A199,7,2,70,4,0.082726374,0.002583369,0.086372182,0.002382323,0.053302266,0.000220266,0.112502947,0.003316115,0.06492436,0.07265382,0.087547064,0.002805444,0.422318101,0,0.12729704,0.15791412,0.28954178,0.8414647,0.7637697,3365,20539,23904
MCF7,6,A199,7,2,70,5,0.08250206,0.001429091,0.082942307,0.001400202,0.064488918,0.000446532,0.142650887,0,0.08148498,0.09202071,0.085520312,0.001530249,0.401657224,0,0.11489276,0.13666655,0.75400716,0.85942525,0.8442965,2163,12909,15072
MCF7,6,A199,7,2,70,6,0.043690201,0.000432789,0.044243239,0.0004138,0.039422493,0.000102985,0.075859867,7.42E-05,0.047186274,0.051494107,0.04482016,0.000514013,0.178007334,0,0.06262307,0.07506738,0.16672394,0.30550456,0.27645183,4907,18533,23440
MCF7,6,A199,7,2,70,7,0.042066488,0.002864193,0.071920127,0.002749768,0.045317184,0.000772012,0.146658108,0,0.06784773,0.08215159,0.041424211,0.003275068,0.414650619,0,0.082773566,0.12550895,0.7107582,1.0016305,0.95364124,4477,22659,27136
MCF7,6,A199,8,2,70,1,0.062675431,0.002139669,0.073538929,0.001711647,0.061117299,0.000786013,0.188488111,0,0.083627075,0.097418,0.063071564,0.002483043,0.42219457,0,0.103321,0.12959453,0.5753282,0.6069451,0.6005362,6467,25437,31904
MCF7,6,A199,8,2,70,2,0.046131246,0.001852393,0.060304731,0.001566799,0.04031343,0.000577005,0.122370332,0,0.059703663,0.07181484,0.047014888,0.002040184,0.363401741,0,0.08322886,0.10961421,0.35285038,0.5423227,0.5173392,2211,14557,16768
MCF7,6,A199,8,2,70,3,0.063005641,0.001451399,0.064986952,0.001368281,0.043549266,0.000207994,0.107777812,0,0.054725494,0.0615111,0.068168454,0.001654236,0.370578438,0,0.09943813,0.12229476,0.1815846,0.4933327,0.42795703,10180,38364,48544
MCF7,6,A199,8,2,70,4,0.120372422,0.003495279,0.125031278,0.003048056,0.113174275,0.000863877,0.229491293,0,0.1365887,0.15078074,0.122003786,0.004077244,0.447723776,0,0.17144398,0.20441009,1.3816328,0.99690616,1.0679892,16735,73841,90576
MCF7,6,A199,8,2,70,5,0.051303688,0.001736952,0.057284195,0.001596841,0.036464617,0.000295393,0.105242029,0,0.050004523,0.058230482,0.052503493,0.001834265,0.383215278,0,0.08429512,0.11020958,0.24039754,0.6689725,0.6369123,5647,69841,75488
MCF7,6,A199,8,2,70,6,0.069797806,0.005303401,0.112425178,0.00374994,0.105047695,0.001292174,0.242709741,0,0.13309847,0.15416308,0.066906609,0.005522129,0.473642766,0,0.12856013,0.17350551,2.3207254,1.1937531,1.2791805,5573,67947,73520
MCF7,6,A199,9,2,70,1,0.049179509,0.000363344,0.049938921,0.000331031,0.042888079,7.86E-05,0.077770822,0.008362397,0.04973458,0.054008108,0.050152037,0.000400303,0.213414237,0,0.06533544,0.07524413,0.09542641,0.31507683,0.285669,8725,56443,65168
MCF7,6,A199,9,2,70,2,0.032129891,0.000701512,0.049538914,0.00021919,0.04842639,0.000137436,0.086858414,0,0.05752717,0.062873445,0.024705674,0.000782381,0.112986803,0,0.049411345,0.06401846,0.10442319,0.1551466,0.13927095,3876,8508,12384
MCF7,6,A199,9,2,70,3,0.075216301,0.000606112,0.075272672,0.000602322,0.070219807,0.000159506,0.116260186,0.023990542,0.08028512,0.086248495,0.076348081,0.00070034,0.237015456,0,0.09658799,0.11054944,0.4240794,0.58023137,0.5513927,6164,27212,33376
MCF7,6,A199,9,2,70,4,0.06899564,0.000395927,0.069060534,0.000391817,0.072004773,0.000170304,0.128004104,0.018344168,0.082388364,0.08865769,0.067981236,0.000467905,0.191287786,0,0.08493517,0.09549516,0.6900456,0.6737145,0.6771607,10554,39462,50016
MCF7,6,A199,9,2,70,5,0.044928875,0.000452213,0.049196925,0.000285197,0.045123532,0.000207331,0.110141203,0,0.05671637,0.06419581,0.044886537,0.000505472,0.135728106,0,0.061941333,0.07187474,0.07360639,0.15194122,0.13794565,7764,35692,43456
MCF7,6,A199,9,2,70,6,0.056131277,0.00100353,0.059577033,0.000859847,0.050359257,0.000439234,0.111748978,0,0.06688691,0.07553391,0.057901748,0.001163264,0.229619265,0,0.085091494,0.10193785,0.25658977,0.42712396,0.38709408,3121,10175,13296
MCF7,2,control,0,3,0,1,0.04118489474058151,0.001396395149640739,0.05015609785914421,0.0012506080092862248,0.031445346772670746,0.0004780721210408956,0.12145165354013443,0,0.04930170625448227,0.06085814908146858,0.044352155178785324,0.0016541517106816173,0.3270266056060791,0,0.07681611,0.10089413,0.6680099964141846,0.80588895,0.77304,7864,25144,33008
MCF7,2,control,0,3,0,2,0.07334096729755402,0.0010960735380649567,0.07433707267045975,0.0010369123192504048,0.0809401124715805,0.00019400549354031682,0.13284167647361755,0.02855641022324562,0.09195373952388763,0.09848913550376892,0.07208932191133499,0.001233573886565864,0.36007753014564514,0,0.09839743,0.1180523,1.0798043012619019,0.92483294,0.9467484,8580,52092,60672
MCF7,2,control,0,3,0,3,0.08741831034421921,0.0029314267449080944,0.09345899522304535,0.0025694340001791716,0.08735395222902298,0.00047944861580617726,0.18562401831150055,0,0.10443480312824249,0.11508284509181976,0.08742720633745193,0.00327103934250772,0.535849928855896,0,0.13042529,0.16331369,1.3541550636291504,1.0801907,1.1135201,18408,132904,151312
MCF7,2,control,1,3,0,1,0.07311364263296127,0.0006700819358229637,0.07350676506757736,0.0006447875057347119,0.07984728366136551,0.0001817418960854411,0.12608253955841064,0.03560633212327957,0.09056900441646576,0.09723127633333206,0.07191301137208939,0.0007476280443370342,0.28846490383148193,0,0.093254335,0.10658362,1.2250456809997559,1.2225835,1.2229517,4276,24332,28608
MCF7,2,control,1,3,0,2,0.08883357048034668,0.000749515718780458,0.08891426771879196,0.0007430217228829861,0.09381849318742752,0.0002775508619379252,0.17258840799331665,0.041714973747730255,0.10661530494689941,0.1155206635594368,0.08799581974744797,0.0008239546441473067,0.2570624053478241,0,0.11023114,0.12574597,1.319932222366333,1.2750175,1.2814797,4756,28300,33056
MCF7,2,control,1,3,0,3,0.06365692615509033,0.0025717478711158037,0.07863327115774155,0.0019991546869277954,0.07142052799463272,0.0007060501375235617,0.16929498314857483,0,0.09252572059631348,0.10531212389469147,0.060956861823797226,0.0031923551578074694,0.42095983028411865,0,0.10678714,0.13839838,1.2449358701705933,1.2345995,1.2372668,25383,72985,98368
MCF7,2,control,1,3,0,4,0.07990600168704987,0.001792748225852847,0.08180344849824905,0.0016801008023321629,0.08355742692947388,0.000540482287760824,0.1967489868402481,0.009741459041833878,0.10136037319898605,0.11414805799722672,0.07932877540588379,0.00198827194981277,0.42022109031677246,0,0.112660185,0.13782111,1.514440894126892,1.2573236,1.2924215,14795,93589,108384
MCF7,2,control,1,3,0,5,0.07111843675374985,0.0012016642140224576,0.07262583076953888,0.001117658568546176,0.08577723056077957,0.00043431762605905533,0.1833590716123581,0.009671060368418694,0.10223156213760376,0.11305366456508636,0.06877435743808746,0.0012845140881836414,0.37082791328430176,0,0.0960525,0.11568642,1.6751805543899536,1.2780924,1.3328365,14779,92421,107200
MCF7,2,control,1,3,0,6,0.07574137300252914,0.003774277400225401,0.09513368457555771,0.0028957556933164597,0.07497554272413254,0.000785672920756042,0.18260587751865387,0,0.09687715768814087,0.11135300993919373,0.07590409368276596,0.004409139510244131,0.4300740361213684,0,0.13002422,0.16649574,1.248000979423523,1.4697504,1.4308904,6348,29876,36224
MCF7,2,control,10,3,0,1,0.13077956438064575,0.0016071104910224676,0.1308494657278061,0.0015988254453986883,0.15444566309452057,0.0010649791220203042,0.3193897008895874,0.033998243510723114,0.1796310842037201,0.19566896557807922,0.1261865347623825,0.0015825304435566068,0.4817191958427429,0,0.15692168,0.17848708,2.0138792991638184,1.479947,1.5667284,10956,56452,67408
MCF7,2,control,10,3,0,2,0.11908772587776184,0.0010850661201402545,0.11909344792366028,0.0010844356147572398,0.12268565595149994,0.0006179967895150185,0.2201293259859085,0.04091871902346611,0.14232276380062103,0.15492911636829376,0.11813013255596161,0.0012050137156620622,0.32705679535865784,0,0.14551023,0.16429716,1.4830327033996582,1.3221304,1.3546065,16767,66305,83072
MCF7,2,control,10,3,0,3,0.09686708450317383,0.0012141739716753364,0.09689031541347504,0.001212214701808989,0.07682052999734879,0.0003007476043421775,0.1602746695280075,0.0011729852994903922,0.0904916524887085,0.0990278497338295,0.10658096522092819,0.0013676995877176523,0.3050934970378876,0,0.13559379,0.15554588,0.9439752101898193,1.1449747,1.0793681,10894,22482,33376
MCF7,2,control,11,3,0,1,0.12233317643404007,0.0017633455572649837,0.123110830783844,0.0016788155771791935,0.14644554257392883,0.000737533438950777,0.2704828679561615,0.06285631656646729,0.1682664155960083,0.18076372146606445,0.11836615204811096,0.0018207228276878595,0.48016878962516785,0,0.15072863,0.1729104,1.3111637830734253,1.107238,1.1360483,12055,73273,85328
MCF7,2,control,11,3,0,2,0.12142977118492126,0.0012731170281767845,0.12146860361099243,0.0012688066344708204,0.12593817710876465,0.0005133972153998911,0.21601678431034088,0.03613375499844551,0.14381299912929535,0.1556258201599121,0.12062158435583115,0.0014050070894882083,0.4061281085014343,0,0.14986363,0.17015846,1.0280567407608032,1.0274644,1.0275545,10935,61001,71936
MCF7,2,control,12,3,0,1,0.13207003474235535,0.001052384846843779,0.1320759356021881,0.001051652361638844,0.15266576409339905,0.0007350639789365232,0.25271546840667725,0.06780435144901276,0.17394158244132996,0.18762147426605225,0.12974132597446442,0.0010348791256546974,0.3147486448287964,0,0.15504692,0.1716378,1.68735671043396,1.3539579,1.3848156,4142,40610,44752
MCF7,2,control,12,3,0,2,0.13379405438899994,0.0012379137333482504,0.13379588723182678,0.0012376843951642513,0.15365830063819885,0.0009923408506438136,0.2724084258079529,0.05023640766739845,0.17865324020385742,0.19356833398342133,0.1295115053653717,0.0011874475749209523,0.3462841212749481,0,0.15644284,0.17476124,1.3016186952590942,1.1952826,1.2141416,12883,59757,72640
MCF7,2,control,12,3,0,3,0.127421572804451,0.0004940346116200089,0.127421572804451,0.0004940346116200089,0.12842872738838196,0.0002562421141192317,0.19569912552833557,0.06360577046871185,0.1411495953798294,0.1489259898662567,0.12710827589035034,0.0005675886641256511,0.23330020904541016,0.03024522215127945,0.14591952,0.15736428,1.272337555885315,1.2513435,1.2563244,16107,51781,67888
MCF7,2,control,12,3,0,4,0.11156675219535828,0.000882979016751051,0.1115775853395462,0.0008818571222946048,0.14057664573192596,0.0008409960428252816,0.2469540387392044,0.035708047449588776,0.16398809850215912,0.17859283089637756,0.10805371403694153,0.0007738089188933372,0.38636159896850586,0,0.12951331,0.14420597,1.2552940845489502,1.0569092,1.0770547,10470,92634,103104
MCF7,2,control,12,3,0,5,0.12211193889379501,0.0006899307481944561,0.12211193889379501,0.0006899307481944561,0.13060590624809265,0.0004940484068356454,0.22322845458984375,0.035053450614213943,0.148208886384964,0.158565953373909,0.12102118134498596,0.0007046303362585604,0.27488958835601807,0.020163996145129204,0.14214699,0.1559429,1.2925435304641724,1.1275643,1.1463389,16959,132065,149024
MCF7,2,control,13,3,0,1,0.1626918464899063,0.0011008774163201451,0.1626918464899063,0.0011008774163201451,0.21227923035621643,0.0005299687618389726,0.3006431758403778,0.12836657464504242,0.22986707091331482,0.23942391574382782,0.15631312131881714,0.000817323278170079,0.32750722765922546,0.05488261207938194,0.17880209,0.19384596,1.9042365550994873,1.427318,1.4816748,7371,57301,64672
MCF7,2,control,13,3,0,2,0.15292027592658997,0.0006158947944641113,0.15292027592658997,0.0006158947944641113,0.15900345146656036,0.0003098535817116499,0.23097719252109528,0.08531717956066132,0.17285357415676117,0.18123167753219604,0.15102465450763702,0.0006961376057006419,0.2846411168575287,0.06418241560459137,0.17170845,0.18586066,1.4388028383255005,1.3924589,1.4034694,9279,29777,39056
MCF7,2,control,13,3,0,3,0.10954304784536362,0.00048468090244568884,0.10954304784536362,0.00048468090244568884,0.10541331768035889,0.00019508189870975912,0.16357558965682983,0.04519149288535118,0.11637509614229202,0.12299863249063492,0.1103328987956047,0.0005361830117180943,0.23622263967990875,0.012876364402472973,0.12850676,0.14030433,0.916296660900116,1.0944761,1.0658695,7280,38064,45344
MCF7,2,control,13,3,0,4,0.14357958734035492,0.0008486522710882127,0.14357958734035492,0.0008486522710882127,0.16576741635799408,0.0004461613716557622,0.23110431432724,0.10688534379005432,0.1827433705329895,0.19374722242355347,0.14144361019134521,0.000835444254335016,0.2771010398864746,0.03538208082318306,0.16445844,0.17956229,1.8091520071029663,1.4333607,1.4663601,3476,36108,39584
MCF7,2,control,13,3,0,5,0.11317665129899979,0.000790404446888715,0.11317665129899979,0.000790404446888715,0.12584415078163147,0.0006179364281706512,0.4417944848537445,0.03654103726148605,0.14342983067035675,0.15509022772312164,0.11068427562713623,0.0007865540683269501,0.44255176186561584,0.010534582659602165,0.13175228,0.14701262,1.7185317277908325,1.4439905,1.4891264,12579,63933,76512
MCF7,2,control,13,3,0,6,0.10998248308897018,0.0011614980176091194,0.10999716073274612,0.0011600371217355132,0.1157393679022789,0.0010596123756840825,0.25345733761787415,0,0.1413780301809311,0.15690533816814423,0.10879360139369965,0.001174281002022326,0.30751124024391174,0,0.13538344,0.15458688,1.1212785243988037,1.2111061,1.1957308,12814,62050,74864
MCF7,2,control,2,3,0,1,0.12754300236701965,0.006357826292514801,0.14551499485969543,0.0046385107561945915,0.10848957300186157,0.0007095254841260612,0.21478445827960968,0,0.1296219676733017,0.14246107637882233,0.13024413585662842,0.007099803537130356,0.4898805618286133,0,0.19686475,0.23967895,1.1601343154907227,1.0817574,1.0859512,3904,69056,72960
MCF7,2,control,2,3,0,2,0.15982837975025177,0.00693331565707922,0.17577683925628662,0.004821786191314459,0.1528177559375763,0.001172429881989956,0.29178839921951294,0.014863038435578346,0.1799619048833847,0.1973668783903122,0.16091932356357574,0.007820957340300083,0.5785861611366272,0,0.23015809,0.27069208,1.567528247833252,1.1775863,1.2300957,10260,65932,76192
MCF7,2,control,3,3,0,1,0.11239175498485565,0.001005298807285726,0.11244957149028778,0.0009993133135139942,0.12791988253593445,0.00036258442560210824,0.193638414144516,0.05293832719326019,0.14311708509922028,0.15152625739574432,0.10902834683656693,0.001080971211194992,0.2879742681980133,0,0.13501176,0.15142405,1.1330838203430176,1.0382124,1.0551031,5193,23975,29168
MCF7,2,control,3,3,0,2,0.07490859180688858,0.0015936028212308884,0.07871318608522415,0.0013750699581578374,0.07339537888765335,0.0004732563393190503,0.153884157538414,0,0.09069054573774338,0.100996233522892,0.07540790736675262,0.001962284091860056,0.3492749035358429,0,0.10959484,0.132324,0.8137940168380737,0.9457659,0.9130229,6288,19056,25344
MCF7,2,control,3,3,0,3,0.08646415919065475,0.00137101742438972,0.08770614117383957,0.0012817814713343978,0.09724798053503036,0.0002808559511322528,0.16713422536849976,0.017168108373880386,0.1104014664888382,0.11802545189857483,0.08450604975223541,0.0015440168790519238,0.3677574396133423,0,0.11447085,0.13436161,1.1000847816467285,0.98994887,1.006874,6533,35979,42512
MCF7,2,control,3,3,0,4,0.09679853171110153,0.0016104226233437657,0.09770424664020538,0.0015369986649602652,0.10034915804862976,0.00039260557969100773,0.18301977217197418,0.008554350584745407,0.11599362641572952,0.12553781270980835,0.09600341320037842,0.0018796806689351797,0.3601193428039551,0,0.12942564,0.1521088,1.0604188442230225,1.0217814,1.0288507,12020,53676,65696
MCF7,2,control,3,3,0,5,0.10755771398544312,0.0017011150484904647,0.10847438126802444,0.0016161781968548894,0.105709508061409,0.00037552128196693957,0.1987096667289734,0.020300498232245445,0.12048853188753128,0.13006268441677094,0.10795287787914276,0.001983643276616931,0.42836064100265503,0,0.14135538,0.16514567,1.093397617340088,1.1264514,1.1217933,8338,50830,59168
MCF7,2,control,3,3,0,6,0.11541077494621277,0.001996723935008049,0.11665404587984085,0.0018732001772150397,0.11180676519870758,0.000448764069005847,0.19578517973423004,0.03472688049077988,0.12822550535202026,0.13874538242816925,0.11622893810272217,0.002344516571611166,0.4226580560207367,0,0.15230331,0.17891446,1.229626178741455,1.1841601,1.1925721,10867,47869,58736
MCF7,2,control,3,3,0,7,0.09060826897621155,0.0023753526620566845,0.09455304592847824,0.0021057771518826485,0.10425284504890442,0.0008848889265209436,0.19181831181049347,0.013478669337928295,0.127770334482193,0.14060762524604797,0.08977862447500229,0.0024539714213460684,0.42087993025779724,0,0.12795016,0.1539098,1.309715747833252,1.1402961,1.1500071,3928,64600,68528
MCF7,2,control,4,3,0,1,0.08623693883419037,0.002340487204492092,0.08910190314054489,0.0021629694383591413,0.07684528082609177,0.0005107583128847182,0.16610728204250336,0,0.09475003182888031,0.10553780198097229,0.08852619677782059,0.002759751630946994,0.46153387427330017,0,0.12906343,0.15809728,1.0892674922943115,0.9786327,1.0003152,26130,107198,133328
MCF7,2,control,5,3,0,1,0.09849803894758224,0.0026503659319132566,0.10858921706676483,0.0018261043587699533,0.10377947986125946,0.0002723995712585747,0.17113041877746582,0.03579873964190483,0.11680009216070175,0.1245822012424469,0.09756097197532654,0.0030664519872516394,0.47593626379966736,0,0.13919945,0.16631502,0.8586921691894531,0.8353372,0.8388565,11667,65757,77424
MCF7,2,control,5,3,0,2,0.10203144699335098,0.001623183605261147,0.10234500467777252,0.0015960808377712965,0.079099141061306,0.00023554703511763364,0.14551018178462982,0.016478203237056732,0.09098207205533981,0.09830836951732635,0.1042000949382782,0.0016999735962599516,0.44010549783706665,0,0.13526712,0.15974711,0.7098776698112488,0.8976004,0.8813817,3807,40257,44064
MCF7,2,control,5,3,0,3,0.15043877065181732,0.002254726365208626,0.15048448741436005,0.0022485312074422836,0.14486676454544067,0.0007913881563581526,0.24013258516788483,0.022786715999245644,0.16691696643829346,0.18019898235797882,0.15162527561187744,0.0025583156384527683,0.46972909569740295,0,0.19119377,0.21757951,2.4690585136413574,1.6781076,1.8169662,5778,27134,32912
MCF7,2,control,5,3,0,4,0.15041297674179077,0.001803152379579842,0.15043778717517853,0.0017997199902310967,0.14581266045570374,0.0006632145377807319,0.2580403685569763,0.028614211827516556,0.16573874652385712,0.17780159413814545,0.15186332166194916,0.0021537654101848602,0.45353931188583374,0,0.18805265,0.21297984,1.9142192602157593,1.66996,1.7285088,11636,36908,48544
MCF7,2,control,5,3,0,5,0.12797850370407104,0.001290597254410386,0.12797850370407104,0.001290597254410386,0.11802804470062256,0.000786396733019501,0.23734444379806519,0.018289601430296898,0.13978517055511475,0.1532154530286789,0.1306467205286026,0.001392129692249,0.37376144528388977,0.0020386732649058104,0.15995215,0.1794663,1.466265082359314,1.4088959,1.4210267,7575,28249,35824
MCF7,2,control,6,3,0,1,0.17598707973957062,0.0022117942571640015,0.17604069411754608,0.0022030279505997896,0.1616906076669693,0.0004992499598301947,0.2421145737171173,0.049736831337213516,0.17892475426197052,0.18841440975666046,0.17826777696609497,0.0024471899960190058,0.5509656071662903,0,0.21596956,0.24303013,1.2154239416122437,1.3841742,1.36108,10333,65171,75504
MCF7,2,control,6,3,0,2,0.20573587715625763,0.0032029394060373306,0.20664405822753906,0.0030294032767415047,0.1916835606098175,0.0010565263219177723,0.3081410825252533,0.06731206178665161,0.21718640625476837,0.23157207667827606,0.2070443034172058,0.003382696770131588,0.5699564814567566,0,0.25123075,0.28186738,1.8695576190948486,1.6904949,1.7057475,6764,72644,79408
MCF7,2,control,6,3,0,3,0.12417488545179367,0.001357991248369217,0.12424808740615845,0.0013496966566890478,0.12275659292936325,0.00033243116922676563,0.1903586983680725,0.04501711577177048,0.13717417418956757,0.1455950289964676,0.12443955987691879,0.001548923086374998,0.48680397868156433,0,0.15470849,0.17550996,1.4178099632263184,1.3977581,1.4009115,9876,52924,62800
MCF7,2,control,6,3,0,4,0.12026157230138779,0.001331607229076326,0.12036088109016418,0.0013207539450377226,0.11533409357070923,0.0003912558313459158,0.20306631922721863,0.036955785006284714,0.13109907507896423,0.1405823528766632,0.12154706567525864,0.0015689409337937832,0.4105536639690399,0,0.15194131,0.17300656,1.5942462682724,1.488084,1.5100495,14043,53829,67872
MCF7,2,control,7,3,0,1,0.08296239376068115,0.003101822454482317,0.09214898943901062,0.002598758088424802,0.06454015523195267,0.0003362474963068962,0.1424204558134079,0.0024458093103021383,0.07910790294408798,0.08821286261081696,0.08621098846197128,0.003519107587635517,0.41949519515037537,0,0.13231081,0.16481645,0.7859393358230591,1.067442,1.025243,8980,50924,59904
MCF7,2,control,8,3,0,1,0.16479264199733734,0.0007730113575235009,0.16479264199733734,0.0007730113575235009,0.1786346584558487,0.0005768047994934022,0.29957327246665955,0.07750546187162399,0.19683939218521118,0.20829340815544128,0.1600976139307022,0.000752529944293201,0.3106358051300049,0.05660518258810043,0.18149275,0.19578767,2.741802453994751,2.3316357,2.3789363,2919,22393,25312
MCF7,2,control,8,3,0,2,0.11415775120258331,0.0006400548736564815,0.11415775120258331,0.0006400548736564815,0.10592720657587051,0.00025746182654984295,0.18548618257045746,0.05029424652457237,0.11842551082372665,0.12666140496730804,0.11647395044565201,0.0007232938660308719,0.27280285954475403,0.021641822531819344,0.13743214,0.1522575,1.1576868295669556,1.3901135,1.3390696,7892,28044,35936
MCF7,2,control,9,3,0,1,0.16135799884796143,0.0011849062284454703,0.16135799884796143,0.0011849062284454703,0.18420571088790894,0.0007384605705738068,0.2801627814769745,0.09778741002082825,0.2055257111787796,0.2195383757352829,0.1588791310787201,0.0011705621145665646,0.40045949816703796,0.018116282299160957,0.18568878,0.20345531,2.2342689037323,1.6800368,1.7285594,3925,40907,44832
MCF7,2,control,9,3,0,2,0.1622495949268341,0.001224325387738645,0.1622495949268341,0.001224325387738645,0.18214097619056702,0.0008032313198782504,0.2998189628124237,0.08689048886299133,0.2043880969285965,0.2184620201587677,0.15871870517730713,0.0012163718929514289,0.3935573995113373,0.0259823277592659,0.18608443,0.20460725,1.673030138015747,1.4495274,1.4832199,10960,61744,72704
MCF7,2,control,9,3,0,3,0.15130485594272614,0.0005324194207787514,0.15130485594272614,0.0005324194207787514,0.14987213909626007,0.0002635992132127285,0.23017343878746033,0.08475013077259064,0.16270564496517181,0.1707429587841034,0.15172971785068512,0.0006113493000157177,0.2941995859146118,0.046076543629169464,0.17112541,0.18312845,1.7271701097488403,1.6639385,1.6784011,13760,46400,60160
MCF7,2,control,9,3,0,4,0.13249827921390533,0.001026924466714263,0.13250796496868134,0.0010257174726575613,0.16883569955825806,0.0007660324336029589,0.28967732191085815,0.07893440872430801,0.1910865604877472,0.20381483435630798,0.12857381999492645,0.0008970943163149059,0.44015252590179443,0,0.15183572,0.16785008,1.8540928363800049,1.4204696,1.4618545,9150,86722,95872
MCF7,2,control,9,3,0,5,0.14135116338729858,0.0007810397655703127,0.14135116338729858,0.0007810397655703127,0.15264979004859924,0.0006826494354754686,0.23718617856502533,0.06364291906356812,0.17329052090644836,0.1846039593219757,0.14001715183258057,0.0007758043939247727,0.28513380885124207,0.04082312434911728,0.16224857,0.1765879,1.9500219821929932,1.5716045,1.6115652,13706,116086,129792
