Metadata_cell,Metadata_hour,Metadata_treatment,Metadata_site,Metadata_dish,Metadata_concentration,ObjectNumber,Cell_Ed_mean_value,Cell_Ed_variance,Cell_Ed_not_zero_mean_value,Cell_Ed_not_zero_variance,Cell_Ed_region_mean_value,Cell_Ed_region_variance,Cell_Ed_region_max_value,Cell_Ed_region_min_value,Cell_Ed_region_top_50_value,Cell_Ed_region_top_25_value,Cell_Ed_not_region_mean_value,Cell_Ed_not_region_variance,Cell_Ed_not_region_max_value,Cell_Ed_not_region_min_value,Cell_Ed_not_region_top_50_value,Cell_Ed_not_region_top_25_value,Fp_mito_ratio_mean,Fp_non_mito_ratio_mean,Fp_whole_cell_ratio_mean,Fp_mito_pixels,Fp_non_mito_pixels,Fp_whole_cell_pixels
MCF7,2,A133,0,1,80,1,0.09085129201412201,0.0009527432266622782,0.09101831912994385,0.0009392924839630723,0.08875849097967148,8.839042857289314e-05,0.13578008115291595,0.05902419239282608,0.09608867764472961,0.10072038322687149,0.09088508784770966,0.0009666270925663412,0.33178773522377014,0,0.113550425,0.13170363,1.2886152267456055,1.007866,1.012327,736,45584,46320
MCF7,2,A133,0,1,80,2,0.11323598772287369,0.0014962336281314492,0.11341280490159988,0.0014785167295485735,0.11195413023233414,0.00030944906757213175,0.17980365455150604,0.05654255300760269,0.12587112188339233,0.13501611351966858,0.11355925351381302,0.0017949978355318308,0.3791123926639557,0,0.14688733,0.16976124,1.6018682718276978,1.2278494,1.3031743,5813,23051,28864
MCF7,2,A133,0,1,80,3,0.10218300670385361,0.0019247288582846522,0.10282101482152939,0.001871146378107369,0.08934520930051804,0.00020546710584312677,0.1427331268787384,0.024011356756091118,0.10060800611972809,0.1072857603430748,0.10537712275981903,0.0023012831807136536,0.44676584005355835,0,0.14137828,0.16899727,1.7398960590362549,1.3033746,1.390345,6197,24907,31104
MCF7,2,A133,1,1,80,1,0.07988815754652023,0.000704210193362087,0.08009111881256104,0.0006897443090565503,0.08167997002601624,0.0002149774372810498,0.14107319712638855,0.03613181784749031,0.09361269325017929,0.0999985933303833,0.07959862053394318,0.0007826617802493274,0.26187631487846375,0,0.101456925,0.11531926,1.6887773275375366,1.3430227,1.3911204,6862,42466,49328
MCF7,2,A133,1,1,80,3,0.0744323879480362,0.005135188344866037,0.11313706636428833,0.0034265415742993355,0.11704171448945999,0.0008797479094937444,0.23007839918136597,0,0.14046382904052734,0.15425296127796173,0.07030794024467468,0.0053543513640761375,0.4834814965724945,0,0.1312817,0.17270678,1.7400171756744385,0.98743206,1.0538509,10109,104435,114544
MCF7,2,A133,10,1,80,1,0.09604371339082718,0.0010153658222407103,0.09643952548503876,0.0009813777869567275,0.11636082828044891,0.00022260253899730742,0.16608835756778717,0.06100548803806305,0.1281987875699997,0.13489247858524323,0.09181655943393707,0.0010765548795461655,0.2972295880317688,0,0.11733646,0.13256551,1.7930353879928589,1.3496857,1.3577243,349,18899,19248
MCF7,2,A133,10,1,80,4,0.10371360182762146,0.003288980107754469,0.11006755381822586,0.00279111391864717,0.1102820560336113,0.0008221822790801525,0.224069282412529,0.037224505096673965,0.1332024484872818,0.14784452319145203,0.10353238135576248,0.0033558218274265528,0.40635770559310913,0,0.14763896,0.17887507,1.2677751779556274,0.9920645,0.9994677,467,16925,17392
MCF7,2,A133,10,1,80,5,0.10784868896007538,0.0050269500352442265,0.12978392839431763,0.003202534979209304,0.10243339091539383,0.0010825819335877895,0.20226219296455383,0.0032172582577914,0.12872104346752167,0.14413052797317505,0.10799074172973633,0.005129637662321329,0.4796481430530548,0,0.16484873,0.19672267,1.743762731552124,1.796198,1.7948577,708,26988,27696
MCF7,2,A133,10,1,80,6,0.11693163216114044,0.0042132968083024025,0.12499908357858658,0.003495560958981514,0.11180193722248077,0.0011381828226149082,0.24893970787525177,0.007786853704601526,0.1384972333908081,0.15597614645957947,0.11805923283100128,0.004882204812020063,0.45947667956352234,0,0.17279851,0.20870194,1.4721808433532715,1.1706206,1.2249633,2915,13261,16176
MCF7,2,A133,11,1,80,1,0.07918887585401535,0.0031227157451212406,0.0916021540760994,0.0024751354940235615,0.08806472271680832,0.000521147798281163,0.16754239797592163,0.012061350047588348,0.10618329048156738,0.11724449694156647,0.07805872708559036,0.0034426599740982056,0.47545745968818665,0,0.12433497,0.1553449,1.5520095825195312,1.1507705,1.1960893,2933,23035,25968
MCF7,2,A133,11,1,80,2,0.09409172087907791,0.0027618976309895515,0.09966254234313965,0.002370216650888324,0.09748069196939468,0.0003995769948232919,0.18821029365062714,0.019694173708558083,0.11329960823059082,0.1229986622929573,0.093648761510849,0.0030689614359289408,0.4239944517612457,0,0.13560908,0.16505419,1.3273242712020874,1.0935931,1.1206111,4289,32815,37104
MCF7,2,A133,11,1,80,3,0.1178382933139801,0.005737831350415945,0.13556158542633057,0.004198223818093538,0.12144634872674942,0.0013759104767814279,0.2674695551395416,0,0.15052251517772675,0.16879725456237793,0.11733429878950119,0.006345055997371674,0.47764140367507935,0,0.18135609,0.22093523,1.4417107105255127,1.0115075,1.0642353,2114,15134,17248
MCF7,2,A133,12,1,80,1,0.14262747764587402,0.0036508794873952866,0.14624567329883575,0.003214352298527956,0.12104330211877823,0.001178137375973165,0.2815145254135132,0,0.14831165969371796,0.16480757296085358,0.14540378749370575,0.0039013067726045847,0.534013569355011,0,0.19322893,0.22342944,1.5934650897979736,1.727987,1.7140766,5258,45590,50848
MCF7,2,A133,12,1,80,2,0.13711224496364594,0.002975177252665162,0.13866305351257324,0.0027937893755733967,0.12493027001619339,0.0008397752535529435,0.22191222012043,0.014491930603981018,0.14806509017944336,0.16196425259113312,0.14186348021030426,0.003727574599906802,0.4976557791233063,0,0.18821742,0.22026084,1.4187804460525513,1.3161898,1.3449754,9935,25473,35408
MCF7,2,A133,12,1,80,3,0.1288214474916458,0.0013315764954313636,0.12893138825893402,0.0013185376301407814,0.12315137684345245,0.00034149899147450924,0.19444280862808228,0.05419977754354477,0.13776817917823792,0.14660204946994781,0.13010673224925995,0.001547067193314433,0.3897415101528168,0,0.16007213,0.17918909,2.0952842235565186,1.9032136,1.9094181,644,19292,19936
MCF7,2,A133,12,1,80,4,0.12236163020133972,0.0010530781000852585,0.12242112308740616,0.0010463063372299075,0.11864238232374191,0.0004306715854909271,0.19366365671157837,0.04819565638899803,0.13513487577438354,0.14517615735530853,0.12340212613344193,0.0012222506338730454,0.31858760118484497,0,0.15031458,0.16760334,1.3012280464172363,1.4356804,1.4356543,2,10286,10288
MCF7,2,A133,12,1,80,5,0.12771709263324738,0.001354409847408533,0.1278456449508667,0.001339338137768209,0.12537497282028198,0.0003873118257615715,0.1995648741722107,0.04646269232034683,0.14096826314926147,0.15030281245708466,0.12843811511993408,0.0016499256016686559,0.44130533933639526,0,0.15954629,0.18017021,1.6450921297073364,1.3900554,1.4500883,7491,24333,31824
MCF7,2,A133,12,1,80,6,0.13967110216617584,0.0014847784768790007,0.13968560099601746,0.0014829084975644946,0.13568070530891418,0.00045660516479983926,0.20153142511844635,0.06208852678537369,0.15273071825504303,0.16250687837600708,0.140456885099411,0.0016834939597174525,0.43479669094085693,0,0.17169774,0.19344506,2.048820972442627,1.6158239,1.6870618,3172,16108,19280
MCF7,2,A133,13,1,80,1,0.10659673064947128,0.005570781417191029,0.13032105565071106,0.0037188432179391384,0.11476463079452515,0.00042610225500538945,0.2120819389820099,0.029167991131544113,0.13106675446033478,0.14107316732406616,0.10548046231269836,0.0062635219655931,0.4624576270580292,0,0.16872682,0.20837557,1.4957703351974487,1.1279832,1.1722038,4188,30644,34832
MCF7,2,A133,14,1,80,1,0.0870029404759407,0.0031324708834290504,0.10265150666236877,0.0020895348861813545,0.10409391671419144,0.0003958582237828523,0.18150106072425842,0.029107775539159775,0.1199672520160675,0.12964092195034027,0.08313456177711487,0.003670797683298588,0.4850650727748871,0,0.1309595,0.15916175,1.3910990953445435,1.1569834,1.200193,15347,67805,83152
MCF7,2,A133,14,1,80,2,0.14067919552326202,0.0015454089734703302,0.14087660610675812,0.0015197673346847296,0.14797809720039368,0.0004430360277183354,0.23398956656455994,0.05488026887178421,0.16460934281349182,0.17454999685287476,0.13961394131183624,0.001697386964224279,0.49010637402534485,0,0.17078653,0.19164057,1.560494065284729,1.1209751,1.1768956,8898,61038,69936
MCF7,2,A133,14,1,80,3,0.135628342628479,0.0008785233367234468,0.13563120365142822,0.0008781537180766463,0.13824395835399628,0.00023106155276764184,0.19306352734565735,0.07545414566993713,0.15018592774868011,0.15735560655593872,0.13548606634140015,0.0009133486310020089,0.30406150221824646,0,0.15848714,0.17478612,1.370509147644043,1.1663202,1.1768539,2444,44932,47376
MCF7,2,A133,14,1,80,4,0.16094286739826202,0.0016921109054237604,0.16097815334796906,0.0016868021339178085,0.16607442498207092,0.0007514219032600522,0.2677924335002899,0.02993113361299038,0.18642586469650269,0.19809582829475403,0.16028918325901031,0.001808161847293377,0.4538567364215851,0,0.19314195,0.21525937,2.092789888381958,1.5179998,1.5829477,9280,72848,82128
MCF7,2,A133,14,1,80,5,0.1407286524772644,0.0048860604874789715,0.14796869456768036,0.004066131077706814,0.1255173683166504,0.0010190968168899417,0.2882416546344757,0,0.15089207887649536,0.16637471318244934,0.1456415355205536,0.006036137230694294,0.488667756319046,0,0.20576386,0.24534002,1.6538814306259155,1.3164259,1.3988088,8941,27683,36624
MCF7,2,A133,15,1,80,1,0.1066538468003273,0.0021162028424441814,0.10800125449895859,0.0019974156748503447,0.1444120854139328,0.0008824086398817599,0.2328176349401474,0.08501656353473663,0.16878633201122284,0.18322323262691498,0.10643064230680466,0.002115018665790558,0.43598663806915283,0,0.14040768,0.16523702,1.5367666482925415,0.89914805,0.9028951,244,41276,41520
MCF7,2,A133,15,1,80,2,0.1543492078781128,0.004077067133039236,0.15800973773002625,0.0035953575279563665,0.14582069218158722,0.000773759325966239,0.24426937103271484,0.038784656673669815,0.16770336031913757,0.18168294429779053,0.15608656406402588,0.00473215663805604,0.5161920189857483,0,0.20787092,0.24493967,1.702677845954895,1.2457988,1.3231195,4763,23381,28144
MCF7,2,A133,15,1,80,4,0.11127869039773941,0.004298691172152758,0.1217721551656723,0.0034262409899383783,0.09812445193529129,0.0006545332726091146,0.19888938963413239,0.0013484788360074162,0.11862538009881973,0.13088609278202057,0.11524811387062073,0.005330381914973259,0.47088438272476196,0,0.17183745,0.21006525,1.4188834428787231,1.1996784,1.2504921,8245,27323,35568
MCF7,2,A133,2,1,80,1,0.14447011053562164,0.0023547662422060966,0.14467018842697144,0.002329079667106271,0.14831876754760742,0.00036459218244999647,0.2030029594898224,0.06988213956356049,0.16338536143302917,0.17162586748600006,0.14405956864356995,0.0025653059128671885,0.5283467173576355,0,0.18291089,0.20981696,1.4259473085403442,1.1473191,1.1741751,2230,20906,23136
MCF7,2,A133,2,1,80,4,0.12964756786823273,0.0042733862064778805,0.13500156998634338,0.0037270640023052692,0.11975667625665665,0.0003414872626308352,0.14716506004333496,0.08673834055662155,0.135380357503891,0.1454775631427765,0.12965397536754608,0.004275867715477943,0.4930185079574585,0,0.1772647,0.2143173,2.165900468826294,2.002959,2.0030644,16,24720,24736
MCF7,2,A133,3,1,80,1,0.081955187022686,0.0017943346174433827,0.08556922525167465,0.001564210164360702,0.08800839632749557,0.0002458233793731779,0.147122323513031,0.0338236466050148,0.10046456754207611,0.10806779563426971,0.08114183694124222,0.0019968159031122923,0.37998875975608826,0,0.11503451,0.13792743,1.4139704704284668,1.1920283,1.2183174,5208,38760,43968
MCF7,2,A133,3,1,80,2,0.13605491816997528,0.005301545839756727,0.15076273679733276,0.003657264169305563,0.13191962242126465,0.0007577967480756342,0.2360713928937912,0.022089609876275063,0.15373967587947845,0.1666812300682068,0.13659033179283142,0.0058873374946415424,0.47914671897888184,0,0.19469197,0.23217236,1.4759410619735718,1.159789,1.1960299,5572,43036,48608
MCF7,2,A133,4,1,80,3,0.09223878383636475,0.0011852344032377005,0.09241806715726852,0.0011709686368703842,0.07538368552923203,0.00027388002490624785,0.16347424685955048,0,0.08790767192840576,0.09648547321557999,0.09638672322034836,0.001322394353337586,0.34988826513290405,0,0.1251066,0.14375083,1.3911659717559814,1.8580066,1.7754982,9657,44983,54640
MCF7,2,A133,4,1,80,4,0.07671287655830383,0.0005457238294184208,0.07680346071720123,0.0005394119652919471,0.078206367790699,0.0001789667730918154,0.13192196190357208,0.024475762620568275,0.08881697058677673,0.09506700187921524,0.07627441734075546,0.0006525508360937238,0.18718169629573822,0,0.09664698,0.10874475,1.9707777500152588,1.4954332,1.6033145,6736,22944,29680
MCF7,2,A133,4,1,80,5,0.0728267952799797,0.0005672224215231836,0.07292082160711288,0.0005610984517261386,0.0756509080529213,0.0001459168124711141,0.11931190639734268,0.012906359508633614,0.08482665568590164,0.09003132581710815,0.07200269401073456,0.0006871558143757284,0.2021888941526413,0,0.092981756,0.10517995,1.4750795364379883,1.180011,1.246664,9285,31819,41104
MCF7,2,A133,5,1,80,1,0.12863925099372864,0.0010484441881999373,0.12871143221855164,0.0010397440055385232,0.1241021454334259,0.0002714700240176171,0.19218844175338745,0.06455174088478088,0.13696639239788055,0.1452956646680832,0.12954437732696533,0.00119851715862751,0.33916619420051575,0,0.1561213,0.17283618,1.7874317169189453,1.7095845,1.7225314,5636,28252,33888
MCF7,2,A133,5,1,80,2,0.122688889503479,0.0008374368189834058,0.12270496785640717,0.0008355743484571576,0.12408753484487534,0.0003275548224337399,0.21989968419075012,0.07060205936431885,0.13810329139232635,0.14808079600334167,0.12245048582553864,0.0009239571518264711,0.3267064392566681,0,0.14550342,0.16185808,1.6810224056243896,1.5071075,1.5324348,6671,39137,45808
MCF7,2,A133,5,1,80,3,0.17188040912151337,0.005368754267692566,0.17559568583965302,0.0048324186354875565,0.13813015818595886,0.0006288666045293212,0.234821155667305,0.05515209212899208,0.15811540186405182,0.1701076328754425,0.17851507663726807,0.006032586097717285,0.5166972279548645,0,0.23834895,0.2802673,1.4277781248092651,1.1939836,1.2323928,3036,15444,18480
MCF7,2,A133,5,1,80,5,0.1660100370645523,0.004109112545847893,0.1665390580892563,0.004034103360027075,0.17611168324947357,0.002424264093860984,0.30469369888305664,0.0497266985476017,0.21453988552093506,0.23936450481414795,0.16564598679542542,0.004166020546108484,0.4796445667743683,0,0.21539956,0.25109494,1.5586299896240234,1.1792067,1.1924045,438,12154,12592
MCF7,2,A133,5,1,80,7,0.1548319309949875,0.0015872023068368435,0.15484805405139923,0.001584869809448719,0.14659297466278076,0.0005250588292255998,0.23200875520706177,0.0550394281744957,0.16480329632759094,0.17573492228984833,0.157098188996315,0.0018555581336840987,0.4110904633998871,0,0.1907847,0.21259327,1.54899263381958,1.3461021,1.3898715,4142,15058,19200
MCF7,2,A133,5,1,80,9,0.15153609216213226,0.0014439006336033344,0.15153609216213226,0.0014439006336033344,0.16225914657115936,0.0004835602012462914,0.23551860451698303,0.07664120197296143,0.17981232702732086,0.19061623513698578,0.1508701741695404,0.0014959564432501793,0.3284963369369507,0.023642752319574356,0.18212645,0.20187566,1.420964002609253,1.1412461,1.1576017,1408,22672,24080
MCF7,2,A133,5,1,80,10,0.14395302534103394,0.0017746917437762022,0.14397713541984558,0.0017715180292725563,0.1357714980840683,0.000558995408937335,0.2287946492433548,0.046596404165029526,0.15464137494564056,0.16625462472438812,0.14707450568675995,0.0022032319102436304,0.4112991392612457,0,0.18355574,0.2085852,1.5151957273483276,1.281182,1.345808,6597,17291,23888
MCF7,2,A133,5,1,80,11,0.16181540489196777,0.0024340201634913683,0.1618989259004593,0.002421756274998188,0.1454494446516037,0.0006491128006018698,0.23996654152870178,0.04803994297981262,0.16551268100738525,0.1780543327331543,0.16408321261405945,0.0026390948332846165,0.5315011739730835,0,0.20324561,0.23082422,1.9211434125900269,1.749147,1.7700797,4247,30649,34896
MCF7,2,A133,6,1,80,1,0.1104079857468605,0.001762257656082511,0.11144609749317169,0.0016631336184218526,0.136310875415802,0.0004575225757434964,0.21617770195007324,0.04715600982308388,0.15324388444423676,0.16379377245903015,0.10631615668535233,0.0018456305842846632,0.47121429443359375,0,0.13897032,0.15980561,1.6992474794387817,1.0224426,1.1147711,3632,22992,26624
MCF7,2,A133,6,1,80,2,0.13535207509994507,0.0066206492483615875,0.15486198663711548,0.004553619306534529,0.1341697871685028,0.0007239739061333239,0.25013577938079834,0.04822777211666107,0.1556508094072342,0.16882960498332977,0.13552381098270416,0.007476911414414644,0.5257335901260376,0,0.2031491,0.24658264,1.521840214729309,1.1235995,1.174108,4647,31993,36640
MCF7,2,A133,6,1,80,3,0.1449132263660431,0.005866509396582842,0.15767218172550201,0.004371296614408493,0.12027288228273392,0.0006475914269685745,0.2331315279006958,0.0331721231341362,0.14062559604644775,0.15358109772205353,0.1466037780046463,0.006180061958730221,0.5102837085723877,0,0.2056492,0.24645455,1.9034513235092163,1.6212335,1.6393529,2750,40082,42832
MCF7,2,A133,7,1,80,2,0.0939161479473114,0.0007037376053631306,0.09396542608737946,0.0006994765717536211,0.11458192765712738,0.0002349133719690144,0.15703929960727692,0.059415336698293686,0.12652409076690674,0.13412803411483765,0.09363047778606415,0.000704233068972826,0.2379560023546219,0,0.1139442,0.12687244,1.360146164894104,0.8873232,0.89377,286,20690,20976
MCF7,2,A133,7,1,80,3,0.11826318502426147,0.0018169849645346403,0.1185280829668045,0.0017896557692438364,0.12490123510360718,0.0006354832439683378,0.2434946596622467,0.02929624356329441,0.14460299909114838,0.15658864378929138,0.11655377596616745,0.0021069711074233055,0.37341785430908203,0,0.15228239,0.17712839,1.8074312210083008,1.2674772,1.3780496,5131,19925,25056
MCF7,2,A133,7,1,80,4,0.11161118745803833,0.001749646500684321,0.11235900223255157,0.0016773458337411284,0.11365510523319244,0.0006435741088353097,0.21155905723571777,0.023867281153798103,0.1337115466594696,0.1462370604276657,0.11113370209932327,0.0020068334415555,0.39585548639297485,0,0.14562549,0.16819935,1.382065773010254,1.1995931,1.2341484,1821,7795,9616
MCF7,2,A133,7,1,80,5,0.15583336353302002,0.0012321006506681442,0.15583336353302002,0.0012321006506681442,0.15204837918281555,0.00031082896748557687,0.21697622537612915,0.08589835464954376,0.1661413162946701,0.1744866520166397,0.1565026193857193,0.0013920177007094026,0.3886023163795471,0.004273916129022837,0.18551989,0.20443285,1.8873950242996216,1.6070648,1.6491847,6813,38531,45344
MCF7,2,A133,7,1,80,6,0.10217539221048355,0.0026703549083322287,0.10473967343568802,0.0024687903933227062,0.09043999016284943,0.000474829925224185,0.17455649375915527,0.0033170138485729694,0.10766451060771942,0.11822348833084106,0.10469288378953934,0.003105460200458765,0.46948927640914917,0,0.14687863,0.17789686,1.604443073272705,1.2813737,1.3384376,6825,31815,38640
MCF7,2,A133,7,1,80,7,0.10101821273565292,0.002016668440774083,0.10269590467214584,0.001877867616713047,0.09779315441846848,0.0005000196979381144,0.17705748975276947,0.02080019749701023,0.11526944488286972,0.12598241865634918,0.10106731951236725,0.002039610641077161,0.48051464557647705,0,0.13342229,0.15859275,1.3244389295578003,0.99497277,0.9999163,1070,70242,71312
MCF7,2,A133,7,1,80,8,0.12633967399597168,0.0013391239335760474,0.1263675093650818,0.0013359012082219124,0.1331714689731598,0.00037360304850153625,0.19406758248806,0.07603845745325089,0.14867985248565674,0.1579376608133316,0.12564703822135925,0.0014317997265607119,0.33955317735671997,0,0.15504682,0.17528184,1.4118165969848633,1.1878972,1.2085091,2925,28851,31776
MCF7,2,A133,8,1,80,2,0.09454874694347382,0.0008951532654464245,0.09469309449195862,0.0008828510763123631,0.10396908223628998,0.0002371520531596616,0.1625189632177353,0.05001560598611832,0.11612862348556519,0.12368471175432205,0.09107239544391632,0.0010931402212008834,0.22967584431171417,0,0.11697153,0.13419037,2.043891668319702,1.4114329,1.578391,5022,14002,19024
MCF7,2,A133,8,1,80,3,0.07734410464763641,0.00046587016549892724,0.07737193256616592,0.0004638847312889993,0.08285781741142273,0.00014851342712063342,0.1258416324853897,0.04109419137239456,0.0924578607082367,0.09830845892429352,0.07648277282714844,0.0005099555710330606,0.19765041768550873,0,0.09389178,0.10558049,1.479877233505249,1.080344,1.1343249,3381,21643,25024
MCF7,2,A133,8,1,80,4,0.08263110369443893,0.0008694432326592505,0.08317197114229202,0.0008301498601213098,0.0870128646492958,0.00024261244107037783,0.16062898933887482,0.037157945334911346,0.09908292442560196,0.10709657520055771,0.08131825923919678,0.0010497765615582466,0.23485316336154938,0,0.106692426,0.12283815,1.5544636249542236,1.3235949,1.3768201,4467,14909,19376
MCF7,2,A133,8,1,80,5,0.08006426692008972,0.0005739215412177145,0.08017364889383316,0.0005659351591020823,0.08937180042266846,0.00017714904970489442,0.1352023035287857,0.0357326976954937,0.0999050959944725,0.10619160532951355,0.07866457104682922,0.0006186020327731967,0.20629356801509857,0,0.097966306,0.10983126,1.388517141342163,1.0951278,1.1334805,3449,22935,26384
MCF7,2,A133,8,1,80,6,0.1058104857802391,0.0012048541102558374,0.1059766337275505,0.0011891373433172703,0.09179655462503433,0.00038419777411036193,0.1588374823331833,0.020783647894859314,0.10765568912029266,0.11727435141801834,0.10646548122167587,0.0012336026411503553,0.3084229528903961,0,0.13434081,0.15113671,1.9559661149978638,2.4432712,2.421512,2079,44481,46560
MCF7,2,A133,8,1,80,7,0.0828830674290657,0.0005766162066720426,0.08292432874441147,0.0005734821315854788,0.0901821106672287,0.00021006067981943488,0.16776829957962036,0.04089091345667839,0.10130459815263748,0.10908520221710205,0.08231373131275177,0.0006007281481288373,0.268847793340683,0,0.10128923,0.114144884,1.3683923482894897,1.059977,1.0822932,2327,29833,32160
MCF7,2,A133,8,1,80,8,0.08276855945587158,0.000692236702889204,0.08286040276288986,0.0006853944505564868,0.10651417821645737,0.00011898767843376845,0.14220288395881653,0.07499391585588455,0.11521489918231964,0.12063290923833847,0.08260233700275421,0.0006922748289071023,0.22805297374725342,0,0.10320115,0.114985876,1.3380513191223145,0.87154585,0.8747889,439,62713,63152
MCF7,2,A133,8,1,80,10,0.11714710295200348,0.0031387745402753353,0.12050465494394302,0.002824133727699518,0.11613103747367859,0.0013865431537851691,0.21169395744800568,0,0.14574609696865082,0.1605004370212555,0.11722158640623093,0.0032671464141458273,0.4081904888153076,0,0.1620346,0.18915348,2.036006212234497,1.6624522,1.6879665,1613,22003,23616
MCF7,2,A133,8,1,80,11,0.10889570415019989,0.0020787029061466455,0.10969332605600357,0.0020064350683242083,0.11254487931728363,0.0005968423211015761,0.22873471677303314,0.023659057915210724,0.13184557855129242,0.14370012283325195,0.10782993584871292,0.0025064703077077866,0.4117017388343811,0,0.14735295,0.17404792,1.5181105136871338,1.2567139,1.3158005,5378,18414,23792
MCF7,2,A133,8,1,80,12,0.09996668249368668,0.0017276960425078869,0.10021375864744186,0.0017072046175599098,0.11702581495046616,0.00045568874338641763,0.20613431930541992,0.04550624638795853,0.13356968760490417,0.14467357099056244,0.09674966335296631,0.0019023423083126545,0.3188796639442444,0,0.13094036,0.15630037,1.4341273307800293,1.0437722,1.1057059,4247,22521,26768
MCF7,2,A133,9,1,80,1,0.1429697573184967,0.0029388952534645796,0.14388126134872437,0.0028264832217246294,0.13784973323345184,0.0005281969788484275,0.22072550654411316,0.05992238223552704,0.1562003344297409,0.16688881814479828,0.14323055744171143,0.0030602836050093174,0.4684380292892456,0,0.18437473,0.21537891,1.3296774625778198,1.0933921,1.1048443,1423,27937,29360
MCF7,2,A133,9,1,80,2,0.14927788078784943,0.0035401172935962677,0.1508856564760208,0.003335652407258749,0.13616639375686646,0.0007442224305123091,0.23381434381008148,0.02465442381799221,0.15784010291099548,0.17101426422595978,0.1515154242515564,0.003982911352068186,0.4570983350276947,0,0.19877502,0.23421441,1.3714098930358887,1.1357518,1.1701059,3557,20843,24400
MCF7,2,A133,9,1,80,3,0.14595478773117065,0.0016285429010167718,0.14598384499549866,0.0016246227314695716,0.13837407529354095,0.00046867341734468937,0.2441747784614563,0.0678999200463295,0.15518410503864288,0.16668659448623657,0.14746569097042084,0.0018459821585565805,0.41871771216392517,0,0.18075965,0.20411146,1.6955262422561646,1.4175943,1.4637835,4172,20932,25104
MCF7,2,A133,9,1,80,4,0.16703228652477264,0.0023623185697942972,0.16703936457633972,0.0023612400982528925,0.15619546175003052,0.000671081303153187,0.268093466758728,0.08359107375144958,0.1766662746667862,0.1892760545015335,0.16860197484493256,0.0025878138840198517,0.5270366668701172,0,0.20798223,0.23543596,1.9959913492202759,1.5162706,1.576965,2996,20684,23680
MCF7,2,A133,9,1,80,5,0.12755227088928223,0.005821116268634796,0.14543718099594116,0.00403620395809412,0.13358210027217865,0.0007870015106163919,0.2183087170124054,0.06381252408027649,0.15609970688819885,0.16974502801895142,0.12751010060310364,0.005856064613908529,0.5483875274658203,0,0.18525647,0.224134,1.342297911643982,1.0165819,1.0188439,233,33319,33552
MCF7,2,A133,9,1,80,6,0.1271839141845703,0.00387691892683506,0.12911854684352875,0.0036860976833850145,0.10432455688714981,0.0005161660956218839,0.17831063270568848,0.03939659148454666,0.12266606837511063,0.1338045448064804,0.12887902557849884,0.004084509797394276,0.4747318923473358,0,0.17735086,0.21367049,1.6533039808273315,1.2476491,1.2756534,1479,19945,21424
MCF7,2,A133,0,2,40,1,0.08661425113677979,0.0023932261392474174,0.09374669939279556,0.0019216581713408232,0.09958351403474808,0.0004223075811751187,0.18858914077281952,0.019805099815130234,0.1158187985420227,0.12571078538894653,0.08413365483283997,0.0027318738866597414,0.46462857723236084,0,0.12420091,0.15006651,1.9232734441757202,1.5697854,1.6265409,8665,45303,53968
MCF7,2,A133,0,2,40,5,0.09967231005430222,0.001277082017622888,0.09990499168634415,0.0012568181846290827,0.09556923806667328,0.0005031205946579576,0.17368964850902557,0.019103528931736946,0.11338456720113754,0.12363111227750778,0.10048370063304901,0.0014261439209803939,0.3448205292224884,0,0.13028274,0.14978269,1.7080594301223755,1.4494897,1.490822,3775,19841,23616
MCF7,2,A133,0,2,40,6,0.10045526921749115,0.0013823251938447356,0.10076185315847397,0.001355653745122254,0.09512576460838318,0.0006204384262673557,0.19921910762786865,0.02022715099155903,0.11498351395130157,0.1273232400417328,0.10165292769670486,0.0015457188710570335,0.3035702705383301,0,0.13255931,0.15264136,1.8293983936309814,1.5058528,1.565219,5669,25227,30896
MCF7,2,A133,1,2,40,1,0.15399512648582458,0.0014751740964129567,0.15399512648582458,0.0014751740964129567,0.14308041334152222,0.000296689075184986,0.2194189578294754,0.07443951070308685,0.15670891106128693,0.16536374390125275,0.15648940205574036,0.0017110398039221764,0.3508438766002655,0.03659699112176895,0.18945585,0.21383369,1.7569226026535034,1.9306829,1.8983608,7890,34526,42416
MCF7,2,A133,1,2,40,2,0.1608400046825409,0.001047156867571175,0.1608400046825409,0.001047156867571175,0.16747915744781494,0.0004735210968647152,0.25003984570503235,0.0953434407711029,0.18461641669273376,0.19544868171215057,0.15984833240509033,0.0011252729455009103,0.3724353611469269,0.04572156444191933,0.18607979,0.20335764,1.9365423917770386,1.5858055,1.6313865,2805,18779,21584
MCF7,2,A133,1,2,40,3,0.17293791472911835,0.00688079372048378,0.1830522119998932,0.005431773141026497,0.14800342917442322,0.0009114652057178319,0.26602432131767273,0.009258776903152466,0.1718568652868271,0.18631121516227722,0.17616930603981018,0.007563377730548382,0.5309197306632996,0,0.24361004,0.28691527,1.525166630744934,1.2264569,1.260727,5573,43003,48576
MCF7,2,A133,1,2,40,4,0.18538224697113037,0.0045343912206590176,0.18751564621925354,0.0041865273378789425,0.16141223907470703,0.0007485756068490446,0.26672354340553284,0.05622236803174019,0.18299542367458344,0.19620449841022491,0.1892668604850769,0.0050397226586937904,0.5362035632133484,0,0.24304852,0.28262153,1.5885194540023804,1.3397995,1.3744863,6558,40466,47024
MCF7,2,A133,1,2,40,5,0.1589343547821045,0.00498491944745183,0.16156214475631714,0.004642791580408812,0.13626126945018768,0.0010177320800721645,0.2701933979988098,0.04739909991621971,0.16118158400058746,0.17829860746860504,0.16028311848640442,0.005188516341149807,0.5811388492584229,0,0.21541587,0.25597516,1.3762638568878174,1.1362247,1.1497023,1909,32091,34000
MCF7,2,A133,1,2,40,6,0.13656404614448547,0.0019995453767478466,0.1367107331752777,0.0019816395360976458,0.1253298670053482,0.00041615994996391237,0.22987787425518036,0.028171267360448837,0.14106149971485138,0.15086603164672852,0.13917484879493713,0.0023313728161156178,0.48877251148223877,0,0.17593284,0.20226301,1.4853103160858154,1.2959177,1.3316319,12654,54450,67104
MCF7,2,A133,10,2,40,2,0.057935506105422974,0.0005794133758172393,0.058223042637109756,0.000565547845326364,0.06869644671678543,0.0002014420460909605,0.12116978317499161,0.01718907430768013,0.08001487702131271,0.08683495223522186,0.05683835595846176,0.0006049399962648749,0.24161580204963684,0,0.07564306,0.08907166,1.3495877981185913,1.04141,1.0699238,2829,27747,30576
MCF7,2,A133,10,2,40,3,0.177185520529747,0.0012524870689958334,0.177185520529747,0.0012524870689958334,0.19509689509868622,0.0003220292564947158,0.24919046461582184,0.13471108675003052,0.20934990048408508,0.21765868365764618,0.17679044604301453,0.0012657780898734927,0.3800177574157715,0.021385321393609047,0.20444319,0.2204906,2.4642744064331055,2.1220539,2.129439,981,44475,45456
MCF7,2,A133,10,2,40,4,0.06863166391849518,0.0007274786476045847,0.0687958225607872,0.00071792455855757,0.06909175962209702,0.0004217803943902254,0.18677926063537598,0.007462442386895418,0.08566676825284958,0.09618973731994629,0.06858935207128525,0.0007555654156021774,0.1989014744758606,0,0.09099854,0.10442528,1.8554898500442505,1.7689894,1.7762733,2964,32236,35200
MCF7,2,A133,10,2,40,5,0.05304054543375969,0.0004973885952495039,0.053527284413576126,0.0004758989962283522,0.06100994721055031,0.00016769915237091482,0.1093248724937439,0.0036603244952857494,0.07061757147312164,0.0763765275478363,0.052077315747737885,0.0005286326049827039,0.14619359374046326,0,0.07015722,0.081702396,1.492620587348938,1.1031073,1.1451097,4020,33260,37280
MCF7,2,A133,11,2,40,1,0.04230133816599846,0.0016866408986970782,0.05654817819595337,0.0014490584144368768,0.04986831918358803,0.0005260482430458069,0.13379822671413422,0,0.06829401105642319,0.07940667122602463,0.04072170332074165,0.0019144703401252627,0.3339449465274811,0,0.074809596,0.10185779,1.5045850276947021,1.134487,1.1984036,6582,31530,38112
MCF7,2,A133,11,2,40,2,0.054133057594299316,0.0006692181923426688,0.05515511706471443,0.0006254817126318812,0.055444419384002686,0.00017511729674879462,0.13572300970554352,0,0.06564528495073318,0.07203973829746246,0.053856704384088516,0.000772905012127012,0.24035193026065826,0,0.07502693,0.09048064,1.5638501644134521,1.2301943,1.2882694,10708,50812,61520
MCF7,2,A133,11,2,40,3,0.07324276119470596,0.0012396496022120118,0.07448478043079376,0.0011681595351547003,0.07682302594184875,0.00024432549253106117,0.13302472233772278,0.012558565475046635,0.08923982083797455,0.0964541882276535,0.07244444638490677,0.0014580872375518084,0.3260192573070526,0,0.10222719,0.12249998,1.38323175907135,1.1312361,1.1771805,4472,20056,24528
MCF7,2,A133,11,2,40,4,0.06214922294020653,0.001184380380436778,0.06466314196586609,0.0010697301477193832,0.06359652429819107,0.000347382971085608,0.13275323808193207,0,0.078237384557724,0.08683706074953079,0.06191246211528778,0.001320904353633523,0.2635958790779114,0,0.09094022,0.1094553,1.3443480730056763,1.05894,1.0990654,2940,17972,20912
MCF7,2,A133,11,2,40,5,0.05576397478580475,0.0019129366846755147,0.06474312394857407,0.0016396205173805356,0.055822789669036865,0.0003985845251008868,0.13015615940093994,0,0.07168519496917725,0.08120191842317581,0.05574837699532509,0.0023144849110394716,0.34086886048316956,0,0.09368405,0.121473484,1.8125187158584595,1.3722043,1.464489,3843,14493,18336
MCF7,2,A133,11,2,40,6,0.04902701452374458,0.0013878669124096632,0.05499333143234253,0.0012286549899727106,0.04304888844490051,0.0005043891142122447,0.10603376477956772,0,0.061224207282066345,0.0733160600066185,0.049275513738393784,0.0014230444794520736,0.31291815638542175,0,0.07852283,0.10058321,1.2805774211883545,1.0138053,1.0244521,689,16575,17264
MCF7,2,A133,11,2,40,7,0.05460572987794876,0.0011505529982969165,0.05776442587375641,0.0010346468770876527,0.05909686163067818,0.00033186457585543394,0.11831217259168625,0,0.0737195834517479,0.08233053982257843,0.05397499352693558,0.0012622999493032694,0.36921244859695435,0,0.081480406,0.101060696,1.4128962755203247,1.0986786,1.1373733,3056,21760,24816
MCF7,2,A133,12,2,40,1,0.07757433503866196,0.0010603213449940085,0.07861005514860153,0.0009930599480867386,0.09460444748401642,0.00040544310468249023,0.2389977127313614,0.01497946958988905,0.11019086092710495,0.11957953870296478,0.07503318041563034,0.0011083057615906,0.2703186571598053,0,0.101330124,0.117513485,1.9665191173553467,1.5390928,1.5945903,8958,60034,68992
MCF7,2,A133,12,2,40,4,0.04995986446738243,0.001937472727149725,0.06255247443914413,0.0016381226014345884,0.040360115468502045,0.0005107852630317211,0.15066029131412506,0,0.05842921510338783,0.06970710307359695,0.050516802817583084,0.0020145864691585302,0.4172319173812866,0,0.08650206,0.111399956,1.6767956018447876,1.8374841,1.8286728,2239,38593,40832
MCF7,2,A133,12,2,40,5,0.09813845902681351,0.0006800905684940517,0.09814821928739548,0.0006792000494897366,0.09981030970811844,0.0005553238443098962,0.19308555126190186,0,0.11709601432085037,0.1265106350183487,0.09754115343093872,0.0007233111537061632,0.2128513604402542,0.002621823688969016,0.11920339,0.13131908,1.983642339706421,1.8286543,1.869174,7885,22275,30160
MCF7,2,A133,12,2,40,6,0.11450408399105072,0.0010444691870361567,0.11450408399105072,0.0010444691870361567,0.1115531325340271,0.0008069647592492402,0.23440897464752197,0.011777529492974281,0.13305634260177612,0.14417849481105804,0.11504481732845306,0.0010861012851819396,0.273525208234787,0.007962586358189583,0.14116776,0.1567195,2.240224838256836,2.1709795,2.1817029,5746,31358,37104
MCF7,2,A133,12,2,40,7,0.046368204057216644,0.0005884941201657057,0.04797367379069328,0.000531849917024374,0.06171082332730293,0.000268577627139166,0.09338606148958206,0.006934487726539373,0.07500968873500824,0.08153893798589706,0.04633655771613121,0.000588667462579906,0.17445513606071472,0,0.06548002,0.077839896,1.2521119117736816,1.0774289,1.0777886,85,41211,41296
MCF7,2,A133,13,2,40,2,0.08185068517923355,0.0011064705904573202,0.08232683688402176,0.0010737067786976695,0.06427134573459625,0.0002508998441044241,0.12548691034317017,0,0.07652550935745239,0.08366139978170395,0.08274400234222412,0.0011334456503391266,0.40709689259529114,0,0.10853365,0.12511037,1.6760430335998535,2.2758424,2.2477076,1841,37407,39248
MCF7,2,A133,13,2,40,3,0.09694784879684448,0.0022930095437914133,0.09720655530691147,0.0022739809937775135,0.05961122363805771,0.0003669872530736029,0.1686726063489914,0,0.07408987730741501,0.08441272377967834,0.10105561465024948,0.002334665972739458,0.5135204195976257,0,0.1389066,0.16509038,1.4571750164031982,2.3600178,2.2705328,3538,32158,35696
MCF7,2,A133,13,2,40,4,0.06612864881753922,0.0009924386395141482,0.0674063041806221,0.000925491563975811,0.056219302117824554,0.0005642094183713198,0.14217990636825562,0,0.07540155202150345,0.08714853972196579,0.06717564910650253,0.0010262129362672567,0.23318974673748016,0,0.09247531,0.108382165,1.8514612913131714,1.8411344,1.8421212,3272,30968,34240
MCF7,2,A133,13,2,40,5,0.08803373575210571,0.0012444558087736368,0.08845241367816925,0.0012133417185395956,0.08807568997144699,0.0003980750625487417,0.1638687700033188,0.00473121739923954,0.1039126068353653,0.11285373568534851,0.08802693337202072,0.0013817889848724008,0.34539783000946045,0,0.11716862,0.13650665,1.3326661586761475,1.1934826,1.2129136,2743,16905,19648
MCF7,2,A133,13,2,40,6,0.07847679406404495,0.0012570623075589538,0.07926998287439346,0.001206891844049096,0.08353758603334427,0.0007309066131711006,0.16605107486248016,0,0.10515735298395157,0.11683020740747452,0.07756250351667404,0.0013466555392369628,0.26558902859687805,0,0.10667164,0.12510073,1.8242095708847046,1.3413842,1.4152647,2982,16506,19488
MCF7,2,A133,13,2,40,7,0.08123891055583954,0.0016486486420035362,0.0836985781788826,0.0014926939038559794,0.07228432595729828,0.0005001147510483861,0.1520746350288391,0,0.0899774357676506,0.10123371332883835,0.0818374752998352,0.0017197037814185023,0.5074271559715271,0,0.11436398,0.13413076,1.9659003019332886,1.835476,1.8436478,2405,35979,38384
MCF7,2,A133,14,2,40,1,0.07604793459177017,0.00048613871331326663,0.07608284056186676,0.0004837065062019974,0.08528534322977066,0.00021359055244829506,0.12399416416883469,0.052547335624694824,0.09702730923891068,0.10453923046588898,0.07596061378717422,0.0004879010666627437,0.19571219384670258,0,0.09340819,0.10370689,1.2988817691802979,1.0729395,1.0750556,245,25915,26160
MCF7,2,A133,14,2,40,2,0.09505181759595871,0.00047781431931070983,0.09505181759595871,0.00047781431931070983,0.10765744745731354,0.00018442519649397582,0.15569379925727844,0.05794031545519829,0.11851576715707779,0.12488492578268051,0.0924399346113205,0.0004988581058569252,0.19352267682552338,0.00711473124101758,0.11011445,0.120552674,1.6071118116378784,1.3835291,1.4219038,5572,26892,32464
MCF7,2,A133,14,2,40,3,0.050127945840358734,0.00030289043206721544,0.05048013851046562,0.0002872399927582592,0.05528733506798744,0.00010367239156039432,0.08473199605941772,0.029452158138155937,0.0635112076997757,0.06824545562267303,0.049872640520334244,0.00031136616598814726,0.1428753137588501,0,0.06352004,0.071935736,1.2512238025665283,0.9959388,0.99630976,25,17175,17200
MCF7,2,A133,14,2,40,5,0.08989336341619492,0.0015077661955729127,0.09056421369314194,0.0014582636067643762,0.08463507145643234,0.0007016893359832466,0.18101632595062256,0,0.10570874810218811,0.11857907474040985,0.0914972648024559,0.0017426321282982826,0.3120977580547333,0,0.12446528,0.14557879,1.5852882862091064,1.3309126,1.3903679,3534,11586,15120
MCF7,2,A133,14,2,40,6,0.08203940093517303,0.0011847029672935605,0.08257615566253662,0.0011481313267722726,0.07764929533004761,0.00045619605225510895,0.16340605914592743,0.0004838365421164781,0.09461352974176407,0.1047409400343895,0.08341842889785767,0.0014055841602385044,0.3821720480918884,0,0.11288913,0.1323446,1.6706600189208984,1.2967952,1.3861614,7171,22829,30000
MCF7,2,A133,14,2,40,7,0.08219756931066513,0.0017131302738562226,0.08353092521429062,0.0016295436071231961,0.07358837127685547,0.0006355029181577265,0.22506089508533478,0,0.09322534501552582,0.10650768131017685,0.08299274742603302,0.0018051861552521586,0.37973737716674805,0,0.11690108,0.138447,1.6702823638916016,1.74058,1.7346362,4386,47486,51872
MCF7,2,A133,14,2,40,8,0.0714767798781395,0.0016466643428429961,0.07391813397407532,0.0015224473318085074,0.06308233737945557,0.0005767084076069295,0.16163690388202667,0,0.08219656348228455,0.09398326277732849,0.07402645796537399,0.00194374262355268,0.34293076395988464,0,0.108577624,0.1322352,1.6074185371398926,1.382492,1.4348936,5897,19415,25312
MCF7,2,A133,14,2,40,9,0.07399995625019073,0.0009548215311951935,0.07445863634347916,0.0009265873814001679,0.07443510740995407,0.0003490785602480173,0.15311723947525024,0.0008912690100260079,0.08894078433513641,0.09805771708488464,0.0739225298166275,0.001062561059370637,0.2643473148345947,0,0.09943278,0.1165248,1.5311682224273682,1.328417,1.359043,3531,19845,23376
MCF7,2,A133,15,2,40,1,0.058789435774087906,0.00029821653151884675,0.05889422819018364,0.000292575714411214,0.06447010487318039,7.539973012171686e-05,0.10473869740962982,0.030165668576955795,0.0712808296084404,0.075383260846138,0.05776839703321457,0.0003314224595669657,0.17409813404083252,0,0.07185456,0.080278486,1.330216407775879,1.2421062,1.2555301,11301,62875,74176
MCF7,2,A133,15,2,40,3,0.05198121443390846,0.000612374919001013,0.0529211200773716,0.0005737071041949093,0.06858851760625839,0.0011715664295479655,0.15245847404003143,0.015219603665173054,0.09650462120771408,0.12006085366010666,0.05195536091923714,0.0006110743270255625,0.17644482851028442,0,0.07126383,0.08387945,1.6577081680297852,0.8244963,0.8257914,101,64875,64976
MCF7,2,A133,15,2,40,4,0.07601113617420197,0.0008718636236153543,0.07643038779497147,0.0008446294814348221,0.08112580329179764,0.00037997786421328783,0.1760353147983551,0.001684041228145361,0.09630881994962692,0.10497025400400162,0.07518205046653748,0.0009466696646995842,0.21539334952831268,0,0.09997007,0.11473637,2.040283203,1.8828667,1.9048244,4323,26669,30992
MCF7,2,A133,2,2,40,1,0.05246000736951828,0.0011060124961659312,0.05585581064224243,0.0009879308054223657,0.05798865854740143,0.0002272818674100563,0.12320781499147415,0.0034674147609621286,0.06995172053575516,0.07723655551671982,0.05126281827688217,0.00128824426792562,0.3506838083267212,0,0.0781629,0.09889893,1.5278730392456055,1.0401273,1.1269456,4178,19294,23472
MCF7,2,A133,2,2,40,2,0.04633333161473274,0.000760642986278981,0.04834142327308655,0.0006965352804400027,0.07112883031368256,0.00029068204457871616,0.109169140458107,0.05406989902257919,0.08346520364284515,0.09904588758945465,0.046327780932188034,0.0007606104481965303,0.24882562458515167,0,0.06745213,0.08277165,1.2532023191452026,0.74655116,0.7466647,10,44646,44656
MCF7,2,A133,2,2,40,6,0.046349361538887024,0.001983088906854391,0.058221954852342606,0.0017998204566538334,0.04167965054512024,0.0005736417951993644,0.1398307979106903,0,0.06101016700267792,0.07305607199668884,0.04730931669473648,0.0022674265783280134,0.3886481821537018,0,0.0840967,0.113644905,1.3898574113845825,1.0384635,1.0983824,5151,25057,30208
MCF7,2,A133,2,2,40,7,0.04938679561018944,0.002179529285058379,0.05994955450296402,0.002012450248003006,0.042819682508707047,0.0004577793297357857,0.12556840479373932,0,0.06008373945951462,0.07031608372926712,0.05046448856592178,0.002453836612403393,0.4189665615558624,0,0.087598376,0.118814394,1.2455812692642212,1.0385535,1.0677382,3778,23022,26800
MCF7,2,A133,3,2,40,1,0.05943545699119568,0.0003888540668413043,0.05944950878620148,0.00038811066769994795,0.0695442408323288,0.00011806612019427121,0.11618570238351822,0.03027503564953804,0.07793634384870529,0.08353643864393234,0.05908365920186043,0.00039459773688577116,0.1635945588350296,0,0.07435343,0.0840624,1.4778878688812256,1.1990174,1.208396,996,28620,29616
MCF7,2,A133,3,2,40,2,0.08209320157766342,0.00032817458850331604,0.08209320157766342,0.00032817458850331604,0.10163556784391403,0.00022207554138731211,0.14033065736293793,0.05616949871182442,0.11357761174440384,0.12165352702140808,0.0817946270108223,0.0003238714416511357,0.1557895988225937,0.01178011018782854,0.09635525,0.10438271,1.4015686511993408,1.1212454,1.125464,653,42739,43392
MCF7,2,A133,3,2,40,4,0.05053634196519852,0.0005071984487585723,0.051125407218933105,0.00048299392801709473,0.055507842451334,8.069450268521905e-05,0.07531657814979553,0.03329911082983017,0.062470849603414536,0.06632153689861298,0.05052829161286354,0.0005078485701233149,0.17473924160003662,0,0.067902125,0.079989694,1.2460296154022217,0.7961284,0.7968554,38,23482,23520
MCF7,2,A133,3,2,40,6,0.07339244335889816,0.00044665299355983734,0.07339540123939514,0.00044645369052886963,0.06309891492128372,0.00027286249678581953,0.11519493907690048,0.012376207858324051,0.07670809328556061,0.08503460139036179,0.07413043081760406,0.00045097165275365114,0.24874410033226013,0,0.09041706,0.10109463,1.8459045886993408,2.377998,2.342402,3316,46252,49568
MCF7,2,A133,4,2,40,1,0.09628640115261078,0.0006494494155049324,0.09641648828983307,0.0006377841928042471,0.09586427360773087,0.00016360449080821127,0.16597239673137665,0.059958428144454956,0.10560444742441177,0.1124538704752922,0.09631118178367615,0.0006779712857678533,0.2897181808948517,0,0.11552431,0.12801227,1.5593293905258179,1.5252836,1.5271721,2549,43403,45952
MCF7,2,A133,4,2,40,2,0.11491913348436356,0.0018270934233441949,0.11555764079093933,0.0017634606920182705,0.11268991231918335,0.0005640507442876697,0.19657424092292786,0.031187238171696663,0.13169610500335693,0.1432020515203476,0.11573848873376846,0.002288827672600746,0.43779996037483215,0,0.15296765,0.17718068,1.4071660041809082,1.2489678,1.291486,5156,14028,19184
MCF7,2,A133,4,2,40,3,0.10581333935260773,0.0013176521752029657,0.10610964894294739,0.0012899009743705392,0.10574106872081757,0.00037465576315298676,0.1672988086938858,0.039397671818733215,0.12113556265830994,0.12928172945976257,0.10582634806632996,0.0014873618492856622,0.3845076560974121,0,0.13584936,0.1556318,2.097020149230957,1.5862832,1.6641811,4151,23065,27216
MCF7,2,A133,4,2,40,4,0.1268317848443985,0.0015381277771666646,0.12689046561717987,0.0015313923358917236,0.11130551993846893,0.0005456606741063297,0.18294589221477509,0.04412960633635521,0.1301649808883667,0.14187748730182648,0.12790165841579437,0.0015887608751654625,0.37513330578804016,0,0.15914695,0.17915863,2.191678524017334,1.9292575,1.9461747,1115,16181,17296
MCF7,2,A133,4,2,40,6,0.11777204275131226,0.0023706192150712013,0.1182660460472107,0.0023221387527883053,0.11054957658052444,0.000797641056124121,0.18589341640472412,0.021594131365418434,0.13392825424671173,0.14350886642932892,0.11832836270332336,0.002487452933564782,0.3997286260128021,0,0.15757088,0.18258533,1.924795150756836,1.6894791,1.7063085,1832,23784,25616
MCF7,2,A133,4,2,40,7,0.0960332378745079,0.001977381994947791,0.09751846641302109,0.0018631271086633205,0.09232320636510849,0.0007484352099709213,0.1881045252084732,0,0.11421360075473785,0.12685440480709076,0.09734700620174408,0.0024059636052697897,0.3722997009754181,0,0.13617371,0.16083424,1.5924819707870483,1.529165,1.532515,469,8395,8864
MCF7,2,A133,4,2,40,9,0.11529010534286499,0.0024267227854579687,0.11682604253292084,0.002279614331200719,0.09756261855363846,0.0007199776009656489,0.18367494642734528,0.004526957869529724,0.11901460587978363,0.13248741626739502,0.11834381520748138,0.002657263772562146,0.42480024695396423,0,0.1571684,0.18333924,1.8786588907241821,1.8444765,1.8494993,1453,8435,9888
MCF7,2,A133,5,2,40,1,0.0539853498339653,0.0010391614632681012,0.056333474814891815,0.0009520822786726058,0.060714904218912125,0.0002786873374134302,0.1256164163351059,0,0.07377082109451294,0.08129745721817017,0.05282573029398918,0.001161055639386177,0.30413153767585754,0,0.079041235,0.098323636,1.6411091089248657,1.0195475,1.1109098,6150,35690,41840
MCF7,2,A133,5,2,40,2,0.05415229871869087,0.0012858883710578084,0.05646459758281708,0.0012102326145395637,0.06526635587215424,0.00025446797371841967,0.12282887101173401,0.018913032487034798,0.07798557728528976,0.08579256385564804,0.0533626414835453,0.0013497713953256607,0.3043263554573059,0,0.08073502,0.10323267,1.5259605646133423,0.8695123,0.9130592,3060,43068,46128
MCF7,2,A133,5,2,40,3,0.0908828154206276,0.003296673996374011,0.09805306792259216,0.0028537025209516287,0.08260129392147064,0.0008200217853300273,0.19684924185276031,0,0.10544250160455704,0.11930376291275024,0.09334138035774231,0.004005517344921827,0.47483986616134644,0,0.14273876,0.17721833,1.469461441040039,1.1899967,1.2539699,9651,32509,42160
MCF7,2,A133,5,2,40,4,0.0640420988202095,0.0009131952538155019,0.06539439409971237,0.0008440450765192509,0.06659281253814697,0.000352405448211357,0.13007713854312897,0.006657659541815519,0.08158428966999054,0.0901448056101799,0.06320666521787643,0.0010940420906990767,0.24872012436389923,0,0.08919224,0.10630967,1.4969074726104736,1.2947974,1.3381808,5107,18685,23792
MCF7,2,A133,5,2,40,5,0.06520526856184006,0.0010446903761476278,0.06638564169406891,0.000985241960734129,0.058411791920661926,0.00023633740784134716,0.11005086451768875,0.0004773866094183177,0.0705302357673645,0.07759880274534225,0.0671321302652359,0.0012571633560582995,0.2829127907752991,0,0.09447549,0.11345339,1.4544367790222168,1.1884701,1.2472385,4946,17438,22384
MCF7,2,A133,6,2,40,1,0.1445002406835556,0.0058259377256035805,0.1493597775697708,0.005296045448631048,0.11374693363904953,0.0007087993435561657,0.1867278665304184,0.03247423470020294,0.13481493294239044,0.14735151827335358,0.14489403367042542,0.005879195407032967,0.49612200260162354,0,0.20492636,0.24656533,1.835129737854004,2.3959696,2.3888793,354,27646,28000
MCF7,2,A133,6,2,40,2,0.06343743205070496,0.0029253289103507996,0.07950437813997269,0.0023888414725661278,0.06878738105297089,0.0010752223897725344,0.1583196371793747,0,0.0956733450293541,0.11117371171712875,0.06336073577404022,0.0029514350462704897,0.34172505140304565,0,0.10669549,0.1371478,1.18894624710083,0.98955363,0.9923715,341,23787,24128
MCF7,2,A133,6,2,40,3,0.06957214325666428,0.001570877735503018,0.07225501537322998,0.0014376036124303937,0.06458614766597748,0.0006715995841659606,0.15876509249210358,0,0.08538748323917389,0.09799199551343918,0.07058672606945038,0.0017477802466601133,0.40074601769447327,0,0.1035179,0.12556657,1.6075596809387207,1.3422599,1.3871169,3479,17097,20576
MCF7,2,A133,6,2,40,5,0.09155139327049255,0.001528831315226853,0.0923922136425972,0.0014651863602921367,0.08556042611598969,0.0007749247015453875,0.18382257223129272,0,0.10792648047208786,0.12109845131635666,0.09374144673347473,0.0017865120898932219,0.32010015845298767,0,0.12712659,0.14839323,1.388022541999817,1.2405871,1.2800554,8001,21887,29888
MCF7,2,A133,6,2,40,7,0.07836710661649704,0.0012313498882576823,0.07922807335853577,0.0011766654206439853,0.07601845264434814,0.00030476535903289914,0.14181429147720337,0.0007836369331926107,0.0894952267408371,0.09702849388122559,0.07876862585544586,0.0013886509696021676,0.31192946434020996,0,0.10781887,0.12760064,1.9841643571853638,1.5893818,1.6470189,4756,27820,32576
MCF7,2,A133,7,2,40,1,0.1305057853460312,0.005525872111320496,0.1416197419166565,0.004422503523528576,0.08710192888975143,0.000602807616814971,0.1493011713027954,0.04827835038304329,0.10609559714794159,0.1230182871222496,0.13055174052715302,0.005529086571186781,0.4229589104652405,0,0.18981852,0.22466695,1.9492473602294922,2.4398122,2.4392936,18,17006,17024
MCF7,2,A133,7,2,40,2,0.0738203376531601,0.0011409725993871689,0.07535719126462936,0.001048913225531578,0.07715748250484467,0.0003486067580524832,0.14110487699508667,0.002475279849022627,0.09201816469430923,0.10092219710350037,0.07324539124965668,0.0012752374168485403,0.27665722370147705,0,0.10097598,0.11898516,1.623696208000183,1.3192599,1.3640018,3459,20077,23536
MCF7,2,A133,7,2,40,5,0.07404802739620209,0.00099011673592031,0.07470715790987015,0.0009496884304098785,0.07078389078378677,0.00037677501677535474,0.13070406019687653,0,0.0863075703382492,0.09517692774534225,0.07488226145505905,0.0011434523621574044,0.36142656207084656,0,0.10113407,0.11851951,1.4764158725738525,1.3764493,1.3862879,1729,15839,17568
MCF7,2,A133,7,2,40,6,0.09057921916246414,0.0015828500036150217,0.09138447046279907,0.001523332903161645,0.07542962580919266,0.00039939259295351803,0.17106881737709045,0.008636677637696266,0.09106145799160004,0.10087686777114868,0.0923142284154892,0.0016890910919755697,0.43740278482437134,0,0.124114044,0.14573723,1.9231067895889282,2.2078424,2.1785839,2892,25252,28144
MCF7,2,A133,7,2,40,7,0.06231805309653282,0.0017998197581619024,0.06518656760454178,0.0016956772888079286,0.04671693965792656,0.00022709916811436415,0.09102202951908112,0.00676302146166563,0.05884673073887825,0.06647226214408875,0.062453094869852066,0.0018113079713657498,0.46643319725990295,0,0.09438864,0.120108195,1.3345983028411865,1.2329834,1.2338554,219,25301,25520
MCF7,2,A133,7,2,40,8,0.06619995087385178,0.0017031334573403,0.06989225000143051,0.0015400624834001064,0.07204670459032059,0.00046431703958660364,0.21465276181697845,0,0.08851423859596252,0.09960942715406418,0.06561653316020966,0.0018229966517537832,0.41171565651893616,0,0.09825392,0.122789726,1.3733699321746826,1.0194896,1.0515977,5094,51050,56144
MCF7,2,A133,7,2,40,9,0.06735549867153168,0.0011816616170108318,0.06937584280967712,0.0010769425425678492,0.06355924159288406,0.00045796227641403675,0.1424446851015091,0,0.08038603514432907,0.09088616073131561,0.06853218376636505,0.0014001278905197978,0.388235479593277,0,0.098167665,0.11699025,1.5763810873031616,1.3401436,1.3960414,7727,24929,32656
MCF7,2,A133,7,2,40,10,0.06569911539554596,0.0012137868907302618,0.06765502691268921,0.0011175947729498148,0.06216952204704285,0.0004183327837381512,0.14566154778003693,0,0.07705282419919968,0.08635883778333664,0.06660372018814087,0.001413645688444376,0.2534148395061493,0,0.09632413,0.11687321,1.8972597122192383,1.7000409,1.740275,7106,27726,34832
MCF7,2,A133,7,2,40,11,0.08654659986495972,0.002980508841574192,0.09217816591262817,0.002655342686921358,0.06457118690013885,0.0002103853039443493,0.08738186210393906,0.027691518887877464,0.07625816762447357,0.08164890855550766,0.08669010549783707,0.0029954244382679462,0.3362962007522583,0,0.12856267,0.1594258,,2.850798,2.850798,0,9248,9248
MCF7,2,A133,8,2,40,1,0.054747022688388824,0.000465371209429577,0.05520755425095558,0.000443861325038597,0.05895475298166275,0.00010128440771950409,0.10041709244251251,0.02602716162800789,0.06693623214960098,0.07180438935756683,0.05424545332789421,0.0005064091528765857,0.21506264805793762,0,0.07115746,0.082756475,1.3048433065414429,1.0780193,1.1021775,6767,56769,63536
MCF7,2,A133,8,2,40,2,0.08339490741491318,0.0019766774494200945,0.08661343902349472,0.0017741966294124722,0.08974409103393555,0.0006846938049420714,0.19655029475688934,0.0008721043122932315,0.11062677949666977,0.1234762966632843,0.08140432834625244,0.0023651323281228542,0.43285417556762695,0,0.1190302,0.14493132,1.5995944738388062,1.183183,1.2825736,13752,43864,57616
MCF7,2,A133,8,2,40,3,0.0688103660941124,0.0018748535076156259,0.07368744909763336,0.001648357487283647,0.06895597279071808,0.0006015061517246068,0.16179731488227844,0,0.08846012502908707,0.10034879297018051,0.06876638531684875,0.0022594211623072624,0.42942312359809875,0,0.106207676,0.13153179,1.7947627305984497,1.4426452,1.5243231,11201,37087,48288
MCF7,2,A133,9,2,40,1,0.0662599429488182,0.0005188973154872656,0.06636954843997955,0.0005124806193634868,0.07524625211954117,0.0001291071530431509,0.11850527673959732,0.038095176219940186,0.08425507694482803,0.08995319902896881,0.06517298519611359,0.0005550958449020982,0.18535879254341125,0,0.083419755,0.09566006,1.372897744178772,0.99366266,1.0345838,3724,30788,34512
MCF7,2,A133,9,2,40,2,0.07948698103427887,0.0012652992736548185,0.0803520604968071,0.001209559035487473,0.08920266479253769,0.0007353718392550945,0.1891326755285263,0.0011232488323003054,0.11085858196020126,0.1235344260931015,0.07766738533973694,0.001343557029031217,0.2694275975227356,0,0.10685927,0.12538159,1.7831257581710815,1.3065448,1.3759564,3612,21188,24800
MCF7,2,A133,9,2,40,3,0.05824580788612366,0.00040548000833950937,0.058358367532491684,0.00039969466160982847,0.07355479151010513,0.00014141818974167109,0.11357852816581726,0.029581226408481598,0.08300169557332993,0.08877737075090408,0.0568397119641304,0.0004062304797116667,0.15638695657253265,0,0.072660945,0.08237056,1.5209670066833496,0.93620676,0.9853977,2704,29440,32144
MCF7,2,A133,9,2,40,5,0.04758947715163231,0.0006664349348284304,0.04917014762759209,0.0006108485977165401,0.048442427068948746,0.0002537950058467686,0.11322300136089325,0,0.061049409210681915,0.06874944269657135,0.047466546297073364,0.0007257862016558647,0.19358699023723602,0,0.0687593,0.08306301,1.2925100326538086,1.0386297,1.0706108,3511,24361,27872
MCF7,2,A133,9,2,40,7,0.05332847684621811,0.0009650815627537668,0.055062178522348404,0.0009009948116727173,0.04997939243912697,0.0002525579184293747,0.10226470232009888,0,0.0624728798866272,0.06992023438215256,0.053930144757032394,0.0010907105170190334,0.24101169407367706,0,0.07996111,0.098245665,1.2846534252166748,1.0744386,1.1064526,2578,14350,16928
MCF7,2,A133,9,2,40,8,0.0802760049700737,0.001003371668048203,0.08060809224843979,0.000980753917247057,0.08119905740022659,0.0005415573250502348,0.16664007306098938,0,0.0996917262673378,0.11059416085481644,0.07987172156572342,0.0012051061494275928,0.3170686960220337,0,0.10740725,0.124924034,1.5019006729125977,1.1882099,1.2837557,5619,12829,18448
MCF7,2,A133,9,2,40,9,0.063743956387043,0.001170008210465312,0.0654505267739296,0.0010896357707679272,0.06115403398871422,0.00046035577543079853,0.12691423296928406,0,0.07825971394777298,0.08907107263803482,0.06421859562397003,0.0012986066285520792,0.2349991649389267,0,0.09400346,0.1104682,1.3647476434707642,1.1276975,1.1644115,2768,15104,17872
MCF7,2,A133,9,2,40,10,0.08841605484485626,0.0017977223033085465,0.08865201473236084,0.0017816022736951709,0.09314223378896713,0.00025717690004967153,0.13091130554676056,0.03486061468720436,0.10542991757392883,0.11191059648990631,0.0882406160235405,0.0018540499731898308,0.2744407653808594,0,0.12333986,0.14617395,1.3164277076721191,1.0724947,1.0812259,780,21012,21792
MCF7,4,A133,0,1,80,1,0.08009739220142365,0.001641200273297727,0.08353977650403976,0.0014241586904972792,0.09162355214357376,0.0005006257561035454,0.17644374072551727,0.014094657264649868,0.10946375131607056,0.12015131860971451,0.07984791696071625,0.001662948401644826,0.39927834272384644,0,0.11017611,0.13098136,1.2518378496170044,1.0134182,1.018469,1366,63114,64480
MCF7,4,A133,0,1,80,2,0.09402822703123093,0.0018200231716036797,0.09577267616987228,0.0016867186641320586,0.1011141985654831,0.0007926591788418591,0.20057104527950287,0,0.12363685667514801,0.1372447907924652,0.09252491593360901,0.002025069436058402,0.39124512672424316,0,0.12770356,0.15035354,1.5372178554534912,1.1538041,1.2209098,6438,30346,36784
MCF7,4,A133,0,1,80,3,0.10486086457967758,0.001893029548227787,0.10589645057916641,0.001802059356123209,0.10751677304506302,0.0005266699590720236,0.18781375885009766,0.03542587533593178,0.12582902610301971,0.13682648539543152,0.10448844730854034,0.002083496656268835,0.3998776972293854,0,0.1396686,0.16370338,1.2937825918197632,1.1323761,1.1522256,2251,16053,18304
MCF7,4,A133,0,1,80,4,0.09612811356782913,0.0019452670821920037,0.0977301225066185,0.0018211209680885077,0.0991203784942627,0.0008798741037026048,0.24631144106388092,0.004479730036109686,0.12276327610015869,0.1374969482421875,0.09546850621700287,0.0021777155343443155,0.44772961735725403,0,0.13158393,0.15584058,1.582641363143921,1.1906564,1.2614586,9300,42188,51488
MCF7,4,A133,0,1,80,5,0.09733474254608154,0.0020145440939813852,0.09866460412740707,0.0019108580891042948,0.11442973464727402,0.0007531773298978806,0.1606142222881317,0.053327422589063644,0.1340697705745697,0.15098434686660767,0.09733080118894577,0.002014767611399293,0.3786067068576813,0,0.13198383,0.15550773,1.2398951053619385,0.98300135,0.9830607,10,43318,43328
MCF7,4,A133,0,1,80,6,0.11188067495822906,0.002803253009915352,0.11503665149211884,0.0025192759931087494,0.10422360897064209,0.000819758977741003,0.2095329761505127,0,0.12701745331287384,0.1407492458820343,0.11424550414085388,0.0033921406138688326,0.4198537766933441,0,0.15967949,0.18776481,1.6259092092514038,1.4996241,1.5272841,5884,20980,26864
MCF7,4,A133,0,1,80,7,0.1194193884730339,0.003362352726981044,0.12120497226715088,0.003196205710992217,0.11053801327943802,0.0010121186496689916,0.2635873556137085,0,0.13496780395507812,0.15069343149662018,0.12110268324613571,0.0037900106981396675,0.5257811546325684,0,0.16807316,0.20187443,1.7056388854980469,1.4713837,1.508708,5040,26592,31632
MCF7,4,A133,1,1,80,1,0.10132835060358047,0.003470198716968298,0.10614733397960663,0.003123712260276079,0.0907789021730423,0.0008154318202286959,0.16500629484653473,0.020847072824835777,0.11388548463582993,0.127193421125412,0.1015700027346611,0.003528403816744685,0.44204941391944885,0,0.14609829,0.17993124,1.2295368909835815,0.9911854,0.99652314,330,14406,14736
MCF7,4,A133,1,1,80,2,0.1020006462931633,0.0028210068121552467,0.10480146110057831,0.002604938577860594,0.09387800097465515,0.0010699823033064604,0.19538713991641998,0,0.12010235339403152,0.1358087956905365,0.10378841310739517,0.0031886857468634844,0.4214231073856354,0,0.14771877,0.17764477,1.2489171028137207,1.163937,1.1792667,2970,13494,16464
MCF7,4,A133,1,1,80,3,0.07598832249641418,0.0007605950813740492,0.07609965652227402,0.000753236236050725,0.07752149552106857,0.0001587270526215434,0.15303415060043335,0.016698714345693588,0.08687558025121689,0.09301286190748215,0.07565779983997345,0.000889730581548065,0.28304392099380493,0,0.09879815,0.11443629,1.4111230373382568,1.1171372,1.1692752,9818,45542,55360
MCF7,4,A133,1,1,80,4,0.09484130144119263,0.0015214970335364342,0.09531933069229126,0.0014836005866527557,0.09617637097835541,0.00042328177369199693,0.16773517429828644,0.029658976942300797,0.11254242062568665,0.12246726453304291,0.0945298969745636,0.001777148456312716,0.3247266113758087,0,0.12725228,0.15017848,1.9319857358932495,1.5325401,1.6080903,5544,23768,29312
MCF7,4,A133,10,1,80,1,0.07224424928426743,0.0018751858733594418,0.07927720248699188,0.0015001822030171752,0.08556032925844193,0.0006079202285036445,0.18262194097042084,0,0.1052251011133194,0.11757726967334747,0.06983887404203415,0.0020662841852754354,0.3923379182815552,0,0.105332665,0.12892067,1.5684316158294678,1.1901469,1.2480241,6683,36997,43680
MCF7,4,A133,10,1,80,2,0.06944802403450012,0.0014761675847694278,0.07392985373735428,0.001240090816281736,0.08816567808389664,0.000360466365236789,0.1606695055961609,0.020275721326470375,0.10326068103313446,0.11233261227607727,0.06635851413011551,0.0015929501969367266,0.3945768177509308,0,0.096392155,0.11677393,1.6377075910568237,1.0721166,1.1522462,6415,38865,45280
MCF7,4,A133,10,1,80,3,0.08284487575292587,0.00228988123126328,0.0879659503698349,0.0019809503573924303,0.10596156120300293,0.001131120603531599,0.20277461409568787,0.03206059709191322,0.13336710631847382,0.1503302901983261,0.08269721269607544,0.0022938477341085672,0.3926645517349243,0,0.11999828,0.14448863,1.2682284116744995,0.89171654,0.89410615,203,31781,31984
MCF7,4,A133,10,1,80,4,0.12179872393608093,0.0006677027558907866,0.12179872393608093,0.0006677027558907866,0.13420628011226654,0.00023221879382617772,0.21358118951320648,0.07181912660598755,0.1453782469034195,0.15295161306858063,0.11914654076099396,0.0007208482711575925,0.24779808521270752,0.012261301279067993,0.14104222,0.15427546,1.5809004306793213,1.2165817,1.2807419,5551,25969,31520
MCF7,4,A133,10,1,80,5,0.1031736359000206,0.0006302459514699876,0.10317735373973846,0.000629885180387646,0.1100970208644867,0.00023550530022475868,0.16992776095867157,0.05277343466877937,0.12210797518491745,0.12993961572647095,0.10241973400115967,0.0006674421019852161,0.26406967639923096,0,0.12219614,0.13588662,1.5507196187973022,1.0615423,1.109579,2726,25034,27760
MCF7,4,A133,10,1,80,6,0.07398317754268646,0.003394050756469369,0.09516243636608124,0.0023501995019614697,0.08961112797260284,0.0005688358214683831,0.1850612461566925,0,0.10859207808971405,0.11984138190746307,0.06893245875835419,0.004202674143016338,0.41251692175865173,0,0.122518994,0.15765855,1.7211229801177979,1.3486999,1.4396634,6284,19444,25728
MCF7,4,A133,10,1,80,7,0.10020527243614197,0.0011512241326272488,0.10042493045330048,0.001131688361056149,0.10392334312200546,0.0003308083105366677,0.17749547958374023,0.030851466581225395,0.11842339485883713,0.1272965967655182,0.09916803985834122,0.0013751648366451263,0.3661162257194519,0,0.1281533,0.14712147,1.3930968046188354,1.1005019,1.1639796,5356,19332,24688
MCF7,4,A133,10,1,80,8,0.08603809028863907,0.0016501988284289837,0.08805420994758606,0.0015113395638763905,0.09737682342529297,0.0004231396596878767,0.12940551340579987,0.04934080317616463,0.11338207870721817,0.12278231978416443,0.08602428436279297,0.0016515364404767752,0.3890082836151123,0,0.11644385,0.13817231,1.2406305074691772,1.0029081,1.0031973,34,27918,27952
MCF7,4,A133,10,1,80,9,0.09204451739788055,0.0012993880081921816,0.09305530041456223,0.0012195975286886096,0.10095977038145065,0.00038850988494232297,0.20056189596652985,0.02768830768764019,0.11657308787107468,0.12592798471450806,0.09046351909637451,0.001444324036128819,0.3607548773288727,0,0.119475275,0.13878907,1.8746923208236694,1.3782369,1.4530151,16224,91488,107712
MCF7,4,A133,11,1,80,1,0.1251181662082672,0.003309582592919469,0.1297781765460968,0.0028280806727707386,0.1332247406244278,0.0008924097055569291,0.2266380339860916,0.020403049886226654,0.15714718401432037,0.17083945870399475,0.12408304214477539,0.0036087678745388985,0.4210566282272339,0,0.17156912,0.19900379,1.878550410270691,1.7559264,1.7698112,2261,17707,19968
MCF7,4,A133,11,1,80,2,0.06872732937335968,0.0016416998114436865,0.07313207536935806,0.0014247886138036847,0.07817960530519485,0.0006885247421450913,0.15848195552825928,0,0.09915769845247269,0.11182168126106262,0.0674671083688736,0.0017552817007526755,0.35119882225990295,0,0.10039781,0.12217042,1.2692148685455322,1.0227611,1.051754,3213,24099,27312
MCF7,4,A133,11,1,80,4,0.080217145383358,0.001978931948542595,0.08353493362665176,0.001783630228601396,0.07681913673877716,0.0008479593670926988,0.18002329766750336,0,0.10011990368366241,0.11430301517248154,0.08072780072689056,0.0021468964405357838,0.40896767377853394,0,0.11702592,0.14143993,1.2256672382354736,1.1237657,1.1370788,2569,17095,19664
MCF7,4,A133,11,1,80,5,0.1139630377292633,0.0015404120786115527,0.11423706263303757,0.001512812334112823,0.1158422976732254,0.0005196696147322655,0.18628445267677307,0.03964502364397049,0.13419175148010254,0.14531831443309784,0.11345793306827545,0.0018135649152100086,0.3533334732055664,0,0.14703253,0.16871904,1.6775015592575073,1.4046942,1.4624865,4769,17743,22512
MCF7,4,A133,11,1,80,6,0.10562767833471298,0.001301559037528932,0.1060197502374649,0.0012648215051740408,0.10778222978115082,0.0003354354703333229,0.16427825391292572,0.03071471117436886,0.12241955101490021,0.13100023567676544,0.10533585399389267,0.001431702054105699,0.34997040033340454,0,0.13463691,0.15291823,1.9689180850982666,1.710658,1.7414652,2903,21433,24336
MCF7,4,A133,11,1,80,7,0.08065128326416016,0.001806361717171967,0.08393438160419464,0.001604329445399344,0.08019597083330154,0.0005072205094620585,0.15939664840698242,0,0.09796207398176193,0.10817182809114456,0.08076316118240356,0.0021255293395370245,0.4379287660121918,0,0.11632145,0.13979891,1.7233798503875732,1.4496875,1.5036745,6107,24853,30960
MCF7,4,A133,11,1,80,8,0.1016743928194046,0.0011705344077199697,0.10179410874843597,0.00115972722414881,0.09827928245067596,0.0004589346353895962,0.17900322377681732,0.02635786682367325,0.11533364653587341,0.12556864321231842,0.1022908017039299,0.0012972570257261395,0.2990245223045349,0,0.13030186,0.14887178,1.5216385126113892,1.3730773,1.3828735,1514,21446,22960
MCF7,4,A133,11,1,80,9,0.10792873054742813,0.0014108706964179873,0.10801536589860916,0.0014026458375155926,0.11202285438776016,0.00032942145480774343,0.17239543795585632,0.03952709585428238,0.12646454572677612,0.13502974808216095,0.10732046514749527,0.0015686836559325457,0.38467496633529663,0,0.13840686,0.15848908,1.93208646774292,1.4569143,1.5183796,4516,30396,34912
MCF7,4,A133,11,1,80,10,0.1009405329823494,0.0013059978373348713,0.10120590031147003,0.0012825749581679702,0.09612704813480377,0.0005377642228268087,0.18971869349479675,0.015358863398432732,0.114403635263443,0.12604966759681702,0.10257377475500107,0.0015561348991468549,0.43971115350723267,0,0.13280874,0.15350476,1.6102279424667358,1.3659496,1.4278362,9469,27907,37376
MCF7,4,A133,11,1,80,11,0.09590952098369598,0.0020810747519135475,0.09818068891763687,0.0019073695875704288,0.09621067345142365,0.0006997769814915955,0.20221002399921417,0,0.11730683594942093,0.13003085553646088,0.09584088623523712,0.002395792631432414,0.4219307601451874,0,0.13314421,0.1591079,1.6379268169403076,1.2494956,1.3215791,9739,42741,52480
MCF7,4,A133,11,1,80,13,0.11949711292982101,0.00263197417370975,0.12038227915763855,0.0025449125096201897,0.10913220793008804,0.0007379289600066841,0.20120547711849213,0.0019024026114493608,0.13074113428592682,0.14392894506454468,0.12220396846532822,0.003091230522841215,0.4602016806602478,0,0.16515411,0.19481991,1.5805970430374146,1.3219379,1.3755001,4337,16607,20944
MCF7,4,A133,11,1,80,14,0.07647492736577988,0.001785381231456995,0.07973706722259521,0.001601425581611693,0.08645936101675034,0.0005650905659422278,0.152876079082489,0.037906110286712646,0.10539496690034866,0.11980237811803818,0.07644612342119217,0.001788613386452198,0.4564301669597626,0,0.108751036,0.13084146,1.3103481531143188,0.88621694,0.8874369,99,34317,34416
MCF7,4,A133,11,1,80,15,0.0724925771355629,0.0022485614754259586,0.07880235463380814,0.0019470518454909325,0.10172800719738007,0.0001569612795719877,0.13479046523571014,0.08180199563503265,0.11056017875671387,0.11917722225189209,0.07247336208820343,0.0022493740543723106,0.3918605148792267,0,0.108935386,0.13429724,1.3008712530136108,0.9335678,0.93380904,20,30428,30448
MCF7,4,A133,12,1,80,1,0.10150781273841858,0.0016512245638296008,0.10240601003170013,0.0015738552901893854,0.0994182825088501,0.0006443810998462141,0.17943774163722992,0.004159575328230858,0.11960581690073013,0.13143421709537506,0.10174314677715302,0.0017640714067965746,0.3935314416885376,0,0.13400117,0.15508908,1.8306351900100708,1.5734947,1.5995233,3393,30127,33520
MCF7,4,A133,12,1,80,2,0.08312971144914627,0.0007616851944476366,0.08353240042924881,0.0007317365380004048,0.08802860230207443,0.00023409964342135936,0.14733916521072388,0.03470227122306824,0.10023556649684906,0.107615627348423,0.08152987062931061,0.0009235831676051021,0.2675659954547882,0,0.10501899,0.12006168,1.362674593925476,1.1535589,1.2050384,8630,26426,35056
MCF7,4,A133,12,1,80,3,0.10420721769332886,0.001316914684139192,0.10448765009641647,0.0012911574449390173,0.11438918858766556,0.00043492327677085996,0.20406197011470795,0.04407548904418945,0.1308649480342865,0.1407865285873413,0.10202039033174515,0.0014792949659749866,0.37986767292022705,0,0.13121594,0.15159242,1.6869298219680786,1.1886297,1.27673,4809,22391,27200
MCF7,4,A133,12,1,80,5,0.0971558541059494,0.0007555452757515013,0.09719745069742203,0.0007518245256505907,0.09284799546003342,0.00021744229889009148,0.14233271777629852,0.0357852429151535,0.1043638363480568,0.11113139986991882,0.09731444716453552,0.0007746467599645257,0.25377291440963745,0,0.11853275,0.13245592,1.343656063079834,1.3003591,1.3018965,1493,40555,42048
MCF7,4,A133,12,1,80,6,0.0819646343588829,0.003430481068789959,0.09488964080810547,0.002744984347373247,0.08938940614461899,0.0005803527892567217,0.16953778266906738,0,0.10845418274402618,0.11954455077648163,0.08032696694135666,0.0040442864410579205,0.4522338807582855,0,0.1305859,0.16545281,1.442999243736267,1.1847491,1.2314173,7318,33178,40496
MCF7,4,A133,13,1,80,2,0.12615592777729034,0.002284216694533825,0.12800411880016327,0.002081104787066579,0.13517682254314423,0.0004697947879321873,0.21307717263698578,0.0650554820895195,0.15235307812690735,0.16340182721614838,0.12417645007371902,0.0026605851016938686,0.44667884707450867,0,0.16277817,0.1875346,1.9660520553588867,1.5266279,1.6054659,2684,12276,14960
MCF7,4,A133,13,1,80,3,0.1342131495475769,0.003377399640157819,0.13924074172973633,0.0028038688469678164,0.13309961557388306,0.0007044557714834809,0.22504957020282745,0.020771009847521782,0.15410105884075165,0.167137011885643,0.13454699516296387,0.004178292118012905,0.46935272216796875,0,0.18400642,0.21519794,1.5001912117004395,1.3672718,1.3979304,2683,8949,11632
MCF7,4,A133,13,1,80,4,0.11465691775083542,0.003326931269839406,0.12270647287368774,0.0025727665051817894,0.12569046020507812,0.0007669782498851418,0.23512303829193115,0.029642192646861076,0.14759889245033264,0.16109827160835266,0.1122896671295166,0.0038444444071501493,0.4197304844856262,0,0.16028813,0.18998916,1.7982990741729736,1.3968754,1.4677866,2849,13279,16128
MCF7,4,A133,13,1,80,5,0.0848301500082016,0.0025752780493348837,0.09238147735595703,0.0021069187205284834,0.10165246576070786,0.0005560900899581611,0.1805678904056549,0.011556104756891727,0.12018705904483795,0.13129185140132904,0.08330687880516052,0.0027301714289933443,0.4138093888759613,0,0.12449248,0.15013817,1.3117103576660156,1.1955166,1.2051646,1286,14202,15488
MCF7,4,A133,13,1,80,6,0.10764741897583008,0.003115335013717413,0.11423900723457336,0.0025530809070914984,0.13036631047725677,0.0007282798178493977,0.19249416887760162,0.04972236230969429,0.1513417512178421,0.16616502404212952,0.1075151190161705,0.003126212628558278,0.4262273907661438,0,0.15038915,0.17703187,1.4123109579086304,0.8492349,0.8524949,117,20091,20208
MCF7,4,A133,13,1,80,7,0.1163490042090416,0.0015393676003441215,0.11668476462364197,0.0015046321786940098,0.1180744618177414,0.0004831832484342158,0.19825375080108643,0.042087920010089874,0.1355830430984497,0.1459786593914032,0.11620038747787476,0.0016300593269988894,0.3542083501815796,0,0.14697696,0.16770092,1.318803071975708,1.2126845,1.2210997,2563,29757,32320
MCF7,4,A133,13,1,80,8,0.12015607953071594,0.0014746914384886622,0.12042509019374847,0.0014455972705036402,0.12041237950325012,0.00043714293860830367,0.19252949953079224,0.03721150755882263,0.13693906366825104,0.14648035168647766,0.12010535597801208,0.0016799764707684517,0.41904953122138977,0,0.15140682,0.1713624,2.098498582839966,1.8141603,1.8611288,6877,34755,41632
MCF7,4,A133,13,1,80,9,0.1489850878715515,0.0019016716396436095,0.1490454375743866,0.0018934470135718584,0.1596824824810028,0.0004130802408326417,0.19259031116962433,0.12401072680950165,0.17772120237350464,0.1844474822282791,0.14897674322128296,0.0019027452217414975,0.3702934682369232,0,0.18299563,0.20538811,1.3810155391693115,1.0140055,1.0142922,27,34549,34576
MCF7,4,A133,13,1,80,10,0.1274467259645462,0.001319214585237205,0.12746980786323547,0.0013165120035409927,0.10967045277357101,0.0007344040786847472,0.22039315104484558,0.007004664279520512,0.13138915598392487,0.14326262474060059,0.12936335802078247,0.001344524440355599,0.3897314667701721,0,0.15809703,0.174925,1.9230408668518066,2.1365974,2.1158128,4301,39891,44192
MCF7,4,A133,13,1,80,11,0.11326953768730164,0.0013536550104618073,0.11352232098579407,0.0013279793784022331,0.12442464381456375,0.0003832880174741149,0.19530223309993744,0.07851613312959671,0.1400769054889679,0.14903080463409424,0.11310397833585739,0.0013661833945661783,0.29662638902664185,0,0.14184144,0.15936807,1.301859974861145,1.2298213,1.2308749,289,19471,19760
MCF7,4,A133,13,1,80,12,0.12096994370222092,0.001479119760915637,0.12110430747270584,0.0014644908951595426,0.1087256595492363,0.0005194753757677972,0.2059406191110611,0.022240016609430313,0.12662455439567566,0.13801321387290955,0.12314137816429138,0.0016180019592866302,0.35638970136642456,0,0.15352395,0.17369257,1.7006925344467163,2.223458,2.1447146,4073,22967,27040
MCF7,4,A133,13,1,80,13,0.12547580897808075,0.0017133003566414118,0.12564197182655334,0.0016946919495239854,0.11896424740552902,0.0005831002490594983,0.20282821357250214,0.005368854384869337,0.13824155926704407,0.1497514694929123,0.12787751853466034,0.0021087550558149815,0.41814884543418884,0,0.16368172,0.18737693,1.4088982343673706,1.3492644,1.3653331,6316,17124,23440
MCF7,4,A133,14,1,80,1,0.0994483232498169,0.0018260754877701402,0.10129299014806747,0.0016730953939259052,0.10343365371227264,0.000803680915851146,0.20578120648860931,0,0.12604007124900818,0.13977976143360138,0.0981430634856224,0.0021540201269090176,0.326028436422348,0,0.13488747,0.15713102,1.5893828868865967,1.4754733,1.5035763,4579,13981,18560
MCF7,4,A133,14,1,80,2,0.07963726669549942,0.0005086972960270941,0.07975751161575317,0.0004998741787858307,0.09156408160924911,0.0001079516441677697,0.1207403838634491,0.052884843200445175,0.09985315799713135,0.10480810701847076,0.07900183647871017,0.0005220655002631247,0.20796944200992584,0,0.09641439,0.106538616,1.3160316944122314,1.0240351,1.038805,2449,45967,48416
MCF7,4,A133,14,1,80,3,0.11031641811132431,0.0006445297040045261,0.11032119393348694,0.0006440312135964632,0.12785635888576508,0.00026079779490828514,0.18916605412960052,0.07838518172502518,0.14065207540988922,0.14932551980018616,0.10711771994829178,0.000648172979708761,0.2010623663663864,0,0.1273032,0.1391454,1.590732455253601,1.343994,1.3820506,3566,19554,23120
MCF7,4,A133,14,1,80,4,0.09541765600442886,0.00045584459439851344,0.09541765600442886,0.00045584459439851344,0.10644307732582092,0.0001539216609671712,0.16169342398643494,0.06492810696363449,0.11613167077302933,0.12260901927947998,0.09385465085506439,0.00047897061449475586,0.20464447140693665,0.012428278103470802,0.11056037,0.12179013,1.4132232666015625,1.1656531,1.196392,3409,24047,27456
MCF7,4,A133,14,1,80,5,0.07185235619544983,0.0009226285619661212,0.07342500984668732,0.0008273511193692684,0.08329182118177414,0.00021575743448920548,0.13815869390964508,0.01618347130715847,0.09495043754577637,0.10189277678728104,0.06890098005533218,0.0010625285794958472,0.2966472804546356,0,0.09391164,0.10987065,1.6275995969772339,1.2155814,1.3000813,10868,42124,52992
MCF7,4,A133,14,1,80,6,0.08453643321990967,0.0005650577950291336,0.08454974740743637,0.0005640207091346383,0.10162951052188873,0.0002008364099310711,0.14990368485450745,0.052115052938461304,0.11308381706476212,0.12014377117156982,0.08380937576293945,0.0005675938446074724,0.20570851862430573,0,0.10200724,0.114604354,1.5109039545059204,1.0260731,1.0458544,1036,24356,25392
MCF7,4,A133,14,1,80,7,0.07148969918489456,0.0009125543874688447,0.07313711196184158,0.0008130968199111521,0.08205414563417435,0.00023619571584276855,0.1394595205783844,0.0003220195940230042,0.09417620301246643,0.10162099450826645,0.0677514597773552,0.0010984179098159075,0.34914880990982056,0,0.09385834,0.10985094,1.5178477764129639,1.2110698,1.2912512,8807,24889,33696
MCF7,4,A133,14,1,80,8,0.07694736123085022,0.0005996643449179828,0.0770089328289032,0.0005954026710242033,0.09088370203971863,8.629692456452176e-05,0.13151320815086365,0.06218259781599045,0.09832826256752014,0.1027728021144867,0.07572086155414581,0.0006262473179958761,0.20654243230819702,0,0.09549036,0.10704731,1.4442464113235474,0.92036283,0.9627392,2934,33338,36272
MCF7,4,A133,14,1,80,9,0.07028605043888092,0.0006304227281361818,0.07081259042024612,0.000597859441768378,0.07710880041122437,0.00022396699932869524,0.1311948150396347,0.020171189680695534,0.08909645676612854,0.09613211452960968,0.06906168162822723,0.0006935097626410425,0.26064151525497437,0,0.0892006,0.10177271,1.2924138307571411,1.1198198,1.1460799,12318,68642,80960
MCF7,4,A133,14,1,80,10,0.0843852162361145,0.0025785390753299,0.09039835631847382,0.00221870350651443,0.09171006828546524,0.0009455942781642079,0.22294852137565613,0.00309026800096035,0.11567255854606628,0.13211581110954285,0.08318286389112473,0.00283633335493505,0.4384171664714813,0,0.12546822,0.15272458,1.5883606672286987,1.292983,1.3346325,6141,37411,43552
MCF7,4,A133,14,1,80,11,0.03245167434215546,0.0012849263148382306,0.04777355119585991,0.0011596167460083961,0.03488798812031746,0.0005477287340909243,0.12130178511142731,0,0.054090943187475204,0.06578981876373291,0.032186705619096756,0.0013643881538882852,0.31949278712272644,0,0.06087043,0.084704176,1.7464267015457153,2.0272667,1.9997187,4225,38847,43072
MCF7,4,A133,15,1,80,1,0.07883905619382858,0.002154700458049774,0.08640404045581818,0.001707808580249548,0.09790585190057755,0.0006093072006478906,0.21279878914356232,0.015015539713203907,0.11745007336139679,0.12969422340393066,0.07401143014431,0.0024306343402713537,0.4064682722091675,0,0.1123051,0.13755047,1.5958619117736816,1.0909152,1.1929348,9032,35672,44704
MCF7,4,A133,15,1,80,2,0.09334497153759003,0.002079789759591222,0.09615873545408249,0.0018719142535701394,0.10491202026605606,0.0006049065850675106,0.21703964471817017,0.006157353054732084,0.12447618693113327,0.13660824298858643,0.09126485139131546,0.0023166327737271786,0.43692126870155334,0,0.12709811,0.15330929,1.5936741828918457,1.0459812,1.1294615,7704,42840,50544
MCF7,4,A133,15,1,80,3,0.08781015872955322,0.0031901539769023657,0.09589336067438126,0.002708692569285631,0.09355606883764267,0.0010177025105804205,0.22526957094669342,0,0.1186986118555069,0.1350812315940857,0.08711352199316025,0.0034490609541535378,0.4671936333179474,0,0.13217698,0.16507415,1.4289175271987915,1.0206327,1.0647818,2590,21362,23952
MCF7,4,A133,15,1,80,4,0.12487974017858505,0.004082358907908201,0.12884880602359772,0.0037006991915404797,0.10073424875736237,0.0005285640945658088,0.17556796967983246,0.02522745355963707,0.11904598772525787,0.13014887273311615,0.12709742784500122,0.004350298549979925,0.48299023509025574,0,0.17751604,0.21434017,1.3076062202453613,1.3671132,1.3621074,3490,37998,41488
MCF7,4,A133,15,1,80,8,0.10863843560218811,0.0032864382956176996,0.11195547878742218,0.0030154206324368715,0.1040256917476654,0.001199895516037941,0.2126881182193756,0,0.13245689868927002,0.1495348960161209,0.10907532274723053,0.003481853986158967,0.5119292140007019,0,0.15530616,0.18617019,2.046881675720215,1.6727896,1.7051554,3948,41684,45632
MCF7,4,A133,2,1,80,1,0.056378982961177826,0.0017460078233852983,0.06119458004832268,0.0016004538629204035,0.06956857442855835,0.001328873448073864,0.2045692354440689,0.0008760875789448619,0.0969000905752182,0.11998157203197479,0.05627429857850075,0.0017479268135502934,0.3692348301410675,0,0.08768786,0.112499796,1.433767318725586,0.8565369,0.8610821,336,42336,42672
MCF7,4,A133,2,1,80,2,0.07237746566534042,0.0014502289704978466,0.07419439405202866,0.0013518283376470208,0.07010836154222488,0.0003951853432226926,0.17029517889022827,0,0.08569655567407608,0.09520583599805832,0.07305607944726944,0.001763762440532446,0.42224812507629395,0,0.10520066,0.12874803,1.8122882843017578,1.3352469,1.4450712,11441,38255,49696
MCF7,4,A133,2,1,80,3,0.047535691410303116,0.0016089626587927341,0.05401992052793503,0.0014781596837565303,0.04214964807033539,0.0007411405676975846,0.0769726037979126,0,0.06751309335231781,0.07508787512779236,0.04753866046667099,0.0016094256425276399,0.34700798988342285,0,0.07779261,0.102175966,1.180495262145996,0.776121,0.77634406,11,19925,19936
MCF7,4,A133,2,1,80,4,0.043232884258031845,0.0014919269597157836,0.050557106733322144,0.001374387531541288,0.0423906147480011,0.0003591674903873354,0.08229676634073257,0,0.05781589448451996,0.06700359284877777,0.04323350638151169,0.0014927617739886045,0.40241411328315735,0,0.07204322,0.09561676,1.1939318180084229,0.8964431,0.89666235,25,33895,33920
MCF7,4,A133,3,1,80,1,0.10744468867778778,0.0005547814653255045,0.10744468867778778,0.0005547814653255045,0.10740760713815689,0.00022982498921919614,0.18062615394592285,0.03733047842979431,0.11862010508775711,0.12469697743654251,0.10745067894458771,0.0006071957177482545,0.2500649690628052,0.01316248532384634,0.12676089,0.1384399,1.6952235698699951,1.7193904,1.7160337,6358,39418,45776
MCF7,4,A133,3,1,80,2,0.10356122255325317,0.0008150024223141372,0.10358346253633499,0.0008128741174004972,0.10613994300365448,0.00024511467199772596,0.1621747761964798,0.05035647004842758,0.11854669451713562,0.12589527666568756,0.10319624841213226,0.0008945881272666156,0.28699928522109985,0,0.12658706,0.14158204,1.5824339389801025,1.3790067,1.4042293,4043,28565,32608
MCF7,4,A133,3,1,80,3,0.07122384756803513,0.0017160761635750532,0.0749649852514267,0.0015257616760209203,0.07342473417520523,0.00034397136187180877,0.14171400666236877,0.002072240225970745,0.08808211982250214,0.09687837213277817,0.07068078219890594,0.002053157426416874,0.3684714138507843,0,0.105421945,0.13041557,1.515959620475769,1.2177517,1.2767721,7087,28721,35808
MCF7,4,A133,3,1,80,4,0.10019925236701965,0.0013686746824532747,0.10062587261199951,0.0013315718388184905,0.10876025259494781,0.0004917779006063938,0.1933770626783371,0.03884268179535866,0.1265774369239807,0.13752634823322296,0.09884282946586609,0.001494158641435206,0.3593115210533142,0,0.1287014,0.14836487,1.632195234298706,1.2336991,1.2881542,4609,29119,33728
MCF7,4,A133,3,1,80,5,0.09647143632173538,0.0010825257049873471,0.09667128324508667,0.0010654490906745195,0.10162515938282013,0.00045887852320447564,0.21995696425437927,0.02964041940867901,0.11844507604837418,0.12899954617023468,0.09484817087650299,0.001267954590730369,0.2973930835723877,0,0.12228907,0.14115442,1.6444053649902344,1.2625921,1.3540462,10428,33108,43536
MCF7,4,A133,3,1,80,6,0.061457809060811996,0.0007255225791595876,0.06272716820240021,0.0006608841940760612,0.0681125596165657,0.0002611562958918512,0.12911321222782135,0.018856557086110115,0.08119545876979828,0.088668093085289,0.06135164946317673,0.0007322126184590161,0.297852486371994,0,0.08197991,0.09464479,1.2660454511642456,1.0143282,1.0182806,561,35167,35728
MCF7,4,A133,3,1,80,7,0.07327978312969208,0.0008729856926947832,0.07366231083869934,0.0008493649656884372,0.07525224983692169,0.00034005267661996186,0.12193003296852112,0.021232275292277336,0.08939999341964722,0.09825757890939713,0.07326566427946091,0.000876772974152118,0.26060014963150024,0,0.096004084,0.11186102,1.2328412532806396,1.0412037,1.042566,193,26959,27152
MCF7,4,A133,4,1,80,2,0.13011160492897034,0.0019584668334573507,0.1303052008152008,0.0019361544400453568,0.12453487515449524,0.00041173354838974774,0.21738901734352112,0.05481695011258125,0.1402609497308731,0.15109826624393463,0.1309475302696228,0.002184957265853882,0.46794846653938293,0,0.16591866,0.19220665,1.450512170791626,1.2190559,1.2221442,934,69066,70000
MCF7,4,A133,4,1,80,3,0.11563663929700851,0.0023572074715048075,0.11611727625131607,0.0023111954797059298,0.10374172031879425,0.0004495980974752456,0.20765207707881927,0.014269061386585236,0.12028419226408005,0.13062883913516998,0.11750774085521698,0.002631521550938487,0.520781397819519,0,0.15558939,0.18656898,1.4673460721969604,1.026482,1.0864052,10541,67011,77552
MCF7,4,A133,5,1,80,1,0.07595057785511017,0.0005174686666578054,0.0761643648147583,0.000502642011269927,0.08634885400533676,0.00018913765961769968,0.18630510568618774,0.04270688816905022,0.096615731716156,0.1037706509232521,0.07347671687602997,0.0005637380527332425,0.2240082174539566,0,0.09150067,0.10328761,1.5697965621948242,1.119725,1.2062228,7463,31369,38832
MCF7,4,A133,5,1,80,2,0.0754670575261116,0.000497909786645323,0.07567428797483444,0.0004835952422581613,0.08338697999715805,0.00017571725766174495,0.14623583853244781,0.032056648284196854,0.09381791949272156,0.1003565788269043,0.07353699952363968,0.0005574159440584481,0.2047918140888214,0,0.09158423,0.10274609,1.6229408979415894,1.2014908,1.2840719,8515,34941,43456
MCF7,4,A133,5,1,80,3,0.0841909721493721,0.000978115713223815,0.0845702514052391,0.0009504461195319891,0.09231222420930862,0.00041274228715337813,0.20794326066970825,0.026849018409848213,0.10823773592710495,0.11873246729373932,0.08231589943170547,0.001089908299036324,0.33285415172576904,0,0.10710182,0.124965765,1.6923941373825073,1.1902758,1.2844616,9787,42389,52176
MCF7,4,A133,5,1,80,4,0.07531490176916122,0.001326495548710227,0.07707815617322922,0.0012216427130624652,0.06423356384038925,0.0002690567052923143,0.1401054710149765,0.0030157198198139668,0.07703129202127457,0.08500993996858597,0.07653167098760605,0.0014276423025876284,0.3561691641807556,0,0.105717495,0.124613,1.5949290990829468,1.9043804,1.8737633,5376,48960,54336
MCF7,4,A133,5,1,80,5,0.11636602133512497,0.00402408093214035,0.12081056088209152,0.003640830982476473,0.08501424640417099,0.0007647790480405092,0.24667611718177795,0,0.10657530277967453,0.12055694311857224,0.12145689129829407,0.004367798566818237,0.5074896216392517,0,0.17280422,0.20823896,1.5585628747940063,2.259048,2.1611934,11008,67792,78800
MCF7,4,A133,6,1,80,1,0.07567158341407776,0.0013016753364354372,0.07824524492025375,0.0011445700656622648,0.07979170233011246,0.0003604090306907892,0.15891321003437042,0.015720782801508904,0.09494044631719589,0.10400938242673874,0.07505533844232559,0.0014395412290468812,0.3773263990879059,0,0.10391052,0.12214961,1.7792432308197021,1.7263733,1.729805,2668,38436,41104
MCF7,4,A133,6,1,80,2,0.07514400780200958,0.0010676812380552292,0.07629025727510452,0.0009965200442820787,0.07453151047229767,0.00036678212927654386,0.15308184921741486,0.0027261516079306602,0.08982625603675842,0.09938087314367294,0.07535085082054138,0.0013042163336649537,0.3275846242904663,0,0.10299781,0.121656,1.5428423881530762,1.3396248,1.3909284,8939,26469,35408
MCF7,4,A133,6,1,80,3,0.1373988687992096,0.004605212714523077,0.14593926072120667,0.003645083634182811,0.14421755075454712,0.0009759329259395599,0.25918376445770264,0.00981577392667532,0.16866612434387207,0.18322761356830597,0.1357666403055191,0.005460183601826429,0.5059406161308289,0,0.193406,0.22956485,1.8378612995147705,1.3898387,1.4763712,10337,43183,53520
MCF7,4,A133,6,1,80,4,0.08603797852993011,0.0016596608329564333,0.08741122484207153,0.0015661133220419288,0.08578009158372879,0.00048303380026482046,0.17675355076789856,0,0.10324681550264359,0.11344349384307861,0.08609307557344437,0.0019110015127807856,0.39379993081092834,0,0.11925243,0.14351799,1.5462229251861572,1.1382754,1.2100139,6190,29010,35200
MCF7,4,A133,6,1,80,5,0.1010637953877449,0.003584766760468483,0.10628915578126907,0.0032147138845175505,0.06013625115156174,0.0009233179152943194,0.16617289185523987,0,0.0843225046992302,0.09855261445045471,0.10252299904823303,0.0036178051959723234,0.4365110993385315,0,0.1492697,0.18202738,1.8062770366668701,3.103188,3.0585408,1355,38005,39360
MCF7,4,A133,6,1,80,6,0.08592931926250458,0.0018222421640530229,0.0878431424498558,0.0016947105759754777,0.08352934569120407,0.0006037467974238098,0.18081222474575043,0,0.10320668667554855,0.1150074377655983,0.08630318939685822,0.0020110236946493387,0.3968760669231415,0,0.12111636,0.14482224,1.2505121231079102,1.1476927,1.161551,6502,41738,48240
MCF7,4,A133,6,1,80,7,0.11476628482341766,0.005663349758833647,0.13284039497375488,0.00415427703410387,0.11161208152770996,0.001188398920930922,0.24788343906402588,0,0.1388883739709854,0.1554725617170334,0.11566456407308578,0.006934122182428837,0.5642273426055908,0,0.18309133,0.22462209,1.659101128578186,1.3183777,1.3939031,12828,45044,57872
MCF7,4,A133,7,1,80,1,0.10502985864877701,0.005918220616877079,0.1252162903547287,0.0045280153863132,0.09223219752311707,0.000672483816742897,0.1809602975845337,0.01459449715912342,0.11286740750074387,0.12555889785289764,0.10568670183420181,0.006178622134029865,0.4529004991054535,0,0.16769375,0.2109674,1.3232265710830688,1.2337732,1.2381403,1092,21276,22368
MCF7,4,A133,7,1,80,3,0.15637853741645813,0.002491010818630457,0.1566632241010666,0.0024509455543011427,0.1663711816072464,0.0009523836779408157,0.27177053689956665,0.05764315649867058,0.1910068690776825,0.20557431876659393,0.15473400056362152,0.002725089667364955,0.4959264099597931,0,0.19524188,0.22209866,1.7172260284423828,1.367659,1.4170585,7310,44418,51728
MCF7,4,A133,7,1,80,4,0.09604918211698532,0.0024585265200585127,0.09881841391324997,0.002255758736282587,0.08961279690265656,0.0006132320850156248,0.18452075123786926,0,0.10915331542491913,0.12134261429309845,0.0977429673075676,0.0029303592164069414,0.44240236282348633,0,0.13919424,0.16832769,1.4697442054748535,1.1661221,1.2293768,7070,26866,33936
MCF7,4,A133,7,1,80,5,0.0848725438117981,0.0027983495965600014,0.08972066640853882,0.002523221308365464,0.08641267567873001,0.0006359457620419562,0.1709601730108261,0.006543055642396212,0.10600995272397995,0.11735348403453827,0.08479694277048111,0.0029043739195913076,0.40218105912208557,0,0.12681367,0.15645513,1.2758740186691284,1.0190797,1.0310951,691,14077,14768
MCF7,4,A133,7,1,80,6,0.07939831912517548,0.002455473178997636,0.0849357396364212,0.0021563987247645855,0.07845806330442429,0.0006243039388209581,0.18693453073501587,0,0.09828317165374756,0.11011459678411484,0.07953929901123047,0.002729889703914523,0.40289753675460815,0,0.12018069,0.14848273,1.3015800714492798,1.1129289,1.1375273,2322,15486,17808
MCF7,4,A133,7,1,80,7,0.10765884816646576,0.0031427033245563507,0.11164509505033493,0.0028140221256762743,0.10305871814489365,0.0009895175462588668,0.21436193585395813,0,0.12797245383262634,0.14328695833683014,0.1090383231639862,0.0037801461294293404,0.41154906153678894,0,0.15718816,0.189166,1.4008769989013672,1.20813,1.2437238,2736,12080,14816
MCF7,4,A133,7,1,80,8,0.13591763377189636,0.002590413670986891,0.13650184869766235,0.002521802904084325,0.14233724772930145,0.0008222043979912996,0.24908803403377533,0.04553910344839096,0.16503965854644775,0.17956045269966125,0.1351495087146759,0.0027964641340076923,0.5316770076751709,0,0.17530198,0.20419858,1.6603440046310425,1.3441411,1.3779324,5793,48415,54208
MCF7,4,A133,7,1,80,9,0.10408036410808563,0.002722058678045869,0.10614652186632156,0.0025567810516804457,0.09237293154001236,0.0004953768220730126,0.16165685653686523,0,0.10993290692567825,0.12030117213726044,0.10763172805309296,0.003343316027894616,0.46933916211128235,0,0.1520863,0.18365172,1.624976634979248,1.3484477,1.4128076,5273,17383,22656
MCF7,4,A133,8,1,80,1,0.1026664599776268,0.002283174078911543,0.10819371044635773,0.0018080788431689143,0.11657152324914932,0.00021939563157502562,0.1677737534046173,0.057992011308670044,0.1283644586801529,0.13519638776779175,0.10063689202070236,0.002552058780565858,0.42275556921958923,0,0.13868944,0.16125119,1.716310977935791,1.2844657,1.3394687,4196,28748,32944
MCF7,4,A133,8,1,80,2,0.08319894224405289,0.0024142868351191282,0.09094192087650299,0.0019348138011991978,0.09195033460855484,0.0006935872370377183,0.20748649537563324,0,0.11297962069511414,0.1255023032426834,0.08034619688987732,0.002942090854048729,0.41753557324409485,0,0.12360808,0.15073715,1.316723346710205,1.1228462,1.1705087,12052,36972,49024
MCF7,4,A133,8,1,80,3,0.08995673805475235,0.0019516905304044485,0.09393221139907837,0.001664516399614513,0.10225704312324524,0.00034183391835540533,0.17038533091545105,0.021131524816155434,0.11699409782886505,0.12564323842525482,0.08717606961727142,0.0022736890241503716,0.3989948034286499,0,0.1227173,0.14682238,1.7653038501739502,1.2123166,1.314278,5620,24860,30480
MCF7,4,A133,8,1,80,4,0.12337353825569153,0.0035643656738102436,0.12864083051681519,0.0030389537569135427,0.12080519646406174,0.0005942690768279135,0.20622366666793823,0.004784430377185345,0.1401551216840744,0.15203306078910828,0.12397905439138412,0.004262675065547228,0.4710061252117157,0,0.17377059,0.20691338,1.3986060619354248,1.2652934,1.2907273,2558,10850,13408
MCF7,4,A133,8,1,80,5,0.08121436089277267,0.0018815291114151478,0.08648014813661575,0.0015481376321986318,0.07840944826602936,0.00044390317634679377,0.15567247569561005,0.01750054955482483,0.09504242241382599,0.1054173931479454,0.08131023496389389,0.0019303872250020504,0.3686082065105438,0,0.11535947,0.13525024,1.953736662864685,2.2645636,2.2548015,995,30685,31680
MCF7,4,A133,8,1,80,6,0.09774062037467957,0.0014040159294381738,0.09849844127893448,0.0013402575859799981,0.1114531084895134,0.0003606552490964532,0.16355879604816437,0.06901255995035172,0.1268799602985382,0.1367195099592209,0.09763003140687943,0.0014109016628935933,0.31446802616119385,0,0.12668665,0.14381763,1.500989317893982,1.2615036,1.2634195,261,32363,32624
MCF7,4,A133,8,1,80,7,0.0944349393248558,0.0023951285984367132,0.09852176159620285,0.0020961409900337458,0.07298481464385986,0.0005113545921631157,0.12596169114112854,0.021671921014785767,0.09017893671989441,0.10332170873880386,0.0944887325167656,0.002398695796728134,0.41143232583999634,0,0.13225484,0.15651843,1.9302583932876587,2.352821,2.3517644,72,28712,28784
MCF7,4,A133,8,1,80,8,0.0952484980225563,0.0009596363524906337,0.09530933201313019,0.0009544508648104966,0.09631065279245377,0.00038681505247950554,0.15325002372264862,0.04103852063417435,0.1115935668349266,0.12059289216995239,0.09522739052772522,0.0009709952864795923,0.2527880370616913,0,0.119000554,0.1347016,1.4104421138763428,1.0568475,1.0637366,702,35330,36032
MCF7,4,A133,8,1,80,9,0.08324098587036133,0.00110805022995919,0.08399547636508942,0.0010547202546149492,0.09367294609546661,0.00028441069298423827,0.16355125606060028,0.020172854885458946,0.10687781870365143,0.1145487055182457,0.08053820580244064,0.0012859440175816417,0.3257085680961609,0,0.108603545,0.12665962,1.443271517753601,1.0502849,1.1311511,6002,23166,29168
MCF7,4,A133,9,1,80,2,0.09140915423631668,0.0028383650351315737,0.09983696043491364,0.0022586528211832047,0.09797164052724838,0.0005359784699976444,0.1782214641571045,0.013547221198678017,0.11626048386096954,0.12712286412715912,0.08920405060052872,0.003592676017433405,0.4224160611629486,0,0.13661623,0.16659954,1.642336130142212,1.2252407,1.3301435,4338,12910,17248
MCF7,4,A133,9,1,80,4,0.09930010139942169,0.0023790523409843445,0.10197150707244873,0.0021706470288336277,0.10726344585418701,0.00085051404312253,0.21180152893066406,0.004580926150083542,0.13056185841560364,0.1447611004114151,0.09728258848190308,0.0027461692225188017,0.500761866569519,0,0.13812247,0.1653804,1.4120184183120728,1.0229361,1.1015841,4861,19187,24048
MCF7,4,A133,9,1,80,5,0.08377452194690704,0.001483171945437789,0.08527185767889023,0.001382000744342804,0.08230883628129959,0.000415810733102262,0.15240001678466797,0.0076895300298929214,0.0987105667591095,0.10854128748178482,0.0839974582195282,0.0016451467527076602,0.37243300676345825,0,0.11481186,0.13617764,1.2467023134231567,1.0762792,1.0987791,2218,14582,16800
MCF7,4,A133,9,1,80,6,0.08702999353408813,0.001162699074484408,0.08758614212274551,0.0011214179685339332,0.11656147241592407,5.6130455050151795e-05,0.12987050414085388,0.09768504649400711,0.12250478565692902,0.1250944584608078,0.08701122552156448,0.001162847736850381,0.29739806056022644,0,0.11257532,0.12946337,1.3536866903305054,0.8593452,0.8596591,21,33051,33072
MCF7,4,A133,9,1,80,8,0.08106765896081924,0.0005593976238742471,0.08110921084880829,0.0005563132581301033,0.08392640948295593,0.0001749274379108101,0.14283204078674316,0.03696190565824509,0.09414239972829819,0.10090440511703491,0.08083460479974747,0.0005900197429582477,0.20656293630599976,0,0.099783614,0.11163884,1.6718999147415161,1.4950813,1.5084094,4560,55936,60496
MCF7,4,A133,0,2,40,1,0.06908215582370758,0.0008962111896835268,0.07041405886411667,0.0008197053684853017,0.07876952737569809,0.0003536925360094756,0.15481409430503845,0.015553532168269157,0.09373362362384796,0.1033686101436615,0.06770507991313934,0.0009580944897606969,0.27899348735809326,0,0.091460556,0.10701271,1.4963369369506836,1.1577944,1.1999294,3915,27541,31456
MCF7,4,A133,0,2,40,2,0.06567230820655823,0.0007850127294659615,0.06747236102819443,0.0006850758800283074,0.07469160854816437,0.00030598187004216015,0.1304045021533966,0.015518703497946262,0.08864587545394897,0.09717527776956558,0.06268992274999619,0.0009076186106540263,0.24775221943855286,0,0.08613753,0.10014439,1.5202783346176147,1.2082969,1.2774416,3539,12429,15968
MCF7,4,A133,0,2,40,3,0.07247143238782883,0.0006284913397394121,0.07286744564771652,0.0006030688527971506,0.07216161489486694,0.0002395299670752138,0.13242097198963165,0.017346307635307312,0.08454833924770355,0.09197090566158295,0.07260405272245407,0.0007949443534016609,0.24607713520526886,0,0.094017066,0.10833149,1.3302685022354126,1.1464018,1.2015188,5626,13142,18768
MCF7,4,A133,0,2,40,5,0.08633024990558624,0.0011850405717268586,0.0871209055185318,0.0011270103277638555,0.08222740143537521,0.00029559736140072346,0.13831543922424316,0.02208372764289379,0.09599421918392181,0.10431620478630066,0.08703521639108658,0.00133447942789644,0.34834161400794983,0,0.115141146,0.1337216,1.5247290134429932,1.5132107,1.5148995,4847,28209,33056
MCF7,4,A133,0,2,40,6,0.08601205796003342,0.0013552294112741947,0.08730988949537277,0.0012623650254681706,0.08960185945034027,0.0005717593594454229,0.20047740638256073,0.0017064473358914256,0.10863904654979706,0.12026364356279373,0.08508262038230896,0.001553878653794527,0.3268824517726898,0,0.115940884,0.13572688,1.3029738664627075,1.1029096,1.1439869,4793,18551,23344
MCF7,4,A133,0,2,40,7,0.09319561719894409,0.000927187385968864,0.09333567321300507,0.0009155088919214904,0.0961151048541069,0.00027436469099484384,0.16961047053337097,0.03832842782139778,0.10917925089597702,0.11734398454427719,0.09259776771068573,0.0010587688302621245,0.26857829093933105,0,0.117733516,0.13480578,1.4479655027389526,1.1534697,1.2035258,7816,38168,45984
MCF7,4,A133,0,2,40,8,0.14000794291496277,0.0036364237312227488,0.14166900515556335,0.0034442469477653503,0.1422869861125946,0.0011171167716383934,0.2568662166595459,0.04333879053592682,0.168370321393013,0.18434305489063263,0.13976164162158966,0.003908055834472179,0.49747365713119507,0,0.18781973,0.22112547,1.9883396625518799,1.4097942,1.4662182,1988,18396,20384
MCF7,4,A133,0,2,40,9,0.10439785569906235,0.002785033080726862,0.1078677549958229,0.002503309864550829,0.10514533519744873,0.0007242981228046119,0.21914765238761902,0.0036891447380185127,0.12620989978313446,0.13863250613212585,0.10424566268920898,0.003204505192115903,0.4611513614654541,0,0.14772649,0.17800054,1.3718873262405396,1.090489,1.1380943,4791,23529,28320
MCF7,4,A133,0,2,40,10,0.08140717446804047,0.0032087848521769047,0.09065397083759308,0.002735001966357231,0.0769122838973999,0.0007528377464041114,0.1827673316001892,0,0.09865137189626694,0.11202822625637054,0.08210059255361557,0.0035840633790940046,0.46077388525009155,0,0.12865235,0.16169314,1.692949891090393,1.3845788,1.4257928,3847,24937,28784
MCF7,4,A133,1,2,40,1,0.09657436609268188,0.0019537843763828278,0.09830251336097717,0.0018188649555668235,0.09978699684143066,0.0007744694012217224,0.23053748905658722,0.011683115735650063,0.1216135248541832,0.13566215336322784,0.09608498960733414,0.002131615998223424,0.3268165588378906,0,0.13203669,0.15580496,1.5401132106781006,1.4553083,1.466519,2316,15204,17520
MCF7,4,A133,1,2,40,2,0.09726006537675858,0.0010499265044927597,0.09732517600059509,0.0010442916536703706,0.11414939910173416,0.00044951445306651294,0.20805108547210693,0.042223915457725525,0.1306353211402893,0.14062757790088654,0.0952197015285492,0.0010838373564183712,0.2923884689807892,0,0.12132791,0.13803901,1.9206571578979492,1.3646346,1.410192,2694,30186,32880
MCF7,4,A133,1,2,40,3,0.09419886767864227,0.0007900413474999368,0.09420498460531235,0.0007895161397755146,0.10111308097839355,0.00035911661689169705,0.1770973801612854,0.06386446952819824,0.11475803703069687,0.12630629539489746,0.093998484313488,0.0008011040044948459,0.27111461758613586,0,0.1166445,0.13001274,1.5472745895385742,1.2708738,1.2786583,867,29917,30784
MCF7,4,A133,1,2,40,4,0.11386075615882874,0.0007202218403108418,0.11386927962303162,0.0007193046039901674,0.12278344482183456,0.0002382298989687115,0.19311398267745972,0.05919145792722702,0.13490816950798035,0.14226241409778595,0.11182743310928345,0.0008077823440544307,0.2960033118724823,0,0.13417883,0.14901629,1.8996989727020264,1.4842494,1.5613526,4956,21748,26704
MCF7,4,A133,1,2,40,5,0.0957789197564125,0.0008938321843743324,0.09586566686630249,0.0008863252005539834,0.0957760140299797,0.0003278153308201581,0.17104561626911163,0.02918160893023014,0.10999418050050735,0.11906187981367111,0.09577968716621399,0.0010441576596349478,0.29491183161735535,0,0.120813295,0.13892588,1.6379815340042114,1.2510468,1.3322457,6957,26195,33152
MCF7,4,A133,1,2,40,6,0.09539223462343216,0.001048461883328855,0.09561070054769516,0.0010299747809767723,0.10774511843919754,0.0003430492652114481,0.1753275841474533,0.03408169746398926,0.12221095710992813,0.13087265193462372,0.09287307411432266,0.001154853729531169,0.25214460492134094,0,0.11993971,0.13605024,1.9906249046325684,1.5604787,1.6333408,4003,19629,23632
MCF7,4,A133,1,2,40,7,0.07249295711517334,0.0007225635927170515,0.07281922549009323,0.0007020566845312715,0.07366989552974701,0.00033529780921526253,0.1703299582004547,0.0018735361518338323,0.08796738088130951,0.09731040894985199,0.07218603789806366,0.0008230991079472005,0.23722077906131744,0,0.09448902,0.10956017,1.4612176418304443,1.1378034,1.2046982,9048,34696,43744
MCF7,4,A133,1,2,40,10,0.10922388732433319,0.0022300579585134983,0.10987745970487595,0.002171588595956564,0.1094304546713829,0.0012830736814066768,0.21514520049095154,0,0.13797122240066528,0.15526844561100006,0.10918528586626053,0.0024069661740213633,0.36082857847213745,0,0.14786859,0.17361173,1.513145923614502,1.2547659,1.2954384,1826,9774,11600
MCF7,4,A133,1,2,40,11,0.08356926590204239,0.000898307713214308,0.08376634865999222,0.0008839170332066715,0.09127084165811539,0.0002108084736391902,0.15796563029289246,0.04562767595052719,0.10273429751396179,0.11020752787590027,0.08296388387680054,0.0009473195532336831,0.22680605947971344,0,0.10689021,0.122633435,1.406362533569336,1.0679013,1.092567,1208,15368,16576
MCF7,4,A133,1,2,40,12,0.08318372815847397,0.0009358138195239007,0.0833580270409584,0.000923244864679873,0.07965907454490662,0.00027971953386440873,0.11649606376886368,0.042024269700050354,0.09249217063188553,0.10063420236110687,0.08318864554166794,0.0009367124293930829,0.274077445268631,0,0.10662415,0.122846864,1.259793996810913,1.0052699,1.0056247,30,21490,21520
MCF7,4,A133,1,2,40,13,0.09019699692726135,0.0031407438218593597,0.09923441708087921,0.0025586122646927834,0.11298810690641403,0.0009164254879578948,0.26606547832489014,0.008457501418888569,0.13681958615779877,0.15213465690612793,0.0859859511256218,0.0034380177967250347,0.4541885554790497,0,0.13149056,0.16324855,1.548780918121338,1.0703539,1.1449658,8646,46794,55440
MCF7,4,A133,10,2,40,1,0.1956348419189453,0.0062705837190151215,0.20142558217048645,0.005289787892252207,0.15499809384346008,0.0006688237190246582,0.24282710254192352,0.057643692940473557,0.17588505148887634,0.18747572600841522,0.19712787866592407,0.0064134965650737286,0.5172751545906067,0,0.25877666,0.29763547,2.0941805839538574,2.8437002,2.8171377,1176,32008,33184
MCF7,4,A133,10,2,40,2,0.1262710690498352,0.004654300399124622,0.13595497608184814,0.0036946688778698444,0.11780470609664917,0.000738812203053385,0.23224133253097534,0.02885814569890499,0.13937698304653168,0.15271395444869995,0.12710735201835632,0.005033284891396761,0.5000435709953308,0,0.1822088,0.2188876,1.7882261276245117,1.7894171,1.7893275,2424,29768,32192
MCF7,4,A133,10,2,40,3,0.1158335953950882,0.0023419195786118507,0.11760640144348145,0.002169268438592553,0.11088927090167999,0.0005216072895564139,0.21095550060272217,0.030743403360247612,0.1289123147726059,0.14043502509593964,0.11685317009687424,0.0027112052775919437,0.4760797619819641,0,0.15608919,0.18431719,1.5619654655456543,1.4204997,1.4446841,5353,25959,31312
MCF7,4,A133,10,2,40,4,0.1324588656425476,0.0049885972402989864,0.14334875345230103,0.0038376757875084877,0.12227359414100647,0.0010817897273227572,0.2503431439399719,0.012676549144089222,0.14844124019145966,0.1643821895122528,0.13314536213874817,0.005244457628577948,0.4460572600364685,0,0.18935052,0.22402836,1.782884955406189,1.8299956,1.8270206,783,11617,12400
MCF7,4,A133,10,2,40,5,0.14015927910804749,0.002721003955230117,0.14068500697612762,0.0026572488714009523,0.14557504653930664,0.0007724693859927356,0.27802813053131104,0.06240934133529663,0.16730822622776031,0.18217213451862335,0.13916385173797607,0.0030727710109204054,0.4597283899784088,0,0.18077248,0.21431665,1.717458724975586,1.2374165,1.3119506,5443,29613,35056
MCF7,4,A133,10,2,40,6,0.1418641060590744,0.0027898307889699936,0.142438605427742,0.0027192989364266396,0.1336672604084015,0.0007047468679957092,0.2437201589345932,0.031131427735090256,0.154707133769989,0.16792984306812286,0.14272961020469666,0.0030021495185792446,0.5215543508529663,0,0.18383715,0.21488145,1.5780352354049683,1.3470654,1.3691242,3102,29378,32480
MCF7,4,A133,10,2,40,7,0.1416010558605194,0.0016304395394399762,0.14164310693740845,0.0016249660402536392,0.133108988404274,0.0003963584895245731,0.19555723667144775,0.046482715755701065,0.148577019572258,0.1568709760904312,0.1430503875017166,0.0018266508122906089,0.4147024154663086,0,0.17546733,0.19898689,1.8231009244918823,1.5533017,1.5926352,6382,37394,43776
MCF7,4,A133,10,2,40,8,0.12815575301647186,0.0030762122478336096,0.129898801445961,0.0028916315641254187,0.12645241618156433,0.0007846441585570574,0.22920000553131104,0.031141625717282295,0.1485309600830078,0.16102814674377441,0.12834720313549042,0.0033334146719425917,0.5275829434394836,0,0.1722,0.2035075,1.9420058727264404,1.3841711,1.440535,3652,32492,36144
MCF7,4,A133,10,2,40,9,0.12582917511463165,0.0012320586247369647,0.12584257125854492,0.001230501919053495,0.12756529450416565,0.00047138886293396354,0.20052747428417206,0.04265817627310753,0.14474910497665405,0.15451687574386597,0.1252947747707367,0.0014649844961240888,0.3504594564437866,0,0.15546128,0.17473564,1.7543779611587524,1.5780897,1.5839026,928,27216,28144
MCF7,4,A133,10,2,40,10,0.12196673452854156,0.002032793592661619,0.12313126027584076,0.001908811740577221,0.119842030107975,0.0005109537742100656,0.21578514575958252,0.01805322989821434,0.13716255128383636,0.1468202769756317,0.12251327931880951,0.00242281099781394,0.4637806713581085,0,0.15925129,0.1857825,1.6887935400009155,1.2322325,1.325648,11877,46171,58048
MCF7,4,A133,11,2,40,1,0.09434226155281067,0.001443492597900331,0.09507223963737488,0.0013852606061846018,0.10160870850086212,0.0002819214132614434,0.1827481985092163,0.045702140778303146,0.11501824110746384,0.12290821969509125,0.09371934086084366,0.0015381546691060066,0.3791166841983795,0,0.123467915,0.14439559,1.3538471460342407,1.0176641,1.044208,3013,35147,38160
MCF7,4,A133,11,2,40,2,0.11789245903491974,0.0015077675925567746,0.11815991252660751,0.001479585887864232,0.12501280009746552,0.0003727219009306282,0.20729635655879974,0.057138171046972275,0.14042794704437256,0.14939583837985992,0.11757589131593704,0.0015558776212856174,0.4074650704860687,0,0.1474784,0.16698217,1.327025294303894,1.0651653,1.076312,1843,41453,43296
MCF7,4,A133,11,2,40,3,0.0914713516831398,0.001140134991146624,0.09195362776517868,0.0011017993092536926,0.09541556239128113,0.0002649413945619017,0.1519687920808792,0.03941817209124565,0.10826464742422104,0.11634409427642822,0.09137330204248428,0.0011614959221333265,0.31361010670661926,0,0.1169506,0.13491778,1.3514529466629028,1.0539972,1.0612124,888,35720,36608
MCF7,4,A133,11,2,40,4,0.13701781630516052,0.0019878640305250883,0.13712415099143982,0.0019748262129724026,0.11964607238769531,0.0008301740163005888,0.19521906971931458,0.04879516735672951,0.14336524903774261,0.1553114801645279,0.13717733323574066,0.0019956976175308228,0.42291051149368286,0,0.17213926,0.19429202,1.9310942888259888,2.0080452,2.007345,176,19168,19344
MCF7,4,A133,11,2,40,5,0.09558907151222229,0.0016207580920308828,0.0968623235821724,0.0015190159901976585,0.088532954454422,0.0004293824313208461,0.16251231729984283,0,0.10485666245222092,0.11448849737644196,0.09683635830879211,0.0018209990812465549,0.4143286943435669,0,0.12887456,0.15045945,1.978872537612915,1.8159075,1.8403873,7405,41891,49296
MCF7,4,A133,11,2,40,6,0.102649986743927,0.0009515503770671785,0.10268398374319077,0.0009483749745413661,0.11012394726276398,0.00043205960537306964,0.2057514488697052,0.02983204275369644,0.1269257664680481,0.1365901380777359,0.10115020722150803,0.0010423366911709309,0.31299617886543274,0,0.12637216,0.14277063,1.6792857646942139,1.2379949,1.3117479,7573,37739,45312
MCF7,4,A133,12,2,40,1,0.08521462976932526,0.0023847559932619333,0.09250564873218536,0.0019143368117511272,0.10601425915956497,0.0005643254844471812,0.19105057418346405,0.02279892936348915,0.12492150813341141,0.1359083354473114,0.07935095578432083,0.002741612959653139,0.3333982825279236,0,0.12175727,0.14734812,1.5515602827072144,1.2629358,1.3264087,3019,10709,13728
MCF7,4,A133,12,2,40,2,0.09907574206590652,0.0016521819634363055,0.10030066967010498,0.0015497469576075673,0.10283246636390686,0.0007597017684020102,0.19718921184539795,0.003495673183351755,0.12463978677988052,0.13812915980815887,0.0981401577591896,0.0018700564978644252,0.32509946823120117,0,0.1325509,0.15329435,1.8225635290145874,1.5606954,1.6129081,3053,12259,15312
MCF7,4,A133,12,2,40,3,0.09370046108961105,0.0014307079836726189,0.09479562193155289,0.0013436133740469813,0.0945097878575325,0.0005324971862137318,0.18156130611896515,0,0.11269087344408035,0.1238517016172409,0.0934164896607399,0.0017455447232350707,0.3270840346813202,0,0.12578644,0.14674434,1.5317331552505493,1.2786583,1.3443898,4991,14225,19216
MCF7,4,A133,12,2,40,4,0.11718731373548508,0.0012791239423677325,0.11724092811346054,0.0012734229676425457,0.12205416709184647,0.0006710280431434512,0.21510392427444458,0.03740599751472473,0.14267973601818085,0.15533354878425598,0.11604953557252884,0.0014144517481327057,0.2877039909362793,0,0.14579214,0.16472973,1.7084035873413086,1.5014464,1.535466,3235,16445,19680
MCF7,4,A133,12,2,40,5,0.11137634515762329,0.0007956015761010349,0.1113884225487709,0.0007943423115648329,0.12548546493053436,0.00038857702747918665,0.19803419709205627,0.031039554625749588,0.1409963220357895,0.15041707456111908,0.1082492247223854,0.0008319139597006142,0.22710959613323212,0,0.13101313,0.14485097,1.9361488819122314,1.6337688,1.6886288,5019,22645,27664
MCF7,4,A133,12,2,40,6,0.109096959233284,0.0017436640337109566,0.10975412279367447,0.0016820395831018686,0.1150752380490303,0.0009073982364498079,0.23382116854190826,0.002632718300446868,0.13890281319618225,0.15324728190898895,0.10744357109069824,0.001962326467037201,0.36826521158218384,0,0.14218979,0.16426824,1.7895704507827759,1.4820325,1.5486597,4378,15830,20208
MCF7,4,A133,12,2,40,7,0.09596261382102966,0.0008271666010841727,0.09602295607328415,0.000821892695967108,0.10820364207029343,0.00022826484928373247,0.15244026482105255,0.05484605208039284,0.12031114846467972,0.12698562443256378,0.09443523734807968,0.0008808653219603002,0.26096728444099426,0,0.11729332,0.13241793,1.5487521886825562,1.0742486,1.1268871,2295,18393,20688
MCF7,4,A133,12,2,40,8,0.09585614502429962,0.0009066594648174942,0.09585614502429962,0.0009066594648174942,0.107347272336483,0.00033443994470871985,0.17995566129684448,0.050923217087984085,0.12213192135095596,0.13142889738082886,0.09393080323934555,0.000976703828200698,0.2383560985326767,0.00021018597180955112,0.118712425,0.13605852,1.529972791671753,1.0341389,1.1052941,2117,12635,14752
MCF7,4,A133,12,2,40,9,0.07930302619934082,0.0015264707617461681,0.08083467185497284,0.0014321422204375267,0.07440415024757385,0.0004512491577770561,0.15240973234176636,0,0.09140375256538391,0.10169015824794769,0.08019206672906876,0.0017164559103548527,0.3683312237262726,0,0.11228537,0.13451745,1.3517262935638428,1.3431726,1.3444864,3802,20950,24752
MCF7,4,A133,12,2,40,10,0.1084330752491951,0.0009306640131399035,0.10844830423593521,0.0009291420574299991,0.1191418245434761,0.0005045179859735072,0.1963183879852295,0.03913796320557594,0.13672055304050446,0.1471719592809677,0.10621941089630127,0.000990148982964456,0.24464303255081177,0,0.13117023,0.14650638,1.6906046867370605,1.3647449,1.420566,4876,23588,28464
MCF7,4,A133,12,2,40,11,0.09201885014772415,0.0007832608534954488,0.092169851064682,0.0007706290925852954,0.09581893682479858,0.00015620743215549737,0.13516578078269958,0.056966669857501984,0.10587266087532043,0.11228863894939423,0.09194999188184738,0.0007943562814034522,0.25508779287338257,0,0.11334182,0.12767737,1.3646003007888794,1.0832727,1.0882795,717,39571,40288
MCF7,4,A133,12,2,40,12,0.10704498738050461,0.0029036609921604395,0.1096859872341156,0.0026856199838221073,0.0612446591258049,0.001138780266046524,0.1720331311225891,0,0.0883946642279625,0.10603095591068268,0.10801947861909866,0.002895630896091461,0.46224719285964966,0,0.14978735,0.17729795,1.7586017847061157,2.4870224,2.4718468,1387,65189,66576
MCF7,4,A133,13,2,40,1,0.07539842277765274,0.0011523413704708219,0.07797912508249283,0.0009905423503369093,0.08750469982624054,0.0002290140837430954,0.15053792297840118,0.035543959587812424,0.0994439572095871,0.1068834662437439,0.072884701192379,0.0013073087902739644,0.36245933175086975,0,0.101385124,0.11786093,1.7130366563796997,1.5583631,1.5849572,6198,29850,36048
MCF7,4,A133,13,2,40,2,0.0918286070227623,0.0014534414513036609,0.09336356818675995,0.0013344268081709743,0.09682337939739227,0.00037290769978426397,0.17526490986347198,0.027986813336610794,0.11219179630279541,0.12171953916549683,0.09050501137971878,0.001731416559778154,0.4103233218193054,0,0.12201652,0.14308141,1.7064123153686523,1.3807521,1.4489727,6613,24955,31568
MCF7,4,A133,13,2,40,3,0.10859023779630661,0.0008153379894793034,0.10863293707370758,0.0008110198541544378,0.11956590414047241,0.0002408089058008045,0.19247618317604065,0.06836087256669998,0.13172079622745514,0.13921204209327698,0.10721710324287415,0.0008702590712346137,0.32605716586112976,0,0.12976238,0.14401105,1.4596033096313477,1.1090336,1.1415632,4013,39235,43248
MCF7,4,A133,13,2,40,4,0.11578509211540222,0.0013345076004043221,0.11626895517110825,0.001283826306462288,0.12231560796499252,0.0001638358080526814,0.15342995524406433,0.0970296785235405,0.13285772502422333,0.13893158733844757,0.1157575398683548,0.001339264097623527,0.4514590799808502,0,0.14305829,0.15911429,1.3178043365478516,1.0066919,1.0079985,110,26082,26192
MCF7,4,A133,13,2,40,5,0.13038675487041473,0.0010451034177094698,0.13038675487041473,0.0010451034177094698,0.1242121085524559,0.00026681486633606255,0.17726008594036102,0.06941348314285278,0.13721194863319397,0.14478881657123566,0.13094539940357208,0.0011117570102214813,0.35071566700935364,0.011328470893204212,0.15648107,0.17442209,1.3379156589508057,1.1087291,1.1277441,1135,12545,13680
MCF7,4,A133,13,2,40,6,0.13095082342624664,0.001575791509822011,0.13095970451831818,0.0015747357392683625,0.1334858536720276,0.0005136464023962617,0.20886272192001343,0.06425531953573227,0.1508859246969223,0.1645982712507248,0.13066217303276062,0.0016959153581410646,0.3747502267360687,0,0.16323595,0.18316217,1.4565269947052002,1.0761819,1.115062,1508,13244,14752
MCF7,4,A133,13,2,40,7,0.13386966288089752,0.0013350347289815545,0.13389483094215393,0.0013319157296791673,0.13815189898014069,0.00040505052311345935,0.2018193006515503,0.07192248106002808,0.1539333313703537,0.1626153588294983,0.1334146410226822,0.0014316984452307224,0.3514974117279053,0,0.16283444,0.18165587,1.423195242881775,1.1914477,1.2137076,3066,28854,31920
MCF7,4,A133,13,2,40,8,0.11980453133583069,0.002068061614409089,0.12068169564008713,0.00197734497487545,0.1199399083852768,0.00044292284292168915,0.18813085556030273,0.050708554685115814,0.1369163990020752,0.1466512829065323,0.1197781041264534,0.002385276835411787,0.43988603353500366,0,0.15737683,0.1821466,1.7963485717773438,1.5046294,1.5522721,3640,18648,22288
MCF7,4,A133,13,2,40,9,0.14099283516407013,0.003133373335003853,0.1419731080532074,0.003015984082594514,0.116649329662323,0.0008022592519409955,0.18315312266349792,0.061027392745018005,0.1378455013036728,0.15256626904010773,0.14101313054561615,0.003134822705760598,0.46195632219314575,0,0.18388703,0.21233307,1.975372552871704,1.960041,1.9600539,14,16786,16800
MCF7,4,A133,13,2,40,10,0.12593911588191986,0.0022585312835872173,0.12668544054031372,0.0021773676853626966,0.11733987182378769,0.0008961603161878884,0.23491348326206207,0.016633521765470505,0.14107780158519745,0.15601365268230438,0.1277611404657364,0.00252820597961545,0.35391685366630554,0,0.16713035,0.1920063,1.8796244859695435,1.6429205,1.6843052,2582,12186,14768
MCF7,4,A133,13,2,40,11,0.10107225179672241,0.002227206714451313,0.10274703055620193,0.002092033624649048,0.09468672424554825,0.0005921738920733333,0.18233409523963928,0.010701407678425312,0.1138531044125557,0.12573181092739105,0.10243944823741913,0.0025666807778179646,0.422914057970047,0,0.14155725,0.16832682,1.3910378217697144,1.3231667,1.3351358,3527,16473,20000
MCF7,4,A133,13,2,40,12,0.11925652623176575,0.0016996946651488543,0.11950410902500153,0.0016736353281885386,0.12038265913724899,0.0007625356083735824,0.20525072515010834,0.030821850523352623,0.1424866020679474,0.15523475408554077,0.11910400539636612,0.0018264210084453225,0.330659419298172,0,0.1523815,0.17348434,1.5586435794830322,1.344656,1.3701799,2418,17854,20272
MCF7,4,A133,13,2,40,13,0.15154536068439484,0.0033232460264116526,0.15192386507987976,0.003274044021964073,0.11639664322137833,0.0005759474006481469,0.19217367470264435,0.03818051889538765,0.13518638908863068,0.14791510999202728,0.1524754911661148,0.003362388117238879,0.5096158981323242,0,0.19634673,0.22962156,2.022097110748291,2.1471782,2.1439538,476,17988,18464
MCF7,4,A133,14,2,40,1,0.10671307146549225,0.0016150115989148617,0.10764487087726593,0.001528809661976993,0.11235832422971725,0.0005796517943963408,0.2146034836769104,0.014761900529265404,0.13141393661499023,0.14299994707107544,0.10521050542593002,0.0018798469100147486,0.40535101294517517,0,0.13903934,0.16054289,1.6259441375732422,1.2764733,1.3499365,5294,19890,25184
MCF7,4,A133,14,2,40,2,0.09273267537355423,0.001144177746027708,0.0931844562292099,0.0011076533701270819,0.09279682487249374,0.00041373036219738424,0.1629050076007843,0.028801284730434418,0.10893629491329193,0.11879103630781174,0.09271856397390366,0.0013049953849986196,0.29252344369888306,0,0.120784156,0.13892251,1.3337751626968384,1.1412059,1.1759528,3424,15552,18976
MCF7,4,A133,14,2,40,3,0.10374058783054352,0.0040608057752251625,0.11445851624011993,0.0032535891514271498,0.11693677306175232,0.0009183899383060634,0.2330867499113083,0.02670734003186226,0.1407172977924347,0.1551540493965149,0.10353662073612213,0.004106647334992886,0.4310692846775055,0,0.15304483,0.18625876,1.3003828525543213,0.9659803,0.9710707,832,53824,54656
MCF7,4,A133,14,2,40,4,0.1274941861629486,0.0007770672091282904,0.1274941861629486,0.0007770672091282904,0.13035948574543,0.0002655703865457326,0.19404806196689606,0.05413997545838356,0.14296577870845795,0.1496029496192932,0.1269690841436386,0.0008690254180692136,0.2834607660770416,0.028159303590655327,0.14954127,0.16544884,1.4119126796722412,1.2213421,1.2508576,4520,24664,29184
MCF7,4,A133,14,2,40,5,0.1095627099275589,0.000586225651204586,0.1095627099275589,0.000586225651204586,0.11218930780887604,0.00016555671754758805,0.14474743604660034,0.07956153154373169,0.12254023551940918,0.12908177077770233,0.10954762995243073,0.0005886020371690392,0.2471521496772766,0.008209564723074436,0.12802337,0.14096373,1.3078203201293945,1.1148456,1.1159477,142,24722,24864
MCF7,4,A133,14,2,40,6,0.11190900206565857,0.0013449267717078328,0.11205434799194336,0.001330386963672936,0.11135121434926987,0.0005404707626439631,0.1875491589307785,0,0.129355326294899,0.13922959566116333,0.11205976456403732,0.0015622632345184684,0.3224824368953705,0,0.14318345,0.1636843,1.9195839166641235,1.543963,1.6238889,10663,39449,50112
MCF7,4,A133,15,2,40,1,0.11211974918842316,0.0023697740398347378,0.11276479810476303,0.0023106688167899847,0.1452033519744873,0.0008417242206633091,0.2146068811416626,0.07486382126808167,0.16977816820144653,0.18214277923107147,0.11123453825712204,0.0023805899545550346,0.34943634271621704,0,0.15068588,0.1762882,1.427688717842102,1.012755,1.0235678,246,9194,9440
MCF7,4,A133,15,2,40,2,0.09395159780979156,0.001579715870320797,0.09476452320814133,0.0015163476346060634,0.12373344600200653,0.0001547786669107154,0.1584465056657791,0.09341555088758469,0.13354039192199707,0.14005762338638306,0.09371060132980347,0.0015840110136196017,0.3090328872203827,0,0.12483424,0.1441461,1.3501603603363037,0.9231354,0.9265631,131,16189,16320
MCF7,4,A133,15,2,40,3,0.10548153519630432,0.0014181382721289992,0.10624948889017105,0.0013468677643686533,0.10380328446626663,0.0004530447768047452,0.22180022299289703,0.03252022713422775,0.1206398606300354,0.13104213774204254,0.10605805367231369,0.001748374430462718,0.4461789131164551,0,0.1377465,0.1582913,1.9177509546279907,1.8067228,1.8343092,7597,22979,30576
MCF7,4,A133,15,2,40,4,0.13195130228996277,0.0015138679882511497,0.13197870552539825,0.001510565634816885,0.16957591474056244,0.00042081146966665983,0.2164345532655716,0.10752557963132858,0.18588587641716003,0.19536428153514862,0.13162824511528015,0.0015109940432012081,0.3557247817516327,0,0.16234241,0.18213916,1.4218324422836304,1.0256068,1.02898,205,23875,24080
MCF7,4,A133,15,2,40,5,0.10871147364377975,0.0011470734607428312,0.10883568972349167,0.0011348641710355878,0.10295193642377853,0.0003957836306653917,0.21131861209869385,0.014977844431996346,0.11859683692455292,0.1284400373697281,0.11157766729593277,0.0014962248969823122,0.3695374131202698,0,0.14116432,0.16135755,1.687961459159851,1.5582671,1.6013623,9607,19305,28912
MCF7,4,A133,15,2,40,8,0.11219979077577591,0.0037727225571870804,0.11804911494255066,0.0032788990065455437,0.085675910115242,0.0011505165603011847,0.15925459563732147,0,0.1133972555398941,0.1295975297689438,0.11243751645088196,0.003789863782003522,0.479661762714386,0,0.15999903,0.19160303,1.786742091178894,1.8666259,1.8659163,225,25103,25328
MCF7,4,A133,2,2,40,5,0.0887993648648262,0.0011825243709608912,0.08930586278438568,0.0011440353700891137,0.11153782159090042,0.0005322800716385245,0.16046936810016632,0.0786663368344307,0.13092298805713654,0.14721935987472534,0.0887591615319252,0.0011827583657577634,0.3304016590118408,0,0.11533449,0.13215195,1.3540217876434326,0.8331103,0.8340299,47,26577,26624
MCF7,4,A133,2,2,40,6,0.11246074736118317,0.0032993415370583534,0.1180836483836174,0.0028003312181681395,0.12210928648710251,0.0007539434009231627,0.22944258153438568,0.03112519532442093,0.14407432079315186,0.15710484981536865,0.11118734627962112,0.003621366573497653,0.49222615361213684,0,0.15707268,0.18805155,1.8300703763961792,1.2101215,1.2824011,5531,41909,47440
MCF7,4,A133,2,2,40,7,0.07327088713645935,0.0013458945322781801,0.07534678280353546,0.0012276140041649342,0.09144450724124908,0.0003394067462068051,0.1842545121908188,0.011233179830014706,0.10575619339942932,0.1150418072938919,0.07175014168024063,0.0014001661911606789,0.3998728394508362,0,0.09947179,0.11888504,1.5007151365280151,0.8776641,0.9257745,3977,47527,51504
MCF7,4,A133,2,2,40,8,0.09705112874507904,0.0024191001430153847,0.09983861446380615,0.002210281090810895,0.09950080513954163,0.0005419713561423123,0.17691388726234436,0.003624447388574481,0.11771252006292343,0.1280703842639923,0.09665831178426743,0.0027189827524125576,0.3990051746368408,0,0.13649723,0.16349895,1.8092085123062134,1.3301504,1.3963522,5395,33645,39040
MCF7,4,A133,3,2,40,1,0.09927516430616379,0.0009679038194008172,0.09940178692340851,0.0009565518703311682,0.09789592772722244,0.0003870860964525491,0.1637350469827652,0.038669053465127945,0.11355075985193253,0.12331900000572205,0.09931260347366333,0.0009836135432124138,0.3063334822654724,0,0.1237441,0.13913856,2.0767722129821777,2.0469184,2.0477073,1286,47386,48672
MCF7,4,A133,3,2,40,2,0.11243635416030884,0.0014349065022543073,0.11264795064926147,0.0014137695543467999,0.11133380234241486,0.00034638482611626387,0.1763041615486145,0.043242402374744415,0.12617726624011993,0.13488724827766418,0.11264952272176743,0.0016450912225991488,0.3520860970020294,0,0.143681,0.1653159,1.4328731298446655,1.2690166,1.295565,4140,21412,25552
MCF7,4,A133,3,2,40,3,0.10523909330368042,0.001180860330350697,0.10528190433979034,0.0011768325930461287,0.0954558476805687,0.00039522568113170564,0.16943496465682983,0.03619612753391266,0.1115059107542038,0.12049030512571335,0.10681264847517014,0.0012893540551885962,0.3017991781234741,0,0.13472393,0.15380289,1.296298623085022,1.2985443,1.2982332,2044,12708,14752
MCF7,4,A133,3,2,40,4,0.1345745325088501,0.0019992280285805464,0.13466741144657135,0.001988098956644535,0.1061328798532486,0.00040720365359447896,0.17743363976478577,0.04371342435479164,0.12218295782804489,0.1315947324037552,0.1354461908340454,0.002022468252107501,0.4277089536190033,0,0.16951449,0.19474766,2.1092898845672607,2.3237712,2.317393,776,25320,26096
MCF7,4,A133,3,2,40,5,0.11711229383945465,0.0030892861541360617,0.11969760060310364,0.002848028903827071,0.10789287090301514,0.0011314378352835774,0.257846474647522,0,0.1342669427394867,0.15078170597553253,0.11918078362941742,0.00350520433858037,0.45571908354759216,0,0.16525716,0.19569345,1.6739649772644043,1.5255879,1.5527778,4310,19210,23520
MCF7,4,A133,3,2,40,6,0.1047818586230278,0.0028997778426855803,0.10722189396619797,0.002705679275095463,0.09251310676336288,0.0006451231893151999,0.2080412358045578,0.010858520865440369,0.1124899610877037,0.12475582212209702,0.10650532692670822,0.0031923907808959484,0.4320725202560425,0,0.15051559,0.18052584,1.5479408502578735,1.6582783,1.6446879,3778,26894,30672
MCF7,4,A133,3,2,40,8,0.08505135774612427,0.0009592279093340039,0.08524194359779358,0.0009451318765059114,0.09659670293331146,0.00037663811235688627,0.1668359786272049,0.04729873314499855,0.11096928268671036,0.1197216734290123,0.08501723408699036,0.0009605548693798482,0.2231036126613617,0,0.10931949,0.12463563,1.4716395139694214,0.7901478,0.7921563,58,19622,19680
MCF7,4,A133,4,2,40,1,0.08966944366693497,0.00369844539090991,0.10370460152626038,0.0028218200895935297,0.08887532353401184,0.0009354617213830352,0.21290355920791626,0,0.1131942868232727,0.12810486555099487,0.08989349752664566,0.004477751906961203,0.4882560968399048,0,0.14352039,0.17722449,1.5458629131317139,1.3270696,1.3752154,9302,32970,42272
MCF7,4,A133,4,2,40,2,0.11001724749803543,0.0030194809660315514,0.11336705088615417,0.0027316606137901545,0.09573505818843842,0.000404829770559445,0.1741999089717865,0.022519413381814957,0.11175620555877686,0.12146992981433868,0.11201029270887375,0.0033519105054438114,0.4448256194591522,0,0.15532063,0.187153,1.405079960823059,1.2750127,1.2909406,5541,39707,45248
MCF7,4,A133,4,2,40,3,0.10694243758916855,0.0027816547080874443,0.1095123440027237,0.0025670635513961315,0.09785337746143341,0.0005047474405728281,0.18704333901405334,0.02526598609983921,0.11570865660905838,0.126962348818779,0.10812970250844955,0.0030668796971440315,0.49140486121177673,0,0.15100986,0.17991085,1.7322512865066528,1.5185573,1.5432466,2954,22614,25568
MCF7,4,A133,4,2,40,4,0.1693035215139389,0.0032297703437507153,0.16994529962539673,0.003132944693788886,0.16076964139938354,0.0008833835599943995,0.2660033702850342,0.040358930826187134,0.1844644397497177,0.19864217936992645,0.17137806117534637,0.0037781577557325363,0.5201433897018433,0,0.21865983,0.24951573,1.919311285018921,1.6570183,1.7083116,3107,12781,15888
MCF7,4,A133,4,2,40,5,0.13036416471004486,0.0014985045418143272,0.13049085438251495,0.0014834289904683828,0.12660261988639832,0.0003974947612732649,0.22244860231876373,0.05792491137981415,0.1424587368965149,0.1519327610731125,0.1312333643436432,0.0017488962039351463,0.3932081460952759,0,0.16334571,0.18510504,1.432660698890686,1.2478976,1.2825781,4640,20080,24720
MCF7,4,A133,4,2,40,6,0.11581885814666748,0.0016704604495316744,0.11603549122810364,0.0016484486404806376,0.11417009681463242,0.0003940117312595248,0.18308386206626892,0.053382836282253265,0.13019679486751556,0.1389715075492859,0.11607231199741364,0.0018661940703168511,0.4057880938053131,0,0.14823154,0.17229402,1.5015102624893188,1.1041092,1.1570582,3283,21357,24640
MCF7,4,A133,4,2,40,7,0.14263159036636353,0.0019957860931754112,0.142713263630867,0.0019852721597999334,0.14464470744132996,0.00047411510604433715,0.219285249710083,0.07936281710863113,0.16175024211406708,0.17113885283470154,0.14234387874603271,0.002212581690400839,0.48083028197288513,0,0.1787433,0.20401119,1.77846360206604,1.3802891,1.4300761,3277,22931,26208
MCF7,4,A133,4,2,40,8,0.08547001332044601,0.0027779401279985905,0.09084160625934601,0.0024645638186484575,0.0781019926071167,0.00016387455980293453,0.1035596951842308,0.05425896495580673,0.08898362517356873,0.09447384625673294,0.08548086136579514,0.0027817068621516228,0.4804139733314514,0,0.12342502,0.15453303,1.2956047058105469,0.7897942,0.79053736,41,27863,27904
MCF7,4,A133,4,2,40,9,0.08491859585046768,0.0018979774322360754,0.08686496317386627,0.001772408839315176,0.08420056104660034,0.00022490735864266753,0.1316780000925064,0.05719318985939026,0.09621410816907883,0.10469887405633926,0.08492298424243927,0.0019081903155893087,0.4005487263202667,0,0.11828532,0.14155908,1.288528561592102,0.9689402,0.97087985,198,32426,32624
MCF7,4,A133,5,2,40,1,0.12493830174207687,0.003228084184229374,0.12762461602687836,0.0029546499717980623,0.1145252212882042,0.0008174848044291139,0.2302640676498413,0.013670029118657112,0.13720069825649261,0.15137867629528046,0.12675295770168304,0.0036259787157177925,0.49406343698501587,0,0.1723017,0.20519195,1.3086494207382202,1.1448516,1.1691599,7121,40863,47984
MCF7,4,A133,5,2,40,2,0.09660952538251877,0.0019164620898663998,0.09795018285512924,0.0018117395229637623,0.09260357171297073,0.0006604338996112347,0.19166766107082367,0,0.11320331692695618,0.12541475892066956,0.0978570282459259,0.0023010538425296545,0.38712701201438904,0,0.13547555,0.16028525,1.493971586227417,1.2384406,1.2991203,5361,17215,22576
MCF7,4,A133,5,2,40,3,0.12943069636821747,0.0021996668074280024,0.12972384691238403,0.002166620222851634,0.10927291214466095,0.001064232550561428,0.2260725498199463,0.010334918275475502,0.13534781336784363,0.15144440531730652,0.13081015646457672,0.0022476580925285816,0.4271693825721741,0,0.16800183,0.19140951,1.7511869668960571,1.8836315,1.8751485,992,14496,15488
MCF7,4,A133,5,2,40,4,0.10609998553991318,0.0014227264327928424,0.10628894716501236,0.0014051749603822827,0.11294940859079361,0.00035551158362068236,0.20632269978523254,0.03812483325600624,0.12777157127857208,0.13722610473632812,0.1046673133969307,0.0016340861329808831,0.47511619329452515,0,0.1357916,0.15696162,1.680793046951294,1.1870197,1.2724345,8854,42330,51184
MCF7,4,A133,5,2,40,5,0.10175088047981262,0.0011269358219578862,0.10188685357570648,0.0011145881144329906,0.08841262012720108,0.0004360625462140888,0.17275837063789368,0.00617472268640995,0.10481327772140503,0.11467558145523071,0.10308101773262024,0.001176321180537343,0.32378628849983215,0,0.12928323,0.14685462,1.9822089672088623,2.0340455,2.0293453,4077,40883,44960
MCF7,4,A133,5,2,40,6,0.08375818282365799,0.0013815108686685562,0.08461343497037888,0.001323251286521554,0.07276911288499832,0.0005033257184550166,0.17456454038619995,0,0.09063500165939331,0.10159844905138016,0.0851316899061203,0.0014742935309186578,0.34216850996017456,0,0.11439129,0.13477984,1.6832693815231323,1.7583193,1.7499812,3957,31659,35616
MCF7,4,A133,6,2,40,1,0.10951022058725357,0.005763346329331398,0.13213984668254852,0.00396403344348073,0.08905111253261566,0.0009324344573542476,0.1788172423839569,0.035118285566568375,0.11335394531488419,0.1283838450908661,0.1095367968082428,0.005769075360149145,0.4830307960510254,0,0.17112397,0.2063179,1.7404640913009644,2.4927697,2.4917939,57,43895,43952
MCF7,4,A133,6,2,40,3,0.09307873249053955,0.001946809934452176,0.09523054212331772,0.0017868978902697563,0.10775298625230789,0.00032061312231235206,0.20903357863426208,0.03964570537209511,0.12170935422182083,0.13062185049057007,0.09078899025917053,0.0021617142483592033,0.4053836762905121,0,0.12703237,0.15057355,1.447321891784668,1.0173374,1.075375,3829,24539,28368
MCF7,4,A133,6,2,40,4,0.07916008681058884,0.0008840286755003035,0.0796673372387886,0.0008492823108099401,0.08269110321998596,0.00025324735906906426,0.15410295128822327,0.020250221714377403,0.09529351443052292,0.10329695791006088,0.07845176756381989,0.0010075615718960762,0.2750072479248047,0,0.10302078,0.11894317,1.3478585481643677,1.2031037,1.22729,8135,40553,48688
MCF7,4,A133,7,2,40,1,0.14351151883602142,0.003045556368306279,0.14777669310569763,0.0025057783350348473,0.14695613086223602,0.0006160139455460012,0.23222482204437256,0.049813639372587204,0.1664884388446808,0.17756780982017517,0.14259056746959686,0.003691102145239711,0.5294978618621826,0,0.18808948,0.21615466,1.7402466535568237,1.497905,1.5490291,6052,22636,28688
MCF7,4,A133,7,2,40,3,0.17953629791736603,0.002027455484494567,0.17955680191516876,0.0020240074954926968,0.14569948613643646,0.000455894652986899,0.21753990650177002,0.07601457089185715,0.16293971240520477,0.17305415868759155,0.18225635588169098,0.0020543525461107492,0.5190662741661072,0,0.21592438,0.24126376,1.955318808555603,2.1594164,2.1442304,1956,24332,26288
MCF7,4,A133,7,2,40,5,0.15953560173511505,0.0011272946139797568,0.15953560173511505,0.0011272946139797568,0.1551739126443863,0.00031848240178078413,0.2598133087158203,0.08740738779306412,0.168489471077919,0.176842600107193,0.16056352853775024,0.0013123671524226665,0.35616928339004517,0.026872266083955765,0.18919577,0.20671351,1.840514063835144,1.3912176,1.4769084,5978,25366,31344
MCF7,4,A133,7,2,40,7,0.16949322819709778,0.002902548061683774,0.16972865164279938,0.0028666197322309017,0.11816222965717316,0.000718018040060997,0.17259056866168976,0.031041355803608894,0.13697750866413116,0.1502343863248825,0.16955842077732086,0.0029019718058407307,0.5645174384117126,0,0.210684,0.23866312,2.0204644203186035,2.9691272,2.967924,32,25200,25232
MCF7,4,A133,7,2,40,8,0.17967969179153442,0.003885252634063363,0.18094833195209503,0.003683126298710704,0.16597981750965118,0.0008940281113609672,0.31652918457984924,0.06676408648490906,0.18969596922397614,0.2043246477842331,0.18102340400218964,0.004158426076173782,0.49785760045051575,0,0.22949122,0.26265743,2.058115243911743,1.8390677,1.8586335,3873,39487,43360
MCF7,4,A133,7,2,40,9,0.033843543380498886,0.001743506290949881,0.05797172337770462,0.001587757607921958,0.045705847442150116,0.0008554608793929219,0.1790672242641449,0,0.06921230256557465,0.08426503092050552,0.03224363550543785,0.0018417414976283908,0.359252393245697,0,0.064143375,0.09454798,1.5009711980819702,1.6865534,1.6644979,1892,14028,15920
MCF7,4,A133,8,2,40,1,0.07782768458127975,0.0009007288026623428,0.07892954349517822,0.0008265116484835744,0.08773070573806763,0.00015029915084596723,0.15315167605876923,0.04578482359647751,0.09744195640087128,0.10361123830080032,0.07667172700166702,0.0009755408973433077,0.32226893305778503,0,0.09981667,0.1155866,1.4598770141601562,1.1033659,1.1406308,5713,48943,54656
MCF7,4,A133,8,2,40,4,0.1110597476363182,0.001976367784664035,0.11284302175045013,0.0018068718491122127,0.10932500660419464,0.0004719355492852628,0.18942250311374664,0.04400176927447319,0.12667028605937958,0.13750220835208893,0.11130176484584808,0.00218576961196959,0.4521405100822449,0,0.1466493,0.1689652,2.130859375,2.0114827,2.0260975,3951,28321,32272
MCF7,4,A133,8,2,40,5,0.1127810925245285,0.0018858920084312558,0.11329516768455505,0.0018362471600994468,0.11212899535894394,0.0004215648223180324,0.1769101917743683,0.016096405684947968,0.1277828812599182,0.13601285219192505,0.11295048147439957,0.002266120631247759,0.3559248447418213,0,0.15064383,0.17298411,1.9145736694335938,1.4373586,1.5357583,6044,23268,29312
MCF7,4,A133,8,2,40,6,0.0921575129032135,0.001862391596660018,0.094266876578331,0.0017061758553609252,0.10680458694696426,0.0007253058138303459,0.2227509617805481,0.002181623363867402,0.12810924649238586,0.1410660445690155,0.08842483907938004,0.0020835623145103455,0.32467782497406006,0,0.12432732,0.14756328,1.6681373119354248,1.1646525,1.2669033,6580,25820,32400
MCF7,4,A133,8,2,40,7,0.08882570266723633,0.0011552167125046253,0.08901220560073853,0.0011410402366891503,0.09439275413751602,0.00032325170468539,0.1678861528635025,0.02315104380249977,0.10806746035814285,0.11670166254043579,0.08730693906545639,0.0013714245287701488,0.24716931581497192,0,0.11707739,0.13733386,1.3898718357086182,1.190021,1.2328565,5319,19497,24816
MCF7,4,A133,9,2,40,1,0.15612049400806427,0.002406937535852194,0.1561775505542755,0.002398907672613859,0.18615561723709106,0.0009510438540019095,0.2802318036556244,0.08362756669521332,0.21146853268146515,0.2260037362575531,0.15176117420196533,0.0024683107621967793,0.3910524547100067,0,0.19120139,0.21859032,1.7740044593811035,1.3983072,1.4459249,3123,21517,24640
MCF7,4,A133,9,2,40,2,0.07796087116003036,0.0014736372977495193,0.08063347637653351,0.0013086542021483183,0.08050272613763809,0.0004466953978408128,0.16154199838638306,0.0005560018471442163,0.09718071669340134,0.1080479770898819,0.07734315097332001,0.0017212502425536513,0.32345348596572876,0,0.10932727,0.13060686,1.6473908424377441,1.3289086,1.3819231,4304,21552,25856
MCF7,4,A133,9,2,40,3,0.15535743534564972,0.001664437586441636,0.15535743534564972,0.001664437586441636,0.1809541881084442,0.0006844689487479627,0.2772412598133087,0.08015038818120956,0.20107226073741913,0.21343430876731873,0.150664284825325,0.0017019592924043536,0.3451984226703644,0.003671251703053713,0.18255153,0.20473753,1.8664909601211548,1.4239937,1.4925547,4083,22269,26352
MCF7,4,A133,9,2,40,4,0.07757078856229782,0.0014502713456749916,0.07958994805812836,0.0013273166259750724,0.07876942306756973,0.00043980457121506333,0.17241661250591278,0.002052735071629286,0.09533392637968063,0.10563482344150543,0.07725823670625687,0.0017132782377302647,0.3581783175468445,0,0.109271236,0.13085297,1.5401219129562378,1.3039944,1.3528306,4924,18884,23808
MCF7,4,A133,9,2,40,5,0.13545803725719452,0.0012304026167839766,0.13546976447105408,0.0012289205333217978,0.14143489301204681,0.0005917315720580518,0.24041779339313507,0.053496941924095154,0.16086801886558533,0.173380047082901,0.1341746747493744,0.0013582215178757906,0.29605209827423096,0,0.1633981,0.1821373,1.4897737503051758,1.3050199,1.337678,4084,19020,23104
MCF7,4,A133,9,2,40,6,0.10234961658716202,0.001841244986280799,0.10348641127347946,0.001744053908623755,0.08032367378473282,0.0003300706157460809,0.1488741934299469,0.01773851364850998,0.09480282664299011,0.10347259044647217,0.10548747330904007,0.001977568957954645,0.40946489572525024,0,0.13966496,0.1623291,1.5763144493103027,2.0760312,2.013718,4938,34662,39600
MCF7,4,A133,9,2,40,7,0.10657431930303574,0.001764114247635007,0.10721142590045929,0.0017063554842025042,0.10176067054271698,0.0006200041971169412,0.19278870522975922,0.002783327829092741,0.12153401225805283,0.13317492604255676,0.10761775821447372,0.0020060078240931034,0.3221272826194763,0,0.14254062,0.16569774,1.8643792867660522,1.5968657,1.6445231,4287,19777,24064
MCF7,4,A133,9,2,40,8,0.11691037565469742,0.0015249731950461864,0.11712349206209183,0.001502792234532535,0.10217136144638062,0.0002976716205012053,0.16548076272010803,0.019414987415075302,0.11579636484384537,0.12370741367340088,0.11766784638166428,0.0015763093251734972,0.35373106598854065,0,0.14844508,0.16790518,2.2324297428131104,2.1138718,2.1196668,1773,34499,36272
MCF7,4,A133,9,2,40,9,0.10557445883750916,0.0017598853446543217,0.10657702386379242,0.0016697460087016225,0.09351048618555069,0.00036517728585749865,0.14677633345127106,0.039730899035930634,0.10895957052707672,0.11957656592130661,0.1056833267211914,0.0017711466643959284,0.31086111068725586,0,0.13807607,0.15864263,2.214876413345337,2.207414,2.2074807,251,27813,28064
MCF7,6,A133,0,1,80,1,0.13832314312458038,0.001585331978276372,0.13834340870380402,0.0015827612951397896,0.12905950844287872,0.0004305690818000585,0.2198123186826706,0.06090360879898071,0.1455346792936325,0.15594884753227234,0.1389366090297699,0.0016557439230382442,0.396731972694397,0,0.17048419,0.19178982,2.1948602199554443,1.9198228,1.9369051,3817,57639,61456
MCF7,6,A133,0,1,80,2,0.08923353999853134,0.0019087939290329814,0.09021933376789093,0.0018409423064440489,0.0964941531419754,0.0005744580994360149,0.231704443693161,0.025223352015018463,0.11505443602800369,0.12757541239261627,0.08844104409217834,0.002048051916062832,0.49126139283180237,0,0.12108825,0.14774169,1.597143292427063,1.003636,1.0512979,4880,55888,60768
MCF7,6,A133,0,1,80,3,0.0915684774518013,0.0020825539249926805,0.09306847304105759,0.0019770662765949965,0.09697813540697098,0.0007625189027749002,0.23834741115570068,0.02406039647758007,0.11816690862178802,0.13320082426071167,0.0913919135928154,0.002124651800841093,0.43167468905448914,0,0.12587781,0.15190172,1.346242070198059,0.93944454,0.9523021,1461,44763,46224
MCF7,6,A133,1,1,80,1,0.08899866044521332,0.0015943740727379918,0.09022782742977142,0.001505488995462656,0.11024172604084015,0.0005885728169232607,0.21124835312366486,0.05808234587311745,0.12792730331420898,0.14262007176876068,0.08884192258119583,0.0015984410420060158,0.41501736640930176,0,0.11939593,0.13971078,1.4229962825775146,0.88223034,0.8861911,407,55161,55568
MCF7,6,A133,1,1,80,2,0.09817399829626083,0.0010038664331659675,0.09824087470769882,0.000997979543171823,0.09577764570713043,0.0002872183104045689,0.17802445590496063,0.034351591020822525,0.10922197252511978,0.11777050048112869,0.09891580045223236,0.0012233825400471687,0.31611233949661255,0,0.1261583,0.14505287,1.5473684072494507,1.2460715,1.317293,8680,28040,36720
MCF7,6,A133,1,1,80,3,0.10381286591291428,0.0013206318253651261,0.1039358600974083,0.0013094127643853426,0.09375671297311783,0.00035220803692936897,0.1763383150100708,0.02155856229364872,0.10890362411737442,0.11822324991226196,0.10491780191659927,0.0014147070469334722,0.5164048671722412,0,0.13375537,0.15387051,1.877312183380127,1.794182,1.8024117,5856,53296,59152
MCF7,6,A133,10,1,80,1,0.10203085839748383,0.0032169949263334274,0.10856553167104721,0.002713591093197465,0.09638559073209763,0.000580388936214149,0.174330934882164,0.00784531980752945,0.11552849411964417,0.12755762040615082,0.10302069783210754,0.003672730177640915,0.4351973235607147,0,0.15006123,0.18083638,1.8415732383728027,1.4088439,1.4712392,4621,27427,32048
MCF7,6,A133,10,1,80,2,0.11550681293010712,0.004045209847390652,0.12403716146945953,0.003285875078290701,0.07882805168628693,0.0006618425250053406,0.20231972634792328,0,0.09923364222049713,0.11151258647441864,0.11630299687385559,0.004088815301656723,0.4920255243778229,0,0.1638336,0.19728461,1.8187801837921143,1.9432913,1.940646,945,43535,44480
MCF7,6,A133,10,1,80,3,0.09172838926315308,0.0023151689674705267,0.09537270665168762,0.002059581456705928,0.0861094743013382,0.0004631618212442845,0.16804209351539612,0.003007203806191683,0.10291099548339844,0.11335587501525879,0.09261049330234528,0.002600176027044654,0.4451424479484558,0,0.13024937,0.1579749,1.4904148578643799,1.1668303,1.2107362,7631,48609,56240
MCF7,6,A133,10,1,80,4,0.08081258088350296,0.0019180724630132318,0.08277256786823273,0.0018023584270849824,0.08812721818685532,0.0003232537710573524,0.1617392599582672,0.03186517581343651,0.10249685496091843,0.11094358563423157,0.08073029667139053,0.0019354034448042512,0.4455832242965698,0,0.11301654,0.13885203,1.3524798154830933,0.9514863,0.9559468,598,53162,53760
MCF7,6,A133,11,1,80,1,0.08818624913692474,0.0015767853474244475,0.09069395065307617,0.0013941895449534059,0.11045803874731064,0.0005438037915155292,0.1579306274652481,0.06267447024583817,0.129802405834198,0.13947109878063202,0.08815831691026688,0.001577457645907998,0.42175185680389404,0,0.118646964,0.13673733,1.3024498224258423,1.0017726,1.0021492,36,28716,28752
MCF7,6,A133,11,1,80,2,0.09997431933879852,0.0005734291044063866,0.09999612718820572,0.0005713737336918712,0.0964764654636383,0.00018886591715272516,0.14538578689098358,0.04615958780050278,0.10734720528125763,0.11380019783973694,0.10027780383825302,0.0006056409329175949,0.2409326732158661,0,0.119419694,0.13018042,2.061699867248535,2.1685672,2.1600356,2929,33759,36688
MCF7,6,A133,11,1,80,3,0.08239725232124329,0.0008791614673100412,0.08284737914800644,0.0008466722210869193,0.08110952377319336,0.00035814938019029796,0.1584281325340271,0.008547523058950901,0.09616055339574814,0.10539726912975311,0.08292628079652786,0.0010922434739768505,0.32289743423461914,0,0.10846794,0.12511118,1.6749579906463623,1.480333,1.5370065,8200,19960,28160
MCF7,6,A133,11,1,80,4,0.10522985458374023,0.00047430748236365616,0.10522985458374023,0.00047430748236365616,0.10596194118261337,0.00010859618487302214,0.14959374070167542,0.06083871051669121,0.11418190598487854,0.11905933171510696,0.1050652340054512,0.0005563951563090086,0.27043697237968445,0.01847035437822342,0.12354565,0.13517538,1.4160305261611938,1.3493738,1.3616108,7311,32513,39824
MCF7,6,A133,11,1,80,5,0.09972437471151352,0.0012029089266434312,0.09980431199073792,0.0011958946706727147,0.10121585428714752,0.00038633926305919886,0.18413546681404114,0.03680463507771492,0.11679516732692719,0.1267058104276657,0.09952272474765778,0.0013129651779308915,0.39000123739242554,0,0.12691472,0.14786181,1.510483980178833,1.1586713,1.2005705,5204,38492,43696
MCF7,6,A133,11,1,80,7,0.13237565755844116,0.0010312356753274798,0.13237565755844116,0.0010312356753274798,0.12958061695098877,0.0002698261814657599,0.17975057661533356,0.07677804678678513,0.14225982129573822,0.1501283496618271,0.13268224895000458,0.001113810227252543,0.3008192777633667,0.03472594544291496,0.15823318,0.17844462,2.272561550140381,2.340902,2.3341463,1743,15889,17632
MCF7,6,A133,12,1,80,1,0.09881125390529633,0.0011600952129811049,0.0989845022559166,0.0011449797311797738,0.10200037807226181,0.00036094943061470985,0.20284846425056458,0.025088736787438393,0.11708084493875504,0.12609685957431793,0.0979558527469635,0.0013709820341318846,0.4541885554790497,0,0.12541148,0.146474,1.8027827739715576,1.2615875,1.3748658,7773,29363,37136
MCF7,6,A133,12,1,80,2,0.08816751092672348,0.0009704367839731276,0.08826926350593567,0.0009625753737054765,0.08996908366680145,0.00030095039983280003,0.16202735900878906,0.022115210071206093,0.10370147973299026,0.11225829273462296,0.08787809312343597,0.0010773820104077458,0.29776063561439514,0,0.11236546,0.13130115,1.4016549587249756,1.0571243,1.104811,4923,30645,35568
MCF7,6,A133,12,1,80,3,0.07486380636692047,0.0013282205909490585,0.07646112143993378,0.00123442686162889,0.07459492236375809,0.0003472139942459762,0.15676532685756683,0.007421483751386404,0.08943717926740646,0.09856294840574265,0.07490326464176178,0.0014722207561135292,0.39472800493240356,0,0.103044465,0.12420738,1.6372990608215332,1.1595016,1.2204859,4454,30442,34896
MCF7,6,A133,12,1,80,4,0.09335950016975403,0.002047514310106635,0.09470707923173904,0.0019494431326165795,0.08475848287343979,0.0005370161379687488,0.18871794641017914,0.009189922362565994,0.10295117646455765,0.11491230130195618,0.09533654153347015,0.002373806666582823,0.45120546221733093,0,0.13240716,0.15996802,1.5376276969909668,1.2756646,1.3246257,5924,25772,31696
MCF7,6,A133,13,1,80,2,0.12725095450878143,0.0037080366164445877,0.13134710490703583,0.0032893808092921972,0.12656961381435394,0.0005776219768449664,0.21367552876472473,0.035043321549892426,0.1456376016139984,0.15594084560871124,0.12736594676971436,0.0042362031526863575,0.49303966760635376,0,0.17741232,0.21294357,2.002169609069824,1.3282956,1.4255929,7843,46477,54320
MCF7,6,A133,13,1,80,3,0.14232409000396729,0.007970119826495647,0.16642726957798004,0.005308467894792557,0.10385652631521225,0.0011895401403307915,0.22726991772651672,0,0.13113753497600555,0.1475953906774521,0.14331525564193726,0.00810572225600481,0.5889143943786621,0,0.21483865,0.2556335,1.7690914869308472,2.534356,2.515133,1348,52316,53664
MCF7,6,A133,13,1,80,4,0.05618065968155861,0.0023584174923598766,0.07242346554994583,0.0018639167537912726,0.06303579360246658,0.000880156469065696,0.186324343085289,0,0.08677225559949875,0.10138987749814987,0.0543452724814415,0.002738254377618432,0.40419450402259827,0,0.09697119,0.12650861,1.6073517799377441,1.4560145,1.4854064,10615,44041,54656
MCF7,6,A133,13,1,80,5,0.06273449212312698,0.0012823647120967507,0.06660179793834686,0.0011038476368412375,0.0647926926612854,0.0003387112228665501,0.15071548521518707,0,0.07937398552894592,0.08856184035539627,0.062285710126161575,0.0014869990991428494,0.3644338846206665,0,0.09216115,0.11180199,1.5537803173065186,1.332978,1.3725044,12233,56103,68336
MCF7,6,A133,14,1,80,1,0.09830473363399506,0.0016341537702828646,0.09953179210424423,0.0015324202831834555,0.1277349293231964,0.00021329322771634907,0.1862272471189499,0.055066633969545364,0.1392090916633606,0.14580972492694855,0.09637998044490814,0.0016667284071445465,0.4019530415534973,0,0.1276364,0.14765422,1.544502854347229,1.192972,1.2145511,3361,51391,54752
MCF7,6,A133,14,1,80,2,0.07533487677574158,0.0007024813094176352,0.07580652087926865,0.0006711254245601594,0.08893243223428726,0.0001971655001398176,0.14599595963954926,0.056083180010318756,0.09999551624059677,0.10716774314641953,0.07521142065525055,0.0007053750450722873,0.2926701307296753,0,0.09498655,0.10814175,1.3628439903259277,0.8899207,0.8941754,509,56067,56576
MCF7,6,A133,14,1,80,3,0.08151183277368546,0.0008063395507633686,0.08183122426271439,0.000783363007940352,0.09251481294631958,0.00018196726159658283,0.1354481726884842,0.04504226893186569,0.10312315821647644,0.10961279273033142,0.08107387274503708,0.0008261815528385341,0.3729965388774872,0,0.10267346,0.11776545,1.3168978691101074,0.97586256,0.9889175,1481,37207,38688
MCF7,6,A133,14,1,80,6,0.10154020041227341,0.0021140023600310087,0.10289269685745239,0.002002998488023877,0.10183056443929672,0.0010913260048255324,0.1946883350610733,0.03558684140443802,0.12773527204990387,0.14703775942325592,0.1015397161245346,0.002115689916536212,0.389411985874176,0,0.13623928,0.16126879,1.2879008054733276,0.94938844,0.9499462,46,27874,27920
MCF7,6,A133,14,1,80,7,0.11047463864088058,0.0007919844356365502,0.11048022657632828,0.0007914062007330358,0.14833307266235352,0.000557979685254395,0.20369623601436615,0.10368895530700684,0.16773775219917297,0.18231511116027832,0.110397107899189,0.0007895228336565197,0.28833115100860596,0,0.13239548,0.14545529,1.5989305973052979,0.9928556,0.994094,121,59095,59216
MCF7,6,A133,14,1,80,8,0.09486120194196701,0.0026121686678379774,0.09818517416715622,0.00237733474932611,0.09206882864236832,0.0007233397918753326,0.14571605622768402,0.03455193713307381,0.11368034034967422,0.12501928210258484,0.09486691653728485,0.002616018522530794,0.4205341935157776,0,0.13334118,0.16141915,1.3257395029067993,0.91307646,0.91391927,40,19544,19584
MCF7,6,A133,15,1,80,1,0.13162338733673096,0.0030054431408643723,0.1337195783853531,0.0027730027213692665,0.1414121836423874,0.000414123700466007,0.2037326544523239,0.08029802143573761,0.15755192935466766,0.1666877716779709,0.13118597865104675,0.0031167578417807817,0.4974610507488251,0,0.17279752,0.2024083,1.3947724103927612,1.1101078,1.1222835,1045,23387,24432
MCF7,6,A133,15,1,80,2,0.12527622282505035,0.00282679358497262,0.12816673517227173,0.002521548653021455,0.12921041250228882,0.0004978252109140158,0.22068332135677338,0.04393085464835167,0.14678619801998138,0.15768826007843018,0.12484174966812134,0.00308208423666656,0.47578299045562744,0,0.1653356,0.19547984,1.4082280397415161,1.0526148,1.0879799,4974,45042,50016
MCF7,6,A133,15,1,80,3,0.12764713168144226,0.004503738135099411,0.13624104857444763,0.0036361119709908962,0.13128907978534698,0.0007789338706061244,0.25018587708473206,0.037236157804727554,0.1533598005771637,0.16653478145599365,0.12702676653862,0.005135559476912022,0.48533132672309875,0,0.18279633,0.21885625,1.6784038543701172,1.2719736,1.331127,4024,23624,27648
MCF7,6,A133,15,1,80,4,0.10985728353261948,0.0022721844725310802,0.1120888814330101,0.0020682031754404306,0.10885714739561081,0.0007486200192943215,0.22565439343452454,0,0.1306838095188141,0.14387966692447662,0.11031464487314224,0.0029682377353310585,0.4375284016132355,0,0.15229349,0.1795146,1.8152024745941162,1.5870374,1.6172,4482,29422,33904
MCF7,6,A133,15,1,80,5,0.12064338475465775,0.0032384234946221113,0.12541158497333527,0.0027684280648827553,0.10767002403736115,0.0007249280461110175,0.21994084119796753,0,0.12897631525993347,0.14137284457683563,0.12463580816984177,0.003944193013012409,0.5190953016281128,0,0.17177616,0.20430897,1.7285789251327515,1.6105144,1.6382977,9315,30269,39584
MCF7,6,A133,2,1,80,1,0.09620287269353867,0.002224925672635436,0.09945854544639587,0.001976417377591133,0.0971941277384758,0.0007270861533470452,0.216224804520607,0.011171950027346611,0.11856811493635178,0.13115619122982025,0.09611073136329651,0.002364066895097494,0.384199857711792,0,0.13293315,0.15820237,1.862409234046936,1.4017749,1.4391905,2737,30959,33696
MCF7,6,A133,2,1,80,2,0.13802000880241394,0.0033844425342977047,0.13858193159103394,0.0033203475177288055,0.10813018679618835,0.0008172867819666862,0.2190256267786026,0.0024916252586990595,0.13087554275989532,0.14483755826950073,0.1456027626991272,0.0037515603471547365,0.521529495716095,0,0.19206695,0.22651242,1.7833595275878906,1.5798074,1.6209972,5190,20458,25648
MCF7,6,A133,2,1,80,3,0.1060238927602768,0.0014565101591870189,0.10642442107200623,0.0014193863607943058,0.11074621975421906,0.000603368622250855,0.22695770859718323,0.02882135845720768,0.13045693933963776,0.1415950506925583,0.10496440529823303,0.001641790964640677,0.4202653765678406,0,0.13647334,0.15697047,1.8492239713668823,1.4025683,1.4844034,7059,31469,38528
MCF7,6,A133,2,1,80,4,0.11913009732961655,0.001781384227797389,0.11922826617956161,0.0017711479449644685,0.12810830771923065,0.0009138681343756616,0.23873694241046906,0.013454824686050415,0.15100529789924622,0.1635614037513733,0.11788015812635422,0.0018893745727837086,0.4385688304901123,0,0.15119578,0.1753408,2.0194270610809326,1.4113338,1.4856462,4898,35182,40080
MCF7,6,A133,3,1,80,1,0.12209486216306686,0.004196862690150738,0.12982982397079468,0.003458514343947172,0.11184599995613098,0.000804095237981528,0.261440634727478,0,0.13423076272010803,0.14804020524024963,0.12364441156387329,0.004691540263593197,0.5449579358100891,0,0.17595012,0.21187168,1.637829303741455,1.4386395,1.4648001,6157,40723,46880
MCF7,6,A133,3,1,80,3,0.1345125138759613,0.0020682918839156628,0.13464337587356567,0.002052685944363475,0.13362479209899902,0.00048717184108681977,0.21728478372097015,0.05904262512922287,0.1510515660047531,0.16250966489315033,0.13460534811019897,0.0022335206158459187,0.4231491982936859,0,0.17115842,0.19678126,1.8809407949447632,1.4866683,1.5239905,3117,29811,32928
MCF7,6,A133,3,1,80,4,0.1382729411125183,0.0038998371455818415,0.1418621838092804,0.0034918913152068853,0.1278456747531891,0.0011369193671271205,0.256692111492157,0,0.1546262800693512,0.1713009476661682,0.14087121188640594,0.004554459359496832,0.5290302634239197,0,0.19273931,0.22784583,1.6927886009216309,1.3493613,1.4178667,10344,41512,51856
MCF7,6,A133,3,1,80,5,0.10162415355443954,0.0028185187838971615,0.10367124527692795,0.0026630698703229427,0.09589435160160065,0.0005865618004463613,0.19791877269744873,0.02057536505162716,0.11529062688350677,0.12702390551567078,0.10229238867759705,0.0030745433177798986,0.4453416168689728,0,0.14295116,0.1764105,1.3951365947723389,1.0677911,1.1019801,5411,46397,51808
MCF7,6,A133,4,1,80,1,0.07272916287183762,0.00247711269184947,0.08176872879266739,0.002045840723440051,0.08327411115169525,0.0004074050229974091,0.17087140679359436,0.019882647320628166,0.09925100952386856,0.10938628017902374,0.07219135016202927,0.0025767090264707804,0.44298186898231506,0,0.11064314,0.13854,1.3721858263015747,0.955548,0.97576576,1837,36019,37856
MCF7,6,A133,4,1,80,2,0.08046770095825195,0.0021267845295369625,0.08321425318717957,0.0019708238542079926,0.08572894334793091,0.0005709840916097164,0.185197651386261,0.007195621263235807,0.10466799885034561,0.11690671741962433,0.0799575001001358,0.0022747095208615065,0.40499913692474365,0,0.11529158,0.14301918,1.5188239812850952,0.973221,1.0214522,3222,33226,36448
MCF7,6,A133,4,1,80,3,0.09717990458011627,0.0017889394657686353,0.097836434841156,0.0017367929685860872,0.09016451984643936,0.0004389141977299005,0.19854606688022614,0.01399990450590849,0.10664546489715576,0.11717191338539124,0.0985652357339859,0.00204389076679945,0.44777411222457886,0,0.13221902,0.1583283,1.3748506307601929,1.1339004,1.1736344,9240,46792,56032
MCF7,6,A133,4,1,80,4,0.09506554156541824,0.0020496686920523643,0.09667614102363586,0.0019286875613033772,0.09062319993972778,0.0005712099373340607,0.24578016996383667,0.006718765012919903,0.10940421372652054,0.12133938819169998,0.09617812931537628,0.0024137678556144238,0.4475044012069702,0,0.13265486,0.16012315,1.4769450426101685,1.1824217,1.241411,13501,53907,67408
MCF7,6,A133,4,1,80,5,0.10835276544094086,0.004315122961997986,0.11605152487754822,0.003728272393345833,0.10681319981813431,0.0009805533336475492,0.2128836065530777,0.002630416536703706,0.13175997138023376,0.1469302922487259,0.10851578414440155,0.004667924251407385,0.4673497676849365,0,0.16191193,0.19919963,1.4231935739517212,1.0751652,1.1084876,2494,23554,26048
MCF7,6,A133,5,1,80,2,0.1073564663529396,0.0010238675167784095,0.10740794986486435,0.001018829527311027,0.11832859367132187,0.00024548129294998944,0.17493349313735962,0.06780417263507843,0.13078969717025757,0.1386977732181549,0.10640411823987961,0.0010800734162330627,0.29972878098487854,0,0.13184771,0.14826275,1.5293347835540771,1.071399,1.1079724,2833,32639,35472
MCF7,6,A133,5,1,80,3,0.14425717294216156,0.0029807118698954582,0.14523743093013763,0.0028585961554199457,0.13638420403003693,0.000879760948009789,0.2635252773761749,0.03333968669176102,0.15994413197040558,0.17383340001106262,0.14613988995552063,0.003464761422947049,0.48600536584854126,0,0.19149947,0.22216696,1.6191210746765137,1.3252436,1.3819582,7034,29414,36448
MCF7,6,A133,5,1,80,4,0.163336843252182,0.0030744788236916065,0.1634584665298462,0.003056888235732913,0.1396692842245102,0.0014789486303925514,0.282680869102478,0,0.17039291560649872,0.18817760050296783,0.17191527783870697,0.003376167034730315,0.4763122498989105,0,0.21720013,0.24649912,1.587178111076355,1.5912484,1.5901656,3933,10851,14784
MCF7,6,A133,5,1,80,5,0.0987333282828331,0.0007875349838286638,0.09879773110151291,0.0007816858706064522,0.09447050839662552,0.0003980194451287389,0.18309937417507172,0.013156479224562645,0.11031334847211838,0.11993683129549026,0.10015703737735748,0.0009095303830690682,0.3380310833454132,0,0.12369223,0.13843973,1.7714130878448486,1.6338655,1.6662691,9035,29317,38352
MCF7,6,A133,5,1,80,7,0.08473797142505646,0.0004752582754008472,0.08473797142505646,0.0004752582754008472,0.08652619272470474,0.0002565042523201555,0.2084893137216568,0.03491067886352539,0.09884362667798996,0.10705617070198059,0.08411434292793274,0.00055004219757393,0.22271564602851868,0.005055613350123167,0.10225054,0.114590585,1.6931633949279785,1.309704,1.4088538,11530,33062,44592
MCF7,6,A133,6,1,80,1,0.05523808300495148,0.0010507856495678425,0.05867769196629524,0.0009143883362412453,0.0643254742026329,0.0003321511030662805,0.12732313573360443,0.0005577341071330011,0.07883497327566147,0.08775588124990463,0.054092224687337875,0.0011296742595732212,0.3014282286167145,0,0.08019385,0.09770216,1.2474846839904785,1.0780846,1.0878614,2171,35445,37616
MCF7,6,A133,6,1,80,2,0.05130084976553917,0.0008214967092499137,0.053355976939201355,0.0007447530515491962,0.052900053560733795,0.00020579376723617315,0.10511425137519836,0.0016809331718832254,0.06433601677417755,0.07138263434171677,0.05109064653515816,0.000902047788258642,0.29083719849586487,0,0.07377035,0.09024517,1.3137556314468384,1.1147661,1.1378835,5779,43965,49744
MCF7,6,A133,6,1,80,3,0.04660786688327789,0.0006383173749782145,0.048162929713726044,0.0005847181309945881,0.06797713786363602,0.0004372734983917326,0.1459760069847107,0.007850462570786476,0.0845227986574173,0.09539040923118591,0.04569036513566971,0.0006265011033974588,0.20158962905406952,0,0.06488426,0.07800143,1.3963885307312012,0.8052501,0.8295861,1706,39734,41440
MCF7,6,A133,6,1,80,4,0.05825146287679672,0.0008601965382695198,0.058907344937324524,0.0008312459103763103,0.07640198618173599,0.0005613825633190572,0.19404645264148712,0.012303056195378304,0.09392798691987991,0.10805406421422958,0.056761715561151505,0.0008554633241146803,0.23553921282291412,0,0.07848493,0.09579543,1.6361360549926758,0.9094581,0.9645781,3454,42082,45536
MCF7,6,A133,6,1,80,5,0.038593560457229614,0.0016742892330512404,0.05120127275586128,0.0015757139772176743,0.035943396389484406,0.0004073393647558987,0.11625181138515472,0,0.052154622972011566,0.06230453774333,0.03914157301187515,0.0019345212494954467,0.3777426779270172,0,0.072030164,0.1007993,1.4144595861434937,1.1013101,1.1549687,6377,30839,37216
MCF7,6,A133,6,1,80,6,0.04063911736011505,0.0017739733448252082,0.05278615653514862,0.0016630187164992094,0.040161095559597015,0.0004654614022001624,0.18885427713394165,0,0.05709892511367798,0.06838499754667282,0.04071670025587082,0.0019863180350512266,0.3801608383655548,0,0.07384652,0.10223329,1.4968122243881226,1.1102177,1.1642042,5921,36479,42400
MCF7,6,A133,7,1,80,1,0.10257529467344284,0.0032314087729901075,0.1132558286190033,0.002358242403715849,0.1253185272216797,0.0006890942458994687,0.21214695274829865,0.035300690680742264,0.14596591889858246,0.1579158902168274,0.10109329223632812,0.003361170645803213,0.41310375928878784,0,0.1463007,0.17225693,1.3146610260009766,1.0754969,1.0901281,1710,26242,27952
MCF7,6,A133,7,1,80,2,0.10638129711151123,0.0031896934378892183,0.11395057290792465,0.0025541249196976423,0.12396170943975449,0.0005844620172865689,0.1978052705526352,0.04797539860010147,0.14328651130199432,0.1549818515777588,0.10495619475841522,0.0033737951889634132,0.4320377707481384,0,0.14963552,0.17757322,1.333055019378662,1.1003481,1.1177974,1910,23562,25472
MCF7,6,A133,7,1,80,3,0.08387333154678345,0.0020599314011633396,0.08954660594463348,0.0016912446590140462,0.09013010561466217,0.0005904181743972003,0.1818130910396576,0,0.1095685213804245,0.121192567050457,0.08130840957164764,0.0026397202163934708,0.410738080739975,0,0.122137174,0.14737418,1.5436517000198364,1.2671036,1.3475102,6457,15751,22208
MCF7,6,A133,7,1,80,4,0.0870557501912117,0.0028318758122622967,0.09660225361585617,0.0022202045656740665,0.09654388576745987,0.0006516362191177905,0.19313670694828033,0.010188428685069084,0.11670848727226257,0.12874086201190948,0.08546946942806244,0.003178815357387066,0.45515307784080505,0,0.12960547,0.15758874,1.6588695049285889,1.3425336,1.387845,3699,22125,25824
MCF7,6,A133,7,1,80,5,0.17283301055431366,0.0008564554736949503,0.17283301055431366,0.0008564554736949503,0.17949965596199036,0.0002504026924725622,0.2716606557369232,0.09114287048578262,0.19152311980724335,0.198792964220047,0.17171348631381989,0.0009495132835581899,0.3723226487636566,0.04669022560119629,0.19567816,0.21157034,2.37312388420105,1.88025,1.9511175,8351,49729,58080
MCF7,6,A133,7,1,80,6,0.13434457778930664,0.0014981416752561927,0.13438230752944946,0.001493494026362896,0.1283612698316574,0.0006636907928623259,0.25186651945114136,0.010778629221022129,0.14860276877880096,0.16158421337604523,0.13572841882705688,0.001680938177742064,0.3567378520965576,0,0.1673963,0.1890292,1.789262056350708,1.5202394,1.5707718,6693,28939,35632
MCF7,6,A133,7,1,80,7,0.13746905326843262,0.004707251209765673,0.14514607191085815,0.0038558412343263626,0.12347149848937988,0.000900756916962564,0.24508459866046906,0.012782224453985691,0.1472446173429489,0.16180144250392914,0.13947536051273346,0.005220730789005756,0.5272416472434998,0,0.19486302,0.2317949,1.6090742349624634,1.3854839,1.4135138,5532,38596,44128
MCF7,6,A133,7,1,80,8,0.10437627881765366,0.0025948258116841316,0.1071595847606659,0.002365762135013938,0.09291036427021027,0.0007585763232782483,0.194416806101799,0.0028144537936896086,0.11509475111961365,0.12811364233493805,0.10502895712852478,0.0026914412155747414,0.4446772336959839,0,0.14439233,0.1708477,1.7887561321258545,1.8099569,1.8092194,1530,42438,43968
MCF7,6,A133,7,1,80,9,0.10584881901741028,0.0022603520192205906,0.10700680315494537,0.002161167562007904,0.09665427356958389,0.0005980395944789052,0.18393462896347046,0.023504653945565224,0.11638817936182022,0.12808938324451447,0.10721654444932938,0.0024931819643825293,0.4674842953681946,0,0.14449826,0.1717496,1.8499202728271484,1.5330633,1.5740938,6342,42634,48976
MCF7,6,A133,7,1,80,10,0.11917685717344284,0.004279722459614277,0.12759633362293243,0.00350777804851532,0.1295815259218216,0.0011176841799169779,0.31277182698249817,0.031468022614717484,0.15575943887233734,0.1730593889951706,0.1183968111872673,0.004508061334490776,0.5007020235061646,0,0.17007017,0.20536213,1.4845720529556274,1.025312,1.0573422,3582,47778,51360
MCF7,6,A133,8,1,80,1,0.0886697918176651,0.0009695463231764734,0.08911699801683426,0.0009345822618342936,0.0996580719947815,0.0003502506879158318,0.15724457800388336,0.03944260999560356,0.11454391479492188,0.1233423575758934,0.08849693834781647,0.0009773590136319399,0.3271102011203766,0,0.11151692,0.12789501,1.2868903875350952,0.91516256,0.9209194,645,41003,41648
MCF7,6,A133,8,1,80,2,0.09417112171649933,0.0012104129418730736,0.09464763104915619,0.0011714374413713813,0.10271336883306503,0.000592267548199743,0.24398744106292725,0.02186400070786476,0.1219559907913208,0.13418422639369965,0.09255560487508774,0.0013109074207022786,0.3960361182689667,0,0.119849175,0.13919677,1.607619285583496,1.095655,1.1770792,6634,35078,41712
MCF7,6,A133,8,1,80,3,0.1256820112466812,0.0034292996861040592,0.12755732238292694,0.003241259139031172,0.1079903170466423,0.0005503983702510595,0.18929935991764069,0.02438667230308056,0.12674011290073395,0.1381116658449173,0.12918031215667725,0.003924436401575804,0.5218676328659058,0,0.1767672,0.21254736,1.4317911863327026,1.1624371,1.2069055,4649,23511,28160
MCF7,6,A133,8,1,80,4,0.11074609309434891,0.0034661083482205868,0.11452746391296387,0.0031513862777501345,0.09591183811426163,0.0006304518319666386,0.189835324883461,0.0011778692714869976,0.11593173444271088,0.12766902148723602,0.1142808198928833,0.004076863639056683,0.5170036554336548,0,0.16305089,0.19812268,1.383610486984253,1.1518147,1.1964189,6207,26049,32256
MCF7,6,A133,9,1,80,1,0.0881166011095047,0.0025750447530299425,0.09290285408496857,0.002270257566124201,0.08604470640420914,0.000700801087077707,0.22780922055244446,0,0.10709075629711151,0.11979484558105469,0.08825409412384033,0.0026991188060492277,0.4659634232521057,0,0.12729785,0.15564749,1.2811863422393799,1.0242445,1.0402344,3712,55936,59648
MCF7,6,A133,9,1,80,2,0.11727431416511536,0.002598103601485491,0.11844372004270554,0.002485501579940319,0.10720934718847275,0.000696329225320369,0.2511892318725586,0.020302578806877136,0.1281435340642929,0.14121028780937195,0.11895687133073807,0.002896258607506752,0.49291282892227173,0,0.15928802,0.18921728,1.5095179080963135,1.2409756,1.2794383,9618,57534,67152
MCF7,6,A133,0,2,40,1,0.1064886525273323,0.0028861667960882187,0.11010892689228058,0.00258566252887249,0.08075793087482452,0.0007849464891478419,0.1721399575471878,0,0.10294148325920105,0.11746936291456223,0.10691211372613907,0.0029096719808876514,0.4523872435092926,0,0.14833365,0.17604141,1.8765323162078857,2.0231905,2.020816,651,39557,40208
MCF7,6,A133,0,2,40,2,0.0600176677107811,0.0007275398238562047,0.060661766678094864,0.000696275441441685,0.07035830616950989,0.00030818162485957146,0.12321536988019943,0.009228277951478958,0.0840470939874649,0.09131944924592972,0.059567347168922424,0.0007409426616504788,0.28039026260375977,0,0.080279306,0.09457108,1.5367120504379272,1.1428117,1.1592495,1521,34927,36448
MCF7,6,A133,0,2,40,3,0.05492628738284111,0.0007838763413019478,0.05550239607691765,0.0007601229008287191,0.05331253632903099,0.00020857140771113336,0.10231146961450577,0,0.06479816883802414,0.0716928094625473,0.05520220845937729,0.0008817188208922744,0.22717855870723724,0,0.07820693,0.095479466,1.5139394998550415,1.2184758,1.2616172,4628,27068,31696
MCF7,6,A133,0,2,40,4,0.06197284907102585,0.0010783555917441845,0.06364237517118454,0.0010011536069214344,0.06834065169095993,0.00048407650319859385,0.13894549012184143,0,0.08494307845830917,0.09456291794776917,0.0608941912651062,0.0011709897080436349,0.27886995673179626,0,0.08814732,0.10621511,1.64597487449646,1.3440113,1.3877522,5428,32044,37472
MCF7,6,A133,1,2,40,2,0.13725954294204712,0.0026121686678379774,0.13774889707565308,0.0025540741626173258,0.11257284134626389,0.0006740692188031971,0.2015964835882187,0.040220145136117935,0.1329927146434784,0.14442318677902222,0.1375836879014969,0.0026295098941773176,0.4616848826408386,0,0.17590341,0.20345266,2.0630054473876953,2.1363652,2.1354144,332,25284,25616
MCF7,6,A133,1,2,40,3,0.12230934947729111,0.0015738419024273753,0.12250161916017532,0.0015527628129348159,0.12596780061721802,0.00045123574091121554,0.20644529163837433,0.05379526689648628,0.1428598165512085,0.15287485718727112,0.12132081389427185,0.0018725795671343803,0.39146915078163147,0,0.15496594,0.17626622,1.9279462099075317,1.5736506,1.6490178,3795,14045,17840
MCF7,6,A133,1,2,40,4,0.14857837557792664,0.0014720079489052296,0.14857837557792664,0.0014720079489052296,0.1521131843328476,0.0004775839624926448,0.25410011410713196,0.06037158891558647,0.16917002201080322,0.180058091878891,0.14727824926376343,0.0018314823973923922,0.3622841536998749,0.00970948301255703,0.1815313,0.20437923,1.720731258392334,1.5804702,1.618187,6415,17441,23856
MCF7,6,A133,1,2,40,6,0.09113858640193939,0.0015824136789888144,0.09180751442909241,0.0015326159773394465,0.08953038603067398,0.0004351685638539493,0.160150945186615,0.01730325259268284,0.1059311181306839,0.11663610488176346,0.09118686616420746,0.0016167735448107123,0.3760606348514557,0,0.12150302,0.14358471,1.5010643005371094,1.1843069,1.1935385,616,20520,21136
MCF7,6,A133,1,2,40,7,0.12795189023017883,0.0026372435968369246,0.1287631094455719,0.0025495081208646297,0.11588306725025177,0.0006430731154978275,0.2084723263978958,0.03721291571855545,0.1361606866121292,0.1482047438621521,0.12995697557926178,0.0029403315857052803,0.4495292901992798,0,0.17127025,0.20008217,2.0262372493743896,1.8176649,1.8473799,1990,11978,13968
MCF7,6,A133,1,2,40,8,0.13854889571666718,0.002914311597123742,0.13897772133350372,0.002863736357539892,0.11249873787164688,0.0008954582153819501,0.203230619430542,0.014183671213686466,0.13641346991062164,0.15051816403865814,0.1414230316877365,0.0030539201106876135,0.43507227301597595,0,0.18401016,0.21369468,1.9175430536270142,2.1342914,2.1127539,1256,11384,12640
MCF7,6,A133,1,2,40,9,0.09204494953155518,0.0015295600751414895,0.09267472475767136,0.0014816613402217627,0.09754595905542374,0.0006277078646235168,0.17628993093967438,0.008933710865676403,0.11753234267234802,0.1288987249135971,0.09149550646543503,0.001616313704289496,0.3405405282974243,0,0.123201266,0.14421734,1.5888912677764893,1.2978588,1.3242877,3862,38666,42528
MCF7,6,A133,1,2,40,10,0.11515497416257858,0.00215527112595737,0.11571706831455231,0.002100748475641012,0.1303391456604004,0.0009913956746459007,0.2328862100839615,0.030405784025788307,0.1549540013074875,0.17064842581748962,0.11307220906019211,0.00227895425632596,0.4086571931838989,0,0.15115969,0.17624839,2.264551877975464,1.6478319,1.7222219,5786,42182,47968
MCF7,6,A133,10,2,40,2,0.09400686621665955,0.0002825205447152257,0.09400686621665955,0.0002825205447152257,0.11622392386198044,0.00013293942902237177,0.14813759922981262,0.07388670742511749,0.12559571862220764,0.1304255872964859,0.09290117025375366,0.0002641769824549556,0.17218565940856934,0.025958871468901634,0.10564982,0.11333892,1.3841252326965332,0.9852985,1.0042064,2177,43743,45920
MCF7,6,A133,10,2,40,5,0.06507383286952972,0.0005220983875915408,0.06522572785615921,0.0005134090315550566,0.07455796748399734,0.00021784420823678374,0.13222412765026093,0.029031969606876373,0.08615605533123016,0.0940805971622467,0.06419488042593002,0.0005411868332885206,0.18032385408878326,0,0.08229765,0.09428016,1.4162591695785522,1.0481586,1.0793791,2003,21613,23616
MCF7,6,A133,10,2,40,6,0.06943565607070923,0.0006811487255617976,0.06963212788105011,0.0006693944451399148,0.08056383579969406,0.0002887846203520894,0.12249575555324554,0.04060058295726776,0.09461715072393417,0.10183336585760117,0.06931675225496292,0.0006840034620836377,0.19622862339019775,0,0.09000887,0.10384848,1.3528368473052979,0.94374615,0.9480707,251,23493,23744
MCF7,6,A133,10,2,40,7,0.08607762306928635,0.0006396062672138214,0.08608926832675934,0.0006386906024999917,0.1224253922700882,0.0002869137388188392,0.1545829176902771,0.09337148815393448,0.13786356151103973,0.14462725818157196,0.08604712784290314,0.0006387927569448948,0.19655907154083252,0,0.105963334,0.11884083,1.3457685708999634,0.78466934,0.7851398,31,36945,36976
MCF7,6,A133,10,2,40,8,0.08266713470220566,0.0006633599405176938,0.08268855512142181,0.0006617605686187744,0.09000681340694427,0.0003607716935221106,0.12585408985614777,0.06084204837679863,0.10535470396280289,0.11881310492753983,0.08266253024339676,0.0006635157624259591,0.22984564304351807,0,0.103081755,0.11585544,1.5193406343460083,0.8839627,0.8843605,29,46291,46320
MCF7,6,A133,11,2,40,1,0.1297054886817932,0.0007416078587993979,0.1297054886817932,0.0007416078587993979,0.13371628522872925,0.0002169409126508981,0.1860508918762207,0.07785393297672272,0.14539991319179535,0.15242189168930054,0.12891623377799988,0.0008410662412643433,0.3299732804298401,0.007998829707503319,0.15120731,0.1663371,1.4886893033981323,1.2330102,1.2750511,7811,39693,47504
MCF7,6,A133,11,2,40,3,0.1195216029882431,0.0009505166672170162,0.1195254772901535,0.0009500856976956129,0.121730737388134,0.00040637425263412297,0.19311797618865967,0.005033856723457575,0.13722388446331024,0.14638139307498932,0.11893245577812195,0.001093986094929278,0.30095240473747253,0,0.14404473,0.16164555,1.4646912813186646,1.2896245,1.3264831,6515,24429,30944
MCF7,6,A133,11,2,40,4,0.1574058085680008,0.0016846301732584834,0.1574058085680008,0.0016846301732584834,0.15104743838310242,0.0007095105829648674,0.20909452438354492,0.09207849949598312,0.17270193994045258,0.18420423567295074,0.15743616223335266,0.0016890887636691332,0.3765528202056885,0.029604246839880943,0.18943925,0.21126674,2.4520556926727295,2.1305718,2.1320987,105,22007,22112
MCF7,6,A133,11,2,40,5,0.1123967096209526,0.0010722981533035636,0.1123967096209526,0.0010722981533035636,0.12237878888845444,0.000659454963169992,0.20085984468460083,0.046786874532699585,0.14309383928775787,0.15634657442569733,0.1119661033153534,0.0010856235167011619,0.30941030383110046,0.002848339034244418,0.1370916,0.15640092,1.722902774810791,1.1294326,1.1539749,1455,33729,35184
MCF7,6,A133,11,2,40,6,0.12722761929035187,0.0014653772814199328,0.12724153697490692,0.0014637684216722846,0.1285601556301117,0.0005954899243079126,0.19837471842765808,0.03639378398656845,0.1476936638355255,0.1575011909008026,0.12668684124946594,0.0018173967255279422,0.3410836458206177,0,0.16030648,0.18118069,1.384800910949707,1.4209473,1.4209435,1,9151,9152
MCF7,6,A133,11,2,40,7,0.1477045714855194,0.0022617976646870375,0.1477045714855194,0.0022617976646870375,0.13052082061767578,0.0007106835837475955,0.21244917809963226,0.043479952961206436,0.15174029767513275,0.1660064458847046,0.1513424515724182,0.002514428226277232,0.3614649772644043,0.016594573855400085,0.19148608,0.21936443,1.5238605737686157,1.423716,1.441213,2091,9877,11968
MCF7,6,A133,12,2,40,1,0.08322397619485855,0.0007296274416148663,0.08337394148111343,0.0007184388814494014,0.10840911418199539,0.0004973555915057659,0.2554449141025543,0.053559333086013794,0.12386027723550797,0.1374754160642624,0.0819956585764885,0.0007085116812959313,0.2975430190563202,0,0.10238839,0.11539958,1.4879648685455322,1.0543379,1.074503,1939,39757,41696
MCF7,6,A133,12,2,40,2,0.07490862905979156,0.000801552610937506,0.0755927711725235,0.0007571568712592125,0.08856437355279922,0.00023430467990692705,0.13386844098567963,0.04827399179339409,0.10062427073717117,0.10794150084257126,0.07488463073968887,0.0008022210677154362,0.2812267541885376,0,0.09678719,0.109704696,1.311328411102295,1.1284177,1.1287388,214,121770,121984
MCF7,6,A133,12,2,40,3,0.08670160919427872,0.001048149075359106,0.08710096031427383,0.0010181928519159555,0.10094554722309113,0.00037419612635858357,0.1821516752243042,0.041162751615047455,0.11626813560724258,0.1262027472257614,0.0847395583987236,0.001109186909161508,0.26248979568481445,0,0.1108591,0.12721069,1.5900672674179077,1.3760068,1.4019231,3512,25496,29008
MCF7,6,A133,12,2,40,4,0.10642687976360321,0.0008195537957362831,0.10643605142831802,0.0008186482009477913,0.13144540786743164,0.0003338731767144054,0.18702320754528046,0.07878679782152176,0.1459396630525589,0.15529924631118774,0.10595313459634781,0.0008166737388819456,0.2758464515209198,0,0.12868015,0.14228073,1.47588050365448,1.1074195,1.1142666,647,34169,34816
MCF7,6,A133,12,2,40,5,0.10979396849870682,0.001184952212497592,0.10985212028026581,0.0011791917495429516,0.11644875258207321,0.00042867325828410685,0.203070729970932,0.04055074602365494,0.13267844915390015,0.1428622454404831,0.10863302648067474,0.001307812868617475,0.25564080476760864,0,0.13783632,0.15535137,2.063448429107666,1.9010788,1.9251968,4209,24127,28336
MCF7,6,A133,12,2,40,6,0.0669531598687172,0.0010364052141085267,0.06822650134563446,0.0009692403837107122,0.0790010541677475,0.0003872379311360419,0.17490942776203156,0.007590039633214474,0.09429629892110825,0.1036386638879776,0.06556779146194458,0.0010924419621005654,0.23314325511455536,0,0.09124163,0.10853375,1.6630488634109497,1.2307733,1.2753538,3216,27968,31184
MCF7,6,A133,12,2,40,7,0.06741366535425186,0.001033878535963595,0.0684627890586853,0.0009781424887478352,0.07624299824237823,0.00022556728799827397,0.14228281378746033,0.026600787416100502,0.08827125281095505,0.09602850675582886,0.06631795316934586,0.0011233141412958503,0.21391311287879944,0,0.09238084,0.110887714,1.6224371194839478,1.2070904,1.252944,3667,29549,33216
MCF7,6,A133,13,2,40,1,0.09548328816890717,0.0007271902286447585,0.09550952911376953,0.000724883982911706,0.0992603674530983,0.0003865380131173879,0.18972498178482056,0.04601336643099785,0.11484210193157196,0.12588803470134735,0.09455356001853943,0.0008066652808338404,0.22145958244800568,0,0.11699069,0.13144176,1.705147624015808,1.5223659,1.5584704,4314,17526,21840
MCF7,6,A133,13,2,40,2,0.1164812222123146,0.0013152981409803033,0.11649415642023087,0.0013139389920979738,0.11794837564229965,0.0004984401748515666,0.2302536815404892,0.06267531216144562,0.13429072499275208,0.14723165333271027,0.11625628918409348,0.001440150081180036,0.29849207401275635,0,0.14554262,0.16725588,1.632472038269043,1.6180502,1.6199672,2397,15635,18032
MCF7,6,A133,13,2,40,3,0.07481018453836441,0.0009927033679559827,0.0752100795507431,0.0009679338545538485,0.08320417255163193,0.0006767279119230807,0.17317387461662292,0.011922878213226795,0.10324516147375107,0.1179671585559845,0.07420823723077774,0.0010099477367475629,0.25369033217430115,0,0.09874505,0.11528773,1.5133928060531616,1.3572892,1.3677348,667,9301,9968
MCF7,6,A133,13,2,40,4,0.08512092381715775,0.0004432683053892106,0.08512481302022934,0.0004429576511029154,0.08637803792953491,0.00022879496100358665,0.13168716430664062,0.03782089054584503,0.09865161776542664,0.10532382130622864,0.08508327603340149,0.00044964178232476115,0.20464864373207092,0,0.101893164,0.111786924,2.361375093460083,2.2089026,2.2133353,1910,63786,65696
MCF7,6,A133,13,2,40,5,0.12759225070476532,0.001998262945562601,0.12764626741409302,0.0019922128412872553,0.11600577086210251,0.001058661611750722,0.23322269320487976,0.005402695387601852,0.14216560125350952,0.1577029526233673,0.13013601303100586,0.002168604638427496,0.37739282846450806,0,0.16669047,0.19044101,1.7424107789993286,1.6435769,1.6613692,2552,11624,14176
MCF7,6,A133,13,2,40,6,0.0741107314825058,0.0008809709688648582,0.07423270493745804,0.0008733667782507837,0.07349671423435211,0.00045041536213830113,0.16705602407455444,0.01690588891506195,0.08989018946886063,0.10125970095396042,0.07416614890098572,0.0009197948384098709,0.2727607488632202,0,0.09725334,0.113768175,1.4556041955947876,1.4416299,1.4427867,1310,14514,15824
MCF7,6,A133,13,2,40,7,0.17779594659805298,0.0036671170964837074,0.17810124158859253,0.003619038499891758,0.15656816959381104,0.0009103860356844962,0.2727387249469757,0.0829329788684845,0.1801776885986328,0.19504700601100922,0.17795048654079437,0.0036838820669800043,0.5072950124740601,0,0.22433893,0.25585386,2.2088093757629395,2.2103858,2.2103744,156,21428,21584
MCF7,6,A133,14,2,40,1,0.14174050092697144,0.004131759516894817,0.1450154185295105,0.0037523112259805202,0.11442270874977112,0.0007312841480597854,0.22477583587169647,0.03499462828040123,0.13568413257598877,0.14976412057876587,0.14279043674468994,0.004232668783515692,0.5243088603019714,0,0.19196169,0.22733243,2.0190017223358154,2.2618637,2.2528753,1121,29167,30288
MCF7,6,A133,14,2,40,2,0.14878049492835999,0.003097608918324113,0.14893172681331635,0.0030782357789576054,0.09010381251573563,0.0007201620028354228,0.18348951637744904,0.011774498037993908,0.111578568816185,0.12422071397304535,0.14950037002563477,0.0030840185936540365,0.5207791924476624,0,0.19261338,0.22282122,1.8239238262176514,2.6210437,2.6113827,561,45727,46288
MCF7,6,A133,14,2,40,4,0.11287596821784973,0.002466587582603097,0.11298818141222,0.0024563607294112444,0.11065857112407684,0.000758105656132102,0.35363250970840454,0.035259123891592026,0.13155223429203033,0.14684665203094482,0.11317774653434753,0.002698355820029974,0.5148991346359253,0,0.15075134,0.18269125,1.661422610282898,1.5691005,1.5801083,5042,37246,42288
MCF7,6,A133,14,2,40,5,0.11949832737445831,0.0015890313079580665,0.1195053905248642,0.0015882824081927538,0.13081414997577667,0.00042114511597901583,0.1902162730693817,0.06419063359498978,0.14713989198207855,0.15682721138000488,0.11926382780075073,0.0016105248359963298,0.3873593807220459,0,0.14901295,0.17021514,1.5542315244674683,1.3319772,1.3364896,344,16600,16944
MCF7,6,A133,14,2,40,6,0.09448482096195221,0.0004482570511754602,0.09448482096195221,0.0004482570511754602,0.09348012506961823,0.000333416712237522,0.1697886884212494,0.028739817440509796,0.10734838247299194,0.11638154089450836,0.09457210451364517,0.0004581380635499954,0.24280528724193573,0.017483677715063095,0.11122084,0.122582436,1.337374210357666,1.1380725,1.1540021,3137,36111,39248
MCF7,6,A133,15,2,40,1,0.10494300723075867,0.0004177967202849686,0.10494300723075867,0.0004177967202849686,0.11371855437755585,0.0002488716272637248,0.17278224229812622,0.056696269661188126,0.12628230452537537,0.133961021900177,0.10175995528697968,0.000441004172898829,0.181037038564682,0.01921413652598858,0.11849694,0.1284947,1.663659930229187,1.4675997,1.5140005,5502,17746,23248
MCF7,6,A133,15,2,40,2,0.09485628455877304,0.0007846878725104034,0.09494414925575256,0.0007770724478177726,0.1066473126411438,0.0002608510840218514,0.17973381280899048,0.053989723324775696,0.1194334477186203,0.12716951966285706,0.09238816052675247,0.0008591447840444744,0.26463302969932556,0,0.11511949,0.12931404,1.6587275266647339,1.3148566,1.374377,5237,25019,30256
MCF7,6,A133,15,2,40,3,0.08656494319438934,0.0002931497583631426,0.08656494319438934,0.0002931497583631426,0.09539645165205002,0.00013297430996317416,0.13971292972564697,0.055418822914361954,0.10462595522403717,0.11033231765031815,0.0854821503162384,0.00030205296934582293,0.17359194159507751,0.01149811502546072,0.09903511,0.10810653,1.3940491676330566,1.1876694,1.2102091,5099,41589,46688
MCF7,6,A133,15,2,40,5,0.08192240446805954,0.0007155934581533074,0.08192240446805954,0.0007155934581533074,0.09496822953224182,0.0009470080840401351,0.19219684600830078,0.03954358026385307,0.11789342015981674,0.13776043057441711,0.0818139836192131,0.0007122442475520074,0.23748625814914703,0.008590904995799065,0.10188856,0.1171648,,1.0175382,1.0175382,0,10192,10192
MCF7,6,A133,15,2,40,6,0.07405577600002289,0.000625557906460017,0.07406069338321686,0.0006252354942262173,0.11155925691127777,0.000599061488173902,0.18803703784942627,0.06475117802619934,0.13120470941066742,0.1448555737733841,0.07356930524110794,0.0006074206321500242,0.28027668595314026,0,0.090838626,0.10435489,,1.0063987,1.0063987,0,15072,15072
MCF7,6,A133,15,2,40,7,0.09197622537612915,0.0007484819507226348,0.09197622537612915,0.0007484819507226348,0.1067735031247139,0.00038897822378203273,0.3076046407222748,0.04455350339412689,0.12143946439027786,0.13204766809940338,0.08583856374025345,0.0007691063801757991,0.421005517244339,0.0011981786228716373,0.10350548,0.11766928,1.554931641,1.199134,1.2777082,6869,24235,31104
MCF7,6,A133,15,2,40,9,0.09155254811048508,0.000856804137583822,0.09155254811048508,0.000856804137583822,0.1025802344083786,0.0004444689548108727,0.14546705782413483,0.053392477333545685,0.12053392827510834,0.1294163465499878,0.09141330420970917,0.0008604558533988893,0.4004964530467987,0.007437576074153185,0.112449385,0.12950405,1.744027853012085,1.0465505,1.0552478,165,13067,13232
MCF7,6,A133,15,2,40,10,0.08999093621969223,0.0011913877679035068,0.0901777595281601,0.0011770131532102823,0.08944565802812576,0.0008862663526087999,0.175494983792305,0.01815563254058361,0.11388904601335526,0.12953481078147888,0.09000708907842636,0.001200422178953886,0.36170732975006104,0,0.116949596,0.13516366,1.3435585498809814,1.1480788,1.1537058,917,30939,31856
MCF7,6,A133,15,2,40,11,0.09046147018671036,0.0008370200521312654,0.09046684205532074,0.0008365842513740063,0.10910365730524063,0.0005198026192374527,0.2184973806142807,0.05342623218894005,0.12658610939979553,0.14043402671813965,0.0880163386464119,0.000827065494377166,0.2841305732727051,0,0.10775659,0.12347158,1.660183072090149,1.2737573,1.3046031,2691,31021,33712
MCF7,6,A133,15,2,40,12,0.1175057590007782,0.0012759817764163017,0.1175057590007782,0.0012759817764163017,0.10945384949445724,0.0005571686197072268,0.2811523675918579,0.013934990391135216,0.12563636898994446,0.13818803429603577,0.1203758493065834,0.0015008541522547603,0.325627863407135,0.018734293058514595,0.14832048,0.17303579,1.6096100807189941,1.7449701,1.7094,9561,26823,36384
MCF7,6,A133,2,2,40,1,0.08357037603855133,0.00037772199721075594,0.08357037603855133,0.00037772199721075594,0.10159633308649063,0.00015196544700302184,0.16170398890972137,0.060114774852991104,0.1112951710820198,0.11747409403324127,0.08183997869491577,0.00036520714638754725,0.17975981533527374,0.008699211291968822,0.097037844,0.1060652,1.4703750610351562,1.0120217,1.0521673,3432,35752,39184
MCF7,6,A133,2,2,40,2,0.0888523980975151,0.00047582396655343473,0.0888523980975151,0.00047582396655343473,0.11099229753017426,0.00025900514447130263,0.18471495807170868,0.06577929854393005,0.12369579076766968,0.13252685964107513,0.08717896044254303,0.00045236205914989114,0.19854870438575745,0.00817220751196146,0.10378175,0.11477344,1.5630266666412354,1.0238386,1.061729,3345,44255,47600
MCF7,6,A133,2,2,40,4,0.08484692871570587,0.0010454696603119373,0.08528023213148117,0.001013855799101293,0.09875098615884781,0.0003154484729748219,0.1662646383047104,0.04010884463787079,0.11295388638973236,0.12102657556533813,0.08276151120662689,0.0011216176208108664,0.24349379539489746,0,0.10923254,0.12598181,1.516497254371643,1.2869033,1.3168478,4184,27896,32080
MCF7,6,A133,3,2,40,1,0.1516251116991043,0.0028928990941494703,0.1520637571811676,0.0028345659375190735,0.1433114856481552,0.0005594449467025697,0.2001418173313141,0.07982143759727478,0.16255514323711395,0.17329628765583038,0.15167583525180817,0.002906713867560029,0.4804885685443878,0,0.19277458,0.21980913,2.056821346282959,2.1200738,2.1196902,82,13438,13520
MCF7,6,A133,3,2,40,2,0.10749552398920059,0.000805340358056128,0.1075071394443512,0.0008041783585213125,0.11937903612852097,0.00030870118644088507,0.1867031455039978,0.06599659472703934,0.13302433490753174,0.14305222034454346,0.10634313523769379,0.000838478677906096,0.3757728338241577,0,0.1288064,0.14356574,1.5244152545928955,1.2358605,1.2613688,2454,25306,27760
MCF7,6,A133,3,2,40,3,0.11403891444206238,0.001200911239720881,0.11404787749052048,0.0011999830603599548,0.10988078266382217,0.0005201515159569681,0.21214161813259125,0.02620273269712925,0.12792697548866272,0.13883358240127563,0.11503438651561737,0.00135875737760216,0.2994808256626129,0,0.14411491,0.16318575,1.3566597700119019,1.3271288,1.3328329,2457,10263,12720
MCF7,6,A133,3,2,40,4,0.14962749183177948,0.0020043731201440096,0.14966309070587158,0.0019995225593447685,0.12733140587806702,0.00022411714599002153,0.1625216007232666,0.10480163246393204,0.1394694298505783,0.1473105102777481,0.14964164793491364,0.002005187328904867,0.4573304355144501,0,0.18428548,0.20807631,2.250377893447876,2.754212,2.7538924,24,37816,37840
MCF7,6,A133,3,2,40,5,0.10012342780828476,0.0007972014136612415,0.10013224929571152,0.0007963887182995677,0.1084805428981781,0.0003973549755755812,0.19141428172588348,0.04231743887066841,0.12338892370462418,0.13411791622638702,0.09961210191249847,0.0008171309600584209,0.3323388397693634,0,0.121232785,0.13675387,1.505475640296936,1.1928087,1.2108359,1964,32100,34064
MCF7,6,A133,3,2,40,6,0.14329864084720612,0.0023118869867175817,0.14331506192684174,0.002309799427166581,0.11868946254253387,0.0009613008587621152,0.2226584553718567,0.06992363929748535,0.14081236720085144,0.1638980507850647,0.14370162785053253,0.002323924098163843,0.35039442777633667,0,0.18179013,0.20838179,2.179002046585083,2.188664,2.1885083,422,25770,26192
MCF7,6,A133,3,2,40,8,0.09965597838163376,0.0013084702659398317,0.0998779907822609,0.0012892114464193583,0.10526633262634277,0.0004623330314643681,0.17818336188793182,0.026779310777783394,0.12221230566501617,0.13201309740543365,0.09848425537347794,0.0014772404683753848,0.363132506608963,0,0.12882821,0.14851132,1.8997201919555664,1.5041054,1.5724552,3964,18980,22944
MCF7,6,A133,3,2,40,9,0.11687691509723663,0.0016494460869580507,0.11694473773241043,0.0016424705972895026,0.13069301843643188,0.0007065197569318116,0.19611188769340515,0.03579908236861229,0.15036582946777344,0.15929076075553894,0.11418217420578003,0.0017888654256239533,0.31345629692077637,0,0.14860827,0.16866823,1.441900372505188,1.2981106,1.3215789,2251,11541,13792
MCF7,6,A133,3,2,40,10,0.10764327645301819,0.0015389096224680543,0.10783302783966064,0.0015211611753329635,0.1138797327876091,0.0011131290812045336,0.22428907454013824,0.012484358623623848,0.14077109098434448,0.15564022958278656,0.10707906633615494,0.0015735926572233438,0.3428860604763031,0,0.13826378,0.15877037,1.4378981590270996,1.3037462,1.314876,1273,14071,15344
MCF7,6,A133,4,2,40,2,0.0774972215294838,0.0004835756844840944,0.07754357159137726,0.00048027079901658,0.0962909683585167,0.0001031876090564765,0.12294203788042068,0.07014105468988419,0.10442110896110535,0.1083436831831932,0.07742108404636383,0.0004836799926124513,0.178274005651474,0,0.09474283,0.10429627,1.3287858963012695,1.0289632,1.0301728,108,26660,26768
MCF7,6,A133,4,2,40,3,0.08362162113189697,0.0010049879783764482,0.08381474018096924,0.0009911225643008947,0.08419893682003021,0.0004566181742120534,0.16882355511188507,0.02189975045621395,0.10144183039665222,0.11221177875995636,0.08353995531797409,0.0010825074277818203,0.29277855157852173,0,0.10916667,0.1262208,1.782143235206604,1.5662051,1.5929664,3012,21292,24304
MCF7,6,A133,4,2,40,4,0.097936250269413,0.0008693887502886355,0.09797026962041855,0.0008663579938001931,0.09715945273637772,0.00044251661165617406,0.20008857548236847,0.03804117813706398,0.1136835515499115,0.12492930889129639,0.09810148924589157,0.0009600359480828047,0.25378066301345825,0,0.12239336,0.1385353,1.6231862306594849,1.4641922,1.4920806,3031,14249,17280
MCF7,6,A133,4,2,40,5,0.08720560371875763,0.0006914362893439829,0.08723347634077072,0.0006892257952131331,0.09531868994235992,0.0005958882393315434,0.18971017003059387,0.030248543247580528,0.11474410444498062,0.12794294953346252,0.08631425350904465,0.000693907612003386,0.23390568792819977,0,0.106836826,0.120438375,1.5875574350357056,1.3377122,1.3624445,1549,14099,15648
MCF7,6,A133,4,2,40,6,0.08794838190078735,0.0008529152255505323,0.08800417184829712,0.000848546449560672,0.08819351345300674,0.00043474044650793076,0.19480332732200623,0.024293599650263786,0.1043773889541626,0.11578229814767838,0.08792584389448166,0.0008913585916161537,0.2697061598300934,0,0.110789225,0.1267868,1.615053415298462,1.4489658,1.4629511,2258,24558,26816
MCF7,6,A133,4,2,40,7,0.13463374972343445,0.002806844189763069,0.13492679595947266,0.0027734118048101664,0.09859023988246918,0.0005955234519205987,0.1679259091615677,0.031468380242586136,0.11802175641059875,0.12964725494384766,0.13603676855564117,0.0028403832111507654,0.38446858525276184,0,0.17791536,0.20638423,1.8638721704483032,2.8120985,2.776571,690,17726,18416
MCF7,6,A133,4,2,40,9,0.0724015012383461,0.0007842220948077738,0.07262828946113586,0.0007702072616666555,0.08165255188941956,0.0002644140040501952,0.13693390786647797,0.03178700804710388,0.09445670992136002,0.10215858370065689,0.0721803531050682,0.0007945536053739488,0.23376944661140442,0,0.09352975,0.108763024,1.4328787326812744,0.99017906,1.000515,486,20330,20816
MCF7,6,A133,4,2,40,11,0.10126965492963791,0.001888962578959763,0.10187691450119019,0.001838424475863576,0.09736331552267075,0.0008116508251987398,0.1916675865650177,0.008570441044867039,0.12011004239320755,0.13388822972774506,0.1020369678735733,0.0020969901233911514,0.3670167922973633,0,0.13792704,0.16228259,1.5050231218338013,1.3395517,1.3667185,2837,14443,17280
MCF7,6,A133,4,2,40,12,0.10060875862836838,0.002288563409820199,0.10127683728933334,0.0022360992152243853,0.10092727094888687,0.0006633743760176003,0.1834743171930313,0.018591737374663353,0.12178214639425278,0.13345882296562195,0.10056544840335846,0.0025095122400671244,0.41773051023483276,0,0.14024791,0.16732301,1.4224631786346436,1.2036115,1.2298057,2141,15747,17888
MCF7,6,A133,5,2,40,1,0.11034207791090012,0.0022976379841566086,0.11153297871351242,0.002189611317589879,0.12294870615005493,0.0011084305588155985,0.2774548828601837,0.028450099751353264,0.148334801197052,0.1662137359380722,0.10889840126037598,0.0024135385174304247,0.4367488920688629,0,0.14649168,0.17295368,1.5906425714492798,1.3584392,1.3822982,1838,16050,17888
MCF7,6,A133,5,2,40,2,0.07305057346820831,0.0030762760434299707,0.09040546417236328,0.002238140907138586,0.08445088565349579,0.0007133323815651238,0.19131802022457123,0,0.10557926446199417,0.11903855949640274,0.07142256945371628,0.0033925012685358524,0.41869986057281494,0,0.118376374,0.14836317,1.491910457611084,1.3011955,1.325027,6042,42310,48352
MCF7,6,A133,5,2,40,3,0.14617040753364563,0.003010193584486842,0.1465545892715454,0.0029618018306791782,0.13757085800170898,0.0010004345094785094,0.2782581150531769,0.03162890672683716,0.1624515801668167,0.1784965693950653,0.1479271650314331,0.003402566770091653,0.4811232089996338,0,0.19330895,0.22466192,1.7189648151397705,1.6873688,1.6924932,2351,12145,14496
MCF7,6,A133,5,2,40,4,0.1670437902212143,0.0032017985358834267,0.16707292199134827,0.0031974909361451864,0.1429559588432312,0.0007773090619593859,0.23291611671447754,0.06880335509777069,0.1654518097639084,0.17907895147800446,0.16821284592151642,0.00328993983566761,0.47740310430526733,0,0.21371059,0.24421075,2.02932071685791,2.2601721,2.2494872,1062,21882,22944
MCF7,6,A133,5,2,40,5,0.1850641965866089,0.004073157906532288,0.18531343340873718,0.004032456781715155,0.16252167522907257,0.0017286023357883096,0.3056715130805969,0.03932300955057144,0.195959210395813,0.21586810052394867,0.18586955964565277,0.004138116259127855,0.5185210108757019,0,0.23632373,0.26934,1.9893461465835571,2.124049,2.1194026,436,12204,12640
MCF7,6,A133,5,2,40,7,0.13523586094379425,0.0033779777586460114,0.13724516332149506,0.003152399556711316,0.13731107115745544,0.00038489620783366263,0.19756737351417542,0.06730857491493225,0.1528463214635849,0.16223594546318054,0.13518144190311432,0.0034563427325338125,0.4953663945198059,0,0.17960261,0.21074517,2.3253159523010254,1.9232128,1.9334868,733,27955,28688
MCF7,6,A133,5,2,40,8,0.19729402661323547,0.007246076129376888,0.20015476644039154,0.00677855359390378,0.1300428807735443,0.0010931636206805706,0.2174735963344574,0.02765577845275402,0.15653261542320251,0.17103078961372375,0.19846534729003906,0.007273097522556782,0.6963939070701599,0,0.26167518,0.30942774,2.020690441131592,2.8441596,2.8300626,424,24344,24768
MCF7,6,A133,5,2,40,9,0.12708891928195953,0.0027318838983774185,0.12770919501781464,0.0026660021394491196,0.11350411176681519,0.0006177044124342501,0.2243279218673706,0,0.13269370794296265,0.1439138799905777,0.1321219950914383,0.003421466564759612,0.4967619478702545,0,0.17734951,0.20804073,1.907131552696228,1.8109478,1.8369495,10130,27342,37472
MCF7,6,A133,6,2,40,1,0.09320201724767685,0.0006425190949812531,0.0932249128818512,0.0006405432359315455,0.10700579732656479,0.000341525737894699,0.20063656568527222,0.037408702075481415,0.1213863268494606,0.13072314858436584,0.09131090342998505,0.0006540743634104729,0.25175032019615173,0,0.11127477,0.12381642,1.5703046321868896,1.208055,1.2517036,6871,50153,57024
MCF7,6,A133,6,2,40,2,0.07543909549713135,0.0016632926417514682,0.07925108075141907,0.0014452360337600112,0.07794284075498581,0.00048718389007262886,0.2106803059577942,0,0.09537861496210098,0.10633789002895355,0.07457342743873596,0.002067016903311014,0.3991519510746002,0,0.10973273,0.1330597,1.6481434106826782,1.4659889,1.512788,5977,17287,23264
MCF7,6,A133,6,2,40,5,0.09570923447608948,0.002744409954175353,0.09793680906295776,0.002590123564004898,0.07522224634885788,0.00020537081582006067,0.11772889643907547,0.036520108580589294,0.08689515292644501,0.09336701780557632,0.09591744095087051,0.0027659041807055473,0.41749104857444763,0,0.13690844,0.16638783,1.4506369829177856,1.892945,1.8884956,207,20369,20576
MCF7,6,A133,6,2,40,6,0.11099591106176376,0.000590780982747674,0.11099591106176376,0.000590780982747674,0.14023002982139587,0.00038474900065921247,0.20753580331802368,0.07982731610536575,0.15586954355239868,0.16522957384586334,0.10927974432706833,0.0005497600650414824,0.2157629430294037,0.039490703493356705,0.12783767,0.1402996,1.5389068126678467,1.051259,1.0782988,928,15808,16736
MCF7,6,A133,6,2,40,7,0.10981512814760208,0.001534913433715701,0.1098177582025528,0.0015346613945439458,0.10218415409326553,0.0005693500861525536,0.18058645725250244,0.030093496665358543,0.12132589519023895,0.13291901350021362,0.11006567627191544,0.0015646402025595307,0.37189826369285583,0,0.13778858,0.16175012,1.881954550743103,1.9211229,1.9198778,1328,40448,41776
MCF7,6,A133,6,2,40,8,0.11079367995262146,0.0006000053836032748,0.11079367995262146,0.0006000053836032748,0.13749556243419647,0.0011858748039230704,0.23245462775230408,0.08312774449586868,0.16387604176998138,0.1890437752008438,0.11043932288885117,0.0005826423293910921,0.21997588872909546,0.03675559535622597,0.12924685,0.14222226,1.7116200923919678,1.0275967,1.0365555,228,17180,17408
MCF7,6,A133,6,2,40,9,0.10478316247463226,0.00038209566264413297,0.10478316247463226,0.00038209566264413297,0.12075021117925644,0.00012951788085047156,0.16486428678035736,0.08138415962457657,0.12975962460041046,0.1352216601371765,0.10157345980405807,0.00037131732096895576,0.19184793531894684,0.032366588711738586,0.116953954,0.12575065,1.4680982828140259,1.0498811,1.1198802,4017,19983,24000
MCF7,6,A133,6,2,40,10,0.09028284251689911,0.0004914422170259058,0.09028750658035278,0.0004910473362542689,0.09171263873577118,0.00028243407723493874,0.17088837921619415,0.03489032760262489,0.10496480762958527,0.11367867141962051,0.08972220122814178,0.0005722841597162187,0.2585083544254303,0,0.10819247,0.1207999,1.6633810997009277,1.5660393,1.5934583,10929,27871,38800
MCF7,6,A133,6,2,40,11,0.11096028983592987,0.0007275306852534413,0.11096028983592987,0.0007275306852534413,0.10230061411857605,0.0003487755893729627,0.1606319397687912,0.040177494287490845,0.1170181930065155,0.12549465894699097,0.11182580888271332,0.0007571420283056796,0.30122706294059753,0.017705976963043213,0.13348724,0.14735664,2.251667022705078,2.1421216,2.1520755,2819,28205,31024
MCF7,6,A133,7,2,40,1,0.09627827256917953,0.001047631842084229,0.0963909924030304,0.0010379943996667862,0.10519702732563019,0.00038413488073274493,0.17809823155403137,0.024759693071246147,0.12065667659044266,0.1303856074810028,0.09480611979961395,0.0011418545618653297,0.3318029046058655,0,0.12054091,0.1392155,1.6286139488220215,1.2496355,1.2920331,5071,40257,45328
MCF7,6,A133,7,2,40,2,0.10702723264694214,0.0015622355276718736,0.1071237251162529,0.0015533078694716096,0.09286359697580338,0.0005186859634704888,0.16259658336639404,0.041543468832969666,0.11142963171005249,0.12296810001134872,0.10718055069446564,0.0015713365282863379,0.36563625931739807,0,0.13772853,0.16024941,1.3636146783828735,1.1383481,1.1407605,214,19770,19984
MCF7,6,A133,7,2,40,3,0.11579984426498413,0.0011920424876734614,0.11582029610872269,0.0011898826342076063,0.1155918762087822,0.0006401417776942253,0.22919480502605438,0.044134996831417084,0.13582251965999603,0.14850971102714539,0.11584806442260742,0.001320032635703683,0.32738691568374634,0,0.14404525,0.16363654,1.794145107269287,1.5570337,1.6016736,6392,27560,33952
MCF7,6,A133,7,2,40,4,0.10748374462127686,0.0017336424207314849,0.10773436725139618,0.0017106840386986732,0.10106474906206131,0.0007830332033336163,0.20470136404037476,0.013202806934714317,0.12354762852191925,0.13740453124046326,0.10882579535245895,0.0019219758687540889,0.3683837652206421,0,0.14311998,0.16644768,1.4303474426269531,1.2938731,1.3174725,3345,15999,19344
MCF7,6,A133,7,2,40,5,0.1045101210474968,0.0014551838394254446,0.10467613488435745,0.001440119231119752,0.09821387380361557,0.0004915391327813268,0.19482675194740295,0.009031478315591812,0.11544293910264969,0.12642674148082733,0.10593120753765106,0.001661714632064104,0.40578943490982056,0,0.13781886,0.15916076,1.86117684841156,1.6397707,1.6805407,5922,26238,32160
MCF7,6,A133,7,2,40,6,0.14230649173259735,0.0013821283355355263,0.14231771230697632,0.0013806411297991872,0.13949066400527954,0.0005213990225456655,0.22481362521648407,0.05680485814809799,0.1576426923274994,0.1684134602546692,0.14337806403636932,0.0017055185744538903,0.3617701232433319,0,0.17581327,0.19721705,1.7572013139724731,1.5794647,1.6284585,6995,18381,25376
MCF7,6,A133,7,2,40,7,0.1481008529663086,0.001511222100816667,0.14811021089553833,0.00150993128772825,0.1548183113336563,0.0003977015148848295,0.24810059368610382,0.06991743296384811,0.1703915148973465,0.1796739250421524,0.14671270549297333,0.001730078482069075,0.4377290904521942,0,0.17920302,0.19952048,2.3173012733459473,1.905249,1.9758167,5420,26228,31648
MCF7,6,A133,7,2,40,8,0.10682667046785355,0.0009245863184332848,0.10683386027812958,0.0009238803177140653,0.1093667522072792,0.0002952651120722294,0.17572487890720367,0.036817777901887894,0.12294250726699829,0.13135263323783875,0.10637221485376358,0.001035821158438921,0.32557862997055054,0,0.13195024,0.14851719,1.3924325704574585,1.2881103,1.3039426,6765,37811,44576
MCF7,6,A133,7,2,40,9,0.11737335473299026,0.001233152812346816,0.11737335473299026,0.001233152812346816,0.1426069438457489,0.000758169568143785,0.2337217926979065,0.027582624927163124,0.1627526581287384,0.172908216714859,0.11450408399105072,0.0012065275805070996,0.27640044689178467,0.0032484286930412054,0.14155485,0.16068998,2.4205548763275146,1.7619373,1.8291816,2831,24897,27728
MCF7,6,A133,7,2,40,10,0.10114733129739761,0.0007547196582891047,0.10114733129739761,0.0007547196582891047,0.09658855944871902,0.0002370229922235012,0.1599072366952896,0.03507810831069946,0.10865268111228943,0.11586732417345047,0.1024489477276802,0.0008949051843956113,0.23331071436405182,0.0043295701034367085,0.12614141,0.14249818,2.109747886657715,1.8129832,1.8788964,6983,24457,31440
MCF7,6,A133,7,2,40,11,0.10097693651914597,0.0018686330877244473,0.10167241841554642,0.001810791902244091,0.09896285086870193,0.0009328223532065749,0.18675066530704498,0.013251897878944874,0.12333136051893234,0.1381990760564804,0.10103344917297363,0.0018947707721963525,0.35007280111312866,0,0.13502333,0.15775909,1.3431283235549927,1.1861922,1.190475,379,13509,13888
MCF7,6,A133,8,2,40,1,0.13341453671455383,0.0031850282102823257,0.13354304432868958,0.003170936368405819,0.11944280564785004,0.0008521337294951081,0.2716664671897888,0.043441638350486755,0.1424700766801834,0.15852919220924377,0.13419084250926971,0.0033031997736543417,0.4000956416130066,0,0.17942251,0.2148515,1.7417246103286743,1.9367974,1.9265292,2407,43321,45728
MCF7,6,A133,8,2,40,2,0.16218091547489166,0.004863420967012644,0.16220487654209137,0.0048602549359202385,0.1352531462907791,0.0009680873481556773,0.2419939637184143,0.05268515646457672,0.1607690304517746,0.1763879358768463,0.16534942388534546,0.0052264113910496235,0.5099911093711853,0,0.22065446,0.26365212,1.8245538473129272,2.3412814,2.2868807,3566,30306,33872
MCF7,6,A133,8,2,40,3,0.1282731294631958,0.0016907216049730778,0.12831121683120728,0.0016863340279087424,0.12146719545125961,0.0005081043345853686,0.24354542791843414,0.056106675416231155,0.138902947306633,0.15089036524295807,0.1287824660539627,0.0017755008302628994,0.40641260147094727,0,0.16080673,0.18467401,2.039198160171509,2.2539153,2.2389648,2110,28194,30304
MCF7,6,A133,8,2,40,4,0.10887005180120468,0.0018727182177826762,0.10975881665945053,0.0017904560081660748,0.11379203200340271,0.0005144859896972775,0.19819287955760956,0.03254334628582001,0.13196328282356262,0.14211472868919373,0.10836299508810043,0.0020098877139389515,0.34337013959884644,0,0.14337002,0.16537985,2.193924903869629,1.8891351,1.9176013,1188,11532,12720
MCF7,6,A133,8,2,40,5,0.1360093355178833,0.0019197737565264106,0.13603046536445618,0.0019171987660229206,0.10371622443199158,0.0007038780604489148,0.18864259123802185,0.027742931619286537,0.12474791705608368,0.13896141946315765,0.13760097324848175,0.0019257698440924287,0.4006618559360504,0,0.17104442,0.19515379,2.100389242172241,2.3353717,2.324334,1210,24550,25760
MCF7,6,A133,8,2,40,6,0.08665626496076584,0.0017297082813456655,0.08801262080669403,0.0016374053666368127,0.08213275671005249,0.0004034621233586222,0.1712437868118286,0.013688485138118267,0.09777561575174332,0.1072075217962265,0.08749014884233475,0.001969726290553808,0.3406978249549866,0,0.122300714,0.14594744,1.6195541620254517,1.3455023,1.3881587,1818,9862,11680
MCF7,6,A133,8,2,40,7,0.11019749939441681,0.003107203636318445,0.1127982959151268,0.002887171460315585,0.1052393913269043,0.000928081339225173,0.23793622851371765,0,0.12911675870418549,0.14267826080322266,0.11092100292444229,0.003421076573431492,0.4222119152545929,0,0.15644582,0.1867494,2.0403544902801514,1.7838665,1.816528,1088,7456,8544
MCF7,6,A133,8,2,40,8,0.08587460219860077,0.0018013280350714922,0.08780816942453384,0.0016721041174605489,0.09137172251939774,0.0006391939241439104,0.16368287801742554,0.014959440566599369,0.11166147142648697,0.12230441719293594,0.08520404994487762,0.0019389530643820763,0.3499619662761688,0,0.11936642,0.1424142,1.7789736986160278,1.307419,1.3586868,1496,12264,13760
MCF7,6,A133,8,2,40,9,0.07784737646579742,0.0009153811843134463,0.0782097652554512,0.0008913003257475793,0.08523768186569214,0.0001676946849329397,0.15208488702774048,0.03833076357841492,0.09547345340251923,0.1022212952375412,0.07712700217962265,0.0009824188891798258,0.25470107793807983,0,0.101636246,0.11824396,1.3947842121124268,1.1503466,1.172057,3412,35004,38416
MCF7,6,A133,8,2,40,10,0.09132790565490723,0.0014108155155554414,0.09144535660743713,0.0014018890215083957,0.10448828339576721,0.0006261244998313487,0.18376731872558594,0.039254508912563324,0.12444480508565903,0.13880576193332672,0.09069620072841644,0.0014397685881704092,0.2789546549320221,0,0.120500535,0.14183009,1.4797708988189697,1.0970696,1.1145982,1462,30458,31920
MCF7,6,A133,9,2,40,2,0.04682132601737976,0.0008828450809232891,0.051416728645563126,0.0007332137902267277,0.05849587544798851,0.0004580532549880445,0.1501060426235199,0,0.07546278834342957,0.08589804172515869,0.04550831392407417,0.000913567841053009,0.20232883095741272,0,0.06997906,0.0853362,1.28331458568573,1.2261636,1.2319416,1768,15720,17488
MCF7,6,A133,9,2,40,3,0.06422130018472672,0.0007370735402218997,0.06502777338027954,0.0006938859005458653,0.07873541861772537,0.00033146239002235234,0.12834905087947845,0.024181362241506577,0.09323415160179138,0.10269418358802795,0.06368846446275711,0.0007439464679919183,0.19274398684501648,0,0.085510194,0.09814325,1.3076540231704712,1.0609536,1.0696895,434,11822,12256
MCF7,6,A133,9,2,40,4,0.08904259651899338,0.0019612726755440235,0.089854396879673,0.0019062105566263199,0.07117052376270294,0.0004557863576337695,0.12755492329597473,0.013330895453691483,0.0878070518374443,0.09816198796033859,0.08915415406227112,0.0019686631858348846,0.41281989216804504,0,0.12274126,0.1459965,2.019343614578247,2.5057235,2.5027063,184,29480,29664
MCF7,6,A133,9,2,40,6,0.05471683666110039,0.0008692143601365387,0.056886471807956696,0.0007802576874382794,0.05686680227518082,0.000465043616713956,0.10563968867063522,0,0.07445618510246277,0.08468107879161835,0.054703887552022934,0.000871621014084667,0.18662358820438385,0,0.07841148,0.09301789,1.2545486688613892,1.1728728,1.1733618,73,12119,12192
MCF7,6,A133,9,2,40,7,0.07981928437948227,0.0006490333471447229,0.07997243851423264,0.0006380304112099111,0.095258928835392,0.00022274789807852358,0.15197044610977173,0.024370867758989334,0.10700269788503647,0.11398239433765411,0.07626339048147202,0.0006796646048314869,0.19233623147010803,0,0.09686546,0.10913536,1.8423480987548828,1.5426527,1.5987546,6158,26738,32896
MCF7,6,A133,9,2,40,8,0.11623338609933853,0.0014424094697460532,0.11640185117721558,0.0014248915249481797,0.11369267106056213,0.000945634616073221,0.2214166671037674,0.009618124924600124,0.13819089531898499,0.15357978641986847,0.117302305996418,0.0016475514275953174,0.2681928873062134,0,0.14985904,0.1691912,1.652625560760498,1.5696503,1.5940188,3247,7809,11056
MCF7,6,A133,9,2,40,9,0.08051706850528717,0.0005848038126714528,0.08054377883672714,0.0005828462308272719,0.09422548860311508,0.00032028209534473717,0.15650413930416107,0.017849426716566086,0.10809922218322754,0.11539458483457565,0.07845376431941986,0.0005920759867876768,0.1744460016489029,0,0.09809625,0.1092231,1.557729959487915,1.4710788,1.4824145,3550,23586,27136
MCF7,6,A133,9,2,40,12,0.08221746981143951,0.00273960386402905,0.08304974436759949,0.0026982168201357126,0.05798538029193878,0.0005052154883742332,0.16831322014331818,0,0.07575010508298874,0.08661093562841415,0.08769195526838303,0.0030817657243460417,0.43868568539619446,0,0.12525584,0.15879966,1.5628094673156738,2.611397,2.419762,8243,36861,45104
MCF7,6,A133,9,2,40,13,0.07364237308502197,0.0009916597045958042,0.0741136446595192,0.0009630778804421425,0.0743921548128128,0.0003980004112236202,0.15312086045742035,0.00362196983769536,0.09018342196941376,0.09974116832017899,0.0735328197479248,0.001078304136171937,0.2864038348197937,0,0.09884989,0.11608978,1.9378430843353271,2.002502,1.9942592,3749,25659,29408
MCF7,2,control,0,3,0,2,0.07334096729755402,0.0010960735380649567,0.07433707267045975,0.0010369123192504048,0.06915947794914246,0.0002193973195971921,0.10199922323226929,0.02855641022324562,0.08113671839237213,0.08863747864961624,0.07334911823272705,0.0010977477068081498,0.36007753014564514,0,0.097963974,0.11533292,1.2390416860580444,0.9461788,0.9467484,118,60554,60672
MCF7,2,control,0,3,0,3,0.08741831034421921,0.0029314267449080944,0.09345899522304535,0.0025694340001791716,0.08742758631706238,0.00047764807823114097,0.18562401831150055,0,0.10447654873132706,0.11508514732122421,0.08741705119609833,0.003262509824708104,0.535849928855896,0,0.1303369,0.16318452,1.358238935470581,1.0805007,1.1135201,17989,133323,151312
MCF7,2,control,1,3,0,1,0.07311364263296127,0.0006700819358229637,0.07350676506757736,0.0006447875057347119,0.08055870234966278,0.00018742229440249503,0.12565307319164276,0.03822283446788788,0.09152329713106155,0.09849312156438828,0.07260455191135406,0.0006990366382524371,0.28846490383148193,0,0.09307956,0.10562321,1.298151969909668,1.2179562,1.2229517,1782,26826,28608
MCF7,2,control,1,3,0,2,0.08883357048034668,0.000749515718780458,0.08891426771879196,0.0007430217228829861,0.09402027726173401,0.00026789502589963377,0.17258840799331665,0.041714973747730255,0.10654924064874649,0.11551462113857269,0.088178850710392,0.000806486583314836,0.2570624053478241,0,0.11015643,0.1253837,1.3521302938461304,1.2725614,1.2814797,3705,29351,33056
MCF7,2,control,1,3,0,3,0.06365692615509033,0.0025717478711158037,0.07863327115774155,0.0019991546869277954,0.07298929244279861,0.0007002520724199712,0.16929498314857483,0,0.09397383034229279,0.10674435645341873,0.061035919934511185,0.003066027769818902,0.42095983028411865,0,0.10564909,0.13651171,1.2719942331314087,1.2275134,1.2372668,21569,76799,98368
MCF7,2,control,1,3,0,4,0.07990600168704987,0.001792748225852847,0.08180344849824905,0.0016801008023321629,0.0835646316409111,0.0005404319963417947,0.1967489868402481,0.009741459041833878,0.10136687010526657,0.11415757238864899,0.07932798564434052,0.0019881483167409897,0.42022109031677246,0,0.11265822,0.13781807,1.5146217346191406,1.2573168,1.2924215,14787,93597,108384
MCF7,2,control,1,3,0,5,0.07111843675374985,0.0012016642140224576,0.07262583076953888,0.001117658568546176,0.08577723056077957,0.00043431762605905533,0.1833590716123581,0.009671060368418694,0.10223156213760376,0.11305366456508636,0.06877435743808746,0.0012845140881836414,0.37082791328430176,0,0.0960525,0.11568642,1.6751805543899536,1.2780924,1.3328365,14779,92421,107200
MCF7,2,control,1,3,0,6,0.07574137300252914,0.003774277400225401,0.09513368457555771,0.0028957556933164597,0.08005772531032562,0.000770576240029186,0.18260587751865387,0,0.10185307264328003,0.11616399139165878,0.0751228779554367,0.004201625473797321,0.4300740361213684,0,0.12730697,0.16370252,1.3025872707366943,1.4492749,1.4308904,4540,31684,36224
MCF7,2,control,10,3,0,1,0.13077956438064575,0.0016071104910224676,0.1308494657278061,0.0015988254453986883,0.154466912150383,0.001065179007127881,0.3193897008895874,0.033998243510723114,0.17965590953826904,0.195702463388443,0.1261909306049347,0.0015823433641344309,0.4817191958427429,0,0.15692554,0.1784875,2.0130014419555664,1.4802777,1.5667284,10939,56469,67408
MCF7,2,control,10,3,0,2,0.11908772587776184,0.0010850661201402545,0.11909344792366028,0.0010844356147572398,0.12287341803312302,0.0006145432125777006,0.2201293259859085,0.04091871902346611,0.1424606293439865,0.1550579071044922,0.1180991604924202,0.0012032149825245142,0.32705679535865784,0,0.14545627,0.16422868,1.4867160320281982,1.3218232,1.3546065,16516,66556,83072
MCF7,2,control,10,3,0,3,0.09686708450317383,0.0012141739716753364,0.09689031541347504,0.001212214701808989,0.10970547795295715,0.0007001670310273767,0.1602746695280075,0.04694544896483421,0.13190793991088867,0.14010435342788696,0.09684049338102341,0.0012148964451625943,0.3050934970378876,0,0.12361391,0.14482935,1.3939329385757446,1.0787164,1.0793681,69,33307,33376
MCF7,2,control,11,3,0,1,0.12233317643404007,0.0017633455572649837,0.123110830783844,0.0016788155771791935,0.15184417366981506,0.0006115080905146897,0.2549419403076172,0.07173560559749603,0.17145876586437225,0.18270397186279297,0.12007024884223938,0.001779767102561891,0.48016878962516785,0,0.15223917,0.17378363,1.4086052179336548,1.1151485,1.1360483,6077,79251,85328
MCF7,2,control,12,3,0,1,0.13207003474235535,0.001052384846843779,0.1320759356021881,0.001051652361638844,0.15277710556983948,0.0007329685031436384,0.25271546840667725,0.06780435144901276,0.17401845753192902,0.18768583238124847,0.12973733246326447,0.0010346230119466782,0.3147486448287964,0,0.15503989,0.1716292,1.6889209747314453,1.3539221,1.3848156,4127,40625,44752
MCF7,2,control,12,3,0,2,0.13379405438899994,0.0012379137333482504,0.13379588723182678,0.0012376843951642513,0.1628972887992859,0.0008666093344800174,0.2724084258079529,0.059441957622766495,0.1858409196138382,0.1996954083442688,0.13140104711055756,0.0011930734617635608,0.3462841212749481,0,0.15853682,0.1766837,1.4214870929718018,1.1970928,1.2141416,5519,67121,72640
MCF7,2,control,12,3,0,3,0.127421572804451,0.0004940346116200089,0.127421572804451,0.0004940346116200089,0.1296786367893219,0.0002538548142183572,0.19393180310726166,0.0667540580034256,0.14236746728420258,0.14999787509441376,0.12720246613025665,0.0005168071365915239,0.23330020904541016,0.03024522215127945,0.14501734,0.15596196,1.345208764076233,1.2476962,1.2563244,6007,61881,67888
MCF7,2,control,12,3,0,4,0.11156675219535828,0.000882979016751051,0.1115775853395462,0.0008818571222946048,0.14096347987651825,0.0008468292653560638,0.23287060856819153,0.045166708528995514,0.16440029442310333,0.17842666804790497,0.1106375902891159,0.0008559441193938255,0.38636159896850586,0,0.13325092,0.14909816,1.3769108057022095,1.0679911,1.0770547,3025,100079,103104
MCF7,2,control,12,3,0,5,0.12211193889379501,0.0006899307481944561,0.12211193889379501,0.0006899307481944561,0.13287794589996338,0.0005176616250537336,0.22322845458984375,0.035053450614213943,0.15080587565898895,0.16122664511203766,0.12164929509162903,0.0006921387393958867,0.27488958835601807,0.020163996145129204,0.14261433,0.1560813,1.3638293743133545,1.1369933,1.1463389,6140,142884,149024
MCF7,2,control,13,3,0,1,0.1626918464899063,0.0011008774163201451,0.1626918464899063,0.0011008774163201451,0.2122119665145874,0.0005296191666275263,0.3006431758403778,0.12836657464504242,0.2297946959733963,0.23936153948307037,0.1563529670238495,0.0008199177100323141,0.32750722765922546,0.05488261207938194,0.17887051,0.1939564,1.9063977003097534,1.4273076,1.4816748,7339,57333,64672
MCF7,2,control,13,3,0,2,0.15292027592658997,0.0006158947944641113,0.15292027592658997,0.0006158947944641113,0.16077405214309692,0.0002919086255133152,0.23097719252109528,0.09202374517917633,0.1742771416902542,0.1826026290655136,0.15107759833335876,0.0006740416283719242,0.2846411168575287,0.06418241560459137,0.17138232,0.18517904,1.4709482192993164,1.3876375,1.4034694,7422,31634,39056
MCF7,2,control,13,3,0,4,0.14357958734035492,0.0008486522710882127,0.14357958734035492,0.0008486522710882127,0.16576741635799408,0.0004461613716557622,0.23110431432724,0.10688534379005432,0.1827433705329895,0.19374722242355347,0.14144361019134521,0.000835444254335016,0.2771010398864746,0.03538208082318306,0.16445844,0.17956229,1.8091520071029663,1.4333607,1.4663601,3476,36108,39584
MCF7,2,control,13,3,0,5,0.11317665129899979,0.000790404446888715,0.11317665129899979,0.000790404446888715,0.12546369433403015,0.0005569658242166042,0.4417944848537445,0.03654103726148605,0.14272940158843994,0.15380409359931946,0.11077176779508591,0.0008007618598639965,0.44255176186561584,0.010534582659602165,0.13191274,0.14729653,1.7101316452026367,1.4458705,1.4891264,12524,63988,76512
MCF7,2,control,14,3,0,1,0.11836174875497818,0.01412583701312542,0.20800672471523285,0.006177723873406649,0.14672169089317322,0.0029815873131155968,0.289368212223053,0.03406591713428497,0.1921101212501526,0.2163386344909668,0.11829842627048492,0.01414891704916954,0.59773188829422,0,0.22459418,0.27938727,1.1523165702819824,1.22845,1.2282803,72,32248,32320
MCF7,2,control,14,3,0,3,0.19951041042804718,0.0058363317511975765,0.20597948133945465,0.0046930755488574505,0.1576579213142395,0.001265421393327415,0.2916155159473419,0.06389316916465759,0.18624264001846313,0.20401035249233246,0.2000095248222351,0.0058697061613202095,0.5707482695579529,0,0.25772008,0.2973544,1.791490912437439,2.4609478,2.453058,904,75800,76704
MCF7,2,control,14,3,0,5,0.2190575748682022,0.014005094766616821,0.25364387035369873,0.007443710695952177,0.194645956158638,0.0028778144624084234,0.35102400183677673,0.016403784975409508,0.23813211917877197,0.26333507895469666,0.22109557688236237,0.014880149625241756,0.5883922576904297,0,0.31744894,0.36478215,1.350813865661621,1.5101678,1.4978892,2388,28604,30992
MCF7,2,control,2,3,0,1,0.12754300236701965,0.006357826292514801,0.14551499485969543,0.0046385107561945915,0.11204934120178223,0.0007492307922802866,0.21478445827960968,0.01582198590040207,0.1338757425546646,0.14706476032733917,0.1283532977104187,0.006637932267040014,0.4898805618286133,0,0.19186874,0.23497403,1.2391836643218994,1.0817965,1.0859512,1926,71034,72960
MCF7,2,control,2,3,0,2,0.15982837975025177,0.00693331565707922,0.17577683925628662,0.004821786191314459,0.15285846590995789,0.0011717118322849274,0.29178839921951294,0.014863038435578346,0.17999473214149475,0.19739630818367004,0.16090713441371918,0.007816381752490997,0.5785861611366272,0,0.23011968,0.27065355,1.5679110288619995,1.1778107,1.2300957,10212,65980,76192
MCF7,2,control,3,3,0,3,0.08646415919065475,0.00137101742438972,0.08770614117383957,0.0012817814713343978,0.0930977538228035,0.0003115250146947801,0.13600093126296997,0.04953372851014137,0.1068258285522461,0.11415041238069534,0.08644663542509079,0.0013736995169892907,0.3677574396133423,0,0.11439755,0.13190056,1.2874664068222046,1.0061328,1.006874,112,42400,42512
MCF7,2,control,3,3,0,4,0.09679853171110153,0.0016104226233437657,0.09770424664020538,0.0015369986649602652,0.09860090166330338,0.0005193619872443378,0.1397257000207901,0.05730321630835533,0.11798592656850815,0.12636397778987885,0.09679795801639557,0.0016107703559100628,0.3601193428039551,0,0.12708968,0.14751332,1.2758480310440063,1.0287718,1.0288507,21,65675,65696
MCF7,2,control,3,3,0,6,0.11541077494621277,0.001996723935008049,0.11665404587984085,0.0018732001772150397,0.11527342349290848,0.0004580663808155805,0.1905205100774765,0.04083799198269844,0.13185693323612213,0.14253821969032288,0.11541701853275299,0.0020665836054831743,0.4226580560207367,0,0.14856336,0.17369029,1.312488079071045,1.1871275,1.1925721,2551,56185,58736
MCF7,2,control,3,3,0,7,0.09060826897621155,0.0023753526620566845,0.09455304592847824,0.0021057771518826485,0.10613317787647247,0.0008495412766933441,0.19181831181049347,0.013478669337928295,0.1290222555398941,0.14155828952789307,0.08991953730583191,0.002431875793263316,0.42087993025779724,0,0.12791274,0.15365596,1.340457797050476,1.141558,1.1500071,2911,65617,68528
MCF7,2,control,4,3,0,1,0.08623693883419037,0.002340487204492092,0.08910190314054489,0.0021629694383591413,0.08691500872373581,0.0005413260078057647,0.16610728204250336,0.006917997263371944,0.10539115965366364,0.11629694700241089,0.08622030168771744,0.002384648658335209,0.46153387427330017,0,0.122868635,0.15068667,1.219130516052246,0.9949428,1.0003152,3195,130133,133328
MCF7,2,control,5,3,0,3,0.15043877065181732,0.002254726365208626,0.15048448741436005,0.0022485312074422836,0.14753375947475433,0.0012347194133326411,0.22690731287002563,0.02563074417412281,0.1759404093027115,0.1906193643808365,0.150461807847023,0.002262749709188938,0.46972909569740295,0,0.18705754,0.21213117,2.215038537979126,1.8138088,1.8169662,259,32653,32912
MCF7,2,control,5,3,0,4,0.15041297674179077,0.001803152379579842,0.15043778717517853,0.0017997199902310967,0.14581266045570374,0.0006632145377807319,0.2580403685569763,0.028614211827516556,0.16573874652385712,0.17780159413814545,0.15186332166194916,0.0021537654101848602,0.45353931188583374,0,0.18805265,0.21297984,1.9142192602157593,1.66996,1.7285088,11636,36908,48544
MCF7,2,control,5,3,0,5,0.12797850370407104,0.001290597254410386,0.12797850370407104,0.001290597254410386,0.11810942739248276,0.0007835159194655716,0.23734444379806519,0.018289601430296898,0.13981841504573822,0.1532408446073532,0.13061560690402985,0.001393113867379725,0.37376144528388977,0.0020386732649058104,0.15993154,0.17945021,1.4669466018676758,1.4087565,1.4210267,7554,28270,35824
MCF7,2,control,6,3,0,1,0.17598707973957062,0.0022117942571640015,0.17604069411754608,0.0022030279505997896,0.15456698834896088,0.0004975719493813813,0.21906325221061707,0.08611629158258438,0.17169252038002014,0.18138398230075836,0.1760605126619339,0.002216093707829714,0.5509656071662903,0,0.21123454,0.23779985,1.3775204420089722,1.3610238,1.36108,258,75246,75504
MCF7,2,control,6,3,0,2,0.20573587715625763,0.0032029394060373306,0.20664405822753906,0.0030294032767415047,0.19330115616321564,0.0010159636149182916,0.3081410825252533,0.06731206178665161,0.2181098312139511,0.23229266703128815,0.2068457454442978,0.003383111208677292,0.5699564814567566,0,0.25106138,0.28172094,1.8985530138015747,1.688538,1.7057475,6507,72901,79408
MCF7,2,control,6,3,0,3,0.12417488545179367,0.001357991248369217,0.12424808740615845,0.0013496966566890478,0.12296313792467117,0.00033129387884400785,0.1903586983680725,0.04501711577177048,0.13735251128673553,0.14576055109500885,0.12439385801553726,0.0015431976644322276,0.48680397868156433,0,0.15458752,0.17537469,1.42265784740448,1.3969821,1.4009115,9611,53189,62800
MCF7,2,control,6,3,0,4,0.12026157230138779,0.001331607229076326,0.12036088109016418,0.0013207539450377226,0.11533409357070923,0.0003912558313459158,0.20306631922721863,0.036955785006284714,0.13109907507896423,0.1405823528766632,0.12154706567525864,0.0015689409337937832,0.4105536639690399,0,0.15194131,0.17300656,1.5942462682724,1.488084,1.5100495,14043,53829,67872
MCF7,2,control,8,3,0,1,0.16869550943374634,0.000598436628933996,0.16869550943374634,0.000598436628933996,0.1716667264699936,0.0003744351852219552,0.23921936750411987,0.12940894067287445,0.18728609383106232,0.19712570309638977,0.16858930885791779,0.0006061170715838671,0.27636274695396423,0.07365168631076813,0.18829477,0.19942123,2.5248947143554688,2.549935,2.5496397,150,12570,12720
MCF7,2,control,8,3,0,2,0.10802602022886276,0.0003923068579751998,0.10802602022886276,0.0003923068579751998,0.10353948175907135,0.00025671347975730896,0.1593557596206665,0.059816502034664154,0.11549229174852371,0.12295281887054443,0.1080680564045906,0.00039338713395409286,0.20153973996639252,0.034897077828645706,0.12361663,0.13393724,1.3143900632858276,1.2711313,1.2715328,224,23904,24128
MCF7,2,control,9,3,0,1,0.16135799884796143,0.0011849062284454703,0.16135799884796143,0.0011849062284454703,0.184503436088562,0.0007343924371525645,0.2801627814769745,0.09778741002082825,0.20576922595500946,0.219770610332489,0.15894098579883575,0.0011701674666255713,0.40045949816703796,0.018116282299160957,0.18575083,0.20350334,2.2177629470825195,1.683371,1.7285594,3791,41041,44832
MCF7,2,control,9,3,0,2,0.1622495949268341,0.001224325387738645,0.1622495949268341,0.001224325387738645,0.18344660103321075,0.0007526357076130807,0.2998189628124237,0.09297102689743042,0.20497816801071167,0.2187798172235489,0.15874065458774567,0.0012157168239355087,0.3935573995113373,0.0259823277592659,0.18609439,0.20463406,1.6948392391204834,1.4481887,1.4832199,10326,62378,72704
MCF7,2,control,9,3,0,3,0.15130485594272614,0.0005324194207787514,0.15130485594272614,0.0005324194207787514,0.14987018704414368,0.00026356574380770326,0.23017343878746033,0.08475013077259064,0.16270358860492706,0.1707412153482437,0.1517302542924881,0.0006113496492616832,0.2941995859146118,0.046076543629169464,0.17112651,0.18312925,1.7271026372909546,1.6639601,1.6784011,13759,46401,60160
MCF7,2,control,9,3,0,4,0.13249827921390533,0.001026924466714263,0.13250796496868134,0.0010257174726575613,0.16884440183639526,0.000765765318647027,0.28967732191085815,0.07893440872430801,0.19109117984771729,0.20382161438465118,0.12857381999492645,0.0008970820344984531,0.44015252590179443,0,0.15183562,0.16784912,1.854210615158081,1.4204673,1.4618545,9148,86724,95872
MCF7,2,control,9,3,0,5,0.14135116338729858,0.0007810397655703127,0.14135116338729858,0.0007810397655703127,0.15264979004859924,0.0006826494354754686,0.23718617856502533,0.06364291906356812,0.17329052090644836,0.1846039593219757,0.14001715183258057,0.0007758043939247727,0.28513380885124207,0.04082312434911728,0.16224857,0.1765879,1.9500219821929932,1.5716045,1.6115652,13706,116086,129792
