ObjectNumber,Metadata_cell,Metadata_hour,Metadata_treatment,Metadata_site,Metadata_dish,Metadata_concentration,ObjectNumber,Rc,Region_Ed,Region_pixels_sum,Cell_Ed,Cell_pixels_sum
1,MCF7,2.0,A199,0,1,90.0,1,0.0,,0,,4
1,MCF7,2.0,A199,0,1,90.0,1,0.1,,0,,0
1,MCF7,2.0,A199,0,1,90.0,1,0.2,,0,,0
1,MCF7,2.0,A199,0,1,90.0,1,0.3,,0,,0
1,MCF7,2.0,A199,0,1,90.0,1,0.4,,0,,0
1,MCF7,2.0,A199,0,1,90.0,1,0.5,0.11787744611501694,6,0.10078731179237366,18
1,MCF7,2.0,A199,0,1,90.0,1,0.6,0.13329027593135834,1054,0.12323275208473206,1690
1,MCF7,2.0,A199,0,1,90.0,1,0.7,0.1402546614408493,2903,0.12727250158786774,7695
1,MCF7,2.0,A199,0,1,90.0,1,0.8,0.1424686312675476,631,0.12768597900867462,8611
1,MCF7,2.0,A199,0,1,90.0,1,0.9,0.1479458212852478,16,0.13006716966629028,3551
1,MCF7,2.0,A199,0,1,90.0,1,1.0,,0,0.1304595023393631,610
1,MCF7,2.0,A199,0,1,90.0,1,1.1,,0,0.13350234925746918,107
1,MCF7,2.0,A199,0,1,90.0,1,1.2,,0,0.13040731847286224,24
1,MCF7,2.0,A199,0,1,90.0,1,1.3,,0,,4
1,MCF7,2.0,A199,0,1,90.0,1,1.4,,0,,3
1,MCF7,2.0,A199,0,1,90.0,1,1.5,,0,,1
1,MCF7,2.0,A199,0,1,90.0,1,1.6,,0,,1
1,MCF7,2.0,A199,0,1,90.0,1,1.7,,0,,1
1,MCF7,2.0,A199,0,1,90.0,1,1.8,,0,,0
2,MCF7,2.0,A199,0,1,90.0,2,0.0,,0,0.0,86
2,MCF7,2.0,A199,0,1,90.0,2,0.1,,0,,0
2,MCF7,2.0,A199,0,1,90.0,2,0.2,0.07541486620903015,13,0.07541486620903015,13
2,MCF7,2.0,A199,0,1,90.0,2,0.3,0.0781201496720314,6945,0.07873588055372238,8007
2,MCF7,2.0,A199,0,1,90.0,2,0.4,0.07396908104419708,843,0.08848501741886139,8493
2,MCF7,2.0,A199,0,1,90.0,2,0.5,,0,0.08917006850242615,4837
2,MCF7,2.0,A199,0,1,90.0,2,0.6,,0,0.09179780632257462,6150
2,MCF7,2.0,A199,0,1,90.0,2,0.7,,0,0.09968530386686325,4844
2,MCF7,2.0,A199,0,1,90.0,2,0.8,,0,0.10810446739196777,1201
2,MCF7,2.0,A199,0,1,90.0,2,0.9,,0,0.11927568167448044,131
2,MCF7,2.0,A199,0,1,90.0,2,1.0,,0,0.12423987686634064,14
2,MCF7,2.0,A199,0,1,90.0,2,1.1,,0,,0
3,MCF7,2.0,A199,0,1,90.0,3,0.2,0.0816582515835762,12,0.07495544105768204,192
3,MCF7,2.0,A199,0,1,90.0,3,0.3,0.08489342778921127,8025,0.0822472870349884,20284
3,MCF7,2.0,A199,0,1,90.0,3,0.4,,0,0.0839894488453865,68
4,MCF7,2.0,A199,0,1,90.0,4,0.0,,0,0.0,504
4,MCF7,2.0,A199,0,1,90.0,4,0.1,,0,,0
4,MCF7,2.0,A199,0,1,90.0,4,0.2,,0,0.10446244478225708,12
4,MCF7,2.0,A199,0,1,90.0,4,0.3,,0,0.09800055623054504,145
4,MCF7,2.0,A199,0,1,90.0,4,0.4,,0,0.10076698660850525,247
4,MCF7,2.0,A199,0,1,90.0,4,0.5,0.11266148090362549,5,0.10600591450929642,939
4,MCF7,2.0,A199,0,1,90.0,4,0.6,0.11283228546380997,3266,0.10910838842391968,8527
4,MCF7,2.0,A199,0,1,90.0,4,0.7,0.11411774158477783,5355,0.10673768818378448,18066
4,MCF7,2.0,A199,0,1,90.0,4,0.8,0.10985930263996124,80,0.10398011654615402,7518
4,MCF7,2.0,A199,0,1,90.0,4,0.9,,0,0.10889288783073425,1905
4,MCF7,2.0,A199,0,1,90.0,4,1.0,,0,0.11679466813802719,317
4,MCF7,2.0,A199,0,1,90.0,4,1.1,,0,0.1334659457206726,49
4,MCF7,2.0,A199,0,1,90.0,4,1.2,,0,,7
4,MCF7,2.0,A199,0,1,90.0,4,1.3,,0,,3
4,MCF7,2.0,A199,0,1,90.0,4,1.4,,0,,0
4,MCF7,2.0,A199,0,1,90.0,4,1.5,,0,,0
4,MCF7,2.0,A199,0,1,90.0,4,1.6,,0,,0
4,MCF7,2.0,A199,0,1,90.0,4,1.7,,0,,1
5,MCF7,2.0,A199,0,1,90.0,5,0.0,,0,0.0,169
5,MCF7,2.0,A199,0,1,90.0,5,0.1,,0,,1
5,MCF7,2.0,A199,0,1,90.0,5,0.2,0.10067354142665863,119,0.11148113012313843,627
5,MCF7,2.0,A199,0,1,90.0,5,0.3,0.10245171189308167,3696,0.11163540184497833,7908
5,MCF7,2.0,A199,0,1,90.0,5,0.4,0.11071648448705673,2891,0.11832751333713531,5561
5,MCF7,2.0,A199,0,1,90.0,5,0.5,0.12450790405273438,96,0.13466136157512665,365
5,MCF7,2.0,A199,0,1,90.0,5,0.6,,0,,9
5,MCF7,2.0,A199,0,1,90.0,5,0.7,,0,,0
6,MCF7,2.0,A199,0,1,90.0,6,0.0,,0,0.0,1186
6,MCF7,2.0,A199,0,1,90.0,6,0.1,,0,,0
6,MCF7,2.0,A199,0,1,90.0,6,0.2,,0,,0
6,MCF7,2.0,A199,0,1,90.0,6,0.3,,0,0.1241285651922226,32
6,MCF7,2.0,A199,0,1,90.0,6,0.4,,0,0.11689791083335876,241
6,MCF7,2.0,A199,0,1,90.0,6,0.5,0.05833878740668297,8,0.09971112012863159,797
6,MCF7,2.0,A199,0,1,90.0,6,0.6,0.07662308216094971,5733,0.07643375545740128,9836
6,MCF7,2.0,A199,0,1,90.0,6,0.7,0.08246573060750961,6751,0.08055339008569717,17809
6,MCF7,2.0,A199,0,1,90.0,6,0.8,0.09275157749652863,98,0.08424341678619385,8807
6,MCF7,2.0,A199,0,1,90.0,6,0.9,,0,0.08495157957077026,4182
6,MCF7,2.0,A199,0,1,90.0,6,1.0,,0,0.09000978618860245,1356
6,MCF7,2.0,A199,0,1,90.0,6,1.1,,0,0.09357519447803497,314
6,MCF7,2.0,A199,0,1,90.0,6,1.2,,0,0.12330882996320724,51
6,MCF7,2.0,A199,0,1,90.0,6,1.3,,0,0.10508863627910614,10
6,MCF7,2.0,A199,0,1,90.0,6,1.4,,0,,3
7,MCF7,2.0,A199,0,1,90.0,7,0.4,,0,,1
7,MCF7,2.0,A199,0,1,90.0,7,0.5,0.09652797132730484,271,0.09733231365680695,431
7,MCF7,2.0,A199,0,1,90.0,7,0.6,0.09637244045734406,6553,0.09616024047136307,11880
7,MCF7,2.0,A199,0,1,90.0,7,0.7,0.08983134478330612,859,0.09251116216182709,8168
7,MCF7,2.0,A199,0,1,90.0,7,0.8,,0,0.09811869263648987,532
7,MCF7,2.0,A199,0,1,90.0,7,0.9,,0,0.12293887138366699,11
7,MCF7,2.0,A199,0,1,90.0,7,1.0,,0,,0
7,MCF7,2.0,A199,0,1,90.0,7,1.1,,0,,1
8,MCF7,2.0,A199,0,1,90.0,8,0.0,,0,0.0,51
8,MCF7,2.0,A199,0,1,90.0,8,0.1,,0,,0
8,MCF7,2.0,A199,0,1,90.0,8,0.2,,0,,0
8,MCF7,2.0,A199,0,1,90.0,8,0.3,,0,,1
8,MCF7,2.0,A199,0,1,90.0,8,0.4,0.06424416601657867,4756,0.06401967257261276,5938
8,MCF7,2.0,A199,0,1,90.0,8,0.5,0.06735432893037796,1368,0.0673237219452858,11592
8,MCF7,2.0,A199,0,1,90.0,8,0.6,,0,0.06930237263441086,3449
8,MCF7,2.0,A199,0,1,90.0,8,0.7,,0,0.071230947971344,293
8,MCF7,2.0,A199,0,1,90.0,8,0.8,,0,0.0872294083237648,16
8,MCF7,2.0,A199,0,1,90.0,8,0.9,,0,,4
1,MCF7,2.0,A199,1,1,90.0,1,0.1,,0,,1
1,MCF7,2.0,A199,1,1,90.0,1,0.2,0.06229064241051674,5829,0.05051576718688011,22611
1,MCF7,2.0,A199,1,1,90.0,1,0.3,,2,0.051297884434461594,284
2,MCF7,2.0,A199,1,1,90.0,2,0.2,0.05717569589614868,230,0.055626772344112396,1444
2,MCF7,2.0,A199,1,1,90.0,2,0.3,0.0631834864616394,4095,0.06334546953439713,12156
2,MCF7,2.0,A199,1,1,90.0,2,0.4,,0,0.0782419890165329,16
3,MCF7,2.0,A199,1,1,90.0,3,0.7,,2,,2
3,MCF7,2.0,A199,1,1,90.0,3,0.8,0.15759645402431488,1099,0.15759645402431488,1099
3,MCF7,2.0,A199,1,1,90.0,3,0.9,0.16743701696395874,2183,0.1671985387802124,2361
3,MCF7,2.0,A199,1,1,90.0,3,1.0,0.17751659452915192,1328,0.17430752515792847,3106
3,MCF7,2.0,A199,1,1,90.0,3,1.1,0.1766086220741272,287,0.1815866082906723,2919
3,MCF7,2.0,A199,1,1,90.0,3,1.2,,1,0.19236138463020325,3293
3,MCF7,2.0,A199,1,1,90.0,3,1.3,,0,0.19172585010528564,2496
3,MCF7,2.0,A199,1,1,90.0,3,1.4,,0,0.18226854503154755,1926
3,MCF7,2.0,A199,1,1,90.0,3,1.5,,0,0.1897764354944229,1562
3,MCF7,2.0,A199,1,1,90.0,3,1.6,,0,0.1957862675189972,1048
3,MCF7,2.0,A199,1,1,90.0,3,1.7,,0,0.1983858048915863,434
3,MCF7,2.0,A199,1,1,90.0,3,1.8,,0,0.19842849671840668,84
3,MCF7,2.0,A199,1,1,90.0,3,1.9,,0,0.1943971961736679,19
3,MCF7,2.0,A199,1,1,90.0,3,2.0,,0,,2
3,MCF7,2.0,A199,1,1,90.0,3,2.1,,0,,0
3,MCF7,2.0,A199,1,1,90.0,3,2.2,,0,,1
4,MCF7,2.0,A199,1,1,90.0,4,0.1,0.05025223642587662,522,0.05052676051855087,4188
4,MCF7,2.0,A199,1,1,90.0,4,0.2,0.05143674835562706,15615,0.047570377588272095,34903
4,MCF7,2.0,A199,1,1,90.0,4,0.3,,0,0.043116793036460876,77
4,MCF7,2.0,A199,1,1,90.0,4,0.4,,0,,0
5,MCF7,2.0,A199,1,1,90.0,5,0.1,0.04066884145140648,2402,0.04112178087234497,4989
5,MCF7,2.0,A199,1,1,90.0,5,0.2,0.04416973143815994,1815,0.04496515169739723,3571
5,MCF7,2.0,A199,1,1,90.0,5,0.3,,0,,0
6,MCF7,2.0,A199,1,1,90.0,6,0.1,,0,0.03407319635152817,1975
6,MCF7,2.0,A199,1,1,90.0,6,0.2,0.06376883387565613,2298,0.053792353719472885,28435
6,MCF7,2.0,A199,1,1,90.0,6,0.3,0.07451314479112625,7478,0.07482177764177322,8086
6,MCF7,2.0,A199,1,1,90.0,6,0.4,,0,,0
7,MCF7,2.0,A199,1,1,90.0,7,0.2,0.059068407863378525,2108,0.0645112693309784,3550
7,MCF7,2.0,A199,1,1,90.0,7,0.3,0.06390367448329926,6651,0.0667569637298584,19582
7,MCF7,2.0,A199,1,1,90.0,7,0.4,,0,0.08029784262180328,786
7,MCF7,2.0,A199,1,1,90.0,7,0.5,,0,,2
7,MCF7,2.0,A199,1,1,90.0,7,0.6,,0,,0
8,MCF7,2.0,A199,1,1,90.0,8,0.1,,0,0.04270375892519951,1004
8,MCF7,2.0,A199,1,1,90.0,8,0.2,0.05823802947998047,5076,0.052779242396354675,18259
8,MCF7,2.0,A199,1,1,90.0,8,0.3,,0,,1
9,MCF7,2.0,A199,1,1,90.0,9,0.1,0.041303761303424835,188,0.046267807483673096,14676
9,MCF7,2.0,A199,1,1,90.0,9,0.2,0.07037892937660217,10805,0.06882096827030182,22507
9,MCF7,2.0,A199,1,1,90.0,9,0.3,,0,,1
10,MCF7,2.0,A199,1,1,90.0,10,0.1,,0,0.04276321828365326,3691
10,MCF7,2.0,A199,1,1,90.0,10,0.2,0.07230961322784424,5854,0.06066128611564636,23869
10,MCF7,2.0,A199,1,1,90.0,10,0.3,0.10203439742326736,51,0.10105984658002853,56
11,MCF7,2.0,A199,1,1,90.0,11,0.0,0.07010763883590698,831,0.07067115604877472,848
11,MCF7,2.0,A199,1,1,90.0,11,0.1,0.06424703449010849,3276,0.06581423431634903,6091
11,MCF7,2.0,A199,1,1,90.0,11,0.2,0.07929190993309021,346,0.06888797879219055,5498
11,MCF7,2.0,A199,1,1,90.0,11,0.3,0.08652298897504807,5,0.07629431039094925,2981
11,MCF7,2.0,A199,1,1,90.0,11,0.4,0.0815521627664566,9,0.08035725355148315,2185
11,MCF7,2.0,A199,1,1,90.0,11,0.5,0.08694953471422195,144,0.08768261969089508,2658
11,MCF7,2.0,A199,1,1,90.0,11,0.6,0.09521252661943436,379,0.09486119449138641,2174
11,MCF7,2.0,A199,1,1,90.0,11,0.7,0.10239572077989578,637,0.10315702110528946,2351
11,MCF7,2.0,A199,1,1,90.0,11,0.8,0.11072389781475067,948,0.1094173938035965,2813
11,MCF7,2.0,A199,1,1,90.0,11,0.9,0.11662577092647552,1511,0.11428365856409073,3755
11,MCF7,2.0,A199,1,1,90.0,11,1.0,0.11695096641778946,3259,0.11427882313728333,7260
11,MCF7,2.0,A199,1,1,90.0,11,1.1,0.11952946335077286,2387,0.11685414612293243,6931
11,MCF7,2.0,A199,1,1,90.0,11,1.2,0.12491308897733688,245,0.1204032376408577,2320
11,MCF7,2.0,A199,1,1,90.0,11,1.3,,1,0.12391571700572968,437
11,MCF7,2.0,A199,1,1,90.0,11,1.4,,0,0.13074402511119843,58
11,MCF7,2.0,A199,1,1,90.0,11,1.5,,0,,5
11,MCF7,2.0,A199,1,1,90.0,11,1.6,,0,,2
11,MCF7,2.0,A199,1,1,90.0,11,1.7,,0,,0
11,MCF7,2.0,A199,1,1,90.0,11,1.8,,0,,1
1,MCF7,2.0,A199,10,1,90.0,1,0.2,0.11096758395433426,53,0.10679834336042404,65
1,MCF7,2.0,A199,10,1,90.0,1,0.3,0.1319667547941208,3651,0.12569667398929596,8535
1,MCF7,2.0,A199,10,1,90.0,1,0.4,0.1450328379869461,117,0.14008688926696777,1624
1,MCF7,2.0,A199,10,1,90.0,1,0.5,,0,,0
2,MCF7,2.0,A199,10,1,90.0,2,0.3,0.1235659122467041,3209,0.12288615107536316,6736
2,MCF7,2.0,A199,10,1,90.0,2,0.4,0.12939958274364471,526,0.1298404484987259,2560
2,MCF7,2.0,A199,10,1,90.0,2,0.5,,0,,0
3,MCF7,2.0,A199,10,1,90.0,3,0.2,,0,0.1036728173494339,191
3,MCF7,2.0,A199,10,1,90.0,3,0.3,0.1389034539461136,19860,0.13299745321273804,47569
3,MCF7,2.0,A199,10,1,90.0,3,0.4,0.15846771001815796,501,0.15415386855602264,2368
3,MCF7,2.0,A199,10,1,90.0,3,0.5,,0,,0
4,MCF7,2.0,A199,10,1,90.0,4,0.0,,0,0.0,427
4,MCF7,2.0,A199,10,1,90.0,4,0.1,,0,,0
4,MCF7,2.0,A199,10,1,90.0,4,0.2,,0,,0
4,MCF7,2.0,A199,10,1,90.0,4,0.3,,0,,0
4,MCF7,2.0,A199,10,1,90.0,4,0.4,,0,,0
4,MCF7,2.0,A199,10,1,90.0,4,0.5,,0,,0
4,MCF7,2.0,A199,10,1,90.0,4,0.6,,0,,4
4,MCF7,2.0,A199,10,1,90.0,4,0.7,0.15308871865272522,28,0.14282014966011047,89
4,MCF7,2.0,A199,10,1,90.0,4,0.8,0.16193914413452148,794,0.16084711253643036,1163
4,MCF7,2.0,A199,10,1,90.0,4,0.9,0.17231371998786926,3420,0.17137989401817322,4640
4,MCF7,2.0,A199,10,1,90.0,4,1.0,0.17756733298301697,3561,0.17867401242256165,5875
4,MCF7,2.0,A199,10,1,90.0,4,1.1,0.1827610731124878,1354,0.18685704469680786,4053
4,MCF7,2.0,A199,10,1,90.0,4,1.2,0.18498310446739197,214,0.1937827318906784,2212
4,MCF7,2.0,A199,10,1,90.0,4,1.3,0.19432245194911957,18,0.20317019522190094,1271
4,MCF7,2.0,A199,10,1,90.0,4,1.4,,0,0.21845488250255585,690
4,MCF7,2.0,A199,10,1,90.0,4,1.5,,0,0.22415876388549805,331
4,MCF7,2.0,A199,10,1,90.0,4,1.6,,0,0.23985953629016876,169
4,MCF7,2.0,A199,10,1,90.0,4,1.7,,0,0.26036372780799866,77
4,MCF7,2.0,A199,10,1,90.0,4,1.8,,0,0.27070048451423645,54
4,MCF7,2.0,A199,10,1,90.0,4,1.9,,0,0.2671784460544586,17
4,MCF7,2.0,A199,10,1,90.0,4,2.0,,0,,8
4,MCF7,2.0,A199,10,1,90.0,4,2.1,,0,,4
4,MCF7,2.0,A199,10,1,90.0,4,2.2,,0,,3
4,MCF7,2.0,A199,10,1,90.0,4,2.3,,0,,0
4,MCF7,2.0,A199,10,1,90.0,4,2.4,,0,,1
4,MCF7,2.0,A199,10,1,90.0,4,2.5,,0,,0
5,MCF7,2.0,A199,10,1,90.0,5,0.0,,0,0.0,10
5,MCF7,2.0,A199,10,1,90.0,5,0.1,,0,,0
5,MCF7,2.0,A199,10,1,90.0,5,0.2,,0,,0
5,MCF7,2.0,A199,10,1,90.0,5,0.3,,0,,0
5,MCF7,2.0,A199,10,1,90.0,5,0.4,,3,0.09124796092510223,15
5,MCF7,2.0,A199,10,1,90.0,5,0.5,0.10695755481719971,5049,0.10365045815706253,6734
5,MCF7,2.0,A199,10,1,90.0,5,0.6,0.1177414283156395,6221,0.11406028270721436,13526
5,MCF7,2.0,A199,10,1,90.0,5,0.7,0.13205868005752563,101,0.12038735300302505,6740
5,MCF7,2.0,A199,10,1,90.0,5,0.8,,0,0.12803900241851807,2780
5,MCF7,2.0,A199,10,1,90.0,5,0.9,,0,0.13266617059707642,986
5,MCF7,2.0,A199,10,1,90.0,5,1.0,,0,0.13072437047958374,348
5,MCF7,2.0,A199,10,1,90.0,5,1.1,,0,0.13612373173236847,84
5,MCF7,2.0,A199,10,1,90.0,5,1.2,,0,,8
5,MCF7,2.0,A199,10,1,90.0,5,1.3,,0,,0
5,MCF7,2.0,A199,10,1,90.0,5,1.4,,0,,1
5,MCF7,2.0,A199,10,1,90.0,5,1.5,,0,,0
6,MCF7,2.0,A199,10,1,90.0,6,0.9,,0,,1
6,MCF7,2.0,A199,10,1,90.0,6,1.0,,0,0.11697103828191757,67
6,MCF7,2.0,A199,10,1,90.0,6,1.1,,0,0.1253090649843216,459
6,MCF7,2.0,A199,10,1,90.0,6,1.2,0.15624384582042694,289,0.14332130551338196,2859
6,MCF7,2.0,A199,10,1,90.0,6,1.3,0.16711299121379852,4669,0.15559226274490356,13054
6,MCF7,2.0,A199,10,1,90.0,6,1.4,0.17756813764572144,1292,0.16231605410575867,6028
6,MCF7,2.0,A199,10,1,90.0,6,1.5,0.19773945212364197,22,0.18516905605793,737
6,MCF7,2.0,A199,10,1,90.0,6,1.6,,0,0.19122561812400818,54
6,MCF7,2.0,A199,10,1,90.0,6,1.7,,0,,5
1,MCF7,2.0,A199,11,1,90.0,1,0.0,,0,0.0,78
1,MCF7,2.0,A199,11,1,90.0,1,0.1,,0,,0
1,MCF7,2.0,A199,11,1,90.0,1,0.2,,2,0.04583832994103432,1211
1,MCF7,2.0,A199,11,1,90.0,1,0.3,0.09780960530042648,6288,0.07591123133897781,19886
1,MCF7,2.0,A199,11,1,90.0,1,0.4,0.10642363876104355,2692,0.09697797894477844,4963
1,MCF7,2.0,A199,11,1,90.0,1,0.5,0.11053283512592316,16,0.09712917357683182,84
1,MCF7,2.0,A199,11,1,90.0,1,0.6,,0,,2
1,MCF7,2.0,A199,11,1,90.0,1,0.7,,0,,0
2,MCF7,2.0,A199,11,1,90.0,2,0.2,0.09118027985095978,200,0.06415959447622299,2451
2,MCF7,2.0,A199,11,1,90.0,2,0.3,0.09364275634288788,5192,0.07567736506462097,22973
2,MCF7,2.0,A199,11,1,90.0,2,0.4,,0,0.06295021623373032,207
2,MCF7,2.0,A199,11,1,90.0,2,0.5,,0,,1
3,MCF7,2.0,A199,11,1,90.0,3,0.5,,0,,6
3,MCF7,2.0,A199,11,1,90.0,3,0.6,0.13701574504375458,55,0.12999945878982544,748
3,MCF7,2.0,A199,11,1,90.0,3,0.7,0.14163818955421448,7012,0.12948505580425262,16381
3,MCF7,2.0,A199,11,1,90.0,3,0.8,0.1377750039100647,2299,0.12089460343122482,9544
3,MCF7,2.0,A199,11,1,90.0,3,0.9,0.13749153912067413,15,0.10441642999649048,413
3,MCF7,2.0,A199,11,1,90.0,3,1.0,,0,0.09813325107097626,25
3,MCF7,2.0,A199,11,1,90.0,3,1.1,,0,,3
3,MCF7,2.0,A199,11,1,90.0,3,1.2,,0,,0
4,MCF7,2.0,A199,11,1,90.0,4,0.0,0.0,19,0.0,690
4,MCF7,2.0,A199,11,1,90.0,4,0.1,0.049848753958940506,1166,0.058086153119802475,2111
4,MCF7,2.0,A199,11,1,90.0,4,0.2,0.05444644019007683,2898,0.06489761918783188,5265
4,MCF7,2.0,A199,11,1,90.0,4,0.3,0.05943506583571434,19,0.09263122826814651,156
4,MCF7,2.0,A199,11,1,90.0,4,0.4,,0,,2
4,MCF7,2.0,A199,11,1,90.0,4,0.5,,0,,0
5,MCF7,2.0,A199,11,1,90.0,5,0.0,,0,5.767367383668898e-06,4642
5,MCF7,2.0,A199,11,1,90.0,5,0.1,0.047681961208581924,4558,0.04608471319079399,12183
5,MCF7,2.0,A199,11,1,90.0,5,0.2,0.05272040143609047,8164,0.0521530881524086,15646
5,MCF7,2.0,A199,11,1,90.0,5,0.3,0.04995688796043396,10,0.05925694480538368,233
5,MCF7,2.0,A199,11,1,90.0,5,0.4,,0,,0
6,MCF7,2.0,A199,11,1,90.0,6,0.0,,0,0.0,4933
6,MCF7,2.0,A199,11,1,90.0,6,0.1,,1,,3
6,MCF7,2.0,A199,11,1,90.0,6,0.2,0.055123258382081985,6859,0.05440625175833702,9987
6,MCF7,2.0,A199,11,1,90.0,6,0.3,0.06221987307071686,9496,0.061431460082530975,17569
6,MCF7,2.0,A199,11,1,90.0,6,0.4,,0,0.05368043854832649,5305
6,MCF7,2.0,A199,11,1,90.0,6,0.5,,0,0.062062818557024,1531
6,MCF7,2.0,A199,11,1,90.0,6,0.6,,0,0.0780869573354721,161
6,MCF7,2.0,A199,11,1,90.0,6,0.7,,0,0.10388180613517761,13
6,MCF7,2.0,A199,11,1,90.0,6,0.8,,0,,2
7,MCF7,2.0,A199,11,1,90.0,7,0.0,,0,0.0,4076
7,MCF7,2.0,A199,11,1,90.0,7,0.1,,0,,0
7,MCF7,2.0,A199,11,1,90.0,7,0.2,,0,,2
7,MCF7,2.0,A199,11,1,90.0,7,0.3,,1,0.13706912100315094,92
7,MCF7,2.0,A199,11,1,90.0,7,0.4,0.11078949272632599,114,0.13808952271938324,1125
7,MCF7,2.0,A199,11,1,90.0,7,0.5,0.1212201789021492,1692,0.1362813413143158,6118
7,MCF7,2.0,A199,11,1,90.0,7,0.6,0.13237664103507996,3976,0.1441538780927658,10699
7,MCF7,2.0,A199,11,1,90.0,7,0.7,0.14287389814853668,2064,0.15742653608322144,6457
7,MCF7,2.0,A199,11,1,90.0,7,0.8,0.15280188620090485,302,0.17843149602413177,1747
7,MCF7,2.0,A199,11,1,90.0,7,0.9,,4,0.2018662989139557,361
7,MCF7,2.0,A199,11,1,90.0,7,1.0,,0,0.22236007452011108,86
7,MCF7,2.0,A199,11,1,90.0,7,1.1,,0,0.26647278666496277,16
7,MCF7,2.0,A199,11,1,90.0,7,1.2,,0,,3
7,MCF7,2.0,A199,11,1,90.0,7,1.3,,0,,1
7,MCF7,2.0,A199,11,1,90.0,7,1.4,,0,,1
7,MCF7,2.0,A199,11,1,90.0,7,1.5,,0,,0
8,MCF7,2.0,A199,11,1,90.0,8,0.0,,0,0.0,82
8,MCF7,2.0,A199,11,1,90.0,8,0.1,,0,0.04797394573688507,2274
8,MCF7,2.0,A199,11,1,90.0,8,0.2,0.06915969401597977,12619,0.06865016371011734,31428
8,MCF7,2.0,A199,11,1,90.0,8,0.3,0.0808144360780716,430,0.09179812669754028,1303
8,MCF7,2.0,A199,11,1,90.0,8,0.4,,0,,1
9,MCF7,2.0,A199,11,1,90.0,9,0.0,,0,0.0,324
9,MCF7,2.0,A199,11,1,90.0,9,0.1,,0,,0
9,MCF7,2.0,A199,11,1,90.0,9,0.2,,0,,0
9,MCF7,2.0,A199,11,1,90.0,9,0.3,0.05558191239833832,18,0.08165368437767029,59
9,MCF7,2.0,A199,11,1,90.0,9,0.4,0.09066322445869446,4181,0.09114820510149002,6270
9,MCF7,2.0,A199,11,1,90.0,9,0.5,0.11079294234514236,665,0.10610339045524597,6408
9,MCF7,2.0,A199,11,1,90.0,9,0.6,,0,0.12243921309709549,3684
9,MCF7,2.0,A199,11,1,90.0,9,0.7,,0,0.13555604219436646,1929
9,MCF7,2.0,A199,11,1,90.0,9,0.8,,0,0.14903563261032104,673
9,MCF7,2.0,A199,11,1,90.0,9,0.9,,0,0.16538560390472412,152
9,MCF7,2.0,A199,11,1,90.0,9,1.0,,0,0.19181250035762787,31
9,MCF7,2.0,A199,11,1,90.0,9,1.1,,0,,6
9,MCF7,2.0,A199,11,1,90.0,9,1.2,,0,,0
1,MCF7,2.0,A199,12,1,90.0,1,0.2,0.08491533249616623,4794,0.0769069492816925,13723
1,MCF7,2.0,A199,12,1,90.0,1,0.3,0.10458824783563614,714,0.09443605691194534,9065
1,MCF7,2.0,A199,12,1,90.0,1,0.4,,0,0.14422668516635895,28
1,MCF7,2.0,A199,12,1,90.0,1,0.5,,0,,0
2,MCF7,2.0,A199,12,1,90.0,2,0.1,0.062163449823856354,7449,0.06187492236495018,23665
2,MCF7,2.0,A199,12,1,90.0,2,0.2,0.07694929093122482,2228,0.08352155238389969,4783
2,MCF7,2.0,A199,12,1,90.0,2,0.3,,0,,0
3,MCF7,2.0,A199,12,1,90.0,3,0.1,,0,0.05991155281662941,107
3,MCF7,2.0,A199,12,1,90.0,3,0.2,0.06591826677322388,1697,0.06898320466279984,13657
3,MCF7,2.0,A199,12,1,90.0,3,0.3,0.08404143899679184,4900,0.08579619228839874,6939
3,MCF7,2.0,A199,12,1,90.0,3,0.4,,0,,1
4,MCF7,2.0,A199,12,1,90.0,4,0.2,,0,0.10484474152326584,16
4,MCF7,2.0,A199,12,1,90.0,4,0.3,0.1128314808011055,5235,0.13679710030555725,10008
4,MCF7,2.0,A199,12,1,90.0,4,0.4,0.14484119415283203,874,0.2151070535182953,17299
4,MCF7,2.0,A199,12,1,90.0,4,0.5,,0,0.26750683784484863,2046
4,MCF7,2.0,A199,12,1,90.0,4,0.6,,0,0.28582045435905457,39
4,MCF7,2.0,A199,12,1,90.0,4,0.7,,0,,0
5,MCF7,2.0,A199,12,1,90.0,5,0.3,0.07416301220655441,322,0.08627063781023026,1058
5,MCF7,2.0,A199,12,1,90.0,5,0.4,0.09333605319261551,5778,0.09933461993932724,15487
5,MCF7,2.0,A199,12,1,90.0,5,0.5,0.11297992616891861,216,0.10545448958873749,5042
5,MCF7,2.0,A199,12,1,90.0,5,0.6,,0,0.11628629267215729,236
5,MCF7,2.0,A199,12,1,90.0,5,0.7,,0,,1
1,MCF7,2.0,A199,13,1,90.0,1,0.0,0.1948120892047882,6742,0.18970508873462677,11133
1,MCF7,2.0,A199,13,1,90.0,1,0.1,,0,,3
2,MCF7,2.0,A199,13,1,90.0,2,0.3,0.10057670623064041,107,0.09744295477867126,545
2,MCF7,2.0,A199,13,1,90.0,2,0.4,0.10287182778120041,6322,0.10311052203178406,16631
2,MCF7,2.0,A199,13,1,90.0,2,0.5,,4,0.11865150928497314,712
2,MCF7,2.0,A199,13,1,90.0,2,0.6,,0,,0
3,MCF7,2.0,A199,13,1,90.0,3,0.0,,0,0.0,1076
3,MCF7,2.0,A199,13,1,90.0,3,0.1,,0,,0
3,MCF7,2.0,A199,13,1,90.0,3,0.2,,0,,0
3,MCF7,2.0,A199,13,1,90.0,3,0.3,,0,,0
3,MCF7,2.0,A199,13,1,90.0,3,0.4,,0,,0
3,MCF7,2.0,A199,13,1,90.0,3,0.5,,1,,1
3,MCF7,2.0,A199,13,1,90.0,3,0.6,0.08633051812648773,146,0.09316657483577728,237
3,MCF7,2.0,A199,13,1,90.0,3,0.7,0.10169714689254761,3717,0.10415627062320709,5013
3,MCF7,2.0,A199,13,1,90.0,3,0.8,0.11805230379104614,4629,0.12184629589319229,8099
3,MCF7,2.0,A199,13,1,90.0,3,0.9,0.127680703997612,767,0.1406487077474594,4675
3,MCF7,2.0,A199,13,1,90.0,3,1.0,0.1279716044664383,40,0.149661585688591,3559
3,MCF7,2.0,A199,13,1,90.0,3,1.1,,0,0.15720206499099731,2780
3,MCF7,2.0,A199,13,1,90.0,3,1.2,,0,0.16224588453769684,1974
3,MCF7,2.0,A199,13,1,90.0,3,1.3,,0,0.1701505333185196,1285
3,MCF7,2.0,A199,13,1,90.0,3,1.4,,0,0.1808660328388214,809
3,MCF7,2.0,A199,13,1,90.0,3,1.5,,0,0.19006820023059845,407
3,MCF7,2.0,A199,13,1,90.0,3,1.6,,0,0.19590792059898376,225
3,MCF7,2.0,A199,13,1,90.0,3,1.7,,0,0.2121584713459015,117
3,MCF7,2.0,A199,13,1,90.0,3,1.8,,0,0.20609673857688904,58
3,MCF7,2.0,A199,13,1,90.0,3,1.9,,0,0.22617965936660767,24
3,MCF7,2.0,A199,13,1,90.0,3,2.0,,0,0.2010176181793213,12
3,MCF7,2.0,A199,13,1,90.0,3,2.1,,0,0.23706774413585663,12
3,MCF7,2.0,A199,13,1,90.0,3,2.2,,0,,2
3,MCF7,2.0,A199,13,1,90.0,3,2.3,,0,,1
3,MCF7,2.0,A199,13,1,90.0,3,2.4,,0,,0
3,MCF7,2.0,A199,13,1,90.0,3,2.5,,0,,0
3,MCF7,2.0,A199,13,1,90.0,3,2.6,,0,,2
1,MCF7,2.0,A199,14,1,90.0,1,0.0,,0,0.0,15
1,MCF7,2.0,A199,14,1,90.0,1,0.1,,0,,0
1,MCF7,2.0,A199,14,1,90.0,1,0.2,,0,,0
1,MCF7,2.0,A199,14,1,90.0,1,0.3,,0,,0
1,MCF7,2.0,A199,14,1,90.0,1,0.4,,0,,0
1,MCF7,2.0,A199,14,1,90.0,1,0.5,,0,,0
1,MCF7,2.0,A199,14,1,90.0,1,0.6,,0,,7
1,MCF7,2.0,A199,14,1,90.0,1,0.7,,0,0.09509136527776718,96
1,MCF7,2.0,A199,14,1,90.0,1,0.8,,0,0.09845297783613205,343
1,MCF7,2.0,A199,14,1,90.0,1,0.9,,0,0.10815790295600891,454
1,MCF7,2.0,A199,14,1,90.0,1,1.0,,4,0.11477145552635193,506
1,MCF7,2.0,A199,14,1,90.0,1,1.1,0.16530045866966248,348,0.14143586158752441,872
1,MCF7,2.0,A199,14,1,90.0,1,1.2,0.16992248594760895,1587,0.15864644944667816,2288
1,MCF7,2.0,A199,14,1,90.0,1,1.3,0.170245960354805,2121,0.16082993149757385,3587
1,MCF7,2.0,A199,14,1,90.0,1,1.4,0.16574053466320038,1254,0.160247802734375,4199
1,MCF7,2.0,A199,14,1,90.0,1,1.5,0.1646702140569687,376,0.1643114537000656,5128
1,MCF7,2.0,A199,14,1,90.0,1,1.6,0.16726088523864746,37,0.16992680728435516,5544
1,MCF7,2.0,A199,14,1,90.0,1,1.7,,4,0.17554692924022675,4464
1,MCF7,2.0,A199,14,1,90.0,1,1.8,,0,0.18218809366226196,2706
1,MCF7,2.0,A199,14,1,90.0,1,1.9,,0,0.1895773857831955,1420
1,MCF7,2.0,A199,14,1,90.0,1,2.0,,0,0.19049520790576935,528
1,MCF7,2.0,A199,14,1,90.0,1,2.1,,0,0.20007045567035675,214
1,MCF7,2.0,A199,14,1,90.0,1,2.2,,0,0.22565871477127075,82
1,MCF7,2.0,A199,14,1,90.0,1,2.3,,0,0.21010512113571167,43
1,MCF7,2.0,A199,14,1,90.0,1,2.4,,0,0.2428901642560959,19
1,MCF7,2.0,A199,14,1,90.0,1,2.5,,0,0.24224384129047394,13
1,MCF7,2.0,A199,14,1,90.0,1,2.6,,0,,7
1,MCF7,2.0,A199,14,1,90.0,1,2.7,,0,,6
1,MCF7,2.0,A199,14,1,90.0,1,2.8,,0,,3
1,MCF7,2.0,A199,14,1,90.0,1,2.9,,0,,0
2,MCF7,2.0,A199,14,1,90.0,2,0.0,,0,0.0,923
2,MCF7,2.0,A199,14,1,90.0,2,0.1,,0,,0
2,MCF7,2.0,A199,14,1,90.0,2,0.2,0.06781652569770813,26,0.0842326208949089,88
2,MCF7,2.0,A199,14,1,90.0,2,0.3,0.06535667181015015,6212,0.06872262060642242,7861
2,MCF7,2.0,A199,14,1,90.0,2,0.4,0.06975101679563522,3122,0.07671994715929031,7900
2,MCF7,2.0,A199,14,1,90.0,2,0.5,0.07620377838611603,30,0.09036648273468018,3857
2,MCF7,2.0,A199,14,1,90.0,2,0.6,,0,0.10193431377410889,1688
2,MCF7,2.0,A199,14,1,90.0,2,0.7,,0,0.10977111756801605,370
2,MCF7,2.0,A199,14,1,90.0,2,0.8,,0,0.1224055290222168,49
2,MCF7,2.0,A199,14,1,90.0,2,0.9,,0,0.1481541246175766,15
2,MCF7,2.0,A199,14,1,90.0,2,1.0,,0,,1
3,MCF7,2.0,A199,14,1,90.0,3,0.2,0.07727476954460144,14325,0.07508103549480438,22720
3,MCF7,2.0,A199,14,1,90.0,3,0.3,0.08320450782775879,1594,0.08283040672540665,18383
3,MCF7,2.0,A199,14,1,90.0,3,0.4,,0,0.09774082154035568,65
3,MCF7,2.0,A199,14,1,90.0,3,0.5,,0,,0
4,MCF7,2.0,A199,14,1,90.0,4,0.2,,0,0.06688546389341354,535
4,MCF7,2.0,A199,14,1,90.0,4,0.3,0.08150088042020798,1141,0.0767449140548706,18491
4,MCF7,2.0,A199,14,1,90.0,4,0.4,0.09147822111845016,4786,0.09463490545749664,8890
4,MCF7,2.0,A199,14,1,90.0,4,0.5,,0,,4
4,MCF7,2.0,A199,14,1,90.0,4,0.6,,0,,0
5,MCF7,2.0,A199,14,1,90.0,5,0.2,,0,0.08341005444526672,26
5,MCF7,2.0,A199,14,1,90.0,5,0.3,0.09171213209629059,5591,0.09006448090076447,17513
5,MCF7,2.0,A199,14,1,90.0,5,0.4,0.11885136365890503,4445,0.11622744053602219,10969
5,MCF7,2.0,A199,14,1,90.0,5,0.5,,0,,4
6,MCF7,2.0,A199,14,1,90.0,6,0.2,0.0772256925702095,1829,0.07316945493221283,7477
6,MCF7,2.0,A199,14,1,90.0,6,0.3,0.09608633816242218,6145,0.09501159191131592,14538
6,MCF7,2.0,A199,14,1,90.0,6,0.4,,0,0.11816766858100891,17
1,MCF7,2.0,A199,15,1,90.0,1,0.1,,0,0.07169817388057709,58
1,MCF7,2.0,A199,15,1,90.0,1,0.2,0.10182777792215347,16367,0.09049896150827408,33350
1,MCF7,2.0,A199,15,1,90.0,1,0.3,0.02628147415816784,152,0.05159870907664299,224
2,MCF7,2.0,A199,15,1,90.0,2,0.3,0.06728559732437134,9562,0.06701173633337021,15645
2,MCF7,2.0,A199,15,1,90.0,2,0.4,0.08450505882501602,116,0.06508638709783554,8310
2,MCF7,2.0,A199,15,1,90.0,2,0.5,,0,0.07136831432580948,140
2,MCF7,2.0,A199,15,1,90.0,2,0.6,,0,,1
3,MCF7,2.0,A199,15,1,90.0,3,0.4,0.06033202260732651,682,0.058792844414711,2256
3,MCF7,2.0,A199,15,1,90.0,3,0.5,0.07625605911016464,9345,0.07842005789279938,19151
3,MCF7,2.0,A199,15,1,90.0,3,0.6,,2,0.09103937447071075,743
3,MCF7,2.0,A199,15,1,90.0,3,0.7,,0,0.09282703697681427,10
3,MCF7,2.0,A199,15,1,90.0,3,0.8,,0,,0
1,MCF7,2.0,A199,2,1,90.0,1,0.0,,0,0.0,78
1,MCF7,2.0,A199,2,1,90.0,1,0.1,,0,,0
1,MCF7,2.0,A199,2,1,90.0,1,0.2,0.06769591569900513,95,0.07428911328315735,191
1,MCF7,2.0,A199,2,1,90.0,1,0.3,0.08299198001623154,8908,0.0802767425775528,20651
1,MCF7,2.0,A199,2,1,90.0,1,0.4,0.07724332809448242,59,0.06946355849504471,12842
1,MCF7,2.0,A199,2,1,90.0,1,0.5,,0,0.0706021711230278,846
1,MCF7,2.0,A199,2,1,90.0,1,0.6,,0,0.06868205219507217,15
1,MCF7,2.0,A199,2,1,90.0,1,0.7,,0,,1
1,MCF7,2.0,A199,2,1,90.0,1,0.8,,0,,0
2,MCF7,2.0,A199,2,1,90.0,2,0.0,,0,0.0,1163
2,MCF7,2.0,A199,2,1,90.0,2,0.1,,0,0.023769645020365715,182
2,MCF7,2.0,A199,2,1,90.0,2,0.2,0.05010202154517174,8366,0.03980839625000954,27248
2,MCF7,2.0,A199,2,1,90.0,2,0.3,0.05276097357273102,529,0.045284878462553024,2636
2,MCF7,2.0,A199,2,1,90.0,2,0.4,,0,,3
3,MCF7,2.0,A199,2,1,90.0,3,0.2,0.06982467323541641,1137,0.0706670954823494,1245
3,MCF7,2.0,A199,2,1,90.0,3,0.3,0.07529637962579727,4086,0.07924108952283859,9607
3,MCF7,2.0,A199,2,1,90.0,3,0.4,,0,0.0860266163945198,1642
3,MCF7,2.0,A199,2,1,90.0,3,0.5,,0,0.09139005094766617,34
3,MCF7,2.0,A199,2,1,90.0,3,0.6,,0,,0
4,MCF7,2.0,A199,2,1,90.0,4,0.0,,0,0.0,334
4,MCF7,2.0,A199,2,1,90.0,4,0.1,,0,0.07925354689359665,89
4,MCF7,2.0,A199,2,1,90.0,4,0.2,0.05425338074564934,6127,0.053901419043540955,13747
4,MCF7,2.0,A199,2,1,90.0,4,0.3,0.05286656692624092,1451,0.04630773141980171,10062
4,MCF7,2.0,A199,2,1,90.0,4,0.4,,0,0.053135793656110764,278
4,MCF7,2.0,A199,2,1,90.0,4,0.5,,0,,2
5,MCF7,2.0,A199,2,1,90.0,5,0.0,,0,0.0,12757
5,MCF7,2.0,A199,2,1,90.0,5,0.1,,0,,4
5,MCF7,2.0,A199,2,1,90.0,5,0.2,,1,0.13823851943016052,257
5,MCF7,2.0,A199,2,1,90.0,5,0.3,0.08154544979333878,988,0.1110760048031807,3757
5,MCF7,2.0,A199,2,1,90.0,5,0.4,0.09316908568143845,8101,0.10624650865793228,15418
5,MCF7,2.0,A199,2,1,90.0,5,0.5,0.1013864055275917,1999,0.12266405671834946,5916
5,MCF7,2.0,A199,2,1,90.0,5,0.6,0.09153396636247635,16,0.16635675728321075,765
5,MCF7,2.0,A199,2,1,90.0,5,0.7,,0,0.19472956657409668,117
5,MCF7,2.0,A199,2,1,90.0,5,0.8,,0,0.22709661722183228,15
5,MCF7,2.0,A199,2,1,90.0,5,0.9,,0,,2
6,MCF7,2.0,A199,2,1,90.0,6,0.0,,0,0.0,12
6,MCF7,2.0,A199,2,1,90.0,6,0.1,,3,0.09100907295942307,290
6,MCF7,2.0,A199,2,1,90.0,6,0.2,0.054666947573423386,3311,0.0634690374135971,7337
6,MCF7,2.0,A199,2,1,90.0,6,0.3,0.05718594416975975,1088,0.05959312990307808,2330
6,MCF7,2.0,A199,2,1,90.0,6,0.4,,0,0.07913230359554291,15
6,MCF7,2.0,A199,2,1,90.0,6,0.5,,0,,0
7,MCF7,2.0,A199,2,1,90.0,7,0.0,,0,0.0,1259
7,MCF7,2.0,A199,2,1,90.0,7,0.1,,0,,0
7,MCF7,2.0,A199,2,1,90.0,7,0.2,0.05140626057982445,236,0.04969433322548866,941
7,MCF7,2.0,A199,2,1,90.0,7,0.3,0.05573217198252678,4615,0.05447020009160042,8982
7,MCF7,2.0,A199,2,1,90.0,7,0.4,0.057646457105875015,42,0.0681493952870369,735
7,MCF7,2.0,A199,2,1,90.0,7,0.5,,0,0.08578760921955109,32
7,MCF7,2.0,A199,2,1,90.0,7,0.6,,0,,3
8,MCF7,2.0,A199,2,1,90.0,8,0.2,0.07791280746459961,2687,0.07132598757743835,7897
8,MCF7,2.0,A199,2,1,90.0,8,0.3,0.08659324795007706,7020,0.08279965072870255,26451
8,MCF7,2.0,A199,2,1,90.0,8,0.4,,0,0.11922148615121841,36
8,MCF7,2.0,A199,2,1,90.0,8,0.5,,0,,0
9,MCF7,2.0,A199,2,1,90.0,9,0.2,,0,0.06049869582056999,600
9,MCF7,2.0,A199,2,1,90.0,9,0.3,0.08394768834114075,6744,0.07664962857961655,19616
9,MCF7,2.0,A199,2,1,90.0,9,0.4,,2,0.07918364554643631,56
10,MCF7,2.0,A199,2,1,90.0,10,0.2,0.07331079244613647,17,0.07322331517934799,401
10,MCF7,2.0,A199,2,1,90.0,10,0.3,0.08716680109500885,11432,0.08535895496606827,31867
10,MCF7,2.0,A199,2,1,90.0,10,0.4,0.10738960653543472,72,0.11354374140501022,1136
10,MCF7,2.0,A199,2,1,90.0,10,0.5,,0,,4
11,MCF7,2.0,A199,2,1,90.0,11,0.2,0.06594295054674149,3285,0.06880779564380646,4209
11,MCF7,2.0,A199,2,1,90.0,11,0.3,0.06851797550916672,5723,0.07433971762657166,8883
11,MCF7,2.0,A199,2,1,90.0,11,0.4,,0,0.10349160432815552,28
11,MCF7,2.0,A199,2,1,90.0,11,0.5,,0,,0
1,MCF7,2.0,A199,3,1,90.0,1,0.0,,0,0.0,826
1,MCF7,2.0,A199,3,1,90.0,1,0.1,,0,,0
1,MCF7,2.0,A199,3,1,90.0,1,0.2,0.03786076605319977,9,0.03570447117090225,189
1,MCF7,2.0,A199,3,1,90.0,1,0.3,0.04655914381146431,7732,0.04182819277048111,18814
1,MCF7,2.0,A199,3,1,90.0,1,0.4,0.046937279403209686,359,0.04114699736237526,6292
1,MCF7,2.0,A199,3,1,90.0,1,0.5,,0,0.04575642943382263,133
1,MCF7,2.0,A199,3,1,90.0,1,0.6,,0,,2
1,MCF7,2.0,A199,3,1,90.0,1,0.7,,0,,0
2,MCF7,2.0,A199,3,1,90.0,2,0.0,,0,0.0,304
2,MCF7,2.0,A199,3,1,90.0,2,0.1,0.04977128282189369,4262,0.05255158245563507,6739
2,MCF7,2.0,A199,3,1,90.0,2,0.2,0.05430416017770767,3283,0.06266026943922043,12688
2,MCF7,2.0,A199,3,1,90.0,2,0.3,,3,0.08549274504184723,1249
2,MCF7,2.0,A199,3,1,90.0,2,0.4,,0,0.10019371658563614,87
2,MCF7,2.0,A199,3,1,90.0,2,0.5,,0,,5
2,MCF7,2.0,A199,3,1,90.0,2,0.6,,0,,0
3,MCF7,2.0,A199,3,1,90.0,3,0.0,,0,0.0,27
3,MCF7,2.0,A199,3,1,90.0,3,0.1,,0,,0
3,MCF7,2.0,A199,3,1,90.0,3,0.2,,1,0.05983303114771843,3057
3,MCF7,2.0,A199,3,1,90.0,3,0.3,0.08440142124891281,1033,0.0730859637260437,32803
3,MCF7,2.0,A199,3,1,90.0,3,0.4,0.09824872761964798,14349,0.09494464099407196,25201
3,MCF7,2.0,A199,3,1,90.0,3,0.5,0.10089877247810364,1934,0.09934687614440918,2472
3,MCF7,2.0,A199,3,1,90.0,3,0.6,,0,,8
4,MCF7,2.0,A199,3,1,90.0,4,0.0,,0,0.0,1890
4,MCF7,2.0,A199,3,1,90.0,4,0.1,,0,,0
4,MCF7,2.0,A199,3,1,90.0,4,0.2,,0,0.08454767614603043,315
4,MCF7,2.0,A199,3,1,90.0,4,0.3,0.06230148300528526,39,0.09152460098266602,4350
4,MCF7,2.0,A199,3,1,90.0,4,0.4,0.08074048906564713,778,0.09962297976016998,9252
4,MCF7,2.0,A199,3,1,90.0,4,0.5,0.09467784315347672,6312,0.10447534173727036,12593
4,MCF7,2.0,A199,3,1,90.0,4,0.6,0.10540378838777542,2293,0.1158570721745491,4073
4,MCF7,2.0,A199,3,1,90.0,4,0.7,0.11715831607580185,39,0.14150898158550262,245
4,MCF7,2.0,A199,3,1,90.0,4,0.8,,0,0.17395779490470886,16
4,MCF7,2.0,A199,3,1,90.0,4,0.9,,0,,2
5,MCF7,2.0,A199,3,1,90.0,5,0.0,,0,0.0,1306
5,MCF7,2.0,A199,3,1,90.0,5,0.1,,0,,0
5,MCF7,2.0,A199,3,1,90.0,5,0.2,,0,,0
5,MCF7,2.0,A199,3,1,90.0,5,0.3,,0,0.07608623057603836,39
5,MCF7,2.0,A199,3,1,90.0,5,0.4,0.06902571022510529,3548,0.06858020275831223,5997
5,MCF7,2.0,A199,3,1,90.0,5,0.5,0.07286279648542404,5329,0.0751873031258583,20378
5,MCF7,2.0,A199,3,1,90.0,5,0.6,0.07210998982191086,27,0.08285049349069595,11576
5,MCF7,2.0,A199,3,1,90.0,5,0.7,,0,0.09439870715141296,2052
5,MCF7,2.0,A199,3,1,90.0,5,0.8,,0,0.1182418018579483,218
5,MCF7,2.0,A199,3,1,90.0,5,0.9,,0,0.15549781918525696,13
5,MCF7,2.0,A199,3,1,90.0,5,1.0,,0,,5
5,MCF7,2.0,A199,3,1,90.0,5,1.1,,0,,0
6,MCF7,2.0,A199,3,1,90.0,6,0.3,,0,,2
6,MCF7,2.0,A199,3,1,90.0,6,0.4,0.07219158858060837,583,0.06745178252458572,2127
6,MCF7,2.0,A199,3,1,90.0,6,0.5,0.07287420332431793,8381,0.06845021992921829,23857
6,MCF7,2.0,A199,3,1,90.0,6,0.6,0.07216800004243851,6,0.07350145280361176,1371
6,MCF7,2.0,A199,3,1,90.0,6,0.7,,0,0.11129677295684814,18
6,MCF7,2.0,A199,3,1,90.0,6,0.8,,0,,1
7,MCF7,2.0,A199,3,1,90.0,7,0.0,,0,0.0,17
7,MCF7,2.0,A199,3,1,90.0,7,0.1,,0,,0
7,MCF7,2.0,A199,3,1,90.0,7,0.2,,0,,0
7,MCF7,2.0,A199,3,1,90.0,7,0.3,,0,0.08141884952783585,25
7,MCF7,2.0,A199,3,1,90.0,7,0.4,,0,0.0847451463341713,1532
7,MCF7,2.0,A199,3,1,90.0,7,0.5,,1,0.09085306525230408,9678
7,MCF7,2.0,A199,3,1,90.0,7,0.6,0.09700105339288712,919,0.1050146296620369,12982
7,MCF7,2.0,A199,3,1,90.0,7,0.7,0.11575411260128021,7575,0.11887776106595993,13869
7,MCF7,2.0,A199,3,1,90.0,7,0.8,0.1269746720790863,6700,0.12809158861637115,8213
7,MCF7,2.0,A199,3,1,90.0,7,0.9,0.13218258321285248,330,0.13362646102905273,446
7,MCF7,2.0,A199,3,1,90.0,7,1.0,,1,,5
7,MCF7,2.0,A199,3,1,90.0,7,1.1,,0,,1
8,MCF7,2.0,A199,3,1,90.0,8,0.0,,0,0.0,147
8,MCF7,2.0,A199,3,1,90.0,8,0.1,,0,,0
8,MCF7,2.0,A199,3,1,90.0,8,0.2,,0,,0
8,MCF7,2.0,A199,3,1,90.0,8,0.3,,0,0.04266606643795967,48
8,MCF7,2.0,A199,3,1,90.0,8,0.4,0.0705735832452774,372,0.0634651854634285,2499
8,MCF7,2.0,A199,3,1,90.0,8,0.5,0.07528141885995865,11480,0.07649975270032883,27488
8,MCF7,2.0,A199,3,1,90.0,8,0.6,0.07790381461381912,1915,0.08552610129117966,13170
8,MCF7,2.0,A199,3,1,90.0,8,0.7,,0,0.09880881011486053,831
8,MCF7,2.0,A199,3,1,90.0,8,0.8,,0,0.11071645468473434,39
8,MCF7,2.0,A199,3,1,90.0,8,0.9,,0,,2
1,MCF7,2.0,A199,4,1,90.0,1,0.1,,0,0.04572731629014015,130
1,MCF7,2.0,A199,4,1,90.0,1,0.2,0.0619095154106617,385,0.05784161761403084,31363
1,MCF7,2.0,A199,4,1,90.0,1,0.3,0.07059121131896973,2255,0.06495808064937592,9698
1,MCF7,2.0,A199,4,1,90.0,1,0.4,0.09069132804870605,5855,0.08353013545274734,12852
1,MCF7,2.0,A199,4,1,90.0,1,0.5,0.09011685848236084,974,0.08967756479978561,1109
2,MCF7,2.0,A199,4,1,90.0,2,0.1,0.0676310732960701,500,0.0592527873814106,12908
2,MCF7,2.0,A199,4,1,90.0,2,0.2,0.07767236977815628,7436,0.07664205878973007,13396
2,MCF7,2.0,A199,4,1,90.0,2,0.3,,0,,0
3,MCF7,2.0,A199,4,1,90.0,3,0.4,,3,0.070089191198349,97
3,MCF7,2.0,A199,4,1,90.0,3,0.5,0.07152818143367767,1990,0.0722707062959671,4362
3,MCF7,2.0,A199,4,1,90.0,3,0.6,0.0757065936923027,2228,0.07667281478643417,3457
3,MCF7,2.0,A199,4,1,90.0,3,0.7,0.08274766057729721,15,0.08395585417747498,36
3,MCF7,2.0,A199,4,1,90.0,3,0.8,,0,,0
4,MCF7,2.0,A199,4,1,90.0,4,0.1,0.0647052675485611,37,0.06843062490224838,53
4,MCF7,2.0,A199,4,1,90.0,4,0.2,0.06463822722434998,5222,0.06859713047742844,9866
4,MCF7,2.0,A199,4,1,90.0,4,0.3,,4,0.07703345268964767,33
5,MCF7,2.0,A199,4,1,90.0,5,0.2,,0,0.08595218509435654,48
5,MCF7,2.0,A199,4,1,90.0,5,0.3,0.10738365352153778,1620,0.09628869593143463,7680
5,MCF7,2.0,A199,4,1,90.0,5,0.4,0.1188153475522995,3565,0.11589225381612778,5871
5,MCF7,2.0,A199,4,1,90.0,5,0.5,,0,,1
6,MCF7,2.0,A199,4,1,90.0,6,0.1,,0,,1
6,MCF7,2.0,A199,4,1,90.0,6,0.2,0.09497874230146408,3719,0.08474936336278915,13313
6,MCF7,2.0,A199,4,1,90.0,6,0.3,0.10636761784553528,1286,0.11298268288373947,1806
7,MCF7,2.0,A199,4,1,90.0,7,0.1,0.04820273071527481,46,0.05618463456630707,1026
7,MCF7,2.0,A199,4,1,90.0,7,0.2,0.06352821737527847,11802,0.06387745589017868,22158
7,MCF7,2.0,A199,4,1,90.0,7,0.3,,0,,0
8,MCF7,2.0,A199,4,1,90.0,8,0.4,0.06702043116092682,52,0.06429144740104675,1529
8,MCF7,2.0,A199,4,1,90.0,8,0.5,0.08480752259492874,11747,0.08037272840738297,20456
8,MCF7,2.0,A199,4,1,90.0,8,0.6,0.09080956131219864,457,0.09122797846794128,607
8,MCF7,2.0,A199,4,1,90.0,8,0.7,,0,,0
1,MCF7,2.0,A199,5,1,90.0,1,0.5,,2,0.09218643605709076,21
1,MCF7,2.0,A199,5,1,90.0,1,0.6,0.10997644066810608,631,0.10631874203681946,909
1,MCF7,2.0,A199,5,1,90.0,1,0.7,0.10679489374160767,3010,0.10572182387113571,4393
1,MCF7,2.0,A199,5,1,90.0,1,0.8,0.10897988826036453,2325,0.10811172425746918,5801
1,MCF7,2.0,A199,5,1,90.0,1,0.9,0.10527589172124863,611,0.11105107516050339,5953
1,MCF7,2.0,A199,5,1,90.0,1,1.0,0.09732355922460556,22,0.11699248850345612,3991
1,MCF7,2.0,A199,5,1,90.0,1,1.1,,0,0.1227056160569191,1568
1,MCF7,2.0,A199,5,1,90.0,1,1.2,,0,0.12855403125286102,351
1,MCF7,2.0,A199,5,1,90.0,1,1.3,,0,0.13890516757965088,34
1,MCF7,2.0,A199,5,1,90.0,1,1.4,,0,,3
2,MCF7,2.0,A199,5,1,90.0,2,0.1,0.057145267724990845,119,0.050653424113988876,8925
2,MCF7,2.0,A199,5,1,90.0,2,0.2,0.06216518208384514,7744,0.0563817024230957,21008
2,MCF7,2.0,A199,5,1,90.0,2,0.3,,0,0.06778155267238617,131
2,MCF7,2.0,A199,5,1,90.0,2,0.4,,0,,0
3,MCF7,2.0,A199,5,1,90.0,3,0.3,,0,0.06985502690076828,96
3,MCF7,2.0,A199,5,1,90.0,3,0.4,,0,0.07692945003509521,429
3,MCF7,2.0,A199,5,1,90.0,3,0.5,0.09977554529905319,4764,0.09684407711029053,6585
3,MCF7,2.0,A199,5,1,90.0,3,0.6,0.1012052372097969,3674,0.10063215345144272,10237
3,MCF7,2.0,A199,5,1,90.0,3,0.7,0.1006157398223877,13,0.10473669320344925,3691
3,MCF7,2.0,A199,5,1,90.0,3,0.8,,0,0.10612606257200241,406
3,MCF7,2.0,A199,5,1,90.0,3,0.9,,0,0.11254449933767319,12
3,MCF7,2.0,A199,5,1,90.0,3,1.0,,0,,0
4,MCF7,2.0,A199,5,1,90.0,4,0.2,,1,0.06007086858153343,418
4,MCF7,2.0,A199,5,1,90.0,4,0.3,0.09143298119306564,6639,0.07856956124305725,25628
4,MCF7,2.0,A199,5,1,90.0,4,0.4,0.10390032827854156,451,0.08104594051837921,3474
4,MCF7,2.0,A199,5,1,90.0,4,0.5,,0,0.08794377744197845,16
4,MCF7,2.0,A199,5,1,90.0,4,0.6,,0,,0
5,MCF7,2.0,A199,5,1,90.0,5,0.1,0.10860240459442139,60,0.12957079708576202,213
5,MCF7,2.0,A199,5,1,90.0,5,0.2,0.08021679520606995,5891,0.09375397861003876,10546
5,MCF7,2.0,A199,5,1,90.0,5,0.3,0.06987480074167252,266,0.08528555184602737,8285
5,MCF7,2.0,A199,5,1,90.0,5,0.4,,0,0.08183464407920837,1243
5,MCF7,2.0,A199,5,1,90.0,5,0.5,,0,,1
6,MCF7,2.0,A199,5,1,90.0,6,0.0,,0,,2
6,MCF7,2.0,A199,5,1,90.0,6,0.1,,0,,0
6,MCF7,2.0,A199,5,1,90.0,6,0.2,,0,,6
6,MCF7,2.0,A199,5,1,90.0,6,0.3,0.07397161424160004,16,0.06937044113874435,1057
6,MCF7,2.0,A199,5,1,90.0,6,0.4,0.0832577645778656,190,0.08243849128484726,6101
6,MCF7,2.0,A199,5,1,90.0,6,0.5,0.09794779121875763,3941,0.0955183207988739,12369
6,MCF7,2.0,A199,5,1,90.0,6,0.6,0.10348158329725266,7450,0.10362821817398071,9764
6,MCF7,2.0,A199,5,1,90.0,6,0.7,0.1131991595029831,183,0.11041683703660965,265
6,MCF7,2.0,A199,5,1,90.0,6,0.8,,0,,4
6,MCF7,2.0,A199,5,1,90.0,6,0.9,,0,,0
7,MCF7,2.0,A199,5,1,90.0,7,0.1,,0,0.07066139578819275,336
7,MCF7,2.0,A199,5,1,90.0,7,0.2,0.07776650786399841,7120,0.06611629575490952,29154
7,MCF7,2.0,A199,5,1,90.0,7,0.3,0.08799808472394943,2665,0.08554314821958542,4943
7,MCF7,2.0,A199,5,1,90.0,7,0.4,,0,0.07561033964157104,77
7,MCF7,2.0,A199,5,1,90.0,7,0.5,,0,,2
8,MCF7,2.0,A199,5,1,90.0,8,0.0,,0,0.0,247
8,MCF7,2.0,A199,5,1,90.0,8,0.1,0.06603066623210907,146,0.057534873485565186,439
8,MCF7,2.0,A199,5,1,90.0,8,0.2,0.04909920319914818,5483,0.052422087639570236,10307
8,MCF7,2.0,A199,5,1,90.0,8,0.3,0.0569087415933609,151,0.06767000257968903,700
8,MCF7,2.0,A199,5,1,90.0,8,0.4,,0,,3
9,MCF7,2.0,A199,5,1,90.0,9,0.0,,0,0.0,236
9,MCF7,2.0,A199,5,1,90.0,9,0.1,0.045150451362133026,451,0.0522136352956295,978
9,MCF7,2.0,A199,5,1,90.0,9,0.2,0.05232541635632515,4184,0.058792587369680405,6921
9,MCF7,2.0,A199,5,1,90.0,9,0.3,0.07007964700460434,13,0.08979291468858719,168
9,MCF7,2.0,A199,5,1,90.0,9,0.4,,0,,1
1,MCF7,2.0,A199,6,1,90.0,1,0.3,,0,,3
1,MCF7,2.0,A199,6,1,90.0,1,0.4,0.0929115042090416,3710,0.09027181565761566,6428
1,MCF7,2.0,A199,6,1,90.0,1,0.5,0.09211897850036621,5490,0.08718670159578323,12421
1,MCF7,2.0,A199,6,1,90.0,1,0.6,0.11067790538072586,7,0.08110494911670685,251
1,MCF7,2.0,A199,6,1,90.0,1,0.7,,0,,1
2,MCF7,2.0,A199,6,1,90.0,2,0.2,,0,,1
2,MCF7,2.0,A199,6,1,90.0,2,0.3,0.09583381563425064,83,0.09228682518005371,3397
2,MCF7,2.0,A199,6,1,90.0,2,0.4,0.09813051670789719,7430,0.09525088965892792,18087
2,MCF7,2.0,A199,6,1,90.0,2,0.5,0.09313622117042542,30,0.09301034361124039,259
3,MCF7,2.0,A199,6,1,90.0,3,0.3,,0,0.09089210629463196,184
3,MCF7,2.0,A199,6,1,90.0,3,0.4,0.13008444011211395,248,0.10838544368743896,14056
3,MCF7,2.0,A199,6,1,90.0,3,0.5,0.13287591934204102,7109,0.13194890320301056,17223
3,MCF7,2.0,A199,6,1,90.0,3,0.6,0.13637195527553558,1171,0.13998915255069733,1415
3,MCF7,2.0,A199,6,1,90.0,3,0.7,,0,,2
4,MCF7,2.0,A199,6,1,90.0,4,0.4,,0,0.10745977610349655,74
4,MCF7,2.0,A199,6,1,90.0,4,0.5,0.11481963843107224,2305,0.11410924047231674,7838
4,MCF7,2.0,A199,6,1,90.0,4,0.6,0.12336233258247375,7123,0.12720103561878204,12942
4,MCF7,2.0,A199,6,1,90.0,4,0.7,0.13627989590168,35,0.15207064151763916,329
4,MCF7,2.0,A199,6,1,90.0,4,0.8,,0,,1
5,MCF7,2.0,A199,6,1,90.0,5,0.0,,0,0.0,5425
5,MCF7,2.0,A199,6,1,90.0,5,0.1,,0,,0
5,MCF7,2.0,A199,6,1,90.0,5,0.2,,1,0.13464604318141937,16
5,MCF7,2.0,A199,6,1,90.0,5,0.3,0.07387063652276993,2637,0.07918208092451096,3456
5,MCF7,2.0,A199,6,1,90.0,5,0.4,0.07949396967887878,6881,0.08597195148468018,11533
5,MCF7,2.0,A199,6,1,90.0,5,0.5,0.08054696768522263,316,0.10200812667608261,4309
5,MCF7,2.0,A199,6,1,90.0,5,0.6,,1,0.12198471277952194,2209
5,MCF7,2.0,A199,6,1,90.0,5,0.7,,0,0.14173446595668793,951
5,MCF7,2.0,A199,6,1,90.0,5,0.8,,0,0.16555242240428925,289
5,MCF7,2.0,A199,6,1,90.0,5,0.9,,0,0.1875210404396057,77
5,MCF7,2.0,A199,6,1,90.0,5,1.0,,0,0.2012082189321518,18
5,MCF7,2.0,A199,6,1,90.0,5,1.1,,0,,3
5,MCF7,2.0,A199,6,1,90.0,5,1.2,,0,,2
1,MCF7,2.0,A199,7,1,90.0,1,0.1,0.05832798406481743,7,0.059194065630435944,2655
1,MCF7,2.0,A199,7,1,90.0,1,0.2,0.06586150079965591,5082,0.059416916221380234,15482
1,MCF7,2.0,A199,7,1,90.0,1,0.3,,0,,7
2,MCF7,2.0,A199,7,1,90.0,2,0.0,,0,,7
2,MCF7,2.0,A199,7,1,90.0,2,0.1,0.05632045120000839,480,0.05438720062375069,8289
2,MCF7,2.0,A199,7,1,90.0,2,0.2,0.0667620599269867,7227,0.066799595952034,15031
2,MCF7,2.0,A199,7,1,90.0,2,0.3,,0,,1
3,MCF7,2.0,A199,7,1,90.0,3,0.0,,0,0.0,1469
3,MCF7,2.0,A199,7,1,90.0,3,0.1,,0,,9
3,MCF7,2.0,A199,7,1,90.0,3,0.2,,0,0.08792231231927872,330
3,MCF7,2.0,A199,7,1,90.0,3,0.3,0.06603816151618958,849,0.07872895896434784,4706
3,MCF7,2.0,A199,7,1,90.0,3,0.4,0.077642522752285,4302,0.08695461601018906,11327
3,MCF7,2.0,A199,7,1,90.0,3,0.5,0.09742635488510132,362,0.1087573692202568,1981
3,MCF7,2.0,A199,7,1,90.0,3,0.6,,0,0.12672296166419983,108
3,MCF7,2.0,A199,7,1,90.0,3,0.7,,0,,6
3,MCF7,2.0,A199,7,1,90.0,3,0.8,,0,,0
1,MCF7,2.0,A199,8,1,90.0,1,0.3,0.0959424376487732,12,0.08970481157302856,317
1,MCF7,2.0,A199,8,1,90.0,1,0.4,0.10488992184400558,2753,0.10114758461713791,6409
1,MCF7,2.0,A199,8,1,90.0,1,0.5,0.10785964876413345,2452,0.10645627975463867,4221
1,MCF7,2.0,A199,8,1,90.0,1,0.6,,3,0.10176380723714828,45
1,MCF7,2.0,A199,8,1,90.0,1,0.7,,0,,0
2,MCF7,2.0,A199,8,1,90.0,2,0.1,0.08513129502534866,14,0.08527632802724838,89
2,MCF7,2.0,A199,8,1,90.0,2,0.2,0.09562590718269348,7896,0.09716664254665375,16444
2,MCF7,2.0,A199,8,1,90.0,2,0.3,0.11124631762504578,6,0.10337210446596146,299
2,MCF7,2.0,A199,8,1,90.0,2,0.4,,0,,0
3,MCF7,2.0,A199,8,1,90.0,3,0.2,0.11463382840156555,2123,0.10781524330377579,13422
3,MCF7,2.0,A199,8,1,90.0,3,0.3,0.12604093551635742,7199,0.12187779694795609,19182
3,MCF7,2.0,A199,8,1,90.0,3,0.4,,0,0.12062105536460876,36
3,MCF7,2.0,A199,8,1,90.0,3,0.5,,0,,0
4,MCF7,2.0,A199,8,1,90.0,4,0.0,,0,,5
4,MCF7,2.0,A199,8,1,90.0,4,0.1,,0,0.08506599813699722,155
4,MCF7,2.0,A199,8,1,90.0,4,0.2,0.10591758787631989,6586,0.09604812413454056,38655
4,MCF7,2.0,A199,8,1,90.0,4,0.3,0.11608138680458069,5289,0.11126790195703506,8350
4,MCF7,2.0,A199,8,1,90.0,4,0.4,,0,,3
5,MCF7,2.0,A199,8,1,90.0,5,0.0,,0,,3
5,MCF7,2.0,A199,8,1,90.0,5,0.1,,0,,0
5,MCF7,2.0,A199,8,1,90.0,5,0.2,,0,,0
5,MCF7,2.0,A199,8,1,90.0,5,0.3,,0,0.11803700774908066,10
5,MCF7,2.0,A199,8,1,90.0,5,0.4,0.13010351359844208,7340,0.12834766507148743,8975
5,MCF7,2.0,A199,8,1,90.0,5,0.5,0.1297069638967514,7724,0.12606807053089142,38058
5,MCF7,2.0,A199,8,1,90.0,5,0.6,,0,0.13260255753993988,18460
5,MCF7,2.0,A199,8,1,90.0,5,0.7,,0,0.14675278961658478,1477
5,MCF7,2.0,A199,8,1,90.0,5,0.8,,0,0.15492333471775055,55
5,MCF7,2.0,A199,8,1,90.0,5,0.9,,0,,2
5,MCF7,2.0,A199,8,1,90.0,5,1.0,,0,,0
6,MCF7,2.0,A199,8,1,90.0,6,0.0,,0,,2
6,MCF7,2.0,A199,8,1,90.0,6,0.1,,0,,0
6,MCF7,2.0,A199,8,1,90.0,6,0.2,,0,,0
6,MCF7,2.0,A199,8,1,90.0,6,0.3,,0,,0
6,MCF7,2.0,A199,8,1,90.0,6,0.4,,1,,9
6,MCF7,2.0,A199,8,1,90.0,6,0.5,0.15223674476146698,2809,0.15685446560382843,3435
6,MCF7,2.0,A199,8,1,90.0,6,0.6,0.15778255462646484,6403,0.16694790124893188,11688
6,MCF7,2.0,A199,8,1,90.0,6,0.7,0.15728051960468292,890,0.1711764931678772,10489
6,MCF7,2.0,A199,8,1,90.0,6,0.8,0.14493343234062195,8,0.17610935866832733,9279
6,MCF7,2.0,A199,8,1,90.0,6,0.9,,0,0.1882045418024063,3932
6,MCF7,2.0,A199,8,1,90.0,6,1.0,,0,0.20327134430408478,685
6,MCF7,2.0,A199,8,1,90.0,6,1.1,,0,0.2257479578256607,93
6,MCF7,2.0,A199,8,1,90.0,6,1.2,,0,0.24097208678722382,20
6,MCF7,2.0,A199,8,1,90.0,6,1.3,,0,,0
7,MCF7,2.0,A199,8,1,90.0,7,0.3,0.14665506780147552,6,0.14424441754817963,56
7,MCF7,2.0,A199,8,1,90.0,7,0.4,0.16068243980407715,11108,0.15602244436740875,20764
7,MCF7,2.0,A199,8,1,90.0,7,0.5,0.1708063781261444,2553,0.1579769253730774,15661
7,MCF7,2.0,A199,8,1,90.0,7,0.6,,0,0.16168050467967987,674
7,MCF7,2.0,A199,8,1,90.0,7,0.7,,0,0.15841242671012878,13
7,MCF7,2.0,A199,8,1,90.0,7,0.8,,0,,0
8,MCF7,2.0,A199,8,1,90.0,8,0.0,,0,0.0,12
8,MCF7,2.0,A199,8,1,90.0,8,0.1,,0,,0
8,MCF7,2.0,A199,8,1,90.0,8,0.2,,0,,0
8,MCF7,2.0,A199,8,1,90.0,8,0.3,,0,,0
8,MCF7,2.0,A199,8,1,90.0,8,0.4,,0,,0
8,MCF7,2.0,A199,8,1,90.0,8,0.5,,0,,0
8,MCF7,2.0,A199,8,1,90.0,8,0.6,,0,,1
8,MCF7,2.0,A199,8,1,90.0,8,0.7,,0,,4
8,MCF7,2.0,A199,8,1,90.0,8,0.8,,0,0.1982457935810089,63
8,MCF7,2.0,A199,8,1,90.0,8,0.9,,0,0.2027103155851364,280
8,MCF7,2.0,A199,8,1,90.0,8,1.0,0.18500427901744843,6,0.2111600935459137,915
8,MCF7,2.0,A199,8,1,90.0,8,1.1,0.20144277811050415,481,0.21588952839374542,2982
8,MCF7,2.0,A199,8,1,90.0,8,1.2,0.21091528236865997,3725,0.21869587898254395,8891
8,MCF7,2.0,A199,8,1,90.0,8,1.3,0.2174607515335083,3810,0.2281162589788437,10918
8,MCF7,2.0,A199,8,1,90.0,8,1.4,0.2222357839345932,856,0.24146853387355804,6169
8,MCF7,2.0,A199,8,1,90.0,8,1.5,0.2223428338766098,60,0.2555138170719147,2690
8,MCF7,2.0,A199,8,1,90.0,8,1.6,,2,0.2713318169116974,1057
8,MCF7,2.0,A199,8,1,90.0,8,1.7,,0,0.28870731592178345,398
8,MCF7,2.0,A199,8,1,90.0,8,1.8,,0,0.2958298921585083,116
8,MCF7,2.0,A199,8,1,90.0,8,1.9,,0,0.3155907988548279,38
8,MCF7,2.0,A199,8,1,90.0,8,2.0,,0,0.3388437330722809,12
8,MCF7,2.0,A199,8,1,90.0,8,2.1,,0,,9
8,MCF7,2.0,A199,8,1,90.0,8,2.2,,0,,3
8,MCF7,2.0,A199,8,1,90.0,8,2.3,,0,,2
9,MCF7,2.0,A199,8,1,90.0,9,0.1,0.09443356096744537,1419,0.09180805832147598,4518
9,MCF7,2.0,A199,8,1,90.0,9,0.2,0.10295514762401581,8118,0.10398534685373306,14794
9,MCF7,2.0,A199,8,1,90.0,9,0.3,,0,,0
1,MCF7,2.0,A199,9,1,90.0,1,0.1,,0,0.08166810870170593,3159
1,MCF7,2.0,A199,9,1,90.0,1,0.2,0.10263312608003616,5623,0.09210088104009628,18185
2,MCF7,2.0,A199,9,1,90.0,2,0.4,,0,,5
2,MCF7,2.0,A199,9,1,90.0,2,0.5,,0,0.08838400989770889,219
2,MCF7,2.0,A199,9,1,90.0,2,0.6,0.09704618155956268,406,0.09401248395442963,1784
2,MCF7,2.0,A199,9,1,90.0,2,0.7,0.09837210178375244,3495,0.10072188079357147,6445
2,MCF7,2.0,A199,9,1,90.0,2,0.8,0.09939654916524887,1412,0.10630776733160019,3055
2,MCF7,2.0,A199,9,1,90.0,2,0.9,0.10453929752111435,63,0.12184998393058777,751
2,MCF7,2.0,A199,9,1,90.0,2,1.0,0.12366843223571777,22,0.13333739340305328,317
2,MCF7,2.0,A199,9,1,90.0,2,1.1,0.1310427188873291,5,0.1326393336057663,114
2,MCF7,2.0,A199,9,1,90.0,2,1.2,,0,0.149453267455101,13
2,MCF7,2.0,A199,9,1,90.0,2,1.3,,0,,1
2,MCF7,2.0,A199,9,1,90.0,2,1.4,,0,,0
3,MCF7,2.0,A199,9,1,90.0,3,0.1,,0,0.05728485435247421,66
3,MCF7,2.0,A199,9,1,90.0,3,0.2,0.08087582886219025,8050,0.07959622144699097,22403
3,MCF7,2.0,A199,9,1,90.0,3,0.3,,0,0.1259477585554123,11
4,MCF7,2.0,A199,9,1,90.0,4,0.2,,0,,3
4,MCF7,2.0,A199,9,1,90.0,4,0.3,0.0835886225104332,92,0.07966537028551102,4706
4,MCF7,2.0,A199,9,1,90.0,4,0.4,0.10043508559465408,4464,0.09734742343425751,11638
4,MCF7,2.0,A199,9,1,90.0,4,0.5,0.11027030646800995,40,0.10656163096427917,69
4,MCF7,2.0,A199,9,1,90.0,4,0.6,,0,,0
5,MCF7,2.0,A199,9,1,90.0,5,0.3,,0,0.05962231010198593,99
5,MCF7,2.0,A199,9,1,90.0,5,0.4,0.07198511809110641,426,0.07515756040811539,5836
5,MCF7,2.0,A199,9,1,90.0,5,0.5,0.09649065136909485,6639,0.09390317648649216,14790
5,MCF7,2.0,A199,9,1,90.0,5,0.6,0.11357777565717697,552,0.1102006733417511,1285
5,MCF7,2.0,A199,9,1,90.0,5,0.7,,0,,6
5,MCF7,2.0,A199,9,1,90.0,5,0.8,,0,,0
1,MCF7,2.0,A199,0,2,40.0,1,0.3,0.08879242837429047,17,0.08879242837429047,17
1,MCF7,2.0,A199,0,2,40.0,1,0.4,0.08226917684078217,10370,0.08210976421833038,14136
1,MCF7,2.0,A199,0,2,40.0,1,0.5,0.07493305206298828,357,0.07841581106185913,10717
1,MCF7,2.0,A199,0,2,40.0,1,0.6,,0,0.08355692774057388,250
1,MCF7,2.0,A199,0,2,40.0,1,0.7,,0,,0
2,MCF7,2.0,A199,0,2,40.0,2,0.3,0.07344680279493332,170,0.07089948654174805,951
2,MCF7,2.0,A199,0,2,40.0,2,0.4,0.07383747398853302,10219,0.071637824177742,21592
2,MCF7,2.0,A199,0,2,40.0,2,0.5,,0,,1
3,MCF7,2.0,A199,0,2,40.0,3,0.0,,0,0.0,232
3,MCF7,2.0,A199,0,2,40.0,3,0.1,0.04810621589422226,1524,0.047494858503341675,1957
3,MCF7,2.0,A199,0,2,40.0,3,0.2,0.05406180024147034,14661,0.051932353526353836,33091
3,MCF7,2.0,A199,0,2,40.0,3,0.3,,0,0.05774503946304321,6945
3,MCF7,2.0,A199,0,2,40.0,3,0.4,,0,0.070577472448349,1399
3,MCF7,2.0,A199,0,2,40.0,3,0.5,,0,0.08756914734840393,277
3,MCF7,2.0,A199,0,2,40.0,3,0.6,,0,0.08258174359798431,38
3,MCF7,2.0,A199,0,2,40.0,3,0.7,,0,0.1337168961763382,12
3,MCF7,2.0,A199,0,2,40.0,3,0.8,,0,,0
3,MCF7,2.0,A199,0,2,40.0,3,0.9,,0,,1
1,MCF7,2.0,A199,1,2,40.0,1,0.3,,0,0.12399691343307495,96
1,MCF7,2.0,A199,1,2,40.0,1,0.4,0.14094391465187073,3302,0.13537955284118652,12544
1,MCF7,2.0,A199,1,2,40.0,1,0.5,0.14514636993408203,9491,0.13758696615695953,23805
1,MCF7,2.0,A199,1,2,40.0,1,0.6,0.1430632323026657,136,0.136329784989357,4513
1,MCF7,2.0,A199,1,2,40.0,1,0.7,,0,0.14213500916957855,571
1,MCF7,2.0,A199,1,2,40.0,1,0.8,,0,0.14744135737419128,36
1,MCF7,2.0,A199,1,2,40.0,1,0.9,,0,,3
1,MCF7,2.0,A199,1,2,40.0,1,1.0,,0,,0
2,MCF7,2.0,A199,1,2,40.0,2,0.4,,0,,1
2,MCF7,2.0,A199,1,2,40.0,2,0.5,,1,0.0998571589589119,783
2,MCF7,2.0,A199,1,2,40.0,2,0.6,0.10740646719932556,8456,0.10647748410701752,24514
2,MCF7,2.0,A199,1,2,40.0,2,0.7,0.1169511154294014,12309,0.11845865845680237,23589
2,MCF7,2.0,A199,1,2,40.0,2,0.8,0.1203208714723587,30,0.13658714294433594,538
2,MCF7,2.0,A199,1,2,40.0,2,0.9,,0,0.1708567589521408,14
2,MCF7,2.0,A199,1,2,40.0,2,1.0,,0,,1
1,MCF7,2.0,A199,10,2,40.0,1,0.2,,1,0.05437585338950157,2198
1,MCF7,2.0,A199,10,2,40.0,1,0.3,0.08790804445743561,8562,0.07512209564447403,25759
1,MCF7,2.0,A199,10,2,40.0,1,0.4,0.08856470882892609,3375,0.08791225403547287,3835
1,MCF7,2.0,A199,10,2,40.0,1,0.5,,0,,0
2,MCF7,2.0,A199,10,2,40.0,2,0.2,0.0794854387640953,945,0.0693073496222496,16223
2,MCF7,2.0,A199,10,2,40.0,2,0.3,0.08666110038757324,9028,0.0831623449921608,16993
2,MCF7,2.0,A199,10,2,40.0,2,0.4,,0,,0
3,MCF7,2.0,A199,10,2,40.0,3,0.2,,0,0.0667630136013031,122
3,MCF7,2.0,A199,10,2,40.0,3,0.3,0.08985181152820587,3591,0.08345020562410355,39049
3,MCF7,2.0,A199,10,2,40.0,3,0.4,0.12046100944280624,9777,0.1188594400882721,14276
3,MCF7,2.0,A199,10,2,40.0,3,0.5,0.1518298238515854,7517,0.15183769166469574,7529
3,MCF7,2.0,A199,10,2,40.0,3,0.6,,0,,0
4,MCF7,2.0,A199,10,2,40.0,4,0.3,0.08136046677827835,374,0.0736498236656189,15758
4,MCF7,2.0,A199,10,2,40.0,4,0.4,0.10615953803062439,5237,0.10355021059513092,13752
4,MCF7,2.0,A199,10,2,40.0,4,0.5,0.14160245656967163,4181,0.14050064980983734,4615
4,MCF7,2.0,A199,10,2,40.0,4,0.6,0.17050835490226746,787,0.17050835490226746,787
4,MCF7,2.0,A199,10,2,40.0,4,0.7,,0,,0
1,MCF7,2.0,A199,11,2,40.0,1,0.0,,0,0.0,973
1,MCF7,2.0,A199,11,2,40.0,1,0.1,,0,0.0538153350353241,1043
1,MCF7,2.0,A199,11,2,40.0,1,0.2,0.05566481128334999,17561,0.05341370031237602,47668
1,MCF7,2.0,A199,11,2,40.0,1,0.3,0.05669703334569931,5409,0.055297430604696274,16266
1,MCF7,2.0,A199,11,2,40.0,1,0.4,,0,0.0577758327126503,97
1,MCF7,2.0,A199,11,2,40.0,1,0.5,,0,,1
2,MCF7,2.0,A199,11,2,40.0,2,0.1,,0,0.057902343571186066,521
2,MCF7,2.0,A199,11,2,40.0,2,0.2,0.05825911834836006,9989,0.057300813496112823,31063
2,MCF7,2.0,A199,11,2,40.0,2,0.3,0.058800552040338516,62,0.057957734912633896,336
3,MCF7,2.0,A199,11,2,40.0,3,0.0,,0,0.0,160
3,MCF7,2.0,A199,11,2,40.0,3,0.1,,0,0.046953458338975906,36
3,MCF7,2.0,A199,11,2,40.0,3,0.2,0.0617382638156414,11391,0.05827423930168152,22835
3,MCF7,2.0,A199,11,2,40.0,3,0.3,0.0679396465420723,21964,0.06725916266441345,38399
3,MCF7,2.0,A199,11,2,40.0,3,0.4,0.0752246305346489,49,0.08171066641807556,705
3,MCF7,2.0,A199,11,2,40.0,3,0.5,,0,,9
3,MCF7,2.0,A199,11,2,40.0,3,0.6,,0,,0
4,MCF7,2.0,A199,11,2,40.0,4,0.2,0.06337004899978638,22,0.06792566925287247,3956
4,MCF7,2.0,A199,11,2,40.0,4,0.3,0.07738647609949112,15840,0.07573080062866211,38674
4,MCF7,2.0,A199,11,2,40.0,4,0.4,0.08506667613983154,2672,0.08355552703142166,3513
4,MCF7,2.0,A199,11,2,40.0,4,0.5,,0,,1
5,MCF7,2.0,A199,11,2,40.0,5,0.2,,0,,6
5,MCF7,2.0,A199,11,2,40.0,5,0.3,0.0708436667919159,3187,0.06775448471307755,8430
5,MCF7,2.0,A199,11,2,40.0,5,0.4,0.07343510538339615,6306,0.07370319962501526,10247
5,MCF7,2.0,A199,11,2,40.0,5,0.5,,2,,5
6,MCF7,2.0,A199,11,2,40.0,6,0.0,,1,0.0,1220
6,MCF7,2.0,A199,11,2,40.0,6,0.1,,1,0.08489405363798141,339
6,MCF7,2.0,A199,11,2,40.0,6,0.2,0.049027759581804276,1334,0.06507434695959091,7727
6,MCF7,2.0,A199,11,2,40.0,6,0.3,0.05253596976399422,4863,0.0620921291410923,14079
6,MCF7,2.0,A199,11,2,40.0,6,0.4,0.057506877928972244,241,0.07039115577936172,1311
6,MCF7,2.0,A199,11,2,40.0,6,0.5,,0,0.09691889584064484,25
6,MCF7,2.0,A199,11,2,40.0,6,0.6,,0,,3
7,MCF7,2.0,A199,11,2,40.0,7,0.0,,0,0.0,1234
7,MCF7,2.0,A199,11,2,40.0,7,0.1,,0,,0
7,MCF7,2.0,A199,11,2,40.0,7,0.2,0.08395266532897949,8,0.09358535706996918,18
7,MCF7,2.0,A199,11,2,40.0,7,0.3,0.07414960861206055,3286,0.07788603007793427,4118
7,MCF7,2.0,A199,11,2,40.0,7,0.4,0.07980373501777649,5259,0.08837144076824188,10167
7,MCF7,2.0,A199,11,2,40.0,7,0.5,0.08221374452114105,460,0.10396722704172134,7131
7,MCF7,2.0,A199,11,2,40.0,7,0.6,,2,0.11580292135477066,3506
7,MCF7,2.0,A199,11,2,40.0,7,0.7,,0,0.13446426391601562,1151
7,MCF7,2.0,A199,11,2,40.0,7,0.8,,0,0.15475066006183624,274
7,MCF7,2.0,A199,11,2,40.0,7,0.9,,0,0.17153967916965485,61
7,MCF7,2.0,A199,11,2,40.0,7,1.0,,0,0.20956745743751526,14
7,MCF7,2.0,A199,11,2,40.0,7,1.1,,0,,5
7,MCF7,2.0,A199,11,2,40.0,7,1.2,,0,,1
8,MCF7,2.0,A199,11,2,40.0,8,0.0,,0,0.0,3380
8,MCF7,2.0,A199,11,2,40.0,8,0.1,,0,,8
8,MCF7,2.0,A199,11,2,40.0,8,0.2,0.06190585345029831,2657,0.06053076684474945,4568
8,MCF7,2.0,A199,11,2,40.0,8,0.3,0.0678350105881691,7809,0.06670544296503067,18155
8,MCF7,2.0,A199,11,2,40.0,8,0.4,0.06618994474411011,167,0.07781793922185898,3622
8,MCF7,2.0,A199,11,2,40.0,8,0.5,,0,0.09820591658353806,304
8,MCF7,2.0,A199,11,2,40.0,8,0.6,,0,0.13303405046463013,26
8,MCF7,2.0,A199,11,2,40.0,8,0.7,,0,,1
9,MCF7,2.0,A199,11,2,40.0,9,0.0,,0,0.0,3587
9,MCF7,2.0,A199,11,2,40.0,9,0.1,,0,0.07505317777395248,28
9,MCF7,2.0,A199,11,2,40.0,9,0.2,0.058470163494348526,387,0.05536038428544998,2995
9,MCF7,2.0,A199,11,2,40.0,9,0.3,0.07415326684713364,9336,0.06474699825048447,28931
9,MCF7,2.0,A199,11,2,40.0,9,0.4,0.08137955516576767,172,0.0691923275589943,7214
9,MCF7,2.0,A199,11,2,40.0,9,0.5,,0,0.08946548402309418,589
9,MCF7,2.0,A199,11,2,40.0,9,0.6,,0,0.12163752317428589,57
9,MCF7,2.0,A199,11,2,40.0,9,0.7,,0,,7
9,MCF7,2.0,A199,11,2,40.0,9,0.8,,0,,0
1,MCF7,2.0,A199,12,2,40.0,1,0.0,,0,0.0,223
1,MCF7,2.0,A199,12,2,40.0,1,0.1,,0,,0
1,MCF7,2.0,A199,12,2,40.0,1,0.2,,0,,0
1,MCF7,2.0,A199,12,2,40.0,1,0.3,,0,,0
1,MCF7,2.0,A199,12,2,40.0,1,0.4,,0,,8
1,MCF7,2.0,A199,12,2,40.0,1,0.5,0.12505654990673065,606,0.12551069259643555,966
1,MCF7,2.0,A199,12,2,40.0,1,0.6,0.13639791309833527,4522,0.1366487741470337,7036
1,MCF7,2.0,A199,12,2,40.0,1,0.7,0.14082929491996765,2060,0.14130085706710815,7832
1,MCF7,2.0,A199,12,2,40.0,1,0.8,0.13590537011623383,181,0.14360901713371277,7685
1,MCF7,2.0,A199,12,2,40.0,1,0.9,,2,0.14916130900382996,5691
1,MCF7,2.0,A199,12,2,40.0,1,1.0,,0,0.15751862525939941,2740
1,MCF7,2.0,A199,12,2,40.0,1,1.1,,0,0.16890667378902435,967
1,MCF7,2.0,A199,12,2,40.0,1,1.2,,0,0.18375033140182495,287
1,MCF7,2.0,A199,12,2,40.0,1,1.3,,0,0.20215579867362976,86
1,MCF7,2.0,A199,12,2,40.0,1,1.4,,0,0.2185198962688446,29
1,MCF7,2.0,A199,12,2,40.0,1,1.5,,0,0.27642756700515747,11
1,MCF7,2.0,A199,12,2,40.0,1,1.6,,0,,3
1,MCF7,2.0,A199,12,2,40.0,1,1.7,,0,,1
1,MCF7,2.0,A199,12,2,40.0,1,1.8,,0,,3
1,MCF7,2.0,A199,12,2,40.0,1,1.9,,0,,0
2,MCF7,2.0,A199,12,2,40.0,2,0.0,,0,,1
2,MCF7,2.0,A199,12,2,40.0,2,0.1,,0,,0
2,MCF7,2.0,A199,12,2,40.0,2,0.2,,0,,0
2,MCF7,2.0,A199,12,2,40.0,2,0.3,,0,,0
2,MCF7,2.0,A199,12,2,40.0,2,0.4,,0,,2
2,MCF7,2.0,A199,12,2,40.0,2,0.5,,3,0.1672782152891159,25
2,MCF7,2.0,A199,12,2,40.0,2,0.6,0.13311509788036346,1307,0.140747532248497,1862
2,MCF7,2.0,A199,12,2,40.0,2,0.7,0.13862060010433197,4606,0.14507611095905304,7256
2,MCF7,2.0,A199,12,2,40.0,2,0.8,0.1370541900396347,1081,0.148049458861351,6374
2,MCF7,2.0,A199,12,2,40.0,2,0.9,0.1426733136177063,24,0.14898720383644104,4710
2,MCF7,2.0,A199,12,2,40.0,2,1.0,,0,0.1533738374710083,2184
2,MCF7,2.0,A199,12,2,40.0,2,1.1,,0,0.16542625427246094,634
2,MCF7,2.0,A199,12,2,40.0,2,1.2,,0,0.1666860580444336,172
2,MCF7,2.0,A199,12,2,40.0,2,1.3,,0,0.18705801665782928,50
2,MCF7,2.0,A199,12,2,40.0,2,1.4,,0,0.21368952095508575,19
2,MCF7,2.0,A199,12,2,40.0,2,1.5,,0,,5
2,MCF7,2.0,A199,12,2,40.0,2,1.6,,0,,0
2,MCF7,2.0,A199,12,2,40.0,2,1.7,,0,,1
2,MCF7,2.0,A199,12,2,40.0,2,1.8,,0,,1
3,MCF7,2.0,A199,12,2,40.0,3,0.4,,0,0.08418373018503189,17
3,MCF7,2.0,A199,12,2,40.0,3,0.5,,0,0.09515838325023651,761
3,MCF7,2.0,A199,12,2,40.0,3,0.6,0.09234223514795303,2365,0.09914788603782654,9218
3,MCF7,2.0,A199,12,2,40.0,3,0.7,0.10770714282989502,16727,0.10681039094924927,31389
3,MCF7,2.0,A199,12,2,40.0,3,0.8,0.11386358737945557,8683,0.11273099482059479,13896
3,MCF7,2.0,A199,12,2,40.0,3,0.9,0.11820079386234283,197,0.11733822524547577,409
3,MCF7,2.0,A199,12,2,40.0,3,1.0,,0,,6
3,MCF7,2.0,A199,12,2,40.0,3,1.1,,0,,0
4,MCF7,2.0,A199,12,2,40.0,4,0.1,,0,,2
4,MCF7,2.0,A199,12,2,40.0,4,0.2,,0,0.07472029328346252,7359
4,MCF7,2.0,A199,12,2,40.0,4,0.3,0.07175838202238083,659,0.07839643210172653,12655
4,MCF7,2.0,A199,12,2,40.0,4,0.4,0.08982610702514648,8861,0.08748333156108856,21979
4,MCF7,2.0,A199,12,2,40.0,4,0.5,0.10648560523986816,765,0.10275936871767044,1285
1,MCF7,2.0,A199,13,2,40.0,1,0.0,,0,0.0,16
1,MCF7,2.0,A199,13,2,40.0,1,0.1,,0,,0
1,MCF7,2.0,A199,13,2,40.0,1,0.2,0.06799066066741943,94,0.07585400342941284,287
1,MCF7,2.0,A199,13,2,40.0,1,0.3,0.07645654678344727,4189,0.08081897348165512,8366
1,MCF7,2.0,A199,13,2,40.0,1,0.4,0.08102349936962128,901,0.08895519375801086,4013
1,MCF7,2.0,A199,13,2,40.0,1,0.5,,2,0.10375392436981201,269
1,MCF7,2.0,A199,13,2,40.0,1,0.6,,0,,8
1,MCF7,2.0,A199,13,2,40.0,1,0.7,,0,,1
2,MCF7,2.0,A199,13,2,40.0,2,0.2,,0,0.07695330679416656,22
2,MCF7,2.0,A199,13,2,40.0,2,0.3,0.11568555235862732,62,0.08913000673055649,12626
2,MCF7,2.0,A199,13,2,40.0,2,0.4,0.11488144099712372,5274,0.1086319237947464,7779
2,MCF7,2.0,A199,13,2,40.0,2,0.5,0.12263505160808563,5,,5
3,MCF7,2.0,A199,13,2,40.0,3,0.2,,0,0.08097128570079803,7033
3,MCF7,2.0,A199,13,2,40.0,3,0.3,0.11273624002933502,1037,0.09286738932132721,26950
3,MCF7,2.0,A199,13,2,40.0,3,0.4,0.12564948201179504,5438,0.12531216442584991,5777
3,MCF7,2.0,A199,13,2,40.0,3,0.5,,0,,0
1,MCF7,2.0,A199,14,2,40.0,1,0.4,,0,0.07772204279899597,113
1,MCF7,2.0,A199,14,2,40.0,1,0.5,,1,0.08794799447059631,2547
1,MCF7,2.0,A199,14,2,40.0,1,0.6,0.13301196694374084,258,0.0962548479437828,9194
1,MCF7,2.0,A199,14,2,40.0,1,0.7,0.135944202542305,3734,0.11276914179325104,10359
1,MCF7,2.0,A199,14,2,40.0,1,0.8,0.13824012875556946,1900,0.12319102883338928,3054
1,MCF7,2.0,A199,14,2,40.0,1,0.9,,0,0.09311779588460922,28
1,MCF7,2.0,A199,14,2,40.0,1,1.0,,0,,1
2,MCF7,2.0,A199,14,2,40.0,2,0.0,,0,0.0,125
2,MCF7,2.0,A199,14,2,40.0,2,0.1,,0,,0
2,MCF7,2.0,A199,14,2,40.0,2,0.2,,0,,0
2,MCF7,2.0,A199,14,2,40.0,2,0.3,,0,,0
2,MCF7,2.0,A199,14,2,40.0,2,0.4,,0,,0
2,MCF7,2.0,A199,14,2,40.0,2,0.5,,0,,0
2,MCF7,2.0,A199,14,2,40.0,2,0.6,,0,,0
2,MCF7,2.0,A199,14,2,40.0,2,0.7,,1,,1
2,MCF7,2.0,A199,14,2,40.0,2,0.8,0.1450570821762085,368,0.1450570821762085,368
2,MCF7,2.0,A199,14,2,40.0,2,0.9,0.1484665721654892,2706,0.14848113059997559,2710
2,MCF7,2.0,A199,14,2,40.0,2,1.0,0.1530541330575943,2562,0.15298202633857727,2726
2,MCF7,2.0,A199,14,2,40.0,2,1.1,0.15665249526500702,1090,0.15783648192882538,2423
2,MCF7,2.0,A199,14,2,40.0,2,1.2,0.15719139575958252,169,0.1610354483127594,3044
2,MCF7,2.0,A199,14,2,40.0,2,1.3,0.1600736677646637,11,0.16365966200828552,3599
2,MCF7,2.0,A199,14,2,40.0,2,1.4,,0,0.16559162735939026,3536
2,MCF7,2.0,A199,14,2,40.0,2,1.5,,0,0.16831187903881073,3167
2,MCF7,2.0,A199,14,2,40.0,2,1.6,,0,0.16975358128547668,2518
2,MCF7,2.0,A199,14,2,40.0,2,1.7,,0,0.1746947318315506,1916
2,MCF7,2.0,A199,14,2,40.0,2,1.8,,0,0.17749372124671936,1303
2,MCF7,2.0,A199,14,2,40.0,2,1.9,,0,0.18292440474033356,809
2,MCF7,2.0,A199,14,2,40.0,2,2.0,,0,0.1829739809036255,511
2,MCF7,2.0,A199,14,2,40.0,2,2.1,,0,0.18858477473258972,316
2,MCF7,2.0,A199,14,2,40.0,2,2.2,,0,0.19390641152858734,187
2,MCF7,2.0,A199,14,2,40.0,2,2.3,,0,0.19877585768699646,124
2,MCF7,2.0,A199,14,2,40.0,2,2.4,,0,0.21032893657684326,82
2,MCF7,2.0,A199,14,2,40.0,2,2.5,,0,0.23161067068576813,53
2,MCF7,2.0,A199,14,2,40.0,2,2.6,,0,0.2256876528263092,25
2,MCF7,2.0,A199,14,2,40.0,2,2.7,,0,0.2094966620206833,15
2,MCF7,2.0,A199,14,2,40.0,2,2.8,,0,,9
2,MCF7,2.0,A199,14,2,40.0,2,2.9,,0,,6
2,MCF7,2.0,A199,14,2,40.0,2,3.0,,0,,4
2,MCF7,2.0,A199,14,2,40.0,2,3.1,,0,,3
2,MCF7,2.0,A199,14,2,40.0,2,3.2,,0,,2
2,MCF7,2.0,A199,14,2,40.0,2,3.3,,0,,0
2,MCF7,2.0,A199,14,2,40.0,2,3.4,,0,,1
2,MCF7,2.0,A199,14,2,40.0,2,3.5,,0,,0
2,MCF7,2.0,A199,14,2,40.0,2,3.6,,0,,0
2,MCF7,2.0,A199,14,2,40.0,2,3.7,,0,,1
3,MCF7,2.0,A199,14,2,40.0,3,0.0,,0,,5
3,MCF7,2.0,A199,14,2,40.0,3,0.1,,0,,0
3,MCF7,2.0,A199,14,2,40.0,3,0.2,,1,0.07142334431409836,126
3,MCF7,2.0,A199,14,2,40.0,3,0.3,0.10097439587116241,7835,0.08617442101240158,26272
3,MCF7,2.0,A199,14,2,40.0,3,0.4,0.10012810677289963,39,0.07611772418022156,5416
3,MCF7,2.0,A199,14,2,40.0,3,0.5,,0,0.08116643875837326,53
3,MCF7,2.0,A199,14,2,40.0,3,0.6,,0,,0
4,MCF7,2.0,A199,14,2,40.0,4,0.0,,0,0.0,738
4,MCF7,2.0,A199,14,2,40.0,4,0.1,,0,,0
4,MCF7,2.0,A199,14,2,40.0,4,0.2,,0,,0
4,MCF7,2.0,A199,14,2,40.0,4,0.3,,0,,0
4,MCF7,2.0,A199,14,2,40.0,4,0.4,,0,,0
4,MCF7,2.0,A199,14,2,40.0,4,0.5,,0,,0
4,MCF7,2.0,A199,14,2,40.0,4,0.6,,0,,0
4,MCF7,2.0,A199,14,2,40.0,4,0.7,,0,,2
4,MCF7,2.0,A199,14,2,40.0,4,0.8,0.16087403893470764,66,0.15515001118183136,81
4,MCF7,2.0,A199,14,2,40.0,4,0.9,0.16222034394741058,1516,0.1627335101366043,1589
4,MCF7,2.0,A199,14,2,40.0,4,1.0,0.16545076668262482,3003,0.16658134758472443,3460
4,MCF7,2.0,A199,14,2,40.0,4,1.1,0.16879037022590637,1754,0.17063996195793152,3054
4,MCF7,2.0,A199,14,2,40.0,4,1.2,0.16446107625961304,702,0.17351539433002472,3052
4,MCF7,2.0,A199,14,2,40.0,4,1.3,0.16384132206439972,210,0.17934536933898926,3323
4,MCF7,2.0,A199,14,2,40.0,4,1.4,0.16287674009799957,21,0.18405857682228088,3317
4,MCF7,2.0,A199,14,2,40.0,4,1.5,,4,0.19161799550056458,2734
4,MCF7,2.0,A199,14,2,40.0,4,1.6,,0,0.19619441032409668,2104
4,MCF7,2.0,A199,14,2,40.0,4,1.7,,0,0.19993716478347778,1409
4,MCF7,2.0,A199,14,2,40.0,4,1.8,,0,0.2135857343673706,845
4,MCF7,2.0,A199,14,2,40.0,4,1.9,,0,0.21152548491954803,479
4,MCF7,2.0,A199,14,2,40.0,4,2.0,,0,0.2279035896062851,294
4,MCF7,2.0,A199,14,2,40.0,4,2.1,,0,0.24598455429077148,179
4,MCF7,2.0,A199,14,2,40.0,4,2.2,,0,0.23540787398815155,82
4,MCF7,2.0,A199,14,2,40.0,4,2.3,,0,0.2512231171131134,61
4,MCF7,2.0,A199,14,2,40.0,4,2.4,,0,0.24337413907051086,20
4,MCF7,2.0,A199,14,2,40.0,4,2.5,,0,0.2457047551870346,19
4,MCF7,2.0,A199,14,2,40.0,4,2.6,,0,,5
4,MCF7,2.0,A199,14,2,40.0,4,2.7,,0,,9
4,MCF7,2.0,A199,14,2,40.0,4,2.8,,0,,6
4,MCF7,2.0,A199,14,2,40.0,4,2.9,,0,,1
4,MCF7,2.0,A199,14,2,40.0,4,3.0,,0,,0
4,MCF7,2.0,A199,14,2,40.0,4,3.1,,0,,0
4,MCF7,2.0,A199,14,2,40.0,4,3.2,,0,,0
4,MCF7,2.0,A199,14,2,40.0,4,3.3,,0,,0
4,MCF7,2.0,A199,14,2,40.0,4,3.4,,0,,0
4,MCF7,2.0,A199,14,2,40.0,4,3.5,,0,,0
4,MCF7,2.0,A199,14,2,40.0,4,3.6,,0,,0
4,MCF7,2.0,A199,14,2,40.0,4,3.7,,0,,0
4,MCF7,2.0,A199,14,2,40.0,4,3.8,,0,,0
4,MCF7,2.0,A199,14,2,40.0,4,3.9,,0,,0
4,MCF7,2.0,A199,14,2,40.0,4,4.0,,0,,0
4,MCF7,2.0,A199,14,2,40.0,4,4.1,,0,,1
4,MCF7,2.0,A199,14,2,40.0,4,4.2,,0,,0
5,MCF7,2.0,A199,14,2,40.0,5,0.0,,2,0.0,333
5,MCF7,2.0,A199,14,2,40.0,5,0.1,,0,,0
5,MCF7,2.0,A199,14,2,40.0,5,0.2,,0,,2
5,MCF7,2.0,A199,14,2,40.0,5,0.3,0.09629752486944199,47,0.10506539791822433,78
5,MCF7,2.0,A199,14,2,40.0,5,0.4,0.0979565978050232,1296,0.10080292075872421,1920
5,MCF7,2.0,A199,14,2,40.0,5,0.5,0.1070980355143547,3385,0.11161860823631287,5641
5,MCF7,2.0,A199,14,2,40.0,5,0.6,0.11216892302036285,1778,0.12008903175592422,4261
5,MCF7,2.0,A199,14,2,40.0,5,0.7,0.11169032007455826,210,0.13078977167606354,1296
5,MCF7,2.0,A199,14,2,40.0,5,0.8,0.11826331168413162,7,0.1447872817516327,286
5,MCF7,2.0,A199,14,2,40.0,5,0.9,,0,0.1612277626991272,68
5,MCF7,2.0,A199,14,2,40.0,5,1.0,,0,0.1623501479625702,14
5,MCF7,2.0,A199,14,2,40.0,5,1.1,,0,,5
5,MCF7,2.0,A199,14,2,40.0,5,1.2,,0,,0
6,MCF7,2.0,A199,14,2,40.0,6,0.0,,0,0.0,117
6,MCF7,2.0,A199,14,2,40.0,6,0.1,,0,0.09963962435722351,34
6,MCF7,2.0,A199,14,2,40.0,6,0.2,0.09880643337965012,401,0.09394767880439758,15479
6,MCF7,2.0,A199,14,2,40.0,6,0.3,0.1177380159497261,10922,0.10629548132419586,39520
6,MCF7,2.0,A199,14,2,40.0,6,0.4,0.1276472955942154,17,0.10350579768419266,2465
6,MCF7,2.0,A199,14,2,40.0,6,0.5,,0,0.10839689522981644,448
6,MCF7,2.0,A199,14,2,40.0,6,0.6,,0,0.11838838458061218,59
6,MCF7,2.0,A199,14,2,40.0,6,0.7,,0,,6
6,MCF7,2.0,A199,14,2,40.0,6,0.8,,0,,0
7,MCF7,2.0,A199,14,2,40.0,7,0.0,0.0,5,0.0,8114
7,MCF7,2.0,A199,14,2,40.0,7,0.1,,0,,0
7,MCF7,2.0,A199,14,2,40.0,7,0.2,0.07692179828882217,7,0.11290042102336884,37
7,MCF7,2.0,A199,14,2,40.0,7,0.3,0.08254119753837585,1239,0.09220166504383087,1866
7,MCF7,2.0,A199,14,2,40.0,7,0.4,0.09891094267368317,6291,0.10381238907575607,8231
7,MCF7,2.0,A199,14,2,40.0,7,0.5,0.11060632020235062,1663,0.12389624118804932,3251
7,MCF7,2.0,A199,14,2,40.0,7,0.6,0.12703272700309753,53,0.1639803797006607,511
7,MCF7,2.0,A199,14,2,40.0,7,0.7,,0,0.19690994918346405,95
7,MCF7,2.0,A199,14,2,40.0,7,0.8,,0,0.25544241070747375,17
7,MCF7,2.0,A199,14,2,40.0,7,0.9,,0,,5
7,MCF7,2.0,A199,14,2,40.0,7,1.0,,0,,1
7,MCF7,2.0,A199,14,2,40.0,7,1.1,,0,,0
1,MCF7,2.0,A199,15,2,40.0,1,0.3,0.10584349185228348,755,0.10644152015447617,929
1,MCF7,2.0,A199,15,2,40.0,1,0.4,0.10771533846855164,6889,0.10635413229465485,10076
1,MCF7,2.0,A199,15,2,40.0,1,0.5,0.10616163164377213,145,0.0987732782959938,3168
1,MCF7,2.0,A199,15,2,40.0,1,0.6,,0,0.1024709939956665,619
1,MCF7,2.0,A199,15,2,40.0,1,0.7,,0,0.1082351803779602,69
1,MCF7,2.0,A199,15,2,40.0,1,0.8,,0,,3
1,MCF7,2.0,A199,15,2,40.0,1,0.9,,0,,0
2,MCF7,2.0,A199,15,2,40.0,2,0.2,0.10676553845405579,369,0.10692326724529266,3215
2,MCF7,2.0,A199,15,2,40.0,2,0.3,0.12551359832286835,13395,0.11992474645376205,41988
2,MCF7,2.0,A199,15,2,40.0,2,0.4,0.13443222641944885,57,0.13264672458171844,652
2,MCF7,2.0,A199,15,2,40.0,2,0.5,,0,,1
3,MCF7,2.0,A199,15,2,40.0,3,0.3,,0,0.10986077040433884,3760
3,MCF7,2.0,A199,15,2,40.0,3,0.4,0.1582043468952179,1175,0.1251436322927475,18245
3,MCF7,2.0,A199,15,2,40.0,3,0.5,0.1665794551372528,5713,0.15426990389823914,7955
3,MCF7,2.0,A199,15,2,40.0,3,0.6,0.1330808848142624,35,0.12261077761650085,72
3,MCF7,2.0,A199,15,2,40.0,3,0.7,,0,,0
4,MCF7,2.0,A199,15,2,40.0,4,0.2,0.11173395067453384,948,0.11054258048534393,8728
4,MCF7,2.0,A199,15,2,40.0,4,0.3,0.13270437717437744,12105,0.12736816704273224,33185
4,MCF7,2.0,A199,15,2,40.0,4,0.4,,0,0.16508834064006805,198
4,MCF7,2.0,A199,15,2,40.0,4,0.5,,0,,1
5,MCF7,2.0,A199,15,2,40.0,5,0.2,,0,0.10487423837184906,407
5,MCF7,2.0,A199,15,2,40.0,5,0.3,,0,0.1131715327501297,16271
5,MCF7,2.0,A199,15,2,40.0,5,0.4,0.13638712465763092,1921,0.12297315895557404,18090
5,MCF7,2.0,A199,15,2,40.0,5,0.5,0.14735765755176544,7458,0.14678071439266205,7972
5,MCF7,2.0,A199,15,2,40.0,5,0.6,0.1596144139766693,11,0.1595584750175476,12
6,MCF7,2.0,A199,15,2,40.0,6,0.1,,0,0.09016045928001404,24
6,MCF7,2.0,A199,15,2,40.0,6,0.2,0.12042597681283951,1642,0.10662979632616043,46257
6,MCF7,2.0,A199,15,2,40.0,6,0.3,0.1320323795080185,9049,0.1248563826084137,16976
6,MCF7,2.0,A199,15,2,40.0,6,0.4,,0,0.13278405368328094,23
7,MCF7,2.0,A199,15,2,40.0,7,0.0,,0,0.0,589
7,MCF7,2.0,A199,15,2,40.0,7,0.1,,0,,0
7,MCF7,2.0,A199,15,2,40.0,7,0.2,,0,,0
7,MCF7,2.0,A199,15,2,40.0,7,0.3,0.10177943110466003,11,0.09666844457387924,33
7,MCF7,2.0,A199,15,2,40.0,7,0.4,0.15532039105892181,9683,0.14851617813110352,14152
7,MCF7,2.0,A199,15,2,40.0,7,0.5,0.1655110865831375,3783,0.1520501971244812,21263
7,MCF7,2.0,A199,15,2,40.0,7,0.6,0.1787423938512802,5,0.14713376760482788,13621
7,MCF7,2.0,A199,15,2,40.0,7,0.7,,0,0.14883646368980408,4901
7,MCF7,2.0,A199,15,2,40.0,7,0.8,,0,0.15872909128665924,1185
7,MCF7,2.0,A199,15,2,40.0,7,0.9,,0,0.17754045128822327,278
7,MCF7,2.0,A199,15,2,40.0,7,1.0,,0,0.19762761890888214,67
7,MCF7,2.0,A199,15,2,40.0,7,1.1,,0,0.23407331109046936,19
7,MCF7,2.0,A199,15,2,40.0,7,1.2,,0,,3
7,MCF7,2.0,A199,15,2,40.0,7,1.3,,0,,1
7,MCF7,2.0,A199,15,2,40.0,7,1.4,,0,,0
8,MCF7,2.0,A199,15,2,40.0,8,0.0,,0,,2
8,MCF7,2.0,A199,15,2,40.0,8,0.1,,0,,0
8,MCF7,2.0,A199,15,2,40.0,8,0.2,,0,,0
8,MCF7,2.0,A199,15,2,40.0,8,0.3,,0,,0
8,MCF7,2.0,A199,15,2,40.0,8,0.4,,0,0.10761614888906479,19
8,MCF7,2.0,A199,15,2,40.0,8,0.5,0.12848305702209473,14,0.13163258135318756,908
8,MCF7,2.0,A199,15,2,40.0,8,0.6,0.16736799478530884,2647,0.15182392299175262,11898
8,MCF7,2.0,A199,15,2,40.0,8,0.7,0.18289491534233093,6294,0.1716158539056778,19727
8,MCF7,2.0,A199,15,2,40.0,8,0.8,0.20083007216453552,149,0.17888358235359192,2960
8,MCF7,2.0,A199,15,2,40.0,8,0.9,,0,0.1866309642791748,291
8,MCF7,2.0,A199,15,2,40.0,8,1.0,,0,0.19066891074180603,31
8,MCF7,2.0,A199,15,2,40.0,8,1.1,,0,,3
8,MCF7,2.0,A199,15,2,40.0,8,1.2,,0,,1
1,MCF7,2.0,A199,16,2,40.0,1,0.2,,0,0.07114006578922272,1450
1,MCF7,2.0,A199,16,2,40.0,1,0.3,0.10964488238096237,8128,0.09005337953567505,29236
1,MCF7,2.0,A199,16,2,40.0,1,0.4,0.11216335743665695,601,0.11129391193389893,642
2,MCF7,2.0,A199,16,2,40.0,2,0.2,0.0945129320025444,1480,0.0778827890753746,17761
2,MCF7,2.0,A199,16,2,40.0,2,0.3,0.10139305889606476,5571,0.09424235671758652,9007
2,MCF7,2.0,A199,16,2,40.0,2,0.4,,0,,0
3,MCF7,2.0,A199,16,2,40.0,3,0.2,0.0937582477927208,2175,0.07599291950464249,56605
3,MCF7,2.0,A199,16,2,40.0,3,0.3,0.11579745262861252,13646,0.11342455446720123,15040
3,MCF7,2.0,A199,16,2,40.0,3,0.4,,3,,3
3,MCF7,2.0,A199,16,2,40.0,3,0.5,,0,,0
4,MCF7,2.0,A199,16,2,40.0,4,0.2,0.09006591141223907,157,0.07807878404855728,15594
4,MCF7,2.0,A199,16,2,40.0,4,0.3,0.11616280674934387,11623,0.10683710128068924,17426
4,MCF7,2.0,A199,16,2,40.0,4,0.4,0.13174833357334137,1316,0.13174833357334137,1316
4,MCF7,2.0,A199,16,2,40.0,4,0.5,,0,,0
5,MCF7,2.0,A199,16,2,40.0,5,0.2,0.07689664512872696,3102,0.07814273983240128,6517
5,MCF7,2.0,A199,16,2,40.0,5,0.3,0.08290521055459976,3018,0.08656378090381622,6667
5,MCF7,2.0,A199,16,2,40.0,5,0.4,,0,,0
6,MCF7,2.0,A199,16,2,40.0,6,0.2,0.0853624939918518,2546,0.07584269344806671,32125
6,MCF7,2.0,A199,16,2,40.0,6,0.3,0.09836051613092422,7071,0.09978646785020828,11059
6,MCF7,2.0,A199,16,2,40.0,6,0.4,,0,,0
7,MCF7,2.0,A199,16,2,40.0,7,0.2,,0,0.07890111953020096,474
7,MCF7,2.0,A199,16,2,40.0,7,0.3,0.08238136023283005,1158,0.08523210883140564,21845
7,MCF7,2.0,A199,16,2,40.0,7,0.4,0.11270087957382202,9003,0.11308293044567108,10721
7,MCF7,2.0,A199,16,2,40.0,7,0.5,,0,,0
1,MCF7,2.0,A199,17,2,40.0,1,0.0,,0,0.0,1911
1,MCF7,2.0,A199,17,2,40.0,1,0.1,,0,,0
1,MCF7,2.0,A199,17,2,40.0,1,0.2,,0,,0
1,MCF7,2.0,A199,17,2,40.0,1,0.3,,0,,0
1,MCF7,2.0,A199,17,2,40.0,1,0.4,,0,,0
1,MCF7,2.0,A199,17,2,40.0,1,0.5,,1,,9
1,MCF7,2.0,A199,17,2,40.0,1,0.6,0.09489702433347702,88,0.09303784370422363,283
1,MCF7,2.0,A199,17,2,40.0,1,0.7,0.09472586214542389,1895,0.09705052524805069,3419
1,MCF7,2.0,A199,17,2,40.0,1,0.8,0.09778381884098053,5839,0.09862520545721054,9889
1,MCF7,2.0,A199,17,2,40.0,1,0.9,0.1040613129734993,3564,0.10048861056566238,8670
1,MCF7,2.0,A199,17,2,40.0,1,1.0,0.11094630509614944,611,0.10128160566091537,4491
1,MCF7,2.0,A199,17,2,40.0,1,1.1,0.12002330273389816,29,0.10708137601613998,2376
1,MCF7,2.0,A199,17,2,40.0,1,1.2,,1,0.11498121917247772,1269
1,MCF7,2.0,A199,17,2,40.0,1,1.3,,0,0.12248985469341278,642
1,MCF7,2.0,A199,17,2,40.0,1,1.4,,0,0.13447211682796478,281
1,MCF7,2.0,A199,17,2,40.0,1,1.5,,0,0.149028480052948,144
1,MCF7,2.0,A199,17,2,40.0,1,1.6,,0,0.1690749228000641,68
1,MCF7,2.0,A199,17,2,40.0,1,1.7,,0,0.18574658036231995,22
1,MCF7,2.0,A199,17,2,40.0,1,1.8,,0,0.17351104319095612,15
1,MCF7,2.0,A199,17,2,40.0,1,1.9,,0,,5
1,MCF7,2.0,A199,17,2,40.0,1,2.0,,0,,8
1,MCF7,2.0,A199,17,2,40.0,1,2.1,,0,,0
1,MCF7,2.0,A199,17,2,40.0,1,2.2,,0,,0
1,MCF7,2.0,A199,17,2,40.0,1,2.3,,0,,1
1,MCF7,2.0,A199,17,2,40.0,1,2.4,,0,,0
1,MCF7,2.0,A199,17,2,40.0,1,2.5,,0,,0
1,MCF7,2.0,A199,17,2,40.0,1,2.6,,0,,0
1,MCF7,2.0,A199,17,2,40.0,1,2.7,,0,,1
2,MCF7,2.0,A199,17,2,40.0,2,0.0,,0,0.0,61
2,MCF7,2.0,A199,17,2,40.0,2,0.1,0.05819830298423767,126,0.06839383393526077,970
2,MCF7,2.0,A199,17,2,40.0,2,0.2,0.06487315148115158,13178,0.06935358047485352,28428
2,MCF7,2.0,A199,17,2,40.0,2,0.3,0.07087231427431107,210,0.08070902526378632,2368
2,MCF7,2.0,A199,17,2,40.0,2,0.4,,0,0.10376511514186859,29
2,MCF7,2.0,A199,17,2,40.0,2,0.5,,0,,0
3,MCF7,2.0,A199,17,2,40.0,3,0.4,,1,,1
3,MCF7,2.0,A199,17,2,40.0,3,0.5,0.08194988965988159,1487,0.08171822130680084,2314
3,MCF7,2.0,A199,17,2,40.0,3,0.6,0.1013302356004715,2582,0.10391713678836823,15361
3,MCF7,2.0,A199,17,2,40.0,3,0.7,0.1310993880033493,7478,0.12373669445514679,20443
3,MCF7,2.0,A199,17,2,40.0,3,0.8,0.1407269388437271,654,0.13852469623088837,1468
3,MCF7,2.0,A199,17,2,40.0,3,0.9,,0,0.15465983748435974,28
3,MCF7,2.0,A199,17,2,40.0,3,1.0,,0,,1
4,MCF7,2.0,A199,17,2,40.0,4,0.1,,0,0.06762498617172241,5346
4,MCF7,2.0,A199,17,2,40.0,4,0.2,0.07983886450529099,9320,0.07078663259744644,37265
4,MCF7,2.0,A199,17,2,40.0,4,0.3,0.09213675558567047,478,0.08348889648914337,1699
4,MCF7,2.0,A199,17,2,40.0,4,0.4,,0,0.09307597577571869,10
4,MCF7,2.0,A199,17,2,40.0,4,0.5,,0,,0
5,MCF7,2.0,A199,17,2,40.0,5,0.0,,0,,6
5,MCF7,2.0,A199,17,2,40.0,5,0.1,,0,,0
5,MCF7,2.0,A199,17,2,40.0,5,0.2,,0,,0
5,MCF7,2.0,A199,17,2,40.0,5,0.3,0.05349014699459076,26,0.05468765273690224,27
5,MCF7,2.0,A199,17,2,40.0,5,0.4,0.06184715777635574,2676,0.06378033757209778,3515
5,MCF7,2.0,A199,17,2,40.0,5,0.5,0.0622829794883728,2480,0.06840281933546066,5483
5,MCF7,2.0,A199,17,2,40.0,5,0.6,0.062106166034936905,75,0.07475093007087708,1172
5,MCF7,2.0,A199,17,2,40.0,5,0.7,,0,0.08002776652574539,134
5,MCF7,2.0,A199,17,2,40.0,5,0.8,,0,0.10653679817914963,14
5,MCF7,2.0,A199,17,2,40.0,5,0.9,,0,,0
5,MCF7,2.0,A199,17,2,40.0,5,1.0,,0,,0
5,MCF7,2.0,A199,17,2,40.0,5,1.1,,0,,1
6,MCF7,2.0,A199,17,2,40.0,6,0.0,,0,0.0,149
6,MCF7,2.0,A199,17,2,40.0,6,0.1,,0,,0
6,MCF7,2.0,A199,17,2,40.0,6,0.2,,0,0.08310885727405548,238
6,MCF7,2.0,A199,17,2,40.0,6,0.3,,3,0.08224469423294067,5607
6,MCF7,2.0,A199,17,2,40.0,6,0.4,0.0820474848151207,3682,0.0867074579000473,19878
6,MCF7,2.0,A199,17,2,40.0,6,0.5,0.0946398675441742,6707,0.09910472482442856,14700
6,MCF7,2.0,A199,17,2,40.0,6,0.6,0.11068052798509598,58,0.12225847691297531,760
6,MCF7,2.0,A199,17,2,40.0,6,0.7,,0,0.16026264429092407,57
6,MCF7,2.0,A199,17,2,40.0,6,0.8,,0,,3
6,MCF7,2.0,A199,17,2,40.0,6,0.9,,0,,0
7,MCF7,2.0,A199,17,2,40.0,7,0.8,0.06718297302722931,17,0.06189584732055664,37
7,MCF7,2.0,A199,17,2,40.0,7,0.9,0.074793241918087,738,0.07110562175512314,1055
7,MCF7,2.0,A199,17,2,40.0,7,1.0,0.07759318500757217,2676,0.07376402616500854,4232
7,MCF7,2.0,A199,17,2,40.0,7,1.1,0.07988715171813965,1327,0.07370991259813309,3662
7,MCF7,2.0,A199,17,2,40.0,7,1.2,0.08138708770275116,151,0.07173929363489151,1782
7,MCF7,2.0,A199,17,2,40.0,7,1.3,,3,0.07083483785390854,631
7,MCF7,2.0,A199,17,2,40.0,7,1.4,,1,0.07900731265544891,218
7,MCF7,2.0,A199,17,2,40.0,7,1.5,,0,0.07810096442699432,76
7,MCF7,2.0,A199,17,2,40.0,7,1.6,,0,0.06593949347734451,18
7,MCF7,2.0,A199,17,2,40.0,7,1.7,,0,,1
7,MCF7,2.0,A199,17,2,40.0,7,1.8,,0,,0
1,MCF7,2.0,A199,18,2,40.0,1,0.3,,0,0.05004197359085083,106
1,MCF7,2.0,A199,18,2,40.0,1,0.4,0.07797037065029144,1369,0.06887450814247131,21968
1,MCF7,2.0,A199,18,2,40.0,1,0.5,0.09889376163482666,11591,0.09135400503873825,24784
1,MCF7,2.0,A199,18,2,40.0,1,0.6,0.11396937817335129,8,0.1003415659070015,54
1,MCF7,2.0,A199,18,2,40.0,1,0.7,,0,,0
2,MCF7,2.0,A199,18,2,40.0,2,0.5,,2,0.12288936227560043,12
2,MCF7,2.0,A199,18,2,40.0,2,0.6,0.14590126276016235,772,0.14234299957752228,1666
2,MCF7,2.0,A199,18,2,40.0,2,0.7,0.15277081727981567,3990,0.1517835110425949,6959
2,MCF7,2.0,A199,18,2,40.0,2,0.8,0.15945835411548615,1494,0.1590844988822937,2543
2,MCF7,2.0,A199,18,2,40.0,2,0.9,0.15934661030769348,29,0.1665465086698532,99
2,MCF7,2.0,A199,18,2,40.0,2,1.0,,0,,1
3,MCF7,2.0,A199,18,2,40.0,3,0.5,0.1524183452129364,209,0.14628586173057556,917
3,MCF7,2.0,A199,18,2,40.0,3,0.6,0.16629962623119354,6479,0.16303791105747223,14368
3,MCF7,2.0,A199,18,2,40.0,3,0.7,0.17782795429229736,334,0.1894683837890625,2680
3,MCF7,2.0,A199,18,2,40.0,3,0.8,,0,0.20046848058700562,19
3,MCF7,2.0,A199,18,2,40.0,3,0.9,,0,,0
4,MCF7,2.0,A199,18,2,40.0,4,0.3,,0,,5
4,MCF7,2.0,A199,18,2,40.0,4,0.4,0.1159878745675087,846,0.09950710088014603,9707
4,MCF7,2.0,A199,18,2,40.0,4,0.5,0.12653249502182007,5413,0.12070544809103012,9824
4,MCF7,2.0,A199,18,2,40.0,4,0.6,,0,,0
5,MCF7,2.0,A199,18,2,40.0,5,0.3,0.10314063727855682,4793,0.09222977608442307,13053
5,MCF7,2.0,A199,18,2,40.0,5,0.4,0.11744392663240433,543,0.09501981735229492,3682
5,MCF7,2.0,A199,18,2,40.0,5,0.5,,0,,1
1,MCF7,2.0,A199,19,2,40.0,1,0.3,0.12676116824150085,12,0.12514227628707886,36
1,MCF7,2.0,A199,19,2,40.0,1,0.4,0.1166682168841362,4652,0.11661213636398315,7104
1,MCF7,2.0,A199,19,2,40.0,1,0.5,0.11913508176803589,6255,0.11437669396400452,12862
1,MCF7,2.0,A199,19,2,40.0,1,0.6,,0,0.11083529889583588,430
2,MCF7,2.0,A199,19,2,40.0,2,0.3,0.07743760943412781,121,0.0700545608997345,8400
2,MCF7,2.0,A199,19,2,40.0,2,0.4,0.11240016669034958,5150,0.10375772416591644,12040
2,MCF7,2.0,A199,19,2,40.0,2,0.5,0.12636342644691467,5358,0.12403365224599838,5941
2,MCF7,2.0,A199,19,2,40.0,2,0.6,0.12939691543579102,110,0.12870554625988007,115
2,MCF7,2.0,A199,19,2,40.0,2,0.7,,0,,0
3,MCF7,2.0,A199,19,2,40.0,3,0.4,0.145241379737854,19,0.1515999734401703,32
3,MCF7,2.0,A199,19,2,40.0,3,0.5,0.1367732584476471,4962,0.13268327713012695,9213
3,MCF7,2.0,A199,19,2,40.0,3,0.6,0.1403065025806427,3076,0.13574734330177307,8666
3,MCF7,2.0,A199,19,2,40.0,3,0.7,,1,0.13746078312397003,25
4,MCF7,2.0,A199,19,2,40.0,4,0.4,,2,0.09165286272764206,4618
4,MCF7,2.0,A199,19,2,40.0,4,0.5,0.13381987810134888,6919,0.1128033846616745,19502
4,MCF7,2.0,A199,19,2,40.0,4,0.6,0.14902426302433014,576,0.14176440238952637,744
4,MCF7,2.0,A199,19,2,40.0,4,0.7,,0,,0
1,MCF7,2.0,A199,2,2,40.0,1,0.0,,0,0.0,194
1,MCF7,2.0,A199,2,2,40.0,1,0.1,,0,,0
1,MCF7,2.0,A199,2,2,40.0,1,0.2,,0,,0
1,MCF7,2.0,A199,2,2,40.0,1,0.3,,0,,0
1,MCF7,2.0,A199,2,2,40.0,1,0.4,,0,,0
1,MCF7,2.0,A199,2,2,40.0,1,0.5,,0,,0
1,MCF7,2.0,A199,2,2,40.0,1,0.6,,0,,4
1,MCF7,2.0,A199,2,2,40.0,1,0.7,0.08163723349571228,9,0.10164409875869751,69
1,MCF7,2.0,A199,2,2,40.0,1,0.8,0.09984929114580154,223,0.10627208650112152,602
1,MCF7,2.0,A199,2,2,40.0,1,0.9,0.10456026345491409,1755,0.1071912944316864,3076
1,MCF7,2.0,A199,2,2,40.0,1,1.0,0.11083950102329254,4425,0.11430872231721878,7173
1,MCF7,2.0,A199,2,2,40.0,1,1.1,0.11695031076669693,4269,0.12096396088600159,8020
1,MCF7,2.0,A199,2,2,40.0,1,1.2,0.1213517040014267,1903,0.12767349183559418,5429
1,MCF7,2.0,A199,2,2,40.0,1,1.3,0.12230090796947479,464,0.1340743452310562,2971
1,MCF7,2.0,A199,2,2,40.0,1,1.4,0.1359228640794754,68,0.14033719897270203,1554
1,MCF7,2.0,A199,2,2,40.0,1,1.5,0.12117177993059158,8,0.14843140542507172,871
1,MCF7,2.0,A199,2,2,40.0,1,1.6,,1,0.1528042107820511,476
1,MCF7,2.0,A199,2,2,40.0,1,1.7,,0,0.16458292305469513,268
1,MCF7,2.0,A199,2,2,40.0,1,1.8,,0,0.16091130673885345,126
1,MCF7,2.0,A199,2,2,40.0,1,1.9,,0,0.19257935881614685,68
1,MCF7,2.0,A199,2,2,40.0,1,2.0,,0,0.14781737327575684,57
1,MCF7,2.0,A199,2,2,40.0,1,2.1,,0,0.176744744181633,38
1,MCF7,2.0,A199,2,2,40.0,1,2.2,,0,0.1624206304550171,12
1,MCF7,2.0,A199,2,2,40.0,1,2.3,,0,,7
1,MCF7,2.0,A199,2,2,40.0,1,2.4,,0,,3
1,MCF7,2.0,A199,2,2,40.0,1,2.5,,0,,2
1,MCF7,2.0,A199,2,2,40.0,1,2.6,,0,,1
1,MCF7,2.0,A199,2,2,40.0,1,2.7,,0,,2
1,MCF7,2.0,A199,2,2,40.0,1,2.8,,0,,0
1,MCF7,2.0,A199,2,2,40.0,1,2.9,,0,,1
2,MCF7,2.0,A199,2,2,40.0,2,0.0,,0,,7
2,MCF7,2.0,A199,2,2,40.0,2,0.1,,0,,0
2,MCF7,2.0,A199,2,2,40.0,2,0.2,,0,,0
2,MCF7,2.0,A199,2,2,40.0,2,0.3,,0,,0
2,MCF7,2.0,A199,2,2,40.0,2,0.4,,0,,0
2,MCF7,2.0,A199,2,2,40.0,2,0.5,,0,,0
2,MCF7,2.0,A199,2,2,40.0,2,0.6,,0,,0
2,MCF7,2.0,A199,2,2,40.0,2,0.7,,0,,0
2,MCF7,2.0,A199,2,2,40.0,2,0.8,,0,,9
2,MCF7,2.0,A199,2,2,40.0,2,0.9,,0,0.11388447880744934,43
2,MCF7,2.0,A199,2,2,40.0,2,1.0,,0,0.12493404746055603,207
2,MCF7,2.0,A199,2,2,40.0,2,1.1,0.1247643381357193,8,0.12409020215272903,667
2,MCF7,2.0,A199,2,2,40.0,2,1.2,0.13197728991508484,104,0.1277194768190384,1764
2,MCF7,2.0,A199,2,2,40.0,2,1.3,0.1355326622724533,665,0.13412703573703766,3799
2,MCF7,2.0,A199,2,2,40.0,2,1.4,0.1414864957332611,2177,0.1410888135433197,6816
2,MCF7,2.0,A199,2,2,40.0,2,1.5,0.1451578289270401,4040,0.1457177698612213,9137
2,MCF7,2.0,A199,2,2,40.0,2,1.6,0.1499512940645218,4269,0.15128962695598602,8920
2,MCF7,2.0,A199,2,2,40.0,2,1.7,0.15376341342926025,2741,0.15640373528003693,6067
2,MCF7,2.0,A199,2,2,40.0,2,1.8,0.15644097328186035,1098,0.16216233372688293,3062
2,MCF7,2.0,A199,2,2,40.0,2,1.9,0.1605404168367386,322,0.16870462894439697,1419
2,MCF7,2.0,A199,2,2,40.0,2,2.0,0.16719897091388702,60,0.1802591234445572,608
2,MCF7,2.0,A199,2,2,40.0,2,2.1,0.1534620225429535,8,0.17658047378063202,259
2,MCF7,2.0,A199,2,2,40.0,2,2.2,,2,0.20105063915252686,128
2,MCF7,2.0,A199,2,2,40.0,2,2.3,,0,0.19807502627372742,59
2,MCF7,2.0,A199,2,2,40.0,2,2.4,,0,0.21170426905155182,30
2,MCF7,2.0,A199,2,2,40.0,2,2.5,,0,0.2105138599872589,17
2,MCF7,2.0,A199,2,2,40.0,2,2.6,,0,0.2001187801361084,11
2,MCF7,2.0,A199,2,2,40.0,2,2.7,,0,,5
2,MCF7,2.0,A199,2,2,40.0,2,2.8,,0,,4
2,MCF7,2.0,A199,2,2,40.0,2,2.9,,0,,2
1,MCF7,2.0,A199,3,2,40.0,1,0.0,,0,0.0,51
1,MCF7,2.0,A199,3,2,40.0,1,0.1,0.04288661107420921,7392,0.040234003216028214,9887
1,MCF7,2.0,A199,3,2,40.0,1,0.2,0.0488293431699276,561,0.0419110506772995,5070
1,MCF7,2.0,A199,3,2,40.0,1,0.3,,0,0.044552598148584366,2446
1,MCF7,2.0,A199,3,2,40.0,1,0.4,,0,0.05506361275911331,1973
1,MCF7,2.0,A199,3,2,40.0,1,0.5,,0,0.06354226171970367,1596
1,MCF7,2.0,A199,3,2,40.0,1,0.6,,0,0.06969184428453445,1159
1,MCF7,2.0,A199,3,2,40.0,1,0.7,,0,0.07656224817037582,785
1,MCF7,2.0,A199,3,2,40.0,1,0.8,,1,0.08625835180282593,411
1,MCF7,2.0,A199,3,2,40.0,1,0.9,,4,0.09338429570198059,189
1,MCF7,2.0,A199,3,2,40.0,1,1.0,,2,0.10020215809345245,79
1,MCF7,2.0,A199,3,2,40.0,1,1.1,,0,0.10237398743629456,18
1,MCF7,2.0,A199,3,2,40.0,1,1.2,,0,,0
2,MCF7,2.0,A199,3,2,40.0,2,0.0,,0,0.0,554
2,MCF7,2.0,A199,3,2,40.0,2,0.1,,0,,0
2,MCF7,2.0,A199,3,2,40.0,2,0.2,,0,,0
2,MCF7,2.0,A199,3,2,40.0,2,0.3,,0,,0
2,MCF7,2.0,A199,3,2,40.0,2,0.4,,0,,9
2,MCF7,2.0,A199,3,2,40.0,2,0.5,,0,0.07085184007883072,122
2,MCF7,2.0,A199,3,2,40.0,2,0.6,0.09670517593622208,18,0.0768137201666832,837
2,MCF7,2.0,A199,3,2,40.0,2,0.7,0.10519298911094666,411,0.08948088437318802,3172
2,MCF7,2.0,A199,3,2,40.0,2,0.8,0.11198826879262924,2305,0.1010892316699028,7513
2,MCF7,2.0,A199,3,2,40.0,2,0.9,0.11867579072713852,5022,0.11164966225624084,10675
2,MCF7,2.0,A199,3,2,40.0,2,1.0,0.12523126602172852,5081,0.11920900642871857,8933
2,MCF7,2.0,A199,3,2,40.0,2,1.1,0.1308766007423401,1948,0.12293611466884613,4010
2,MCF7,2.0,A199,3,2,40.0,2,1.2,0.13605040311813354,303,0.12564533948898315,1215
2,MCF7,2.0,A199,3,2,40.0,2,1.3,0.12157799303531647,20,0.12354428321123123,385
2,MCF7,2.0,A199,3,2,40.0,2,1.4,,3,0.1282629668712616,164
2,MCF7,2.0,A199,3,2,40.0,2,1.5,,0,0.11835150420665741,79
2,MCF7,2.0,A199,3,2,40.0,2,1.6,,0,0.14043094217777252,24
2,MCF7,2.0,A199,3,2,40.0,2,1.7,,0,0.1864049732685089,17
2,MCF7,2.0,A199,3,2,40.0,2,1.8,,0,0.16934673488140106,13
2,MCF7,2.0,A199,3,2,40.0,2,1.9,,0,,4
2,MCF7,2.0,A199,3,2,40.0,2,2.0,,0,,1
2,MCF7,2.0,A199,3,2,40.0,2,2.1,,0,,1
2,MCF7,2.0,A199,3,2,40.0,2,2.2,,0,,0
3,MCF7,2.0,A199,3,2,40.0,3,0.0,,0,0.0,11115
3,MCF7,2.0,A199,3,2,40.0,3,0.1,,0,,0
3,MCF7,2.0,A199,3,2,40.0,3,0.2,,0,,0
3,MCF7,2.0,A199,3,2,40.0,3,0.3,0.04827741160988808,13,0.06173023208975792,31
3,MCF7,2.0,A199,3,2,40.0,3,0.4,0.05661109462380409,2271,0.05865684151649475,2655
3,MCF7,2.0,A199,3,2,40.0,3,0.5,0.061425890773534775,5453,0.0646364763379097,7871
3,MCF7,2.0,A199,3,2,40.0,3,0.6,0.06740158796310425,1206,0.07294458150863647,5493
3,MCF7,2.0,A199,3,2,40.0,3,0.7,0.0762525200843811,44,0.08028185367584229,3779
3,MCF7,2.0,A199,3,2,40.0,3,0.8,,1,0.08939366042613983,2528
3,MCF7,2.0,A199,3,2,40.0,3,0.9,,0,0.09889364242553711,1459
3,MCF7,2.0,A199,3,2,40.0,3,1.0,,0,0.10748451948165894,762
3,MCF7,2.0,A199,3,2,40.0,3,1.1,,0,0.128854900598526,361
3,MCF7,2.0,A199,3,2,40.0,3,1.2,,0,0.12939117848873138,164
3,MCF7,2.0,A199,3,2,40.0,3,1.3,,0,0.14438793063163757,66
3,MCF7,2.0,A199,3,2,40.0,3,1.4,,0,0.20193281769752502,25
3,MCF7,2.0,A199,3,2,40.0,3,1.5,,0,0.16274645924568176,13
3,MCF7,2.0,A199,3,2,40.0,3,1.6,,0,,8
3,MCF7,2.0,A199,3,2,40.0,3,1.7,,0,,1
3,MCF7,2.0,A199,3,2,40.0,3,1.8,,0,,2
3,MCF7,2.0,A199,3,2,40.0,3,1.9,,0,,1
3,MCF7,2.0,A199,3,2,40.0,3,2.0,,0,,2
3,MCF7,2.0,A199,3,2,40.0,3,2.1,,0,,0
4,MCF7,2.0,A199,3,2,40.0,4,0.0,,0,0.0,6208
4,MCF7,2.0,A199,3,2,40.0,4,0.1,,0,,0
4,MCF7,2.0,A199,3,2,40.0,4,0.2,,0,,0
4,MCF7,2.0,A199,3,2,40.0,4,0.3,,0,,0
4,MCF7,2.0,A199,3,2,40.0,4,0.4,,0,,0
4,MCF7,2.0,A199,3,2,40.0,4,0.5,,3,,6
4,MCF7,2.0,A199,3,2,40.0,4,0.6,0.05736932530999184,162,0.0542125403881073,196
4,MCF7,2.0,A199,3,2,40.0,4,0.7,0.06605838984251022,1610,0.06560669839382172,1747
4,MCF7,2.0,A199,3,2,40.0,4,0.8,0.07051102072000504,3091,0.07064258307218552,3433
4,MCF7,2.0,A199,3,2,40.0,4,0.9,0.0753079429268837,2103,0.0763789638876915,2779
4,MCF7,2.0,A199,3,2,40.0,4,1.0,0.07287073880434036,837,0.07678687572479248,1727
4,MCF7,2.0,A199,3,2,40.0,4,1.1,0.07613932341337204,192,0.08318314701318741,1269
4,MCF7,2.0,A199,3,2,40.0,4,1.2,0.0604541152715683,23,0.08544471859931946,1007
4,MCF7,2.0,A199,3,2,40.0,4,1.3,,1,0.09477061778306961,891
4,MCF7,2.0,A199,3,2,40.0,4,1.4,,1,0.09969882667064667,849
4,MCF7,2.0,A199,3,2,40.0,4,1.5,,0,0.10498116165399551,717
4,MCF7,2.0,A199,3,2,40.0,4,1.6,,0,0.10534652322530746,671
4,MCF7,2.0,A199,3,2,40.0,4,1.7,,0,0.11271324753761292,532
4,MCF7,2.0,A199,3,2,40.0,4,1.8,,0,0.12465690076351166,423
4,MCF7,2.0,A199,3,2,40.0,4,1.9,,0,0.13069069385528564,350
4,MCF7,2.0,A199,3,2,40.0,4,2.0,,0,0.14571841061115265,292
4,MCF7,2.0,A199,3,2,40.0,4,2.1,,0,0.14414744079113007,194
4,MCF7,2.0,A199,3,2,40.0,4,2.2,,0,0.15816974639892578,175
4,MCF7,2.0,A199,3,2,40.0,4,2.3,,0,0.16066208481788635,151
4,MCF7,2.0,A199,3,2,40.0,4,2.4,,0,0.16988201439380646,91
4,MCF7,2.0,A199,3,2,40.0,4,2.5,,0,0.17535823583602905,68
4,MCF7,2.0,A199,3,2,40.0,4,2.6,,0,0.19916334748268127,54
4,MCF7,2.0,A199,3,2,40.0,4,2.7,,0,0.1928941160440445,43
4,MCF7,2.0,A199,3,2,40.0,4,2.8,,0,0.2149178683757782,25
4,MCF7,2.0,A199,3,2,40.0,4,2.9,,0,0.2309589684009552,19
4,MCF7,2.0,A199,3,2,40.0,4,3.0,,0,0.2121129035949707,13
4,MCF7,2.0,A199,3,2,40.0,4,3.1,,0,,5
4,MCF7,2.0,A199,3,2,40.0,4,3.2,,0,,4
4,MCF7,2.0,A199,3,2,40.0,4,3.3,,0,,1
4,MCF7,2.0,A199,3,2,40.0,4,3.4,,0,,3
4,MCF7,2.0,A199,3,2,40.0,4,3.5,,0,,1
4,MCF7,2.0,A199,3,2,40.0,4,3.6,,0,,3
4,MCF7,2.0,A199,3,2,40.0,4,3.7,,0,,1
4,MCF7,2.0,A199,3,2,40.0,4,3.8,,0,,2
4,MCF7,2.0,A199,3,2,40.0,4,3.9,,0,,0
4,MCF7,2.0,A199,3,2,40.0,4,4.0,,0,,0
4,MCF7,2.0,A199,3,2,40.0,4,4.1,,0,,1
4,MCF7,2.0,A199,3,2,40.0,4,4.2,,0,,0
4,MCF7,2.0,A199,3,2,40.0,4,4.3,,0,,1
1,MCF7,2.0,A199,4,2,40.0,1,0.3,0.059572406113147736,5,0.06482810527086258,14
1,MCF7,2.0,A199,4,2,40.0,1,0.4,0.06361235678195953,4497,0.06402955204248428,5953
1,MCF7,2.0,A199,4,2,40.0,1,0.5,0.0651741698384285,1133,0.061120953410863876,1945
1,MCF7,2.0,A199,4,2,40.0,1,0.6,,0,0.0509185753762722,22
1,MCF7,2.0,A199,4,2,40.0,1,0.7,,0,,2
2,MCF7,2.0,A199,4,2,40.0,2,1.4,,0,,1
2,MCF7,2.0,A199,4,2,40.0,2,1.5,,0,,6
2,MCF7,2.0,A199,4,2,40.0,2,1.6,,0,0.13594673573970795,40
2,MCF7,2.0,A199,4,2,40.0,2,1.7,0.1553967297077179,9,0.14555807411670685,164
2,MCF7,2.0,A199,4,2,40.0,2,1.8,0.16163060069084167,30,0.14762939512729645,322
2,MCF7,2.0,A199,4,2,40.0,2,1.9,0.16764192283153534,143,0.15781009197235107,710
2,MCF7,2.0,A199,4,2,40.0,2,2.0,0.16589148342609406,406,0.16107375919818878,1192
2,MCF7,2.0,A199,4,2,40.0,2,2.1,0.16526776552200317,711,0.16274724900722504,1495
2,MCF7,2.0,A199,4,2,40.0,2,2.2,0.16665707528591156,920,0.1644073873758316,1620
2,MCF7,2.0,A199,4,2,40.0,2,2.3,0.1668446809053421,777,0.16627249121665955,1345
2,MCF7,2.0,A199,4,2,40.0,2,2.4,0.16991397738456726,405,0.16727544367313385,742
2,MCF7,2.0,A199,4,2,40.0,2,2.5,0.17119622230529785,142,0.16998858749866486,301
2,MCF7,2.0,A199,4,2,40.0,2,2.6,0.17750664055347443,39,0.16262507438659668,129
2,MCF7,2.0,A199,4,2,40.0,2,2.7,0.19492016732692719,5,0.16357319056987762,33
2,MCF7,2.0,A199,4,2,40.0,2,2.8,,2,0.17412230372428894,20
2,MCF7,2.0,A199,4,2,40.0,2,2.9,,0,,3
2,MCF7,2.0,A199,4,2,40.0,2,3.0,,0,,2
2,MCF7,2.0,A199,4,2,40.0,2,3.1,,0,,0
2,MCF7,2.0,A199,4,2,40.0,2,3.2,,0,,3
3,MCF7,2.0,A199,4,2,40.0,3,0.2,,0,0.051364559680223465,576
3,MCF7,2.0,A199,4,2,40.0,3,0.3,0.0789145678281784,997,0.07252182811498642,16516
3,MCF7,2.0,A199,4,2,40.0,3,0.4,0.0962422713637352,4922,0.09615534543991089,8395
3,MCF7,2.0,A199,4,2,40.0,3,0.5,,0,0.09530885517597198,17
4,MCF7,2.0,A199,4,2,40.0,4,0.2,0.047515012323856354,8,0.050964802503585815,5327
4,MCF7,2.0,A199,4,2,40.0,4,0.3,0.09138312190771103,7844,0.08571452647447586,25133
4,MCF7,2.0,A199,4,2,40.0,4,0.4,0.10817424952983856,11,0.12564165890216827,52
4,MCF7,2.0,A199,4,2,40.0,4,0.5,,0,,0
1,MCF7,2.0,A199,5,2,40.0,1,0.4,,0,,2
1,MCF7,2.0,A199,5,2,40.0,1,0.5,0.16117356717586517,197,0.14279168844223022,1838
1,MCF7,2.0,A199,5,2,40.0,1,0.6,0.1773352026939392,1863,0.15521828830242157,12896
1,MCF7,2.0,A199,5,2,40.0,1,0.7,0.19048969447612762,2795,0.1584845334291458,17038
1,MCF7,2.0,A199,5,2,40.0,1,0.8,0.2021467089653015,30,0.16570284962654114,1037
1,MCF7,2.0,A199,5,2,40.0,1,0.9,,0,,5
2,MCF7,2.0,A199,5,2,40.0,2,0.2,,0,0.04917781800031662,534
2,MCF7,2.0,A199,5,2,40.0,2,0.3,0.0749131366610527,3330,0.0684196799993515,33122
2,MCF7,2.0,A199,5,2,40.0,2,0.4,0.09115609526634216,12638,0.08879339694976807,17979
2,MCF7,2.0,A199,5,2,40.0,2,0.5,0.10268982499837875,234,0.10249380022287369,237
3,MCF7,2.0,A199,5,2,40.0,3,0.2,,0,0.05582417547702789,484
3,MCF7,2.0,A199,5,2,40.0,3,0.3,0.06399935483932495,1716,0.06663574278354645,23230
3,MCF7,2.0,A199,5,2,40.0,3,0.4,0.08626610040664673,8794,0.08878886699676514,14716
3,MCF7,2.0,A199,5,2,40.0,3,0.5,0.09646029770374298,9,0.11430516839027405,18
1,MCF7,2.0,A199,6,2,40.0,1,0.3,0.0931534394621849,6077,0.08728482574224472,9459
1,MCF7,2.0,A199,6,2,40.0,1,0.4,0.10564768314361572,2015,0.0894775241613388,14662
1,MCF7,2.0,A199,6,2,40.0,1,0.5,,0,0.09654485434293747,1765
1,MCF7,2.0,A199,6,2,40.0,1,0.6,,0,0.11331047862768173,17
1,MCF7,2.0,A199,6,2,40.0,1,0.7,,0,,1
1,MCF7,2.0,A199,6,2,40.0,1,0.8,,0,,0
2,MCF7,2.0,A199,6,2,40.0,2,0.2,,0,,1
2,MCF7,2.0,A199,6,2,40.0,2,0.3,0.09464455395936966,3332,0.0884106308221817,11003
2,MCF7,2.0,A199,6,2,40.0,2,0.4,0.09827058017253876,10914,0.09677499532699585,24443
2,MCF7,2.0,A199,6,2,40.0,2,0.5,,1,0.11495000869035721,361
3,MCF7,2.0,A199,6,2,40.0,3,0.2,0.04990775138139725,5,0.06609216332435608,26
3,MCF7,2.0,A199,6,2,40.0,3,0.3,0.07885443419218063,14216,0.0782775953412056,28949
3,MCF7,2.0,A199,6,2,40.0,3,0.4,0.08654658496379852,200,0.082366943359375,9079
3,MCF7,2.0,A199,6,2,40.0,3,0.5,,0,0.09100513905286789,42
4,MCF7,2.0,A199,6,2,40.0,4,0.1,,2,0.04115205258131027,7343
4,MCF7,2.0,A199,6,2,40.0,4,0.2,0.055020321160554886,16173,0.050067026168107986,45966
4,MCF7,2.0,A199,6,2,40.0,4,0.3,0.06576438248157501,26,0.059030383825302124,99
4,MCF7,2.0,A199,6,2,40.0,4,0.4,,0,,0
5,MCF7,2.0,A199,6,2,40.0,5,0.0,,0,0.008485237136483192,26
5,MCF7,2.0,A199,6,2,40.0,5,0.1,0.04181639105081558,1364,0.057290807366371155,7133
5,MCF7,2.0,A199,6,2,40.0,5,0.2,0.047316886484622955,5390,0.052046798169612885,10945
5,MCF7,2.0,A199,6,2,40.0,5,0.3,,1,0.05538433417677879,56
5,MCF7,2.0,A199,6,2,40.0,5,0.4,,0,,0
1,MCF7,2.0,A199,7,2,40.0,1,0.5,,0,,2
1,MCF7,2.0,A199,7,2,40.0,1,0.6,0.14417192339897156,335,0.13224267959594727,591
1,MCF7,2.0,A199,7,2,40.0,1,0.7,0.15604420006275177,8808,0.1500064879655838,12656
1,MCF7,2.0,A199,7,2,40.0,1,0.8,0.16076424717903137,3489,0.15276476740837097,13130
1,MCF7,2.0,A199,7,2,40.0,1,0.9,0.16315412521362305,104,0.15941554307937622,11018
1,MCF7,2.0,A199,7,2,40.0,1,1.0,,0,0.16523411870002747,7197
1,MCF7,2.0,A199,7,2,40.0,1,1.1,,0,0.1699940711259842,3456
1,MCF7,2.0,A199,7,2,40.0,1,1.2,,0,0.18494583666324615,1286
1,MCF7,2.0,A199,7,2,40.0,1,1.3,,0,0.19426636397838593,420
1,MCF7,2.0,A199,7,2,40.0,1,1.4,,0,0.19985444843769073,134
1,MCF7,2.0,A199,7,2,40.0,1,1.5,,0,0.21075864136219025,70
1,MCF7,2.0,A199,7,2,40.0,1,1.6,,0,0.20932087302207947,16
1,MCF7,2.0,A199,7,2,40.0,1,1.7,,0,,5
1,MCF7,2.0,A199,7,2,40.0,1,1.8,,0,,3
2,MCF7,2.0,A199,7,2,40.0,2,0.0,,0,0.0,3123
2,MCF7,2.0,A199,7,2,40.0,2,0.1,,0,,0
2,MCF7,2.0,A199,7,2,40.0,2,0.2,,0,0.06637126952409744,214
2,MCF7,2.0,A199,7,2,40.0,2,0.3,0.02626977488398552,5,0.056212764233350754,3520
2,MCF7,2.0,A199,7,2,40.0,2,0.4,0.057923074811697006,1179,0.05899317190051079,9716
2,MCF7,2.0,A199,7,2,40.0,2,0.5,0.06896104663610458,4957,0.06807970255613327,9278
2,MCF7,2.0,A199,7,2,40.0,2,0.6,0.0728306695818901,428,0.07759233564138412,909
2,MCF7,2.0,A199,7,2,40.0,2,0.7,,1,0.1105274111032486,37
2,MCF7,2.0,A199,7,2,40.0,2,0.8,,0,,3
2,MCF7,2.0,A199,7,2,40.0,2,0.9,,0,,0
3,MCF7,2.0,A199,7,2,40.0,3,0.0,,0,0.0,1345
3,MCF7,2.0,A199,7,2,40.0,3,0.1,,0,0.04248073697090149,65
3,MCF7,2.0,A199,7,2,40.0,3,0.2,0.04462122172117233,126,0.038976941257715225,10874
3,MCF7,2.0,A199,7,2,40.0,3,0.3,0.05689612403512001,5428,0.05134078487753868,20553
3,MCF7,2.0,A199,7,2,40.0,3,0.4,,2,0.06387192010879517,1422
3,MCF7,2.0,A199,7,2,40.0,3,0.5,,0,0.07630552351474762,89
3,MCF7,2.0,A199,7,2,40.0,3,0.6,,0,,3
3,MCF7,2.0,A199,7,2,40.0,3,0.7,,0,,1
4,MCF7,2.0,A199,7,2,40.0,4,0.0,,0,0.0,39
4,MCF7,2.0,A199,7,2,40.0,4,0.1,0.09508221596479416,670,0.09484895318746567,674
4,MCF7,2.0,A199,7,2,40.0,4,0.2,0.07292052358388901,2141,0.06640089303255081,4967
4,MCF7,2.0,A199,7,2,40.0,4,0.3,0.03546303138136864,21,0.057209622114896774,5156
4,MCF7,2.0,A199,7,2,40.0,4,0.4,,0,0.0640164464712143,1927
4,MCF7,2.0,A199,7,2,40.0,4,0.5,,0,0.0720633789896965,250
4,MCF7,2.0,A199,7,2,40.0,4,0.6,,0,0.07892698794603348,25
4,MCF7,2.0,A199,7,2,40.0,4,0.7,,0,,2
5,MCF7,2.0,A199,7,2,40.0,5,0.0,,0,0.0,4774
5,MCF7,2.0,A199,7,2,40.0,5,0.1,,0,,0
5,MCF7,2.0,A199,7,2,40.0,5,0.2,,0,,7
5,MCF7,2.0,A199,7,2,40.0,5,0.3,,0,0.04582451656460762,392
5,MCF7,2.0,A199,7,2,40.0,5,0.4,,0,0.05402279272675514,1703
5,MCF7,2.0,A199,7,2,40.0,5,0.5,0.0383254811167717,8,0.060920197516679764,2493
5,MCF7,2.0,A199,7,2,40.0,5,0.6,0.06259757280349731,615,0.06527911871671677,4187
5,MCF7,2.0,A199,7,2,40.0,5,0.7,0.07716042548418045,4988,0.07359002530574799,11074
5,MCF7,2.0,A199,7,2,40.0,5,0.8,0.08508020639419556,2469,0.08160705864429474,9158
5,MCF7,2.0,A199,7,2,40.0,5,0.9,0.093004010617733,148,0.08660614490509033,4452
5,MCF7,2.0,A199,7,2,40.0,5,1.0,0.0890103429555893,5,0.09636922925710678,1948
5,MCF7,2.0,A199,7,2,40.0,5,1.1,,0,0.10566022992134094,709
5,MCF7,2.0,A199,7,2,40.0,5,1.2,,0,0.12016931921243668,256
5,MCF7,2.0,A199,7,2,40.0,5,1.3,,0,0.1387154459953308,95
5,MCF7,2.0,A199,7,2,40.0,5,1.4,,0,0.16999374330043793,42
5,MCF7,2.0,A199,7,2,40.0,5,1.5,,0,0.1886187195777893,13
5,MCF7,2.0,A199,7,2,40.0,5,1.6,,0,,5
5,MCF7,2.0,A199,7,2,40.0,5,1.7,,0,,1
5,MCF7,2.0,A199,7,2,40.0,5,1.8,,0,,2
5,MCF7,2.0,A199,7,2,40.0,5,1.9,,0,,1
1,MCF7,2.0,A199,8,2,40.0,1,0.0,,0,0.0,47
1,MCF7,2.0,A199,8,2,40.0,1,0.1,,0,,0
1,MCF7,2.0,A199,8,2,40.0,1,0.2,,1,0.0781807154417038,149
1,MCF7,2.0,A199,8,2,40.0,1,0.3,0.09312987327575684,14937,0.08859043568372726,35388
1,MCF7,2.0,A199,8,2,40.0,1,0.4,0.0936448723077774,4044,0.08779554069042206,56579
1,MCF7,2.0,A199,8,2,40.0,1,0.5,,0,0.09331545978784561,4755
1,MCF7,2.0,A199,8,2,40.0,1,0.6,,0,0.10224755853414536,161
1,MCF7,2.0,A199,8,2,40.0,1,0.7,,0,,9
1,MCF7,2.0,A199,8,2,40.0,1,0.8,,0,,0
2,MCF7,2.0,A199,8,2,40.0,2,0.0,,1,0.013597553595900536,17
2,MCF7,2.0,A199,8,2,40.0,2,0.1,0.04860641062259674,7120,0.048001401126384735,11729
2,MCF7,2.0,A199,8,2,40.0,2,0.2,0.05424170196056366,730,0.05540914461016655,2070
2,MCF7,2.0,A199,8,2,40.0,2,0.3,,0,,8
3,MCF7,2.0,A199,8,2,40.0,3,0.0,,0,,1
3,MCF7,2.0,A199,8,2,40.0,3,0.1,,0,,5
3,MCF7,2.0,A199,8,2,40.0,3,0.2,0.05525408685207367,315,0.05311897024512291,1277
3,MCF7,2.0,A199,8,2,40.0,3,0.3,0.06362732499837875,7029,0.06465357542037964,14889
3,MCF7,2.0,A199,8,2,40.0,3,0.4,0.07467766106128693,66,0.0745876282453537,3493
3,MCF7,2.0,A199,8,2,40.0,3,0.5,,0,0.08618570119142532,233
3,MCF7,2.0,A199,8,2,40.0,3,0.6,,0,,6
4,MCF7,2.0,A199,8,2,40.0,4,0.3,0.07417038083076477,557,0.07042568176984787,1580
4,MCF7,2.0,A199,8,2,40.0,4,0.4,0.08188153803348541,9906,0.07676903903484344,49276
4,MCF7,2.0,A199,8,2,40.0,4,0.5,,2,0.08438760042190552,7527
4,MCF7,2.0,A199,8,2,40.0,4,0.6,,0,0.0951835885643959,17
4,MCF7,2.0,A199,8,2,40.0,4,0.7,,0,,0
5,MCF7,2.0,A199,8,2,40.0,5,0.2,0.05246349051594734,103,0.04455619305372238,655
5,MCF7,2.0,A199,8,2,40.0,5,0.3,0.06342063844203949,14923,0.06020817160606384,37462
5,MCF7,2.0,A199,8,2,40.0,5,0.4,0.0767350047826767,28,0.06751903146505356,2629
5,MCF7,2.0,A199,8,2,40.0,5,0.5,,0,,6
6,MCF7,2.0,A199,8,2,40.0,6,0.4,,0,0.06140151247382164,69
6,MCF7,2.0,A199,8,2,40.0,6,0.5,0.07006239145994186,509,0.07127545028924942,2914
6,MCF7,2.0,A199,8,2,40.0,6,0.6,0.08249811828136444,10633,0.08085353672504425,21167
6,MCF7,2.0,A199,8,2,40.0,6,0.7,0.08931119740009308,4212,0.08474455028772354,12470
6,MCF7,2.0,A199,8,2,40.0,6,0.8,0.096979059278965,53,0.08370217680931091,1776
6,MCF7,2.0,A199,8,2,40.0,6,0.9,,0,0.08726535737514496,251
6,MCF7,2.0,A199,8,2,40.0,6,1.0,,0,0.08526863157749176,22
6,MCF7,2.0,A199,8,2,40.0,6,1.1,,0,,3
6,MCF7,2.0,A199,8,2,40.0,6,1.2,,0,,0
1,MCF7,2.0,A199,9,2,40.0,1,0.0,,0,,1
1,MCF7,2.0,A199,9,2,40.0,1,0.1,,0,,0
1,MCF7,2.0,A199,9,2,40.0,1,0.2,,0,0.09130655974149704,127
1,MCF7,2.0,A199,9,2,40.0,1,0.3,0.08700549602508545,950,0.08848952502012253,9794
1,MCF7,2.0,A199,9,2,40.0,1,0.4,0.09152797609567642,15280,0.09218904376029968,39981
1,MCF7,2.0,A199,9,2,40.0,1,0.5,0.10158007591962814,224,0.10513461381196976,1783
1,MCF7,2.0,A199,9,2,40.0,1,0.6,,0,0.11706431955099106,10
2,MCF7,2.0,A199,9,2,40.0,2,0.0,,0,,3
2,MCF7,2.0,A199,9,2,40.0,2,0.1,,0,,0
2,MCF7,2.0,A199,9,2,40.0,2,0.2,,0,0.03532790392637253,143
2,MCF7,2.0,A199,9,2,40.0,2,0.3,0.06761223077774048,3973,0.05279111862182617,16415
2,MCF7,2.0,A199,9,2,40.0,2,0.4,0.07131382822990417,4735,0.06538019329309464,14499
2,MCF7,2.0,A199,9,2,40.0,2,0.5,,0,0.07190507650375366,786
2,MCF7,2.0,A199,9,2,40.0,2,0.6,,0,0.07778211683034897,26
2,MCF7,2.0,A199,9,2,40.0,2,0.7,,0,,0
3,MCF7,2.0,A199,9,2,40.0,3,0.3,,0,,2
3,MCF7,2.0,A199,9,2,40.0,3,0.4,,3,0.05944507196545601,840
3,MCF7,2.0,A199,9,2,40.0,3,0.5,0.07839995622634888,2073,0.06745319068431854,12064
3,MCF7,2.0,A199,9,2,40.0,3,0.6,0.08030089735984802,4390,0.07573345303535461,12351
3,MCF7,2.0,A199,9,2,40.0,3,0.7,0.08489841967821121,7,0.08435472846031189,505
3,MCF7,2.0,A199,9,2,40.0,3,0.8,,0,0.10828013718128204,14
4,MCF7,2.0,A199,9,2,40.0,4,0.1,0.05906545743346214,731,0.0637667253613472,11615
4,MCF7,2.0,A199,9,2,40.0,4,0.2,0.07898915559053421,18101,0.08057418465614319,56319
4,MCF7,2.0,A199,9,2,40.0,4,0.3,,4,0.1182747483253479,272
4,MCF7,2.0,A199,9,2,40.0,4,0.4,,0,,2
4,MCF7,2.0,A199,9,2,40.0,4,0.5,,0,,0
5,MCF7,2.0,A199,9,2,40.0,5,0.0,,0,0.0,12
5,MCF7,2.0,A199,9,2,40.0,5,0.1,,0,0.06853637844324112,42
5,MCF7,2.0,A199,9,2,40.0,5,0.2,0.06434973329305649,605,0.06843791157007217,11967
5,MCF7,2.0,A199,9,2,40.0,5,0.3,0.07732805609703064,14186,0.0798240602016449,41128
5,MCF7,2.0,A199,9,2,40.0,5,0.4,0.08820586651563644,327,0.10063673555850983,1576
5,MCF7,2.0,A199,9,2,40.0,5,0.5,,0,0.11223644763231277,11
5,MCF7,2.0,A199,9,2,40.0,5,0.6,,0,,0
1,MCF7,4.0,A199,0,1,90.0,1,0.5,,0,0.09842360019683838,102
1,MCF7,4.0,A199,0,1,90.0,1,0.6,0.09383990615606308,25,0.09915505349636078,1675
1,MCF7,4.0,A199,0,1,90.0,1,0.7,0.10964943468570709,203,0.10675901919603348,3369
1,MCF7,4.0,A199,0,1,90.0,1,0.8,0.11999470740556717,615,0.12095268815755844,3522
1,MCF7,4.0,A199,0,1,90.0,1,0.9,0.1287388652563095,1095,0.1294480860233307,2570
1,MCF7,4.0,A199,0,1,90.0,1,1.0,0.13452355563640594,1242,0.13290594518184662,1776
1,MCF7,4.0,A199,0,1,90.0,1,1.1,0.13879917562007904,811,0.13767732679843903,955
1,MCF7,4.0,A199,0,1,90.0,1,1.2,0.14352111518383026,418,0.14342553913593292,468
1,MCF7,4.0,A199,0,1,90.0,1,1.3,0.14627696573734283,153,0.1472775936126709,177
1,MCF7,4.0,A199,0,1,90.0,1,1.4,0.1700945645570755,25,0.16975149512290955,32
1,MCF7,4.0,A199,0,1,90.0,1,1.5,0.19839198887348175,9,0.19135455787181854,10
1,MCF7,4.0,A199,0,1,90.0,1,1.6,,0,,0
2,MCF7,4.0,A199,0,1,90.0,2,0.2,,0,0.06567751616239548,14
2,MCF7,4.0,A199,0,1,90.0,2,0.3,0.06880322098731995,443,0.08037897199392319,5017
2,MCF7,4.0,A199,0,1,90.0,2,0.4,0.10781997442245483,1990,0.1197737529873848,4620
2,MCF7,4.0,A199,0,1,90.0,2,0.5,0.12016893923282623,510,0.12633076310157776,621
3,MCF7,4.0,A199,0,1,90.0,3,0.2,,0,0.09531741589307785,79
3,MCF7,4.0,A199,0,1,90.0,3,0.3,0.10950657725334167,194,0.10113850235939026,8105
3,MCF7,4.0,A199,0,1,90.0,3,0.4,0.12148759514093399,3724,0.11763528734445572,6849
3,MCF7,4.0,A199,0,1,90.0,3,0.5,,4,,7
4,MCF7,4.0,A199,0,1,90.0,4,0.0,,0,0.0,25
4,MCF7,4.0,A199,0,1,90.0,4,0.1,,0,,0
4,MCF7,4.0,A199,0,1,90.0,4,0.2,,0,,0
4,MCF7,4.0,A199,0,1,90.0,4,0.3,0.05227231606841087,23,0.05147576704621315,87
4,MCF7,4.0,A199,0,1,90.0,4,0.4,0.06216444447636604,669,0.05966966226696968,1601
4,MCF7,4.0,A199,0,1,90.0,4,0.5,0.07069607824087143,1417,0.06763884425163269,4060
4,MCF7,4.0,A199,0,1,90.0,4,0.6,0.08205616474151611,474,0.07787344604730606,2014
4,MCF7,4.0,A199,0,1,90.0,4,0.7,0.10650163143873215,90,0.09640150517225266,376
4,MCF7,4.0,A199,0,1,90.0,4,0.8,0.11753476411104202,14,0.11515025049448013,52
4,MCF7,4.0,A199,0,1,90.0,4,0.9,,3,,9
4,MCF7,4.0,A199,0,1,90.0,4,1.0,,0,,0
1,MCF7,4.0,A199,1,1,90.0,1,0.2,0.062422700226306915,1228,0.05606082081794739,3167
1,MCF7,4.0,A199,1,1,90.0,1,0.3,0.07133717834949493,2319,0.06927983462810516,5745
1,MCF7,4.0,A199,1,1,90.0,1,0.4,0.08121410757303238,1859,0.083697110414505,3123
1,MCF7,4.0,A199,1,1,90.0,1,0.5,0.09086664766073227,1399,0.09081678837537766,1703
1,MCF7,4.0,A199,1,1,90.0,1,0.6,0.10038325935602188,414,0.10015100985765457,453
1,MCF7,4.0,A199,1,1,90.0,1,0.7,0.10705278813838959,29,0.1062357947230339,33
1,MCF7,4.0,A199,1,1,90.0,1,0.8,,0,,0
2,MCF7,4.0,A199,1,1,90.0,2,0.4,,0,0.09273907542228699,12
2,MCF7,4.0,A199,1,1,90.0,2,0.5,0.10423098504543304,182,0.10475632548332214,704
2,MCF7,4.0,A199,1,1,90.0,2,0.6,0.10218418389558792,2919,0.10226300358772278,5750
2,MCF7,4.0,A199,1,1,90.0,2,0.7,0.10239114612340927,1739,0.0982881486415863,3745
2,MCF7,4.0,A199,1,1,90.0,2,0.8,0.10436462610960007,100,0.08878885209560394,426
2,MCF7,4.0,A199,1,1,90.0,2,0.9,0.10512004047632217,10,0.07648380845785141,31
2,MCF7,4.0,A199,1,1,90.0,2,1.0,,3,,4
3,MCF7,4.0,A199,1,1,90.0,3,0.2,0.0428936667740345,60,0.04964965581893921,189
3,MCF7,4.0,A199,1,1,90.0,3,0.3,0.06660779565572739,1352,0.07121634483337402,5589
3,MCF7,4.0,A199,1,1,90.0,3,0.4,0.09121038019657135,1461,0.1061277687549591,2655
3,MCF7,4.0,A199,1,1,90.0,3,0.5,0.10057438910007477,92,0.11721227318048477,127
3,MCF7,4.0,A199,1,1,90.0,3,0.6,,0,,0
4,MCF7,4.0,A199,1,1,90.0,4,0.4,,0,0.09255988895893097,72
4,MCF7,4.0,A199,1,1,90.0,4,0.5,0.09376747161149979,123,0.09780586510896683,1385
4,MCF7,4.0,A199,1,1,90.0,4,0.6,0.09788419306278229,1492,0.10042122006416321,5028
4,MCF7,4.0,A199,1,1,90.0,4,0.7,0.10429349541664124,1725,0.10510656982660294,5695
4,MCF7,4.0,A199,1,1,90.0,4,0.8,0.11126122623682022,1241,0.10967234522104263,3489
4,MCF7,4.0,A199,1,1,90.0,4,0.9,0.11052080243825912,541,0.10791506618261337,1218
4,MCF7,4.0,A199,1,1,90.0,4,1.0,0.11281649768352509,64,0.10662711411714554,176
4,MCF7,4.0,A199,1,1,90.0,4,1.1,,3,,8
4,MCF7,4.0,A199,1,1,90.0,4,1.2,,0,,1
5,MCF7,4.0,A199,1,1,90.0,5,0.2,0.056284092366695404,74,0.0550561398267746,82
5,MCF7,4.0,A199,1,1,90.0,5,0.3,0.07134663313627243,845,0.07300560921430588,2191
5,MCF7,4.0,A199,1,1,90.0,5,0.4,0.09052491933107376,1409,0.09887891262769699,5022
5,MCF7,4.0,A199,1,1,90.0,5,0.5,0.11260402202606201,545,0.11803882569074631,1302
5,MCF7,4.0,A199,1,1,90.0,5,0.6,0.1285468339920044,415,0.13126002252101898,507
5,MCF7,4.0,A199,1,1,90.0,5,0.7,0.14351283013820648,172,0.14543312788009644,202
5,MCF7,4.0,A199,1,1,90.0,5,0.8,0.1576641947031021,75,0.15714183449745178,86
5,MCF7,4.0,A199,1,1,90.0,5,0.9,0.1691492646932602,44,0.16889260709285736,46
5,MCF7,4.0,A199,1,1,90.0,5,1.0,0.1499607414007187,22,0.1499607414007187,22
5,MCF7,4.0,A199,1,1,90.0,5,1.1,0.17622582614421844,20,0.17622582614421844,20
5,MCF7,4.0,A199,1,1,90.0,5,1.2,0.17439566552639008,9,,9
5,MCF7,4.0,A199,1,1,90.0,5,1.3,0.17818200588226318,6,,6
5,MCF7,4.0,A199,1,1,90.0,5,1.4,0.16233815252780914,7,,7
5,MCF7,4.0,A199,1,1,90.0,5,1.5,,2,,2
5,MCF7,4.0,A199,1,1,90.0,5,1.6,,0,,0
6,MCF7,4.0,A199,1,1,90.0,6,0.6,0.08029642701148987,27,0.07801330834627151,105
6,MCF7,4.0,A199,1,1,90.0,6,0.7,0.08574733138084412,184,0.09303580969572067,1304
6,MCF7,4.0,A199,1,1,90.0,6,0.8,0.09655658900737762,101,0.11348883807659149,2219
6,MCF7,4.0,A199,1,1,90.0,6,0.9,0.10152075439691544,83,0.13065528869628906,2404
6,MCF7,4.0,A199,1,1,90.0,6,1.0,0.11661582440137863,159,0.1416218876838684,1413
6,MCF7,4.0,A199,1,1,90.0,6,1.1,0.12755721807479858,210,0.1646704077720642,858
6,MCF7,4.0,A199,1,1,90.0,6,1.2,0.13914994895458221,179,0.20624671876430511,840
6,MCF7,4.0,A199,1,1,90.0,6,1.3,0.15799137949943542,211,0.2118748128414154,778
6,MCF7,4.0,A199,1,1,90.0,6,1.4,0.1809404194355011,265,0.21241773664951324,655
6,MCF7,4.0,A199,1,1,90.0,6,1.5,0.18864476680755615,298,0.2043999880552292,448
6,MCF7,4.0,A199,1,1,90.0,6,1.6,0.20310668647289276,290,0.2083066999912262,331
6,MCF7,4.0,A199,1,1,90.0,6,1.7,0.2106499969959259,355,0.21166065335273743,362
6,MCF7,4.0,A199,1,1,90.0,6,1.8,0.21572145819664001,427,0.21617285907268524,431
6,MCF7,4.0,A199,1,1,90.0,6,1.9,0.23493918776512146,388,0.23493918776512146,388
6,MCF7,4.0,A199,1,1,90.0,6,2.0,0.24716295301914215,408,0.24716295301914215,408
6,MCF7,4.0,A199,1,1,90.0,6,2.1,0.25525617599487305,271,0.25525617599487305,271
6,MCF7,4.0,A199,1,1,90.0,6,2.2,0.2593579590320587,134,0.2593579590320587,134
6,MCF7,4.0,A199,1,1,90.0,6,2.3,0.2601625323295593,76,0.2601625323295593,76
6,MCF7,4.0,A199,1,1,90.0,6,2.4,0.2764699161052704,68,0.2764699161052704,68
6,MCF7,4.0,A199,1,1,90.0,6,2.5,0.27882951498031616,36,0.27882951498031616,36
6,MCF7,4.0,A199,1,1,90.0,6,2.6,0.28070494532585144,7,,7
6,MCF7,4.0,A199,1,1,90.0,6,2.7,,0,,0
7,MCF7,4.0,A199,1,1,90.0,7,0.5,,0,,2
7,MCF7,4.0,A199,1,1,90.0,7,0.6,0.08991144597530365,9,0.08427470177412033,134
7,MCF7,4.0,A199,1,1,90.0,7,0.7,0.09711671620607376,240,0.09691840410232544,928
7,MCF7,4.0,A199,1,1,90.0,7,0.8,0.10763053596019745,704,0.10713322460651398,2146
7,MCF7,4.0,A199,1,1,90.0,7,0.9,0.11543793976306915,725,0.11813724040985107,2279
7,MCF7,4.0,A199,1,1,90.0,7,1.0,0.1272711455821991,602,0.13117073476314545,2005
7,MCF7,4.0,A199,1,1,90.0,7,1.1,0.13585063815116882,314,0.14391514658927917,1570
7,MCF7,4.0,A199,1,1,90.0,7,1.2,0.14677444100379944,129,0.15052209794521332,1019
7,MCF7,4.0,A199,1,1,90.0,7,1.3,0.1556694358587265,100,0.15826958417892456,666
7,MCF7,4.0,A199,1,1,90.0,7,1.4,0.16658499836921692,79,0.16494999825954437,335
7,MCF7,4.0,A199,1,1,90.0,7,1.5,0.1767960786819458,65,0.17659816145896912,151
7,MCF7,4.0,A199,1,1,90.0,7,1.6,0.202236607670784,40,0.20116326212882996,56
7,MCF7,4.0,A199,1,1,90.0,7,1.7,0.20667092502117157,45,0.20667092502117157,45
7,MCF7,4.0,A199,1,1,90.0,7,1.8,0.20432181656360626,40,0.20432181656360626,40
7,MCF7,4.0,A199,1,1,90.0,7,1.9,0.21019774675369263,25,0.21019774675369263,25
7,MCF7,4.0,A199,1,1,90.0,7,2.0,0.19446399807929993,19,0.19446399807929993,19
7,MCF7,4.0,A199,1,1,90.0,7,2.1,0.20374895632266998,23,0.20374895632266998,23
7,MCF7,4.0,A199,1,1,90.0,7,2.2,0.18089312314987183,19,0.18089312314987183,19
7,MCF7,4.0,A199,1,1,90.0,7,2.3,0.19594313204288483,13,0.19594313204288483,13
7,MCF7,4.0,A199,1,1,90.0,7,2.4,0.18824824690818787,28,0.18824824690818787,28
7,MCF7,4.0,A199,1,1,90.0,7,2.5,0.20330511033535004,17,0.20330511033535004,17
7,MCF7,4.0,A199,1,1,90.0,7,2.6,0.19083990156650543,17,0.19083990156650543,17
7,MCF7,4.0,A199,1,1,90.0,7,2.7,0.18616224825382233,11,0.18616224825382233,11
7,MCF7,4.0,A199,1,1,90.0,7,2.8,,3,,3
7,MCF7,4.0,A199,1,1,90.0,7,2.9,,1,,1
8,MCF7,4.0,A199,1,1,90.0,8,0.5,,2,,2
8,MCF7,4.0,A199,1,1,90.0,8,0.6,0.09749864786863327,413,0.09281807392835617,745
8,MCF7,4.0,A199,1,1,90.0,8,0.7,0.10982223600149155,913,0.10309437662363052,2324
8,MCF7,4.0,A199,1,1,90.0,8,0.8,0.12354228645563126,473,0.12247201800346375,1705
8,MCF7,4.0,A199,1,1,90.0,8,0.9,0.13644544780254364,437,0.1579844355583191,1740
8,MCF7,4.0,A199,1,1,90.0,8,1.0,0.1519019603729248,364,0.18499812483787537,1462
8,MCF7,4.0,A199,1,1,90.0,8,1.1,0.16540798544883728,407,0.18753018975257874,1034
8,MCF7,4.0,A199,1,1,90.0,8,1.2,0.17244862020015717,498,0.18402895331382751,704
8,MCF7,4.0,A199,1,1,90.0,8,1.3,0.18070313334465027,457,0.1851496696472168,519
8,MCF7,4.0,A199,1,1,90.0,8,1.4,0.1905006617307663,409,0.1935240775346756,446
8,MCF7,4.0,A199,1,1,90.0,8,1.5,0.1962832659482956,567,0.19767707586288452,581
8,MCF7,4.0,A199,1,1,90.0,8,1.6,0.2061648964881897,553,0.20660348236560822,562
8,MCF7,4.0,A199,1,1,90.0,8,1.7,0.2084014117717743,380,0.20859140157699585,384
8,MCF7,4.0,A199,1,1,90.0,8,1.8,0.21594196557998657,204,0.21674460172653198,208
8,MCF7,4.0,A199,1,1,90.0,8,1.9,0.2207154482603073,198,0.22108589112758636,199
8,MCF7,4.0,A199,1,1,90.0,8,2.0,0.22416819632053375,133,0.22416819632053375,133
8,MCF7,4.0,A199,1,1,90.0,8,2.1,0.2257658988237381,116,0.22601640224456787,117
8,MCF7,4.0,A199,1,1,90.0,8,2.2,0.22719192504882812,88,0.22719192504882812,88
8,MCF7,4.0,A199,1,1,90.0,8,2.3,0.23648414015769958,54,0.23648414015769958,54
8,MCF7,4.0,A199,1,1,90.0,8,2.4,0.23854193091392517,50,0.23854193091392517,50
8,MCF7,4.0,A199,1,1,90.0,8,2.5,0.23647050559520721,22,0.23647050559520721,22
8,MCF7,4.0,A199,1,1,90.0,8,2.6,0.2382444590330124,28,0.2382444590330124,28
8,MCF7,4.0,A199,1,1,90.0,8,2.7,0.24171164631843567,17,0.24171164631843567,17
8,MCF7,4.0,A199,1,1,90.0,8,2.8,0.24384137988090515,7,,7
8,MCF7,4.0,A199,1,1,90.0,8,2.9,0.23338143527507782,5,,5
9,MCF7,4.0,A199,1,1,90.0,9,0.7,0.0801902785897255,140,0.09166811406612396,155
9,MCF7,4.0,A199,1,1,90.0,9,0.8,0.0805533155798912,591,0.09679779410362244,781
9,MCF7,4.0,A199,1,1,90.0,9,0.9,0.08760788291692734,397,0.11216099560260773,1012
9,MCF7,4.0,A199,1,1,90.0,9,1.0,0.10210565477609634,429,0.11590542644262314,1378
9,MCF7,4.0,A199,1,1,90.0,9,1.1,0.10125094652175903,448,0.10355658084154129,1409
9,MCF7,4.0,A199,1,1,90.0,9,1.2,0.10385079681873322,523,0.10808465629816055,1282
9,MCF7,4.0,A199,1,1,90.0,9,1.3,0.10392628610134125,565,0.10896871984004974,1179
9,MCF7,4.0,A199,1,1,90.0,9,1.4,0.10302286595106125,450,0.10211797058582306,956
9,MCF7,4.0,A199,1,1,90.0,9,1.5,0.0980665311217308,402,0.09198873490095139,880
9,MCF7,4.0,A199,1,1,90.0,9,1.6,0.09782058000564575,295,0.09251970052719116,668
9,MCF7,4.0,A199,1,1,90.0,9,1.7,0.10235033929347992,244,0.09682971239089966,530
9,MCF7,4.0,A199,1,1,90.0,9,1.8,0.09746202826499939,176,0.09021425247192383,400
9,MCF7,4.0,A199,1,1,90.0,9,1.9,0.09151952713727951,123,0.08619783818721771,274
9,MCF7,4.0,A199,1,1,90.0,9,2.0,0.09078612178564072,79,0.0791550725698471,196
9,MCF7,4.0,A199,1,1,90.0,9,2.1,0.08051372319459915,68,0.07196331769227982,176
9,MCF7,4.0,A199,1,1,90.0,9,2.2,0.08013657480478287,56,0.06285563856363297,170
9,MCF7,4.0,A199,1,1,90.0,9,2.3,0.07912804931402206,46,0.06518027186393738,135
9,MCF7,4.0,A199,1,1,90.0,9,2.4,0.0794224664568901,37,0.0553845651447773,145
9,MCF7,4.0,A199,1,1,90.0,9,2.5,0.07792451977729797,31,0.06519480794668198,129
9,MCF7,4.0,A199,1,1,90.0,9,2.6,0.06740789115428925,29,0.05319143831729889,115
9,MCF7,4.0,A199,1,1,90.0,9,2.7,0.06176643818616867,15,0.05401040241122246,78
9,MCF7,4.0,A199,1,1,90.0,9,2.8,0.06953968852758408,13,0.058520786464214325,84
9,MCF7,4.0,A199,1,1,90.0,9,2.9,,4,0.05938563868403435,55
9,MCF7,4.0,A199,1,1,90.0,9,3.0,0.041730452328920364,5,0.05655530467629433,57
9,MCF7,4.0,A199,1,1,90.0,9,3.1,,0,0.06167956814169884,36
9,MCF7,4.0,A199,1,1,90.0,9,3.2,,1,0.06224476173520088,30
9,MCF7,4.0,A199,1,1,90.0,9,3.3,,2,0.05859610438346863,34
9,MCF7,4.0,A199,1,1,90.0,9,3.4,,1,0.06759820878505707,22
9,MCF7,4.0,A199,1,1,90.0,9,3.5,0.039795465767383575,5,0.059459347277879715,26
9,MCF7,4.0,A199,1,1,90.0,9,3.6,,0,0.04869455471634865,11
9,MCF7,4.0,A199,1,1,90.0,9,3.7,,0,0.08053307980298996,12
9,MCF7,4.0,A199,1,1,90.0,9,3.8,,1,0.05112247169017792,17
9,MCF7,4.0,A199,1,1,90.0,9,3.9,,0,,3
9,MCF7,4.0,A199,1,1,90.0,9,4.0,,0,,3
9,MCF7,4.0,A199,1,1,90.0,9,4.1,,3,,5
9,MCF7,4.0,A199,1,1,90.0,9,4.2,,1,,1
9,MCF7,4.0,A199,1,1,90.0,9,4.3,,3,,4
9,MCF7,4.0,A199,1,1,90.0,9,4.4,,2,,3
9,MCF7,4.0,A199,1,1,90.0,9,4.5,,0,,2
9,MCF7,4.0,A199,1,1,90.0,9,4.6,,1,,2
9,MCF7,4.0,A199,1,1,90.0,9,4.7,,2,,3
9,MCF7,4.0,A199,1,1,90.0,9,4.8,,0,,0
9,MCF7,4.0,A199,1,1,90.0,9,4.9,,1,,2
9,MCF7,4.0,A199,1,1,90.0,9,5.0,,0,,0
9,MCF7,4.0,A199,1,1,90.0,9,5.1,,1,,2
9,MCF7,4.0,A199,1,1,90.0,9,5.2,,0,,0
9,MCF7,4.0,A199,1,1,90.0,9,5.3,,0,,1
9,MCF7,4.0,A199,1,1,90.0,9,5.4,,1,,1
1,MCF7,4.0,A199,10,1,90.0,1,0.1,,0,,5
1,MCF7,4.0,A199,10,1,90.0,1,0.2,0.10437100380659103,1759,0.07620751857757568,16467
1,MCF7,4.0,A199,10,1,90.0,1,0.3,0.11345060914754868,3840,0.10815273970365524,5016
2,MCF7,4.0,A199,10,1,90.0,2,0.2,0.09247948974370956,4251,0.09033039212226868,9480
2,MCF7,4.0,A199,10,1,90.0,2,0.3,0.10082435607910156,4369,0.0983102098107338,7768
2,MCF7,4.0,A199,10,1,90.0,2,0.4,,0,,0
3,MCF7,4.0,A199,10,1,90.0,3,0.0,,0,0.0,143
3,MCF7,4.0,A199,10,1,90.0,3,0.1,,0,0.08517351746559143,93
3,MCF7,4.0,A199,10,1,90.0,3,0.2,0.07166284322738647,1223,0.08168052136898041,8802
3,MCF7,4.0,A199,10,1,90.0,3,0.3,0.07424698024988174,7341,0.08325428515672684,23362
3,MCF7,4.0,A199,10,1,90.0,3,0.4,0.08252651989459991,182,0.10029766708612442,1647
3,MCF7,4.0,A199,10,1,90.0,3,0.5,,0,0.12718768417835236,31
3,MCF7,4.0,A199,10,1,90.0,3,0.6,,0,,2
4,MCF7,4.0,A199,10,1,90.0,4,0.0,,0,0.0,156
4,MCF7,4.0,A199,10,1,90.0,4,0.1,,1,0.0815139189362526,697
4,MCF7,4.0,A199,10,1,90.0,4,0.2,0.07191388309001923,8674,0.07974134385585785,27016
4,MCF7,4.0,A199,10,1,90.0,4,0.3,0.08106600493192673,1587,0.0924263447523117,8039
4,MCF7,4.0,A199,10,1,90.0,4,0.4,,0,0.11978872120380402,198
4,MCF7,4.0,A199,10,1,90.0,4,0.5,,0,,6
4,MCF7,4.0,A199,10,1,90.0,4,0.6,,0,,0
5,MCF7,4.0,A199,10,1,90.0,5,0.6,,0,0.0710144117474556,103
5,MCF7,4.0,A199,10,1,90.0,5,0.7,0.10014288872480392,324,0.07805142551660538,5431
5,MCF7,4.0,A199,10,1,90.0,5,0.8,0.10948008298873901,5094,0.09248952567577362,20299
5,MCF7,4.0,A199,10,1,90.0,5,0.9,0.11625468730926514,463,0.09552595019340515,3729
5,MCF7,4.0,A199,10,1,90.0,5,1.0,,0,0.10306346416473389,144
5,MCF7,4.0,A199,10,1,90.0,5,1.1,,0,,6
5,MCF7,4.0,A199,10,1,90.0,5,1.2,,0,,0
6,MCF7,4.0,A199,10,1,90.0,6,0.6,,0,,1
6,MCF7,4.0,A199,10,1,90.0,6,0.7,,0,0.06956218183040619,305
6,MCF7,4.0,A199,10,1,90.0,6,0.8,0.0990905910730362,112,0.08642185479402542,5828
6,MCF7,4.0,A199,10,1,90.0,6,0.9,0.1220126822590828,4414,0.1049775555729866,16277
6,MCF7,4.0,A199,10,1,90.0,6,1.0,0.1265406608581543,1832,0.11333680152893066,4594
6,MCF7,4.0,A199,10,1,90.0,6,1.1,,2,0.11110107600688934,196
6,MCF7,4.0,A199,10,1,90.0,6,1.2,,0,0.12341301888227463,14
6,MCF7,4.0,A199,10,1,90.0,6,1.3,,0,,1
1,MCF7,4.0,A199,11,1,90.0,1,0.1,,0,0.0836019366979599,10
1,MCF7,4.0,A199,11,1,90.0,1,0.2,,0,0.08423302322626114,9853
1,MCF7,4.0,A199,11,1,90.0,1,0.3,0.10630424320697784,1180,0.09112328290939331,30093
1,MCF7,4.0,A199,11,1,90.0,1,0.4,0.11016806960105896,7818,0.10321453213691711,14800
1,MCF7,4.0,A199,11,1,90.0,1,0.5,0.10822433978319168,49,0.10229820013046265,235
1,MCF7,4.0,A199,11,1,90.0,1,0.6,,0,,1
2,MCF7,4.0,A199,11,1,90.0,2,0.2,,0,0.08542998880147934,27
2,MCF7,4.0,A199,11,1,90.0,2,0.3,,0,0.08208158612251282,1500
2,MCF7,4.0,A199,11,1,90.0,2,0.4,,0,0.09031493961811066,5754
2,MCF7,4.0,A199,11,1,90.0,2,0.5,0.11698626726865768,245,0.1019015982747078,8999
2,MCF7,4.0,A199,11,1,90.0,2,0.6,0.12307610362768173,3544,0.11474772542715073,7708
2,MCF7,4.0,A199,11,1,90.0,2,0.7,0.12231818586587906,2143,0.12006256729364395,2559
2,MCF7,4.0,A199,11,1,90.0,2,0.8,0.12203725427389145,20,0.12577232718467712,28
2,MCF7,4.0,A199,11,1,90.0,2,0.9,,0,,0
2,MCF7,4.0,A199,11,1,90.0,2,1.0,,0,,1
3,MCF7,4.0,A199,11,1,90.0,3,0.0,,0,,3
3,MCF7,4.0,A199,11,1,90.0,3,0.1,,0,,0
3,MCF7,4.0,A199,11,1,90.0,3,0.2,,0,,7
3,MCF7,4.0,A199,11,1,90.0,3,0.3,0.10627924650907516,44,0.12088949233293533,571
3,MCF7,4.0,A199,11,1,90.0,3,0.4,0.12006144225597382,1630,0.12742580473423004,4862
3,MCF7,4.0,A199,11,1,90.0,3,0.5,0.12494441121816635,1910,0.13397230207920074,4364
3,MCF7,4.0,A199,11,1,90.0,3,0.6,0.12970522046089172,159,0.14392848312854767,646
3,MCF7,4.0,A199,11,1,90.0,3,0.7,,1,0.15609239041805267,38
3,MCF7,4.0,A199,11,1,90.0,3,0.8,,0,,5
3,MCF7,4.0,A199,11,1,90.0,3,0.9,,0,,0
4,MCF7,4.0,A199,11,1,90.0,4,0.4,0.10706777125597,43,0.11144233494997025,60
4,MCF7,4.0,A199,11,1,90.0,4,0.5,0.11020255088806152,352,0.11596020311117172,542
4,MCF7,4.0,A199,11,1,90.0,4,0.6,0.10901981592178345,422,0.10864774882793427,1004
4,MCF7,4.0,A199,11,1,90.0,4,0.7,0.10519092530012131,506,0.10608193278312683,2253
4,MCF7,4.0,A199,11,1,90.0,4,0.8,0.1046050488948822,1186,0.10750240832567215,4241
4,MCF7,4.0,A199,11,1,90.0,4,0.9,0.10606198012828827,1658,0.11000172793865204,4141
4,MCF7,4.0,A199,11,1,90.0,4,1.0,0.10940109938383102,1209,0.11346688121557236,2347
4,MCF7,4.0,A199,11,1,90.0,4,1.1,0.11088292300701141,633,0.11552164703607559,1007
4,MCF7,4.0,A199,11,1,90.0,4,1.2,0.11115308851003647,284,0.11415877938270569,411
4,MCF7,4.0,A199,11,1,90.0,4,1.3,0.11016916483640671,74,0.11372849345207214,120
4,MCF7,4.0,A199,11,1,90.0,4,1.4,0.10980794578790665,23,0.1214166060090065,39
4,MCF7,4.0,A199,11,1,90.0,4,1.5,,4,,9
4,MCF7,4.0,A199,11,1,90.0,4,1.6,,0,,2
4,MCF7,4.0,A199,11,1,90.0,4,1.7,,0,,0
5,MCF7,4.0,A199,11,1,90.0,5,0.6,,0,0.08598429709672928,11
5,MCF7,4.0,A199,11,1,90.0,5,0.7,0.11187084764242172,221,0.09470817446708679,837
5,MCF7,4.0,A199,11,1,90.0,5,0.8,0.11663925647735596,1987,0.10769316554069519,5552
5,MCF7,4.0,A199,11,1,90.0,5,0.9,0.11801449209451675,1850,0.11787104606628418,6295
5,MCF7,4.0,A199,11,1,90.0,5,1.0,0.12482664734125137,1914,0.13185076415538788,5348
5,MCF7,4.0,A199,11,1,90.0,5,1.1,0.13759154081344604,1132,0.14394177496433258,2856
5,MCF7,4.0,A199,11,1,90.0,5,1.2,0.14990872144699097,229,0.15526838600635529,679
5,MCF7,4.0,A199,11,1,90.0,5,1.3,0.16132132709026337,51,0.1628357470035553,111
5,MCF7,4.0,A199,11,1,90.0,5,1.4,0.157440647482872,12,0.16432353854179382,18
5,MCF7,4.0,A199,11,1,90.0,5,1.5,0.16285273432731628,10,0.1663762778043747,13
5,MCF7,4.0,A199,11,1,90.0,5,1.6,0.16228905320167542,7,,8
5,MCF7,4.0,A199,11,1,90.0,5,1.7,,0,,0
6,MCF7,4.0,A199,11,1,90.0,6,0.5,,0,,1
6,MCF7,4.0,A199,11,1,90.0,6,0.6,0.10945785790681839,172,0.11055047810077667,207
6,MCF7,4.0,A199,11,1,90.0,6,0.7,0.11417235434055328,3084,0.11490368098020554,4036
6,MCF7,4.0,A199,11,1,90.0,6,0.8,0.11612740159034729,1191,0.11644983291625977,3617
6,MCF7,4.0,A199,11,1,90.0,6,0.9,0.1050853505730629,24,0.12009405344724655,1405
6,MCF7,4.0,A199,11,1,90.0,6,1.0,,0,0.12542173266410828,543
6,MCF7,4.0,A199,11,1,90.0,6,1.1,,0,0.1338668167591095,126
6,MCF7,4.0,A199,11,1,90.0,6,1.2,,0,0.14872778952121735,29
6,MCF7,4.0,A199,11,1,90.0,6,1.3,,0,,4
1,MCF7,4.0,A199,12,1,90.0,1,0.2,0.08130744844675064,5179,0.07014427334070206,18061
1,MCF7,4.0,A199,12,1,90.0,1,0.3,0.08022931963205338,2492,0.07233034819364548,10204
1,MCF7,4.0,A199,12,1,90.0,1,0.4,,0,,7
1,MCF7,4.0,A199,12,1,90.0,1,0.5,,0,,0
2,MCF7,4.0,A199,12,1,90.0,2,0.0,,0,0.0,23
2,MCF7,4.0,A199,12,1,90.0,2,0.1,,0,,1
2,MCF7,4.0,A199,12,1,90.0,2,0.2,0.07412704825401306,257,0.07860063016414642,1505
2,MCF7,4.0,A199,12,1,90.0,2,0.3,0.08174707740545273,2345,0.08831338584423065,10541
2,MCF7,4.0,A199,12,1,90.0,2,0.4,0.08681725710630417,210,0.10219340771436691,2846
2,MCF7,4.0,A199,12,1,90.0,2,0.5,,0,0.11860169470310211,198
2,MCF7,4.0,A199,12,1,90.0,2,0.6,,0,,6
2,MCF7,4.0,A199,12,1,90.0,2,0.7,,0,,0
3,MCF7,4.0,A199,12,1,90.0,3,0.2,,0,0.07105554640293121,891
3,MCF7,4.0,A199,12,1,90.0,3,0.3,,4,0.08698852360248566,20453
3,MCF7,4.0,A199,12,1,90.0,3,0.4,0.13395056128501892,4716,0.12344086915254593,18040
3,MCF7,4.0,A199,12,1,90.0,3,0.5,0.14561587572097778,8888,0.14495304226875305,10329
3,MCF7,4.0,A199,12,1,90.0,3,0.6,0.1518237143754959,980,0.15206530690193176,991
3,MCF7,4.0,A199,12,1,90.0,3,0.7,,0,,0
4,MCF7,4.0,A199,12,1,90.0,4,0.3,,0,0.10219404101371765,95
4,MCF7,4.0,A199,12,1,90.0,4,0.4,0.1225333958864212,129,0.11139155179262161,2105
4,MCF7,4.0,A199,12,1,90.0,4,0.5,0.1311752051115036,3574,0.12745924293994904,8787
4,MCF7,4.0,A199,12,1,90.0,4,0.6,0.1383749097585678,3669,0.1383102685213089,5953
4,MCF7,4.0,A199,12,1,90.0,4,0.7,0.1359700858592987,203,0.1452174037694931,424
4,MCF7,4.0,A199,12,1,90.0,4,0.8,,4,0.1231013610959053,11
4,MCF7,4.0,A199,12,1,90.0,4,0.9,,0,,1
4,MCF7,4.0,A199,12,1,90.0,4,1.0,,0,,0
5,MCF7,4.0,A199,12,1,90.0,5,0.5,,0,0.07330696284770966,74
5,MCF7,4.0,A199,12,1,90.0,5,0.6,0.087888203561306,279,0.08233940601348877,3019
5,MCF7,4.0,A199,12,1,90.0,5,0.7,0.0974297821521759,2763,0.09389194846153259,9585
5,MCF7,4.0,A199,12,1,90.0,5,0.8,0.10516610741615295,2119,0.10315236449241638,4086
5,MCF7,4.0,A199,12,1,90.0,5,0.9,0.11270646005868912,202,0.10996382683515549,345
5,MCF7,4.0,A199,12,1,90.0,5,1.0,0.10992803424596786,30,0.10919401049613953,32
5,MCF7,4.0,A199,12,1,90.0,5,1.1,0.11854226142168045,8,,9
5,MCF7,4.0,A199,12,1,90.0,5,1.2,,2,,2
6,MCF7,4.0,A199,12,1,90.0,6,0.4,,0,,2
6,MCF7,4.0,A199,12,1,90.0,6,0.5,,2,0.09502582252025604,261
6,MCF7,4.0,A199,12,1,90.0,6,0.6,0.10511293262243271,673,0.1019163429737091,5018
6,MCF7,4.0,A199,12,1,90.0,6,0.7,0.10804715007543564,5803,0.10723646730184555,18185
6,MCF7,4.0,A199,12,1,90.0,6,0.8,0.10733848810195923,2333,0.11163077503442764,7292
6,MCF7,4.0,A199,12,1,90.0,6,0.9,0.10333452373743057,59,0.11932744085788727,551
6,MCF7,4.0,A199,12,1,90.0,6,1.0,,1,0.13054661452770233,33
6,MCF7,4.0,A199,12,1,90.0,6,1.1,,0,,2
7,MCF7,4.0,A199,12,1,90.0,7,0.3,,0,0.08326616138219833,14
7,MCF7,4.0,A199,12,1,90.0,7,0.4,0.07812932878732681,69,0.08317271620035172,1705
7,MCF7,4.0,A199,12,1,90.0,7,0.5,0.08696948736906052,1461,0.0921773687005043,7987
7,MCF7,4.0,A199,12,1,90.0,7,0.6,0.09988388419151306,3319,0.10205311328172684,7326
7,MCF7,4.0,A199,12,1,90.0,7,0.7,0.11026231199502945,1299,0.1124197393655777,2081
7,MCF7,4.0,A199,12,1,90.0,7,0.8,0.11886963993310928,243,0.12037691473960876,301
7,MCF7,4.0,A199,12,1,90.0,7,0.9,0.12028633803129196,27,0.12170089036226273,30
7,MCF7,4.0,A199,12,1,90.0,7,1.0,0.13118208944797516,12,0.13118208944797516,12
7,MCF7,4.0,A199,12,1,90.0,7,1.1,,0,,0
8,MCF7,4.0,A199,12,1,90.0,8,0.0,,0,0.0,94
8,MCF7,4.0,A199,12,1,90.0,8,0.1,,0,,0
8,MCF7,4.0,A199,12,1,90.0,8,0.2,0.09618300944566727,11,0.10512736439704895,173
8,MCF7,4.0,A199,12,1,90.0,8,0.3,0.09661143273115158,874,0.10797498375177383,3026
8,MCF7,4.0,A199,12,1,90.0,8,0.4,0.1060117706656456,4190,0.11812357604503632,8198
8,MCF7,4.0,A199,12,1,90.0,8,0.5,0.1134391725063324,1698,0.13062196969985962,3576
8,MCF7,4.0,A199,12,1,90.0,8,0.6,0.12304522842168808,98,0.15642961859703064,429
8,MCF7,4.0,A199,12,1,90.0,8,0.7,,1,0.1698390543460846,38
8,MCF7,4.0,A199,12,1,90.0,8,0.8,,0,,1
8,MCF7,4.0,A199,12,1,90.0,8,0.9,,0,,1
1,MCF7,4.0,A199,13,1,90.0,1,0.2,,0,,1
1,MCF7,4.0,A199,13,1,90.0,1,0.3,0.10091780871152878,171,0.09915400296449661,3533
1,MCF7,4.0,A199,13,1,90.0,1,0.4,0.10427434742450714,6008,0.10094402730464935,15013
1,MCF7,4.0,A199,13,1,90.0,1,0.5,0.10926861315965652,223,0.104031041264534,492
1,MCF7,4.0,A199,13,1,90.0,1,0.6,,0,,1
2,MCF7,4.0,A199,13,1,90.0,2,0.2,,0,,1
2,MCF7,4.0,A199,13,1,90.0,2,0.3,0.1146273985505104,201,0.09667710959911346,6044
2,MCF7,4.0,A199,13,1,90.0,2,0.4,0.10802862793207169,4458,0.10169940441846848,13872
2,MCF7,4.0,A199,13,1,90.0,2,0.5,,0,0.1255045235157013,19
3,MCF7,4.0,A199,13,1,90.0,3,0.3,,0,,1
3,MCF7,4.0,A199,13,1,90.0,3,0.4,0.09836147725582123,371,0.09897841513156891,1758
3,MCF7,4.0,A199,13,1,90.0,3,0.5,0.11410672962665558,3017,0.1155540719628334,7781
3,MCF7,4.0,A199,13,1,90.0,3,0.6,0.13528841733932495,3994,0.13983836770057678,7842
3,MCF7,4.0,A199,13,1,90.0,3,0.7,0.1436595618724823,420,0.15276311337947845,1240
3,MCF7,4.0,A199,13,1,90.0,3,0.8,0.1344696283340454,23,0.15412870049476624,64
3,MCF7,4.0,A199,13,1,90.0,3,0.9,,2,,2
4,MCF7,4.0,A199,13,1,90.0,4,0.5,,0,,4
4,MCF7,4.0,A199,13,1,90.0,4,0.6,0.09550178050994873,12,0.12557324767112732,93
4,MCF7,4.0,A199,13,1,90.0,4,0.7,0.12095510214567184,124,0.13805030286312103,623
4,MCF7,4.0,A199,13,1,90.0,4,0.8,0.1444866806268692,865,0.14895491302013397,1934
4,MCF7,4.0,A199,13,1,90.0,4,0.9,0.15487591922283173,1812,0.15858204662799835,3252
4,MCF7,4.0,A199,13,1,90.0,4,1.0,0.1620207577943802,851,0.16698040068149567,1827
4,MCF7,4.0,A199,13,1,90.0,4,1.1,0.16787584125995636,98,0.17524324357509613,418
4,MCF7,4.0,A199,13,1,90.0,4,1.2,,2,0.18853290379047394,61
4,MCF7,4.0,A199,13,1,90.0,4,1.3,,0,,6
4,MCF7,4.0,A199,13,1,90.0,4,1.4,,0,,6
5,MCF7,4.0,A199,13,1,90.0,5,0.4,,0,0.10954643785953522,20
5,MCF7,4.0,A199,13,1,90.0,5,0.5,0.1348801553249359,181,0.12413529306650162,616
5,MCF7,4.0,A199,13,1,90.0,5,0.6,0.1328316628932953,2472,0.13450804352760315,4343
5,MCF7,4.0,A199,13,1,90.0,5,0.7,0.13422000408172607,1256,0.14463475346565247,3228
5,MCF7,4.0,A199,13,1,90.0,5,0.8,0.15496157109737396,53,0.17686119675636292,796
5,MCF7,4.0,A199,13,1,90.0,5,0.9,,0,0.19426044821739197,148
5,MCF7,4.0,A199,13,1,90.0,5,1.0,,0,0.19256030023097992,28
5,MCF7,4.0,A199,13,1,90.0,5,1.1,,0,,4
5,MCF7,4.0,A199,13,1,90.0,5,1.2,,0,,1
1,MCF7,4.0,A199,14,1,90.0,1,0.0,,0,,2
1,MCF7,4.0,A199,14,1,90.0,1,0.1,,0,,0
1,MCF7,4.0,A199,14,1,90.0,1,0.2,,0,,0
1,MCF7,4.0,A199,14,1,90.0,1,0.3,,0,,0
1,MCF7,4.0,A199,14,1,90.0,1,0.4,,0,,0
1,MCF7,4.0,A199,14,1,90.0,1,0.5,,0,,0
1,MCF7,4.0,A199,14,1,90.0,1,0.6,,0,,0
1,MCF7,4.0,A199,14,1,90.0,1,0.7,,0,,1
1,MCF7,4.0,A199,14,1,90.0,1,0.8,0.13385485112667084,71,0.1352987438440323,87
1,MCF7,4.0,A199,14,1,90.0,1,0.9,0.14371970295906067,502,0.14220689237117767,647
1,MCF7,4.0,A199,14,1,90.0,1,1.0,0.1458015888929367,1131,0.14408916234970093,1644
1,MCF7,4.0,A199,14,1,90.0,1,1.1,0.144817516207695,984,0.14382021129131317,1857
1,MCF7,4.0,A199,14,1,90.0,1,1.2,0.14432252943515778,643,0.14496725797653198,1753
1,MCF7,4.0,A199,14,1,90.0,1,1.3,0.144146129488945,335,0.14600133895874023,1350
1,MCF7,4.0,A199,14,1,90.0,1,1.4,0.14980453252792358,113,0.15616294741630554,792
1,MCF7,4.0,A199,14,1,90.0,1,1.5,0.15469571948051453,27,0.16176918148994446,447
1,MCF7,4.0,A199,14,1,90.0,1,1.6,0.1586998701095581,14,0.1587265580892563,219
1,MCF7,4.0,A199,14,1,90.0,1,1.7,,4,0.1662306934595108,114
1,MCF7,4.0,A199,14,1,90.0,1,1.8,,0,0.15366500616073608,55
1,MCF7,4.0,A199,14,1,90.0,1,1.9,,0,0.17588643729686737,36
1,MCF7,4.0,A199,14,1,90.0,1,2.0,,0,0.19339407980442047,10
1,MCF7,4.0,A199,14,1,90.0,1,2.1,,0,,4
1,MCF7,4.0,A199,14,1,90.0,1,2.2,,0,,3
1,MCF7,4.0,A199,14,1,90.0,1,2.3,,0,,1
1,MCF7,4.0,A199,14,1,90.0,1,2.4,,0,,0
1,MCF7,4.0,A199,14,1,90.0,1,2.5,,0,,0
1,MCF7,4.0,A199,14,1,90.0,1,2.6,,0,,0
1,MCF7,4.0,A199,14,1,90.0,1,2.7,,0,,0
1,MCF7,4.0,A199,14,1,90.0,1,2.8,,0,,0
1,MCF7,4.0,A199,14,1,90.0,1,2.9,,0,,1
1,MCF7,4.0,A199,14,1,90.0,1,3.0,,0,,1
2,MCF7,4.0,A199,14,1,90.0,2,0.4,,0,0.06269717961549759,35
2,MCF7,4.0,A199,14,1,90.0,2,0.5,0.09552956372499466,14,0.08649350702762604,1807
2,MCF7,4.0,A199,14,1,90.0,2,0.6,0.109122134745121,3688,0.10491388291120529,12451
2,MCF7,4.0,A199,14,1,90.0,2,0.7,0.11629479378461838,1420,0.11650437861680984,4503
2,MCF7,4.0,A199,14,1,90.0,2,0.8,,1,0.12021999806165695,183
2,MCF7,4.0,A199,14,1,90.0,2,0.9,,0,0.1278320699930191,12
2,MCF7,4.0,A199,14,1,90.0,2,1.0,,0,,1
2,MCF7,4.0,A199,14,1,90.0,2,1.1,,0,,0
3,MCF7,4.0,A199,14,1,90.0,3,0.3,0.08381467312574387,18,0.0806329995393753,178
3,MCF7,4.0,A199,14,1,90.0,3,0.4,0.09158091247081757,1078,0.09164372831583023,3351
3,MCF7,4.0,A199,14,1,90.0,3,0.5,0.09572485834360123,1412,0.09476868808269501,4134
3,MCF7,4.0,A199,14,1,90.0,3,0.6,0.09792086482048035,109,0.10211842507123947,561
3,MCF7,4.0,A199,14,1,90.0,3,0.7,,0,0.12504908442497253,16
3,MCF7,4.0,A199,14,1,90.0,3,0.8,,0,,0
1,MCF7,4.0,A199,15,1,90.0,1,0.0,,0,,2
1,MCF7,4.0,A199,15,1,90.0,1,0.1,,0,,0
1,MCF7,4.0,A199,15,1,90.0,1,0.2,,0,,0
1,MCF7,4.0,A199,15,1,90.0,1,0.3,0.07341371476650238,10,0.07341371476650238,10
1,MCF7,4.0,A199,15,1,90.0,1,0.4,0.09161566197872162,824,0.0912289097905159,913
1,MCF7,4.0,A199,15,1,90.0,1,0.5,0.1004803478717804,2204,0.09868011623620987,2752
1,MCF7,4.0,A199,15,1,90.0,1,0.6,0.11109910905361176,930,0.10431771725416183,1565
1,MCF7,4.0,A199,15,1,90.0,1,0.7,0.12284277379512787,492,0.11128813773393631,1030
1,MCF7,4.0,A199,15,1,90.0,1,0.8,0.13251981139183044,536,0.11686139553785324,1241
1,MCF7,4.0,A199,15,1,90.0,1,0.9,0.13653260469436646,283,0.12475166469812393,869
1,MCF7,4.0,A199,15,1,90.0,1,1.0,0.13889989256858826,116,0.12294134497642517,393
1,MCF7,4.0,A199,15,1,90.0,1,1.1,0.1379995048046112,18,0.12412431091070175,134
1,MCF7,4.0,A199,15,1,90.0,1,1.2,,3,0.1178465411067009,35
1,MCF7,4.0,A199,15,1,90.0,1,1.3,,0,,9
1,MCF7,4.0,A199,15,1,90.0,1,1.4,,0,,4
1,MCF7,4.0,A199,15,1,90.0,1,1.5,,0,,1
1,MCF7,4.0,A199,15,1,90.0,1,1.6,,0,,1
1,MCF7,4.0,A199,15,1,90.0,1,1.7,,0,,0
1,MCF7,4.0,A199,15,1,90.0,1,1.8,,0,,1
1,MCF7,4.0,A199,15,1,90.0,1,1.9,,0,,0
2,MCF7,4.0,A199,15,1,90.0,2,0.4,0.12654198706150055,93,0.1337251216173172,167
2,MCF7,4.0,A199,15,1,90.0,2,0.5,0.1150929257273674,761,0.10568621009588242,5094
2,MCF7,4.0,A199,15,1,90.0,2,0.6,0.11293486505746841,3380,0.10818063467741013,15341
2,MCF7,4.0,A199,15,1,90.0,2,0.7,0.11950813233852386,3066,0.11748600006103516,3910
2,MCF7,4.0,A199,15,1,90.0,2,0.8,0.12433580309152603,787,0.12434601038694382,793
2,MCF7,4.0,A199,15,1,90.0,2,0.9,0.1261676400899887,79,0.1261676400899887,79
2,MCF7,4.0,A199,15,1,90.0,2,1.0,0.1282602995634079,21,0.1282602995634079,21
2,MCF7,4.0,A199,15,1,90.0,2,1.1,,3,,3
2,MCF7,4.0,A199,15,1,90.0,2,1.2,,0,,0
3,MCF7,4.0,A199,15,1,90.0,3,0.4,0.1270691454410553,8,0.13203154504299164,52
3,MCF7,4.0,A199,15,1,90.0,3,0.5,0.14320048689842224,4159,0.14196214079856873,7527
3,MCF7,4.0,A199,15,1,90.0,3,0.6,0.1494797170162201,2034,0.14890116453170776,5526
3,MCF7,4.0,A199,15,1,90.0,3,0.7,0.16590125858783722,11,0.1583477407693863,175
3,MCF7,4.0,A199,15,1,90.0,3,0.8,,0,,0
4,MCF7,4.0,A199,15,1,90.0,4,0.2,0.0822996124625206,23,0.07711029052734375,185
4,MCF7,4.0,A199,15,1,90.0,4,0.3,0.08803445100784302,5528,0.08847284317016602,11749
4,MCF7,4.0,A199,15,1,90.0,4,0.4,0.09893492609262466,13,0.09710653126239777,226
5,MCF7,4.0,A199,15,1,90.0,5,0.2,,0,0.08478538691997528,9258
5,MCF7,4.0,A199,15,1,90.0,5,0.3,0.1223321259021759,6061,0.0996178388595581,35798
5,MCF7,4.0,A199,15,1,90.0,5,0.4,0.1386052817106247,1500,0.13721367716789246,1648
5,MCF7,4.0,A199,15,1,90.0,5,0.5,,0,,0
6,MCF7,4.0,A199,15,1,90.0,6,0.2,,0,0.07078248262405396,16
6,MCF7,4.0,A199,15,1,90.0,6,0.3,0.07991541922092438,1081,0.07962176203727722,4759
6,MCF7,4.0,A199,15,1,90.0,6,0.4,0.08740938454866409,8741,0.08795394003391266,16178
6,MCF7,4.0,A199,15,1,90.0,6,0.5,0.09737007319927216,121,0.10198133438825607,484
6,MCF7,4.0,A199,15,1,90.0,6,0.6,,0,,3
1,MCF7,4.0,A199,16,1,90.0,1,0.3,0.11179300397634506,10,0.11711356043815613,125
1,MCF7,4.0,A199,16,1,90.0,1,0.4,0.12848281860351562,4569,0.13018813729286194,13798
1,MCF7,4.0,A199,16,1,90.0,1,0.5,0.14473025500774384,12119,0.14456048607826233,20432
1,MCF7,4.0,A199,16,1,90.0,1,0.6,0.15224693715572357,545,0.15337008237838745,843
1,MCF7,4.0,A199,16,1,90.0,1,0.7,,0,,2
2,MCF7,4.0,A199,16,1,90.0,2,0.3,,0,0.1015801727771759,329
2,MCF7,4.0,A199,16,1,90.0,2,0.4,0.11331808567047119,3738,0.1114538311958313,15523
2,MCF7,4.0,A199,16,1,90.0,2,0.5,0.11849620938301086,6067,0.1176133081316948,12900
2,MCF7,4.0,A199,16,1,90.0,2,0.6,0.12534986436367035,8,0.11919260025024414,80
2,MCF7,4.0,A199,16,1,90.0,2,0.7,,0,,0
3,MCF7,4.0,A199,16,1,90.0,3,0.3,,1,,2
3,MCF7,4.0,A199,16,1,90.0,3,0.4,0.0809711143374443,44,0.08151497691869736,193
3,MCF7,4.0,A199,16,1,90.0,3,0.5,0.08782381564378738,1160,0.08758648484945297,4642
3,MCF7,4.0,A199,16,1,90.0,3,0.6,0.09676530212163925,3987,0.09388748556375504,11307
3,MCF7,4.0,A199,16,1,90.0,3,0.7,0.10153315216302872,1931,0.09833074361085892,4347
3,MCF7,4.0,A199,16,1,90.0,3,0.8,0.10277670621871948,377,0.10256876796483994,677
3,MCF7,4.0,A199,16,1,90.0,3,0.9,0.10514485090970993,130,0.10886131227016449,153
3,MCF7,4.0,A199,16,1,90.0,3,1.0,0.11131753772497177,45,0.11206301301717758,47
3,MCF7,4.0,A199,16,1,90.0,3,1.1,0.09848332405090332,23,0.09952733665704727,24
4,MCF7,4.0,A199,16,1,90.0,4,0.2,,0,,3
4,MCF7,4.0,A199,16,1,90.0,4,0.3,0.10687340795993805,446,0.1079205721616745,2163
4,MCF7,4.0,A199,16,1,90.0,4,0.4,0.12015838921070099,7617,0.12169970571994781,17591
4,MCF7,4.0,A199,16,1,90.0,4,0.5,0.13857927918434143,1619,0.14042972028255463,3847
4,MCF7,4.0,A199,16,1,90.0,4,0.6,0.14948032796382904,56,0.15527574717998505,155
4,MCF7,4.0,A199,16,1,90.0,4,0.7,,0,,1
5,MCF7,4.0,A199,16,1,90.0,5,0.2,,0,0.09130053967237473,13
5,MCF7,4.0,A199,16,1,90.0,5,0.3,0.09951017796993256,324,0.101329505443573,1877
5,MCF7,4.0,A199,16,1,90.0,5,0.4,0.11546969413757324,2173,0.12013525515794754,5709
5,MCF7,4.0,A199,16,1,90.0,5,0.5,0.12525080144405365,738,0.13326995074748993,1266
5,MCF7,4.0,A199,16,1,90.0,5,0.6,0.14254829287528992,32,0.16118115186691284,78
5,MCF7,4.0,A199,16,1,90.0,5,0.7,,0,,1
1,MCF7,4.0,A199,2,1,90.0,1,0.4,0.08466602861881256,188,0.09634868055582047,700
1,MCF7,4.0,A199,2,1,90.0,1,0.5,0.09237389266490936,1491,0.09888660907745361,3981
1,MCF7,4.0,A199,2,1,90.0,1,0.6,0.09753502905368805,2050,0.09737854450941086,4200
1,MCF7,4.0,A199,2,1,90.0,1,0.7,0.10441727936267853,736,0.1048881933093071,1612
1,MCF7,4.0,A199,2,1,90.0,1,0.8,0.11132242530584335,387,0.11895982176065445,782
1,MCF7,4.0,A199,2,1,90.0,1,0.9,0.11532718688249588,252,0.13017019629478455,521
1,MCF7,4.0,A199,2,1,90.0,1,1.0,0.11813279241323471,193,0.1338929384946823,390
1,MCF7,4.0,A199,2,1,90.0,1,1.1,0.12130051851272583,138,0.13379734754562378,276
1,MCF7,4.0,A199,2,1,90.0,1,1.2,0.12957356870174408,136,0.13902626931667328,246
1,MCF7,4.0,A199,2,1,90.0,1,1.3,0.13209202885627747,132,0.1378200799226761,189
1,MCF7,4.0,A199,2,1,90.0,1,1.4,0.13919956982135773,89,0.14483323693275452,131
1,MCF7,4.0,A199,2,1,90.0,1,1.5,0.1490994393825531,50,0.1458795666694641,78
1,MCF7,4.0,A199,2,1,90.0,1,1.6,0.16493111848831177,34,0.15958571434020996,55
1,MCF7,4.0,A199,2,1,90.0,1,1.7,0.17240388691425323,30,0.1719912439584732,46
1,MCF7,4.0,A199,2,1,90.0,1,1.8,0.17815136909484863,30,0.17308072745800018,46
1,MCF7,4.0,A199,2,1,90.0,1,1.9,0.17911341786384583,29,0.17244218289852142,37
1,MCF7,4.0,A199,2,1,90.0,1,2.0,0.1845993846654892,24,0.18273387849330902,34
1,MCF7,4.0,A199,2,1,90.0,1,2.1,0.1811937689781189,20,0.1708160787820816,30
1,MCF7,4.0,A199,2,1,90.0,1,2.2,0.20380297303199768,28,0.1985224485397339,33
1,MCF7,4.0,A199,2,1,90.0,1,2.3,0.1987285315990448,15,0.1971295028924942,19
1,MCF7,4.0,A199,2,1,90.0,1,2.4,0.20078705251216888,23,0.19463743269443512,30
1,MCF7,4.0,A199,2,1,90.0,1,2.5,0.2050834745168686,17,0.19576533138751984,21
1,MCF7,4.0,A199,2,1,90.0,1,2.6,0.20548909902572632,16,0.2000262439250946,19
1,MCF7,4.0,A199,2,1,90.0,1,2.7,0.21973715722560883,12,0.21973715722560883,12
1,MCF7,4.0,A199,2,1,90.0,1,2.8,0.21773944795131683,6,,6
1,MCF7,4.0,A199,2,1,90.0,1,2.9,0.19004307687282562,7,,7
1,MCF7,4.0,A199,2,1,90.0,1,3.0,0.19942620396614075,5,,5
1,MCF7,4.0,A199,2,1,90.0,1,3.1,,4,,4
1,MCF7,4.0,A199,2,1,90.0,1,3.2,,3,,3
1,MCF7,4.0,A199,2,1,90.0,1,3.3,0.2410614788532257,8,,8
1,MCF7,4.0,A199,2,1,90.0,1,3.4,,4,,4
1,MCF7,4.0,A199,2,1,90.0,1,3.5,,3,,3
1,MCF7,4.0,A199,2,1,90.0,1,3.6,,3,,3
1,MCF7,4.0,A199,2,1,90.0,1,3.7,,4,,4
1,MCF7,4.0,A199,2,1,90.0,1,3.8,,1,,1
1,MCF7,4.0,A199,2,1,90.0,1,3.9,,0,,0
2,MCF7,4.0,A199,2,1,90.0,2,0.4,,0,0.05061895400285721,10
2,MCF7,4.0,A199,2,1,90.0,2,0.5,,2,0.054912030696868896,725
2,MCF7,4.0,A199,2,1,90.0,2,0.6,0.06456881761550903,1246,0.06621307879686356,6924
2,MCF7,4.0,A199,2,1,90.0,2,0.7,0.0743175521492958,3556,0.07580384612083435,8771
2,MCF7,4.0,A199,2,1,90.0,2,0.8,0.08583998680114746,429,0.08691631257534027,1106
2,MCF7,4.0,A199,2,1,90.0,2,0.9,0.08410296589136124,23,0.08990124613046646,60
2,MCF7,4.0,A199,2,1,90.0,2,1.0,0.07562346756458282,13,0.08366117626428604,17
2,MCF7,4.0,A199,2,1,90.0,2,1.1,,3,,3
3,MCF7,4.0,A199,2,1,90.0,3,0.4,0.02624259889125824,12,0.03126483038067818,31
3,MCF7,4.0,A199,2,1,90.0,3,0.5,0.05092952772974968,706,0.05310416221618652,1544
3,MCF7,4.0,A199,2,1,90.0,3,0.6,0.06692343205213547,2148,0.07135557383298874,5772
3,MCF7,4.0,A199,2,1,90.0,3,0.7,0.07639126479625702,1418,0.0839957445859909,5708
3,MCF7,4.0,A199,2,1,90.0,3,0.8,0.08705449849367142,1373,0.0920451208949089,3435
3,MCF7,4.0,A199,2,1,90.0,3,0.9,0.0926956832408905,1263,0.09652318805456161,1960
3,MCF7,4.0,A199,2,1,90.0,3,1.0,0.09450215846300125,716,0.09818243235349655,898
3,MCF7,4.0,A199,2,1,90.0,3,1.1,0.09659264981746674,387,0.09924768656492233,432
3,MCF7,4.0,A199,2,1,90.0,3,1.2,0.10072458535432816,175,0.10246983170509338,183
3,MCF7,4.0,A199,2,1,90.0,3,1.3,0.10219626128673553,108,0.10980118066072464,120
3,MCF7,4.0,A199,2,1,90.0,3,1.4,0.0969247817993164,84,0.10175301134586334,90
3,MCF7,4.0,A199,2,1,90.0,3,1.5,0.10355611145496368,40,0.11080688238143921,46
3,MCF7,4.0,A199,2,1,90.0,3,1.6,0.09622863680124283,24,0.1163158267736435,35
3,MCF7,4.0,A199,2,1,90.0,3,1.7,0.1048729419708252,16,0.11655756086111069,18
3,MCF7,4.0,A199,2,1,90.0,3,1.8,0.10646437108516693,13,0.1193966269493103,19
3,MCF7,4.0,A199,2,1,90.0,3,1.9,0.10939756780862808,8,0.12983843684196472,14
3,MCF7,4.0,A199,2,1,90.0,3,2.0,0.10011700540781021,5,,7
3,MCF7,4.0,A199,2,1,90.0,3,2.1,,2,,5
3,MCF7,4.0,A199,2,1,90.0,3,2.2,,2,,3
1,MCF7,4.0,A199,3,1,90.0,1,0.3,0.13370442390441895,10,0.11969232559204102,349
1,MCF7,4.0,A199,3,1,90.0,1,0.4,0.14490307867527008,4677,0.13855679333209991,12179
1,MCF7,4.0,A199,3,1,90.0,1,0.5,0.14891010522842407,438,0.14855879545211792,1864
1,MCF7,4.0,A199,3,1,90.0,1,0.6,,0,,8
1,MCF7,4.0,A199,3,1,90.0,1,0.7,,0,,0
2,MCF7,4.0,A199,3,1,90.0,2,0.3,0.11383609473705292,27,0.11644916236400604,195
2,MCF7,4.0,A199,3,1,90.0,2,0.4,0.13300678133964539,4538,0.13126665353775024,10601
2,MCF7,4.0,A199,3,1,90.0,2,0.5,0.13994824886322021,503,0.14200714230537415,1696
2,MCF7,4.0,A199,3,1,90.0,2,0.6,,0,,4
3,MCF7,4.0,A199,3,1,90.0,3,0.5,0.12428898364305496,92,0.12290194630622864,522
3,MCF7,4.0,A199,3,1,90.0,3,0.6,0.1265684813261032,1092,0.12370052933692932,3521
3,MCF7,4.0,A199,3,1,90.0,3,0.7,0.1189696416258812,971,0.11592264473438263,3107
3,MCF7,4.0,A199,3,1,90.0,3,0.8,0.12976786494255066,939,0.12452978640794754,1890
3,MCF7,4.0,A199,3,1,90.0,3,0.9,0.13779382407665253,308,0.13458475470542908,437
3,MCF7,4.0,A199,3,1,90.0,3,1.0,0.1401350200176239,28,0.1406017392873764,49
3,MCF7,4.0,A199,3,1,90.0,3,1.1,,0,0.15323622524738312,14
3,MCF7,4.0,A199,3,1,90.0,3,1.2,,0,0.16055460274219513,11
3,MCF7,4.0,A199,3,1,90.0,3,1.3,,0,,1
3,MCF7,4.0,A199,3,1,90.0,3,1.4,,0,,0
4,MCF7,4.0,A199,3,1,90.0,4,0.6,0.12102718651294708,73,0.1206052377820015,164
4,MCF7,4.0,A199,3,1,90.0,4,0.7,0.12659382820129395,1301,0.12729905545711517,3765
4,MCF7,4.0,A199,3,1,90.0,4,0.8,0.13949933648109436,1911,0.13660046458244324,8052
4,MCF7,4.0,A199,3,1,90.0,4,0.9,0.14611349999904633,1426,0.1427769809961319,4160
4,MCF7,4.0,A199,3,1,90.0,4,1.0,0.14739520847797394,1133,0.14809571206569672,1626
4,MCF7,4.0,A199,3,1,90.0,4,1.1,0.15169236063957214,660,0.15180571377277374,778
4,MCF7,4.0,A199,3,1,90.0,4,1.2,0.16098375618457794,437,0.1601831316947937,461
4,MCF7,4.0,A199,3,1,90.0,4,1.3,0.16755259037017822,189,0.1671377271413803,195
4,MCF7,4.0,A199,3,1,90.0,4,1.4,0.1699122190475464,80,0.1699122190475464,80
4,MCF7,4.0,A199,3,1,90.0,4,1.5,0.15845146775245667,39,0.15845146775245667,39
4,MCF7,4.0,A199,3,1,90.0,4,1.6,0.15506578981876373,17,0.15506578981876373,17
4,MCF7,4.0,A199,3,1,90.0,4,1.7,0.15429304540157318,7,,7
4,MCF7,4.0,A199,3,1,90.0,4,1.8,,0,,0
1,MCF7,4.0,A199,4,1,90.0,1,0.4,,0,,3
1,MCF7,4.0,A199,4,1,90.0,1,0.5,0.09277687221765518,98,0.09017045795917511,754
1,MCF7,4.0,A199,4,1,90.0,1,0.6,0.09976208209991455,321,0.10211794823408127,2058
1,MCF7,4.0,A199,4,1,90.0,1,0.7,0.11731086671352386,540,0.1222090795636177,2050
1,MCF7,4.0,A199,4,1,90.0,1,0.8,0.1333264708518982,1194,0.1449192762374878,2527
1,MCF7,4.0,A199,4,1,90.0,1,0.9,0.14591196179389954,1255,0.15843908488750458,2189
1,MCF7,4.0,A199,4,1,90.0,1,1.0,0.16429190337657928,907,0.17286284267902374,1504
1,MCF7,4.0,A199,4,1,90.0,1,1.1,0.1781214326620102,1060,0.18002869188785553,1361
1,MCF7,4.0,A199,4,1,90.0,1,1.2,0.1864648014307022,1182,0.18661938607692719,1331
1,MCF7,4.0,A199,4,1,90.0,1,1.3,0.1997278481721878,851,0.19906751811504364,924
1,MCF7,4.0,A199,4,1,90.0,1,1.4,0.20841309428215027,550,0.20744770765304565,580
1,MCF7,4.0,A199,4,1,90.0,1,1.5,0.22039887309074402,363,0.21904818713665009,395
1,MCF7,4.0,A199,4,1,90.0,1,1.6,0.2285097986459732,254,0.22780439257621765,263
1,MCF7,4.0,A199,4,1,90.0,1,1.7,0.23579901456832886,159,0.23561328649520874,161
1,MCF7,4.0,A199,4,1,90.0,1,1.8,0.2366706281900406,54,0.2382030189037323,56
1,MCF7,4.0,A199,4,1,90.0,1,1.9,0.24739296734333038,18,0.24739296734333038,18
1,MCF7,4.0,A199,4,1,90.0,1,2.0,,1,,1
1,MCF7,4.0,A199,4,1,90.0,1,2.1,,1,,1
2,MCF7,4.0,A199,4,1,90.0,2,0.5,,0,,4
2,MCF7,4.0,A199,4,1,90.0,2,0.6,,2,0.06469818204641342,45
2,MCF7,4.0,A199,4,1,90.0,2,0.7,0.09524229168891907,22,0.08431850373744965,263
2,MCF7,4.0,A199,4,1,90.0,2,0.8,0.10475511103868484,249,0.09749483317136765,1415
2,MCF7,4.0,A199,4,1,90.0,2,0.9,0.10634370148181915,751,0.10439879447221756,3400
2,MCF7,4.0,A199,4,1,90.0,2,1.0,0.1076660007238388,488,0.11089610308408737,2972
2,MCF7,4.0,A199,4,1,90.0,2,1.1,0.10499025881290436,87,0.11863108724355698,1241
2,MCF7,4.0,A199,4,1,90.0,2,1.2,0.10889670997858047,12,0.12840761244297028,333
2,MCF7,4.0,A199,4,1,90.0,2,1.3,,1,0.15198884904384613,70
2,MCF7,4.0,A199,4,1,90.0,2,1.4,,0,0.15415222942829132,12
2,MCF7,4.0,A199,4,1,90.0,2,1.5,,0,,4
2,MCF7,4.0,A199,4,1,90.0,2,1.6,,0,,1
3,MCF7,4.0,A199,4,1,90.0,3,0.3,0.07085305452346802,16,0.07085305452346802,16
3,MCF7,4.0,A199,4,1,90.0,3,0.4,0.08330574631690979,1006,0.08017713576555252,1181
3,MCF7,4.0,A199,4,1,90.0,3,0.5,0.09934848546981812,923,0.09025105088949203,2144
3,MCF7,4.0,A199,4,1,90.0,3,0.6,0.10870489478111267,1926,0.10615266859531403,4737
3,MCF7,4.0,A199,4,1,90.0,3,0.7,0.12031912803649902,2725,0.1236310601234436,7223
3,MCF7,4.0,A199,4,1,90.0,3,0.8,0.13446466624736786,1477,0.13952942192554474,4067
3,MCF7,4.0,A199,4,1,90.0,3,0.9,0.14635390043258667,1292,0.15103845298290253,2634
3,MCF7,4.0,A199,4,1,90.0,3,1.0,0.1602628529071808,1204,0.1663624495267868,2487
3,MCF7,4.0,A199,4,1,90.0,3,1.1,0.1722668558359146,1172,0.17985911667346954,2696
3,MCF7,4.0,A199,4,1,90.0,3,1.2,0.18367432057857513,806,0.190207377076149,1794
3,MCF7,4.0,A199,4,1,90.0,3,1.3,0.1930025815963745,460,0.199066162109375,846
3,MCF7,4.0,A199,4,1,90.0,3,1.4,0.2020033746957779,191,0.20410560071468353,325
3,MCF7,4.0,A199,4,1,90.0,3,1.5,0.20939482748508453,68,0.21592964231967926,122
3,MCF7,4.0,A199,4,1,90.0,3,1.6,0.2166810929775238,21,0.22334520518779755,41
3,MCF7,4.0,A199,4,1,90.0,3,1.7,,2,,5
3,MCF7,4.0,A199,4,1,90.0,3,1.8,,0,,2
4,MCF7,4.0,A199,4,1,90.0,4,0.1,0.062253016978502274,709,0.06111687049269676,1140
4,MCF7,4.0,A199,4,1,90.0,4,0.2,0.07423767447471619,4114,0.08105804026126862,7384
4,MCF7,4.0,A199,4,1,90.0,4,0.3,0.08231985569000244,9,0.10641542077064514,84
4,MCF7,4.0,A199,4,1,90.0,4,0.4,,0,,0
5,MCF7,4.0,A199,4,1,90.0,5,0.6,,0,,4
5,MCF7,4.0,A199,4,1,90.0,5,0.7,0.11661408096551895,96,0.09539808332920074,680
5,MCF7,4.0,A199,4,1,90.0,5,0.8,0.11991356313228607,8542,0.1123351901769638,20474
5,MCF7,4.0,A199,4,1,90.0,5,0.9,0.12295975536108017,1205,0.11266615986824036,16430
5,MCF7,4.0,A199,4,1,90.0,5,1.0,,0,0.11625926196575165,3250
5,MCF7,4.0,A199,4,1,90.0,5,1.1,,0,0.12258239090442657,285
5,MCF7,4.0,A199,4,1,90.0,5,1.2,,0,0.14506156742572784,12
5,MCF7,4.0,A199,4,1,90.0,5,1.3,,0,,1
6,MCF7,4.0,A199,4,1,90.0,6,0.5,,2,0.0724068135023117,25
6,MCF7,4.0,A199,4,1,90.0,6,0.6,0.0926460549235344,135,0.08369742333889008,1003
6,MCF7,4.0,A199,4,1,90.0,6,0.7,0.08934113383293152,909,0.0898401141166687,4802
6,MCF7,4.0,A199,4,1,90.0,6,0.8,0.10044027864933014,2647,0.09969166666269302,6560
6,MCF7,4.0,A199,4,1,90.0,6,0.9,0.10452135652303696,1961,0.1057378426194191,3554
6,MCF7,4.0,A199,4,1,90.0,6,1.0,0.10520202666521072,702,0.10899466276168823,1061
6,MCF7,4.0,A199,4,1,90.0,6,1.1,0.11036998778581619,328,0.11595059186220169,448
6,MCF7,4.0,A199,4,1,90.0,6,1.2,0.11191689968109131,160,0.1187390685081482,211
6,MCF7,4.0,A199,4,1,90.0,6,1.3,0.11657004058361053,92,0.12342121452093124,117
6,MCF7,4.0,A199,4,1,90.0,6,1.4,0.10551455616950989,45,0.12280812859535217,62
6,MCF7,4.0,A199,4,1,90.0,6,1.5,0.11097604036331177,24,0.13781967759132385,34
6,MCF7,4.0,A199,4,1,90.0,6,1.6,0.08984377980232239,9,0.10465677082538605,15
6,MCF7,4.0,A199,4,1,90.0,6,1.7,0.09017309546470642,12,0.10159603506326675,14
6,MCF7,4.0,A199,4,1,90.0,6,1.8,0.10548226535320282,7,0.12207769602537155,12
6,MCF7,4.0,A199,4,1,90.0,6,1.9,,1,,2
6,MCF7,4.0,A199,4,1,90.0,6,2.0,,0,,0
1,MCF7,4.0,A199,5,1,90.0,1,0.3,0.10667791962623596,553,0.10411117225885391,1354
1,MCF7,4.0,A199,5,1,90.0,1,0.4,0.12162898480892181,2926,0.11571628600358963,6920
1,MCF7,4.0,A199,5,1,90.0,1,0.5,0.1341170370578766,2889,0.1333744376897812,7832
1,MCF7,4.0,A199,5,1,90.0,1,0.6,0.14869001507759094,1198,0.1473628580570221,2359
1,MCF7,4.0,A199,5,1,90.0,1,0.7,0.15832658112049103,398,0.1575283259153366,465
1,MCF7,4.0,A199,5,1,90.0,1,0.8,0.1691954880952835,109,0.16874609887599945,110
1,MCF7,4.0,A199,5,1,90.0,1,0.9,0.16944216191768646,39,0.16944216191768646,39
1,MCF7,4.0,A199,5,1,90.0,1,1.0,0.1747363805770874,29,0.1747363805770874,29
1,MCF7,4.0,A199,5,1,90.0,1,1.1,0.1904299408197403,13,0.1904299408197403,13
1,MCF7,4.0,A199,5,1,90.0,1,1.2,0.18367032706737518,18,0.18367032706737518,18
1,MCF7,4.0,A199,5,1,90.0,1,1.3,0.16792437434196472,8,,8
1,MCF7,4.0,A199,5,1,90.0,1,1.4,0.19336014986038208,11,0.19336014986038208,11
1,MCF7,4.0,A199,5,1,90.0,1,1.5,0.17053453624248505,9,,9
1,MCF7,4.0,A199,5,1,90.0,1,1.6,0.19221282005310059,7,,7
1,MCF7,4.0,A199,5,1,90.0,1,1.7,0.1583528071641922,6,,6
1,MCF7,4.0,A199,5,1,90.0,1,1.8,,2,,2
1,MCF7,4.0,A199,5,1,90.0,1,1.9,,1,,1
1,MCF7,4.0,A199,5,1,90.0,1,2.0,,1,,1
2,MCF7,4.0,A199,5,1,90.0,2,0.0,,0,0.0,1157
2,MCF7,4.0,A199,5,1,90.0,2,0.1,,0,,0
2,MCF7,4.0,A199,5,1,90.0,2,0.2,,0,,0
2,MCF7,4.0,A199,5,1,90.0,2,0.3,,0,,0
2,MCF7,4.0,A199,5,1,90.0,2,0.4,,0,,0
2,MCF7,4.0,A199,5,1,90.0,2,0.5,,0,,1
2,MCF7,4.0,A199,5,1,90.0,2,0.6,0.12848728895187378,9,0.12862026691436768,42
2,MCF7,4.0,A199,5,1,90.0,2,0.7,0.12616115808486938,151,0.12414879351854324,351
2,MCF7,4.0,A199,5,1,90.0,2,0.8,0.12872476875782013,801,0.12779594957828522,1452
2,MCF7,4.0,A199,5,1,90.0,2,0.9,0.13476723432540894,1495,0.13521143794059753,2740
2,MCF7,4.0,A199,5,1,90.0,2,1.0,0.13642190396785736,1469,0.1399313062429428,3192
2,MCF7,4.0,A199,5,1,90.0,2,1.1,0.14053289592266083,753,0.1484319418668747,2523
2,MCF7,4.0,A199,5,1,90.0,2,1.2,0.1412838101387024,264,0.15399223566055298,1800
2,MCF7,4.0,A199,5,1,90.0,2,1.3,0.13323815166950226,57,0.1589493751525879,1195
2,MCF7,4.0,A199,5,1,90.0,2,1.4,0.12502636015415192,13,0.17302913963794708,729
2,MCF7,4.0,A199,5,1,90.0,2,1.5,,1,0.1783154308795929,414
2,MCF7,4.0,A199,5,1,90.0,2,1.6,,0,0.18861454725265503,276
2,MCF7,4.0,A199,5,1,90.0,2,1.7,,0,0.19315876066684723,164
2,MCF7,4.0,A199,5,1,90.0,2,1.8,,0,0.20864251255989075,119
2,MCF7,4.0,A199,5,1,90.0,2,1.9,,0,0.20310485363006592,54
2,MCF7,4.0,A199,5,1,90.0,2,2.0,,0,0.25049760937690735,40
2,MCF7,4.0,A199,5,1,90.0,2,2.1,,0,0.2225644290447235,28
2,MCF7,4.0,A199,5,1,90.0,2,2.2,,0,0.20446264743804932,10
2,MCF7,4.0,A199,5,1,90.0,2,2.3,,0,,9
2,MCF7,4.0,A199,5,1,90.0,2,2.4,,0,,3
2,MCF7,4.0,A199,5,1,90.0,2,2.5,,0,,4
2,MCF7,4.0,A199,5,1,90.0,2,2.6,,0,,0
2,MCF7,4.0,A199,5,1,90.0,2,2.7,,0,,0
2,MCF7,4.0,A199,5,1,90.0,2,2.8,,0,,1
2,MCF7,4.0,A199,5,1,90.0,2,2.9,,0,,0
3,MCF7,4.0,A199,5,1,90.0,3,0.0,,0,0.0,438
3,MCF7,4.0,A199,5,1,90.0,3,0.1,,0,,0
3,MCF7,4.0,A199,5,1,90.0,3,0.2,,0,,0
3,MCF7,4.0,A199,5,1,90.0,3,0.3,,0,,0
3,MCF7,4.0,A199,5,1,90.0,3,0.4,0.13140161335468292,19,0.1155681237578392,55
3,MCF7,4.0,A199,5,1,90.0,3,0.5,0.11447111517190933,343,0.11763618141412735,736
3,MCF7,4.0,A199,5,1,90.0,3,0.6,0.12048009783029556,1744,0.12536437809467316,3028
3,MCF7,4.0,A199,5,1,90.0,3,0.7,0.12858013808727264,2219,0.1316903978586197,4017
3,MCF7,4.0,A199,5,1,90.0,3,0.8,0.13551993668079376,1240,0.13968166708946228,2781
3,MCF7,4.0,A199,5,1,90.0,3,0.9,0.14454229176044464,443,0.14732588827610016,1430
3,MCF7,4.0,A199,5,1,90.0,3,1.0,0.15818040072917938,146,0.1587882936000824,648
3,MCF7,4.0,A199,5,1,90.0,3,1.1,0.15998144447803497,54,0.1696903109550476,290
3,MCF7,4.0,A199,5,1,90.0,3,1.2,0.1561850607395172,25,0.18052007257938385,123
3,MCF7,4.0,A199,5,1,90.0,3,1.3,0.1581287682056427,9,0.20722214877605438,52
3,MCF7,4.0,A199,5,1,90.0,3,1.4,,3,0.2311655879020691,22
3,MCF7,4.0,A199,5,1,90.0,3,1.5,,3,0.2236752063035965,14
3,MCF7,4.0,A199,5,1,90.0,3,1.6,,3,,8
3,MCF7,4.0,A199,5,1,90.0,3,1.7,,2,,3
3,MCF7,4.0,A199,5,1,90.0,3,1.8,,0,,1
3,MCF7,4.0,A199,5,1,90.0,3,1.9,,0,,2
3,MCF7,4.0,A199,5,1,90.0,3,2.0,,0,,0
4,MCF7,4.0,A199,5,1,90.0,4,0.0,,0,0.0,31
4,MCF7,4.0,A199,5,1,90.0,4,0.1,,0,,0
4,MCF7,4.0,A199,5,1,90.0,4,0.2,,0,,0
4,MCF7,4.0,A199,5,1,90.0,4,0.3,0.12719805538654327,28,0.14379197359085083,67
4,MCF7,4.0,A199,5,1,90.0,4,0.4,0.13606783747673035,2321,0.13846929371356964,3135
4,MCF7,4.0,A199,5,1,90.0,4,0.5,0.14565563201904297,7182,0.14916354417800903,10097
4,MCF7,4.0,A199,5,1,90.0,4,0.6,0.15435397624969482,2117,0.16254636645317078,5412
4,MCF7,4.0,A199,5,1,90.0,4,0.7,0.15720735490322113,112,0.17592066526412964,1633
4,MCF7,4.0,A199,5,1,90.0,4,0.8,,4,0.18068106472492218,526
4,MCF7,4.0,A199,5,1,90.0,4,0.9,,0,0.20365211367607117,189
4,MCF7,4.0,A199,5,1,90.0,4,1.0,,0,0.20069056749343872,37
4,MCF7,4.0,A199,5,1,90.0,4,1.1,,0,0.22546491026878357,15
4,MCF7,4.0,A199,5,1,90.0,4,1.2,,0,,9
4,MCF7,4.0,A199,5,1,90.0,4,1.3,,0,,1
5,MCF7,4.0,A199,5,1,90.0,5,0.0,,0,,4
5,MCF7,4.0,A199,5,1,90.0,5,0.1,,0,,0
5,MCF7,4.0,A199,5,1,90.0,5,0.2,,0,,0
5,MCF7,4.0,A199,5,1,90.0,5,0.3,0.11988389492034912,10,0.1337370127439499,27
5,MCF7,4.0,A199,5,1,90.0,5,0.4,0.1405799239873886,935,0.14356322586536407,1607
5,MCF7,4.0,A199,5,1,90.0,5,0.5,0.14826200902462006,2423,0.15583018958568573,5438
5,MCF7,4.0,A199,5,1,90.0,5,0.6,0.15516263246536255,504,0.16844984889030457,3905
5,MCF7,4.0,A199,5,1,90.0,5,0.7,0.16706393659114838,13,0.17995499074459076,1811
5,MCF7,4.0,A199,5,1,90.0,5,0.8,,0,0.1929992437362671,711
5,MCF7,4.0,A199,5,1,90.0,5,0.9,,0,0.21623586118221283,184
5,MCF7,4.0,A199,5,1,90.0,5,1.0,,0,0.20564842224121094,50
5,MCF7,4.0,A199,5,1,90.0,5,1.1,,0,0.21458961069583893,15
5,MCF7,4.0,A199,5,1,90.0,5,1.2,,0,,3
5,MCF7,4.0,A199,5,1,90.0,5,1.3,,0,,4
5,MCF7,4.0,A199,5,1,90.0,5,1.4,,0,,0
5,MCF7,4.0,A199,5,1,90.0,5,1.5,,0,,0
5,MCF7,4.0,A199,5,1,90.0,5,1.6,,0,,1
5,MCF7,4.0,A199,5,1,90.0,5,1.7,,0,,0
1,MCF7,4.0,A199,6,1,90.0,1,0.0,,0,0.0,827
1,MCF7,4.0,A199,6,1,90.0,1,0.1,,0,,0
1,MCF7,4.0,A199,6,1,90.0,1,0.2,,0,,0
1,MCF7,4.0,A199,6,1,90.0,1,0.3,,0,0.14368963241577148,21
1,MCF7,4.0,A199,6,1,90.0,1,0.4,0.11085342615842819,17,0.13939031958580017,290
1,MCF7,4.0,A199,6,1,90.0,1,0.5,0.11746291816234589,582,0.1379314810037613,1995
1,MCF7,4.0,A199,6,1,90.0,1,0.6,0.12059250473976135,2875,0.13374418020248413,6017
1,MCF7,4.0,A199,6,1,90.0,1,0.7,0.12616465985774994,3314,0.13867884874343872,6633
1,MCF7,4.0,A199,6,1,90.0,1,0.8,0.12630011141300201,1271,0.14815455675125122,3494
1,MCF7,4.0,A199,6,1,90.0,1,0.9,0.12592776119709015,256,0.16260068118572235,1300
1,MCF7,4.0,A199,6,1,90.0,1,1.0,0.10711222887039185,25,0.17027324438095093,409
1,MCF7,4.0,A199,6,1,90.0,1,1.1,,3,0.1915525496006012,139
1,MCF7,4.0,A199,6,1,90.0,1,1.2,,0,0.19984418153762817,47
1,MCF7,4.0,A199,6,1,90.0,1,1.3,,0,0.21224553883075714,17
1,MCF7,4.0,A199,6,1,90.0,1,1.4,,0,,6
1,MCF7,4.0,A199,6,1,90.0,1,1.5,,0,,1
1,MCF7,4.0,A199,6,1,90.0,1,1.6,,0,,1
1,MCF7,4.0,A199,6,1,90.0,1,1.7,,0,,2
1,MCF7,4.0,A199,6,1,90.0,1,1.8,,0,,1
2,MCF7,4.0,A199,6,1,90.0,2,0.0,,0,0.0,7827
2,MCF7,4.0,A199,6,1,90.0,2,0.1,,0,,1
2,MCF7,4.0,A199,6,1,90.0,2,0.2,,0,0.10970096290111542,218
2,MCF7,4.0,A199,6,1,90.0,2,0.3,0.0420413613319397,19,0.09045297652482986,2405
2,MCF7,4.0,A199,6,1,90.0,2,0.4,0.058995578438043594,1110,0.07834599912166595,9294
2,MCF7,4.0,A199,6,1,90.0,2,0.5,0.06576402485370636,5434,0.07715507596731186,16009
2,MCF7,4.0,A199,6,1,90.0,2,0.6,0.0712616816163063,2726,0.08412237465381622,8215
2,MCF7,4.0,A199,6,1,90.0,2,0.7,0.07187094539403915,192,0.10067834705114365,1782
2,MCF7,4.0,A199,6,1,90.0,2,0.8,,4,0.12517353892326355,379
2,MCF7,4.0,A199,6,1,90.0,2,0.9,,0,0.15747898817062378,88
2,MCF7,4.0,A199,6,1,90.0,2,1.0,,0,0.20556877553462982,16
2,MCF7,4.0,A199,6,1,90.0,2,1.1,,0,,3
2,MCF7,4.0,A199,6,1,90.0,2,1.2,,0,,1
2,MCF7,4.0,A199,6,1,90.0,2,1.3,,0,,1
2,MCF7,4.0,A199,6,1,90.0,2,1.4,,0,,0
2,MCF7,4.0,A199,6,1,90.0,2,1.5,,0,,1
3,MCF7,4.0,A199,6,1,90.0,3,0.0,,0,0.0,53
3,MCF7,4.0,A199,6,1,90.0,3,0.1,,0,,0
3,MCF7,4.0,A199,6,1,90.0,3,0.2,,0,,0
3,MCF7,4.0,A199,6,1,90.0,3,0.3,,0,0.10247737169265747,35
3,MCF7,4.0,A199,6,1,90.0,3,0.4,0.10193448513746262,232,0.10304002463817596,972
3,MCF7,4.0,A199,6,1,90.0,3,0.5,0.09811270236968994,1765,0.10434731096029282,5471
3,MCF7,4.0,A199,6,1,90.0,3,0.6,0.09930989146232605,3145,0.10559473186731339,8590
3,MCF7,4.0,A199,6,1,90.0,3,0.7,0.10081705451011658,1570,0.10666695982217789,5417
3,MCF7,4.0,A199,6,1,90.0,3,0.8,0.09683198481798172,518,0.10720030963420868,2240
3,MCF7,4.0,A199,6,1,90.0,3,0.9,0.09860903769731522,253,0.11482474952936172,882
3,MCF7,4.0,A199,6,1,90.0,3,1.0,0.09304402023553848,189,0.11445658653974533,409
3,MCF7,4.0,A199,6,1,90.0,3,1.1,0.08519741147756577,96,0.10674065351486206,152
3,MCF7,4.0,A199,6,1,90.0,3,1.2,0.0820142924785614,54,0.10220599174499512,72
3,MCF7,4.0,A199,6,1,90.0,3,1.3,0.07936683297157288,18,0.09384838491678238,19
3,MCF7,4.0,A199,6,1,90.0,3,1.4,0.08192498236894608,16,0.08192498236894608,16
3,MCF7,4.0,A199,6,1,90.0,3,1.5,0.08843725174665451,10,0.1131545677781105,12
3,MCF7,4.0,A199,6,1,90.0,3,1.6,0.07265298068523407,8,,8
3,MCF7,4.0,A199,6,1,90.0,3,1.7,0.07144787162542343,11,0.07144787162542343,11
3,MCF7,4.0,A199,6,1,90.0,3,1.8,0.05522812157869339,7,,7
3,MCF7,4.0,A199,6,1,90.0,3,1.9,0.05669499188661575,8,,8
3,MCF7,4.0,A199,6,1,90.0,3,2.0,,4,,4
3,MCF7,4.0,A199,6,1,90.0,3,2.1,,3,,3
3,MCF7,4.0,A199,6,1,90.0,3,2.2,,1,,1
3,MCF7,4.0,A199,6,1,90.0,3,2.3,,2,,2
4,MCF7,4.0,A199,6,1,90.0,4,0.0,,0,0.0,4398
4,MCF7,4.0,A199,6,1,90.0,4,0.1,,0,,0
4,MCF7,4.0,A199,6,1,90.0,4,0.2,,0,,1
4,MCF7,4.0,A199,6,1,90.0,4,0.3,,0,,2
4,MCF7,4.0,A199,6,1,90.0,4,0.4,,0,0.14562921226024628,32
4,MCF7,4.0,A199,6,1,90.0,4,0.5,,0,0.1223926693201065,214
4,MCF7,4.0,A199,6,1,90.0,4,0.6,,0,0.11084986478090286,811
4,MCF7,4.0,A199,6,1,90.0,4,0.7,,0,0.1074129194021225,2075
4,MCF7,4.0,A199,6,1,90.0,4,0.8,,2,0.11174147576093674,3707
4,MCF7,4.0,A199,6,1,90.0,4,0.9,0.08409781754016876,41,0.11175937950611115,5024
4,MCF7,4.0,A199,6,1,90.0,4,1.0,0.10140938311815262,397,0.11423467099666595,5797
4,MCF7,4.0,A199,6,1,90.0,4,1.1,0.11053473502397537,1174,0.11972363293170929,6121
4,MCF7,4.0,A199,6,1,90.0,4,1.2,0.11860764026641846,2358,0.12450438737869263,6276
4,MCF7,4.0,A199,6,1,90.0,4,1.3,0.12736420333385468,2733,0.13051371276378632,5392
4,MCF7,4.0,A199,6,1,90.0,4,1.4,0.1346597820520401,2021,0.1358380913734436,3532
4,MCF7,4.0,A199,6,1,90.0,4,1.5,0.1421329826116562,877,0.14475028216838837,1651
4,MCF7,4.0,A199,6,1,90.0,4,1.6,0.14322538673877716,222,0.142195925116539,559
4,MCF7,4.0,A199,6,1,90.0,4,1.7,0.15285886824131012,44,0.1584879606962204,183
4,MCF7,4.0,A199,6,1,90.0,4,1.8,0.11685755848884583,9,0.1662512719631195,81
4,MCF7,4.0,A199,6,1,90.0,4,1.9,,2,0.16761235892772675,37
4,MCF7,4.0,A199,6,1,90.0,4,2.0,,1,0.16819563508033752,10
4,MCF7,4.0,A199,6,1,90.0,4,2.1,,0,,8
4,MCF7,4.0,A199,6,1,90.0,4,2.2,,0,,3
4,MCF7,4.0,A199,6,1,90.0,4,2.3,,0,,3
4,MCF7,4.0,A199,6,1,90.0,4,2.4,,0,,2
4,MCF7,4.0,A199,6,1,90.0,4,2.5,,0,,1
4,MCF7,4.0,A199,6,1,90.0,4,2.6,,0,,0
1,MCF7,4.0,A199,7,1,90.0,1,0.4,0.10847796499729156,8,0.1134849339723587,40
1,MCF7,4.0,A199,7,1,90.0,1,0.5,0.11645597964525223,708,0.11669636517763138,1820
1,MCF7,4.0,A199,7,1,90.0,1,0.6,0.12627948820590973,1714,0.12235377728939056,4343
1,MCF7,4.0,A199,7,1,90.0,1,0.7,0.1389712691307068,565,0.12747310101985931,2379
1,MCF7,4.0,A199,7,1,90.0,1,0.8,0.15268830955028534,12,0.132968008518219,214
1,MCF7,4.0,A199,7,1,90.0,1,0.9,,0,,4
2,MCF7,4.0,A199,7,1,90.0,2,0.2,0.10625486820936203,24,0.09253896772861481,707
2,MCF7,4.0,A199,7,1,90.0,2,0.3,0.1040816530585289,4499,0.10138566046953201,9838
2,MCF7,4.0,A199,7,1,90.0,2,0.4,0.10679486393928528,67,0.10926631838083267,1372
2,MCF7,4.0,A199,7,1,90.0,2,0.5,,0,,3
3,MCF7,4.0,A199,7,1,90.0,3,0.3,,0,0.0834614560008049,103
3,MCF7,4.0,A199,7,1,90.0,3,0.4,,0,0.08630615472793579,1116
3,MCF7,4.0,A199,7,1,90.0,3,0.5,0.09876266121864319,234,0.09381290525197983,4774
3,MCF7,4.0,A199,7,1,90.0,3,0.6,0.10572121292352676,3440,0.10255990922451019,8139
3,MCF7,4.0,A199,7,1,90.0,3,0.7,0.11313075572252274,1646,0.11049539595842361,2387
3,MCF7,4.0,A199,7,1,90.0,3,0.8,0.11442829668521881,7,0.10559027642011642,41
3,MCF7,4.0,A199,7,1,90.0,3,0.9,,0,,0
4,MCF7,4.0,A199,7,1,90.0,4,0.0,,0,0.0,684
4,MCF7,4.0,A199,7,1,90.0,4,0.1,,0,,0
4,MCF7,4.0,A199,7,1,90.0,4,0.2,,0,,0
4,MCF7,4.0,A199,7,1,90.0,4,0.3,,0,,3
4,MCF7,4.0,A199,7,1,90.0,4,0.4,0.07186134159564972,26,0.0859874039888382,209
4,MCF7,4.0,A199,7,1,90.0,4,0.5,0.0899030789732933,2110,0.09083379805088043,4649
4,MCF7,4.0,A199,7,1,90.0,4,0.6,0.10250022262334824,5893,0.10048943758010864,16288
4,MCF7,4.0,A199,7,1,90.0,4,0.7,0.11586428433656693,1621,0.10736053436994553,13988
4,MCF7,4.0,A199,7,1,90.0,4,0.8,0.12366554886102676,187,0.11224860697984695,7573
4,MCF7,4.0,A199,7,1,90.0,4,0.9,0.12201603502035141,35,0.11975095421075821,3198
4,MCF7,4.0,A199,7,1,90.0,4,1.0,0.12385229021310806,21,0.12603197991847992,1145
4,MCF7,4.0,A199,7,1,90.0,4,1.1,,4,0.13194306194782257,370
4,MCF7,4.0,A199,7,1,90.0,4,1.2,,0,0.14086046814918518,115
4,MCF7,4.0,A199,7,1,90.0,4,1.3,,0,0.15047189593315125,39
4,MCF7,4.0,A199,7,1,90.0,4,1.4,,0,0.16783222556114197,16
4,MCF7,4.0,A199,7,1,90.0,4,1.5,,0,,9
4,MCF7,4.0,A199,7,1,90.0,4,1.6,,0,,1
4,MCF7,4.0,A199,7,1,90.0,4,1.7,,0,,0
4,MCF7,4.0,A199,7,1,90.0,4,1.8,,0,,1
5,MCF7,4.0,A199,7,1,90.0,5,0.0,,0,0.0,25
5,MCF7,4.0,A199,7,1,90.0,5,0.1,,0,,0
5,MCF7,4.0,A199,7,1,90.0,5,0.2,,0,,0
5,MCF7,4.0,A199,7,1,90.0,5,0.3,,0,,0
5,MCF7,4.0,A199,7,1,90.0,5,0.4,,0,0.07768230885267258,18
5,MCF7,4.0,A199,7,1,90.0,5,0.5,0.10054674744606018,919,0.09922418743371964,2705
5,MCF7,4.0,A199,7,1,90.0,5,0.6,0.10739855468273163,10333,0.1017276719212532,22306
5,MCF7,4.0,A199,7,1,90.0,5,0.7,0.11776445060968399,398,0.09473372250795364,14778
5,MCF7,4.0,A199,7,1,90.0,5,0.8,,0,0.08906487375497818,8052
5,MCF7,4.0,A199,7,1,90.0,5,0.9,,0,0.089714914560318,3419
5,MCF7,4.0,A199,7,1,90.0,5,1.0,,0,0.09095977991819382,1076
5,MCF7,4.0,A199,7,1,90.0,5,1.1,,0,0.09449125826358795,255
5,MCF7,4.0,A199,7,1,90.0,5,1.2,,0,0.09213986992835999,63
5,MCF7,4.0,A199,7,1,90.0,5,1.3,,0,,7
5,MCF7,4.0,A199,7,1,90.0,5,1.4,,0,,0
1,MCF7,4.0,A199,8,1,90.0,1,0.0,,0,,1
1,MCF7,4.0,A199,8,1,90.0,1,0.1,,0,,0
1,MCF7,4.0,A199,8,1,90.0,1,0.2,,0,,0
1,MCF7,4.0,A199,8,1,90.0,1,0.3,,2,0.10009722411632538,26
1,MCF7,4.0,A199,8,1,90.0,1,0.4,0.0985473096370697,442,0.10082928836345673,1023
1,MCF7,4.0,A199,8,1,90.0,1,0.5,0.1043592020869255,3831,0.10786452889442444,6005
1,MCF7,4.0,A199,8,1,90.0,1,0.6,0.11119043827056885,2112,0.1162380799651146,3930
1,MCF7,4.0,A199,8,1,90.0,1,0.7,0.11428726464509964,127,0.12446355074644089,564
1,MCF7,4.0,A199,8,1,90.0,1,0.8,,2,0.13925179839134216,88
1,MCF7,4.0,A199,8,1,90.0,1,0.9,,0,,9
1,MCF7,4.0,A199,8,1,90.0,1,1.0,,0,,2
2,MCF7,4.0,A199,8,1,90.0,2,0.6,,0,,6
2,MCF7,4.0,A199,8,1,90.0,2,0.7,,0,0.07806195318698883,101
2,MCF7,4.0,A199,8,1,90.0,2,0.8,,3,0.08514506369829178,850
2,MCF7,4.0,A199,8,1,90.0,2,0.9,0.11171992123126984,181,0.09491394460201263,3140
2,MCF7,4.0,A199,8,1,90.0,2,1.0,0.11772594600915909,875,0.10540660470724106,6005
2,MCF7,4.0,A199,8,1,90.0,2,1.1,0.1238785833120346,1077,0.11731358617544174,4788
2,MCF7,4.0,A199,8,1,90.0,2,1.2,0.136254221200943,1137,0.1391787976026535,3154
2,MCF7,4.0,A199,8,1,90.0,2,1.3,0.14725346863269806,1419,0.15793977677822113,2683
2,MCF7,4.0,A199,8,1,90.0,2,1.4,0.15378302335739136,1025,0.16675801575183868,1751
2,MCF7,4.0,A199,8,1,90.0,2,1.5,0.15787433087825775,695,0.16661366820335388,959
2,MCF7,4.0,A199,8,1,90.0,2,1.6,0.16636042296886444,464,0.1712319254875183,571
2,MCF7,4.0,A199,8,1,90.0,2,1.7,0.17290322482585907,316,0.17207440733909607,346
2,MCF7,4.0,A199,8,1,90.0,2,1.8,0.174161896109581,184,0.17554859817028046,194
2,MCF7,4.0,A199,8,1,90.0,2,1.9,0.17598359286785126,144,0.17388133704662323,152
2,MCF7,4.0,A199,8,1,90.0,2,2.0,0.16953977942466736,101,0.16916653513908386,104
2,MCF7,4.0,A199,8,1,90.0,2,2.1,0.17011792957782745,82,0.16868828237056732,86
2,MCF7,4.0,A199,8,1,90.0,2,2.2,0.1733601838350296,75,0.17195330560207367,77
2,MCF7,4.0,A199,8,1,90.0,2,2.3,0.18008796870708466,41,0.17476502060890198,45
2,MCF7,4.0,A199,8,1,90.0,2,2.4,0.16271714866161346,28,0.16127155721187592,30
2,MCF7,4.0,A199,8,1,90.0,2,2.5,0.18623125553131104,14,0.16826008260250092,18
2,MCF7,4.0,A199,8,1,90.0,2,2.6,0.17302893102169037,22,0.17013312876224518,24
2,MCF7,4.0,A199,8,1,90.0,2,2.7,0.15524663031101227,11,0.1522727608680725,13
2,MCF7,4.0,A199,8,1,90.0,2,2.8,0.16937559843063354,10,0.16937559843063354,10
2,MCF7,4.0,A199,8,1,90.0,2,2.9,0.17556636035442352,6,,7
2,MCF7,4.0,A199,8,1,90.0,2,3.0,0.16377148032188416,5,,5
2,MCF7,4.0,A199,8,1,90.0,2,3.1,,0,,0
2,MCF7,4.0,A199,8,1,90.0,2,3.2,,1,,1
3,MCF7,4.0,A199,8,1,90.0,3,0.3,,1,,4
3,MCF7,4.0,A199,8,1,90.0,3,0.4,0.10000010579824448,4229,0.09953044354915619,4703
3,MCF7,4.0,A199,8,1,90.0,3,0.5,0.10901375114917755,5139,0.10766608268022537,8926
3,MCF7,4.0,A199,8,1,90.0,3,0.6,0.1211148202419281,266,0.11656582355499268,5713
3,MCF7,4.0,A199,8,1,90.0,3,0.7,,1,0.12540563941001892,4150
3,MCF7,4.0,A199,8,1,90.0,3,0.8,,0,0.13163051009178162,3948
3,MCF7,4.0,A199,8,1,90.0,3,0.9,,0,0.13863855600357056,3010
3,MCF7,4.0,A199,8,1,90.0,3,1.0,,0,0.14788022637367249,1350
3,MCF7,4.0,A199,8,1,90.0,3,1.1,,0,0.1545417159795761,395
3,MCF7,4.0,A199,8,1,90.0,3,1.2,,0,0.17001216113567352,102
3,MCF7,4.0,A199,8,1,90.0,3,1.3,,0,0.19627484679222107,16
3,MCF7,4.0,A199,8,1,90.0,3,1.4,,0,,1
3,MCF7,4.0,A199,8,1,90.0,3,1.5,,0,,2
4,MCF7,4.0,A199,8,1,90.0,4,0.4,,0,,8
4,MCF7,4.0,A199,8,1,90.0,4,0.5,0.10874548554420471,774,0.11112567037343979,1257
4,MCF7,4.0,A199,8,1,90.0,4,0.6,0.11683233082294464,5312,0.12019752711057663,8349
4,MCF7,4.0,A199,8,1,90.0,4,0.7,0.11579421162605286,1189,0.11963025480508804,5521
4,MCF7,4.0,A199,8,1,90.0,4,0.8,0.11410005390644073,16,0.1162940189242363,3583
4,MCF7,4.0,A199,8,1,90.0,4,0.9,,0,0.12025617063045502,1714
4,MCF7,4.0,A199,8,1,90.0,4,1.0,,0,0.12819011509418488,459
4,MCF7,4.0,A199,8,1,90.0,4,1.1,,0,0.13495944440364838,75
4,MCF7,4.0,A199,8,1,90.0,4,1.2,,0,,9
4,MCF7,4.0,A199,8,1,90.0,4,1.3,,0,,1
4,MCF7,4.0,A199,8,1,90.0,4,1.4,,0,,0
1,MCF7,4.0,A199,9,1,90.0,1,0.4,0.08594843745231628,984,0.0839703381061554,2387
1,MCF7,4.0,A199,9,1,90.0,1,0.5,0.086214080452919,1664,0.08426952362060547,11915
1,MCF7,4.0,A199,9,1,90.0,1,0.6,0.08551932871341705,1169,0.08169272541999817,5059
1,MCF7,4.0,A199,9,1,90.0,1,0.7,0.09171546995639801,140,0.08954452723264694,224
1,MCF7,4.0,A199,9,1,90.0,1,0.8,0.09290355443954468,27,0.09290355443954468,27
1,MCF7,4.0,A199,9,1,90.0,1,0.9,0.09292218089103699,24,0.09292218089103699,24
1,MCF7,4.0,A199,9,1,90.0,1,1.0,0.10215558111667633,10,0.10215558111667633,10
1,MCF7,4.0,A199,9,1,90.0,1,1.1,,2,,2
1,MCF7,4.0,A199,9,1,90.0,1,1.2,,0,,0
2,MCF7,4.0,A199,9,1,90.0,2,0.4,,4,0.08754848688840866,166
2,MCF7,4.0,A199,9,1,90.0,2,0.5,0.09594657272100449,1072,0.09400968998670578,4590
2,MCF7,4.0,A199,9,1,90.0,2,0.6,0.0986805260181427,2767,0.09437331557273865,6819
2,MCF7,4.0,A199,9,1,90.0,2,0.7,0.09980518370866776,2198,0.0955624207854271,3989
2,MCF7,4.0,A199,9,1,90.0,2,0.8,0.10199135541915894,561,0.10017524659633636,944
2,MCF7,4.0,A199,9,1,90.0,2,0.9,0.10280139744281769,148,0.10260754078626633,177
2,MCF7,4.0,A199,9,1,90.0,2,1.0,0.09724365919828415,39,0.09748370945453644,43
2,MCF7,4.0,A199,9,1,90.0,2,1.1,0.09908690303564072,8,,8
2,MCF7,4.0,A199,9,1,90.0,2,1.2,,0,,0
3,MCF7,4.0,A199,9,1,90.0,3,0.2,,0,0.07887663692235947,513
3,MCF7,4.0,A199,9,1,90.0,3,0.3,0.12391430139541626,905,0.11233064532279968,8607
3,MCF7,4.0,A199,9,1,90.0,3,0.4,0.14668330550193787,3401,0.15144307911396027,6071
3,MCF7,4.0,A199,9,1,90.0,3,0.5,0.19250161945819855,81,0.20912052690982819,169
3,MCF7,4.0,A199,9,1,90.0,3,0.6,,0,,0
1,MCF7,4.0,A199,0,2,40.0,1,0.0,,0,0.0,331
1,MCF7,4.0,A199,0,2,40.0,1,0.1,,0,,0
1,MCF7,4.0,A199,0,2,40.0,1,0.2,,0,,0
1,MCF7,4.0,A199,0,2,40.0,1,0.3,,0,,0
1,MCF7,4.0,A199,0,2,40.0,1,0.4,,0,,0
1,MCF7,4.0,A199,0,2,40.0,1,0.5,,0,,0
1,MCF7,4.0,A199,0,2,40.0,1,0.6,,1,,2
1,MCF7,4.0,A199,0,2,40.0,1,0.7,0.16427864134311676,127,0.16489630937576294,142
1,MCF7,4.0,A199,0,2,40.0,1,0.8,0.17441566288471222,1565,0.17344118654727936,1761
1,MCF7,4.0,A199,0,2,40.0,1,0.9,0.18375752866268158,2352,0.18060843646526337,3169
1,MCF7,4.0,A199,0,2,40.0,1,1.0,0.18719539046287537,818,0.17958514392375946,2405
1,MCF7,4.0,A199,0,2,40.0,1,1.1,0.1758165955543518,113,0.1756235659122467,2012
1,MCF7,4.0,A199,0,2,40.0,1,1.2,0.17915691435337067,12,0.18125176429748535,1452
1,MCF7,4.0,A199,0,2,40.0,1,1.3,,0,0.1822514832019806,1146
1,MCF7,4.0,A199,0,2,40.0,1,1.4,,0,0.18644845485687256,840
1,MCF7,4.0,A199,0,2,40.0,1,1.5,,0,0.18310852348804474,628
1,MCF7,4.0,A199,0,2,40.0,1,1.6,,0,0.18596552312374115,515
1,MCF7,4.0,A199,0,2,40.0,1,1.7,,0,0.20114699006080627,387
1,MCF7,4.0,A199,0,2,40.0,1,1.8,,0,0.20278054475784302,323
1,MCF7,4.0,A199,0,2,40.0,1,1.9,,0,0.20299746096134186,201
1,MCF7,4.0,A199,0,2,40.0,1,2.0,,0,0.20749950408935547,151
1,MCF7,4.0,A199,0,2,40.0,1,2.1,,0,0.22428663074970245,123
1,MCF7,4.0,A199,0,2,40.0,1,2.2,,0,0.22108668088912964,85
1,MCF7,4.0,A199,0,2,40.0,1,2.3,,0,0.21975213289260864,67
1,MCF7,4.0,A199,0,2,40.0,1,2.4,,0,0.23230750858783722,48
1,MCF7,4.0,A199,0,2,40.0,1,2.5,,0,0.21743571758270264,23
1,MCF7,4.0,A199,0,2,40.0,1,2.6,,0,0.24382968246936798,12
1,MCF7,4.0,A199,0,2,40.0,1,2.7,,0,0.24084405601024628,17
1,MCF7,4.0,A199,0,2,40.0,1,2.8,,0,0.22874630987644196,11
1,MCF7,4.0,A199,0,2,40.0,1,2.9,,0,,5
1,MCF7,4.0,A199,0,2,40.0,1,3.0,,0,,5
1,MCF7,4.0,A199,0,2,40.0,1,3.1,,0,,4
1,MCF7,4.0,A199,0,2,40.0,1,3.2,,0,,3
1,MCF7,4.0,A199,0,2,40.0,1,3.3,,0,,1
1,MCF7,4.0,A199,0,2,40.0,1,3.4,,0,,1
1,MCF7,4.0,A199,0,2,40.0,1,3.5,,0,,2
2,MCF7,4.0,A199,0,2,40.0,2,0.7,,2,0.16548405587673187,222
2,MCF7,4.0,A199,0,2,40.0,2,0.8,0.17652824521064758,1839,0.17243045568466187,5245
2,MCF7,4.0,A199,0,2,40.0,2,0.9,0.17459990084171295,4531,0.17086967825889587,12027
2,MCF7,4.0,A199,0,2,40.0,2,1.0,0.16241350769996643,383,0.16895559430122375,5084
2,MCF7,4.0,A199,0,2,40.0,2,1.1,0.13523216545581818,19,0.1746523529291153,1465
2,MCF7,4.0,A199,0,2,40.0,2,1.2,,0,0.1912933588027954,316
2,MCF7,4.0,A199,0,2,40.0,2,1.3,,0,0.21545109152793884,47
2,MCF7,4.0,A199,0,2,40.0,2,1.4,,0,,8
2,MCF7,4.0,A199,0,2,40.0,2,1.5,,0,,2
2,MCF7,4.0,A199,0,2,40.0,2,1.6,,0,,0
3,MCF7,4.0,A199,0,2,40.0,3,0.4,0.143411323428154,387,0.14792737364768982,489
3,MCF7,4.0,A199,0,2,40.0,3,0.5,0.15259237587451935,9308,0.15800805389881134,15548
3,MCF7,4.0,A199,0,2,40.0,3,0.6,0.15413828194141388,3606,0.16335690021514893,17010
3,MCF7,4.0,A199,0,2,40.0,3,0.7,0.1493239402770996,44,0.16822154819965363,8863
3,MCF7,4.0,A199,0,2,40.0,3,0.8,,0,0.17710357904434204,2973
3,MCF7,4.0,A199,0,2,40.0,3,0.9,,0,0.18752968311309814,457
3,MCF7,4.0,A199,0,2,40.0,3,1.0,,0,0.20821072161197662,30
3,MCF7,4.0,A199,0,2,40.0,3,1.1,,0,,5
3,MCF7,4.0,A199,0,2,40.0,3,1.2,,0,,1
3,MCF7,4.0,A199,0,2,40.0,3,1.3,,0,,0
4,MCF7,4.0,A199,0,2,40.0,4,0.4,,0,0.1596367210149765,22
4,MCF7,4.0,A199,0,2,40.0,4,0.5,0.192721888422966,741,0.17634408175945282,2679
4,MCF7,4.0,A199,0,2,40.0,4,0.6,0.19734767079353333,3581,0.1897677332162857,5134
4,MCF7,4.0,A199,0,2,40.0,4,0.7,,2,0.18271806836128235,21
5,MCF7,4.0,A199,0,2,40.0,5,0.3,,0,,2
5,MCF7,4.0,A199,0,2,40.0,5,0.4,0.17847172915935516,502,0.17179714143276215,5698
5,MCF7,4.0,A199,0,2,40.0,5,0.5,0.19150294363498688,4675,0.1851976066827774,8946
5,MCF7,4.0,A199,0,2,40.0,5,0.6,,0,0.2005815953016281,10
1,MCF7,4.0,A199,1,2,40.0,1,0.0,,0,0.0,1365
1,MCF7,4.0,A199,1,2,40.0,1,0.1,,0,,0
1,MCF7,4.0,A199,1,2,40.0,1,0.2,0.05246248096227646,30,0.056418173015117645,63
1,MCF7,4.0,A199,1,2,40.0,1,0.3,0.05787813663482666,3945,0.058815352618694305,5317
1,MCF7,4.0,A199,1,2,40.0,1,0.4,0.060223355889320374,1419,0.06095075234770775,3824
1,MCF7,4.0,A199,1,2,40.0,1,0.5,0.050895772874355316,5,0.07109739631414413,764
1,MCF7,4.0,A199,1,2,40.0,1,0.6,,0,0.09277605265378952,175
1,MCF7,4.0,A199,1,2,40.0,1,0.7,,0,0.1315956860780716,61
1,MCF7,4.0,A199,1,2,40.0,1,0.8,,0,0.16027790307998657,13
1,MCF7,4.0,A199,1,2,40.0,1,0.9,,0,,2
1,MCF7,4.0,A199,1,2,40.0,1,1.0,,0,,0
2,MCF7,4.0,A199,1,2,40.0,2,0.0,,0,0.0,36
2,MCF7,4.0,A199,1,2,40.0,2,0.1,,0,,0
2,MCF7,4.0,A199,1,2,40.0,2,0.2,,0,,0
2,MCF7,4.0,A199,1,2,40.0,2,0.3,0.09302741289138794,496,0.09324626624584198,602
2,MCF7,4.0,A199,1,2,40.0,2,0.4,0.10090497136116028,6233,0.1007273718714714,9012
2,MCF7,4.0,A199,1,2,40.0,2,0.5,0.10573071986436844,682,0.10497279465198517,4103
2,MCF7,4.0,A199,1,2,40.0,2,0.6,0.1067952886223793,6,0.11126484721899033,882
2,MCF7,4.0,A199,1,2,40.0,2,0.7,,0,0.1363055258989334,220
2,MCF7,4.0,A199,1,2,40.0,2,0.8,,0,0.15392348170280457,56
2,MCF7,4.0,A199,1,2,40.0,2,0.9,,0,0.15299437940120697,13
2,MCF7,4.0,A199,1,2,40.0,2,1.0,,0,,3
2,MCF7,4.0,A199,1,2,40.0,2,1.1,,0,,1
3,MCF7,4.0,A199,1,2,40.0,3,0.0,,0,0.0,929
3,MCF7,4.0,A199,1,2,40.0,3,0.1,,0,,0
3,MCF7,4.0,A199,1,2,40.0,3,0.2,,0,,0
3,MCF7,4.0,A199,1,2,40.0,3,0.3,,0,,0
3,MCF7,4.0,A199,1,2,40.0,3,0.4,,0,,5
3,MCF7,4.0,A199,1,2,40.0,3,0.5,0.08775627613067627,187,0.08697153627872467,273
3,MCF7,4.0,A199,1,2,40.0,3,0.6,0.09201033413410187,4836,0.09194372594356537,5685
3,MCF7,4.0,A199,1,2,40.0,3,0.7,0.09404697269201279,2621,0.09457416832447052,5123
3,MCF7,4.0,A199,1,2,40.0,3,0.8,0.09033817797899246,118,0.09724163264036179,2900
3,MCF7,4.0,A199,1,2,40.0,3,0.9,,0,0.10004135221242905,2184
3,MCF7,4.0,A199,1,2,40.0,3,1.0,,0,0.10375307500362396,1729
3,MCF7,4.0,A199,1,2,40.0,3,1.1,,0,0.10960806161165237,1213
3,MCF7,4.0,A199,1,2,40.0,3,1.2,,0,0.11533331125974655,870
3,MCF7,4.0,A199,1,2,40.0,3,1.3,,0,0.12554718554019928,600
3,MCF7,4.0,A199,1,2,40.0,3,1.4,,0,0.12647795677185059,342
3,MCF7,4.0,A199,1,2,40.0,3,1.5,,0,0.12880964577198029,254
3,MCF7,4.0,A199,1,2,40.0,3,1.6,,0,0.1449367105960846,160
3,MCF7,4.0,A199,1,2,40.0,3,1.7,,0,0.14417104423046112,86
3,MCF7,4.0,A199,1,2,40.0,3,1.8,,0,0.1520046591758728,44
3,MCF7,4.0,A199,1,2,40.0,3,1.9,,0,0.1660817414522171,42
3,MCF7,4.0,A199,1,2,40.0,3,2.0,,0,0.1783643513917923,27
3,MCF7,4.0,A199,1,2,40.0,3,2.1,,0,0.19357873499393463,13
3,MCF7,4.0,A199,1,2,40.0,3,2.2,,0,,8
3,MCF7,4.0,A199,1,2,40.0,3,2.3,,0,,3
3,MCF7,4.0,A199,1,2,40.0,3,2.4,,0,,2
3,MCF7,4.0,A199,1,2,40.0,3,2.5,,0,,2
3,MCF7,4.0,A199,1,2,40.0,3,2.6,,0,,2
3,MCF7,4.0,A199,1,2,40.0,3,2.7,,0,,0
4,MCF7,4.0,A199,1,2,40.0,4,0.4,0.10183287411928177,43,0.10547802597284317,62
4,MCF7,4.0,A199,1,2,40.0,4,0.5,0.10616450756788254,521,0.11286679655313492,1355
4,MCF7,4.0,A199,1,2,40.0,4,0.6,0.12556518614292145,731,0.12433125078678131,4013
4,MCF7,4.0,A199,1,2,40.0,4,0.7,0.14999592304229736,1283,0.1424679011106491,5607
4,MCF7,4.0,A199,1,2,40.0,4,0.8,0.16293461620807648,987,0.15318499505519867,3250
4,MCF7,4.0,A199,1,2,40.0,4,0.9,0.1743614226579666,993,0.16323737800121307,1966
4,MCF7,4.0,A199,1,2,40.0,4,1.0,0.18103532493114471,1706,0.17695097625255585,2055
4,MCF7,4.0,A199,1,2,40.0,4,1.1,0.18840530514717102,1483,0.18691997230052948,1618
4,MCF7,4.0,A199,1,2,40.0,4,1.2,0.19556234776973724,716,0.1943335384130478,749
4,MCF7,4.0,A199,1,2,40.0,4,1.3,0.19954220950603485,269,0.19968397915363312,274
4,MCF7,4.0,A199,1,2,40.0,4,1.4,0.20098556578159332,50,0.20098556578159332,50
4,MCF7,4.0,A199,1,2,40.0,4,1.5,0.20170900225639343,8,,8
4,MCF7,4.0,A199,1,2,40.0,4,1.6,,1,,1
4,MCF7,4.0,A199,1,2,40.0,4,1.7,,0,,0
5,MCF7,4.0,A199,1,2,40.0,5,0.0,,0,0.0,64
5,MCF7,4.0,A199,1,2,40.0,5,0.1,,0,,0
5,MCF7,4.0,A199,1,2,40.0,5,0.2,,0,,0
5,MCF7,4.0,A199,1,2,40.0,5,0.3,,0,,8
5,MCF7,4.0,A199,1,2,40.0,5,0.4,0.10922705382108688,16,0.10998500138521194,280
5,MCF7,4.0,A199,1,2,40.0,5,0.5,0.11335595697164536,947,0.11878711730241776,2962
5,MCF7,4.0,A199,1,2,40.0,5,0.6,0.11789057403802872,1630,0.12519730627536774,5171
5,MCF7,4.0,A199,1,2,40.0,5,0.7,0.11837311089038849,256,0.13707873225212097,2205
5,MCF7,4.0,A199,1,2,40.0,5,0.8,0.11528431624174118,8,0.15883497893810272,513
5,MCF7,4.0,A199,1,2,40.0,5,0.9,,0,0.17031490802764893,106
5,MCF7,4.0,A199,1,2,40.0,5,1.0,,0,0.195027157664299,40
5,MCF7,4.0,A199,1,2,40.0,5,1.1,,0,,9
5,MCF7,4.0,A199,1,2,40.0,5,1.2,,0,,2
6,MCF7,4.0,A199,1,2,40.0,6,0.4,0.10526168346405029,8,0.10696142166852951,26
6,MCF7,4.0,A199,1,2,40.0,6,0.5,0.11846582591533661,2032,0.11567223817110062,3536
6,MCF7,4.0,A199,1,2,40.0,6,0.6,0.12864218652248383,2213,0.12697137892246246,6325
6,MCF7,4.0,A199,1,2,40.0,6,0.7,0.14091745018959045,34,0.14029383659362793,1780
6,MCF7,4.0,A199,1,2,40.0,6,0.8,,0,0.15156711637973785,168
6,MCF7,4.0,A199,1,2,40.0,6,0.9,,0,,4
6,MCF7,4.0,A199,1,2,40.0,6,1.0,,0,,1
7,MCF7,4.0,A199,1,2,40.0,7,0.6,,3,,7
7,MCF7,4.0,A199,1,2,40.0,7,0.7,0.1312917023897171,1244,0.13372638821601868,1973
7,MCF7,4.0,A199,1,2,40.0,7,0.8,0.1333552598953247,6437,0.1360977739095688,10546
7,MCF7,4.0,A199,1,2,40.0,7,0.9,0.13440556824207306,1164,0.14007286727428436,4181
7,MCF7,4.0,A199,1,2,40.0,7,1.0,0.13605381548404694,13,0.1436396688222885,774
7,MCF7,4.0,A199,1,2,40.0,7,1.1,,0,0.14975185692310333,97
7,MCF7,4.0,A199,1,2,40.0,7,1.2,,0,,5
7,MCF7,4.0,A199,1,2,40.0,7,1.3,,0,,1
8,MCF7,4.0,A199,1,2,40.0,8,0.6,0.0982724130153656,1252,0.09723704308271408,1316
8,MCF7,4.0,A199,1,2,40.0,8,0.7,0.10523953288793564,3631,0.10014950484037399,4693
8,MCF7,4.0,A199,1,2,40.0,8,0.8,0.11812407523393631,459,0.10458849370479584,3340
8,MCF7,4.0,A199,1,2,40.0,8,0.9,0.10293839871883392,5,0.11261706799268723,3131
8,MCF7,4.0,A199,1,2,40.0,8,1.0,,0,0.1198681965470314,2723
8,MCF7,4.0,A199,1,2,40.0,8,1.1,,0,0.12898893654346466,2235
8,MCF7,4.0,A199,1,2,40.0,8,1.2,,0,0.13995672762393951,1363
8,MCF7,4.0,A199,1,2,40.0,8,1.3,,0,0.14979247748851776,675
8,MCF7,4.0,A199,1,2,40.0,8,1.4,,0,0.16014732420444489,241
8,MCF7,4.0,A199,1,2,40.0,8,1.5,,0,0.16125136613845825,72
8,MCF7,4.0,A199,1,2,40.0,8,1.6,,0,0.17385558784008026,23
8,MCF7,4.0,A199,1,2,40.0,8,1.7,,0,,8
8,MCF7,4.0,A199,1,2,40.0,8,1.8,,0,,4
8,MCF7,4.0,A199,1,2,40.0,8,1.9,,0,,0
9,MCF7,4.0,A199,1,2,40.0,9,0.0,,0,0.0,757
9,MCF7,4.0,A199,1,2,40.0,9,0.1,,0,,0
9,MCF7,4.0,A199,1,2,40.0,9,0.2,,0,,0
9,MCF7,4.0,A199,1,2,40.0,9,0.3,,0,,0
9,MCF7,4.0,A199,1,2,40.0,9,0.4,0.06954822689294815,774,0.06989166885614395,781
9,MCF7,4.0,A199,1,2,40.0,9,0.5,0.07272128760814667,4925,0.07366456836462021,5102
9,MCF7,4.0,A199,1,2,40.0,9,0.6,0.07148242741823196,1988,0.07597913593053818,2956
9,MCF7,4.0,A199,1,2,40.0,9,0.7,0.06673146784305573,233,0.07658131420612335,1622
9,MCF7,4.0,A199,1,2,40.0,9,0.8,,2,0.08212883025407791,1167
9,MCF7,4.0,A199,1,2,40.0,9,0.9,,0,0.08566427230834961,970
9,MCF7,4.0,A199,1,2,40.0,9,1.0,,0,0.08880361914634705,927
9,MCF7,4.0,A199,1,2,40.0,9,1.1,,0,0.09026531875133514,847
9,MCF7,4.0,A199,1,2,40.0,9,1.2,,0,0.09636631608009338,782
9,MCF7,4.0,A199,1,2,40.0,9,1.3,,0,0.09673552215099335,695
9,MCF7,4.0,A199,1,2,40.0,9,1.4,,0,0.1031469777226448,612
9,MCF7,4.0,A199,1,2,40.0,9,1.5,,0,0.10740595310926437,540
9,MCF7,4.0,A199,1,2,40.0,9,1.6,,0,0.10762408375740051,485
9,MCF7,4.0,A199,1,2,40.0,9,1.7,,0,0.1153828501701355,357
9,MCF7,4.0,A199,1,2,40.0,9,1.8,,0,0.11550046503543854,321
9,MCF7,4.0,A199,1,2,40.0,9,1.9,,0,0.12736240029335022,279
9,MCF7,4.0,A199,1,2,40.0,9,2.0,,0,0.13287606835365295,226
9,MCF7,4.0,A199,1,2,40.0,9,2.1,,0,0.12830887734889984,156
9,MCF7,4.0,A199,1,2,40.0,9,2.2,,0,0.13329298794269562,144
9,MCF7,4.0,A199,1,2,40.0,9,2.3,,0,0.14992208778858185,121
9,MCF7,4.0,A199,1,2,40.0,9,2.4,,0,0.14908218383789062,87
9,MCF7,4.0,A199,1,2,40.0,9,2.5,,0,0.16997641324996948,72
9,MCF7,4.0,A199,1,2,40.0,9,2.6,,0,0.16522479057312012,51
9,MCF7,4.0,A199,1,2,40.0,9,2.7,,0,0.18028679490089417,43
9,MCF7,4.0,A199,1,2,40.0,9,2.8,,0,0.17902590334415436,23
9,MCF7,4.0,A199,1,2,40.0,9,2.9,,0,0.1679278016090393,23
9,MCF7,4.0,A199,1,2,40.0,9,3.0,,0,0.19238212704658508,20
9,MCF7,4.0,A199,1,2,40.0,9,3.1,,0,0.16575361788272858,15
9,MCF7,4.0,A199,1,2,40.0,9,3.2,,0,0.16859915852546692,10
9,MCF7,4.0,A199,1,2,40.0,9,3.3,,0,,4
9,MCF7,4.0,A199,1,2,40.0,9,3.4,,0,,5
9,MCF7,4.0,A199,1,2,40.0,9,3.5,,0,,3
9,MCF7,4.0,A199,1,2,40.0,9,3.6,,0,,1
9,MCF7,4.0,A199,1,2,40.0,9,3.7,,0,,2
9,MCF7,4.0,A199,1,2,40.0,9,3.8,,0,,1
9,MCF7,4.0,A199,1,2,40.0,9,3.9,,0,,0
9,MCF7,4.0,A199,1,2,40.0,9,4.0,,0,,0
9,MCF7,4.0,A199,1,2,40.0,9,4.1,,0,,1
9,MCF7,4.0,A199,1,2,40.0,9,4.2,,0,,0
1,MCF7,4.0,A199,10,2,40.0,1,0.0,,0,,3
1,MCF7,4.0,A199,10,2,40.0,1,0.1,,0,,0
1,MCF7,4.0,A199,10,2,40.0,1,0.2,,0,,0
1,MCF7,4.0,A199,10,2,40.0,1,0.3,,0,,0
1,MCF7,4.0,A199,10,2,40.0,1,0.4,,0,,0
1,MCF7,4.0,A199,10,2,40.0,1,0.5,0.1064264103770256,130,0.1064264103770256,130
1,MCF7,4.0,A199,10,2,40.0,1,0.6,0.1142822727560997,2082,0.11422950029373169,2142
1,MCF7,4.0,A199,10,2,40.0,1,0.7,0.12379799783229828,2366,0.12231677025556564,3214
1,MCF7,4.0,A199,10,2,40.0,1,0.8,0.13145746290683746,370,0.12456943094730377,2058
1,MCF7,4.0,A199,10,2,40.0,1,0.9,0.1312195211648941,9,0.1217719092965126,1336
1,MCF7,4.0,A199,10,2,40.0,1,1.0,,0,0.12231193482875824,755
1,MCF7,4.0,A199,10,2,40.0,1,1.1,,0,0.12272128462791443,484
1,MCF7,4.0,A199,10,2,40.0,1,1.2,,0,0.129703089594841,333
1,MCF7,4.0,A199,10,2,40.0,1,1.3,,0,0.13479256629943848,210
1,MCF7,4.0,A199,10,2,40.0,1,1.4,,0,0.14775729179382324,172
1,MCF7,4.0,A199,10,2,40.0,1,1.5,,0,0.15223069489002228,96
1,MCF7,4.0,A199,10,2,40.0,1,1.6,,0,0.14457562565803528,42
1,MCF7,4.0,A199,10,2,40.0,1,1.7,,0,0.17272838950157166,23
1,MCF7,4.0,A199,10,2,40.0,1,1.8,,0,0.14609557390213013,15
1,MCF7,4.0,A199,10,2,40.0,1,1.9,,0,,3
1,MCF7,4.0,A199,10,2,40.0,1,2.0,,0,,3
1,MCF7,4.0,A199,10,2,40.0,1,2.1,,0,,5
1,MCF7,4.0,A199,10,2,40.0,1,2.2,,0,,0
2,MCF7,4.0,A199,10,2,40.0,2,0.0,,0,0.0,77
2,MCF7,4.0,A199,10,2,40.0,2,0.1,,0,,0
2,MCF7,4.0,A199,10,2,40.0,2,0.2,,0,,0
2,MCF7,4.0,A199,10,2,40.0,2,0.3,,0,,0
2,MCF7,4.0,A199,10,2,40.0,2,0.4,,0,,0
2,MCF7,4.0,A199,10,2,40.0,2,0.5,,0,,0
2,MCF7,4.0,A199,10,2,40.0,2,0.6,,0,,0
2,MCF7,4.0,A199,10,2,40.0,2,0.7,,0,,0
2,MCF7,4.0,A199,10,2,40.0,2,0.8,,0,,0
2,MCF7,4.0,A199,10,2,40.0,2,0.9,,0,,0
2,MCF7,4.0,A199,10,2,40.0,2,1.0,,0,,0
2,MCF7,4.0,A199,10,2,40.0,2,1.1,,2,,8
2,MCF7,4.0,A199,10,2,40.0,2,1.2,0.17877019941806793,54,0.17405015230178833,70
2,MCF7,4.0,A199,10,2,40.0,2,1.3,0.18870939314365387,360,0.18630844354629517,449
2,MCF7,4.0,A199,10,2,40.0,2,1.4,0.19516195356845856,1017,0.19406463205814362,1239
2,MCF7,4.0,A199,10,2,40.0,2,1.5,0.2015903741121292,1492,0.20198436081409454,1979
2,MCF7,4.0,A199,10,2,40.0,2,1.6,0.20910395681858063,1316,0.21037612855434418,2082
2,MCF7,4.0,A199,10,2,40.0,2,1.7,0.21760950982570648,704,0.22104264795780182,1720
2,MCF7,4.0,A199,10,2,40.0,2,1.8,0.21874243021011353,268,0.22767169773578644,1337
2,MCF7,4.0,A199,10,2,40.0,2,1.9,0.22325284779071808,68,0.23305921256542206,961
2,MCF7,4.0,A199,10,2,40.0,2,2.0,0.23700881004333496,16,0.24217723309993744,684
2,MCF7,4.0,A199,10,2,40.0,2,2.1,,1,0.2504589855670929,512
2,MCF7,4.0,A199,10,2,40.0,2,2.2,,0,0.25994670391082764,363
2,MCF7,4.0,A199,10,2,40.0,2,2.3,,0,0.27376458048820496,248
2,MCF7,4.0,A199,10,2,40.0,2,2.4,,0,0.2723946273326874,184
2,MCF7,4.0,A199,10,2,40.0,2,2.5,,0,0.2795058488845825,143
2,MCF7,4.0,A199,10,2,40.0,2,2.6,,0,0.3008866012096405,107
2,MCF7,4.0,A199,10,2,40.0,2,2.7,,0,0.29531025886535645,70
2,MCF7,4.0,A199,10,2,40.0,2,2.8,,0,0.2976803481578827,58
2,MCF7,4.0,A199,10,2,40.0,2,2.9,,0,0.299945592880249,40
2,MCF7,4.0,A199,10,2,40.0,2,3.0,,0,0.30196070671081543,27
2,MCF7,4.0,A199,10,2,40.0,2,3.1,,0,0.36616337299346924,13
2,MCF7,4.0,A199,10,2,40.0,2,3.2,,0,0.3310835659503937,22
2,MCF7,4.0,A199,10,2,40.0,2,3.3,,0,0.3184928596019745,16
2,MCF7,4.0,A199,10,2,40.0,2,3.4,,0,,9
2,MCF7,4.0,A199,10,2,40.0,2,3.5,,0,,8
2,MCF7,4.0,A199,10,2,40.0,2,3.6,,0,,4
2,MCF7,4.0,A199,10,2,40.0,2,3.7,,0,,1
2,MCF7,4.0,A199,10,2,40.0,2,3.8,,0,,5
2,MCF7,4.0,A199,10,2,40.0,2,3.9,,0,,5
2,MCF7,4.0,A199,10,2,40.0,2,4.0,,0,,2
2,MCF7,4.0,A199,10,2,40.0,2,4.1,,0,,1
2,MCF7,4.0,A199,10,2,40.0,2,4.2,,0,,2
2,MCF7,4.0,A199,10,2,40.0,2,4.3,,0,,1
2,MCF7,4.0,A199,10,2,40.0,2,4.4,,0,,1
2,MCF7,4.0,A199,10,2,40.0,2,4.5,,0,,0
3,MCF7,4.0,A199,10,2,40.0,3,0.0,,0,,2
3,MCF7,4.0,A199,10,2,40.0,3,0.1,,0,,0
3,MCF7,4.0,A199,10,2,40.0,3,0.2,,0,,0
3,MCF7,4.0,A199,10,2,40.0,3,0.3,,0,,1
3,MCF7,4.0,A199,10,2,40.0,3,0.4,0.10501373559236526,48,0.09208445996046066,525
3,MCF7,4.0,A199,10,2,40.0,3,0.5,0.10234388709068298,7939,0.10046704858541489,16175
3,MCF7,4.0,A199,10,2,40.0,3,0.6,0.09268824011087418,412,0.10048314929008484,5571
3,MCF7,4.0,A199,10,2,40.0,3,0.7,,0,0.10932699590921402,999
3,MCF7,4.0,A199,10,2,40.0,3,0.8,,0,0.1122002899646759,98
3,MCF7,4.0,A199,10,2,40.0,3,0.9,,0,,4
3,MCF7,4.0,A199,10,2,40.0,3,1.0,,0,,1
4,MCF7,4.0,A199,10,2,40.0,4,0.0,,0,0.0,1252
4,MCF7,4.0,A199,10,2,40.0,4,0.1,,0,,0
4,MCF7,4.0,A199,10,2,40.0,4,0.2,,0,,0
4,MCF7,4.0,A199,10,2,40.0,4,0.3,,0,,0
4,MCF7,4.0,A199,10,2,40.0,4,0.4,,0,,0
4,MCF7,4.0,A199,10,2,40.0,4,0.5,,0,,2
4,MCF7,4.0,A199,10,2,40.0,4,0.6,0.11828809976577759,14,0.1182204857468605,24
4,MCF7,4.0,A199,10,2,40.0,4,0.7,0.12167447060346603,446,0.12325523793697357,547
4,MCF7,4.0,A199,10,2,40.0,4,0.8,0.13062483072280884,1800,0.13224002718925476,2225
4,MCF7,4.0,A199,10,2,40.0,4,0.9,0.13724872469902039,1744,0.14160758256912231,2603
4,MCF7,4.0,A199,10,2,40.0,4,1.0,0.13973748683929443,604,0.154249370098114,1666
4,MCF7,4.0,A199,10,2,40.0,4,1.1,0.1362168937921524,104,0.16841354966163635,1065
4,MCF7,4.0,A199,10,2,40.0,4,1.2,0.13895514607429504,14,0.1776377260684967,679
4,MCF7,4.0,A199,10,2,40.0,4,1.3,,1,0.19176402688026428,584
4,MCF7,4.0,A199,10,2,40.0,4,1.4,,0,0.2060604840517044,354
4,MCF7,4.0,A199,10,2,40.0,4,1.5,,0,0.20728656649589539,280
4,MCF7,4.0,A199,10,2,40.0,4,1.6,,0,0.2172059714794159,177
4,MCF7,4.0,A199,10,2,40.0,4,1.7,,0,0.23564870655536652,113
4,MCF7,4.0,A199,10,2,40.0,4,1.8,,0,0.24820294976234436,70
4,MCF7,4.0,A199,10,2,40.0,4,1.9,,0,0.23408836126327515,44
4,MCF7,4.0,A199,10,2,40.0,4,2.0,,0,0.2599939703941345,23
4,MCF7,4.0,A199,10,2,40.0,4,2.1,,0,,9
4,MCF7,4.0,A199,10,2,40.0,4,2.2,,0,0.2316686511039734,12
4,MCF7,4.0,A199,10,2,40.0,4,2.3,,0,,7
4,MCF7,4.0,A199,10,2,40.0,4,2.4,,0,,5
4,MCF7,4.0,A199,10,2,40.0,4,2.5,,0,,2
4,MCF7,4.0,A199,10,2,40.0,4,2.6,,0,,1
5,MCF7,4.0,A199,10,2,40.0,5,0.0,,0,0.0,267
5,MCF7,4.0,A199,10,2,40.0,5,0.1,,0,,0
5,MCF7,4.0,A199,10,2,40.0,5,0.2,0.07888540625572205,29,0.06861158460378647,65
5,MCF7,4.0,A199,10,2,40.0,5,0.3,0.08202087134122849,2669,0.08062021434307098,3892
5,MCF7,4.0,A199,10,2,40.0,5,0.4,0.09086873382329941,1568,0.09575633704662323,3891
5,MCF7,4.0,A199,10,2,40.0,5,0.5,0.11692731082439423,10,0.12411410361528397,613
5,MCF7,4.0,A199,10,2,40.0,5,0.6,,0,0.15170976519584656,96
5,MCF7,4.0,A199,10,2,40.0,5,0.7,,0,0.16396741569042206,22
5,MCF7,4.0,A199,10,2,40.0,5,0.8,,0,,0
5,MCF7,4.0,A199,10,2,40.0,5,0.9,,0,,2
1,MCF7,4.0,A199,11,2,40.0,1,0.2,0.09453945606946945,38,0.10521643608808517,190
1,MCF7,4.0,A199,11,2,40.0,1,0.3,0.09608584642410278,7221,0.09240706264972687,16058
1,MCF7,4.0,A199,11,2,40.0,1,0.4,,0,,8
2,MCF7,4.0,A199,11,2,40.0,2,0.0,,0,0.0,1408
2,MCF7,4.0,A199,11,2,40.0,2,0.1,,0,,0
2,MCF7,4.0,A199,11,2,40.0,2,0.2,,0,,0
2,MCF7,4.0,A199,11,2,40.0,2,0.3,,0,,0
2,MCF7,4.0,A199,11,2,40.0,2,0.4,0.11421344429254532,1460,0.11421344429254532,1460
2,MCF7,4.0,A199,11,2,40.0,2,0.5,0.12461322546005249,5793,0.12541069090366364,5958
2,MCF7,4.0,A199,11,2,40.0,2,0.6,0.1266002655029297,1738,0.14007869362831116,3480
2,MCF7,4.0,A199,11,2,40.0,2,0.7,0.119549959897995,99,0.1532583087682724,2204
2,MCF7,4.0,A199,11,2,40.0,2,0.8,,0,0.16608478128910065,1782
2,MCF7,4.0,A199,11,2,40.0,2,0.9,,0,0.17954425513744354,1963
2,MCF7,4.0,A199,11,2,40.0,2,1.0,,0,0.1886325627565384,2012
2,MCF7,4.0,A199,11,2,40.0,2,1.1,,0,0.2021035999059677,2088
2,MCF7,4.0,A199,11,2,40.0,2,1.2,,0,0.2071186751127243,2088
2,MCF7,4.0,A199,11,2,40.0,2,1.3,,0,0.2202760875225067,2142
2,MCF7,4.0,A199,11,2,40.0,2,1.4,,0,0.230061873793602,2053
2,MCF7,4.0,A199,11,2,40.0,2,1.5,,0,0.2392449527978897,1909
2,MCF7,4.0,A199,11,2,40.0,2,1.6,,0,0.2545889914035797,1794
2,MCF7,4.0,A199,11,2,40.0,2,1.7,,0,0.2623150646686554,1509
2,MCF7,4.0,A199,11,2,40.0,2,1.8,,0,0.27383100986480713,1363
2,MCF7,4.0,A199,11,2,40.0,2,1.9,,0,0.2852117419242859,1070
2,MCF7,4.0,A199,11,2,40.0,2,2.0,,0,0.29071125388145447,828
2,MCF7,4.0,A199,11,2,40.0,2,2.1,,0,0.3012974262237549,649
2,MCF7,4.0,A199,11,2,40.0,2,2.2,,0,0.2941034734249115,495
2,MCF7,4.0,A199,11,2,40.0,2,2.3,,0,0.30548128485679626,374
2,MCF7,4.0,A199,11,2,40.0,2,2.4,,0,0.3077239990234375,242
2,MCF7,4.0,A199,11,2,40.0,2,2.5,,0,0.31188830733299255,183
2,MCF7,4.0,A199,11,2,40.0,2,2.6,,0,0.2957557737827301,129
2,MCF7,4.0,A199,11,2,40.0,2,2.7,,0,0.3081768751144409,93
2,MCF7,4.0,A199,11,2,40.0,2,2.8,,0,0.30437976121902466,56
2,MCF7,4.0,A199,11,2,40.0,2,2.9,,0,0.30019134283065796,40
2,MCF7,4.0,A199,11,2,40.0,2,3.0,,0,0.2767092287540436,24
2,MCF7,4.0,A199,11,2,40.0,2,3.1,,0,0.25891879200935364,13
2,MCF7,4.0,A199,11,2,40.0,2,3.2,,0,0.27823883295059204,14
2,MCF7,4.0,A199,11,2,40.0,2,3.3,,0,,8
2,MCF7,4.0,A199,11,2,40.0,2,3.4,,0,,1
2,MCF7,4.0,A199,11,2,40.0,2,3.5,,0,,4
2,MCF7,4.0,A199,11,2,40.0,2,3.6,,0,,1
2,MCF7,4.0,A199,11,2,40.0,2,3.7,,0,,0
2,MCF7,4.0,A199,11,2,40.0,2,3.8,,0,,3
2,MCF7,4.0,A199,11,2,40.0,2,3.9,,0,,0
3,MCF7,4.0,A199,11,2,40.0,3,0.2,0.07882225513458252,26,0.08206527680158615,28
3,MCF7,4.0,A199,11,2,40.0,3,0.3,0.097664974629879,6690,0.09769453853368759,14277
3,MCF7,4.0,A199,11,2,40.0,3,0.4,,0,0.10514312237501144,127
1,MCF7,4.0,A199,12,2,40.0,1,0.2,,0,,1
1,MCF7,4.0,A199,12,2,40.0,1,0.3,0.0805051177740097,2389,0.08144477754831314,6477
1,MCF7,4.0,A199,12,2,40.0,1,0.4,0.08275365829467773,1634,0.07976832240819931,9631
1,MCF7,4.0,A199,12,2,40.0,1,0.5,,1,0.08141186833381653,147
2,MCF7,4.0,A199,12,2,40.0,2,0.0,,0,0.0,596
2,MCF7,4.0,A199,12,2,40.0,2,0.1,,0,,0
2,MCF7,4.0,A199,12,2,40.0,2,0.2,,0,,0
2,MCF7,4.0,A199,12,2,40.0,2,0.3,0.07897056639194489,2804,0.07894642651081085,2817
2,MCF7,4.0,A199,12,2,40.0,2,0.4,0.08138961344957352,3256,0.07948708534240723,5091
2,MCF7,4.0,A199,12,2,40.0,2,0.5,0.07774511724710464,79,0.0769253596663475,6740
2,MCF7,4.0,A199,12,2,40.0,2,0.6,,0,0.08374262601137161,7302
2,MCF7,4.0,A199,12,2,40.0,2,0.7,,0,0.09302856773138046,6764
2,MCF7,4.0,A199,12,2,40.0,2,0.8,,0,0.10335325449705124,5393
2,MCF7,4.0,A199,12,2,40.0,2,0.9,,0,0.113645039498806,3376
2,MCF7,4.0,A199,12,2,40.0,2,1.0,,0,0.1221243366599083,1750
2,MCF7,4.0,A199,12,2,40.0,2,1.1,,0,0.1385011225938797,802
2,MCF7,4.0,A199,12,2,40.0,2,1.2,,0,0.15061324834823608,299
2,MCF7,4.0,A199,12,2,40.0,2,1.3,,0,0.14508862793445587,129
2,MCF7,4.0,A199,12,2,40.0,2,1.4,,0,0.1498110294342041,52
2,MCF7,4.0,A199,12,2,40.0,2,1.5,,0,0.17647798359394073,18
2,MCF7,4.0,A199,12,2,40.0,2,1.6,,0,0.20158253610134125,13
2,MCF7,4.0,A199,12,2,40.0,2,1.7,,0,,7
2,MCF7,4.0,A199,12,2,40.0,2,1.8,,0,,2
2,MCF7,4.0,A199,12,2,40.0,2,1.9,,0,,1
3,MCF7,4.0,A199,12,2,40.0,3,0.0,,0,0.0,5421
3,MCF7,4.0,A199,12,2,40.0,3,0.1,,0,,0
3,MCF7,4.0,A199,12,2,40.0,3,0.2,,0,0.10961364209651947,73
3,MCF7,4.0,A199,12,2,40.0,3,0.3,0.06472186744213104,13,0.11136508733034134,1414
3,MCF7,4.0,A199,12,2,40.0,3,0.4,0.08579423278570175,630,0.10705617070198059,8291
3,MCF7,4.0,A199,12,2,40.0,3,0.5,0.10806368291378021,4279,0.1163194477558136,15840
3,MCF7,4.0,A199,12,2,40.0,3,0.6,0.11919520050287247,3081,0.12893973290920258,9047
3,MCF7,4.0,A199,12,2,40.0,3,0.7,0.12562274932861328,143,0.15035805106163025,1631
3,MCF7,4.0,A199,12,2,40.0,3,0.8,,0,0.1882687509059906,294
3,MCF7,4.0,A199,12,2,40.0,3,0.9,,0,0.20975980162620544,74
3,MCF7,4.0,A199,12,2,40.0,3,1.0,,0,0.24439431726932526,31
3,MCF7,4.0,A199,12,2,40.0,3,1.1,,0,,9
3,MCF7,4.0,A199,12,2,40.0,3,1.2,,0,,1
3,MCF7,4.0,A199,12,2,40.0,3,1.3,,0,,1
3,MCF7,4.0,A199,12,2,40.0,3,1.4,,0,,1
3,MCF7,4.0,A199,12,2,40.0,3,1.5,,0,,0
4,MCF7,4.0,A199,12,2,40.0,4,0.0,,0,0.0,2070
4,MCF7,4.0,A199,12,2,40.0,4,0.1,,0,0.09336286783218384,14
4,MCF7,4.0,A199,12,2,40.0,4,0.2,0.06647655367851257,2124,0.07193917036056519,5189
4,MCF7,4.0,A199,12,2,40.0,4,0.3,0.08176036179065704,5093,0.08372735232114792,16567
4,MCF7,4.0,A199,12,2,40.0,4,0.4,0.11859922856092453,6,0.10080063343048096,2881
4,MCF7,4.0,A199,12,2,40.0,4,0.5,,0,0.12418985366821289,385
4,MCF7,4.0,A199,12,2,40.0,4,0.6,,0,0.16894683241844177,40
4,MCF7,4.0,A199,12,2,40.0,4,0.7,,0,,5
4,MCF7,4.0,A199,12,2,40.0,4,0.8,,0,,1
1,MCF7,4.0,A199,13,2,40.0,1,0.6,0.1565786600112915,12,0.16772164404392242,33
1,MCF7,4.0,A199,13,2,40.0,1,0.7,0.15836621820926666,2183,0.16057170927524567,2625
1,MCF7,4.0,A199,13,2,40.0,1,0.8,0.15679414570331573,2749,0.15730980038642883,4631
1,MCF7,4.0,A199,13,2,40.0,1,0.9,0.14997698366641998,81,0.15508097410202026,1255
1,MCF7,4.0,A199,13,2,40.0,1,1.0,,0,0.1623678058385849,217
1,MCF7,4.0,A199,13,2,40.0,1,1.1,,0,0.1665807068347931,22
1,MCF7,4.0,A199,13,2,40.0,1,1.2,,0,,1
2,MCF7,4.0,A199,13,2,40.0,2,0.6,0.18704336881637573,433,0.18297319114208221,834
2,MCF7,4.0,A199,13,2,40.0,2,0.7,0.20057770609855652,4374,0.19858720898628235,7287
2,MCF7,4.0,A199,13,2,40.0,2,0.8,0.21135704219341278,705,0.217417910695076,5429
2,MCF7,4.0,A199,13,2,40.0,2,0.9,,2,0.24885566532611847,3181
2,MCF7,4.0,A199,13,2,40.0,2,1.0,,0,0.26923882961273193,1488
2,MCF7,4.0,A199,13,2,40.0,2,1.1,,0,0.28346216678619385,378
2,MCF7,4.0,A199,13,2,40.0,2,1.2,,0,0.30631178617477417,50
2,MCF7,4.0,A199,13,2,40.0,2,1.3,,0,,9
2,MCF7,4.0,A199,13,2,40.0,2,1.4,,0,,0
3,MCF7,4.0,A199,13,2,40.0,3,0.4,,4,0.13678941130638123,18
3,MCF7,4.0,A199,13,2,40.0,3,0.5,0.17419065535068512,1192,0.16910021007061005,1904
3,MCF7,4.0,A199,13,2,40.0,3,0.6,0.17834754288196564,6832,0.1750132292509079,12480
3,MCF7,4.0,A199,13,2,40.0,3,0.7,0.183905228972435,981,0.18040871620178223,6643
3,MCF7,4.0,A199,13,2,40.0,3,0.8,0.19979453086853027,11,0.19245295226573944,1092
3,MCF7,4.0,A199,13,2,40.0,3,0.9,,1,0.21047963201999664,65
3,MCF7,4.0,A199,13,2,40.0,3,1.0,,0,,5
3,MCF7,4.0,A199,13,2,40.0,3,1.1,,0,,1
3,MCF7,4.0,A199,13,2,40.0,3,1.2,,0,,0
4,MCF7,4.0,A199,13,2,40.0,4,0.7,0.14185971021652222,613,0.1434984654188156,719
4,MCF7,4.0,A199,13,2,40.0,4,0.8,0.14329944550991058,4013,0.14459006488323212,5877
4,MCF7,4.0,A199,13,2,40.0,4,0.9,0.14292778074741364,322,0.144832044839859,2316
4,MCF7,4.0,A199,13,2,40.0,4,1.0,,0,0.1507282704114914,353
4,MCF7,4.0,A199,13,2,40.0,4,1.1,,0,0.15915292501449585,15
4,MCF7,4.0,A199,13,2,40.0,4,1.2,,0,,0
5,MCF7,4.0,A199,13,2,40.0,5,0.5,0.1497441828250885,98,0.1371544748544693,954
5,MCF7,4.0,A199,13,2,40.0,5,0.6,0.1541457176208496,7066,0.14199614524841309,22414
5,MCF7,4.0,A199,13,2,40.0,5,0.7,0.1506308913230896,106,0.1404578983783722,2104
5,MCF7,4.0,A199,13,2,40.0,5,0.8,,0,,0
6,MCF7,4.0,A199,13,2,40.0,6,0.4,,0,0.12193642556667328,1317
6,MCF7,4.0,A199,13,2,40.0,6,0.5,0.17010189592838287,6663,0.14756353199481964,29526
6,MCF7,4.0,A199,13,2,40.0,6,0.6,0.17788556218147278,52,0.1643756777048111,133
7,MCF7,4.0,A199,13,2,40.0,7,0.6,0.1295236498117447,6,,6
7,MCF7,4.0,A199,13,2,40.0,7,0.7,0.15900878608226776,450,0.15765075385570526,497
7,MCF7,4.0,A199,13,2,40.0,7,0.8,0.1752879023551941,2403,0.17341123521327972,3071
7,MCF7,4.0,A199,13,2,40.0,7,0.9,0.18716822564601898,1448,0.18456058204174042,3186
7,MCF7,4.0,A199,13,2,40.0,7,1.0,0.19651292264461517,126,0.19502116739749908,1679
7,MCF7,4.0,A199,13,2,40.0,7,1.1,,2,0.20455707609653473,839
7,MCF7,4.0,A199,13,2,40.0,7,1.2,,0,0.2226843684911728,359
7,MCF7,4.0,A199,13,2,40.0,7,1.3,,0,0.2324037402868271,151
7,MCF7,4.0,A199,13,2,40.0,7,1.4,,0,0.24422483146190643,54
7,MCF7,4.0,A199,13,2,40.0,7,1.5,,0,0.22734810411930084,11
7,MCF7,4.0,A199,13,2,40.0,7,1.6,,0,,2
7,MCF7,4.0,A199,13,2,40.0,7,1.7,,0,,1
7,MCF7,4.0,A199,13,2,40.0,7,1.8,,0,,0
8,MCF7,4.0,A199,13,2,40.0,8,0.7,,3,,4
8,MCF7,4.0,A199,13,2,40.0,8,0.8,0.15761755406856537,94,0.15494993329048157,109
8,MCF7,4.0,A199,13,2,40.0,8,0.9,0.17037463188171387,908,0.1689729392528534,1030
8,MCF7,4.0,A199,13,2,40.0,8,1.0,0.1783417910337448,1909,0.1802525669336319,2545
8,MCF7,4.0,A199,13,2,40.0,8,1.1,0.18094567954540253,1351,0.19042488932609558,2595
8,MCF7,4.0,A199,13,2,40.0,8,1.2,0.17906449735164642,299,0.19893543422222137,1552
8,MCF7,4.0,A199,13,2,40.0,8,1.3,0.16426002979278564,21,0.20785129070281982,722
8,MCF7,4.0,A199,13,2,40.0,8,1.4,,0,0.21469707787036896,326
8,MCF7,4.0,A199,13,2,40.0,8,1.5,,0,0.21805055439472198,136
8,MCF7,4.0,A199,13,2,40.0,8,1.6,,0,0.22873805463314056,61
8,MCF7,4.0,A199,13,2,40.0,8,1.7,,0,0.22367921471595764,22
8,MCF7,4.0,A199,13,2,40.0,8,1.8,,0,,8
8,MCF7,4.0,A199,13,2,40.0,8,1.9,,0,,5
8,MCF7,4.0,A199,13,2,40.0,8,2.0,,0,,4
8,MCF7,4.0,A199,13,2,40.0,8,2.1,,0,,0
8,MCF7,4.0,A199,13,2,40.0,8,2.2,,0,,1
1,MCF7,4.0,A199,14,2,40.0,1,0.8,,0,0.2189074158668518,16
1,MCF7,4.0,A199,14,2,40.0,1,0.9,0.22524267435073853,355,0.2193496972322464,1845
1,MCF7,4.0,A199,14,2,40.0,1,1.0,0.22019995748996735,3551,0.21714535355567932,7637
1,MCF7,4.0,A199,14,2,40.0,1,1.1,0.22680895030498505,1159,0.2265494167804718,3313
1,MCF7,4.0,A199,14,2,40.0,1,1.2,0.23758260905742645,19,0.23632462322711945,133
1,MCF7,4.0,A199,14,2,40.0,1,1.3,,0,,0
2,MCF7,4.0,A199,14,2,40.0,2,0.3,,0,,1
2,MCF7,4.0,A199,14,2,40.0,2,0.4,,1,0.1296176314353943,132
2,MCF7,4.0,A199,14,2,40.0,2,0.5,0.15652480721473694,1668,0.14148089289665222,8489
2,MCF7,4.0,A199,14,2,40.0,2,0.6,0.15364907681941986,3345,0.14427119493484497,12304
2,MCF7,4.0,A199,14,2,40.0,2,0.7,0.14138741791248322,139,0.13958901166915894,1170
2,MCF7,4.0,A199,14,2,40.0,2,0.8,,0,0.146861270070076,16
2,MCF7,4.0,A199,14,2,40.0,2,0.9,,0,,0
3,MCF7,4.0,A199,14,2,40.0,3,0.0,,0,,9
3,MCF7,4.0,A199,14,2,40.0,3,0.1,,0,,0
3,MCF7,4.0,A199,14,2,40.0,3,0.2,,0,,0
3,MCF7,4.0,A199,14,2,40.0,3,0.3,,0,0.05388804152607918,89
3,MCF7,4.0,A199,14,2,40.0,3,0.4,0.07485151290893555,3535,0.06931719928979874,9630
3,MCF7,4.0,A199,14,2,40.0,3,0.5,0.0749361515045166,2788,0.06931990385055542,12331
3,MCF7,4.0,A199,14,2,40.0,3,0.6,0.07903870195150375,5,0.06984931230545044,1072
3,MCF7,4.0,A199,14,2,40.0,3,0.7,,0,0.07233379036188126,33
3,MCF7,4.0,A199,14,2,40.0,3,0.8,,0,,3
3,MCF7,4.0,A199,14,2,40.0,3,0.9,,0,,1
4,MCF7,4.0,A199,14,2,40.0,4,0.5,0.11515065282583237,31,0.12491950392723083,49
4,MCF7,4.0,A199,14,2,40.0,4,0.6,0.12276116013526917,3930,0.12428157031536102,5927
4,MCF7,4.0,A199,14,2,40.0,4,0.7,0.12919224798679352,971,0.13032418489456177,3803
4,MCF7,4.0,A199,14,2,40.0,4,0.8,,1,0.1320517361164093,295
4,MCF7,4.0,A199,14,2,40.0,4,0.9,,0,,6
5,MCF7,4.0,A199,14,2,40.0,5,0.4,,0,,3
5,MCF7,4.0,A199,14,2,40.0,5,0.5,0.11508706212043762,688,0.10189275443553925,7510
5,MCF7,4.0,A199,14,2,40.0,5,0.6,0.1283402293920517,4717,0.12586966156959534,8329
5,MCF7,4.0,A199,14,2,40.0,5,0.7,,0,0.11315355449914932,14
1,MCF7,4.0,A199,2,2,40.0,1,0.3,,0,,3
1,MCF7,4.0,A199,2,2,40.0,1,0.4,0.16077573597431183,753,0.1536080241203308,3181
1,MCF7,4.0,A199,2,2,40.0,1,0.5,0.16573968529701233,10551,0.1651776134967804,35933
1,MCF7,4.0,A199,2,2,40.0,1,0.6,0.1810142695903778,72,0.17611080408096313,4056
1,MCF7,4.0,A199,2,2,40.0,1,0.7,,0,0.1878705769777298,43
2,MCF7,4.0,A199,2,2,40.0,2,0.4,,0,,1
2,MCF7,4.0,A199,2,2,40.0,2,0.5,,0,0.16463208198547363,61
2,MCF7,4.0,A199,2,2,40.0,2,0.6,0.13049891591072083,72,0.14771145582199097,475
2,MCF7,4.0,A199,2,2,40.0,2,0.7,0.1355694830417633,1381,0.14258703589439392,2727
2,MCF7,4.0,A199,2,2,40.0,2,0.8,0.14058364927768707,2442,0.14723730087280273,4257
2,MCF7,4.0,A199,2,2,40.0,2,0.9,0.14677725732326508,742,0.15584327280521393,1670
2,MCF7,4.0,A199,2,2,40.0,2,1.0,0.15735101699829102,38,0.1645384430885315,238
2,MCF7,4.0,A199,2,2,40.0,2,1.1,,0,0.1664767861366272,37
2,MCF7,4.0,A199,2,2,40.0,2,1.2,,0,,5
2,MCF7,4.0,A199,2,2,40.0,2,1.3,,0,,0
2,MCF7,4.0,A199,2,2,40.0,2,1.4,,0,,0
2,MCF7,4.0,A199,2,2,40.0,2,1.5,,0,,1
2,MCF7,4.0,A199,2,2,40.0,2,1.6,,0,,0
3,MCF7,4.0,A199,2,2,40.0,3,0.8,0.22743746638298035,131,0.2299538254737854,145
3,MCF7,4.0,A199,2,2,40.0,3,0.9,0.23620012402534485,3950,0.23677504062652588,4350
3,MCF7,4.0,A199,2,2,40.0,3,1.0,0.2500414252281189,5624,0.25041624903678894,7926
3,MCF7,4.0,A199,2,2,40.0,3,1.1,0.26814109086990356,1058,0.2619099020957947,5281
3,MCF7,4.0,A199,2,2,40.0,3,1.2,0.26048871874809265,132,0.2658001184463501,5129
3,MCF7,4.0,A199,2,2,40.0,3,1.3,0.22838833928108215,32,0.2681819796562195,4197
3,MCF7,4.0,A199,2,2,40.0,3,1.4,,4,0.26946336030960083,2329
3,MCF7,4.0,A199,2,2,40.0,3,1.5,,0,0.26839011907577515,1170
3,MCF7,4.0,A199,2,2,40.0,3,1.6,,0,0.268089234828949,556
3,MCF7,4.0,A199,2,2,40.0,3,1.7,,0,0.2788139879703522,254
3,MCF7,4.0,A199,2,2,40.0,3,1.8,,0,0.2848576009273529,124
3,MCF7,4.0,A199,2,2,40.0,3,1.9,,0,0.2970687448978424,45
3,MCF7,4.0,A199,2,2,40.0,3,2.0,,0,,7
3,MCF7,4.0,A199,2,2,40.0,3,2.1,,0,,4
3,MCF7,4.0,A199,2,2,40.0,3,2.2,,0,,1
3,MCF7,4.0,A199,2,2,40.0,3,2.3,,0,,0
3,MCF7,4.0,A199,2,2,40.0,3,2.4,,0,,2
3,MCF7,4.0,A199,2,2,40.0,3,2.5,,0,,0
4,MCF7,4.0,A199,2,2,40.0,4,1.2,,0,,6
4,MCF7,4.0,A199,2,2,40.0,4,1.3,,0,0.14444150030612946,46
4,MCF7,4.0,A199,2,2,40.0,4,1.4,0.21352100372314453,5,0.16411922872066498,219
4,MCF7,4.0,A199,2,2,40.0,4,1.5,0.19613918662071228,117,0.18129990994930267,791
4,MCF7,4.0,A199,2,2,40.0,4,1.6,0.19765497744083405,1076,0.19602322578430176,2599
4,MCF7,4.0,A199,2,2,40.0,4,1.7,0.20266567170619965,2643,0.19946204125881195,4323
4,MCF7,4.0,A199,2,2,40.0,4,1.8,0.2046988159418106,1842,0.20034606754779816,3072
4,MCF7,4.0,A199,2,2,40.0,4,1.9,0.20526757836341858,358,0.19651299715042114,1040
4,MCF7,4.0,A199,2,2,40.0,4,2.0,0.20069237053394318,28,0.195406973361969,307
4,MCF7,4.0,A199,2,2,40.0,4,2.1,,1,0.17848892509937286,108
4,MCF7,4.0,A199,2,2,40.0,4,2.2,,0,0.19162265956401825,53
4,MCF7,4.0,A199,2,2,40.0,4,2.3,,0,0.21773530542850494,23
4,MCF7,4.0,A199,2,2,40.0,4,2.4,,0,0.2298070341348648,12
4,MCF7,4.0,A199,2,2,40.0,4,2.5,,0,,3
4,MCF7,4.0,A199,2,2,40.0,4,2.6,,0,,1
4,MCF7,4.0,A199,2,2,40.0,4,2.7,,0,,0
4,MCF7,4.0,A199,2,2,40.0,4,2.8,,0,,4
4,MCF7,4.0,A199,2,2,40.0,4,2.9,,0,,1
1,MCF7,4.0,A199,3,2,40.0,1,0.4,,1,0.13568229973316193,19
1,MCF7,4.0,A199,3,2,40.0,1,0.5,0.1516730934381485,2415,0.15086723864078522,4522
1,MCF7,4.0,A199,3,2,40.0,1,0.6,0.16329947113990784,7188,0.15943308174610138,15204
1,MCF7,4.0,A199,3,2,40.0,1,0.7,0.1826917976140976,380,0.16964636743068695,3863
1,MCF7,4.0,A199,3,2,40.0,1,0.8,0.21843530237674713,8,0.18323197960853577,339
1,MCF7,4.0,A199,3,2,40.0,1,0.9,,0,0.19057931005954742,19
1,MCF7,4.0,A199,3,2,40.0,1,1.0,,0,,2
1,MCF7,4.0,A199,3,2,40.0,1,1.1,,0,,0
2,MCF7,4.0,A199,3,2,40.0,2,0.3,0.13424886763095856,13,0.138027161359787,44
2,MCF7,4.0,A199,3,2,40.0,2,0.4,0.1372275948524475,627,0.1420830488204956,1207
2,MCF7,4.0,A199,3,2,40.0,2,0.5,0.1524592638015747,5077,0.14720629155635834,7549
2,MCF7,4.0,A199,3,2,40.0,2,0.6,0.16437682509422302,3200,0.15647944808006287,11391
2,MCF7,4.0,A199,3,2,40.0,2,0.7,0.17070937156677246,163,0.16440905630588531,7329
2,MCF7,4.0,A199,3,2,40.0,2,0.8,0.18226505815982819,8,0.17506200075149536,1754
2,MCF7,4.0,A199,3,2,40.0,2,0.9,,0,0.1841803342103958,174
2,MCF7,4.0,A199,3,2,40.0,2,1.0,,0,,7
2,MCF7,4.0,A199,3,2,40.0,2,1.1,,0,,1
3,MCF7,4.0,A199,3,2,40.0,3,0.0,,0,,5
3,MCF7,4.0,A199,3,2,40.0,3,0.1,,0,,0
3,MCF7,4.0,A199,3,2,40.0,3,0.2,,0,,0
3,MCF7,4.0,A199,3,2,40.0,3,0.3,,0,,0
3,MCF7,4.0,A199,3,2,40.0,3,0.4,,0,,0
3,MCF7,4.0,A199,3,2,40.0,3,0.5,,0,,0
3,MCF7,4.0,A199,3,2,40.0,3,0.6,,0,,0
3,MCF7,4.0,A199,3,2,40.0,3,0.7,,0,,0
3,MCF7,4.0,A199,3,2,40.0,3,0.8,,0,,2
3,MCF7,4.0,A199,3,2,40.0,3,0.9,0.12338431924581528,98,0.12294625490903854,138
3,MCF7,4.0,A199,3,2,40.0,3,1.0,0.13101454079151154,1493,0.13019180297851562,1759
3,MCF7,4.0,A199,3,2,40.0,3,1.1,0.1360398679971695,2094,0.13558757305145264,2978
3,MCF7,4.0,A199,3,2,40.0,3,1.2,0.1398792266845703,985,0.14186136424541473,2472
3,MCF7,4.0,A199,3,2,40.0,3,1.3,0.13850224018096924,269,0.14864234626293182,1667
3,MCF7,4.0,A199,3,2,40.0,3,1.4,0.1270490437746048,49,0.15090841054916382,1144
3,MCF7,4.0,A199,3,2,40.0,3,1.5,0.1419132947921753,5,0.1528574526309967,857
3,MCF7,4.0,A199,3,2,40.0,3,1.6,,0,0.1531403511762619,738
3,MCF7,4.0,A199,3,2,40.0,3,1.7,,0,0.1533159464597702,745
3,MCF7,4.0,A199,3,2,40.0,3,1.8,,0,0.15520580112934113,717
3,MCF7,4.0,A199,3,2,40.0,3,1.9,,0,0.15672001242637634,676
3,MCF7,4.0,A199,3,2,40.0,3,2.0,,0,0.16151069104671478,681
3,MCF7,4.0,A199,3,2,40.0,3,2.1,,0,0.16558346152305603,658
3,MCF7,4.0,A199,3,2,40.0,3,2.2,,0,0.16841048002243042,625
3,MCF7,4.0,A199,3,2,40.0,3,2.3,,0,0.17176751792430878,567
3,MCF7,4.0,A199,3,2,40.0,3,2.4,,0,0.17612655460834503,479
3,MCF7,4.0,A199,3,2,40.0,3,2.5,,0,0.17306551337242126,345
3,MCF7,4.0,A199,3,2,40.0,3,2.6,,0,0.18490296602249146,277
3,MCF7,4.0,A199,3,2,40.0,3,2.7,,0,0.18817265331745148,218
3,MCF7,4.0,A199,3,2,40.0,3,2.8,,0,0.19262279570102692,144
3,MCF7,4.0,A199,3,2,40.0,3,2.9,,0,0.19796444475650787,114
3,MCF7,4.0,A199,3,2,40.0,3,3.0,,0,0.20194993913173676,83
3,MCF7,4.0,A199,3,2,40.0,3,3.1,,0,0.20345453917980194,58
3,MCF7,4.0,A199,3,2,40.0,3,3.2,,0,0.21149249374866486,38
3,MCF7,4.0,A199,3,2,40.0,3,3.3,,0,0.20346590876579285,26
3,MCF7,4.0,A199,3,2,40.0,3,3.4,,0,0.24193261563777924,12
3,MCF7,4.0,A199,3,2,40.0,3,3.5,,0,,9
3,MCF7,4.0,A199,3,2,40.0,3,3.6,,0,,7
3,MCF7,4.0,A199,3,2,40.0,3,3.7,,0,,8
3,MCF7,4.0,A199,3,2,40.0,3,3.8,,0,,3
3,MCF7,4.0,A199,3,2,40.0,3,3.9,,0,,1
3,MCF7,4.0,A199,3,2,40.0,3,4.0,,0,,2
3,MCF7,4.0,A199,3,2,40.0,3,4.1,,0,,0
3,MCF7,4.0,A199,3,2,40.0,3,4.2,,0,,0
3,MCF7,4.0,A199,3,2,40.0,3,4.3,,0,,2
3,MCF7,4.0,A199,3,2,40.0,3,4.4,,0,,0
3,MCF7,4.0,A199,3,2,40.0,3,4.5,,0,,0
3,MCF7,4.0,A199,3,2,40.0,3,4.6,,0,,1
3,MCF7,4.0,A199,3,2,40.0,3,4.7,,0,,0
4,MCF7,4.0,A199,3,2,40.0,4,0.0,,0,0.0,387
4,MCF7,4.0,A199,3,2,40.0,4,0.1,,0,,0
4,MCF7,4.0,A199,3,2,40.0,4,0.2,,0,,0
4,MCF7,4.0,A199,3,2,40.0,4,0.3,,0,,0
4,MCF7,4.0,A199,3,2,40.0,4,0.4,,0,,0
4,MCF7,4.0,A199,3,2,40.0,4,0.5,,0,,0
4,MCF7,4.0,A199,3,2,40.0,4,0.6,,0,,0
4,MCF7,4.0,A199,3,2,40.0,4,0.7,,0,,0
4,MCF7,4.0,A199,3,2,40.0,4,0.8,,0,,0
4,MCF7,4.0,A199,3,2,40.0,4,0.9,,0,,0
4,MCF7,4.0,A199,3,2,40.0,4,1.0,,0,,0
4,MCF7,4.0,A199,3,2,40.0,4,1.1,,0,,0
4,MCF7,4.0,A199,3,2,40.0,4,1.2,,0,,0
4,MCF7,4.0,A199,3,2,40.0,4,1.3,,0,,0
4,MCF7,4.0,A199,3,2,40.0,4,1.4,,0,,0
4,MCF7,4.0,A199,3,2,40.0,4,1.5,,0,,0
4,MCF7,4.0,A199,3,2,40.0,4,1.6,,0,,0
4,MCF7,4.0,A199,3,2,40.0,4,1.7,,0,,0
4,MCF7,4.0,A199,3,2,40.0,4,1.8,,0,,2
4,MCF7,4.0,A199,3,2,40.0,4,1.9,,0,,3
4,MCF7,4.0,A199,3,2,40.0,4,2.0,,0,,3
4,MCF7,4.0,A199,3,2,40.0,4,2.1,,0,,9
4,MCF7,4.0,A199,3,2,40.0,4,2.2,,1,0.15442918241024017,18
4,MCF7,4.0,A199,3,2,40.0,4,2.3,,3,0.1564880907535553,32
4,MCF7,4.0,A199,3,2,40.0,4,2.4,0.1970061957836151,13,0.17567701637744904,78
4,MCF7,4.0,A199,3,2,40.0,4,2.5,0.1739608347415924,32,0.17946039140224457,126
4,MCF7,4.0,A199,3,2,40.0,4,2.6,0.20548920333385468,42,0.2015613466501236,167
4,MCF7,4.0,A199,3,2,40.0,4,2.7,0.18946503102779388,103,0.19359047710895538,256
4,MCF7,4.0,A199,3,2,40.0,4,2.8,0.20012396574020386,162,0.2015133649110794,355
4,MCF7,4.0,A199,3,2,40.0,4,2.9,0.20364885032176971,222,0.201727032661438,464
4,MCF7,4.0,A199,3,2,40.0,4,3.0,0.1997443288564682,331,0.20439335703849792,635
4,MCF7,4.0,A199,3,2,40.0,4,3.1,0.20826533436775208,409,0.21099910140037537,758
4,MCF7,4.0,A199,3,2,40.0,4,3.2,0.20695970952510834,521,0.20999900996685028,901
4,MCF7,4.0,A199,3,2,40.0,4,3.3,0.21061305701732635,662,0.2126827985048294,1053
4,MCF7,4.0,A199,3,2,40.0,4,3.4,0.21178120374679565,703,0.21712510287761688,1112
4,MCF7,4.0,A199,3,2,40.0,4,3.5,0.21222615242004395,737,0.21998611092567444,1169
4,MCF7,4.0,A199,3,2,40.0,4,3.6,0.21208973228931427,694,0.21970002353191376,1143
4,MCF7,4.0,A199,3,2,40.0,4,3.7,0.21676935255527496,636,0.2241884171962738,1050
4,MCF7,4.0,A199,3,2,40.0,4,3.8,0.2186041921377182,542,0.22651810944080353,927
4,MCF7,4.0,A199,3,2,40.0,4,3.9,0.22088593244552612,444,0.22627271711826324,797
4,MCF7,4.0,A199,3,2,40.0,4,4.0,0.21781164407730103,356,0.2271878570318222,664
4,MCF7,4.0,A199,3,2,40.0,4,4.1,0.2191137820482254,228,0.22585135698318481,499
4,MCF7,4.0,A199,3,2,40.0,4,4.2,0.21608607470989227,169,0.22423331439495087,436
4,MCF7,4.0,A199,3,2,40.0,4,4.3,0.2274511307477951,128,0.23520813882350922,322
4,MCF7,4.0,A199,3,2,40.0,4,4.4,0.2262791246175766,86,0.2321339100599289,273
4,MCF7,4.0,A199,3,2,40.0,4,4.5,0.21381984651088715,62,0.23634850978851318,212
4,MCF7,4.0,A199,3,2,40.0,4,4.6,0.20928418636322021,33,0.24046270549297333,159
4,MCF7,4.0,A199,3,2,40.0,4,4.7,0.20823529362678528,17,0.23084500432014465,117
4,MCF7,4.0,A199,3,2,40.0,4,4.8,0.22533868253231049,15,0.21843014657497406,89
4,MCF7,4.0,A199,3,2,40.0,4,4.9,0.22725538909435272,7,0.22533392906188965,86
4,MCF7,4.0,A199,3,2,40.0,4,5.0,,2,0.24151888489723206,68
4,MCF7,4.0,A199,3,2,40.0,4,5.1,,4,0.23871241509914398,45
4,MCF7,4.0,A199,3,2,40.0,4,5.2,,1,0.2394281029701233,43
4,MCF7,4.0,A199,3,2,40.0,4,5.3,,0,0.21021202206611633,18
4,MCF7,4.0,A199,3,2,40.0,4,5.4,,0,0.21529696881771088,25
4,MCF7,4.0,A199,3,2,40.0,4,5.5,,1,0.2040885090827942,22
4,MCF7,4.0,A199,3,2,40.0,4,5.6,,0,0.2177555412054062,19
4,MCF7,4.0,A199,3,2,40.0,4,5.7,,0,,9
4,MCF7,4.0,A199,3,2,40.0,4,5.8,,0,,4
4,MCF7,4.0,A199,3,2,40.0,4,5.9,,0,0.2119254618883133,11
4,MCF7,4.0,A199,3,2,40.0,4,6.0,,0,,6
4,MCF7,4.0,A199,3,2,40.0,4,6.1,,0,,6
4,MCF7,4.0,A199,3,2,40.0,4,6.2,,0,,4
4,MCF7,4.0,A199,3,2,40.0,4,6.3,,0,,6
4,MCF7,4.0,A199,3,2,40.0,4,6.4,,0,,5
4,MCF7,4.0,A199,3,2,40.0,4,6.5,,0,,5
4,MCF7,4.0,A199,3,2,40.0,4,6.6,,0,,3
4,MCF7,4.0,A199,3,2,40.0,4,6.7,,0,,0
4,MCF7,4.0,A199,3,2,40.0,4,6.8,,0,,2
4,MCF7,4.0,A199,3,2,40.0,4,6.9,,0,,1
4,MCF7,4.0,A199,3,2,40.0,4,7.0,,0,,2
4,MCF7,4.0,A199,3,2,40.0,4,7.1,,0,,0
4,MCF7,4.0,A199,3,2,40.0,4,7.2,,0,,0
4,MCF7,4.0,A199,3,2,40.0,4,7.3,,0,,0
4,MCF7,4.0,A199,3,2,40.0,4,7.4,,0,,0
4,MCF7,4.0,A199,3,2,40.0,4,7.5,,0,,0
4,MCF7,4.0,A199,3,2,40.0,4,7.6,,0,,1
4,MCF7,4.0,A199,3,2,40.0,4,7.7,,0,,1
1,MCF7,4.0,A199,4,2,40.0,1,0.7,0.18375901877880096,6,0.15855595469474792,80
1,MCF7,4.0,A199,4,2,40.0,1,0.8,0.19172020256519318,326,0.17776763439178467,1127
1,MCF7,4.0,A199,4,2,40.0,1,0.9,0.19328509271144867,1217,0.18726664781570435,2853
1,MCF7,4.0,A199,4,2,40.0,1,1.0,0.20502762496471405,1758,0.20550090074539185,3034
1,MCF7,4.0,A199,4,2,40.0,1,1.1,0.2158770114183426,578,0.22272418439388275,1262
1,MCF7,4.0,A199,4,2,40.0,1,1.2,0.2276177853345871,53,0.23602205514907837,263
1,MCF7,4.0,A199,4,2,40.0,1,1.3,,0,0.2395961880683899,58
1,MCF7,4.0,A199,4,2,40.0,1,1.4,,0,,9
1,MCF7,4.0,A199,4,2,40.0,1,1.5,,0,,2
1,MCF7,4.0,A199,4,2,40.0,1,1.6,,0,,0
2,MCF7,4.0,A199,4,2,40.0,2,0.0,,0,0.0,2142
2,MCF7,4.0,A199,4,2,40.0,2,0.1,,0,,0
2,MCF7,4.0,A199,4,2,40.0,2,0.2,,0,,0
2,MCF7,4.0,A199,4,2,40.0,2,0.3,,0,,2
2,MCF7,4.0,A199,4,2,40.0,2,0.4,,0,0.13417364656925201,38
2,MCF7,4.0,A199,4,2,40.0,2,0.5,0.11029799282550812,58,0.12905319035053253,536
2,MCF7,4.0,A199,4,2,40.0,2,0.6,0.11399698257446289,1439,0.12593995034694672,3645
2,MCF7,4.0,A199,4,2,40.0,2,0.7,0.11970243602991104,4806,0.1296839565038681,9056
2,MCF7,4.0,A199,4,2,40.0,2,0.8,0.1258191168308258,2926,0.13757866621017456,7064
2,MCF7,4.0,A199,4,2,40.0,2,0.9,0.12686048448085785,546,0.15289616584777832,3098
2,MCF7,4.0,A199,4,2,40.0,2,1.0,0.1276462972164154,53,0.1711001843214035,1243
2,MCF7,4.0,A199,4,2,40.0,2,1.1,,4,0.18746958673000336,472
2,MCF7,4.0,A199,4,2,40.0,2,1.2,,0,0.21423158049583435,203
2,MCF7,4.0,A199,4,2,40.0,2,1.3,,0,0.22293129563331604,93
2,MCF7,4.0,A199,4,2,40.0,2,1.4,,0,0.21480831503868103,32
2,MCF7,4.0,A199,4,2,40.0,2,1.5,,0,0.2183663249015808,12
2,MCF7,4.0,A199,4,2,40.0,2,1.6,,0,,8
2,MCF7,4.0,A199,4,2,40.0,2,1.7,,0,,3
2,MCF7,4.0,A199,4,2,40.0,2,1.8,,0,,1
2,MCF7,4.0,A199,4,2,40.0,2,1.9,,0,,0
3,MCF7,4.0,A199,4,2,40.0,3,0.0,,0,,2
3,MCF7,4.0,A199,4,2,40.0,3,0.1,,0,,0
3,MCF7,4.0,A199,4,2,40.0,3,0.2,,0,,0
3,MCF7,4.0,A199,4,2,40.0,3,0.3,,0,,0
3,MCF7,4.0,A199,4,2,40.0,3,0.4,,0,,3
3,MCF7,4.0,A199,4,2,40.0,3,0.5,,3,0.1278601586818695,164
3,MCF7,4.0,A199,4,2,40.0,3,0.6,0.12463844567537308,616,0.12802807986736298,2443
3,MCF7,4.0,A199,4,2,40.0,3,0.7,0.121246837079525,4701,0.12517894804477692,9306
3,MCF7,4.0,A199,4,2,40.0,3,0.8,0.11830500513315201,2565,0.1227649673819542,5183
3,MCF7,4.0,A199,4,2,40.0,3,0.9,0.11786368489265442,72,0.13322000205516815,656
3,MCF7,4.0,A199,4,2,40.0,3,1.0,,0,0.1445273756980896,103
3,MCF7,4.0,A199,4,2,40.0,3,1.1,,0,0.1604449450969696,20
3,MCF7,4.0,A199,4,2,40.0,3,1.2,,0,,7
3,MCF7,4.0,A199,4,2,40.0,3,1.3,,0,,1
1,MCF7,4.0,A199,5,2,40.0,1,0.0,,0,,6
1,MCF7,4.0,A199,5,2,40.0,1,0.1,,0,,0
1,MCF7,4.0,A199,5,2,40.0,1,0.2,,0,,0
1,MCF7,4.0,A199,5,2,40.0,1,0.3,,0,,0
1,MCF7,4.0,A199,5,2,40.0,1,0.4,,0,,0
1,MCF7,4.0,A199,5,2,40.0,1,0.5,,0,0.14386625587940216,18
1,MCF7,4.0,A199,5,2,40.0,1,0.6,0.16292811930179596,226,0.163319930434227,713
1,MCF7,4.0,A199,5,2,40.0,1,0.7,0.15895554423332214,5889,0.16260622441768646,8837
1,MCF7,4.0,A199,5,2,40.0,1,0.8,0.15986737608909607,5088,0.16392254829406738,11876
1,MCF7,4.0,A199,5,2,40.0,1,0.9,0.16087990999221802,442,0.16717559099197388,7949
1,MCF7,4.0,A199,5,2,40.0,1,1.0,0.15662699937820435,9,0.17133492231369019,5295
1,MCF7,4.0,A199,5,2,40.0,1,1.1,,0,0.18027690052986145,3193
1,MCF7,4.0,A199,5,2,40.0,1,1.2,,0,0.18701986968517303,1767
1,MCF7,4.0,A199,5,2,40.0,1,1.3,,0,0.1955801397562027,874
1,MCF7,4.0,A199,5,2,40.0,1,1.4,,0,0.20410315692424774,360
1,MCF7,4.0,A199,5,2,40.0,1,1.5,,0,0.21054700016975403,168
1,MCF7,4.0,A199,5,2,40.0,1,1.6,,0,0.2222156971693039,62
1,MCF7,4.0,A199,5,2,40.0,1,1.7,,0,0.24475479125976562,34
1,MCF7,4.0,A199,5,2,40.0,1,1.8,,0,0.22093906998634338,17
1,MCF7,4.0,A199,5,2,40.0,1,1.9,,0,,6
1,MCF7,4.0,A199,5,2,40.0,1,2.0,,0,,6
1,MCF7,4.0,A199,5,2,40.0,1,2.1,,0,,0
1,MCF7,4.0,A199,5,2,40.0,1,2.2,,0,,1
1,MCF7,4.0,A199,5,2,40.0,1,2.3,,0,,2
1,MCF7,4.0,A199,5,2,40.0,1,2.4,,0,,0
2,MCF7,4.0,A199,5,2,40.0,2,0.0,,0,0.0,333
2,MCF7,4.0,A199,5,2,40.0,2,0.1,,0,,0
2,MCF7,4.0,A199,5,2,40.0,2,0.2,,0,,0
2,MCF7,4.0,A199,5,2,40.0,2,0.3,,0,,0
2,MCF7,4.0,A199,5,2,40.0,2,0.4,,0,,0
2,MCF7,4.0,A199,5,2,40.0,2,0.5,,0,,0
2,MCF7,4.0,A199,5,2,40.0,2,0.6,,0,,0
2,MCF7,4.0,A199,5,2,40.0,2,0.7,,1,,5
2,MCF7,4.0,A199,5,2,40.0,2,0.8,0.1488940566778183,11,0.14956064522266388,92
2,MCF7,4.0,A199,5,2,40.0,2,0.9,0.15238691866397858,228,0.1557478904724121,565
2,MCF7,4.0,A199,5,2,40.0,2,1.0,0.15589630603790283,1544,0.1569056659936905,2530
2,MCF7,4.0,A199,5,2,40.0,2,1.1,0.15972892940044403,3223,0.1625191867351532,5160
2,MCF7,4.0,A199,5,2,40.0,2,1.2,0.16328497231006622,2670,0.1692441701889038,5412
2,MCF7,4.0,A199,5,2,40.0,2,1.3,0.16727347671985626,1200,0.17791669070720673,4300
2,MCF7,4.0,A199,5,2,40.0,2,1.4,0.1702892780303955,299,0.18850328028202057,2936
2,MCF7,4.0,A199,5,2,40.0,2,1.5,0.1580118089914322,47,0.19813333451747894,2044
2,MCF7,4.0,A199,5,2,40.0,2,1.6,0.1716708242893219,7,0.21033476293087006,1412
2,MCF7,4.0,A199,5,2,40.0,2,1.7,,0,0.2148522436618805,941
2,MCF7,4.0,A199,5,2,40.0,2,1.8,,0,0.232256218791008,611
2,MCF7,4.0,A199,5,2,40.0,2,1.9,,0,0.22948507964611053,394
2,MCF7,4.0,A199,5,2,40.0,2,2.0,,0,0.2444208711385727,224
2,MCF7,4.0,A199,5,2,40.0,2,2.1,,0,0.26073479652404785,143
2,MCF7,4.0,A199,5,2,40.0,2,2.2,,0,0.241384357213974,92
2,MCF7,4.0,A199,5,2,40.0,2,2.3,,0,0.2631925940513611,52
2,MCF7,4.0,A199,5,2,40.0,2,2.4,,0,0.28631991147994995,32
2,MCF7,4.0,A199,5,2,40.0,2,2.5,,0,0.2381206750869751,17
2,MCF7,4.0,A199,5,2,40.0,2,2.6,,0,0.27233073115348816,14
2,MCF7,4.0,A199,5,2,40.0,2,2.7,,0,,8
2,MCF7,4.0,A199,5,2,40.0,2,2.8,,0,,5
2,MCF7,4.0,A199,5,2,40.0,2,2.9,,0,,2
2,MCF7,4.0,A199,5,2,40.0,2,3.0,,0,,2
2,MCF7,4.0,A199,5,2,40.0,2,3.1,,0,,0
2,MCF7,4.0,A199,5,2,40.0,2,3.2,,0,,1
2,MCF7,4.0,A199,5,2,40.0,2,3.3,,0,,0
2,MCF7,4.0,A199,5,2,40.0,2,3.4,,0,,0
2,MCF7,4.0,A199,5,2,40.0,2,3.5,,0,,0
2,MCF7,4.0,A199,5,2,40.0,2,3.6,,0,,0
2,MCF7,4.0,A199,5,2,40.0,2,3.7,,0,,0
2,MCF7,4.0,A199,5,2,40.0,2,3.8,,0,,0
2,MCF7,4.0,A199,5,2,40.0,2,3.9,,0,,1
3,MCF7,4.0,A199,5,2,40.0,3,0.0,,0,0.0,61
3,MCF7,4.0,A199,5,2,40.0,3,0.1,,0,,0
3,MCF7,4.0,A199,5,2,40.0,3,0.2,,0,,0
3,MCF7,4.0,A199,5,2,40.0,3,0.3,,0,,0
3,MCF7,4.0,A199,5,2,40.0,3,0.4,,0,,0
3,MCF7,4.0,A199,5,2,40.0,3,0.5,,0,,4
3,MCF7,4.0,A199,5,2,40.0,3,0.6,0.16009314358234406,41,0.1397581249475479,178
3,MCF7,4.0,A199,5,2,40.0,3,0.7,0.16421093046665192,1921,0.15724965929985046,3202
3,MCF7,4.0,A199,5,2,40.0,3,0.8,0.17577773332595825,7232,0.1705837845802307,11015
3,MCF7,4.0,A199,5,2,40.0,3,0.9,0.1880703568458557,3092,0.18073226511478424,8094
3,MCF7,4.0,A199,5,2,40.0,3,1.0,0.20258012413978577,332,0.19147349894046783,4984
3,MCF7,4.0,A199,5,2,40.0,3,1.1,0.211450457572937,18,0.20241649448871613,3677
3,MCF7,4.0,A199,5,2,40.0,3,1.2,,0,0.2117590606212616,2647
3,MCF7,4.0,A199,5,2,40.0,3,1.3,,0,0.22019897401332855,1844
3,MCF7,4.0,A199,5,2,40.0,3,1.4,,0,0.23033937811851501,1163
3,MCF7,4.0,A199,5,2,40.0,3,1.5,,0,0.2417617291212082,723
3,MCF7,4.0,A199,5,2,40.0,3,1.6,,0,0.2558581233024597,439
3,MCF7,4.0,A199,5,2,40.0,3,1.7,,0,0.2600800395011902,259
3,MCF7,4.0,A199,5,2,40.0,3,1.8,,0,0.2740608751773834,143
3,MCF7,4.0,A199,5,2,40.0,3,1.9,,0,0.30123159289360046,83
3,MCF7,4.0,A199,5,2,40.0,3,2.0,,0,0.27723681926727295,59
3,MCF7,4.0,A199,5,2,40.0,3,2.1,,0,0.2980800271034241,24
3,MCF7,4.0,A199,5,2,40.0,3,2.2,,0,0.27555131912231445,19
3,MCF7,4.0,A199,5,2,40.0,3,2.3,,0,0.32039177417755127,11
3,MCF7,4.0,A199,5,2,40.0,3,2.4,,0,,6
3,MCF7,4.0,A199,5,2,40.0,3,2.5,,0,,2
3,MCF7,4.0,A199,5,2,40.0,3,2.6,,0,,0
3,MCF7,4.0,A199,5,2,40.0,3,2.7,,0,,1
3,MCF7,4.0,A199,5,2,40.0,3,2.8,,0,,0
3,MCF7,4.0,A199,5,2,40.0,3,2.9,,0,,0
3,MCF7,4.0,A199,5,2,40.0,3,3.0,,0,,2
3,MCF7,4.0,A199,5,2,40.0,3,3.1,,0,,0
4,MCF7,4.0,A199,5,2,40.0,4,0.3,,0,,1
4,MCF7,4.0,A199,5,2,40.0,4,0.4,,0,,0
4,MCF7,4.0,A199,5,2,40.0,4,0.5,0.1308145672082901,459,0.13297440111637115,587
4,MCF7,4.0,A199,5,2,40.0,4,0.6,0.13633465766906738,4261,0.1390557587146759,5768
4,MCF7,4.0,A199,5,2,40.0,4,0.7,0.143146812915802,1966,0.15185914933681488,5317
4,MCF7,4.0,A199,5,2,40.0,4,0.8,0.14492061734199524,181,0.1628154069185257,3160
4,MCF7,4.0,A199,5,2,40.0,4,0.9,,3,0.17488619685173035,1596
4,MCF7,4.0,A199,5,2,40.0,4,1.0,,0,0.18545910716056824,742
4,MCF7,4.0,A199,5,2,40.0,4,1.1,,0,0.20166273415088654,276
4,MCF7,4.0,A199,5,2,40.0,4,1.2,,0,0.2175453007221222,95
4,MCF7,4.0,A199,5,2,40.0,4,1.3,,0,0.23216453194618225,30
4,MCF7,4.0,A199,5,2,40.0,4,1.4,,0,0.23048663139343262,12
4,MCF7,4.0,A199,5,2,40.0,4,1.5,,0,,0
5,MCF7,4.0,A199,5,2,40.0,5,0.0,,0,0.0,33870
5,MCF7,4.0,A199,5,2,40.0,5,0.1,,0,,0
5,MCF7,4.0,A199,5,2,40.0,5,0.2,,0,,0
5,MCF7,4.0,A199,5,2,40.0,5,0.3,,0,,0
5,MCF7,4.0,A199,5,2,40.0,5,0.4,,0,,0
5,MCF7,4.0,A199,5,2,40.0,5,0.5,,0,,0
5,MCF7,4.0,A199,5,2,40.0,5,0.6,,0,,7
5,MCF7,4.0,A199,5,2,40.0,5,0.7,,0,0.14199702441692352,39
5,MCF7,4.0,A199,5,2,40.0,5,0.8,0.11758246272802353,11,0.14385788142681122,135
5,MCF7,4.0,A199,5,2,40.0,5,0.9,0.11431558430194855,1703,0.12032509595155716,2210
5,MCF7,4.0,A199,5,2,40.0,5,1.0,0.12149148434400558,9975,0.12334474921226501,11845
5,MCF7,4.0,A199,5,2,40.0,5,1.1,0.1282755583524704,6790,0.1304469257593155,11620
5,MCF7,4.0,A199,5,2,40.0,5,1.2,0.13118594884872437,1355,0.13600561022758484,8843
5,MCF7,4.0,A199,5,2,40.0,5,1.3,0.1295892745256424,125,0.14075641334056854,7944
5,MCF7,4.0,A199,5,2,40.0,5,1.4,0.1183008998632431,5,0.14420326054096222,7076
5,MCF7,4.0,A199,5,2,40.0,5,1.5,,0,0.14930517971515656,6185
5,MCF7,4.0,A199,5,2,40.0,5,1.6,,0,0.15721572935581207,5186
5,MCF7,4.0,A199,5,2,40.0,5,1.7,,0,0.16368608176708221,4524
5,MCF7,4.0,A199,5,2,40.0,5,1.8,,0,0.16934047639369965,3698
5,MCF7,4.0,A199,5,2,40.0,5,1.9,,0,0.17241768538951874,2930
5,MCF7,4.0,A199,5,2,40.0,5,2.0,,0,0.18212182819843292,2398
5,MCF7,4.0,A199,5,2,40.0,5,2.1,,0,0.1903490126132965,1855
5,MCF7,4.0,A199,5,2,40.0,5,2.2,,0,0.19340375065803528,1529
5,MCF7,4.0,A199,5,2,40.0,5,2.3,,0,0.1988477259874344,1156
5,MCF7,4.0,A199,5,2,40.0,5,2.4,,0,0.19847723841667175,920
5,MCF7,4.0,A199,5,2,40.0,5,2.5,,0,0.2063961625099182,697
5,MCF7,4.0,A199,5,2,40.0,5,2.6,,0,0.20460838079452515,534
5,MCF7,4.0,A199,5,2,40.0,5,2.7,,0,0.20776128768920898,362
5,MCF7,4.0,A199,5,2,40.0,5,2.8,,0,0.21295271813869476,277
5,MCF7,4.0,A199,5,2,40.0,5,2.9,,0,0.21944497525691986,206
5,MCF7,4.0,A199,5,2,40.0,5,3.0,,0,0.23058873414993286,139
5,MCF7,4.0,A199,5,2,40.0,5,3.1,,0,0.2118244171142578,102
5,MCF7,4.0,A199,5,2,40.0,5,3.2,,0,0.22309790551662445,79
5,MCF7,4.0,A199,5,2,40.0,5,3.3,,0,0.21603401005268097,54
5,MCF7,4.0,A199,5,2,40.0,5,3.4,,0,0.20779186487197876,36
5,MCF7,4.0,A199,5,2,40.0,5,3.5,,0,0.21805036067962646,20
5,MCF7,4.0,A199,5,2,40.0,5,3.6,,0,0.19852787256240845,19
5,MCF7,4.0,A199,5,2,40.0,5,3.7,,0,0.23586437106132507,10
5,MCF7,4.0,A199,5,2,40.0,5,3.8,,0,0.21370482444763184,10
5,MCF7,4.0,A199,5,2,40.0,5,3.9,,0,,6
5,MCF7,4.0,A199,5,2,40.0,5,4.0,,0,,2
5,MCF7,4.0,A199,5,2,40.0,5,4.1,,0,,1
5,MCF7,4.0,A199,5,2,40.0,5,4.2,,0,,3
5,MCF7,4.0,A199,5,2,40.0,5,4.3,,0,,1
5,MCF7,4.0,A199,5,2,40.0,5,4.4,,0,,0
1,MCF7,4.0,A199,6,2,40.0,1,0.6,0.13284072279930115,2639,0.13160941004753113,2721
1,MCF7,4.0,A199,6,2,40.0,1,0.7,0.1368604600429535,2836,0.13028988242149353,4509
1,MCF7,4.0,A199,6,2,40.0,1,0.8,0.16048003733158112,163,0.13301363587379456,3286
1,MCF7,4.0,A199,6,2,40.0,1,0.9,,2,0.14703594148159027,3235
1,MCF7,4.0,A199,6,2,40.0,1,1.0,,0,0.16073353588581085,3314
1,MCF7,4.0,A199,6,2,40.0,1,1.1,,0,0.16823124885559082,2792
1,MCF7,4.0,A199,6,2,40.0,1,1.2,,0,0.17142844200134277,1542
1,MCF7,4.0,A199,6,2,40.0,1,1.3,,0,0.17336887121200562,1029
1,MCF7,4.0,A199,6,2,40.0,1,1.4,,0,0.17792047560214996,725
1,MCF7,4.0,A199,6,2,40.0,1,1.5,,0,0.1860099881887436,448
1,MCF7,4.0,A199,6,2,40.0,1,1.6,,0,0.19469283521175385,170
1,MCF7,4.0,A199,6,2,40.0,1,1.7,,0,0.20262542366981506,66
1,MCF7,4.0,A199,6,2,40.0,1,1.8,,0,0.2170715034008026,16
1,MCF7,4.0,A199,6,2,40.0,1,1.9,,0,,1
1,MCF7,4.0,A199,6,2,40.0,1,2.0,,0,,0
1,MCF7,4.0,A199,6,2,40.0,1,2.1,,0,,2
1,MCF7,4.0,A199,6,2,40.0,1,2.2,,0,,0
2,MCF7,4.0,A199,6,2,40.0,2,0.4,,0,,1
2,MCF7,4.0,A199,6,2,40.0,2,0.5,0.09095332771539688,736,0.09184426814317703,952
2,MCF7,4.0,A199,6,2,40.0,2,0.6,0.09647052735090256,5041,0.09829219430685043,7665
2,MCF7,4.0,A199,6,2,40.0,2,0.7,0.10123276710510254,505,0.10881391167640686,3002
2,MCF7,4.0,A199,6,2,40.0,2,0.8,,0,0.12247089296579361,1038
2,MCF7,4.0,A199,6,2,40.0,2,0.9,,0,0.12569604814052582,326
2,MCF7,4.0,A199,6,2,40.0,2,1.0,,0,0.14341816306114197,61
2,MCF7,4.0,A199,6,2,40.0,2,1.1,,0,,9
2,MCF7,4.0,A199,6,2,40.0,2,1.2,,0,,2
3,MCF7,4.0,A199,6,2,40.0,3,0.0,,0,,2
3,MCF7,4.0,A199,6,2,40.0,3,0.1,,0,,0
3,MCF7,4.0,A199,6,2,40.0,3,0.2,,0,,0
3,MCF7,4.0,A199,6,2,40.0,3,0.3,,0,,0
3,MCF7,4.0,A199,6,2,40.0,3,0.4,,0,,0
3,MCF7,4.0,A199,6,2,40.0,3,0.5,0.11240913718938828,6,0.1234605461359024,49
3,MCF7,4.0,A199,6,2,40.0,3,0.6,0.130343496799469,824,0.1266859620809555,1685
3,MCF7,4.0,A199,6,2,40.0,3,0.7,0.14055393636226654,2828,0.13734519481658936,6995
3,MCF7,4.0,A199,6,2,40.0,3,0.8,0.15241412818431854,823,0.1479562520980835,6595
3,MCF7,4.0,A199,6,2,40.0,3,0.9,0.1585596799850464,41,0.15889614820480347,3609
3,MCF7,4.0,A199,6,2,40.0,3,1.0,,0,0.17091000080108643,1457
3,MCF7,4.0,A199,6,2,40.0,3,1.1,,0,0.18240602314472198,514
3,MCF7,4.0,A199,6,2,40.0,3,1.2,,0,0.20546771585941315,161
3,MCF7,4.0,A199,6,2,40.0,3,1.3,,0,0.20271973311901093,60
3,MCF7,4.0,A199,6,2,40.0,3,1.4,,0,0.1988663524389267,17
3,MCF7,4.0,A199,6,2,40.0,3,1.5,,0,,3
3,MCF7,4.0,A199,6,2,40.0,3,1.6,,0,,4
3,MCF7,4.0,A199,6,2,40.0,3,1.7,,0,,0
3,MCF7,4.0,A199,6,2,40.0,3,1.8,,0,,1
4,MCF7,4.0,A199,6,2,40.0,4,0.3,0.09421677142381668,349,0.09323740005493164,442
4,MCF7,4.0,A199,6,2,40.0,4,0.4,0.09431791305541992,4519,0.09983429312705994,8448
4,MCF7,4.0,A199,6,2,40.0,4,0.5,0.07856354862451553,19,0.10422240942716599,3431
4,MCF7,4.0,A199,6,2,40.0,4,0.6,,0,0.0961097851395607,2250
4,MCF7,4.0,A199,6,2,40.0,4,0.7,,0,0.09783650189638138,1534
4,MCF7,4.0,A199,6,2,40.0,4,0.8,,0,0.10319829732179642,729
4,MCF7,4.0,A199,6,2,40.0,4,0.9,,0,0.11026400327682495,161
4,MCF7,4.0,A199,6,2,40.0,4,1.0,,0,0.10774100571870804,24
4,MCF7,4.0,A199,6,2,40.0,4,1.1,,0,,4
4,MCF7,4.0,A199,6,2,40.0,4,1.2,,0,,1
5,MCF7,4.0,A199,6,2,40.0,5,0.4,0.09939800947904587,2157,0.097476527094841,3197
5,MCF7,4.0,A199,6,2,40.0,5,0.5,0.1079661026597023,3311,0.10763060301542282,7861
5,MCF7,4.0,A199,6,2,40.0,5,0.6,,4,0.12240970134735107,1297
5,MCF7,4.0,A199,6,2,40.0,5,0.7,,0,0.13612638413906097,136
5,MCF7,4.0,A199,6,2,40.0,5,0.8,,0,,5
5,MCF7,4.0,A199,6,2,40.0,5,0.9,,0,,0
1,MCF7,4.0,A199,7,2,40.0,1,0.4,0.10783867537975311,10,0.11165790259838104,71
1,MCF7,4.0,A199,7,2,40.0,1,0.5,0.10686328262090683,582,0.10512367635965347,1006
1,MCF7,4.0,A199,7,2,40.0,1,0.6,0.12202301621437073,1921,0.11802259832620621,4227
1,MCF7,4.0,A199,7,2,40.0,1,0.7,0.130889892578125,2808,0.12377286702394485,8158
1,MCF7,4.0,A199,7,2,40.0,1,0.8,0.1347775161266327,409,0.12920618057250977,3687
1,MCF7,4.0,A199,7,2,40.0,1,0.9,,1,0.1397150605916977,533
1,MCF7,4.0,A199,7,2,40.0,1,1.0,,0,0.14645536243915558,94
1,MCF7,4.0,A199,7,2,40.0,1,1.1,,0,0.1441328525543213,16
1,MCF7,4.0,A199,7,2,40.0,1,1.2,,0,,0
2,MCF7,4.0,A199,7,2,40.0,2,0.7,,0,,1
2,MCF7,4.0,A199,7,2,40.0,2,0.8,0.16135261952877045,142,0.1572420597076416,326
2,MCF7,4.0,A199,7,2,40.0,2,0.9,0.16160747408866882,2317,0.16123181581497192,3946
2,MCF7,4.0,A199,7,2,40.0,2,1.0,0.15716449916362762,1998,0.15947498381137848,4990
2,MCF7,4.0,A199,7,2,40.0,2,1.1,0.13573548197746277,339,0.15470492839813232,3090
2,MCF7,4.0,A199,7,2,40.0,2,1.2,0.13997840881347656,18,0.15686017274856567,2650
2,MCF7,4.0,A199,7,2,40.0,2,1.3,,0,0.15937241911888123,2438
2,MCF7,4.0,A199,7,2,40.0,2,1.4,,0,0.16330356895923615,2132
2,MCF7,4.0,A199,7,2,40.0,2,1.5,,0,0.1673770248889923,1421
2,MCF7,4.0,A199,7,2,40.0,2,1.6,,0,0.17608925700187683,851
2,MCF7,4.0,A199,7,2,40.0,2,1.7,,0,0.18123438954353333,390
2,MCF7,4.0,A199,7,2,40.0,2,1.8,,0,0.18700295686721802,161
2,MCF7,4.0,A199,7,2,40.0,2,1.9,,0,0.20427073538303375,52
2,MCF7,4.0,A199,7,2,40.0,2,2.0,,0,0.20688562095165253,22
2,MCF7,4.0,A199,7,2,40.0,2,2.1,,0,,8
2,MCF7,4.0,A199,7,2,40.0,2,2.2,,0,,1
2,MCF7,4.0,A199,7,2,40.0,2,2.3,,0,,1
3,MCF7,4.0,A199,7,2,40.0,3,0.3,,0,,2
3,MCF7,4.0,A199,7,2,40.0,3,0.4,0.14998620748519897,1987,0.14904926717281342,3888
3,MCF7,4.0,A199,7,2,40.0,3,0.5,0.14730066061019897,1500,0.1400870680809021,7966
3,MCF7,4.0,A199,7,2,40.0,3,0.6,,2,0.1518670916557312,935
3,MCF7,4.0,A199,7,2,40.0,3,0.7,,0,,9
4,MCF7,4.0,A199,7,2,40.0,4,0.0,,0,0.0,125
4,MCF7,4.0,A199,7,2,40.0,4,0.1,,0,,0
4,MCF7,4.0,A199,7,2,40.0,4,0.2,,0,,0
4,MCF7,4.0,A199,7,2,40.0,4,0.3,,0,,0
4,MCF7,4.0,A199,7,2,40.0,4,0.4,,1,0.09271401166915894,10
4,MCF7,4.0,A199,7,2,40.0,4,0.5,0.1086539775133133,2477,0.10588763654232025,3119
4,MCF7,4.0,A199,7,2,40.0,4,0.6,0.11388912051916122,5120,0.10885903239250183,12174
4,MCF7,4.0,A199,7,2,40.0,4,0.7,0.12586621940135956,283,0.11432211101055145,13597
4,MCF7,4.0,A199,7,2,40.0,4,0.8,,0,0.11979105323553085,10365
4,MCF7,4.0,A199,7,2,40.0,4,0.9,,0,0.12348674237728119,6784
4,MCF7,4.0,A199,7,2,40.0,4,1.0,,0,0.12751102447509766,3834
4,MCF7,4.0,A199,7,2,40.0,4,1.1,,0,0.1338677853345871,1797
4,MCF7,4.0,A199,7,2,40.0,4,1.2,,0,0.13738998770713806,732
4,MCF7,4.0,A199,7,2,40.0,4,1.3,,0,0.1454957127571106,286
4,MCF7,4.0,A199,7,2,40.0,4,1.4,,0,0.15076972544193268,117
4,MCF7,4.0,A199,7,2,40.0,4,1.5,,0,0.17238472402095795,60
4,MCF7,4.0,A199,7,2,40.0,4,1.6,,0,0.16841763257980347,33
4,MCF7,4.0,A199,7,2,40.0,4,1.7,,0,0.18775367736816406,13
4,MCF7,4.0,A199,7,2,40.0,4,1.8,,0,,4
4,MCF7,4.0,A199,7,2,40.0,4,1.9,,0,,4
4,MCF7,4.0,A199,7,2,40.0,4,2.0,,0,,2
5,MCF7,4.0,A199,7,2,40.0,5,1.0,,0,0.11248674988746643,21
5,MCF7,4.0,A199,7,2,40.0,5,1.1,,0,0.11369573324918747,99
5,MCF7,4.0,A199,7,2,40.0,5,1.2,,3,0.11309855431318283,255
5,MCF7,4.0,A199,7,2,40.0,5,1.3,0.13969914615154266,218,0.12475880980491638,730
5,MCF7,4.0,A199,7,2,40.0,5,1.4,0.14540863037109375,1556,0.1368364691734314,2661
5,MCF7,4.0,A199,7,2,40.0,5,1.5,0.1489747315645218,1986,0.14192746579647064,4082
5,MCF7,4.0,A199,7,2,40.0,5,1.6,0.15110480785369873,752,0.14501696825027466,3159
5,MCF7,4.0,A199,7,2,40.0,5,1.7,0.14698587357997894,82,0.15146131813526154,2067
5,MCF7,4.0,A199,7,2,40.0,5,1.8,0.1517210602760315,5,0.15931501984596252,1265
5,MCF7,4.0,A199,7,2,40.0,5,1.9,,0,0.16566647589206696,757
5,MCF7,4.0,A199,7,2,40.0,5,2.0,,0,0.17387175559997559,459
5,MCF7,4.0,A199,7,2,40.0,5,2.1,,0,0.17488126456737518,237
5,MCF7,4.0,A199,7,2,40.0,5,2.2,,0,0.1868365854024887,144
5,MCF7,4.0,A199,7,2,40.0,5,2.3,,0,0.1855923980474472,68
5,MCF7,4.0,A199,7,2,40.0,5,2.4,,0,0.20187290012836456,30
5,MCF7,4.0,A199,7,2,40.0,5,2.5,,0,0.1997825801372528,18
5,MCF7,4.0,A199,7,2,40.0,5,2.6,,0,0.18146197497844696,12
5,MCF7,4.0,A199,7,2,40.0,5,2.7,,0,,9
5,MCF7,4.0,A199,7,2,40.0,5,2.8,,0,,3
5,MCF7,4.0,A199,7,2,40.0,5,2.9,,0,,1
5,MCF7,4.0,A199,7,2,40.0,5,3.0,,0,,2
5,MCF7,4.0,A199,7,2,40.0,5,3.1,,0,,0
5,MCF7,4.0,A199,7,2,40.0,5,3.2,,0,,0
5,MCF7,4.0,A199,7,2,40.0,5,3.3,,0,,1
5,MCF7,4.0,A199,7,2,40.0,5,3.4,,0,,0
6,MCF7,4.0,A199,7,2,40.0,6,0.6,0.09878242015838623,63,0.10010559856891632,85
6,MCF7,4.0,A199,7,2,40.0,6,0.7,0.10241462290287018,2935,0.10367202758789062,3941
6,MCF7,4.0,A199,7,2,40.0,6,0.8,0.10938951373100281,3020,0.11188523471355438,7088
6,MCF7,4.0,A199,7,2,40.0,6,0.9,0.10753298550844193,301,0.11485089361667633,4442
6,MCF7,4.0,A199,7,2,40.0,6,1.0,,3,0.11665701121091843,3075
6,MCF7,4.0,A199,7,2,40.0,6,1.1,,0,0.11618593335151672,2564
6,MCF7,4.0,A199,7,2,40.0,6,1.2,,0,0.1188780888915062,1863
6,MCF7,4.0,A199,7,2,40.0,6,1.3,,0,0.11937212944030762,1217
6,MCF7,4.0,A199,7,2,40.0,6,1.4,,0,0.12311653792858124,695
6,MCF7,4.0,A199,7,2,40.0,6,1.5,,0,0.1261730045080185,394
6,MCF7,4.0,A199,7,2,40.0,6,1.6,,0,0.1267387568950653,241
6,MCF7,4.0,A199,7,2,40.0,6,1.7,,0,0.13269636034965515,128
6,MCF7,4.0,A199,7,2,40.0,6,1.8,,0,0.13687510788440704,76
6,MCF7,4.0,A199,7,2,40.0,6,1.9,,0,0.1432739794254303,36
6,MCF7,4.0,A199,7,2,40.0,6,2.0,,0,0.15090720355510712,27
6,MCF7,4.0,A199,7,2,40.0,6,2.1,,0,0.16794903576374054,11
6,MCF7,4.0,A199,7,2,40.0,6,2.2,,0,,3
6,MCF7,4.0,A199,7,2,40.0,6,2.3,,0,,2
6,MCF7,4.0,A199,7,2,40.0,6,2.4,,0,,0
7,MCF7,4.0,A199,7,2,40.0,7,0.0,,0,0.0,31
7,MCF7,4.0,A199,7,2,40.0,7,0.1,,0,,0
7,MCF7,4.0,A199,7,2,40.0,7,0.2,,0,,0
7,MCF7,4.0,A199,7,2,40.0,7,0.3,,0,,0
7,MCF7,4.0,A199,7,2,40.0,7,0.4,,0,0.07729069888591766,34
7,MCF7,4.0,A199,7,2,40.0,7,0.5,0.09676972776651382,2621,0.09634275734424591,7342
7,MCF7,4.0,A199,7,2,40.0,7,0.6,0.10874970257282257,8537,0.10652872174978256,28997
7,MCF7,4.0,A199,7,2,40.0,7,0.7,0.11500781029462814,36,0.10939143598079681,9118
7,MCF7,4.0,A199,7,2,40.0,7,0.8,,0,0.11395855247974396,2671
7,MCF7,4.0,A199,7,2,40.0,7,0.9,,0,0.12076586484909058,775
7,MCF7,4.0,A199,7,2,40.0,7,1.0,,0,0.1321706771850586,217
7,MCF7,4.0,A199,7,2,40.0,7,1.1,,0,0.1302526444196701,46
7,MCF7,4.0,A199,7,2,40.0,7,1.2,,0,0.16619355976581573,12
7,MCF7,4.0,A199,7,2,40.0,7,1.3,,0,,4
7,MCF7,4.0,A199,7,2,40.0,7,1.4,,0,,1
8,MCF7,4.0,A199,7,2,40.0,8,0.0,,0,0.0,413
8,MCF7,4.0,A199,7,2,40.0,8,0.1,,0,,0
8,MCF7,4.0,A199,7,2,40.0,8,0.2,,0,,0
8,MCF7,4.0,A199,7,2,40.0,8,0.3,0.010074724443256855,6,0.0204197708517313,68
8,MCF7,4.0,A199,7,2,40.0,8,0.4,0.05179385095834732,1705,0.04505138471722603,2985
8,MCF7,4.0,A199,7,2,40.0,8,0.5,0.0628129243850708,2810,0.05494822934269905,5442
8,MCF7,4.0,A199,7,2,40.0,8,0.6,0.07422205805778503,73,0.05751849710941315,1099
8,MCF7,4.0,A199,7,2,40.0,8,0.7,,0,0.05815582722425461,180
8,MCF7,4.0,A199,7,2,40.0,8,0.8,,0,0.06613750755786896,45
8,MCF7,4.0,A199,7,2,40.0,8,0.9,,0,,8
8,MCF7,4.0,A199,7,2,40.0,8,1.0,,0,,0
1,MCF7,4.0,A199,8,2,40.0,1,0.5,,0,0.15780383348464966,49
1,MCF7,4.0,A199,8,2,40.0,1,0.6,0.13377295434474945,505,0.15049369633197784,1593
1,MCF7,4.0,A199,8,2,40.0,1,0.7,0.13626697659492493,7833,0.14155332744121552,13306
1,MCF7,4.0,A199,8,2,40.0,1,0.8,0.13704268634319305,2473,0.1402500569820404,9261
1,MCF7,4.0,A199,8,2,40.0,1,0.9,0.13737183809280396,61,0.13938121497631073,2067
1,MCF7,4.0,A199,8,2,40.0,1,1.0,,0,0.1535530835390091,208
1,MCF7,4.0,A199,8,2,40.0,1,1.1,,0,0.16788409650325775,11
1,MCF7,4.0,A199,8,2,40.0,1,1.2,,0,,1
2,MCF7,4.0,A199,8,2,40.0,2,0.0,,0,,1
2,MCF7,4.0,A199,8,2,40.0,2,0.1,,0,,0
2,MCF7,4.0,A199,8,2,40.0,2,0.2,,0,,0
2,MCF7,4.0,A199,8,2,40.0,2,0.3,,0,,1
2,MCF7,4.0,A199,8,2,40.0,2,0.4,0.12232500314712524,82,0.1347835510969162,269
2,MCF7,4.0,A199,8,2,40.0,2,0.5,0.1254349648952484,5403,0.1322120875120163,8554
2,MCF7,4.0,A199,8,2,40.0,2,0.6,0.13099081814289093,3824,0.14363619685173035,9702
2,MCF7,4.0,A199,8,2,40.0,2,0.7,0.13059981167316437,102,0.16431106626987457,3184
2,MCF7,4.0,A199,8,2,40.0,2,0.8,,0,0.18971014022827148,1194
2,MCF7,4.0,A199,8,2,40.0,2,0.9,,0,0.2085004448890686,418
2,MCF7,4.0,A199,8,2,40.0,2,1.0,,0,0.22336703538894653,123
2,MCF7,4.0,A199,8,2,40.0,2,1.1,,0,0.2684779763221741,45
2,MCF7,4.0,A199,8,2,40.0,2,1.2,,0,,8
2,MCF7,4.0,A199,8,2,40.0,2,1.3,,0,,3
2,MCF7,4.0,A199,8,2,40.0,2,1.4,,0,,0
2,MCF7,4.0,A199,8,2,40.0,2,1.5,,0,,0
2,MCF7,4.0,A199,8,2,40.0,2,1.6,,0,,2
3,MCF7,4.0,A199,8,2,40.0,3,0.4,0.10710299760103226,346,0.11215126514434814,679
3,MCF7,4.0,A199,8,2,40.0,3,0.5,0.11375244706869125,9616,0.11746416985988617,13743
3,MCF7,4.0,A199,8,2,40.0,3,0.6,0.12089639902114868,1219,0.13004879653453827,4113
3,MCF7,4.0,A199,8,2,40.0,3,0.7,,0,0.14527837932109833,467
3,MCF7,4.0,A199,8,2,40.0,3,0.8,,0,0.1685533970594406,38
3,MCF7,4.0,A199,8,2,40.0,3,0.9,,0,,0
1,MCF7,4.0,A199,9,2,40.0,1,0.0,,0,0.0,6008
1,MCF7,4.0,A199,9,2,40.0,1,0.1,,0,,0
1,MCF7,4.0,A199,9,2,40.0,1,0.2,,0,,0
1,MCF7,4.0,A199,9,2,40.0,1,0.3,,0,,6
1,MCF7,4.0,A199,9,2,40.0,1,0.4,0.09899338334798813,79,0.11508573591709137,228
1,MCF7,4.0,A199,9,2,40.0,1,0.5,0.10474307835102081,1835,0.11255241185426712,2556
1,MCF7,4.0,A199,9,2,40.0,1,0.6,0.11036178469657898,6591,0.11561588197946548,8163
1,MCF7,4.0,A199,9,2,40.0,1,0.7,0.113956980407238,8073,0.11958964914083481,10747
1,MCF7,4.0,A199,9,2,40.0,1,0.8,0.1163894385099411,5145,0.12744759023189545,9202
1,MCF7,4.0,A199,9,2,40.0,1,0.9,0.11824875324964523,1996,0.1381603330373764,6706
1,MCF7,4.0,A199,9,2,40.0,1,1.0,0.10947565734386444,477,0.1468990296125412,4904
1,MCF7,4.0,A199,9,2,40.0,1,1.1,0.09700358659029007,64,0.1554097980260849,4091
1,MCF7,4.0,A199,9,2,40.0,1,1.2,,4,0.15745139122009277,3537
1,MCF7,4.0,A199,9,2,40.0,1,1.3,,2,0.1662312000989914,3081
1,MCF7,4.0,A199,9,2,40.0,1,1.4,,0,0.17369887232780457,2666
1,MCF7,4.0,A199,9,2,40.0,1,1.5,,0,0.18060395121574402,2054
1,MCF7,4.0,A199,9,2,40.0,1,1.6,,0,0.18899856507778168,1640
1,MCF7,4.0,A199,9,2,40.0,1,1.7,,0,0.1972862184047699,1233
1,MCF7,4.0,A199,9,2,40.0,1,1.8,,0,0.20082955062389374,921
1,MCF7,4.0,A199,9,2,40.0,1,1.9,,0,0.21106132864952087,701
1,MCF7,4.0,A199,9,2,40.0,1,2.0,,0,0.21962018311023712,497
1,MCF7,4.0,A199,9,2,40.0,1,2.1,,0,0.22302132844924927,351
1,MCF7,4.0,A199,9,2,40.0,1,2.2,,0,0.23213544487953186,221
1,MCF7,4.0,A199,9,2,40.0,1,2.3,,0,0.2371513694524765,177
1,MCF7,4.0,A199,9,2,40.0,1,2.4,,0,0.2335899919271469,109
1,MCF7,4.0,A199,9,2,40.0,1,2.5,,0,0.22644184529781342,67
1,MCF7,4.0,A199,9,2,40.0,1,2.6,,0,0.22435623407363892,37
1,MCF7,4.0,A199,9,2,40.0,1,2.7,,0,0.23019662499427795,25
1,MCF7,4.0,A199,9,2,40.0,1,2.8,,0,0.2623441517353058,13
1,MCF7,4.0,A199,9,2,40.0,1,2.9,,0,0.2573836147785187,15
1,MCF7,4.0,A199,9,2,40.0,1,3.0,,0,,5
1,MCF7,4.0,A199,9,2,40.0,1,3.1,,0,,2
1,MCF7,4.0,A199,9,2,40.0,1,3.2,,0,,2
1,MCF7,4.0,A199,9,2,40.0,1,3.3,,0,,3
1,MCF7,4.0,A199,9,2,40.0,1,3.4,,0,,0
2,MCF7,4.0,A199,9,2,40.0,2,0.3,0.0908716693520546,34,0.0912787988781929,70
2,MCF7,4.0,A199,9,2,40.0,2,0.4,0.09380282461643219,4211,0.09623917192220688,6576
2,MCF7,4.0,A199,9,2,40.0,2,0.5,0.09796745330095291,1650,0.10348699986934662,4672
2,MCF7,4.0,A199,9,2,40.0,2,0.6,0.1061437726020813,6,0.1150202676653862,381
2,MCF7,4.0,A199,9,2,40.0,2,0.7,,0,0.13609737157821655,13
2,MCF7,4.0,A199,9,2,40.0,2,0.8,,0,,0
3,MCF7,4.0,A199,9,2,40.0,3,0.3,0.09760225564241409,2061,0.10082908719778061,3223
3,MCF7,4.0,A199,9,2,40.0,3,0.4,0.09455899894237518,5933,0.10163772851228714,14779
3,MCF7,4.0,A199,9,2,40.0,3,0.5,0.07258287817239761,11,0.11677832156419754,2780
3,MCF7,4.0,A199,9,2,40.0,3,0.6,,0,0.13308930397033691,367
3,MCF7,4.0,A199,9,2,40.0,3,0.7,,0,0.16405180096626282,34
3,MCF7,4.0,A199,9,2,40.0,3,0.8,,0,,1
3,MCF7,4.0,A199,9,2,40.0,3,0.9,,0,,0
4,MCF7,4.0,A199,9,2,40.0,4,0.5,,3,,3
4,MCF7,4.0,A199,9,2,40.0,4,0.6,0.10047496855258942,281,0.10081761330366135,288
4,MCF7,4.0,A199,9,2,40.0,4,0.7,0.11442345380783081,1631,0.11409738659858704,1854
4,MCF7,4.0,A199,9,2,40.0,4,0.8,0.1225191280245781,1729,0.12265431135892868,2801
4,MCF7,4.0,A199,9,2,40.0,4,0.9,0.12779374420642853,515,0.13314184546470642,2084
4,MCF7,4.0,A199,9,2,40.0,4,1.0,0.13706064224243164,29,0.1490214765071869,1258
4,MCF7,4.0,A199,9,2,40.0,4,1.1,,1,0.16600239276885986,630
4,MCF7,4.0,A199,9,2,40.0,4,1.2,,0,0.1762935370206833,334
4,MCF7,4.0,A199,9,2,40.0,4,1.3,,0,0.18928422033786774,194
4,MCF7,4.0,A199,9,2,40.0,4,1.4,,0,0.2004808634519577,72
4,MCF7,4.0,A199,9,2,40.0,4,1.5,,0,0.19393858313560486,32
4,MCF7,4.0,A199,9,2,40.0,4,1.6,,0,0.19237332046031952,11
4,MCF7,4.0,A199,9,2,40.0,4,1.7,,0,,4
4,MCF7,4.0,A199,9,2,40.0,4,1.8,,0,,2
4,MCF7,4.0,A199,9,2,40.0,4,1.9,,0,,1
5,MCF7,4.0,A199,9,2,40.0,5,0.4,0.08153749257326126,1594,0.07918919622898102,2300
5,MCF7,4.0,A199,9,2,40.0,5,0.5,0.0892915427684784,3543,0.09131820499897003,8072
5,MCF7,4.0,A199,9,2,40.0,5,0.6,0.10524629056453705,20,0.10625829547643661,1909
5,MCF7,4.0,A199,9,2,40.0,5,0.7,,0,0.12058822810649872,235
5,MCF7,4.0,A199,9,2,40.0,5,0.8,,0,0.13574527204036713,12
5,MCF7,4.0,A199,9,2,40.0,5,0.9,,0,,0
6,MCF7,4.0,A199,9,2,40.0,6,0.0,,0,0.0,20
6,MCF7,4.0,A199,9,2,40.0,6,0.1,,0,,0
6,MCF7,4.0,A199,9,2,40.0,6,0.2,,0,,0
6,MCF7,4.0,A199,9,2,40.0,6,0.3,0.09071144461631775,45,0.09071144461631775,45
6,MCF7,4.0,A199,9,2,40.0,6,0.4,0.09366095811128616,3456,0.094264455139637,3503
6,MCF7,4.0,A199,9,2,40.0,6,0.5,0.09314635396003723,2312,0.10101122409105301,3025
6,MCF7,4.0,A199,9,2,40.0,6,0.6,0.08495323359966278,303,0.11104347556829453,1871
6,MCF7,4.0,A199,9,2,40.0,6,0.7,,1,0.11459887772798538,1403
6,MCF7,4.0,A199,9,2,40.0,6,0.8,,0,0.11726905405521393,1083
6,MCF7,4.0,A199,9,2,40.0,6,0.9,,0,0.1199570968747139,981
6,MCF7,4.0,A199,9,2,40.0,6,1.0,,0,0.1282653510570526,1148
6,MCF7,4.0,A199,9,2,40.0,6,1.1,,0,0.13927195966243744,1180
6,MCF7,4.0,A199,9,2,40.0,6,1.2,,0,0.1556570827960968,1126
6,MCF7,4.0,A199,9,2,40.0,6,1.3,,0,0.1656782329082489,965
6,MCF7,4.0,A199,9,2,40.0,6,1.4,,0,0.16651971638202667,661
6,MCF7,4.0,A199,9,2,40.0,6,1.5,,0,0.1847061663866043,461
6,MCF7,4.0,A199,9,2,40.0,6,1.6,,0,0.1845225989818573,298
6,MCF7,4.0,A199,9,2,40.0,6,1.7,,0,0.19678513705730438,192
6,MCF7,4.0,A199,9,2,40.0,6,1.8,,0,0.20225226879119873,106
6,MCF7,4.0,A199,9,2,40.0,6,1.9,,0,0.22114494442939758,80
6,MCF7,4.0,A199,9,2,40.0,6,2.0,,0,0.2220909148454666,40
6,MCF7,4.0,A199,9,2,40.0,6,2.1,,0,0.21133534610271454,27
6,MCF7,4.0,A199,9,2,40.0,6,2.2,,0,0.247966930270195,18
6,MCF7,4.0,A199,9,2,40.0,6,2.3,,0,0.24074172973632812,11
6,MCF7,4.0,A199,9,2,40.0,6,2.4,,0,,4
6,MCF7,4.0,A199,9,2,40.0,6,2.5,,0,,4
6,MCF7,4.0,A199,9,2,40.0,6,2.6,,0,,2
6,MCF7,4.0,A199,9,2,40.0,6,2.7,,0,,0
6,MCF7,4.0,A199,9,2,40.0,6,2.8,,0,,1
6,MCF7,4.0,A199,9,2,40.0,6,2.9,,0,,1
6,MCF7,4.0,A199,9,2,40.0,6,3.0,,0,,0
7,MCF7,4.0,A199,9,2,40.0,7,0.4,,0,,3
7,MCF7,4.0,A199,9,2,40.0,7,0.5,,0,0.10853446274995804,77
7,MCF7,4.0,A199,9,2,40.0,7,0.6,,0,0.11835204809904099,1132
7,MCF7,4.0,A199,9,2,40.0,7,0.7,,0,0.12621630728244781,5749
7,MCF7,4.0,A199,9,2,40.0,7,0.8,0.14685922861099243,1079,0.13880088925361633,10851
7,MCF7,4.0,A199,9,2,40.0,7,0.9,0.14826014637947083,3589,0.14884434640407562,7406
7,MCF7,4.0,A199,9,2,40.0,7,1.0,0.13954278826713562,137,0.15229256451129913,481
7,MCF7,4.0,A199,9,2,40.0,7,1.1,,0,0.2030402421951294,28
7,MCF7,4.0,A199,9,2,40.0,7,1.2,,0,,1
1,MCF7,6.0,A199,0,1,90.0,1,0.0,,0,,1
1,MCF7,6.0,A199,0,1,90.0,1,0.1,,0,,0
1,MCF7,6.0,A199,0,1,90.0,1,0.2,,0,,0
1,MCF7,6.0,A199,0,1,90.0,1,0.3,,0,,0
1,MCF7,6.0,A199,0,1,90.0,1,0.4,,0,,0
1,MCF7,6.0,A199,0,1,90.0,1,0.5,,0,,3
1,MCF7,6.0,A199,0,1,90.0,1,0.6,0.14951413869857788,35,0.13378706574440002,317
1,MCF7,6.0,A199,0,1,90.0,1,0.7,0.13516496121883392,1543,0.13302990794181824,4019
1,MCF7,6.0,A199,0,1,90.0,1,0.8,0.13569697737693787,2940,0.12996189296245575,6511
1,MCF7,6.0,A199,0,1,90.0,1,0.9,0.13610519468784332,181,0.12459174543619156,2238
1,MCF7,6.0,A199,0,1,90.0,1,1.0,,0,0.12204623967409134,504
1,MCF7,6.0,A199,0,1,90.0,1,1.1,,0,0.12079310417175293,85
1,MCF7,6.0,A199,0,1,90.0,1,1.2,,0,0.12386865168809891,13
1,MCF7,6.0,A199,0,1,90.0,1,1.3,,0,,4
1,MCF7,6.0,A199,0,1,90.0,1,1.4,,0,,1
2,MCF7,6.0,A199,0,1,90.0,2,0.2,,1,,6
2,MCF7,6.0,A199,0,1,90.0,2,0.3,0.08239714056253433,5892,0.08225167542695999,7811
2,MCF7,6.0,A199,0,1,90.0,2,0.4,0.08542833477258682,2367,0.08281905949115753,6852
2,MCF7,6.0,A199,0,1,90.0,2,0.5,,0,0.07615730166435242,1140
2,MCF7,6.0,A199,0,1,90.0,2,0.6,,0,0.08210941404104233,225
2,MCF7,6.0,A199,0,1,90.0,2,0.7,,0,0.081337109208107,28
2,MCF7,6.0,A199,0,1,90.0,2,0.8,,0,,2
3,MCF7,6.0,A199,0,1,90.0,3,0.0,,0,0.0,109
3,MCF7,6.0,A199,0,1,90.0,3,0.1,,0,,0
3,MCF7,6.0,A199,0,1,90.0,3,0.2,,0,,0
3,MCF7,6.0,A199,0,1,90.0,3,0.3,,0,,0
3,MCF7,6.0,A199,0,1,90.0,3,0.4,,0,,0
3,MCF7,6.0,A199,0,1,90.0,3,0.5,,0,0.11646740138530731,11
3,MCF7,6.0,A199,0,1,90.0,3,0.6,0.13491757214069366,18,0.13632503151893616,150
3,MCF7,6.0,A199,0,1,90.0,3,0.7,0.14868411421775818,346,0.15018421411514282,939
3,MCF7,6.0,A199,0,1,90.0,3,0.8,0.1609392911195755,2438,0.16225305199623108,3951
3,MCF7,6.0,A199,0,1,90.0,3,0.9,0.16952845454216003,3716,0.1718207150697708,5889
3,MCF7,6.0,A199,0,1,90.0,3,1.0,0.17937152087688446,1895,0.183076873421669,3564
3,MCF7,6.0,A199,0,1,90.0,3,1.1,0.18277588486671448,437,0.19087816774845123,1319
3,MCF7,6.0,A199,0,1,90.0,3,1.2,0.19132891297340393,40,0.20088066160678864,377
3,MCF7,6.0,A199,0,1,90.0,3,1.3,,4,0.19197097420692444,138
3,MCF7,6.0,A199,0,1,90.0,3,1.4,,0,0.2089807242155075,39
3,MCF7,6.0,A199,0,1,90.0,3,1.5,,0,0.19361205399036407,23
3,MCF7,6.0,A199,0,1,90.0,3,1.6,,0,0.1741105169057846,12
3,MCF7,6.0,A199,0,1,90.0,3,1.7,,0,,6
3,MCF7,6.0,A199,0,1,90.0,3,1.8,,0,,1
4,MCF7,6.0,A199,0,1,90.0,4,0.5,0.09328168630599976,12,0.07639417797327042,147
4,MCF7,6.0,A199,0,1,90.0,4,0.6,0.0934915766119957,1548,0.09099233150482178,4737
4,MCF7,6.0,A199,0,1,90.0,4,0.7,0.10346958786249161,4363,0.10499365627765656,10202
4,MCF7,6.0,A199,0,1,90.0,4,0.8,0.11973196268081665,317,0.12165137380361557,2631
4,MCF7,6.0,A199,0,1,90.0,4,0.9,,1,0.12991046905517578,495
4,MCF7,6.0,A199,0,1,90.0,4,1.0,,0,0.1332857310771942,49
4,MCF7,6.0,A199,0,1,90.0,4,1.1,,0,0.13950422406196594,10
4,MCF7,6.0,A199,0,1,90.0,4,1.2,,0,,1
5,MCF7,6.0,A199,0,1,90.0,5,0.0,,0,,6
5,MCF7,6.0,A199,0,1,90.0,5,0.1,,0,,0
5,MCF7,6.0,A199,0,1,90.0,5,0.2,,0,,0
5,MCF7,6.0,A199,0,1,90.0,5,0.3,,0,,0
5,MCF7,6.0,A199,0,1,90.0,5,0.4,,0,,0
5,MCF7,6.0,A199,0,1,90.0,5,0.5,,0,,0
5,MCF7,6.0,A199,0,1,90.0,5,0.6,,0,,0
5,MCF7,6.0,A199,0,1,90.0,5,0.7,,0,,0
5,MCF7,6.0,A199,0,1,90.0,5,0.8,,0,,0
5,MCF7,6.0,A199,0,1,90.0,5,0.9,,0,,0
5,MCF7,6.0,A199,0,1,90.0,5,1.0,,0,,1
5,MCF7,6.0,A199,0,1,90.0,5,1.1,,1,,9
5,MCF7,6.0,A199,0,1,90.0,5,1.2,0.10154424607753754,19,0.10731135308742523,74
5,MCF7,6.0,A199,0,1,90.0,5,1.3,0.1195942685008049,128,0.11866879463195801,321
5,MCF7,6.0,A199,0,1,90.0,5,1.4,0.12302710115909576,622,0.12320747971534729,1070
5,MCF7,6.0,A199,0,1,90.0,5,1.5,0.12775148451328278,1288,0.12713730335235596,2092
5,MCF7,6.0,A199,0,1,90.0,5,1.6,0.13442210853099823,1427,0.13302864134311676,2411
5,MCF7,6.0,A199,0,1,90.0,5,1.7,0.13321256637573242,897,0.1353277713060379,1835
5,MCF7,6.0,A199,0,1,90.0,5,1.8,0.14104071259498596,372,0.1392541378736496,1088
5,MCF7,6.0,A199,0,1,90.0,5,1.9,0.13848493993282318,99,0.1344105452299118,543
5,MCF7,6.0,A199,0,1,90.0,5,2.0,0.12429825216531754,21,0.1433670073747635,280
5,MCF7,6.0,A199,0,1,90.0,5,2.1,,4,0.14893226325511932,116
5,MCF7,6.0,A199,0,1,90.0,5,2.2,,0,0.15168270468711853,71
5,MCF7,6.0,A199,0,1,90.0,5,2.3,,0,0.13868002593517303,28
5,MCF7,6.0,A199,0,1,90.0,5,2.4,,0,0.12063968926668167,19
5,MCF7,6.0,A199,0,1,90.0,5,2.5,,0,,8
5,MCF7,6.0,A199,0,1,90.0,5,2.6,,0,,5
5,MCF7,6.0,A199,0,1,90.0,5,2.7,,0,,1
5,MCF7,6.0,A199,0,1,90.0,5,2.8,,0,,1
5,MCF7,6.0,A199,0,1,90.0,5,2.9,,0,,2
5,MCF7,6.0,A199,0,1,90.0,5,3.0,,0,,1
5,MCF7,6.0,A199,0,1,90.0,5,3.1,,0,,0
5,MCF7,6.0,A199,0,1,90.0,5,3.2,,0,,2
5,MCF7,6.0,A199,0,1,90.0,5,3.3,,0,,0
6,MCF7,6.0,A199,0,1,90.0,6,0.3,,0,0.10261952877044678,22
6,MCF7,6.0,A199,0,1,90.0,6,0.4,0.11212056875228882,3815,0.11493673920631409,8995
6,MCF7,6.0,A199,0,1,90.0,6,0.5,0.10767994076013565,3945,0.10605262964963913,10154
6,MCF7,6.0,A199,0,1,90.0,6,0.6,0.10190471261739731,97,0.10506841540336609,525
6,MCF7,6.0,A199,0,1,90.0,6,0.7,,0,,0
7,MCF7,6.0,A199,0,1,90.0,7,0.5,,0,0.11198636144399643,366
7,MCF7,6.0,A199,0,1,90.0,7,0.6,0.12654994428157806,225,0.12984052300453186,2894
7,MCF7,6.0,A199,0,1,90.0,7,0.7,0.13405241072177887,3933,0.13545610010623932,7370
7,MCF7,6.0,A199,0,1,90.0,7,0.8,0.1479513794183731,2181,0.14796392619609833,4165
7,MCF7,6.0,A199,0,1,90.0,7,0.9,0.16055233776569366,431,0.1625504195690155,1004
7,MCF7,6.0,A199,0,1,90.0,7,1.0,,1,0.1611177921295166,39
7,MCF7,6.0,A199,0,1,90.0,7,1.1,,0,,2
7,MCF7,6.0,A199,0,1,90.0,7,1.2,,0,,0
1,MCF7,6.0,A199,1,1,90.0,1,0.2,,0,,7
1,MCF7,6.0,A199,1,1,90.0,1,0.3,0.13450117409229279,76,0.10896554589271545,3826
1,MCF7,6.0,A199,1,1,90.0,1,0.4,0.1271284967660904,7388,0.12327183037996292,14865
1,MCF7,6.0,A199,1,1,90.0,1,0.5,0.1310461461544037,1023,0.13054169714450836,1254
2,MCF7,6.0,A199,1,1,90.0,2,0.1,0.07508056610822678,31,0.07883115857839584,166
2,MCF7,6.0,A199,1,1,90.0,2,0.2,0.07959813624620438,6379,0.07998920232057571,12429
2,MCF7,6.0,A199,1,1,90.0,2,0.3,,0,0.09193616360425949,13
3,MCF7,6.0,A199,1,1,90.0,3,0.3,0.10585595667362213,2311,0.10843364149332047,3296
3,MCF7,6.0,A199,1,1,90.0,3,0.4,0.11066925525665283,2272,0.1113344356417656,6054
3,MCF7,6.0,A199,1,1,90.0,3,0.5,,1,0.12364281713962555,956
3,MCF7,6.0,A199,1,1,90.0,3,0.6,,0,0.14298371970653534,60
3,MCF7,6.0,A199,1,1,90.0,3,0.7,,0,,2
3,MCF7,6.0,A199,1,1,90.0,3,0.8,,0,,0
4,MCF7,6.0,A199,1,1,90.0,4,0.3,,4,0.1058630496263504,53
4,MCF7,6.0,A199,1,1,90.0,4,0.4,0.11257143318653107,3518,0.11130610853433609,6525
4,MCF7,6.0,A199,1,1,90.0,4,0.5,0.12920555472373962,1020,0.14141160249710083,2580
4,MCF7,6.0,A199,1,1,90.0,4,0.6,,0,0.17518290877342224,25
4,MCF7,6.0,A199,1,1,90.0,4,0.7,,0,,1
5,MCF7,6.0,A199,1,1,90.0,5,0.5,,0,,1
5,MCF7,6.0,A199,1,1,90.0,5,0.6,0.12103167921304703,41,0.11642403900623322,459
5,MCF7,6.0,A199,1,1,90.0,5,0.7,0.1220017746090889,2335,0.12238331884145737,7858
5,MCF7,6.0,A199,1,1,90.0,5,0.8,0.12079250067472458,3784,0.11768440157175064,8340
5,MCF7,6.0,A199,1,1,90.0,5,0.9,0.12220260500907898,43,0.11165224760770798,461
5,MCF7,6.0,A199,1,1,90.0,5,1.0,,0,,1
1,MCF7,6.0,A199,10,1,90.0,1,0.0,,0,0.0,350
1,MCF7,6.0,A199,10,1,90.0,1,0.1,,0,,0
1,MCF7,6.0,A199,10,1,90.0,1,0.2,,0,,0
1,MCF7,6.0,A199,10,1,90.0,1,0.3,,0,,0
1,MCF7,6.0,A199,10,1,90.0,1,0.4,,0,,0
1,MCF7,6.0,A199,10,1,90.0,1,0.5,,0,,0
1,MCF7,6.0,A199,10,1,90.0,1,0.6,,0,,0
1,MCF7,6.0,A199,10,1,90.0,1,0.7,,0,,0
1,MCF7,6.0,A199,10,1,90.0,1,0.8,,0,,2
1,MCF7,6.0,A199,10,1,90.0,1,0.9,,0,,8
1,MCF7,6.0,A199,10,1,90.0,1,1.0,,0,0.18533802032470703,74
1,MCF7,6.0,A199,10,1,90.0,1,1.1,0.21913528442382812,5,0.1934482604265213,316
1,MCF7,6.0,A199,10,1,90.0,1,1.2,0.20480167865753174,76,0.2002919614315033,903
1,MCF7,6.0,A199,10,1,90.0,1,1.3,0.21125000715255737,230,0.20853930711746216,1937
1,MCF7,6.0,A199,10,1,90.0,1,1.4,0.21630650758743286,564,0.21383893489837646,2944
1,MCF7,6.0,A199,10,1,90.0,1,1.5,0.217767596244812,1020,0.22062471508979797,3694
1,MCF7,6.0,A199,10,1,90.0,1,1.6,0.220620796084404,1419,0.22341804206371307,4033
1,MCF7,6.0,A199,10,1,90.0,1,1.7,0.22145240008831024,1528,0.22582252323627472,3749
1,MCF7,6.0,A199,10,1,90.0,1,1.8,0.2234584093093872,1330,0.229965940117836,3099
1,MCF7,6.0,A199,10,1,90.0,1,1.9,0.22614659368991852,859,0.2355121523141861,2081
1,MCF7,6.0,A199,10,1,90.0,1,2.0,0.22549650073051453,495,0.2412484735250473,1271
1,MCF7,6.0,A199,10,1,90.0,1,2.1,0.23093967139720917,249,0.24811500310897827,740
1,MCF7,6.0,A199,10,1,90.0,1,2.2,0.23434625566005707,142,0.24783030152320862,430
1,MCF7,6.0,A199,10,1,90.0,1,2.3,0.2403501570224762,94,0.25961336493492126,284
1,MCF7,6.0,A199,10,1,90.0,1,2.4,0.24656140804290771,63,0.2709540128707886,172
1,MCF7,6.0,A199,10,1,90.0,1,2.5,0.24265103042125702,38,0.2565001845359802,110
1,MCF7,6.0,A199,10,1,90.0,1,2.6,0.25596967339515686,14,0.2760619521141052,64
1,MCF7,6.0,A199,10,1,90.0,1,2.7,0.2516709864139557,15,0.2847850024700165,44
1,MCF7,6.0,A199,10,1,90.0,1,2.8,0.23887251317501068,8,0.2858646810054779,35
1,MCF7,6.0,A199,10,1,90.0,1,2.9,0.21826714277267456,6,0.2576863169670105,22
1,MCF7,6.0,A199,10,1,90.0,1,3.0,,2,,7
1,MCF7,6.0,A199,10,1,90.0,1,3.1,,3,,9
1,MCF7,6.0,A199,10,1,90.0,1,3.2,,0,,2
1,MCF7,6.0,A199,10,1,90.0,1,3.3,,0,,2
1,MCF7,6.0,A199,10,1,90.0,1,3.4,,0,,1
1,MCF7,6.0,A199,10,1,90.0,1,3.5,,0,,1
1,MCF7,6.0,A199,10,1,90.0,1,3.6,,0,,0
2,MCF7,6.0,A199,10,1,90.0,2,0.7,,0,,3
2,MCF7,6.0,A199,10,1,90.0,2,0.8,0.15833699703216553,128,0.16173772513866425,335
2,MCF7,6.0,A199,10,1,90.0,2,0.9,0.1652878373861313,2597,0.16896957159042358,5175
2,MCF7,6.0,A199,10,1,90.0,2,1.0,0.16783814132213593,2817,0.17487481236457825,10475
2,MCF7,6.0,A199,10,1,90.0,2,1.1,0.1706637144088745,599,0.18274541199207306,6446
2,MCF7,6.0,A199,10,1,90.0,2,1.2,0.16905370354652405,114,0.19349168241024017,2299
2,MCF7,6.0,A199,10,1,90.0,2,1.3,0.16657224297523499,43,0.20513565838336945,650
2,MCF7,6.0,A199,10,1,90.0,2,1.4,0.16165252029895782,20,0.21340470016002655,171
2,MCF7,6.0,A199,10,1,90.0,2,1.5,,4,0.20740653574466705,34
2,MCF7,6.0,A199,10,1,90.0,2,1.6,0.20091894268989563,5,0.21205806732177734,12
2,MCF7,6.0,A199,10,1,90.0,2,1.7,,4,,4
2,MCF7,6.0,A199,10,1,90.0,2,1.8,,3,,6
2,MCF7,6.0,A199,10,1,90.0,2,1.9,,1,,2
2,MCF7,6.0,A199,10,1,90.0,2,2.0,,4,,5
2,MCF7,6.0,A199,10,1,90.0,2,2.1,,4,,5
2,MCF7,6.0,A199,10,1,90.0,2,2.2,,4,,5
2,MCF7,6.0,A199,10,1,90.0,2,2.3,,2,,2
2,MCF7,6.0,A199,10,1,90.0,2,2.4,,2,,2
2,MCF7,6.0,A199,10,1,90.0,2,2.5,,0,,0
2,MCF7,6.0,A199,10,1,90.0,2,2.6,,0,,0
2,MCF7,6.0,A199,10,1,90.0,2,2.7,,1,,1
1,MCF7,6.0,A199,11,1,90.0,1,0.4,0.1131177470088005,1135,0.113408662378788,1372
1,MCF7,6.0,A199,11,1,90.0,1,0.5,0.11762671917676926,3695,0.11650636792182922,5255
1,MCF7,6.0,A199,11,1,90.0,1,0.6,0.11970383673906326,35,0.12278079986572266,1195
1,MCF7,6.0,A199,11,1,90.0,1,0.7,,0,0.13714228570461273,319
1,MCF7,6.0,A199,11,1,90.0,1,0.8,,0,0.1521795243024826,19
1,MCF7,6.0,A199,11,1,90.0,1,0.9,,0,,0
2,MCF7,6.0,A199,11,1,90.0,2,0.0,,0,0.0,934
2,MCF7,6.0,A199,11,1,90.0,2,0.1,,0,,0
2,MCF7,6.0,A199,11,1,90.0,2,0.2,,0,,0
2,MCF7,6.0,A199,11,1,90.0,2,0.3,,0,,0
2,MCF7,6.0,A199,11,1,90.0,2,0.4,,0,,2
2,MCF7,6.0,A199,11,1,90.0,2,0.5,,0,0.06468897312879562,47
2,MCF7,6.0,A199,11,1,90.0,2,0.6,0.06639443337917328,118,0.06900672614574432,595
2,MCF7,6.0,A199,11,1,90.0,2,0.7,0.08217208832502365,1930,0.0807056874036789,3950
2,MCF7,6.0,A199,11,1,90.0,2,0.8,0.09076656401157379,4391,0.08929091691970825,7683
2,MCF7,6.0,A199,11,1,90.0,2,0.9,0.09702380746603012,1887,0.09428258240222931,4258
2,MCF7,6.0,A199,11,1,90.0,2,1.0,0.09523940831422806,387,0.09735127538442612,1359
2,MCF7,6.0,A199,11,1,90.0,2,1.1,0.09397803992033005,75,0.10145148634910583,405
2,MCF7,6.0,A199,11,1,90.0,2,1.2,0.09208521991968155,12,0.11801034212112427,107
2,MCF7,6.0,A199,11,1,90.0,2,1.3,,3,0.1332019567489624,38
2,MCF7,6.0,A199,11,1,90.0,2,1.4,,0,0.1584237813949585,12
2,MCF7,6.0,A199,11,1,90.0,2,1.5,,0,,2
2,MCF7,6.0,A199,11,1,90.0,2,1.6,,0,,0
3,MCF7,6.0,A199,11,1,90.0,3,0.0,,0,0.0,6076
3,MCF7,6.0,A199,11,1,90.0,3,0.1,,0,,0
3,MCF7,6.0,A199,11,1,90.0,3,0.2,,0,,3
3,MCF7,6.0,A199,11,1,90.0,3,0.3,,0,0.1685296893119812,58
3,MCF7,6.0,A199,11,1,90.0,3,0.4,,0,0.15303122997283936,354
3,MCF7,6.0,A199,11,1,90.0,3,0.5,0.09913573414087296,35,0.13595570623874664,1413
3,MCF7,6.0,A199,11,1,90.0,3,0.6,0.10268795490264893,461,0.12476373463869095,3422
3,MCF7,6.0,A199,11,1,90.0,3,0.7,0.11064301431179047,1590,0.1269349753856659,5245
3,MCF7,6.0,A199,11,1,90.0,3,0.8,0.12471257895231247,1957,0.1357850730419159,4494
3,MCF7,6.0,A199,11,1,90.0,3,0.9,0.1357320100069046,1154,0.14690899848937988,2256
3,MCF7,6.0,A199,11,1,90.0,3,1.0,0.14682170748710632,561,0.16053245961666107,919
3,MCF7,6.0,A199,11,1,90.0,3,1.1,0.14539501070976257,208,0.16305816173553467,339
3,MCF7,6.0,A199,11,1,90.0,3,1.2,0.15456070005893707,54,0.17756864428520203,85
3,MCF7,6.0,A199,11,1,90.0,3,1.3,0.16615670919418335,9,0.20433521270751953,16
3,MCF7,6.0,A199,11,1,90.0,3,1.4,,0,,6
3,MCF7,6.0,A199,11,1,90.0,3,1.5,,0,,2
1,MCF7,6.0,A199,12,1,90.0,1,0.0,,0,0.0,502
1,MCF7,6.0,A199,12,1,90.0,1,0.1,,0,0.07412923872470856,11
1,MCF7,6.0,A199,12,1,90.0,1,0.2,,1,0.08635314553976059,2351
1,MCF7,6.0,A199,12,1,90.0,1,0.3,0.0930381491780281,4715,0.0925518050789833,23029
1,MCF7,6.0,A199,12,1,90.0,1,0.4,0.09692364931106567,1811,0.10058803856372833,15095
1,MCF7,6.0,A199,12,1,90.0,1,0.5,,1,0.11142614483833313,2312
1,MCF7,6.0,A199,12,1,90.0,1,0.6,,0,0.1242682933807373,155
1,MCF7,6.0,A199,12,1,90.0,1,0.7,,0,,1
2,MCF7,6.0,A199,12,1,90.0,2,0.0,,0,0.0,11
2,MCF7,6.0,A199,12,1,90.0,2,0.1,,0,,0
2,MCF7,6.0,A199,12,1,90.0,2,0.2,0.0717184916138649,356,0.07680366933345795,1115
2,MCF7,6.0,A199,12,1,90.0,2,0.3,0.08321961015462875,4057,0.08783204108476639,13977
2,MCF7,6.0,A199,12,1,90.0,2,0.4,0.09002980589866638,485,0.09934971481561661,4041
2,MCF7,6.0,A199,12,1,90.0,2,0.5,,0,0.11639536917209625,134
2,MCF7,6.0,A199,12,1,90.0,2,0.6,,0,,2
3,MCF7,6.0,A199,12,1,90.0,3,0.0,,0,0.0,15
3,MCF7,6.0,A199,12,1,90.0,3,0.1,,0,,2
3,MCF7,6.0,A199,12,1,90.0,3,0.2,0.08028922975063324,5,0.09207755327224731,783
3,MCF7,6.0,A199,12,1,90.0,3,0.3,0.0946546196937561,6193,0.09883103519678116,14919
3,MCF7,6.0,A199,12,1,90.0,3,0.4,0.0975293293595314,785,0.11002109199762344,6061
3,MCF7,6.0,A199,12,1,90.0,3,0.5,,0,0.12512554228305817,430
3,MCF7,6.0,A199,12,1,90.0,3,0.6,,0,0.12720972299575806,13
3,MCF7,6.0,A199,12,1,90.0,3,0.7,,0,,1
4,MCF7,6.0,A199,12,1,90.0,4,0.0,,0,,1
4,MCF7,6.0,A199,12,1,90.0,4,0.1,,0,,0
4,MCF7,6.0,A199,12,1,90.0,4,0.2,,0,,0
4,MCF7,6.0,A199,12,1,90.0,4,0.3,,0,,0
4,MCF7,6.0,A199,12,1,90.0,4,0.4,,0,,7
4,MCF7,6.0,A199,12,1,90.0,4,0.5,,0,0.11817615479230881,354
4,MCF7,6.0,A199,12,1,90.0,4,0.6,0.1047089546918869,11,0.1227964237332344,2515
4,MCF7,6.0,A199,12,1,90.0,4,0.7,0.11737639456987381,1069,0.12997011840343475,8750
4,MCF7,6.0,A199,12,1,90.0,4,0.8,0.13210132718086243,6702,0.13924452662467957,14879
4,MCF7,6.0,A199,12,1,90.0,4,0.9,0.1418403536081314,4679,0.14948175847530365,7866
4,MCF7,6.0,A199,12,1,90.0,4,1.0,0.15391132235527039,260,0.16675511002540588,777
4,MCF7,6.0,A199,12,1,90.0,4,1.1,,2,0.19119893014431,71
4,MCF7,6.0,A199,12,1,90.0,4,1.2,,0,0.20146283507347107,10
4,MCF7,6.0,A199,12,1,90.0,4,1.3,,0,,2
5,MCF7,6.0,A199,12,1,90.0,5,0.7,,0,,8
5,MCF7,6.0,A199,12,1,90.0,5,0.8,,4,0.12732471525669098,545
5,MCF7,6.0,A199,12,1,90.0,5,0.9,0.14195199310779572,1628,0.13888175785541534,6137
5,MCF7,6.0,A199,12,1,90.0,5,1.0,0.15067645907402039,2680,0.1493016630411148,8545
5,MCF7,6.0,A199,12,1,90.0,5,1.1,0.15696240961551666,37,0.15416698157787323,1236
5,MCF7,6.0,A199,12,1,90.0,5,1.2,,0,0.15699519217014313,112
5,MCF7,6.0,A199,12,1,90.0,5,1.3,,0,,8
5,MCF7,6.0,A199,12,1,90.0,5,1.4,,0,,1
5,MCF7,6.0,A199,12,1,90.0,5,1.5,,0,,0
1,MCF7,6.0,A199,2,1,90.0,1,0.2,,0,0.12319580465555191,48
1,MCF7,6.0,A199,2,1,90.0,1,0.3,0.12286461144685745,2024,0.12962405383586884,5253
1,MCF7,6.0,A199,2,1,90.0,1,0.4,0.121546171605587,5145,0.12653924524784088,8075
1,MCF7,6.0,A199,2,1,90.0,1,0.5,0.1283683478832245,20,0.14784352481365204,128
1,MCF7,6.0,A199,2,1,90.0,1,0.6,,0,,0
2,MCF7,6.0,A199,2,1,90.0,2,0.1,,0,0.1143171414732933,103
2,MCF7,6.0,A199,2,1,90.0,2,0.2,0.09679247438907623,4142,0.10450121015310287,11271
2,MCF7,6.0,A199,2,1,90.0,2,0.3,0.10271262377500534,283,0.112706758081913,2092
2,MCF7,6.0,A199,2,1,90.0,2,0.4,,0,,6
3,MCF7,6.0,A199,2,1,90.0,3,0.0,0.0,5,0.0,322
3,MCF7,6.0,A199,2,1,90.0,3,0.1,,0,,0
3,MCF7,6.0,A199,2,1,90.0,3,0.2,,0,,1
3,MCF7,6.0,A199,2,1,90.0,3,0.3,0.11534684896469116,196,0.127511665225029,302
3,MCF7,6.0,A199,2,1,90.0,3,0.4,0.12668092548847198,2537,0.13447900116443634,3594
3,MCF7,6.0,A199,2,1,90.0,3,0.5,0.12909486889839172,2709,0.144790917634964,5064
3,MCF7,6.0,A199,2,1,90.0,3,0.6,0.12193171679973602,446,0.15919657051563263,1969
3,MCF7,6.0,A199,2,1,90.0,3,0.7,0.11705223470926285,13,0.18227136135101318,418
3,MCF7,6.0,A199,2,1,90.0,3,0.8,,0,0.20361140370368958,68
3,MCF7,6.0,A199,2,1,90.0,3,0.9,,0,0.28054043650627136,19
3,MCF7,6.0,A199,2,1,90.0,3,1.0,,0,,3
3,MCF7,6.0,A199,2,1,90.0,3,1.1,,0,,0
1,MCF7,6.0,A199,3,1,90.0,1,0.4,,0,0.11806007474660873,235
1,MCF7,6.0,A199,3,1,90.0,1,0.5,0.1556703746318817,3902,0.13632732629776,19027
1,MCF7,6.0,A199,3,1,90.0,1,0.6,0.15059015154838562,5234,0.13897335529327393,24327
1,MCF7,6.0,A199,3,1,90.0,1,0.7,0.15031275153160095,13,0.14346793293952942,2378
1,MCF7,6.0,A199,3,1,90.0,1,0.8,,0,0.145626038312912,129
1,MCF7,6.0,A199,3,1,90.0,1,0.9,,0,0.16458603739738464,15
1,MCF7,6.0,A199,3,1,90.0,1,1.0,,0,,1
2,MCF7,6.0,A199,3,1,90.0,2,0.2,,0,,3
2,MCF7,6.0,A199,3,1,90.0,2,0.3,0.11409293115139008,7002,0.11422287672758102,19218
2,MCF7,6.0,A199,3,1,90.0,2,0.4,0.11247985810041428,250,0.11421515792608261,8238
2,MCF7,6.0,A199,3,1,90.0,2,0.5,,0,0.11690729111433029,109
3,MCF7,6.0,A199,3,1,90.0,3,0.5,0.12782347202301025,298,0.132138192653656,385
3,MCF7,6.0,A199,3,1,90.0,3,0.6,0.13217505812644958,5694,0.13677963614463806,8584
3,MCF7,6.0,A199,3,1,90.0,3,0.7,0.13238275051116943,1243,0.14198018610477448,6264
3,MCF7,6.0,A199,3,1,90.0,3,0.8,0.13008275628089905,5,0.14529934525489807,2758
3,MCF7,6.0,A199,3,1,90.0,3,0.9,,0,0.15363016724586487,1450
3,MCF7,6.0,A199,3,1,90.0,3,1.0,,0,0.16264799237251282,563
3,MCF7,6.0,A199,3,1,90.0,3,1.1,,0,0.17576313018798828,96
3,MCF7,6.0,A199,3,1,90.0,3,1.2,,0,0.175211101770401,10
3,MCF7,6.0,A199,3,1,90.0,3,1.3,,0,,2
3,MCF7,6.0,A199,3,1,90.0,3,1.4,,0,,0
4,MCF7,6.0,A199,3,1,90.0,4,0.3,,0,,8
4,MCF7,6.0,A199,3,1,90.0,4,0.4,0.13837358355522156,60,0.13698871433734894,923
4,MCF7,6.0,A199,3,1,90.0,4,0.5,0.15248696506023407,1306,0.14819322526454926,5661
4,MCF7,6.0,A199,3,1,90.0,4,0.6,0.157138854265213,4871,0.1561325192451477,11122
4,MCF7,6.0,A199,3,1,90.0,4,0.7,0.16231440007686615,1881,0.16166512668132782,4901
4,MCF7,6.0,A199,3,1,90.0,4,0.8,0.17339204251766205,22,0.17458122968673706,554
4,MCF7,6.0,A199,3,1,90.0,4,0.9,,0,0.19749298691749573,66
4,MCF7,6.0,A199,3,1,90.0,4,1.0,,0,,9
4,MCF7,6.0,A199,3,1,90.0,4,1.1,,0,,3
4,MCF7,6.0,A199,3,1,90.0,4,1.2,,0,,1
5,MCF7,6.0,A199,3,1,90.0,5,0.3,,0,,1
5,MCF7,6.0,A199,3,1,90.0,5,0.4,0.11101220548152924,967,0.10507166385650635,4994
5,MCF7,6.0,A199,3,1,90.0,5,0.5,0.12287381291389465,9161,0.11739683896303177,31616
5,MCF7,6.0,A199,3,1,90.0,5,0.6,0.13337530195713043,8,0.12583208084106445,956
5,MCF7,6.0,A199,3,1,90.0,5,0.7,,0,,1
6,MCF7,6.0,A199,3,1,90.0,6,0.4,,0,0.122144915163517,158
6,MCF7,6.0,A199,3,1,90.0,6,0.5,0.10732793807983398,17,0.12819048762321472,7207
6,MCF7,6.0,A199,3,1,90.0,6,0.6,0.14086754620075226,6688,0.14273744821548462,17183
6,MCF7,6.0,A199,3,1,90.0,6,0.7,0.14964838325977325,2789,0.15406012535095215,3419
6,MCF7,6.0,A199,3,1,90.0,6,0.8,,1,,1
1,MCF7,6.0,A199,4,1,90.0,1,0.4,0.1361820548772812,72,0.1270626038312912,629
1,MCF7,6.0,A199,4,1,90.0,1,0.5,0.13561351597309113,1481,0.13364826142787933,3550
1,MCF7,6.0,A199,4,1,90.0,1,0.6,0.13759049773216248,4449,0.13406991958618164,7564
1,MCF7,6.0,A199,4,1,90.0,1,0.7,0.14370441436767578,991,0.13382093608379364,4109
1,MCF7,6.0,A199,4,1,90.0,1,0.8,0.1501327008008957,227,0.14189834892749786,1532
1,MCF7,6.0,A199,4,1,90.0,1,0.9,,4,0.14661909639835358,387
1,MCF7,6.0,A199,4,1,90.0,1,1.0,,0,0.14992234110832214,66
1,MCF7,6.0,A199,4,1,90.0,1,1.1,,0,,3
1,MCF7,6.0,A199,4,1,90.0,1,1.2,,0,,0
2,MCF7,6.0,A199,4,1,90.0,2,0.4,,1,0.13822263479232788,229
2,MCF7,6.0,A199,4,1,90.0,2,0.5,0.1329745501279831,1348,0.14627794921398163,6675
2,MCF7,6.0,A199,4,1,90.0,2,0.6,0.1527717113494873,4292,0.16007602214813232,12560
2,MCF7,6.0,A199,4,1,90.0,2,0.7,0.1687408834695816,99,0.17527301609516144,927
2,MCF7,6.0,A199,4,1,90.0,2,0.8,,0,0.18509650230407715,24
2,MCF7,6.0,A199,4,1,90.0,2,0.9,,0,,1
3,MCF7,6.0,A199,4,1,90.0,3,0.0,,0,0.0,92
3,MCF7,6.0,A199,4,1,90.0,3,0.1,,0,,0
3,MCF7,6.0,A199,4,1,90.0,3,0.2,,0,,0
3,MCF7,6.0,A199,4,1,90.0,3,0.3,,0,,0
3,MCF7,6.0,A199,4,1,90.0,3,0.4,,0,,0
3,MCF7,6.0,A199,4,1,90.0,3,0.5,,1,,1
3,MCF7,6.0,A199,4,1,90.0,3,0.6,,4,,5
3,MCF7,6.0,A199,4,1,90.0,3,0.7,0.14878833293914795,27,0.15732280910015106,55
3,MCF7,6.0,A199,4,1,90.0,3,0.8,0.15909606218338013,88,0.1691529005765915,188
3,MCF7,6.0,A199,4,1,90.0,3,0.9,0.16920751333236694,173,0.17891617119312286,323
3,MCF7,6.0,A199,4,1,90.0,3,1.0,0.17337945103645325,318,0.18059802055358887,501
3,MCF7,6.0,A199,4,1,90.0,3,1.1,0.17365700006484985,508,0.17997586727142334,702
3,MCF7,6.0,A199,4,1,90.0,3,1.2,0.17972508072853088,693,0.18271316587924957,870
3,MCF7,6.0,A199,4,1,90.0,3,1.3,0.18098904192447662,912,0.18420355021953583,1098
3,MCF7,6.0,A199,4,1,90.0,3,1.4,0.18387265503406525,826,0.18719634413719177,1025
3,MCF7,6.0,A199,4,1,90.0,3,1.5,0.19017864763736725,725,0.19371946156024933,906
3,MCF7,6.0,A199,4,1,90.0,3,1.6,0.19698061048984528,672,0.19944939017295837,873
3,MCF7,6.0,A199,4,1,90.0,3,1.7,0.20050394535064697,614,0.20348432660102844,801
3,MCF7,6.0,A199,4,1,90.0,3,1.8,0.20449978113174438,514,0.20891526341438293,729
3,MCF7,6.0,A199,4,1,90.0,3,1.9,0.20742934942245483,394,0.21202205121517181,573
3,MCF7,6.0,A199,4,1,90.0,3,2.0,0.20977847278118134,295,0.21485960483551025,486
3,MCF7,6.0,A199,4,1,90.0,3,2.1,0.21345965564250946,261,0.2205219268798828,453
3,MCF7,6.0,A199,4,1,90.0,3,2.2,0.21659661829471588,182,0.22552475333213806,417
3,MCF7,6.0,A199,4,1,90.0,3,2.3,0.2211940735578537,166,0.23454594612121582,404
3,MCF7,6.0,A199,4,1,90.0,3,2.4,0.2213083952665329,90,0.23545333743095398,345
3,MCF7,6.0,A199,4,1,90.0,3,2.5,0.2212761491537094,56,0.24590040743350983,356
3,MCF7,6.0,A199,4,1,90.0,3,2.6,0.21797730028629303,28,0.23985089361667633,386
3,MCF7,6.0,A199,4,1,90.0,3,2.7,0.19458089768886566,19,0.24753209948539734,326
3,MCF7,6.0,A199,4,1,90.0,3,2.8,0.2132657766342163,9,0.25144633650779724,427
3,MCF7,6.0,A199,4,1,90.0,3,2.9,,0,0.2603267729282379,363
3,MCF7,6.0,A199,4,1,90.0,3,3.0,,0,0.2585517168045044,366
3,MCF7,6.0,A199,4,1,90.0,3,3.1,,0,0.26011714339256287,356
3,MCF7,6.0,A199,4,1,90.0,3,3.2,,0,0.2698318362236023,357
3,MCF7,6.0,A199,4,1,90.0,3,3.3,,0,0.27080637216567993,283
3,MCF7,6.0,A199,4,1,90.0,3,3.4,,0,0.28569725155830383,256
3,MCF7,6.0,A199,4,1,90.0,3,3.5,,0,0.2815907299518585,252
3,MCF7,6.0,A199,4,1,90.0,3,3.6,,0,0.2884725332260132,217
3,MCF7,6.0,A199,4,1,90.0,3,3.7,,0,0.2868841886520386,169
3,MCF7,6.0,A199,4,1,90.0,3,3.8,,0,0.2978662848472595,174
3,MCF7,6.0,A199,4,1,90.0,3,3.9,,0,0.2896052300930023,155
3,MCF7,6.0,A199,4,1,90.0,3,4.0,,0,0.3037198483943939,130
3,MCF7,6.0,A199,4,1,90.0,3,4.1,,0,0.2926240861415863,92
3,MCF7,6.0,A199,4,1,90.0,3,4.2,,0,0.31269150972366333,90
3,MCF7,6.0,A199,4,1,90.0,3,4.3,,0,0.3160947263240814,68
3,MCF7,6.0,A199,4,1,90.0,3,4.4,,0,0.29873231053352356,68
3,MCF7,6.0,A199,4,1,90.0,3,4.5,,0,0.3164178133010864,48
3,MCF7,6.0,A199,4,1,90.0,3,4.6,,0,0.30419838428497314,51
3,MCF7,6.0,A199,4,1,90.0,3,4.7,,0,0.3060280680656433,36
3,MCF7,6.0,A199,4,1,90.0,3,4.8,,0,0.3285762369632721,34
3,MCF7,6.0,A199,4,1,90.0,3,4.9,,0,0.31796136498451233,25
3,MCF7,6.0,A199,4,1,90.0,3,5.0,,0,0.30780133605003357,22
3,MCF7,6.0,A199,4,1,90.0,3,5.1,,0,0.3219989836215973,18
3,MCF7,6.0,A199,4,1,90.0,3,5.2,,0,0.24852579832077026,13
3,MCF7,6.0,A199,4,1,90.0,3,5.3,,0,,4
3,MCF7,6.0,A199,4,1,90.0,3,5.4,,0,,8
3,MCF7,6.0,A199,4,1,90.0,3,5.5,,0,0.3384105861186981,14
3,MCF7,6.0,A199,4,1,90.0,3,5.6,,0,,3
3,MCF7,6.0,A199,4,1,90.0,3,5.7,,0,,4
3,MCF7,6.0,A199,4,1,90.0,3,5.8,,0,,5
3,MCF7,6.0,A199,4,1,90.0,3,5.9,,0,,1
3,MCF7,6.0,A199,4,1,90.0,3,6.0,,0,,2
3,MCF7,6.0,A199,4,1,90.0,3,6.1,,0,,2
3,MCF7,6.0,A199,4,1,90.0,3,6.2,,0,,1
3,MCF7,6.0,A199,4,1,90.0,3,6.3,,0,,1
3,MCF7,6.0,A199,4,1,90.0,3,6.4,,0,,0
3,MCF7,6.0,A199,4,1,90.0,3,6.5,,0,,0
3,MCF7,6.0,A199,4,1,90.0,3,6.6,,0,,0
3,MCF7,6.0,A199,4,1,90.0,3,6.7,,0,,2
1,MCF7,6.0,A199,5,1,90.0,1,0.5,,0,0.15848946571350098,482
1,MCF7,6.0,A199,5,1,90.0,1,0.6,0.1664980798959732,2650,0.16337214410305023,12276
1,MCF7,6.0,A199,5,1,90.0,1,0.7,0.17137230932712555,7861,0.17125903069972992,12333
1,MCF7,6.0,A199,5,1,90.0,1,0.8,0.1848166435956955,155,0.19072292745113373,365
1,MCF7,6.0,A199,5,1,90.0,1,0.9,,0,,0
2,MCF7,6.0,A199,5,1,90.0,2,0.4,,0,0.03988901898264885,60
2,MCF7,6.0,A199,5,1,90.0,2,0.5,,0,0.056663427501916885,705
2,MCF7,6.0,A199,5,1,90.0,2,0.6,0.11959057301282883,39,0.10532916337251663,1533
2,MCF7,6.0,A199,5,1,90.0,2,0.7,0.1327836811542511,1889,0.13032357394695282,6519
2,MCF7,6.0,A199,5,1,90.0,2,0.8,0.14715389907360077,3631,0.14864879846572876,6846
2,MCF7,6.0,A199,5,1,90.0,2,0.9,0.16049154102802277,635,0.17288610339164734,2103
2,MCF7,6.0,A199,5,1,90.0,2,1.0,,0,0.1973489224910736,772
2,MCF7,6.0,A199,5,1,90.0,2,1.1,,0,0.22322259843349457,301
2,MCF7,6.0,A199,5,1,90.0,2,1.2,,0,0.24565142393112183,66
2,MCF7,6.0,A199,5,1,90.0,2,1.3,,0,,7
2,MCF7,6.0,A199,5,1,90.0,2,1.4,,0,,0
1,MCF7,6.0,A199,6,1,90.0,1,0.0,,0,0.0,374
1,MCF7,6.0,A199,6,1,90.0,1,0.1,,0,,0
1,MCF7,6.0,A199,6,1,90.0,1,0.2,0.05734208971261978,5,0.057911768555641174,78
1,MCF7,6.0,A199,6,1,90.0,1,0.3,0.08347900211811066,4598,0.07946591079235077,8805
1,MCF7,6.0,A199,6,1,90.0,1,0.4,0.09244809299707413,4249,0.08661720156669617,7912
1,MCF7,6.0,A199,6,1,90.0,1,0.5,0.10491897165775299,13,0.08318635821342468,304
1,MCF7,6.0,A199,6,1,90.0,1,0.6,,0,0.0979517325758934,26
1,MCF7,6.0,A199,6,1,90.0,1,0.7,,0,,5
2,MCF7,6.0,A199,6,1,90.0,2,0.0,,0,0.0,935
2,MCF7,6.0,A199,6,1,90.0,2,0.1,,0,,0
2,MCF7,6.0,A199,6,1,90.0,2,0.2,,0,,5
2,MCF7,6.0,A199,6,1,90.0,2,0.3,0.08193360269069672,8,0.10251230746507645,213
2,MCF7,6.0,A199,6,1,90.0,2,0.4,0.09608136862516403,671,0.10329055786132812,1983
2,MCF7,6.0,A199,6,1,90.0,2,0.5,0.10359347611665726,3016,0.10931196808815002,5164
2,MCF7,6.0,A199,6,1,90.0,2,0.6,0.11382634192705154,951,0.12256471812725067,2292
2,MCF7,6.0,A199,6,1,90.0,2,0.7,0.11444853246212006,31,0.14307227730751038,391
2,MCF7,6.0,A199,6,1,90.0,2,0.8,,0,0.16081786155700684,64
2,MCF7,6.0,A199,6,1,90.0,2,0.9,,0,0.15494301915168762,19
2,MCF7,6.0,A199,6,1,90.0,2,1.0,,0,,5
2,MCF7,6.0,A199,6,1,90.0,2,1.1,,0,,1
3,MCF7,6.0,A199,6,1,90.0,3,0.0,0.0,6,0.0,1405
3,MCF7,6.0,A199,6,1,90.0,3,0.1,,0,,0
3,MCF7,6.0,A199,6,1,90.0,3,0.2,,0,,6
3,MCF7,6.0,A199,6,1,90.0,3,0.3,0.07641860097646713,10,0.12501835823059082,133
3,MCF7,6.0,A199,6,1,90.0,3,0.4,0.0954156294465065,246,0.1265159398317337,941
3,MCF7,6.0,A199,6,1,90.0,3,0.5,0.10432694107294083,1449,0.12543067336082458,2791
3,MCF7,6.0,A199,6,1,90.0,3,0.6,0.11475532501935959,1769,0.13201358914375305,2990
3,MCF7,6.0,A199,6,1,90.0,3,0.7,0.11881094425916672,670,0.14159546792507172,1252
3,MCF7,6.0,A199,6,1,90.0,3,0.8,0.12125300616025925,93,0.16238991916179657,323
3,MCF7,6.0,A199,6,1,90.0,3,0.9,0.13353200256824493,15,0.17680200934410095,75
3,MCF7,6.0,A199,6,1,90.0,3,1.0,,0,0.22764647006988525,19
3,MCF7,6.0,A199,6,1,90.0,3,1.1,,0,,1
4,MCF7,6.0,A199,6,1,90.0,4,0.0,,0,0.0,216
4,MCF7,6.0,A199,6,1,90.0,4,0.1,,0,,0
4,MCF7,6.0,A199,6,1,90.0,4,0.2,,0,0.09430838376283646,86
4,MCF7,6.0,A199,6,1,90.0,4,0.3,0.11805861443281174,347,0.10437391698360443,3378
4,MCF7,6.0,A199,6,1,90.0,4,0.4,0.10177779197692871,2253,0.10247460007667542,10588
4,MCF7,6.0,A199,6,1,90.0,4,0.5,0.09542790800333023,3325,0.09942730516195297,8965
4,MCF7,6.0,A199,6,1,90.0,4,0.6,0.08135063201189041,458,0.09319373220205307,2306
4,MCF7,6.0,A199,6,1,90.0,4,0.7,0.06619187444448471,38,0.08729814738035202,523
4,MCF7,6.0,A199,6,1,90.0,4,0.8,,0,0.10505687445402145,46
4,MCF7,6.0,A199,6,1,90.0,4,0.9,,0,,4
5,MCF7,6.0,A199,6,1,90.0,5,0.0,,0,,7
5,MCF7,6.0,A199,6,1,90.0,5,0.1,,0,,0
5,MCF7,6.0,A199,6,1,90.0,5,0.2,,0,,0
5,MCF7,6.0,A199,6,1,90.0,5,0.3,,0,,0
5,MCF7,6.0,A199,6,1,90.0,5,0.4,,0,,0
5,MCF7,6.0,A199,6,1,90.0,5,0.5,,0,,0
5,MCF7,6.0,A199,6,1,90.0,5,0.6,,0,,0
5,MCF7,6.0,A199,6,1,90.0,5,0.7,,0,,0
5,MCF7,6.0,A199,6,1,90.0,5,0.8,,0,,0
5,MCF7,6.0,A199,6,1,90.0,5,0.9,,0,,0
5,MCF7,6.0,A199,6,1,90.0,5,1.0,,0,,8
5,MCF7,6.0,A199,6,1,90.0,5,1.1,0.14417201280593872,16,0.13723334670066833,111
5,MCF7,6.0,A199,6,1,90.0,5,1.2,0.13796454668045044,215,0.1382419764995575,654
5,MCF7,6.0,A199,6,1,90.0,5,1.3,0.14212264120578766,855,0.142709419131279,2045
5,MCF7,6.0,A199,6,1,90.0,5,1.4,0.14317239820957184,1553,0.1440565437078476,3477
5,MCF7,6.0,A199,6,1,90.0,5,1.5,0.14447852969169617,1659,0.14462648332118988,3643
5,MCF7,6.0,A199,6,1,90.0,5,1.6,0.14716273546218872,1533,0.1449698507785797,3348
5,MCF7,6.0,A199,6,1,90.0,5,1.7,0.15164995193481445,1575,0.14606250822544098,3083
5,MCF7,6.0,A199,6,1,90.0,5,1.8,0.15567247569561005,1934,0.14898379147052765,3317
5,MCF7,6.0,A199,6,1,90.0,5,1.9,0.1617567092180252,2200,0.15380454063415527,3438
5,MCF7,6.0,A199,6,1,90.0,5,2.0,0.16795757412910461,2377,0.16067850589752197,3352
5,MCF7,6.0,A199,6,1,90.0,5,2.1,0.17236272990703583,1998,0.16646261513233185,2544
5,MCF7,6.0,A199,6,1,90.0,5,2.2,0.17629379034042358,1296,0.17070457339286804,1600
5,MCF7,6.0,A199,6,1,90.0,5,2.3,0.18151810765266418,608,0.17389707267284393,779
5,MCF7,6.0,A199,6,1,90.0,5,2.4,0.18359068036079407,251,0.17528873682022095,334
5,MCF7,6.0,A199,6,1,90.0,5,2.5,0.18682962656021118,62,0.17070458829402924,107
5,MCF7,6.0,A199,6,1,90.0,5,2.6,0.1975240707397461,14,0.164178267121315,37
5,MCF7,6.0,A199,6,1,90.0,5,2.7,,1,,9
5,MCF7,6.0,A199,6,1,90.0,5,2.8,,0,,6
5,MCF7,6.0,A199,6,1,90.0,5,2.9,,1,,2
5,MCF7,6.0,A199,6,1,90.0,5,3.0,,0,,3
1,MCF7,6.0,A199,7,1,90.0,1,0.3,0.10587143898010254,545,0.1119471937417984,1499
1,MCF7,6.0,A199,7,1,90.0,1,0.4,0.10511723160743713,3053,0.10839088261127472,6945
1,MCF7,6.0,A199,7,1,90.0,1,0.5,0.09639382362365723,76,0.09850580990314484,641
1,MCF7,6.0,A199,7,1,90.0,1,0.6,,0,,3
2,MCF7,6.0,A199,7,1,90.0,2,0.3,,4,0.09784183651208878,36
2,MCF7,6.0,A199,7,1,90.0,2,0.4,0.1088818609714508,1379,0.10841600596904755,2751
2,MCF7,6.0,A199,7,1,90.0,2,0.5,0.12150981277227402,1359,0.11923865973949432,4594
2,MCF7,6.0,A199,7,1,90.0,2,0.6,0.13954947888851166,886,0.13907095789909363,2107
2,MCF7,6.0,A199,7,1,90.0,2,0.7,0.15031620860099792,470,0.16040171682834625,1213
2,MCF7,6.0,A199,7,1,90.0,2,0.8,0.1733424961566925,442,0.17805375158786774,907
2,MCF7,6.0,A199,7,1,90.0,2,0.9,0.18775083124637604,745,0.18899641931056976,963
2,MCF7,6.0,A199,7,1,90.0,2,1.0,0.1908281296491623,277,0.19068947434425354,296
2,MCF7,6.0,A199,7,1,90.0,2,1.1,0.20142777264118195,28,0.20142777264118195,28
2,MCF7,6.0,A199,7,1,90.0,2,1.2,,1,,1
3,MCF7,6.0,A199,7,1,90.0,3,0.4,0.1680487096309662,1451,0.14718857407569885,5039
3,MCF7,6.0,A199,7,1,90.0,3,0.5,0.1657787710428238,2782,0.15698733925819397,7446
3,MCF7,6.0,A199,7,1,90.0,3,0.6,,0,0.13356570899486542,11
3,MCF7,6.0,A199,7,1,90.0,3,0.7,,0,,0
4,MCF7,6.0,A199,7,1,90.0,4,0.5,0.16387958824634552,23,0.1296587586402893,1311
4,MCF7,6.0,A199,7,1,90.0,4,0.6,0.17378635704517365,3162,0.16327665746212006,10935
4,MCF7,6.0,A199,7,1,90.0,4,0.7,0.19026468694210052,172,0.19295275211334229,1864
4,MCF7,6.0,A199,7,1,90.0,4,0.8,,0,,2
5,MCF7,6.0,A199,7,1,90.0,5,0.0,,0,0.0,3386
5,MCF7,6.0,A199,7,1,90.0,5,0.1,,0,,0
5,MCF7,6.0,A199,7,1,90.0,5,0.2,,0,,0
5,MCF7,6.0,A199,7,1,90.0,5,0.3,,0,,0
5,MCF7,6.0,A199,7,1,90.0,5,0.4,,0,,0
5,MCF7,6.0,A199,7,1,90.0,5,0.5,,0,,0
5,MCF7,6.0,A199,7,1,90.0,5,0.6,,0,,0
5,MCF7,6.0,A199,7,1,90.0,5,0.7,,0,,0
5,MCF7,6.0,A199,7,1,90.0,5,0.8,,0,,0
5,MCF7,6.0,A199,7,1,90.0,5,0.9,,0,,0
5,MCF7,6.0,A199,7,1,90.0,5,1.0,,0,,0
5,MCF7,6.0,A199,7,1,90.0,5,1.1,,0,,0
5,MCF7,6.0,A199,7,1,90.0,5,1.2,,0,,0
5,MCF7,6.0,A199,7,1,90.0,5,1.3,,0,,2
5,MCF7,6.0,A199,7,1,90.0,5,1.4,0.02799764648079872,7,0.012667420320212841,20
5,MCF7,6.0,A199,7,1,90.0,5,1.5,0.041037481278181076,13,0.02362241968512535,46
5,MCF7,6.0,A199,7,1,90.0,5,1.6,0.054134633392095566,97,0.031001394614577293,207
5,MCF7,6.0,A199,7,1,90.0,5,1.7,0.06151869148015976,317,0.04356596991419792,525
5,MCF7,6.0,A199,7,1,90.0,5,1.8,0.0640501156449318,656,0.048504963517189026,996
5,MCF7,6.0,A199,7,1,90.0,5,1.9,0.06947752088308334,980,0.05315361171960831,1507
5,MCF7,6.0,A199,7,1,90.0,5,2.0,0.07318174839019775,1042,0.056282125413417816,1678
5,MCF7,6.0,A199,7,1,90.0,5,2.1,0.07212948799133301,946,0.05439125746488571,1672
5,MCF7,6.0,A199,7,1,90.0,5,2.2,0.07770975679159164,825,0.05690803751349449,1587
5,MCF7,6.0,A199,7,1,90.0,5,2.3,0.08340570330619812,624,0.058640334755182266,1341
5,MCF7,6.0,A199,7,1,90.0,5,2.4,0.0840335413813591,449,0.05697590112686157,1188
5,MCF7,6.0,A199,7,1,90.0,5,2.5,0.08918982744216919,298,0.05460575595498085,966
5,MCF7,6.0,A199,7,1,90.0,5,2.6,0.0913740023970604,154,0.05035732313990593,684
5,MCF7,6.0,A199,7,1,90.0,5,2.7,0.08391904085874557,76,0.045197032392024994,494
5,MCF7,6.0,A199,7,1,90.0,5,2.8,0.07868964225053787,57,0.042872749269008636,388
5,MCF7,6.0,A199,7,1,90.0,5,2.9,0.07424220442771912,36,0.0402887761592865,279
5,MCF7,6.0,A199,7,1,90.0,5,3.0,0.07545475661754608,28,0.04305984824895859,223
5,MCF7,6.0,A199,7,1,90.0,5,3.1,0.10093517601490021,11,0.03269956633448601,187
5,MCF7,6.0,A199,7,1,90.0,5,3.2,0.10908759385347366,6,0.028259629383683205,101
5,MCF7,6.0,A199,7,1,90.0,5,3.3,0.05957083776593208,10,0.028476553037762642,108
5,MCF7,6.0,A199,7,1,90.0,5,3.4,0.07532323896884918,6,0.023527802899479866,83
5,MCF7,6.0,A199,7,1,90.0,5,3.5,,4,0.0342269167304039,60
5,MCF7,6.0,A199,7,1,90.0,5,3.6,0.038249291479587555,5,0.023466844111680984,39
5,MCF7,6.0,A199,7,1,90.0,5,3.7,,4,0.0440232940018177,36
5,MCF7,6.0,A199,7,1,90.0,5,3.8,,3,0.019325830042362213,26
5,MCF7,6.0,A199,7,1,90.0,5,3.9,,3,0.013732721097767353,17
5,MCF7,6.0,A199,7,1,90.0,5,4.0,,2,0.018806083127856255,19
5,MCF7,6.0,A199,7,1,90.0,5,4.1,,1,0.02570922300219536,11
5,MCF7,6.0,A199,7,1,90.0,5,4.2,,0,,9
5,MCF7,6.0,A199,7,1,90.0,5,4.3,,0,,8
5,MCF7,6.0,A199,7,1,90.0,5,4.4,,0,,8
5,MCF7,6.0,A199,7,1,90.0,5,4.5,,1,,4
5,MCF7,6.0,A199,7,1,90.0,5,4.6,,0,,2
5,MCF7,6.0,A199,7,1,90.0,5,4.7,,0,,2
5,MCF7,6.0,A199,7,1,90.0,5,4.8,,0,,1
5,MCF7,6.0,A199,7,1,90.0,5,4.9,,0,,2
5,MCF7,6.0,A199,7,1,90.0,5,5.0,,0,,1
5,MCF7,6.0,A199,7,1,90.0,5,5.1,,0,,4
5,MCF7,6.0,A199,7,1,90.0,5,5.2,,0,,0
5,MCF7,6.0,A199,7,1,90.0,5,5.3,,0,,1
5,MCF7,6.0,A199,7,1,90.0,5,5.4,,0,,0
5,MCF7,6.0,A199,7,1,90.0,5,5.5,,0,,0
5,MCF7,6.0,A199,7,1,90.0,5,5.6,,0,,0
5,MCF7,6.0,A199,7,1,90.0,5,5.7,,0,,1
5,MCF7,6.0,A199,7,1,90.0,5,5.8,,0,,1
5,MCF7,6.0,A199,7,1,90.0,5,5.9,,0,,0
1,MCF7,6.0,A199,8,1,90.0,1,0.0,,0,0.0,140
1,MCF7,6.0,A199,8,1,90.0,1,0.1,,0,,0
1,MCF7,6.0,A199,8,1,90.0,1,0.2,,0,,0
1,MCF7,6.0,A199,8,1,90.0,1,0.3,0.08134609460830688,108,0.08113626390695572,143
1,MCF7,6.0,A199,8,1,90.0,1,0.4,0.0887647494673729,2932,0.08848286420106888,3916
1,MCF7,6.0,A199,8,1,90.0,1,0.5,0.09490886330604553,1461,0.09531094133853912,3610
1,MCF7,6.0,A199,8,1,90.0,1,0.6,0.10486752539873123,36,0.10482199490070343,1035
1,MCF7,6.0,A199,8,1,90.0,1,0.7,,0,0.12078126519918442,238
1,MCF7,6.0,A199,8,1,90.0,1,0.8,,0,0.1183016449213028,58
1,MCF7,6.0,A199,8,1,90.0,1,0.9,,0,0.15681450068950653,11
1,MCF7,6.0,A199,8,1,90.0,1,1.0,,0,,0
1,MCF7,6.0,A199,8,1,90.0,1,1.1,,0,,0
1,MCF7,6.0,A199,8,1,90.0,1,1.2,,0,,1
2,MCF7,6.0,A199,8,1,90.0,2,0.0,,0,,8
2,MCF7,6.0,A199,8,1,90.0,2,0.1,,0,,0
2,MCF7,6.0,A199,8,1,90.0,2,0.2,,0,,0
2,MCF7,6.0,A199,8,1,90.0,2,0.3,,0,,0
2,MCF7,6.0,A199,8,1,90.0,2,0.4,,0,,0
2,MCF7,6.0,A199,8,1,90.0,2,0.5,,0,,0
2,MCF7,6.0,A199,8,1,90.0,2,0.6,,0,,0
2,MCF7,6.0,A199,8,1,90.0,2,0.7,,0,,0
2,MCF7,6.0,A199,8,1,90.0,2,0.8,,0,,1
2,MCF7,6.0,A199,8,1,90.0,2,0.9,,0,0.13848859071731567,13
2,MCF7,6.0,A199,8,1,90.0,2,1.0,,0,0.13301633298397064,56
2,MCF7,6.0,A199,8,1,90.0,2,1.1,0.13487116992473602,12,0.14959220588207245,169
2,MCF7,6.0,A199,8,1,90.0,2,1.2,0.1544109731912613,41,0.15810799598693848,345
2,MCF7,6.0,A199,8,1,90.0,2,1.3,0.16638536751270294,117,0.17278583347797394,602
2,MCF7,6.0,A199,8,1,90.0,2,1.4,0.173900306224823,218,0.18087604641914368,817
2,MCF7,6.0,A199,8,1,90.0,2,1.5,0.19150879979133606,313,0.19424711167812347,928
2,MCF7,6.0,A199,8,1,90.0,2,1.6,0.2099490612745285,311,0.20461690425872803,862
2,MCF7,6.0,A199,8,1,90.0,2,1.7,0.21354980766773224,360,0.21644814312458038,864
2,MCF7,6.0,A199,8,1,90.0,2,1.8,0.22767405211925507,291,0.22973698377609253,677
2,MCF7,6.0,A199,8,1,90.0,2,1.9,0.23632097244262695,268,0.2360842376947403,616
2,MCF7,6.0,A199,8,1,90.0,2,2.0,0.24399739503860474,225,0.24815918505191803,513
2,MCF7,6.0,A199,8,1,90.0,2,2.1,0.2526886761188507,160,0.26254206895828247,392
2,MCF7,6.0,A199,8,1,90.0,2,2.2,0.263304740190506,133,0.27580979466438293,282
2,MCF7,6.0,A199,8,1,90.0,2,2.3,0.2665606141090393,125,0.27576449513435364,227
2,MCF7,6.0,A199,8,1,90.0,2,2.4,0.26579052209854126,98,0.28113430738449097,180
2,MCF7,6.0,A199,8,1,90.0,2,2.5,0.27397480607032776,66,0.2921239137649536,120
2,MCF7,6.0,A199,8,1,90.0,2,2.6,0.28157779574394226,43,0.30345702171325684,85
2,MCF7,6.0,A199,8,1,90.0,2,2.7,0.2841279208660126,27,0.3178282678127289,63
2,MCF7,6.0,A199,8,1,90.0,2,2.8,0.2994484007358551,10,0.30981576442718506,25
2,MCF7,6.0,A199,8,1,90.0,2,2.9,0.26926150918006897,10,0.311749666929245,18
2,MCF7,6.0,A199,8,1,90.0,2,3.0,0.27429166436195374,7,0.293636679649353,13
2,MCF7,6.0,A199,8,1,90.0,2,3.1,,3,,6
2,MCF7,6.0,A199,8,1,90.0,2,3.2,0.29601922631263733,5,,5
2,MCF7,6.0,A199,8,1,90.0,2,3.3,,3,,3
2,MCF7,6.0,A199,8,1,90.0,2,3.4,,0,,1
2,MCF7,6.0,A199,8,1,90.0,2,3.5,,1,,1
2,MCF7,6.0,A199,8,1,90.0,2,3.6,0.27590611577033997,5,,6
2,MCF7,6.0,A199,8,1,90.0,2,3.7,,0,,3
2,MCF7,6.0,A199,8,1,90.0,2,3.8,,0,,1
2,MCF7,6.0,A199,8,1,90.0,2,3.9,,1,,1
2,MCF7,6.0,A199,8,1,90.0,2,4.0,,0,,0
2,MCF7,6.0,A199,8,1,90.0,2,4.1,,0,,1
1,MCF7,6.0,A199,9,1,90.0,1,0.4,0.12520495057106018,43,0.12356895208358765,333
1,MCF7,6.0,A199,9,1,90.0,1,0.5,0.12908603250980377,3870,0.12964269518852234,8242
1,MCF7,6.0,A199,9,1,90.0,1,0.6,0.13328437507152557,817,0.13820645213127136,7858
1,MCF7,6.0,A199,9,1,90.0,1,0.7,,0,0.14883500337600708,1882
1,MCF7,6.0,A199,9,1,90.0,1,0.8,,0,0.16425378620624542,83
1,MCF7,6.0,A199,9,1,90.0,1,0.9,,0,,2
1,MCF7,6.0,A199,9,1,90.0,1,1.0,,0,,0
2,MCF7,6.0,A199,9,1,90.0,2,0.3,0.11274131387472153,877,0.11367984116077423,1433
2,MCF7,6.0,A199,9,1,90.0,2,0.4,0.11501353234052658,3400,0.12139681726694107,13515
2,MCF7,6.0,A199,9,1,90.0,2,0.5,,3,0.13999390602111816,2246
2,MCF7,6.0,A199,9,1,90.0,2,0.6,,0,0.16008467972278595,22
2,MCF7,6.0,A199,9,1,90.0,2,0.7,,0,,0
1,MCF7,6.0,A199,0,2,40.0,1,0.0,,0,0.0,16
1,MCF7,6.0,A199,0,2,40.0,1,0.1,,0,,0
1,MCF7,6.0,A199,0,2,40.0,1,0.2,,0,,0
1,MCF7,6.0,A199,0,2,40.0,1,0.3,,0,,0
1,MCF7,6.0,A199,0,2,40.0,1,0.4,,0,,0
1,MCF7,6.0,A199,0,2,40.0,1,0.5,,0,,0
1,MCF7,6.0,A199,0,2,40.0,1,0.6,0.12103359401226044,15,0.11836238205432892,52
1,MCF7,6.0,A199,0,2,40.0,1,0.7,0.12382148206233978,319,0.11785247921943665,630
1,MCF7,6.0,A199,0,2,40.0,1,0.8,0.12558765709400177,1510,0.12343853712081909,2494
1,MCF7,6.0,A199,0,2,40.0,1,0.9,0.12720009684562683,2564,0.12504932284355164,4004
1,MCF7,6.0,A199,0,2,40.0,1,1.0,0.12911413609981537,1650,0.1276111602783203,3031
1,MCF7,6.0,A199,0,2,40.0,1,1.1,0.13338635861873627,534,0.13044270873069763,1375
1,MCF7,6.0,A199,0,2,40.0,1,1.2,0.13537126779556274,77,0.13331104815006256,430
1,MCF7,6.0,A199,0,2,40.0,1,1.3,,2,0.14595690369606018,103
1,MCF7,6.0,A199,0,2,40.0,1,1.4,,0,0.13809579610824585,44
1,MCF7,6.0,A199,0,2,40.0,1,1.5,,0,0.18106956779956818,16
1,MCF7,6.0,A199,0,2,40.0,1,1.6,,0,,5
1,MCF7,6.0,A199,0,2,40.0,1,1.7,,0,,5
1,MCF7,6.0,A199,0,2,40.0,1,1.8,,0,,2
1,MCF7,6.0,A199,0,2,40.0,1,1.9,,0,,1
2,MCF7,6.0,A199,0,2,40.0,2,0.6,,1,0.18599356710910797,97
2,MCF7,6.0,A199,0,2,40.0,2,0.7,0.20564235746860504,58,0.1862170696258545,3616
2,MCF7,6.0,A199,0,2,40.0,2,0.8,0.22146201133728027,1001,0.19734962284564972,14507
2,MCF7,6.0,A199,0,2,40.0,2,0.9,0.2318740040063858,4376,0.20931550860404968,18687
2,MCF7,6.0,A199,0,2,40.0,2,1.0,0.24198533594608307,4557,0.22452211380004883,11571
2,MCF7,6.0,A199,0,2,40.0,2,1.1,0.25270193815231323,1418,0.23680654168128967,3343
2,MCF7,6.0,A199,0,2,40.0,2,1.2,0.2612045109272003,136,0.2443830519914627,436
2,MCF7,6.0,A199,0,2,40.0,2,1.3,,1,0.25587180256843567,29
2,MCF7,6.0,A199,0,2,40.0,2,1.4,,0,,2
2,MCF7,6.0,A199,0,2,40.0,2,1.5,,0,,0
3,MCF7,6.0,A199,0,2,40.0,3,0.6,,0,,1
3,MCF7,6.0,A199,0,2,40.0,3,0.7,0.049697909504175186,6,0.09172845631837845,117
3,MCF7,6.0,A199,0,2,40.0,3,0.8,0.11379362642765045,238,0.11097817867994308,1618
3,MCF7,6.0,A199,0,2,40.0,3,0.9,0.13159318268299103,1947,0.12946194410324097,6378
3,MCF7,6.0,A199,0,2,40.0,3,1.0,0.1318475902080536,2009,0.13571539521217346,6315
3,MCF7,6.0,A199,0,2,40.0,3,1.1,0.1411430835723877,2019,0.14512962102890015,4606
3,MCF7,6.0,A199,0,2,40.0,3,1.2,0.15120695531368256,1286,0.154880553483963,2504
3,MCF7,6.0,A199,0,2,40.0,3,1.3,0.15890151262283325,420,0.16246923804283142,742
3,MCF7,6.0,A199,0,2,40.0,3,1.4,0.16363249719142914,30,0.17268256843090057,83
3,MCF7,6.0,A199,0,2,40.0,3,1.5,,0,,4
1,MCF7,6.0,A199,1,2,40.0,1,0.7,,0,,1
1,MCF7,6.0,A199,1,2,40.0,1,0.8,0.1717587113380432,34,0.15982064604759216,197
1,MCF7,6.0,A199,1,2,40.0,1,0.9,0.1852554976940155,486,0.18381626904010773,1288
1,MCF7,6.0,A199,1,2,40.0,1,1.0,0.19024114310741425,1824,0.195054292678833,4061
1,MCF7,6.0,A199,1,2,40.0,1,1.1,0.19183829426765442,2376,0.1994735449552536,6075
1,MCF7,6.0,A199,1,2,40.0,1,1.2,0.1902824342250824,1418,0.20539523661136627,5223
1,MCF7,6.0,A199,1,2,40.0,1,1.3,0.18850550055503845,404,0.21690316498279572,3124
1,MCF7,6.0,A199,1,2,40.0,1,1.4,0.18670739233493805,123,0.22806119918823242,1653
1,MCF7,6.0,A199,1,2,40.0,1,1.5,0.1832795888185501,41,0.2386927753686905,695
1,MCF7,6.0,A199,1,2,40.0,1,1.6,0.18692968785762787,14,0.25139933824539185,275
1,MCF7,6.0,A199,1,2,40.0,1,1.7,,2,0.2708756625652313,104
1,MCF7,6.0,A199,1,2,40.0,1,1.8,,2,0.28620466589927673,36
1,MCF7,6.0,A199,1,2,40.0,1,1.9,,0,0.2777274549007416,15
1,MCF7,6.0,A199,1,2,40.0,1,2.0,,0,,1
1,MCF7,6.0,A199,1,2,40.0,1,2.1,,0,,3
1,MCF7,6.0,A199,1,2,40.0,1,2.2,,0,,1
2,MCF7,6.0,A199,1,2,40.0,2,0.0,,0,0.0,287
2,MCF7,6.0,A199,1,2,40.0,2,0.1,,0,,0
2,MCF7,6.0,A199,1,2,40.0,2,0.2,,0,,1
2,MCF7,6.0,A199,1,2,40.0,2,0.3,,3,0.12797099351882935,140
2,MCF7,6.0,A199,1,2,40.0,2,0.4,0.10820257663726807,300,0.1258222907781601,1627
2,MCF7,6.0,A199,1,2,40.0,2,0.5,0.1151636391878128,3592,0.12818129360675812,7605
2,MCF7,6.0,A199,1,2,40.0,2,0.6,0.1248251348733902,3589,0.13859249651432037,7696
2,MCF7,6.0,A199,1,2,40.0,2,0.7,0.1348259150981903,536,0.15992233157157898,2396
2,MCF7,6.0,A199,1,2,40.0,2,0.8,0.14471900463104248,21,0.18422915041446686,549
2,MCF7,6.0,A199,1,2,40.0,2,0.9,,1,0.20768290758132935,151
2,MCF7,6.0,A199,1,2,40.0,2,1.0,,0,0.21849527955055237,35
2,MCF7,6.0,A199,1,2,40.0,2,1.1,,0,,6
2,MCF7,6.0,A199,1,2,40.0,2,1.2,,0,,2
2,MCF7,6.0,A199,1,2,40.0,2,1.3,,0,,1
3,MCF7,6.0,A199,1,2,40.0,3,0.0,,0,0.0,509
3,MCF7,6.0,A199,1,2,40.0,3,0.1,,0,,0
3,MCF7,6.0,A199,1,2,40.0,3,0.2,,0,,0
3,MCF7,6.0,A199,1,2,40.0,3,0.3,,0,,0
3,MCF7,6.0,A199,1,2,40.0,3,0.4,,0,0.117330402135849,15
3,MCF7,6.0,A199,1,2,40.0,3,0.5,,0,0.1347329169511795,182
3,MCF7,6.0,A199,1,2,40.0,3,0.6,0.09803497046232224,17,0.134805828332901,1131
3,MCF7,6.0,A199,1,2,40.0,3,0.7,0.11177350580692291,905,0.13324791193008423,5221
3,MCF7,6.0,A199,1,2,40.0,3,0.8,0.12289047986268997,2795,0.13825814425945282,10388
3,MCF7,6.0,A199,1,2,40.0,3,0.9,0.13554753363132477,784,0.15442971885204315,6677
3,MCF7,6.0,A199,1,2,40.0,3,1.0,0.15282359719276428,32,0.16698284447193146,2921
3,MCF7,6.0,A199,1,2,40.0,3,1.1,,0,0.18410047888755798,1160
3,MCF7,6.0,A199,1,2,40.0,3,1.2,,0,0.20076696574687958,448
3,MCF7,6.0,A199,1,2,40.0,3,1.3,,0,0.20502923429012299,184
3,MCF7,6.0,A199,1,2,40.0,3,1.4,,0,0.22847889363765717,89
3,MCF7,6.0,A199,1,2,40.0,3,1.5,,0,0.23094411194324493,35
3,MCF7,6.0,A199,1,2,40.0,3,1.6,,0,0.24369941651821136,16
3,MCF7,6.0,A199,1,2,40.0,3,1.7,,0,0.26413553953170776,10
3,MCF7,6.0,A199,1,2,40.0,3,1.8,,0,,4
3,MCF7,6.0,A199,1,2,40.0,3,1.9,,0,,0
3,MCF7,6.0,A199,1,2,40.0,3,2.0,,0,,2
3,MCF7,6.0,A199,1,2,40.0,3,2.1,,0,,0
4,MCF7,6.0,A199,1,2,40.0,4,0.0,,0,0.0,208
4,MCF7,6.0,A199,1,2,40.0,4,0.1,,0,,0
4,MCF7,6.0,A199,1,2,40.0,4,0.2,,0,,0
4,MCF7,6.0,A199,1,2,40.0,4,0.3,,0,,0
4,MCF7,6.0,A199,1,2,40.0,4,0.4,,0,,0
4,MCF7,6.0,A199,1,2,40.0,4,0.5,,0,,0
4,MCF7,6.0,A199,1,2,40.0,4,0.6,,0,,0
4,MCF7,6.0,A199,1,2,40.0,4,0.7,,0,,1
4,MCF7,6.0,A199,1,2,40.0,4,0.8,,0,,3
4,MCF7,6.0,A199,1,2,40.0,4,0.9,,0,0.10829050838947296,34
4,MCF7,6.0,A199,1,2,40.0,4,1.0,0.09363629668951035,7,0.11192681640386581,85
4,MCF7,6.0,A199,1,2,40.0,4,1.1,0.12969185411930084,92,0.13986410200595856,386
4,MCF7,6.0,A199,1,2,40.0,4,1.2,0.15341943502426147,550,0.15582911670207977,1171
4,MCF7,6.0,A199,1,2,40.0,4,1.3,0.1609078198671341,1193,0.16348740458488464,2049
4,MCF7,6.0,A199,1,2,40.0,4,1.4,0.16439206898212433,1007,0.17147620022296906,1956
4,MCF7,6.0,A199,1,2,40.0,4,1.5,0.16938796639442444,445,0.17976516485214233,1318
4,MCF7,6.0,A199,1,2,40.0,4,1.6,0.16348741948604584,101,0.19379045069217682,713
4,MCF7,6.0,A199,1,2,40.0,4,1.7,0.16341425478458405,12,0.20454156398773193,476
4,MCF7,6.0,A199,1,2,40.0,4,1.8,,3,0.21528397500514984,291
4,MCF7,6.0,A199,1,2,40.0,4,1.9,,0,0.23347990214824677,220
4,MCF7,6.0,A199,1,2,40.0,4,2.0,,0,0.24885797500610352,138
4,MCF7,6.0,A199,1,2,40.0,4,2.1,,0,0.23489108681678772,90
4,MCF7,6.0,A199,1,2,40.0,4,2.2,,0,0.23987585306167603,68
4,MCF7,6.0,A199,1,2,40.0,4,2.3,,0,0.2589438259601593,36
4,MCF7,6.0,A199,1,2,40.0,4,2.4,,0,0.2852901220321655,20
4,MCF7,6.0,A199,1,2,40.0,4,2.5,,0,0.22083018720149994,24
4,MCF7,6.0,A199,1,2,40.0,4,2.6,,0,0.2920951843261719,11
4,MCF7,6.0,A199,1,2,40.0,4,2.7,,0,,7
4,MCF7,6.0,A199,1,2,40.0,4,2.8,,0,,4
4,MCF7,6.0,A199,1,2,40.0,4,2.9,,0,,0
4,MCF7,6.0,A199,1,2,40.0,4,3.0,,0,,1
4,MCF7,6.0,A199,1,2,40.0,4,3.1,,0,,0
4,MCF7,6.0,A199,1,2,40.0,4,3.2,,0,,2
4,MCF7,6.0,A199,1,2,40.0,4,3.3,,0,,0
1,MCF7,6.0,A199,10,2,40.0,1,0.6,0.09764809161424637,32,0.0955234169960022,54
1,MCF7,6.0,A199,10,2,40.0,1,0.7,0.11319775879383087,2079,0.10911279171705246,3692
1,MCF7,6.0,A199,10,2,40.0,1,0.8,0.11878479272127151,2044,0.11504516750574112,6188
1,MCF7,6.0,A199,10,2,40.0,1,0.9,0.12171712517738342,767,0.1137208640575409,3059
1,MCF7,6.0,A199,10,2,40.0,1,1.0,0.12416405975818634,153,0.11817856132984161,315
1,MCF7,6.0,A199,10,2,40.0,1,1.1,,3,,4
1,MCF7,6.0,A199,10,2,40.0,1,1.2,,0,,0
2,MCF7,6.0,A199,10,2,40.0,2,0.6,0.13780918717384338,2338,0.13780918717384338,2338
2,MCF7,6.0,A199,10,2,40.0,2,0.7,0.13671819865703583,2731,0.13705717027187347,3110
2,MCF7,6.0,A199,10,2,40.0,2,0.8,0.13180454075336456,415,0.13376598060131073,3271
2,MCF7,6.0,A199,10,2,40.0,2,0.9,,0,0.14211627840995789,2962
2,MCF7,6.0,A199,10,2,40.0,2,1.0,,0,0.14880026876926422,2238
2,MCF7,6.0,A199,10,2,40.0,2,1.1,,0,0.14973793923854828,1838
2,MCF7,6.0,A199,10,2,40.0,2,1.2,,0,0.1545424908399582,1329
2,MCF7,6.0,A199,10,2,40.0,2,1.3,,0,0.16405704617500305,1034
2,MCF7,6.0,A199,10,2,40.0,2,1.4,,0,0.16674324870109558,834
2,MCF7,6.0,A199,10,2,40.0,2,1.5,,0,0.16944223642349243,637
2,MCF7,6.0,A199,10,2,40.0,2,1.6,,0,0.17199425399303436,457
2,MCF7,6.0,A199,10,2,40.0,2,1.7,,0,0.17896224558353424,236
2,MCF7,6.0,A199,10,2,40.0,2,1.8,,0,0.17735809087753296,97
2,MCF7,6.0,A199,10,2,40.0,2,1.9,,0,0.1870185136795044,32
2,MCF7,6.0,A199,10,2,40.0,2,2.0,,0,,2
2,MCF7,6.0,A199,10,2,40.0,2,2.1,,0,,1
2,MCF7,6.0,A199,10,2,40.0,2,2.2,,0,,0
3,MCF7,6.0,A199,10,2,40.0,3,0.0,,0,,2
3,MCF7,6.0,A199,10,2,40.0,3,0.1,,0,,0
3,MCF7,6.0,A199,10,2,40.0,3,0.2,,0,,0
3,MCF7,6.0,A199,10,2,40.0,3,0.3,,0,,0
3,MCF7,6.0,A199,10,2,40.0,3,0.4,,0,,0
3,MCF7,6.0,A199,10,2,40.0,3,0.5,,0,,0
3,MCF7,6.0,A199,10,2,40.0,3,0.6,,0,,0
3,MCF7,6.0,A199,10,2,40.0,3,0.7,,0,,1
3,MCF7,6.0,A199,10,2,40.0,3,0.8,0.1459423303604126,10,0.12739567458629608,46
3,MCF7,6.0,A199,10,2,40.0,3,0.9,0.1532108634710312,142,0.1512087881565094,456
3,MCF7,6.0,A199,10,2,40.0,3,1.0,0.16980110108852386,849,0.16265323758125305,1942
3,MCF7,6.0,A199,10,2,40.0,3,1.1,0.17628303170204163,1390,0.17186731100082397,3318
3,MCF7,6.0,A199,10,2,40.0,3,1.2,0.1813751608133316,765,0.17928063869476318,2531
3,MCF7,6.0,A199,10,2,40.0,3,1.3,0.18522493541240692,202,0.1851707547903061,1253
3,MCF7,6.0,A199,10,2,40.0,3,1.4,0.19443169236183167,38,0.1914738565683365,538
3,MCF7,6.0,A199,10,2,40.0,3,1.5,,2,0.1957077533006668,192
3,MCF7,6.0,A199,10,2,40.0,3,1.6,,1,0.21348531544208527,86
3,MCF7,6.0,A199,10,2,40.0,3,1.7,,0,0.23094242811203003,38
3,MCF7,6.0,A199,10,2,40.0,3,1.8,,0,0.26588118076324463,16
3,MCF7,6.0,A199,10,2,40.0,3,1.9,,0,,4
3,MCF7,6.0,A199,10,2,40.0,3,2.0,,0,,7
3,MCF7,6.0,A199,10,2,40.0,3,2.1,,0,,1
3,MCF7,6.0,A199,10,2,40.0,3,2.2,,0,,1
4,MCF7,6.0,A199,10,2,40.0,4,0.5,,2,,5
4,MCF7,6.0,A199,10,2,40.0,4,0.6,0.13233597576618195,579,0.131475567817688,1029
4,MCF7,6.0,A199,10,2,40.0,4,0.7,0.1537635326385498,3151,0.15226174890995026,6720
4,MCF7,6.0,A199,10,2,40.0,4,0.8,0.16811151802539825,733,0.16679219901561737,4437
4,MCF7,6.0,A199,10,2,40.0,4,0.9,0.19184915721416473,12,0.17559076845645905,1619
4,MCF7,6.0,A199,10,2,40.0,4,1.0,,0,0.17269013822078705,620
4,MCF7,6.0,A199,10,2,40.0,4,1.1,,0,0.17243576049804688,202
4,MCF7,6.0,A199,10,2,40.0,4,1.2,,0,0.17001482844352722,71
4,MCF7,6.0,A199,10,2,40.0,4,1.3,,0,0.1923142522573471,23
4,MCF7,6.0,A199,10,2,40.0,4,1.4,,0,,6
4,MCF7,6.0,A199,10,2,40.0,4,1.5,,0,,4
1,MCF7,6.0,A199,11,2,40.0,1,0.4,,0,,1
1,MCF7,6.0,A199,11,2,40.0,1,0.5,,0,0.11875507235527039,123
1,MCF7,6.0,A199,11,2,40.0,1,0.6,,2,0.13102297484874725,1170
1,MCF7,6.0,A199,11,2,40.0,1,0.7,0.15092363953590393,50,0.14634305238723755,2280
1,MCF7,6.0,A199,11,2,40.0,1,0.8,0.1674148440361023,266,0.16365018486976624,2657
1,MCF7,6.0,A199,11,2,40.0,1,0.9,0.1807769387960434,611,0.1751134991645813,2485
1,MCF7,6.0,A199,11,2,40.0,1,1.0,0.19493773579597473,762,0.18398763239383698,1886
1,MCF7,6.0,A199,11,2,40.0,1,1.1,0.20799194276332855,1121,0.19830957055091858,1825
1,MCF7,6.0,A199,11,2,40.0,1,1.2,0.21771711111068726,950,0.21119146049022675,1284
1,MCF7,6.0,A199,11,2,40.0,1,1.3,0.22289420664310455,560,0.218722864985466,731
1,MCF7,6.0,A199,11,2,40.0,1,1.4,0.22500041127204895,395,0.2231442630290985,457
1,MCF7,6.0,A199,11,2,40.0,1,1.5,0.22753125429153442,291,0.22572052478790283,323
1,MCF7,6.0,A199,11,2,40.0,1,1.6,0.2380049228668213,160,0.23592033982276917,176
1,MCF7,6.0,A199,11,2,40.0,1,1.7,0.2300972193479538,63,0.2302142083644867,71
1,MCF7,6.0,A199,11,2,40.0,1,1.8,0.21042583882808685,12,0.21500515937805176,15
1,MCF7,6.0,A199,11,2,40.0,1,1.9,,3,,3
1,MCF7,6.0,A199,11,2,40.0,1,2.0,,1,,1
2,MCF7,6.0,A199,11,2,40.0,2,0.4,0.131484255194664,1087,0.1321166753768921,1322
2,MCF7,6.0,A199,11,2,40.0,2,0.5,0.1304648220539093,2143,0.13447009027004242,7646
2,MCF7,6.0,A199,11,2,40.0,2,0.6,0.12387921661138535,383,0.13132742047309875,5043
2,MCF7,6.0,A199,11,2,40.0,2,0.7,0.1035013273358345,6,0.13173875212669373,621
2,MCF7,6.0,A199,11,2,40.0,2,0.8,,0,0.13208334147930145,22
2,MCF7,6.0,A199,11,2,40.0,2,0.9,,0,,2
2,MCF7,6.0,A199,11,2,40.0,2,1.0,,0,,0
3,MCF7,6.0,A199,11,2,40.0,3,0.0,,0,0.0,3198
3,MCF7,6.0,A199,11,2,40.0,3,0.1,,0,,0
3,MCF7,6.0,A199,11,2,40.0,3,0.2,,0,,0
3,MCF7,6.0,A199,11,2,40.0,3,0.3,,0,,0
3,MCF7,6.0,A199,11,2,40.0,3,0.4,,0,,0
3,MCF7,6.0,A199,11,2,40.0,3,0.5,,0,,0
3,MCF7,6.0,A199,11,2,40.0,3,0.6,,1,,1
3,MCF7,6.0,A199,11,2,40.0,3,0.7,0.13984358310699463,259,0.1405339539051056,262
3,MCF7,6.0,A199,11,2,40.0,3,0.8,0.14804872870445251,1420,0.15066984295845032,1513
3,MCF7,6.0,A199,11,2,40.0,3,0.9,0.15181836485862732,1412,0.1621849685907364,1817
3,MCF7,6.0,A199,11,2,40.0,3,1.0,0.14799445867538452,1067,0.16420863568782806,1816
3,MCF7,6.0,A199,11,2,40.0,3,1.1,0.1506044864654541,642,0.16958391666412354,1450
3,MCF7,6.0,A199,11,2,40.0,3,1.2,0.15208953619003296,244,0.17277368903160095,1004
3,MCF7,6.0,A199,11,2,40.0,3,1.3,0.1515979915857315,58,0.1769954413175583,745
3,MCF7,6.0,A199,11,2,40.0,3,1.4,0.1251642107963562,11,0.1785377711057663,565
3,MCF7,6.0,A199,11,2,40.0,3,1.5,,0,0.1928423047065735,442
3,MCF7,6.0,A199,11,2,40.0,3,1.6,,0,0.18939879536628723,356
3,MCF7,6.0,A199,11,2,40.0,3,1.7,,0,0.19886000454425812,290
3,MCF7,6.0,A199,11,2,40.0,3,1.8,,0,0.2015131115913391,264
3,MCF7,6.0,A199,11,2,40.0,3,1.9,,0,0.2105632722377777,271
3,MCF7,6.0,A199,11,2,40.0,3,2.0,,0,0.2204742729663849,256
3,MCF7,6.0,A199,11,2,40.0,3,2.1,,0,0.22656407952308655,256
3,MCF7,6.0,A199,11,2,40.0,3,2.2,,0,0.23286963999271393,281
3,MCF7,6.0,A199,11,2,40.0,3,2.3,,0,0.2504267692565918,280
3,MCF7,6.0,A199,11,2,40.0,3,2.4,,0,0.25079506635665894,251
3,MCF7,6.0,A199,11,2,40.0,3,2.5,,0,0.2589200735092163,249
3,MCF7,6.0,A199,11,2,40.0,3,2.6,,0,0.2568240463733673,268
3,MCF7,6.0,A199,11,2,40.0,3,2.7,,0,0.2681984305381775,236
3,MCF7,6.0,A199,11,2,40.0,3,2.8,,0,0.2712189555168152,219
3,MCF7,6.0,A199,11,2,40.0,3,2.9,,0,0.2719137668609619,182
3,MCF7,6.0,A199,11,2,40.0,3,3.0,,0,0.27204182744026184,173
3,MCF7,6.0,A199,11,2,40.0,3,3.1,,0,0.26860377192497253,145
3,MCF7,6.0,A199,11,2,40.0,3,3.2,,0,0.27463439106941223,123
3,MCF7,6.0,A199,11,2,40.0,3,3.3,,0,0.258349746465683,100
3,MCF7,6.0,A199,11,2,40.0,3,3.4,,0,0.26568084955215454,73
3,MCF7,6.0,A199,11,2,40.0,3,3.5,,0,0.2579042613506317,59
3,MCF7,6.0,A199,11,2,40.0,3,3.6,,0,0.2644134759902954,53
3,MCF7,6.0,A199,11,2,40.0,3,3.7,,0,0.2642451226711273,45
3,MCF7,6.0,A199,11,2,40.0,3,3.8,,0,0.23586460947990417,35
3,MCF7,6.0,A199,11,2,40.0,3,3.9,,0,0.23033210635185242,25
3,MCF7,6.0,A199,11,2,40.0,3,4.0,,0,0.2784605026245117,15
3,MCF7,6.0,A199,11,2,40.0,3,4.1,,0,0.22141727805137634,16
3,MCF7,6.0,A199,11,2,40.0,3,4.2,,0,0.21819399297237396,11
3,MCF7,6.0,A199,11,2,40.0,3,4.3,,0,,6
3,MCF7,6.0,A199,11,2,40.0,3,4.4,,0,,7
3,MCF7,6.0,A199,11,2,40.0,3,4.5,,0,,6
3,MCF7,6.0,A199,11,2,40.0,3,4.6,,0,,6
3,MCF7,6.0,A199,11,2,40.0,3,4.7,,0,,2
3,MCF7,6.0,A199,11,2,40.0,3,4.8,,0,,2
3,MCF7,6.0,A199,11,2,40.0,3,4.9,,0,,2
3,MCF7,6.0,A199,11,2,40.0,3,5.0,,0,,0
4,MCF7,6.0,A199,11,2,40.0,4,0.4,0.13761387765407562,149,0.12010733038187027,1415
4,MCF7,6.0,A199,11,2,40.0,4,0.5,0.14927446842193604,5760,0.13779018819332123,15121
4,MCF7,6.0,A199,11,2,40.0,4,0.6,0.1643180400133133,79,0.18253076076507568,663
4,MCF7,6.0,A199,11,2,40.0,4,0.7,,0,,1
5,MCF7,6.0,A199,11,2,40.0,5,0.9,0.1254483163356781,15,0.14159801602363586,20
5,MCF7,6.0,A199,11,2,40.0,5,1.0,0.13915781676769257,261,0.14453309774398804,313
5,MCF7,6.0,A199,11,2,40.0,5,1.1,0.1487549990415573,879,0.1523071527481079,1114
5,MCF7,6.0,A199,11,2,40.0,5,1.2,0.16027286648750305,1505,0.1622162014245987,2083
5,MCF7,6.0,A199,11,2,40.0,5,1.3,0.16966217756271362,1632,0.17415723204612732,2681
5,MCF7,6.0,A199,11,2,40.0,5,1.4,0.17765195667743683,1253,0.18363110721111298,2396
5,MCF7,6.0,A199,11,2,40.0,5,1.5,0.1859954297542572,493,0.19418556988239288,1372
5,MCF7,6.0,A199,11,2,40.0,5,1.6,0.18334665894508362,137,0.20090122520923615,684
5,MCF7,6.0,A199,11,2,40.0,5,1.7,0.184832364320755,40,0.2093508094549179,365
5,MCF7,6.0,A199,11,2,40.0,5,1.8,0.15139570832252502,5,0.2167774736881256,166
5,MCF7,6.0,A199,11,2,40.0,5,1.9,,2,0.21769320964813232,93
5,MCF7,6.0,A199,11,2,40.0,5,2.0,,0,0.2178478091955185,36
5,MCF7,6.0,A199,11,2,40.0,5,2.1,,0,0.23017911612987518,31
5,MCF7,6.0,A199,11,2,40.0,5,2.2,,0,0.22581200301647186,12
5,MCF7,6.0,A199,11,2,40.0,5,2.3,,0,,6
5,MCF7,6.0,A199,11,2,40.0,5,2.4,,0,,0
5,MCF7,6.0,A199,11,2,40.0,5,2.5,,0,,1
5,MCF7,6.0,A199,11,2,40.0,5,2.6,,0,,3
5,MCF7,6.0,A199,11,2,40.0,5,2.7,,0,,0
1,MCF7,6.0,A199,12,2,40.0,1,0.0,,0,0.0,1124
1,MCF7,6.0,A199,12,2,40.0,1,0.1,,0,,0
1,MCF7,6.0,A199,12,2,40.0,1,0.2,,0,,0
1,MCF7,6.0,A199,12,2,40.0,1,0.3,,0,,1
1,MCF7,6.0,A199,12,2,40.0,1,0.4,0.07323524355888367,37,0.07192595303058624,56
1,MCF7,6.0,A199,12,2,40.0,1,0.5,0.07528485357761383,1215,0.07549349963665009,1628
1,MCF7,6.0,A199,12,2,40.0,1,0.6,0.07751386612653732,1646,0.07845477759838104,3061
1,MCF7,6.0,A199,12,2,40.0,1,0.7,0.07476501911878586,296,0.08171714842319489,1588
1,MCF7,6.0,A199,12,2,40.0,1,0.8,0.08417260646820068,7,0.08940085768699646,535
1,MCF7,6.0,A199,12,2,40.0,1,0.9,,0,0.09589830785989761,224
1,MCF7,6.0,A199,12,2,40.0,1,1.0,,0,0.1179896891117096,82
1,MCF7,6.0,A199,12,2,40.0,1,1.1,,0,0.14619214832782745,20
1,MCF7,6.0,A199,12,2,40.0,1,1.2,,0,0.16096453368663788,10
1,MCF7,6.0,A199,12,2,40.0,1,1.3,,0,,6
1,MCF7,6.0,A199,12,2,40.0,1,1.4,,0,,1
1,MCF7,6.0,A199,12,2,40.0,1,1.5,,0,,0
2,MCF7,6.0,A199,12,2,40.0,2,0.0,,0,0.0,45
2,MCF7,6.0,A199,12,2,40.0,2,0.1,,0,,0
2,MCF7,6.0,A199,12,2,40.0,2,0.2,,0,,0
2,MCF7,6.0,A199,12,2,40.0,2,0.3,,0,,0
2,MCF7,6.0,A199,12,2,40.0,2,0.4,,0,,0
2,MCF7,6.0,A199,12,2,40.0,2,0.5,,0,,0
2,MCF7,6.0,A199,12,2,40.0,2,0.6,,0,0.16217392683029175,10
2,MCF7,6.0,A199,12,2,40.0,2,0.7,0.15595188736915588,61,0.14615963399410248,260
2,MCF7,6.0,A199,12,2,40.0,2,0.8,0.1600399762392044,710,0.15642009675502777,1717
2,MCF7,6.0,A199,12,2,40.0,2,0.9,0.16902385652065277,2453,0.16663838922977448,4595
2,MCF7,6.0,A199,12,2,40.0,2,1.0,0.1784564107656479,2369,0.17492280900478363,4955
2,MCF7,6.0,A199,12,2,40.0,2,1.1,0.18214811384677887,909,0.18004226684570312,2933
2,MCF7,6.0,A199,12,2,40.0,2,1.2,0.18174488842487335,171,0.18457534909248352,1385
2,MCF7,6.0,A199,12,2,40.0,2,1.3,0.18300244212150574,21,0.19304421544075012,611
2,MCF7,6.0,A199,12,2,40.0,2,1.4,,3,0.20612569153308868,263
2,MCF7,6.0,A199,12,2,40.0,2,1.5,,1,0.21948620676994324,113
2,MCF7,6.0,A199,12,2,40.0,2,1.6,,0,0.23152129352092743,36
2,MCF7,6.0,A199,12,2,40.0,2,1.7,,0,0.2526058554649353,19
2,MCF7,6.0,A199,12,2,40.0,2,1.8,,0,,9
2,MCF7,6.0,A199,12,2,40.0,2,1.9,,0,,6
2,MCF7,6.0,A199,12,2,40.0,2,2.0,,0,,3
2,MCF7,6.0,A199,12,2,40.0,2,2.1,,0,,0
3,MCF7,6.0,A199,12,2,40.0,3,0.3,,0,0.09329592436552048,16
3,MCF7,6.0,A199,12,2,40.0,3,0.4,0.11073128134012222,1699,0.11491518467664719,2861
3,MCF7,6.0,A199,12,2,40.0,3,0.5,0.11850220710039139,2007,0.12230198085308075,4679
3,MCF7,6.0,A199,12,2,40.0,3,0.6,0.1260347068309784,142,0.12743505835533142,2142
3,MCF7,6.0,A199,12,2,40.0,3,0.7,,0,0.13565325736999512,1780
3,MCF7,6.0,A199,12,2,40.0,3,0.8,,0,0.1455671191215515,1611
3,MCF7,6.0,A199,12,2,40.0,3,0.9,,0,0.15272745490074158,1188
3,MCF7,6.0,A199,12,2,40.0,3,1.0,,0,0.1632554531097412,569
3,MCF7,6.0,A199,12,2,40.0,3,1.1,,0,0.17987759411334991,216
3,MCF7,6.0,A199,12,2,40.0,3,1.2,,0,0.19359996914863586,68
3,MCF7,6.0,A199,12,2,40.0,3,1.3,,0,0.19926519691944122,19
3,MCF7,6.0,A199,12,2,40.0,3,1.4,,0,0.24156983196735382,17
3,MCF7,6.0,A199,12,2,40.0,3,1.5,,0,,2
4,MCF7,6.0,A199,12,2,40.0,4,0.3,,0,,3
4,MCF7,6.0,A199,12,2,40.0,4,0.4,0.12139353156089783,1097,0.12611636519432068,1917
4,MCF7,6.0,A199,12,2,40.0,4,0.5,0.1319216936826706,2211,0.13884831964969635,5898
4,MCF7,6.0,A199,12,2,40.0,4,0.6,0.15328547358512878,34,0.1568433940410614,1292
4,MCF7,6.0,A199,12,2,40.0,4,0.7,,0,0.1658567190170288,117
4,MCF7,6.0,A199,12,2,40.0,4,0.8,,0,,5
5,MCF7,6.0,A199,12,2,40.0,5,0.4,,0,,1
5,MCF7,6.0,A199,12,2,40.0,5,0.5,0.10375390201807022,1119,0.10743369907140732,2127
5,MCF7,6.0,A199,12,2,40.0,5,0.6,0.12400981038808823,4384,0.12518267333507538,11196
5,MCF7,6.0,A199,12,2,40.0,5,0.7,0.13787956535816193,648,0.1374261975288391,5288
5,MCF7,6.0,A199,12,2,40.0,5,0.8,,0,0.1490239053964615,194
5,MCF7,6.0,A199,12,2,40.0,5,0.9,,0,0.15880149602890015,10
6,MCF7,6.0,A199,12,2,40.0,6,0.7,0.10218432545661926,705,0.102207712829113,706
6,MCF7,6.0,A199,12,2,40.0,6,0.8,0.11040670424699783,2361,0.1105540543794632,2698
6,MCF7,6.0,A199,12,2,40.0,6,0.9,0.1157774031162262,729,0.1153724193572998,2268
6,MCF7,6.0,A199,12,2,40.0,6,1.0,0.14530964195728302,5,0.12474754452705383,1783
6,MCF7,6.0,A199,12,2,40.0,6,1.1,,0,0.13345685601234436,1778
6,MCF7,6.0,A199,12,2,40.0,6,1.2,,0,0.12851399183273315,929
6,MCF7,6.0,A199,12,2,40.0,6,1.3,,0,0.11913508921861649,362
6,MCF7,6.0,A199,12,2,40.0,6,1.4,,0,0.11581864207983017,99
6,MCF7,6.0,A199,12,2,40.0,6,1.5,,0,0.12199757993221283,15
6,MCF7,6.0,A199,12,2,40.0,6,1.6,,0,,2
6,MCF7,6.0,A199,12,2,40.0,6,1.7,,0,,0
7,MCF7,6.0,A199,12,2,40.0,7,0.9,0.13543030619621277,5,,6
7,MCF7,6.0,A199,12,2,40.0,7,1.0,0.14039666950702667,1338,0.14397409558296204,1418
7,MCF7,6.0,A199,12,2,40.0,7,1.1,0.1443563848733902,1886,0.15544159710407257,2679
7,MCF7,6.0,A199,12,2,40.0,7,1.2,0.14413149654865265,393,0.1572413593530655,2166
7,MCF7,6.0,A199,12,2,40.0,7,1.3,0.13457098603248596,10,0.15911154448986053,1838
7,MCF7,6.0,A199,12,2,40.0,7,1.4,,0,0.15746799111366272,1666
7,MCF7,6.0,A199,12,2,40.0,7,1.5,,0,0.16330690681934357,1442
7,MCF7,6.0,A199,12,2,40.0,7,1.6,,0,0.1724780797958374,1229
7,MCF7,6.0,A199,12,2,40.0,7,1.7,,0,0.18136368691921234,1101
7,MCF7,6.0,A199,12,2,40.0,7,1.8,,0,0.18721997737884521,1128
7,MCF7,6.0,A199,12,2,40.0,7,1.9,,0,0.18758884072303772,1031
7,MCF7,6.0,A199,12,2,40.0,7,2.0,,0,0.19212459027767181,931
7,MCF7,6.0,A199,12,2,40.0,7,2.1,,0,0.19816076755523682,694
7,MCF7,6.0,A199,12,2,40.0,7,2.2,,0,0.20261996984481812,447
7,MCF7,6.0,A199,12,2,40.0,7,2.3,,0,0.20838874578475952,302
7,MCF7,6.0,A199,12,2,40.0,7,2.4,,0,0.215946763753891,161
7,MCF7,6.0,A199,12,2,40.0,7,2.5,,0,0.21242967247962952,89
7,MCF7,6.0,A199,12,2,40.0,7,2.6,,0,0.22271692752838135,33
7,MCF7,6.0,A199,12,2,40.0,7,2.7,,0,0.23345322906970978,24
7,MCF7,6.0,A199,12,2,40.0,7,2.8,,0,,8
7,MCF7,6.0,A199,12,2,40.0,7,2.9,,0,,0
7,MCF7,6.0,A199,12,2,40.0,7,3.0,,0,,3
7,MCF7,6.0,A199,12,2,40.0,7,3.1,,0,,3
7,MCF7,6.0,A199,12,2,40.0,7,3.2,,0,,1
1,MCF7,6.0,A199,13,2,40.0,1,0.7,,0,,9
1,MCF7,6.0,A199,13,2,40.0,1,0.8,0.16232652962207794,140,0.15498970448970795,1210
1,MCF7,6.0,A199,13,2,40.0,1,0.9,0.17245100438594818,1715,0.1660992056131363,7989
1,MCF7,6.0,A199,13,2,40.0,1,1.0,0.19196829199790955,1854,0.18406207859516144,5689
1,MCF7,6.0,A199,13,2,40.0,1,1.1,0.20468652248382568,1304,0.20215177536010742,1695
1,MCF7,6.0,A199,13,2,40.0,1,1.2,0.2142086923122406,485,0.21415959298610687,496
1,MCF7,6.0,A199,13,2,40.0,1,1.3,0.2118672877550125,32,0.2118672877550125,32
2,MCF7,6.0,A199,13,2,40.0,2,0.7,0.15291933715343475,209,0.15219828486442566,314
2,MCF7,6.0,A199,13,2,40.0,2,0.8,0.1572810858488083,3840,0.1565806269645691,6341
2,MCF7,6.0,A199,13,2,40.0,2,0.9,0.16375602781772614,7427,0.16057848930358887,13353
2,MCF7,6.0,A199,13,2,40.0,2,1.0,0.17229069769382477,2919,0.16268837451934814,6999
2,MCF7,6.0,A199,13,2,40.0,2,1.1,0.18647894263267517,512,0.16600576043128967,1442
2,MCF7,6.0,A199,13,2,40.0,2,1.2,0.20249879360198975,160,0.19027754664421082,236
2,MCF7,6.0,A199,13,2,40.0,2,1.3,0.20323024690151215,53,0.20245487987995148,54
2,MCF7,6.0,A199,13,2,40.0,2,1.4,0.19157496094703674,10,0.19157496094703674,10
2,MCF7,6.0,A199,13,2,40.0,2,1.5,,3,,3
2,MCF7,6.0,A199,13,2,40.0,2,1.6,,0,,0
3,MCF7,6.0,A199,13,2,40.0,3,0.0,,0,0.0,11
3,MCF7,6.0,A199,13,2,40.0,3,0.1,,0,,0
3,MCF7,6.0,A199,13,2,40.0,3,0.2,,0,,0
3,MCF7,6.0,A199,13,2,40.0,3,0.3,,0,,0
3,MCF7,6.0,A199,13,2,40.0,3,0.4,,0,,0
3,MCF7,6.0,A199,13,2,40.0,3,0.5,,0,,0
3,MCF7,6.0,A199,13,2,40.0,3,0.6,,0,,0
3,MCF7,6.0,A199,13,2,40.0,3,0.7,,0,,0
3,MCF7,6.0,A199,13,2,40.0,3,0.8,,0,,0
3,MCF7,6.0,A199,13,2,40.0,3,0.9,,0,,0
3,MCF7,6.0,A199,13,2,40.0,3,1.0,,0,,0
3,MCF7,6.0,A199,13,2,40.0,3,1.1,,0,,0
3,MCF7,6.0,A199,13,2,40.0,3,1.2,,0,,0
3,MCF7,6.0,A199,13,2,40.0,3,1.3,,0,,0
3,MCF7,6.0,A199,13,2,40.0,3,1.4,,0,,0
3,MCF7,6.0,A199,13,2,40.0,3,1.5,,0,,0
3,MCF7,6.0,A199,13,2,40.0,3,1.6,,0,,0
3,MCF7,6.0,A199,13,2,40.0,3,1.7,,0,,0
3,MCF7,6.0,A199,13,2,40.0,3,1.8,,0,,0
3,MCF7,6.0,A199,13,2,40.0,3,1.9,0.16805626451969147,17,0.16805626451969147,17
3,MCF7,6.0,A199,13,2,40.0,3,2.0,0.1587570607662201,59,0.15777137875556946,62
3,MCF7,6.0,A199,13,2,40.0,3,2.1,0.16970086097717285,208,0.1682911366224289,219
3,MCF7,6.0,A199,13,2,40.0,3,2.2,0.17369642853736877,377,0.17202195525169373,414
3,MCF7,6.0,A199,13,2,40.0,3,2.3,0.17821398377418518,556,0.17624986171722412,653
3,MCF7,6.0,A199,13,2,40.0,3,2.4,0.18291126191616058,608,0.1806289255619049,792
3,MCF7,6.0,A199,13,2,40.0,3,2.5,0.18390777707099915,675,0.18067695200443268,1049
3,MCF7,6.0,A199,13,2,40.0,3,2.6,0.19279329478740692,743,0.18918201327323914,1290
3,MCF7,6.0,A199,13,2,40.0,3,2.7,0.2001066952943802,801,0.19638344645500183,1507
3,MCF7,6.0,A199,13,2,40.0,3,2.8,0.20534376800060272,735,0.19981011748313904,1591
3,MCF7,6.0,A199,13,2,40.0,3,2.9,0.2146492451429367,600,0.20765317976474762,1550
3,MCF7,6.0,A199,13,2,40.0,3,3.0,0.2174341380596161,454,0.20842833817005157,1398
3,MCF7,6.0,A199,13,2,40.0,3,3.1,0.22868791222572327,311,0.21281205117702484,1171
3,MCF7,6.0,A199,13,2,40.0,3,3.2,0.23670372366905212,206,0.21971158683300018,934
3,MCF7,6.0,A199,13,2,40.0,3,3.3,0.23379608988761902,87,0.21232843399047852,653
3,MCF7,6.0,A199,13,2,40.0,3,3.4,0.24360716342926025,38,0.2168397158384323,517
3,MCF7,6.0,A199,13,2,40.0,3,3.5,0.21674031019210815,9,0.21514751017093658,408
3,MCF7,6.0,A199,13,2,40.0,3,3.6,0.22824744880199432,5,0.21143436431884766,304
3,MCF7,6.0,A199,13,2,40.0,3,3.7,,1,0.21268586814403534,255
3,MCF7,6.0,A199,13,2,40.0,3,3.8,,1,0.22172443568706512,177
3,MCF7,6.0,A199,13,2,40.0,3,3.9,,0,0.2275722622871399,125
3,MCF7,6.0,A199,13,2,40.0,3,4.0,,0,0.1938783824443817,98
3,MCF7,6.0,A199,13,2,40.0,3,4.1,,0,0.2060987502336502,89
3,MCF7,6.0,A199,13,2,40.0,3,4.2,,0,0.2179013043642044,78
3,MCF7,6.0,A199,13,2,40.0,3,4.3,,0,0.20684950053691864,68
3,MCF7,6.0,A199,13,2,40.0,3,4.4,,0,0.2330724447965622,41
3,MCF7,6.0,A199,13,2,40.0,3,4.5,,0,0.24304036796092987,37
3,MCF7,6.0,A199,13,2,40.0,3,4.6,,0,0.24556143581867218,18
3,MCF7,6.0,A199,13,2,40.0,3,4.7,,0,0.20291393995285034,15
3,MCF7,6.0,A199,13,2,40.0,3,4.8,,0,0.23979318141937256,25
3,MCF7,6.0,A199,13,2,40.0,3,4.9,,0,0.2003781646490097,14
3,MCF7,6.0,A199,13,2,40.0,3,5.0,,0,,8
3,MCF7,6.0,A199,13,2,40.0,3,5.1,,0,,8
3,MCF7,6.0,A199,13,2,40.0,3,5.2,,0,,7
3,MCF7,6.0,A199,13,2,40.0,3,5.3,,0,,6
3,MCF7,6.0,A199,13,2,40.0,3,5.4,,0,,1
3,MCF7,6.0,A199,13,2,40.0,3,5.5,,0,,6
3,MCF7,6.0,A199,13,2,40.0,3,5.6,,0,,3
3,MCF7,6.0,A199,13,2,40.0,3,5.7,,0,,2
3,MCF7,6.0,A199,13,2,40.0,3,5.8,,0,,2
3,MCF7,6.0,A199,13,2,40.0,3,5.9,,0,,1
3,MCF7,6.0,A199,13,2,40.0,3,6.0,,0,,1
3,MCF7,6.0,A199,13,2,40.0,3,6.1,,0,,2
3,MCF7,6.0,A199,13,2,40.0,3,6.2,,0,,2
3,MCF7,6.0,A199,13,2,40.0,3,6.3,,0,,0
3,MCF7,6.0,A199,13,2,40.0,3,6.4,,0,,1
3,MCF7,6.0,A199,13,2,40.0,3,6.5,,0,,1
3,MCF7,6.0,A199,13,2,40.0,3,6.6,,0,,0
3,MCF7,6.0,A199,13,2,40.0,3,6.7,,0,,0
3,MCF7,6.0,A199,13,2,40.0,3,6.8,,0,,0
3,MCF7,6.0,A199,13,2,40.0,3,6.9,,0,,0
3,MCF7,6.0,A199,13,2,40.0,3,7.0,,0,,1
4,MCF7,6.0,A199,13,2,40.0,4,0.0,,0,,9
4,MCF7,6.0,A199,13,2,40.0,4,0.1,,0,,0
4,MCF7,6.0,A199,13,2,40.0,4,0.2,,0,,0
4,MCF7,6.0,A199,13,2,40.0,4,0.3,,0,,0
4,MCF7,6.0,A199,13,2,40.0,4,0.4,,0,,0
4,MCF7,6.0,A199,13,2,40.0,4,0.5,,0,,0
4,MCF7,6.0,A199,13,2,40.0,4,0.6,,0,,0
4,MCF7,6.0,A199,13,2,40.0,4,0.7,,0,,0
4,MCF7,6.0,A199,13,2,40.0,4,0.8,,0,,0
4,MCF7,6.0,A199,13,2,40.0,4,0.9,,0,,0
4,MCF7,6.0,A199,13,2,40.0,4,1.0,,0,,0
4,MCF7,6.0,A199,13,2,40.0,4,1.1,,0,,0
4,MCF7,6.0,A199,13,2,40.0,4,1.2,,0,,0
4,MCF7,6.0,A199,13,2,40.0,4,1.3,,0,,0
4,MCF7,6.0,A199,13,2,40.0,4,1.4,,0,,0
4,MCF7,6.0,A199,13,2,40.0,4,1.5,,0,,1
4,MCF7,6.0,A199,13,2,40.0,4,1.6,,0,,4
4,MCF7,6.0,A199,13,2,40.0,4,1.7,,0,0.21095015108585358,11
4,MCF7,6.0,A199,13,2,40.0,4,1.8,,1,0.2370288223028183,31
4,MCF7,6.0,A199,13,2,40.0,4,1.9,0.19925238192081451,6,0.2280537188053131,94
4,MCF7,6.0,A199,13,2,40.0,4,2.0,0.19749021530151367,36,0.22175489366054535,197
4,MCF7,6.0,A199,13,2,40.0,4,2.1,0.19441881775856018,128,0.212934210896492,481
4,MCF7,6.0,A199,13,2,40.0,4,2.2,0.19445662200450897,356,0.20231878757476807,871
4,MCF7,6.0,A199,13,2,40.0,4,2.3,0.19108912348747253,792,0.19711145758628845,1525
4,MCF7,6.0,A199,13,2,40.0,4,2.4,0.19237786531448364,1148,0.19753007590770721,2008
4,MCF7,6.0,A199,13,2,40.0,4,2.5,0.190257266163826,1125,0.19273512065410614,2008
4,MCF7,6.0,A199,13,2,40.0,4,2.6,0.1879383772611618,888,0.188459575176239,1802
4,MCF7,6.0,A199,13,2,40.0,4,2.7,0.18570981919765472,559,0.18688009679317474,1373
4,MCF7,6.0,A199,13,2,40.0,4,2.8,0.18105901777744293,283,0.1801917999982834,1034
4,MCF7,6.0,A199,13,2,40.0,4,2.9,0.17608466744422913,154,0.1780954897403717,782
4,MCF7,6.0,A199,13,2,40.0,4,3.0,0.1736021637916565,64,0.1802622377872467,595
4,MCF7,6.0,A199,13,2,40.0,4,3.1,0.17706593871116638,33,0.17785486578941345,396
4,MCF7,6.0,A199,13,2,40.0,4,3.2,0.17160548269748688,11,0.18131786584854126,332
4,MCF7,6.0,A199,13,2,40.0,4,3.3,,1,0.18492259085178375,237
4,MCF7,6.0,A199,13,2,40.0,4,3.4,,1,0.18155469000339508,205
4,MCF7,6.0,A199,13,2,40.0,4,3.5,,0,0.19385650753974915,124
4,MCF7,6.0,A199,13,2,40.0,4,3.6,,0,0.18952661752700806,87
4,MCF7,6.0,A199,13,2,40.0,4,3.7,,0,0.1829567551612854,71
4,MCF7,6.0,A199,13,2,40.0,4,3.8,,0,0.20521628856658936,46
4,MCF7,6.0,A199,13,2,40.0,4,3.9,,0,0.17446278035640717,37
4,MCF7,6.0,A199,13,2,40.0,4,4.0,,0,0.18205027282238007,22
4,MCF7,6.0,A199,13,2,40.0,4,4.1,,0,0.22182564437389374,19
4,MCF7,6.0,A199,13,2,40.0,4,4.2,,0,0.24428513646125793,16
4,MCF7,6.0,A199,13,2,40.0,4,4.3,,0,0.2006818801164627,12
4,MCF7,6.0,A199,13,2,40.0,4,4.4,,0,,7
4,MCF7,6.0,A199,13,2,40.0,4,4.5,,0,,5
4,MCF7,6.0,A199,13,2,40.0,4,4.6,,0,,2
4,MCF7,6.0,A199,13,2,40.0,4,4.7,,0,,4
4,MCF7,6.0,A199,13,2,40.0,4,4.8,,0,,4
4,MCF7,6.0,A199,13,2,40.0,4,4.9,,0,,2
4,MCF7,6.0,A199,13,2,40.0,4,5.0,,0,,3
4,MCF7,6.0,A199,13,2,40.0,4,5.1,,0,,1
4,MCF7,6.0,A199,13,2,40.0,4,5.2,,0,,1
4,MCF7,6.0,A199,13,2,40.0,4,5.3,,0,,0
4,MCF7,6.0,A199,13,2,40.0,4,5.4,,0,,1
4,MCF7,6.0,A199,13,2,40.0,4,5.5,,0,,2
4,MCF7,6.0,A199,13,2,40.0,4,5.6,,0,,0
4,MCF7,6.0,A199,13,2,40.0,4,5.7,,0,,0
4,MCF7,6.0,A199,13,2,40.0,4,5.8,,0,,0
4,MCF7,6.0,A199,13,2,40.0,4,5.9,,0,,2
4,MCF7,6.0,A199,13,2,40.0,4,6.0,,0,,0
5,MCF7,6.0,A199,13,2,40.0,5,0.3,0.08319782465696335,1115,0.08147291094064713,1806
5,MCF7,6.0,A199,13,2,40.0,5,0.4,0.09280835837125778,2268,0.09552450478076935,8994
5,MCF7,6.0,A199,13,2,40.0,5,0.5,,2,0.1136733889579773,1901
5,MCF7,6.0,A199,13,2,40.0,5,0.6,,0,0.12999694049358368,111
5,MCF7,6.0,A199,13,2,40.0,5,0.7,,0,,4
5,MCF7,6.0,A199,13,2,40.0,5,0.8,,0,,0
6,MCF7,6.0,A199,13,2,40.0,6,0.5,,0,,4
6,MCF7,6.0,A199,13,2,40.0,6,0.6,0.11376532912254333,3225,0.11071797460317612,3916
6,MCF7,6.0,A199,13,2,40.0,6,0.7,0.12565650045871735,1455,0.11352552473545074,6838
6,MCF7,6.0,A199,13,2,40.0,6,0.8,0.1421702653169632,10,0.1224343553185463,4582
6,MCF7,6.0,A199,13,2,40.0,6,0.9,,0,0.12668360769748688,2807
6,MCF7,6.0,A199,13,2,40.0,6,1.0,,0,0.13395871222019196,1791
6,MCF7,6.0,A199,13,2,40.0,6,1.1,,0,0.14110067486763,1063
6,MCF7,6.0,A199,13,2,40.0,6,1.2,,0,0.1468980461359024,525
6,MCF7,6.0,A199,13,2,40.0,6,1.3,,0,0.1499963253736496,191
6,MCF7,6.0,A199,13,2,40.0,6,1.4,,0,0.1499735414981842,38
6,MCF7,6.0,A199,13,2,40.0,6,1.5,,0,,5
6,MCF7,6.0,A199,13,2,40.0,6,1.6,,0,,0
7,MCF7,6.0,A199,13,2,40.0,7,0.6,0.13308970630168915,138,0.13116799294948578,161
7,MCF7,6.0,A199,13,2,40.0,7,0.7,0.14586752653121948,3599,0.1417533904314041,6605
7,MCF7,6.0,A199,13,2,40.0,7,0.8,0.17177875339984894,497,0.160372793674469,5613
7,MCF7,6.0,A199,13,2,40.0,7,0.9,,2,0.16235899925231934,2757
7,MCF7,6.0,A199,13,2,40.0,7,1.0,,0,0.15426751971244812,1110
7,MCF7,6.0,A199,13,2,40.0,7,1.1,,0,0.15153132379055023,296
7,MCF7,6.0,A199,13,2,40.0,7,1.2,,0,0.14879241585731506,58
7,MCF7,6.0,A199,13,2,40.0,7,1.3,,0,,7
7,MCF7,6.0,A199,13,2,40.0,7,1.4,,0,,1
7,MCF7,6.0,A199,13,2,40.0,7,1.5,,0,,0
1,MCF7,6.0,A199,14,2,40.0,1,1.1,0.23089279234409332,9,0.23793204128742218,18
1,MCF7,6.0,A199,14,2,40.0,1,1.2,0.23095251619815826,85,0.23509906232357025,167
1,MCF7,6.0,A199,14,2,40.0,1,1.3,0.22773027420043945,663,0.23174640536308289,964
1,MCF7,6.0,A199,14,2,40.0,1,1.4,0.22842714190483093,1439,0.23108546435832977,2039
1,MCF7,6.0,A199,14,2,40.0,1,1.5,0.2270522266626358,1284,0.23051737248897552,2087
1,MCF7,6.0,A199,14,2,40.0,1,1.6,0.22591307759284973,653,0.2321491837501526,1565
1,MCF7,6.0,A199,14,2,40.0,1,1.7,0.21943646669387817,178,0.23298147320747375,1003
1,MCF7,6.0,A199,14,2,40.0,1,1.8,0.2164725661277771,61,0.23568785190582275,638
1,MCF7,6.0,A199,14,2,40.0,1,1.9,0.21150505542755127,20,0.23768433928489685,459
1,MCF7,6.0,A199,14,2,40.0,1,2.0,0.1987525224685669,10,0.24862240254878998,287
1,MCF7,6.0,A199,14,2,40.0,1,2.1,,0,0.2589258551597595,195
1,MCF7,6.0,A199,14,2,40.0,1,2.2,,1,0.25331807136535645,135
1,MCF7,6.0,A199,14,2,40.0,1,2.3,,0,0.2744554579257965,61
1,MCF7,6.0,A199,14,2,40.0,1,2.4,,0,0.28615301847457886,46
1,MCF7,6.0,A199,14,2,40.0,1,2.5,,0,0.25873398780822754,32
1,MCF7,6.0,A199,14,2,40.0,1,2.6,,0,0.28660547733306885,10
1,MCF7,6.0,A199,14,2,40.0,1,2.7,,0,0.28236448764801025,11
1,MCF7,6.0,A199,14,2,40.0,1,2.8,,0,,3
1,MCF7,6.0,A199,14,2,40.0,1,2.9,,0,,4
1,MCF7,6.0,A199,14,2,40.0,1,3.0,,0,,2
1,MCF7,6.0,A199,14,2,40.0,1,3.1,,0,,1
1,MCF7,6.0,A199,14,2,40.0,1,3.2,,0,,0
1,MCF7,6.0,A199,14,2,40.0,1,3.3,,0,,0
1,MCF7,6.0,A199,14,2,40.0,1,3.4,,0,,1
1,MCF7,6.0,A199,14,2,40.0,1,3.5,,0,,0
2,MCF7,6.0,A199,14,2,40.0,2,0.0,,0,0.0,16
2,MCF7,6.0,A199,14,2,40.0,2,0.1,,0,,0
2,MCF7,6.0,A199,14,2,40.0,2,0.2,,0,,0
2,MCF7,6.0,A199,14,2,40.0,2,0.3,,0,,0
2,MCF7,6.0,A199,14,2,40.0,2,0.4,,0,,0
2,MCF7,6.0,A199,14,2,40.0,2,0.5,,0,,0
2,MCF7,6.0,A199,14,2,40.0,2,0.6,,0,,0
2,MCF7,6.0,A199,14,2,40.0,2,0.7,,0,,0
2,MCF7,6.0,A199,14,2,40.0,2,0.8,,0,,0
2,MCF7,6.0,A199,14,2,40.0,2,0.9,,0,,0
2,MCF7,6.0,A199,14,2,40.0,2,1.0,,0,,0
2,MCF7,6.0,A199,14,2,40.0,2,1.1,,0,,0
2,MCF7,6.0,A199,14,2,40.0,2,1.2,,0,,0
2,MCF7,6.0,A199,14,2,40.0,2,1.3,,0,,0
2,MCF7,6.0,A199,14,2,40.0,2,1.4,,0,,0
2,MCF7,6.0,A199,14,2,40.0,2,1.5,,0,,0
2,MCF7,6.0,A199,14,2,40.0,2,1.6,,0,,1
2,MCF7,6.0,A199,14,2,40.0,2,1.7,,0,,2
2,MCF7,6.0,A199,14,2,40.0,2,1.8,,0,0.26062971353530884,10
2,MCF7,6.0,A199,14,2,40.0,2,1.9,,1,0.28946125507354736,20
2,MCF7,6.0,A199,14,2,40.0,2,2.0,0.30945926904678345,8,0.29365310072898865,40
2,MCF7,6.0,A199,14,2,40.0,2,2.1,0.3290228247642517,26,0.3113746643066406,89
2,MCF7,6.0,A199,14,2,40.0,2,2.2,0.3319183886051178,108,0.32755598425865173,184
2,MCF7,6.0,A199,14,2,40.0,2,2.3,0.33466827869415283,219,0.3293900787830353,363
2,MCF7,6.0,A199,14,2,40.0,2,2.4,0.3227398097515106,355,0.3268493413925171,573
2,MCF7,6.0,A199,14,2,40.0,2,2.5,0.32111769914627075,476,0.3258253037929535,716
2,MCF7,6.0,A199,14,2,40.0,2,2.6,0.3145226836204529,655,0.3198080062866211,963
2,MCF7,6.0,A199,14,2,40.0,2,2.7,0.31424540281295776,624,0.31952789425849915,1014
2,MCF7,6.0,A199,14,2,40.0,2,2.8,0.3135436773300171,488,0.3169611692428589,942
2,MCF7,6.0,A199,14,2,40.0,2,2.9,0.30664923787117004,312,0.3139392137527466,862
2,MCF7,6.0,A199,14,2,40.0,2,3.0,0.30308741331100464,192,0.3185315430164337,812
2,MCF7,6.0,A199,14,2,40.0,2,3.1,0.3040880858898163,118,0.3212016224861145,731
2,MCF7,6.0,A199,14,2,40.0,2,3.2,0.30166083574295044,86,0.32606276869773865,704
2,MCF7,6.0,A199,14,2,40.0,2,3.3,0.2976471185684204,54,0.3304777443408966,664
2,MCF7,6.0,A199,14,2,40.0,2,3.4,0.2874946892261505,22,0.33982500433921814,630
2,MCF7,6.0,A199,14,2,40.0,2,3.5,0.2955089509487152,16,0.3430086076259613,539
2,MCF7,6.0,A199,14,2,40.0,2,3.6,,4,0.3514898419380188,456
2,MCF7,6.0,A199,14,2,40.0,2,3.7,0.2954678535461426,6,0.3581208288669586,436
2,MCF7,6.0,A199,14,2,40.0,2,3.8,,1,0.36637234687805176,430
2,MCF7,6.0,A199,14,2,40.0,2,3.9,,0,0.36875462532043457,284
2,MCF7,6.0,A199,14,2,40.0,2,4.0,,0,0.38252416253089905,280
2,MCF7,6.0,A199,14,2,40.0,2,4.1,,0,0.38609251379966736,231
2,MCF7,6.0,A199,14,2,40.0,2,4.2,,0,0.39547592401504517,201
2,MCF7,6.0,A199,14,2,40.0,2,4.3,,0,0.40104058384895325,183
2,MCF7,6.0,A199,14,2,40.0,2,4.4,,0,0.3900110423564911,154
2,MCF7,6.0,A199,14,2,40.0,2,4.5,,0,0.40567514300346375,141
2,MCF7,6.0,A199,14,2,40.0,2,4.6,,0,0.41947948932647705,94
2,MCF7,6.0,A199,14,2,40.0,2,4.7,,0,0.41398873925209045,96
2,MCF7,6.0,A199,14,2,40.0,2,4.8,,0,0.4212191104888916,63
2,MCF7,6.0,A199,14,2,40.0,2,4.9,,0,0.4128902852535248,63
2,MCF7,6.0,A199,14,2,40.0,2,5.0,,0,0.435433030128479,54
2,MCF7,6.0,A199,14,2,40.0,2,5.1,,0,0.43764325976371765,38
2,MCF7,6.0,A199,14,2,40.0,2,5.2,,0,0.4390345811843872,36
2,MCF7,6.0,A199,14,2,40.0,2,5.3,,0,0.44027119874954224,26
2,MCF7,6.0,A199,14,2,40.0,2,5.4,,0,0.41655007004737854,17
2,MCF7,6.0,A199,14,2,40.0,2,5.5,,0,0.4635033905506134,13
2,MCF7,6.0,A199,14,2,40.0,2,5.6,,0,0.4437698721885681,14
2,MCF7,6.0,A199,14,2,40.0,2,5.7,,0,,7
2,MCF7,6.0,A199,14,2,40.0,2,5.8,,0,,6
2,MCF7,6.0,A199,14,2,40.0,2,5.9,,0,,4
2,MCF7,6.0,A199,14,2,40.0,2,6.0,,0,,4
2,MCF7,6.0,A199,14,2,40.0,2,6.1,,0,,0
2,MCF7,6.0,A199,14,2,40.0,2,6.2,,0,,2
2,MCF7,6.0,A199,14,2,40.0,2,6.3,,0,,1
2,MCF7,6.0,A199,14,2,40.0,2,6.4,,0,,1
2,MCF7,6.0,A199,14,2,40.0,2,6.5,,0,,0
2,MCF7,6.0,A199,14,2,40.0,2,6.6,,0,,1
2,MCF7,6.0,A199,14,2,40.0,2,6.7,,0,,4
2,MCF7,6.0,A199,14,2,40.0,2,6.8,,0,,0
2,MCF7,6.0,A199,14,2,40.0,2,6.9,,0,,0
2,MCF7,6.0,A199,14,2,40.0,2,7.0,,0,,0
2,MCF7,6.0,A199,14,2,40.0,2,7.1,,0,,0
2,MCF7,6.0,A199,14,2,40.0,2,7.2,,0,,0
2,MCF7,6.0,A199,14,2,40.0,2,7.3,,0,,0
2,MCF7,6.0,A199,14,2,40.0,2,7.4,,0,,1
3,MCF7,6.0,A199,14,2,40.0,3,0.7,0.2355637550354004,7,0.2434355765581131,12
3,MCF7,6.0,A199,14,2,40.0,3,0.8,0.21678823232650757,940,0.2235116809606552,1550
3,MCF7,6.0,A199,14,2,40.0,3,0.9,0.2191637009382248,2691,0.22598235309123993,5039
3,MCF7,6.0,A199,14,2,40.0,3,1.0,0.2322710007429123,606,0.2358582466840744,2757
3,MCF7,6.0,A199,14,2,40.0,3,1.1,0.2223578542470932,105,0.2335296869277954,1675
3,MCF7,6.0,A199,14,2,40.0,3,1.2,,0,0.2357933521270752,765
3,MCF7,6.0,A199,14,2,40.0,3,1.3,,0,0.23454773426055908,263
3,MCF7,6.0,A199,14,2,40.0,3,1.4,,0,0.24199169874191284,55
3,MCF7,6.0,A199,14,2,40.0,3,1.5,,0,0.25482311844825745,10
3,MCF7,6.0,A199,14,2,40.0,3,1.6,,0,,2
4,MCF7,6.0,A199,14,2,40.0,4,0.4,0.1674017757177353,22,0.1738169938325882,86
4,MCF7,6.0,A199,14,2,40.0,4,0.5,0.17394734919071198,2934,0.1785534769296646,4959
4,MCF7,6.0,A199,14,2,40.0,4,0.6,0.181777685880661,1488,0.18572767078876495,4172
4,MCF7,6.0,A199,14,2,40.0,4,0.7,,2,0.19621407985687256,1129
4,MCF7,6.0,A199,14,2,40.0,4,0.8,,0,0.2075720727443695,186
4,MCF7,6.0,A199,14,2,40.0,4,0.9,,0,0.2238912135362625,12
4,MCF7,6.0,A199,14,2,40.0,4,1.0,,0,,0
5,MCF7,6.0,A199,14,2,40.0,5,0.5,0.17705678939819336,1110,0.17722508311271667,1150
5,MCF7,6.0,A199,14,2,40.0,5,0.6,0.17996732890605927,4573,0.17732766270637512,7721
5,MCF7,6.0,A199,14,2,40.0,5,0.7,0.1879226416349411,15,0.1840001344680786,3002
5,MCF7,6.0,A199,14,2,40.0,5,0.8,,0,0.20118995010852814,1293
5,MCF7,6.0,A199,14,2,40.0,5,0.9,,0,0.20444735884666443,850
5,MCF7,6.0,A199,14,2,40.0,5,1.0,,0,0.20467954874038696,595
5,MCF7,6.0,A199,14,2,40.0,5,1.1,,0,0.2114456444978714,207
5,MCF7,6.0,A199,14,2,40.0,5,1.2,,0,0.22434283792972565,28
5,MCF7,6.0,A199,14,2,40.0,5,1.3,,0,,2
6,MCF7,6.0,A199,14,2,40.0,6,0.8,,0,,1
6,MCF7,6.0,A199,14,2,40.0,6,0.9,0.16584153473377228,23,0.16959425806999207,387
6,MCF7,6.0,A199,14,2,40.0,6,1.0,0.20954592525959015,2799,0.18947787582874298,8447
6,MCF7,6.0,A199,14,2,40.0,6,1.1,0.2202596366405487,1342,0.20883259177207947,8268
6,MCF7,6.0,A199,14,2,40.0,6,1.2,0.2391768991947174,5,0.22029894590377808,1648
6,MCF7,6.0,A199,14,2,40.0,6,1.3,,0,0.23365694284439087,63
6,MCF7,6.0,A199,14,2,40.0,6,1.4,,0,,2
7,MCF7,6.0,A199,14,2,40.0,7,1.1,,0,,1
7,MCF7,6.0,A199,14,2,40.0,7,1.2,,1,,5
7,MCF7,6.0,A199,14,2,40.0,7,1.3,0.14783376455307007,76,0.15144169330596924,118
7,MCF7,6.0,A199,14,2,40.0,7,1.4,0.15673679113388062,745,0.15653620660305023,1094
7,MCF7,6.0,A199,14,2,40.0,7,1.5,0.1607719510793686,1846,0.1616964042186737,2898
7,MCF7,6.0,A199,14,2,40.0,7,1.6,0.16733384132385254,1452,0.16801275312900543,2898
7,MCF7,6.0,A199,14,2,40.0,7,1.7,0.17362380027770996,481,0.17336797714233398,1499
7,MCF7,6.0,A199,14,2,40.0,7,1.8,0.17557565867900848,56,0.1773306131362915,484
7,MCF7,6.0,A199,14,2,40.0,7,1.9,0.19464436173439026,7,0.18311569094657898,138
7,MCF7,6.0,A199,14,2,40.0,7,2.0,,0,0.1814076155424118,44
7,MCF7,6.0,A199,14,2,40.0,7,2.1,,0,,4
7,MCF7,6.0,A199,14,2,40.0,7,2.2,,0,,1
1,MCF7,6.0,A199,15,2,40.0,1,0.7,,0,0.13642540574073792,36
1,MCF7,6.0,A199,15,2,40.0,1,0.8,0.14119946956634521,318,0.14711809158325195,1288
1,MCF7,6.0,A199,15,2,40.0,1,0.9,0.1398669332265854,2401,0.14176873862743378,5566
1,MCF7,6.0,A199,15,2,40.0,1,1.0,0.13383765518665314,580,0.13482457399368286,2976
1,MCF7,6.0,A199,15,2,40.0,1,1.1,,4,0.13396373391151428,525
1,MCF7,6.0,A199,15,2,40.0,1,1.2,,0,0.1371382772922516,65
1,MCF7,6.0,A199,15,2,40.0,1,1.3,,0,,8
1,MCF7,6.0,A199,15,2,40.0,1,1.4,,0,,0
2,MCF7,6.0,A199,15,2,40.0,2,0.5,0.11952678114175797,20,0.12489872425794601,26
2,MCF7,6.0,A199,15,2,40.0,2,0.6,0.11187638342380524,3471,0.11374615132808685,4450
2,MCF7,6.0,A199,15,2,40.0,2,0.7,0.11084392666816711,1197,0.11414694041013718,3796
2,MCF7,6.0,A199,15,2,40.0,2,0.8,,2,0.11238379776477814,1014
2,MCF7,6.0,A199,15,2,40.0,2,0.9,,0,0.11403114348649979,317
2,MCF7,6.0,A199,15,2,40.0,2,1.0,,0,0.11648162454366684,39
2,MCF7,6.0,A199,15,2,40.0,2,1.1,,0,,6
3,MCF7,6.0,A199,15,2,40.0,3,0.3,,3,,3
3,MCF7,6.0,A199,15,2,40.0,3,0.4,0.1262778639793396,722,0.11965268850326538,3814
3,MCF7,6.0,A199,15,2,40.0,3,0.5,0.14666348695755005,6818,0.13881076872348785,18684
3,MCF7,6.0,A199,15,2,40.0,3,0.6,0.15702803432941437,402,0.15537573397159576,507
4,MCF7,6.0,A199,15,2,40.0,4,0.7,,0,,1
4,MCF7,6.0,A199,15,2,40.0,4,0.8,,2,0.17655985057353973,13
4,MCF7,6.0,A199,15,2,40.0,4,0.9,0.16988378763198853,386,0.17327384650707245,645
4,MCF7,6.0,A199,15,2,40.0,4,1.0,0.17929919064044952,2944,0.1818319708108902,4132
4,MCF7,6.0,A199,15,2,40.0,4,1.1,0.19065821170806885,1736,0.1921473890542984,3402
4,MCF7,6.0,A199,15,2,40.0,4,1.2,0.21227335929870605,143,0.2160639464855194,1034
4,MCF7,6.0,A199,15,2,40.0,4,1.3,0.23635447025299072,6,0.23592184484004974,417
4,MCF7,6.0,A199,15,2,40.0,4,1.4,,0,0.24807214736938477,128
4,MCF7,6.0,A199,15,2,40.0,4,1.5,,0,0.26794496178627014,17
4,MCF7,6.0,A199,15,2,40.0,4,1.6,,0,,2
4,MCF7,6.0,A199,15,2,40.0,4,1.7,,0,,1
5,MCF7,6.0,A199,15,2,40.0,5,0.4,,4,0.10271325707435608,63
5,MCF7,6.0,A199,15,2,40.0,5,0.5,0.12178170680999756,2151,0.12591896951198578,3848
5,MCF7,6.0,A199,15,2,40.0,5,0.6,0.135799840092659,2596,0.1462567299604416,6371
5,MCF7,6.0,A199,15,2,40.0,5,0.7,0.1487271636724472,34,0.16707120835781097,1135
5,MCF7,6.0,A199,15,2,40.0,5,0.8,,0,0.18419775366783142,131
5,MCF7,6.0,A199,15,2,40.0,5,0.9,,0,0.19604142010211945,19
5,MCF7,6.0,A199,15,2,40.0,5,1.0,,0,,1
6,MCF7,6.0,A199,15,2,40.0,6,0.0,,0,,1
6,MCF7,6.0,A199,15,2,40.0,6,0.1,,0,,0
6,MCF7,6.0,A199,15,2,40.0,6,0.2,,0,,0
6,MCF7,6.0,A199,15,2,40.0,6,0.3,,0,,0
6,MCF7,6.0,A199,15,2,40.0,6,0.4,,0,,0
6,MCF7,6.0,A199,15,2,40.0,6,0.5,0.11873360723257065,648,0.11568567156791687,767
6,MCF7,6.0,A199,15,2,40.0,6,0.6,0.12567223608493805,2583,0.12310896813869476,3834
6,MCF7,6.0,A199,15,2,40.0,6,0.7,0.1328432708978653,511,0.13174325227737427,2373
6,MCF7,6.0,A199,15,2,40.0,6,0.8,0.12424003332853317,7,0.14621220529079437,914
6,MCF7,6.0,A199,15,2,40.0,6,0.9,,0,0.16180987656116486,353
6,MCF7,6.0,A199,15,2,40.0,6,1.0,,0,0.17952261865139008,115
6,MCF7,6.0,A199,15,2,40.0,6,1.1,,0,0.1919303685426712,45
6,MCF7,6.0,A199,15,2,40.0,6,1.2,,0,,7
6,MCF7,6.0,A199,15,2,40.0,6,1.3,,0,,4
6,MCF7,6.0,A199,15,2,40.0,6,1.4,,0,,1
6,MCF7,6.0,A199,15,2,40.0,6,1.5,,0,,1
6,MCF7,6.0,A199,15,2,40.0,6,1.6,,0,,0
6,MCF7,6.0,A199,15,2,40.0,6,1.7,,0,,0
6,MCF7,6.0,A199,15,2,40.0,6,1.8,,0,,0
6,MCF7,6.0,A199,15,2,40.0,6,1.9,,0,,0
6,MCF7,6.0,A199,15,2,40.0,6,2.0,,0,,1
7,MCF7,6.0,A199,15,2,40.0,7,0.7,,0,,6
7,MCF7,6.0,A199,15,2,40.0,7,0.8,0.15870314836502075,86,0.1552903950214386,789
7,MCF7,6.0,A199,15,2,40.0,7,0.9,0.17105309665203094,2071,0.17081578075885773,7201
7,MCF7,6.0,A199,15,2,40.0,7,1.0,0.1745128482580185,3944,0.1777462214231491,10331
7,MCF7,6.0,A199,15,2,40.0,7,1.1,0.1783025860786438,2769,0.1795060634613037,5747
7,MCF7,6.0,A199,15,2,40.0,7,1.2,0.17676180601119995,1515,0.17604248225688934,2439
7,MCF7,6.0,A199,15,2,40.0,7,1.3,0.17608387768268585,958,0.1728605329990387,1238
7,MCF7,6.0,A199,15,2,40.0,7,1.4,0.17674246430397034,518,0.1735500544309616,641
7,MCF7,6.0,A199,15,2,40.0,7,1.5,0.17708536982536316,145,0.17458473145961761,211
7,MCF7,6.0,A199,15,2,40.0,7,1.6,0.17616185545921326,23,0.17673160135746002,52
7,MCF7,6.0,A199,15,2,40.0,7,1.7,0.1692705750465393,10,0.17517179250717163,25
7,MCF7,6.0,A199,15,2,40.0,7,1.8,0.1672143042087555,9,0.18045543134212494,17
7,MCF7,6.0,A199,15,2,40.0,7,1.9,,4,0.16884514689445496,14
7,MCF7,6.0,A199,15,2,40.0,7,2.0,,4,0.1871391385793686,11
7,MCF7,6.0,A199,15,2,40.0,7,2.1,,2,,4
7,MCF7,6.0,A199,15,2,40.0,7,2.2,,2,,6
7,MCF7,6.0,A199,15,2,40.0,7,2.3,0.13984747231006622,7,0.15488260984420776,11
7,MCF7,6.0,A199,15,2,40.0,7,2.4,,1,,2
7,MCF7,6.0,A199,15,2,40.0,7,2.5,,1,,6
7,MCF7,6.0,A199,15,2,40.0,7,2.6,,0,,1
1,MCF7,6.0,A199,16,2,40.0,1,0.4,,0,0.14681291580200195,60
1,MCF7,6.0,A199,16,2,40.0,1,0.5,0.17521819472312927,806,0.16675996780395508,3403
1,MCF7,6.0,A199,16,2,40.0,1,0.6,0.1792066991329193,5517,0.17597948014736176,13715
1,MCF7,6.0,A199,16,2,40.0,1,0.7,0.1804325133562088,395,0.18121714890003204,3319
1,MCF7,6.0,A199,16,2,40.0,1,0.8,,0,0.1886150985956192,248
1,MCF7,6.0,A199,16,2,40.0,1,0.9,,0,,7
1,MCF7,6.0,A199,16,2,40.0,1,1.0,,0,,0
2,MCF7,6.0,A199,16,2,40.0,2,0.4,,0,,3
2,MCF7,6.0,A199,16,2,40.0,2,0.5,,0,0.15689347684383392,166
2,MCF7,6.0,A199,16,2,40.0,2,0.6,0.16017666459083557,70,0.16528549790382385,1652
2,MCF7,6.0,A199,16,2,40.0,2,0.7,0.16833171248435974,2531,0.17325130105018616,7177
2,MCF7,6.0,A199,16,2,40.0,2,0.8,0.17666025459766388,4044,0.18165022134780884,7533
2,MCF7,6.0,A199,16,2,40.0,2,0.9,0.18944846093654633,778,0.19669406116008759,1509
2,MCF7,6.0,A199,16,2,40.0,2,1.0,0.2060210257768631,35,0.21148943901062012,113
2,MCF7,6.0,A199,16,2,40.0,2,1.1,,0,,6
2,MCF7,6.0,A199,16,2,40.0,2,1.2,,0,,1
1,MCF7,6.0,A199,17,2,40.0,1,0.3,0.13317301869392395,77,0.12083997577428818,1773
1,MCF7,6.0,A199,17,2,40.0,1,0.4,0.1459379941225052,7305,0.1396578550338745,21010
1,MCF7,6.0,A199,17,2,40.0,1,0.5,0.1593555212020874,1380,0.15920217335224152,4218
1,MCF7,6.0,A199,17,2,40.0,1,0.6,,4,0.145517960190773,23
1,MCF7,6.0,A199,17,2,40.0,1,0.7,,0,,0
2,MCF7,6.0,A199,17,2,40.0,2,0.8,,0,,3
2,MCF7,6.0,A199,17,2,40.0,2,0.9,0.18835459649562836,90,0.19414517283439636,670
2,MCF7,6.0,A199,17,2,40.0,2,1.0,0.1854705810546875,494,0.18672466278076172,4684
2,MCF7,6.0,A199,17,2,40.0,2,1.1,0.19113101065158844,897,0.18892797827720642,6311
2,MCF7,6.0,A199,17,2,40.0,2,1.2,0.19863265752792358,1711,0.1946045458316803,3430
2,MCF7,6.0,A199,17,2,40.0,2,1.3,0.20479349792003632,1344,0.1983555406332016,2863
2,MCF7,6.0,A199,17,2,40.0,2,1.4,0.21200288832187653,987,0.20152334868907928,2799
2,MCF7,6.0,A199,17,2,40.0,2,1.5,0.2165926694869995,570,0.207969069480896,1204
2,MCF7,6.0,A199,17,2,40.0,2,1.6,0.22039808332920074,527,0.21734362840652466,637
2,MCF7,6.0,A199,17,2,40.0,2,1.7,0.22668446600437164,305,0.2257632166147232,322
2,MCF7,6.0,A199,17,2,40.0,2,1.8,0.22253350913524628,48,0.2234475314617157,50
2,MCF7,6.0,A199,17,2,40.0,2,1.9,,3,,3
3,MCF7,6.0,A199,17,2,40.0,3,0.5,,0,,6
3,MCF7,6.0,A199,17,2,40.0,3,0.6,0.1411239206790924,1059,0.14144648611545563,2330
3,MCF7,6.0,A199,17,2,40.0,3,0.7,0.16201600432395935,4128,0.15897932648658752,7841
3,MCF7,6.0,A199,17,2,40.0,3,0.8,0.18567168712615967,1403,0.18167531490325928,3829
3,MCF7,6.0,A199,17,2,40.0,3,0.9,,1,0.19571828842163086,523
3,MCF7,6.0,A199,17,2,40.0,3,1.0,,0,0.2171463519334793,15
4,MCF7,6.0,A199,17,2,40.0,4,0.0,,0,0.0,393
4,MCF7,6.0,A199,17,2,40.0,4,0.1,,0,,0
4,MCF7,6.0,A199,17,2,40.0,4,0.2,,0,,0
4,MCF7,6.0,A199,17,2,40.0,4,0.3,,0,,0
4,MCF7,6.0,A199,17,2,40.0,4,0.4,,0,,0
4,MCF7,6.0,A199,17,2,40.0,4,0.5,0.08620182424783707,42,0.09050215035676956,50
4,MCF7,6.0,A199,17,2,40.0,4,0.6,0.0935291051864624,4524,0.09434740990400314,4890
4,MCF7,6.0,A199,17,2,40.0,4,0.7,0.09881243854761124,8014,0.10106071084737778,10155
4,MCF7,6.0,A199,17,2,40.0,4,0.8,0.10188768059015274,911,0.10924812406301498,3391
4,MCF7,6.0,A199,17,2,40.0,4,0.9,0.10575217753648758,12,0.11612174659967422,1576
4,MCF7,6.0,A199,17,2,40.0,4,1.0,,0,0.120235875248909,1147
4,MCF7,6.0,A199,17,2,40.0,4,1.1,,0,0.12801803648471832,924
4,MCF7,6.0,A199,17,2,40.0,4,1.2,,0,0.135577991604805,710
4,MCF7,6.0,A199,17,2,40.0,4,1.3,,0,0.14497429132461548,469
4,MCF7,6.0,A199,17,2,40.0,4,1.4,,0,0.15542683005332947,344
4,MCF7,6.0,A199,17,2,40.0,4,1.5,,0,0.17435917258262634,186
4,MCF7,6.0,A199,17,2,40.0,4,1.6,,0,0.1773490011692047,123
4,MCF7,6.0,A199,17,2,40.0,4,1.7,,0,0.19668999314308167,68
4,MCF7,6.0,A199,17,2,40.0,4,1.8,,0,0.2177373468875885,49
4,MCF7,6.0,A199,17,2,40.0,4,1.9,,0,0.21901434659957886,22
4,MCF7,6.0,A199,17,2,40.0,4,2.0,,0,0.24130618572235107,25
4,MCF7,6.0,A199,17,2,40.0,4,2.1,,0,0.2549193501472473,10
4,MCF7,6.0,A199,17,2,40.0,4,2.2,,0,,6
4,MCF7,6.0,A199,17,2,40.0,4,2.3,,0,,4
4,MCF7,6.0,A199,17,2,40.0,4,2.4,,0,,1
4,MCF7,6.0,A199,17,2,40.0,4,2.5,,0,,0
4,MCF7,6.0,A199,17,2,40.0,4,2.6,,0,,0
4,MCF7,6.0,A199,17,2,40.0,4,2.7,,0,,0
4,MCF7,6.0,A199,17,2,40.0,4,2.8,,0,,1
4,MCF7,6.0,A199,17,2,40.0,4,2.9,,0,,0
5,MCF7,6.0,A199,17,2,40.0,5,0.6,,0,0.16917362809181213,272
5,MCF7,6.0,A199,17,2,40.0,5,0.7,0.14011576771736145,1245,0.14613808691501617,6603
5,MCF7,6.0,A199,17,2,40.0,5,0.8,0.15698744356632233,6170,0.154974102973938,14251
5,MCF7,6.0,A199,17,2,40.0,5,0.9,0.18065974116325378,154,0.16365249454975128,1013
5,MCF7,6.0,A199,17,2,40.0,5,1.0,,0,,5
5,MCF7,6.0,A199,17,2,40.0,5,1.1,,0,,0
6,MCF7,6.0,A199,17,2,40.0,6,0.5,0.12635454535484314,309,0.12594470381736755,331
6,MCF7,6.0,A199,17,2,40.0,6,0.6,0.13203968107700348,3051,0.13370387256145477,6435
6,MCF7,6.0,A199,17,2,40.0,6,0.7,0.13536392152309418,75,0.14775127172470093,3316
6,MCF7,6.0,A199,17,2,40.0,6,0.8,,0,0.17546039819717407,402
6,MCF7,6.0,A199,17,2,40.0,6,0.9,,0,0.19331781566143036,12
6,MCF7,6.0,A199,17,2,40.0,6,1.0,,0,,0
7,MCF7,6.0,A199,17,2,40.0,7,0.5,,0,0.09687808156013489,73
7,MCF7,6.0,A199,17,2,40.0,7,0.6,0.13248610496520996,3534,0.12993405759334564,7162
7,MCF7,6.0,A199,17,2,40.0,7,0.7,0.14665968716144562,4137,0.15160442888736725,12226
7,MCF7,6.0,A199,17,2,40.0,7,0.8,0.16976991295814514,3405,0.18279393017292023,6621
7,MCF7,6.0,A199,17,2,40.0,7,0.9,0.1840963214635849,819,0.19990460574626923,1424
7,MCF7,6.0,A199,17,2,40.0,7,1.0,0.19753646850585938,119,0.19920271635055542,126
7,MCF7,6.0,A199,17,2,40.0,7,1.1,,0,,0
1,MCF7,6.0,A199,2,2,40.0,1,0.0,,0,0.0,4664
1,MCF7,6.0,A199,2,2,40.0,1,0.1,,0,,0
1,MCF7,6.0,A199,2,2,40.0,1,0.2,,0,,0
1,MCF7,6.0,A199,2,2,40.0,1,0.3,,0,,0
1,MCF7,6.0,A199,2,2,40.0,1,0.4,,0,,5
1,MCF7,6.0,A199,2,2,40.0,1,0.5,0.08509615808725357,161,0.0858537033200264,243
1,MCF7,6.0,A199,2,2,40.0,1,0.6,0.09094562381505966,2419,0.09045244008302689,2963
1,MCF7,6.0,A199,2,2,40.0,1,0.7,0.09353076666593552,3551,0.09427448362112045,5190
1,MCF7,6.0,A199,2,2,40.0,1,0.8,0.09254512190818787,1293,0.09506886452436447,3640
1,MCF7,6.0,A199,2,2,40.0,1,0.9,0.08994786441326141,189,0.09803841263055801,2389
1,MCF7,6.0,A199,2,2,40.0,1,1.0,0.07840470224618912,16,0.10363930463790894,1651
1,MCF7,6.0,A199,2,2,40.0,1,1.1,,2,0.10971924662590027,1213
1,MCF7,6.0,A199,2,2,40.0,1,1.2,,0,0.11837468296289444,792
1,MCF7,6.0,A199,2,2,40.0,1,1.3,,0,0.1350938230752945,578
1,MCF7,6.0,A199,2,2,40.0,1,1.4,,0,0.1411258727312088,368
1,MCF7,6.0,A199,2,2,40.0,1,1.5,,0,0.15218369662761688,230
1,MCF7,6.0,A199,2,2,40.0,1,1.6,,0,0.1604928970336914,164
1,MCF7,6.0,A199,2,2,40.0,1,1.7,,0,0.14985992014408112,106
1,MCF7,6.0,A199,2,2,40.0,1,1.8,,0,0.19179774820804596,65
1,MCF7,6.0,A199,2,2,40.0,1,1.9,,0,0.17793059349060059,32
1,MCF7,6.0,A199,2,2,40.0,1,2.0,,0,0.19646386802196503,29
1,MCF7,6.0,A199,2,2,40.0,1,2.1,,0,0.17240548133850098,13
1,MCF7,6.0,A199,2,2,40.0,1,2.2,,0,,8
1,MCF7,6.0,A199,2,2,40.0,1,2.3,,0,,5
1,MCF7,6.0,A199,2,2,40.0,1,2.4,,0,,2
1,MCF7,6.0,A199,2,2,40.0,1,2.5,,0,,1
1,MCF7,6.0,A199,2,2,40.0,1,2.6,,0,,1
1,MCF7,6.0,A199,2,2,40.0,1,2.7,,0,,0
2,MCF7,6.0,A199,2,2,40.0,2,0.0,,0,0.0,41
2,MCF7,6.0,A199,2,2,40.0,2,0.1,,0,,0
2,MCF7,6.0,A199,2,2,40.0,2,0.2,,2,0.0927097424864769,104
2,MCF7,6.0,A199,2,2,40.0,2,0.3,0.0872078388929367,1855,0.09100320935249329,3800
2,MCF7,6.0,A199,2,2,40.0,2,0.4,0.09484118968248367,3276,0.09995001554489136,6356
2,MCF7,6.0,A199,2,2,40.0,2,0.5,0.10904136300086975,59,0.11929679661989212,901
2,MCF7,6.0,A199,2,2,40.0,2,0.6,,0,0.13009116053581238,147
2,MCF7,6.0,A199,2,2,40.0,2,0.7,,0,0.1710628867149353,22
2,MCF7,6.0,A199,2,2,40.0,2,0.8,,0,,3
2,MCF7,6.0,A199,2,2,40.0,2,0.9,,0,,2
3,MCF7,6.0,A199,2,2,40.0,3,0.0,,0,0.0,61
3,MCF7,6.0,A199,2,2,40.0,3,0.1,,0,,1
3,MCF7,6.0,A199,2,2,40.0,3,0.2,,4,0.11270259320735931,94
3,MCF7,6.0,A199,2,2,40.0,3,0.3,0.10499069094657898,244,0.11391174048185349,1223
3,MCF7,6.0,A199,2,2,40.0,3,0.4,0.11625103652477264,1315,0.12369842082262039,3825
3,MCF7,6.0,A199,2,2,40.0,3,0.5,0.1270424872636795,4228,0.13267962634563446,7293
3,MCF7,6.0,A199,2,2,40.0,3,0.6,0.13679516315460205,1320,0.14668278396129608,2859
3,MCF7,6.0,A199,2,2,40.0,3,0.7,0.13889507949352264,42,0.16385075449943542,439
3,MCF7,6.0,A199,2,2,40.0,3,0.8,,0,0.19781377911567688,85
3,MCF7,6.0,A199,2,2,40.0,3,0.9,,0,0.20801562070846558,21
3,MCF7,6.0,A199,2,2,40.0,3,1.0,,0,,2
3,MCF7,6.0,A199,2,2,40.0,3,1.1,,0,,1
3,MCF7,6.0,A199,2,2,40.0,3,1.2,,0,,0
4,MCF7,6.0,A199,2,2,40.0,4,0.0,,0,0.0,27
4,MCF7,6.0,A199,2,2,40.0,4,0.1,,0,,0
4,MCF7,6.0,A199,2,2,40.0,4,0.2,,0,,0
4,MCF7,6.0,A199,2,2,40.0,4,0.3,,0,,0
4,MCF7,6.0,A199,2,2,40.0,4,0.4,,0,0.07353106141090393,25
4,MCF7,6.0,A199,2,2,40.0,4,0.5,0.10290955752134323,59,0.09642567485570908,1122
4,MCF7,6.0,A199,2,2,40.0,4,0.6,0.1147901713848114,8178,0.11187024414539337,18090
4,MCF7,6.0,A199,2,2,40.0,4,0.7,0.12539732456207275,6638,0.11936362832784653,23413
4,MCF7,6.0,A199,2,2,40.0,4,0.8,0.13745136559009552,66,0.12215903401374817,7436
4,MCF7,6.0,A199,2,2,40.0,4,0.9,,0,0.13125406205654144,2210
4,MCF7,6.0,A199,2,2,40.0,4,1.0,,0,0.13658882677555084,624
4,MCF7,6.0,A199,2,2,40.0,4,1.1,,0,0.1355292648077011,162
4,MCF7,6.0,A199,2,2,40.0,4,1.2,,0,0.16249342262744904,55
4,MCF7,6.0,A199,2,2,40.0,4,1.3,,0,0.16454684734344482,21
4,MCF7,6.0,A199,2,2,40.0,4,1.4,,0,,9
4,MCF7,6.0,A199,2,2,40.0,4,1.5,,0,,3
4,MCF7,6.0,A199,2,2,40.0,4,1.6,,0,,1
4,MCF7,6.0,A199,2,2,40.0,4,1.7,,0,,1
4,MCF7,6.0,A199,2,2,40.0,4,1.8,,0,,0
4,MCF7,6.0,A199,2,2,40.0,4,1.9,,0,,1
1,MCF7,6.0,A199,3,2,40.0,1,0.0,,0,,4
1,MCF7,6.0,A199,3,2,40.0,1,0.1,0.06746091693639755,231,0.07084759324789047,967
1,MCF7,6.0,A199,3,2,40.0,1,0.2,0.07405874133110046,5081,0.0742771103978157,9831
1,MCF7,6.0,A199,3,2,40.0,1,0.3,,0,0.07585087418556213,94
1,MCF7,6.0,A199,3,2,40.0,1,0.4,,0,,0
2,MCF7,6.0,A199,3,2,40.0,2,0.0,,0,0.0,911
2,MCF7,6.0,A199,3,2,40.0,2,0.1,,0,,0
2,MCF7,6.0,A199,3,2,40.0,2,0.2,,0,,0
2,MCF7,6.0,A199,3,2,40.0,2,0.3,,0,,0
2,MCF7,6.0,A199,3,2,40.0,2,0.4,,0,,0
2,MCF7,6.0,A199,3,2,40.0,2,0.5,,0,,2
2,MCF7,6.0,A199,3,2,40.0,2,0.6,0.10524233430624008,24,0.10933174937963486,105
2,MCF7,6.0,A199,3,2,40.0,2,0.7,0.11373085528612137,375,0.11430066078901291,774
2,MCF7,6.0,A199,3,2,40.0,2,0.8,0.11642582714557648,1375,0.12011807411909103,2472
2,MCF7,6.0,A199,3,2,40.0,2,0.9,0.11978179961442947,1555,0.12852831184864044,3388
2,MCF7,6.0,A199,3,2,40.0,2,1.0,0.12370744347572327,705,0.1380128562450409,2586
2,MCF7,6.0,A199,3,2,40.0,2,1.1,0.12408258765935898,171,0.14892204105854034,1491
2,MCF7,6.0,A199,3,2,40.0,2,1.2,0.10007647424936295,24,0.15855823457241058,748
2,MCF7,6.0,A199,3,2,40.0,2,1.3,,1,0.1778637021780014,357
2,MCF7,6.0,A199,3,2,40.0,2,1.4,,0,0.18269194662570953,158
2,MCF7,6.0,A199,3,2,40.0,2,1.5,,0,0.19749590754508972,69
2,MCF7,6.0,A199,3,2,40.0,2,1.6,,0,0.21943430602550507,30
2,MCF7,6.0,A199,3,2,40.0,2,1.7,,0,0.26947084069252014,11
2,MCF7,6.0,A199,3,2,40.0,2,1.8,,0,0.2581949532032013,14
2,MCF7,6.0,A199,3,2,40.0,2,1.9,,0,,3
2,MCF7,6.0,A199,3,2,40.0,2,2.0,,0,,1
3,MCF7,6.0,A199,3,2,40.0,3,0.0,,0,0.0,593
3,MCF7,6.0,A199,3,2,40.0,3,0.1,,0,,0
3,MCF7,6.0,A199,3,2,40.0,3,0.2,,0,,0
3,MCF7,6.0,A199,3,2,40.0,3,0.3,,0,,0
3,MCF7,6.0,A199,3,2,40.0,3,0.4,,0,,0
3,MCF7,6.0,A199,3,2,40.0,3,0.5,,0,,0
3,MCF7,6.0,A199,3,2,40.0,3,0.6,,0,0.11109177023172379,17
3,MCF7,6.0,A199,3,2,40.0,3,0.7,0.10162270814180374,11,0.12106397747993469,161
3,MCF7,6.0,A199,3,2,40.0,3,0.8,0.11361938714981079,608,0.11994454264640808,1364
3,MCF7,6.0,A199,3,2,40.0,3,0.9,0.12075915932655334,2789,0.12353211641311646,4716
3,MCF7,6.0,A199,3,2,40.0,3,1.0,0.12600800395011902,2151,0.1299576461315155,4608
3,MCF7,6.0,A199,3,2,40.0,3,1.1,0.12985076010227203,412,0.13877341151237488,2211
3,MCF7,6.0,A199,3,2,40.0,3,1.2,0.13113273680210114,29,0.14865778386592865,1036
3,MCF7,6.0,A199,3,2,40.0,3,1.3,,2,0.15940748155117035,489
3,MCF7,6.0,A199,3,2,40.0,3,1.4,,0,0.17225931584835052,247
3,MCF7,6.0,A199,3,2,40.0,3,1.5,,0,0.17710836231708527,112
3,MCF7,6.0,A199,3,2,40.0,3,1.6,,0,0.18500515818595886,56
3,MCF7,6.0,A199,3,2,40.0,3,1.7,,0,0.19815130531787872,31
3,MCF7,6.0,A199,3,2,40.0,3,1.8,,0,0.2336433231830597,16
3,MCF7,6.0,A199,3,2,40.0,3,1.9,,0,,2
3,MCF7,6.0,A199,3,2,40.0,3,2.0,,0,,3
3,MCF7,6.0,A199,3,2,40.0,3,2.1,,0,,1
3,MCF7,6.0,A199,3,2,40.0,3,2.2,,0,,0
3,MCF7,6.0,A199,3,2,40.0,3,2.3,,0,,0
3,MCF7,6.0,A199,3,2,40.0,3,2.4,,0,,1
3,MCF7,6.0,A199,3,2,40.0,3,2.5,,0,,0
1,MCF7,6.0,A199,4,2,40.0,1,0.2,0.10155237466096878,97,0.1012054830789566,443
1,MCF7,6.0,A199,4,2,40.0,1,0.3,0.118354931473732,5540,0.12114245444536209,12489
1,MCF7,6.0,A199,4,2,40.0,1,0.4,,0,0.14945244789123535,44
2,MCF7,6.0,A199,4,2,40.0,2,0.7,0.16237564384937286,48,0.14244432747364044,272
2,MCF7,6.0,A199,4,2,40.0,2,0.8,0.14351390302181244,794,0.13679246604442596,2980
2,MCF7,6.0,A199,4,2,40.0,2,0.9,0.1421363651752472,1384,0.13480059802532196,5959
2,MCF7,6.0,A199,4,2,40.0,2,1.0,0.1441175490617752,1085,0.1413237303495407,4788
2,MCF7,6.0,A199,4,2,40.0,2,1.1,0.14874017238616943,1296,0.14610372483730316,2577
2,MCF7,6.0,A199,4,2,40.0,2,1.2,0.1502753347158432,1418,0.15000848472118378,1575
2,MCF7,6.0,A199,4,2,40.0,2,1.3,0.14721764624118805,262,0.14825944602489471,272
2,MCF7,6.0,A199,4,2,40.0,2,1.4,0.13771982491016388,8,,9
2,MCF7,6.0,A199,4,2,40.0,2,1.5,,0,,0
1,MCF7,6.0,A199,5,2,40.0,1,0.2,,1,0.12157037109136581,645
1,MCF7,6.0,A199,5,2,40.0,1,0.3,0.15776877105236053,6756,0.14441998302936554,18789
1,MCF7,6.0,A199,5,2,40.0,1,0.4,0.1722404509782791,2012,0.16693763434886932,2662
1,MCF7,6.0,A199,5,2,40.0,1,0.5,,0,,0
2,MCF7,6.0,A199,5,2,40.0,2,0.4,0.11789079755544662,614,0.12430282682180405,761
2,MCF7,6.0,A199,5,2,40.0,2,0.5,0.12430530041456223,1224,0.13728968799114227,2578
2,MCF7,6.0,A199,5,2,40.0,2,0.6,0.1396666020154953,2396,0.14390838146209717,6636
2,MCF7,6.0,A199,5,2,40.0,2,0.7,0.14877921342849731,2697,0.14702452719211578,6464
2,MCF7,6.0,A199,5,2,40.0,2,0.8,0.15251263976097107,529,0.1505020260810852,1095
2,MCF7,6.0,A199,5,2,40.0,2,0.9,0.15485039353370667,17,0.1489500105381012,34
2,MCF7,6.0,A199,5,2,40.0,2,1.0,,0,,0
3,MCF7,6.0,A199,5,2,40.0,3,0.3,0.11008983105421066,353,0.11201424151659012,476
3,MCF7,6.0,A199,5,2,40.0,3,0.4,0.1118156835436821,6159,0.11617936939001083,14911
3,MCF7,6.0,A199,5,2,40.0,3,0.5,0.11507930606603622,6,0.12070978432893753,3177
3,MCF7,6.0,A199,5,2,40.0,3,0.6,,0,0.1294810175895691,307
3,MCF7,6.0,A199,5,2,40.0,3,0.7,,0,,8
3,MCF7,6.0,A199,5,2,40.0,3,0.8,,0,,1
4,MCF7,6.0,A199,5,2,40.0,4,0.6,,0,,1
4,MCF7,6.0,A199,5,2,40.0,4,0.7,,0,,9
4,MCF7,6.0,A199,5,2,40.0,4,0.8,0.1386943757534027,5,0.1388891339302063,129
4,MCF7,6.0,A199,5,2,40.0,4,0.9,0.14455224573612213,101,0.1436120718717575,626
4,MCF7,6.0,A199,5,2,40.0,4,1.0,0.14895007014274597,748,0.14911922812461853,2050
4,MCF7,6.0,A199,5,2,40.0,4,1.1,0.1539594680070877,2125,0.15624110400676727,4031
4,MCF7,6.0,A199,5,2,40.0,4,1.2,0.1579664796590805,2009,0.16241297125816345,3843
4,MCF7,6.0,A199,5,2,40.0,4,1.3,0.16060855984687805,873,0.1677306443452835,1993
4,MCF7,6.0,A199,5,2,40.0,4,1.4,0.16261854767799377,230,0.17511488497257233,744
4,MCF7,6.0,A199,5,2,40.0,4,1.5,0.16477935016155243,40,0.18016302585601807,223
4,MCF7,6.0,A199,5,2,40.0,4,1.6,0.1610253006219864,9,0.19242121279239655,61
4,MCF7,6.0,A199,5,2,40.0,4,1.7,,0,0.2315932959318161,14
4,MCF7,6.0,A199,5,2,40.0,4,1.8,,0,,2
4,MCF7,6.0,A199,5,2,40.0,4,1.9,,0,,2
5,MCF7,6.0,A199,5,2,40.0,5,0.7,0.15317381918430328,114,0.15296393632888794,115
5,MCF7,6.0,A199,5,2,40.0,5,0.8,0.1408470869064331,1606,0.13998620212078094,1753
5,MCF7,6.0,A199,5,2,40.0,5,0.9,0.14440007507801056,1226,0.13693423569202423,2908
5,MCF7,6.0,A199,5,2,40.0,5,1.0,0.1536344289779663,641,0.14070042967796326,4074
5,MCF7,6.0,A199,5,2,40.0,5,1.1,0.15556615591049194,11,0.14799244701862335,3094
5,MCF7,6.0,A199,5,2,40.0,5,1.2,,0,0.16247130930423737,2442
5,MCF7,6.0,A199,5,2,40.0,5,1.3,,0,0.1732950210571289,2047
5,MCF7,6.0,A199,5,2,40.0,5,1.4,,0,0.1774546056985855,1080
5,MCF7,6.0,A199,5,2,40.0,5,1.5,,0,0.18249662220478058,394
5,MCF7,6.0,A199,5,2,40.0,5,1.6,,0,0.1908983439207077,106
5,MCF7,6.0,A199,5,2,40.0,5,1.7,,0,0.19049987196922302,15
5,MCF7,6.0,A199,5,2,40.0,5,1.8,,0,,3
5,MCF7,6.0,A199,5,2,40.0,5,1.9,,0,,1
5,MCF7,6.0,A199,5,2,40.0,5,2.0,,0,,0
1,MCF7,6.0,A199,6,2,40.0,1,1.3,,2,,2
1,MCF7,6.0,A199,6,2,40.0,1,1.4,0.2080163210630417,34,0.2080163210630417,34
1,MCF7,6.0,A199,6,2,40.0,1,1.5,0.2100633680820465,147,0.21020953357219696,149
1,MCF7,6.0,A199,6,2,40.0,1,1.6,0.21741726994514465,316,0.21841007471084595,346
1,MCF7,6.0,A199,6,2,40.0,1,1.7,0.22417433559894562,505,0.22665487229824066,637
1,MCF7,6.0,A199,6,2,40.0,1,1.8,0.23094192147254944,849,0.2343832552433014,1154
1,MCF7,6.0,A199,6,2,40.0,1,1.9,0.23721498250961304,975,0.2404767870903015,1410
1,MCF7,6.0,A199,6,2,40.0,1,2.0,0.24165348708629608,765,0.24699033796787262,1333
1,MCF7,6.0,A199,6,2,40.0,1,2.1,0.25167515873908997,548,0.2547779679298401,1321
1,MCF7,6.0,A199,6,2,40.0,1,2.2,0.25543227791786194,392,0.2563033401966095,1415
1,MCF7,6.0,A199,6,2,40.0,1,2.3,0.26087290048599243,291,0.2619946300983429,1651
1,MCF7,6.0,A199,6,2,40.0,1,2.4,0.26787060499191284,232,0.2687477469444275,1667
1,MCF7,6.0,A199,6,2,40.0,1,2.5,0.2729330360889435,226,0.27410438656806946,1800
1,MCF7,6.0,A199,6,2,40.0,1,2.6,0.2761232256889343,224,0.2784828841686249,1691
1,MCF7,6.0,A199,6,2,40.0,1,2.7,0.28436270356178284,204,0.2833186388015747,1650
1,MCF7,6.0,A199,6,2,40.0,1,2.8,0.289350301027298,199,0.28632763028144836,1500
1,MCF7,6.0,A199,6,2,40.0,1,2.9,0.29986995458602905,197,0.2902382016181946,1342
1,MCF7,6.0,A199,6,2,40.0,1,3.0,0.30686286091804504,150,0.29568934440612793,1273
1,MCF7,6.0,A199,6,2,40.0,1,3.1,0.31279700994491577,133,0.30032476782798767,1164
1,MCF7,6.0,A199,6,2,40.0,1,3.2,0.3184448778629303,108,0.3057204782962799,1047
1,MCF7,6.0,A199,6,2,40.0,1,3.3,0.31663548946380615,82,0.30995744466781616,812
1,MCF7,6.0,A199,6,2,40.0,1,3.4,0.30581560730934143,14,0.31790778040885925,699
1,MCF7,6.0,A199,6,2,40.0,1,3.5,0.29873138666152954,11,0.31971874833106995,500
1,MCF7,6.0,A199,6,2,40.0,1,3.6,0.30856600403785706,5,0.3230084180831909,324
1,MCF7,6.0,A199,6,2,40.0,1,3.7,,0,0.3307591378688812,202
1,MCF7,6.0,A199,6,2,40.0,1,3.8,,1,0.3359472453594208,149
1,MCF7,6.0,A199,6,2,40.0,1,3.9,,0,0.34418025612831116,106
1,MCF7,6.0,A199,6,2,40.0,1,4.0,,0,0.3532770276069641,66
1,MCF7,6.0,A199,6,2,40.0,1,4.1,,0,0.3600558042526245,36
1,MCF7,6.0,A199,6,2,40.0,1,4.2,,0,0.3474968671798706,22
1,MCF7,6.0,A199,6,2,40.0,1,4.3,,0,0.352665513753891,14
1,MCF7,6.0,A199,6,2,40.0,1,4.4,,0,,6
1,MCF7,6.0,A199,6,2,40.0,1,4.5,,0,,9
1,MCF7,6.0,A199,6,2,40.0,1,4.6,,0,,2
1,MCF7,6.0,A199,6,2,40.0,1,4.7,,0,,2
1,MCF7,6.0,A199,6,2,40.0,1,4.8,,0,,1
2,MCF7,6.0,A199,6,2,40.0,2,0.3,,0,,8
2,MCF7,6.0,A199,6,2,40.0,2,0.4,0.1170545369386673,1089,0.11659839004278183,6854
2,MCF7,6.0,A199,6,2,40.0,2,0.5,0.1435033679008484,11890,0.13878580927848816,37849
2,MCF7,6.0,A199,6,2,40.0,2,0.6,0.1543521285057068,677,0.15160903334617615,3806
2,MCF7,6.0,A199,6,2,40.0,2,0.7,,0,0.17822623252868652,11
3,MCF7,6.0,A199,6,2,40.0,3,1.4,0.15433858335018158,7,,9
3,MCF7,6.0,A199,6,2,40.0,3,1.5,0.1533278375864029,183,0.15069085359573364,221
3,MCF7,6.0,A199,6,2,40.0,3,1.6,0.15503305196762085,1383,0.15402591228485107,1575
3,MCF7,6.0,A199,6,2,40.0,3,1.7,0.15581157803535461,2776,0.15555445849895477,3373
3,MCF7,6.0,A199,6,2,40.0,3,1.8,0.15272851288318634,2080,0.15316155552864075,3217
3,MCF7,6.0,A199,6,2,40.0,3,1.9,0.1457369178533554,845,0.14945301413536072,2171
3,MCF7,6.0,A199,6,2,40.0,3,2.0,0.13326983153820038,204,0.1479303538799286,1461
3,MCF7,6.0,A199,6,2,40.0,3,2.1,0.1229521632194519,54,0.14789023995399475,1139
3,MCF7,6.0,A199,6,2,40.0,3,2.2,0.09372282028198242,7,0.1505691260099411,951
3,MCF7,6.0,A199,6,2,40.0,3,2.3,,1,0.15880072116851807,756
3,MCF7,6.0,A199,6,2,40.0,3,2.4,,0,0.1589662879705429,632
3,MCF7,6.0,A199,6,2,40.0,3,2.5,,0,0.15828827023506165,538
3,MCF7,6.0,A199,6,2,40.0,3,2.6,,0,0.1637074202299118,432
3,MCF7,6.0,A199,6,2,40.0,3,2.7,,0,0.1688721925020218,335
3,MCF7,6.0,A199,6,2,40.0,3,2.8,,0,0.17084242403507233,272
3,MCF7,6.0,A199,6,2,40.0,3,2.9,,0,0.18373234570026398,287
3,MCF7,6.0,A199,6,2,40.0,3,3.0,,0,0.17334073781967163,204
3,MCF7,6.0,A199,6,2,40.0,3,3.1,,0,0.18076714873313904,161
3,MCF7,6.0,A199,6,2,40.0,3,3.2,,0,0.18987038731575012,169
3,MCF7,6.0,A199,6,2,40.0,3,3.3,,0,0.20110373198986053,122
3,MCF7,6.0,A199,6,2,40.0,3,3.4,,0,0.19869820773601532,53
3,MCF7,6.0,A199,6,2,40.0,3,3.5,,0,0.19277063012123108,64
3,MCF7,6.0,A199,6,2,40.0,3,3.6,,0,0.20552898943424225,66
3,MCF7,6.0,A199,6,2,40.0,3,3.7,,0,0.21577197313308716,47
3,MCF7,6.0,A199,6,2,40.0,3,3.8,,0,0.20667652785778046,42
3,MCF7,6.0,A199,6,2,40.0,3,3.9,,0,0.19538365304470062,31
3,MCF7,6.0,A199,6,2,40.0,3,4.0,,0,0.23234380781650543,26
3,MCF7,6.0,A199,6,2,40.0,3,4.1,,0,0.2568097412586212,21
3,MCF7,6.0,A199,6,2,40.0,3,4.2,,0,0.23562723398208618,17
3,MCF7,6.0,A199,6,2,40.0,3,4.3,,0,0.23861369490623474,10
3,MCF7,6.0,A199,6,2,40.0,3,4.4,,0,,9
3,MCF7,6.0,A199,6,2,40.0,3,4.5,,0,,6
3,MCF7,6.0,A199,6,2,40.0,3,4.6,,0,,3
3,MCF7,6.0,A199,6,2,40.0,3,4.7,,0,,2
3,MCF7,6.0,A199,6,2,40.0,3,4.8,,0,,2
3,MCF7,6.0,A199,6,2,40.0,3,4.9,,0,,2
3,MCF7,6.0,A199,6,2,40.0,3,5.0,,0,,0
3,MCF7,6.0,A199,6,2,40.0,3,5.1,,0,,0
3,MCF7,6.0,A199,6,2,40.0,3,5.2,,0,,0
3,MCF7,6.0,A199,6,2,40.0,3,5.3,,0,,0
3,MCF7,6.0,A199,6,2,40.0,3,5.4,,0,,0
3,MCF7,6.0,A199,6,2,40.0,3,5.5,,0,,1
3,MCF7,6.0,A199,6,2,40.0,3,5.6,,0,,0
3,MCF7,6.0,A199,6,2,40.0,3,5.7,,0,,2
3,MCF7,6.0,A199,6,2,40.0,3,5.8,,0,,0
3,MCF7,6.0,A199,6,2,40.0,3,5.9,,0,,0
3,MCF7,6.0,A199,6,2,40.0,3,6.0,,0,,1
3,MCF7,6.0,A199,6,2,40.0,3,6.1,,0,,0
3,MCF7,6.0,A199,6,2,40.0,3,6.2,,0,,0
3,MCF7,6.0,A199,6,2,40.0,3,6.3,,0,,1
3,MCF7,6.0,A199,6,2,40.0,3,6.4,,0,,1
1,MCF7,6.0,A199,7,2,40.0,1,0.3,0.0983075425028801,360,0.09704284369945526,825
1,MCF7,6.0,A199,7,2,40.0,1,0.4,0.10914861410856247,2815,0.11001632362604141,4272
1,MCF7,6.0,A199,7,2,40.0,1,0.5,0.1141587495803833,1187,0.11143863946199417,3470
1,MCF7,6.0,A199,7,2,40.0,1,0.6,0.1043403372168541,24,0.10882297903299332,925
1,MCF7,6.0,A199,7,2,40.0,1,0.7,,0,0.11130467802286148,60
1,MCF7,6.0,A199,7,2,40.0,1,0.8,,0,,0
2,MCF7,6.0,A199,7,2,40.0,2,0.4,,3,,3
2,MCF7,6.0,A199,7,2,40.0,2,0.5,0.12441972643136978,2002,0.1252526044845581,2251
2,MCF7,6.0,A199,7,2,40.0,2,0.6,0.1225493848323822,1289,0.1282661259174347,5229
2,MCF7,6.0,A199,7,2,40.0,2,0.7,,3,0.1294613778591156,4085
2,MCF7,6.0,A199,7,2,40.0,2,0.8,,0,0.13138991594314575,914
2,MCF7,6.0,A199,7,2,40.0,2,0.9,,0,0.1411779671907425,62
2,MCF7,6.0,A199,7,2,40.0,2,1.0,,0,,0
3,MCF7,6.0,A199,7,2,40.0,3,0.7,,0,0.1681823432445526,52
3,MCF7,6.0,A199,7,2,40.0,3,0.8,0.15450605750083923,145,0.1609063744544983,1807
3,MCF7,6.0,A199,7,2,40.0,3,0.9,0.15640775859355927,1427,0.16239722073078156,6754
3,MCF7,6.0,A199,7,2,40.0,3,1.0,0.15960131585597992,1717,0.16221730411052704,6307
3,MCF7,6.0,A199,7,2,40.0,3,1.1,0.1678142249584198,1492,0.16306917369365692,3467
3,MCF7,6.0,A199,7,2,40.0,3,1.2,0.17760372161865234,985,0.16455033421516418,2018
3,MCF7,6.0,A199,7,2,40.0,3,1.3,0.18348349630832672,705,0.16336095333099365,1487
3,MCF7,6.0,A199,7,2,40.0,3,1.4,0.19209787249565125,574,0.17795801162719727,905
3,MCF7,6.0,A199,7,2,40.0,3,1.5,0.19567598402500153,633,0.1925007402896881,715
3,MCF7,6.0,A199,7,2,40.0,3,1.6,0.20172154903411865,631,0.20072777569293976,648
3,MCF7,6.0,A199,7,2,40.0,3,1.7,0.20881472527980804,645,0.20883865654468536,647
3,MCF7,6.0,A199,7,2,40.0,3,1.8,0.21329542994499207,412,0.21329356729984283,413
3,MCF7,6.0,A199,7,2,40.0,3,1.9,0.21874399483203888,145,0.21874399483203888,145
3,MCF7,6.0,A199,7,2,40.0,3,2.0,0.23089878261089325,64,0.23089878261089325,64
3,MCF7,6.0,A199,7,2,40.0,3,2.1,0.23620915412902832,22,0.23620915412902832,22
3,MCF7,6.0,A199,7,2,40.0,3,2.2,0.20927637815475464,8,,8
3,MCF7,6.0,A199,7,2,40.0,3,2.3,0.2172979861497879,5,,5
3,MCF7,6.0,A199,7,2,40.0,3,2.4,0.22694268822669983,5,,5
3,MCF7,6.0,A199,7,2,40.0,3,2.5,,2,,2
3,MCF7,6.0,A199,7,2,40.0,3,2.6,,1,,1
4,MCF7,6.0,A199,7,2,40.0,4,0.0,,0,,9
4,MCF7,6.0,A199,7,2,40.0,4,0.1,,0,,0
4,MCF7,6.0,A199,7,2,40.0,4,0.2,,0,,0
4,MCF7,6.0,A199,7,2,40.0,4,0.3,,0,,0
4,MCF7,6.0,A199,7,2,40.0,4,0.4,,0,,0
4,MCF7,6.0,A199,7,2,40.0,4,0.5,,0,,0
4,MCF7,6.0,A199,7,2,40.0,4,0.6,,0,,0
4,MCF7,6.0,A199,7,2,40.0,4,0.7,,0,,0
4,MCF7,6.0,A199,7,2,40.0,4,0.8,,0,,0
4,MCF7,6.0,A199,7,2,40.0,4,0.9,,0,,0
4,MCF7,6.0,A199,7,2,40.0,4,1.0,,0,,0
4,MCF7,6.0,A199,7,2,40.0,4,1.1,,0,,0
4,MCF7,6.0,A199,7,2,40.0,4,1.2,,0,,1
4,MCF7,6.0,A199,7,2,40.0,4,1.3,0.14075762033462524,8,0.1465308666229248,33
4,MCF7,6.0,A199,7,2,40.0,4,1.4,0.13847869634628296,106,0.14738741517066956,245
4,MCF7,6.0,A199,7,2,40.0,4,1.5,0.14279592037200928,389,0.1506563425064087,954
4,MCF7,6.0,A199,7,2,40.0,4,1.6,0.14907611906528473,719,0.15314354002475739,1974
4,MCF7,6.0,A199,7,2,40.0,4,1.7,0.15353870391845703,1088,0.1571417599916458,3234
4,MCF7,6.0,A199,7,2,40.0,4,1.8,0.15626110136508942,1254,0.16021281480789185,3872
4,MCF7,6.0,A199,7,2,40.0,4,1.9,0.15880852937698364,1215,0.1636800915002823,3996
4,MCF7,6.0,A199,7,2,40.0,4,2.0,0.1598743349313736,951,0.16600234806537628,3716
4,MCF7,6.0,A199,7,2,40.0,4,2.1,0.16444599628448486,695,0.1701665073633194,3227
4,MCF7,6.0,A199,7,2,40.0,4,2.2,0.1643405556678772,409,0.17499995231628418,2575
4,MCF7,6.0,A199,7,2,40.0,4,2.3,0.16519597172737122,221,0.1751282513141632,2038
4,MCF7,6.0,A199,7,2,40.0,4,2.4,0.1657702475786209,135,0.17858172953128815,1641
4,MCF7,6.0,A199,7,2,40.0,4,2.5,0.1614108830690384,117,0.1823916733264923,1399
4,MCF7,6.0,A199,7,2,40.0,4,2.6,0.16148360073566437,72,0.18856431543827057,1109
4,MCF7,6.0,A199,7,2,40.0,4,2.7,0.1510477513074875,58,0.193564310669899,896
4,MCF7,6.0,A199,7,2,40.0,4,2.8,0.15803943574428558,24,0.19775830209255219,656
4,MCF7,6.0,A199,7,2,40.0,4,2.9,0.16553744673728943,23,0.20263247191905975,508
4,MCF7,6.0,A199,7,2,40.0,4,3.0,0.1436452567577362,8,0.20285668969154358,359
4,MCF7,6.0,A199,7,2,40.0,4,3.1,,4,0.20563465356826782,277
4,MCF7,6.0,A199,7,2,40.0,4,3.2,0.10343269258737564,7,0.19498036801815033,191
4,MCF7,6.0,A199,7,2,40.0,4,3.3,,0,0.21938680112361908,154
4,MCF7,6.0,A199,7,2,40.0,4,3.4,,2,0.22575406730175018,100
4,MCF7,6.0,A199,7,2,40.0,4,3.5,,1,0.22784116864204407,94
4,MCF7,6.0,A199,7,2,40.0,4,3.6,,0,0.2133212834596634,61
4,MCF7,6.0,A199,7,2,40.0,4,3.7,,0,0.23143887519836426,36
4,MCF7,6.0,A199,7,2,40.0,4,3.8,,0,0.22659943997859955,28
4,MCF7,6.0,A199,7,2,40.0,4,3.9,,0,0.2033040076494217,20
4,MCF7,6.0,A199,7,2,40.0,4,4.0,,0,,9
4,MCF7,6.0,A199,7,2,40.0,4,4.1,,0,,8
4,MCF7,6.0,A199,7,2,40.0,4,4.2,,0,0.2464926838874817,11
4,MCF7,6.0,A199,7,2,40.0,4,4.3,,0,,6
4,MCF7,6.0,A199,7,2,40.0,4,4.4,,0,,4
4,MCF7,6.0,A199,7,2,40.0,4,4.5,,0,,5
4,MCF7,6.0,A199,7,2,40.0,4,4.6,,0,,4
4,MCF7,6.0,A199,7,2,40.0,4,4.7,,0,,3
4,MCF7,6.0,A199,7,2,40.0,4,4.8,,0,,0
4,MCF7,6.0,A199,7,2,40.0,4,4.9,,0,,1
4,MCF7,6.0,A199,7,2,40.0,4,5.0,,0,,0
4,MCF7,6.0,A199,7,2,40.0,4,5.1,,0,,0
4,MCF7,6.0,A199,7,2,40.0,4,5.2,,0,,1
4,MCF7,6.0,A199,7,2,40.0,4,5.3,,0,,0
4,MCF7,6.0,A199,7,2,40.0,4,5.4,,0,,1
4,MCF7,6.0,A199,7,2,40.0,4,5.5,,0,,0
5,MCF7,6.0,A199,7,2,40.0,5,0.5,,0,0.12665994465351105,56
5,MCF7,6.0,A199,7,2,40.0,5,0.6,0.08905819803476334,7,0.12445789575576782,1866
5,MCF7,6.0,A199,7,2,40.0,5,0.7,0.12487731873989105,2254,0.12833553552627563,7765
5,MCF7,6.0,A199,7,2,40.0,5,0.8,0.13312140107154846,1766,0.13622064888477325,3113
5,MCF7,6.0,A199,7,2,40.0,5,0.9,0.1317072957754135,68,0.13766823709011078,223
5,MCF7,6.0,A199,7,2,40.0,5,1.0,,0,,1
6,MCF7,6.0,A199,7,2,40.0,6,0.6,,0,,7
6,MCF7,6.0,A199,7,2,40.0,6,0.7,,3,0.1341114193201065,164
6,MCF7,6.0,A199,7,2,40.0,6,0.8,0.09019414335489273,830,0.10122653841972351,2371
6,MCF7,6.0,A199,7,2,40.0,6,0.9,0.10878945142030716,4193,0.11010336875915527,9072
6,MCF7,6.0,A199,7,2,40.0,6,1.0,0.12698101997375488,551,0.1178850382566452,3608
6,MCF7,6.0,A199,7,2,40.0,6,1.1,,2,0.12030820548534393,920
6,MCF7,6.0,A199,7,2,40.0,6,1.2,,0,0.12547656893730164,212
6,MCF7,6.0,A199,7,2,40.0,6,1.3,,0,0.14639827609062195,39
6,MCF7,6.0,A199,7,2,40.0,6,1.4,,0,,7
6,MCF7,6.0,A199,7,2,40.0,6,1.5,,0,,0
1,MCF7,6.0,A199,8,2,40.0,1,0.2,,0,,2
1,MCF7,6.0,A199,8,2,40.0,1,0.3,0.12309584021568298,6,0.09768513590097427,431
1,MCF7,6.0,A199,8,2,40.0,1,0.4,0.11322057247161865,6955,0.11081726104021072,16903
1,MCF7,6.0,A199,8,2,40.0,1,0.5,0.10820339620113373,263,0.11744460463523865,4874
1,MCF7,6.0,A199,8,2,40.0,1,0.6,,0,0.14070166647434235,187
1,MCF7,6.0,A199,8,2,40.0,1,0.7,,0,,3
2,MCF7,6.0,A199,8,2,40.0,2,0.5,,0,,1
2,MCF7,6.0,A199,8,2,40.0,2,0.6,0.12751835584640503,294,0.12485462427139282,641
2,MCF7,6.0,A199,8,2,40.0,2,0.7,0.13874287903308868,5128,0.1374550312757492,8515
2,MCF7,6.0,A199,8,2,40.0,2,0.8,0.1372695416212082,644,0.14240631461143494,5931
2,MCF7,6.0,A199,8,2,40.0,2,0.9,,1,0.14873965084552765,2780
2,MCF7,6.0,A199,8,2,40.0,2,1.0,,0,0.15450039505958557,872
2,MCF7,6.0,A199,8,2,40.0,2,1.1,,0,0.16553671658039093,155
2,MCF7,6.0,A199,8,2,40.0,2,1.2,,0,0.16531530022621155,25
2,MCF7,6.0,A199,8,2,40.0,2,1.3,,0,,8
3,MCF7,6.0,A199,8,2,40.0,3,0.0,,0,,8
3,MCF7,6.0,A199,8,2,40.0,3,0.1,,0,,0
3,MCF7,6.0,A199,8,2,40.0,3,0.2,,1,,8
3,MCF7,6.0,A199,8,2,40.0,3,0.3,0.0814378559589386,836,0.08862738311290741,1242
3,MCF7,6.0,A199,8,2,40.0,3,0.4,0.08306935429573059,3134,0.09371218830347061,5321
3,MCF7,6.0,A199,8,2,40.0,3,0.5,0.0855836346745491,736,0.10494913160800934,2380
3,MCF7,6.0,A199,8,2,40.0,3,0.6,0.07544578611850739,9,0.1262035369873047,320
3,MCF7,6.0,A199,8,2,40.0,3,0.7,,0,0.13720403611660004,29
3,MCF7,6.0,A199,8,2,40.0,3,0.8,,0,,4
4,MCF7,6.0,A199,8,2,40.0,4,0.6,0.09813302010297775,45,0.11192476004362106,58
4,MCF7,6.0,A199,8,2,40.0,4,0.7,0.14021043479442596,3711,0.14594465494155884,4551
4,MCF7,6.0,A199,8,2,40.0,4,0.8,0.12859955430030823,2223,0.15070119500160217,4450
4,MCF7,6.0,A199,8,2,40.0,4,0.9,0.09524921327829361,165,0.1556055247783661,2763
4,MCF7,6.0,A199,8,2,40.0,4,1.0,,0,0.13968195021152496,2309
4,MCF7,6.0,A199,8,2,40.0,4,1.1,,0,0.13370196521282196,2738
4,MCF7,6.0,A199,8,2,40.0,4,1.2,,0,0.13577993214130402,2891
4,MCF7,6.0,A199,8,2,40.0,4,1.3,,0,0.14004363119602203,2652
4,MCF7,6.0,A199,8,2,40.0,4,1.4,,0,0.14471040666103363,1887
4,MCF7,6.0,A199,8,2,40.0,4,1.5,,0,0.15216808021068573,838
4,MCF7,6.0,A199,8,2,40.0,4,1.6,,0,0.15819841623306274,200
4,MCF7,6.0,A199,8,2,40.0,4,1.7,,0,0.16515089571475983,49
4,MCF7,6.0,A199,8,2,40.0,4,1.8,,0,,3
4,MCF7,6.0,A199,8,2,40.0,4,1.9,,0,,3
4,MCF7,6.0,A199,8,2,40.0,4,2.0,,0,,0
1,MCF7,6.0,A199,9,2,40.0,1,0.0,,0,0.0,225
1,MCF7,6.0,A199,9,2,40.0,1,0.1,,0,,0
1,MCF7,6.0,A199,9,2,40.0,1,0.2,,0,,0
1,MCF7,6.0,A199,9,2,40.0,1,0.3,,0,,0
1,MCF7,6.0,A199,9,2,40.0,1,0.4,,0,,2
1,MCF7,6.0,A199,9,2,40.0,1,0.5,0.11239476501941681,28,0.11834781616926193,161
1,MCF7,6.0,A199,9,2,40.0,1,0.6,0.12396525591611862,824,0.12157778441905975,1785
1,MCF7,6.0,A199,9,2,40.0,1,0.7,0.1367168128490448,2522,0.1332659125328064,4884
1,MCF7,6.0,A199,9,2,40.0,1,0.8,0.14656539261341095,1475,0.1411166936159134,3737
1,MCF7,6.0,A199,9,2,40.0,1,0.9,0.15354445576667786,240,0.14552128314971924,1293
1,MCF7,6.0,A199,9,2,40.0,1,1.0,0.14992907643318176,13,0.14496451616287231,444
1,MCF7,6.0,A199,9,2,40.0,1,1.1,,1,0.16151472926139832,156
1,MCF7,6.0,A199,9,2,40.0,1,1.2,,0,0.17855806648731232,81
1,MCF7,6.0,A199,9,2,40.0,1,1.3,,0,0.1858830600976944,39
1,MCF7,6.0,A199,9,2,40.0,1,1.4,,0,0.23069408535957336,10
1,MCF7,6.0,A199,9,2,40.0,1,1.5,,0,0.21582761406898499,10
1,MCF7,6.0,A199,9,2,40.0,1,1.6,,0,,2
1,MCF7,6.0,A199,9,2,40.0,1,1.7,,0,,0
1,MCF7,6.0,A199,9,2,40.0,1,1.8,,0,,2
1,MCF7,6.0,A199,9,2,40.0,1,1.9,,0,,1
2,MCF7,6.0,A199,9,2,40.0,2,0.0,,0,,7
2,MCF7,6.0,A199,9,2,40.0,2,0.1,,0,,0
2,MCF7,6.0,A199,9,2,40.0,2,0.2,,0,,0
2,MCF7,6.0,A199,9,2,40.0,2,0.3,,0,,0
2,MCF7,6.0,A199,9,2,40.0,2,0.4,,0,,0
2,MCF7,6.0,A199,9,2,40.0,2,0.5,,0,,0
2,MCF7,6.0,A199,9,2,40.0,2,0.6,,0,,0
2,MCF7,6.0,A199,9,2,40.0,2,0.7,,0,,1
2,MCF7,6.0,A199,9,2,40.0,2,0.8,,0,,0
2,MCF7,6.0,A199,9,2,40.0,2,0.9,,0,,2
2,MCF7,6.0,A199,9,2,40.0,2,1.0,,0,,8
2,MCF7,6.0,A199,9,2,40.0,2,1.1,,0,0.22937722504138947,40
2,MCF7,6.0,A199,9,2,40.0,2,1.2,,1,0.23813697695732117,127
2,MCF7,6.0,A199,9,2,40.0,2,1.3,0.2336655855178833,10,0.25017669796943665,321
2,MCF7,6.0,A199,9,2,40.0,2,1.4,0.26066651940345764,59,0.2531898617744446,741
2,MCF7,6.0,A199,9,2,40.0,2,1.5,0.25373178720474243,237,0.2628796100616455,1389
2,MCF7,6.0,A199,9,2,40.0,2,1.6,0.2650003135204315,597,0.27018457651138306,1964
2,MCF7,6.0,A199,9,2,40.0,2,1.7,0.27046024799346924,1241,0.2726600766181946,2538
2,MCF7,6.0,A199,9,2,40.0,2,1.8,0.2741346061229706,1212,0.27681732177734375,2169
2,MCF7,6.0,A199,9,2,40.0,2,1.9,0.2793155312538147,657,0.28302499651908875,1358
2,MCF7,6.0,A199,9,2,40.0,2,2.0,0.2806806266307831,204,0.28844308853149414,621
2,MCF7,6.0,A199,9,2,40.0,2,2.1,0.2895677089691162,49,0.2849583327770233,300
2,MCF7,6.0,A199,9,2,40.0,2,2.2,0.27862226963043213,8,0.2872300148010254,191
2,MCF7,6.0,A199,9,2,40.0,2,2.3,,1,0.2979414165019989,84
2,MCF7,6.0,A199,9,2,40.0,2,2.4,,0,0.3122498691082001,66
2,MCF7,6.0,A199,9,2,40.0,2,2.5,,0,0.3292875289916992,35
2,MCF7,6.0,A199,9,2,40.0,2,2.6,,0,0.3284313678741455,24
2,MCF7,6.0,A199,9,2,40.0,2,2.7,,0,0.3283986449241638,12
2,MCF7,6.0,A199,9,2,40.0,2,2.8,,0,0.3641233444213867,11
2,MCF7,6.0,A199,9,2,40.0,2,2.9,,0,,1
2,MCF7,6.0,A199,9,2,40.0,2,3.0,,0,,3
2,MCF7,6.0,A199,9,2,40.0,2,3.1,,0,,1
2,MCF7,6.0,A199,9,2,40.0,2,3.2,,0,,1
2,MCF7,6.0,A199,9,2,40.0,2,3.3,,0,,0
2,MCF7,6.0,A199,9,2,40.0,2,3.4,,0,,0
2,MCF7,6.0,A199,9,2,40.0,2,3.5,,0,,1
3,MCF7,6.0,A199,9,2,40.0,3,0.2,,0,,3
3,MCF7,6.0,A199,9,2,40.0,3,0.3,0.11080484092235565,5822,0.11363853514194489,13981
3,MCF7,6.0,A199,9,2,40.0,3,0.4,0.10753265768289566,1913,0.11617065221071243,12084
3,MCF7,6.0,A199,9,2,40.0,3,0.5,,0,0.13642020523548126,252
3,MCF7,6.0,A199,9,2,40.0,3,0.6,,0,,0
4,MCF7,6.0,A199,9,2,40.0,4,0.5,0.14174006879329681,1070,0.13786552846431732,1638
4,MCF7,6.0,A199,9,2,40.0,4,0.6,0.14009413123130798,3296,0.14170177280902863,9184
4,MCF7,6.0,A199,9,2,40.0,4,0.7,0.1415131837129593,7,0.15927579998970032,2145
4,MCF7,6.0,A199,9,2,40.0,4,0.8,,0,0.17235340178012848,182
4,MCF7,6.0,A199,9,2,40.0,4,0.9,,0,,3
4,MCF7,6.0,A199,9,2,40.0,4,1.0,,0,,0
5,MCF7,6.0,A199,9,2,40.0,5,0.6,,0,,6
5,MCF7,6.0,A199,9,2,40.0,5,0.7,,0,0.1351088434457779,387
5,MCF7,6.0,A199,9,2,40.0,5,0.8,0.15619541704654694,11,0.1495468020439148,2964
5,MCF7,6.0,A199,9,2,40.0,5,0.9,0.17736388742923737,793,0.16916538774967194,5979
5,MCF7,6.0,A199,9,2,40.0,5,1.0,0.17482708394527435,3274,0.17588455975055695,5282
5,MCF7,6.0,A199,9,2,40.0,5,1.1,0.16688348352909088,360,0.17008471488952637,524
5,MCF7,6.0,A199,9,2,40.0,5,1.2,,1,0.20293578505516052,10
6,MCF7,6.0,A199,9,2,40.0,6,0.6,,0,,1
6,MCF7,6.0,A199,9,2,40.0,6,0.7,0.13127917051315308,11,0.1403602510690689,58
6,MCF7,6.0,A199,9,2,40.0,6,0.8,0.1428411304950714,1066,0.14392422139644623,1845
6,MCF7,6.0,A199,9,2,40.0,6,0.9,0.14891140162944794,3488,0.15108217298984528,6385
6,MCF7,6.0,A199,9,2,40.0,6,1.0,0.1552308052778244,849,0.15944506227970123,3599
6,MCF7,6.0,A199,9,2,40.0,6,1.1,0.16777482628822327,38,0.17121927440166473,1292
6,MCF7,6.0,A199,9,2,40.0,6,1.2,,0,0.18049420416355133,409
6,MCF7,6.0,A199,9,2,40.0,6,1.3,,0,0.18676519393920898,105
6,MCF7,6.0,A199,9,2,40.0,6,1.4,,0,0.20731091499328613,28
6,MCF7,6.0,A199,9,2,40.0,6,1.5,,0,,5
6,MCF7,6.0,A199,9,2,40.0,6,1.6,,0,,1
7,MCF7,6.0,A199,9,2,40.0,7,0.5,,0,,2
7,MCF7,6.0,A199,9,2,40.0,7,0.6,0.18916326761245728,760,0.18209265172481537,2175
7,MCF7,6.0,A199,9,2,40.0,7,0.7,0.18095122277736664,3468,0.17810708284378052,10710
7,MCF7,6.0,A199,9,2,40.0,7,0.8,0.2058572620153427,13,0.18653738498687744,1057
7,MCF7,6.0,A199,9,2,40.0,7,0.9,,0,,8
8,MCF7,6.0,A199,9,2,40.0,8,0.4,0.1414152979850769,474,0.13933375477790833,636
8,MCF7,6.0,A199,9,2,40.0,8,0.5,0.17326702177524567,5383,0.16607308387756348,18208
8,MCF7,6.0,A199,9,2,40.0,8,0.6,0.18587419390678406,13,0.1700306534767151,9000
8,MCF7,6.0,A199,9,2,40.0,8,0.7,,0,0.17932765185832977,772
8,MCF7,6.0,A199,9,2,40.0,8,0.8,,0,,8
9,MCF7,6.0,A199,9,2,40.0,9,0.5,,0,,4
9,MCF7,6.0,A199,9,2,40.0,9,0.6,0.13517849147319794,566,0.1363588571548462,1008
9,MCF7,6.0,A199,9,2,40.0,9,0.7,0.14422518014907837,4058,0.14741331338882446,7082
9,MCF7,6.0,A199,9,2,40.0,9,0.8,0.14954693615436554,415,0.1609777957201004,1605
9,MCF7,6.0,A199,9,2,40.0,9,0.9,,0,0.1752375215291977,29
9,MCF7,6.0,A199,9,2,40.0,9,1.0,,0,,0
10,MCF7,6.0,A199,9,2,40.0,10,0.5,,2,,2
10,MCF7,6.0,A199,9,2,40.0,10,0.6,0.12760311365127563,998,0.12828752398490906,1096
10,MCF7,6.0,A199,9,2,40.0,10,0.7,0.13436204195022583,4917,0.13744328916072845,6419
10,MCF7,6.0,A199,9,2,40.0,10,0.8,0.14323443174362183,1054,0.15044696629047394,3321
10,MCF7,6.0,A199,9,2,40.0,10,0.9,0.15462614595890045,15,0.16766753792762756,1796
10,MCF7,6.0,A199,9,2,40.0,10,1.0,,0,0.1776517629623413,942
10,MCF7,6.0,A199,9,2,40.0,10,1.1,,0,0.18619124591350555,337
10,MCF7,6.0,A199,9,2,40.0,10,1.2,,0,0.18977221846580505,105
10,MCF7,6.0,A199,9,2,40.0,10,1.3,,0,0.1876964569091797,23
10,MCF7,6.0,A199,9,2,40.0,10,1.4,,0,,6
10,MCF7,6.0,A199,9,2,40.0,10,1.5,,0,,1
1,MCF7,6.0,control,0,3,0.0,1,0.1,0.040465909987688065,3044,0.040436483919620514,11349
1,MCF7,6.0,control,0,3,0.0,1,0.2,0.04564979672431946,2659,0.04520653188228607,9403
1,MCF7,6.0,control,0,3,0.0,1,0.3,,0,,0
2,MCF7,6.0,control,0,3,0.0,2,0.0,,0,0.0,4519
2,MCF7,6.0,control,0,3,0.0,2,0.1,0.024136895313858986,143,0.033758360892534256,602
2,MCF7,6.0,control,0,3,0.0,2,0.2,0.058317631483078,6419,0.05710308998823166,17703
2,MCF7,6.0,control,0,3,0.0,2,0.3,,2,0.07960405945777893,455
2,MCF7,6.0,control,0,3,0.0,2,0.4,,0,,1
3,MCF7,6.0,control,0,3,0.0,3,0.0,,0,0.0,2967
3,MCF7,6.0,control,0,3,0.0,3,0.1,,1,0.06332892179489136,176
3,MCF7,6.0,control,0,3,0.0,3,0.2,0.04311111569404602,7672,0.0491977334022522,20476
3,MCF7,6.0,control,0,3,0.0,3,0.3,0.05156346410512924,16,0.060411423444747925,1894
3,MCF7,6.0,control,0,3,0.0,3,0.4,,0,,7
3,MCF7,6.0,control,0,3,0.0,3,0.5,,0,,0
4,MCF7,6.0,control,0,3,0.0,4,0.0,,0,0.0,657
4,MCF7,6.0,control,0,3,0.0,4,0.1,0.02065139450132847,50,0.03195226192474365,467
4,MCF7,6.0,control,0,3,0.0,4,0.2,0.05280183255672455,4755,0.052084922790527344,11879
4,MCF7,6.0,control,0,3,0.0,4,0.3,,2,0.06438567489385605,165
4,MCF7,6.0,control,0,3,0.0,4,0.4,,0,,0
1,MCF7,6.0,control,10,3,0.0,1,0.0,,0,0.0,77
1,MCF7,6.0,control,10,3,0.0,1,0.1,,3,0.07771479338407516,126
1,MCF7,6.0,control,10,3,0.0,1,0.2,0.062253955751657486,738,0.07470642775297165,9706
1,MCF7,6.0,control,10,3,0.0,1,0.3,0.07868143171072006,6440,0.07894677668809891,14301
1,MCF7,6.0,control,10,3,0.0,1,0.4,0.0808761790394783,154,0.08507771044969559,317
1,MCF7,6.0,control,10,3,0.0,1,0.5,,0,,1
2,MCF7,6.0,control,10,3,0.0,2,0.1,0.04803413525223732,5632,0.05109007656574249,20309
2,MCF7,6.0,control,10,3,0.0,2,0.2,,0,0.06486665457487106,1019
2,MCF7,6.0,control,10,3,0.0,2,0.3,,0,,0
3,MCF7,6.0,control,10,3,0.0,3,0.0,,0,0.0,9026
3,MCF7,6.0,control,10,3,0.0,3,0.1,0.04723764955997467,17,0.10863923281431198,2217
3,MCF7,6.0,control,10,3,0.0,3,0.2,0.06308210641145706,17899,0.06971760094165802,41390
3,MCF7,6.0,control,10,3,0.0,3,0.3,0.07080331444740295,8198,0.07166551798582077,28819
3,MCF7,6.0,control,10,3,0.0,3,0.4,,0,0.08882822096347809,530
3,MCF7,6.0,control,10,3,0.0,3,0.5,,0,,2
1,MCF7,6.0,control,2,3,0.0,1,0.0,,1,,1
1,MCF7,6.0,control,2,3,0.0,1,0.1,0.06439972668886185,6755,0.07579248398542404,12579
1,MCF7,6.0,control,2,3,0.0,1,0.2,,1,0.10530544817447662,764
2,MCF7,6.0,control,2,3,0.0,2,0.2,,0,0.07563090324401855,3739
2,MCF7,6.0,control,2,3,0.0,2,0.3,0.09008844941854477,8517,0.08687292039394379,26559
2,MCF7,6.0,control,2,3,0.0,2,0.4,0.08932080119848251,4699,0.08942826837301254,5158
2,MCF7,6.0,control,2,3,0.0,2,0.5,,0,,0
3,MCF7,6.0,control,2,3,0.0,3,0.2,,3,0.07358304411172867,74
3,MCF7,6.0,control,2,3,0.0,3,0.3,0.08602049201726913,10406,0.08562890440225601,30873
3,MCF7,6.0,control,2,3,0.0,3,0.4,0.08923850953578949,28,0.1025431826710701,173
1,MCF7,6.0,control,3,3,0.0,1,0.0,,0,0.0,980
1,MCF7,6.0,control,3,3,0.0,1,0.1,,0,,0
1,MCF7,6.0,control,3,3,0.0,1,0.2,,0,,0
1,MCF7,6.0,control,3,3,0.0,1,0.3,0.07351897656917572,2262,0.07646279036998749,3248
1,MCF7,6.0,control,3,3,0.0,1,0.4,0.07711541652679443,9424,0.08371531218290329,24177
1,MCF7,6.0,control,3,3,0.0,1,0.5,0.07450578361749649,47,0.09564676135778427,12219
1,MCF7,6.0,control,3,3,0.0,1,0.6,,0,0.10873685032129288,1163
1,MCF7,6.0,control,3,3,0.0,1,0.7,,0,0.13848558068275452,36
1,MCF7,6.0,control,3,3,0.0,1,0.8,,0,,1
2,MCF7,6.0,control,3,3,0.0,2,0.0,,0,0.0,1527
2,MCF7,6.0,control,3,3,0.0,2,0.1,,0,,0
2,MCF7,6.0,control,3,3,0.0,2,0.2,0.06205499917268753,998,0.07143053412437439,1301
2,MCF7,6.0,control,3,3,0.0,2,0.3,0.06622640043497086,13689,0.08345339447259903,29559
2,MCF7,6.0,control,3,3,0.0,2,0.4,0.06109705939888954,121,0.11276022344827652,16223
2,MCF7,6.0,control,3,3,0.0,2,0.5,,0,0.13753877580165863,2766
2,MCF7,6.0,control,3,3,0.0,2,0.6,,0,0.1674049198627472,186
2,MCF7,6.0,control,3,3,0.0,2,0.7,,0,,6
1,MCF7,6.0,control,4,3,0.0,1,0.0,,0,0.0,38
1,MCF7,6.0,control,4,3,0.0,1,0.1,,0,,0
1,MCF7,6.0,control,4,3,0.0,1,0.2,,0,0.0539364367723465,525
1,MCF7,6.0,control,4,3,0.0,1,0.3,0.07304944097995758,21,0.05712876468896866,27905
1,MCF7,6.0,control,4,3,0.0,1,0.4,0.08820028603076935,7525,0.07715579867362976,15510
1,MCF7,6.0,control,4,3,0.0,1,0.5,0.09366504848003387,2766,0.09359642118215561,2774
1,MCF7,6.0,control,4,3,0.0,1,0.6,,0,,0
2,MCF7,6.0,control,4,3,0.0,2,0.2,0.05996102839708328,211,0.05843184143304825,16791
2,MCF7,6.0,control,4,3,0.0,2,0.3,0.08401913195848465,10872,0.07739031314849854,27022
2,MCF7,6.0,control,4,3,0.0,2,0.4,,3,0.075149767100811,11
1,MCF7,6.0,control,5,3,0.0,1,0.0,,0,9.884780592983589e-05,4330
1,MCF7,6.0,control,5,3,0.0,1,0.1,,4,0.12751692533493042,3057
1,MCF7,6.0,control,5,3,0.0,1,0.2,0.06270278990268707,8374,0.07503125816583633,24080
1,MCF7,6.0,control,5,3,0.0,1,0.3,0.06639467924833298,229,0.08051271736621857,2397
1,MCF7,6.0,control,5,3,0.0,1,0.4,,0,,8
1,MCF7,6.0,control,5,3,0.0,1,0.5,,0,,0
2,MCF7,6.0,control,5,3,0.0,2,0.0,,0,0.0,7686
2,MCF7,6.0,control,5,3,0.0,2,0.1,0.05131375044584274,105,0.0690886527299881,497
2,MCF7,6.0,control,5,3,0.0,2,0.2,0.053449202328920364,7160,0.06355486065149307,14865
2,MCF7,6.0,control,5,3,0.0,2,0.3,,3,0.09748440235853195,520
2,MCF7,6.0,control,5,3,0.0,2,0.4,,0,,0
1,MCF7,6.0,control,6,3,0.0,1,0.1,0.04627328738570213,8,0.05078187212347984,301
1,MCF7,6.0,control,6,3,0.0,1,0.2,0.06379406899213791,1520,0.057216089218854904,22758
1,MCF7,6.0,control,6,3,0.0,1,0.3,0.08985289186239243,12735,0.08088362216949463,22033
1,MCF7,6.0,control,6,3,0.0,1,0.4,0.0930209755897522,972,0.0898716077208519,1164
2,MCF7,6.0,control,6,3,0.0,2,0.1,0.06529184430837631,14214,0.05813959240913391,41526
2,MCF7,6.0,control,6,3,0.0,2,0.2,0.07489120215177536,126,0.05065804347395897,1914
2,MCF7,6.0,control,6,3,0.0,2,0.3,,0,,0
1,MCF7,6.0,control,7,3,0.0,1,0.0,,0,0.0,1858
1,MCF7,6.0,control,7,3,0.0,1,0.1,,0,,0
1,MCF7,6.0,control,7,3,0.0,1,0.2,0.06377847492694855,5297,0.06435519456863403,5545
1,MCF7,6.0,control,7,3,0.0,1,0.3,0.06653223186731339,10838,0.06840389221906662,23504
1,MCF7,6.0,control,7,3,0.0,1,0.4,0.06647155433893204,450,0.06959136575460434,18035
1,MCF7,6.0,control,7,3,0.0,1,0.5,0.061904750764369965,5,0.07074740529060364,8281
1,MCF7,6.0,control,7,3,0.0,1,0.6,,0,0.07700788229703903,1020
1,MCF7,6.0,control,7,3,0.0,1,0.7,,0,0.08799035102128983,59
1,MCF7,6.0,control,7,3,0.0,1,0.8,,0,,2
2,MCF7,6.0,control,7,3,0.0,2,0.0,,0,0.0,8198
2,MCF7,6.0,control,7,3,0.0,2,0.1,,0,,0
2,MCF7,6.0,control,7,3,0.0,2,0.2,,0,,0
2,MCF7,6.0,control,7,3,0.0,2,0.3,,0,0.05850820615887642,12
2,MCF7,6.0,control,7,3,0.0,2,0.4,0.07180139422416687,3160,0.071754589676857,3493
2,MCF7,6.0,control,7,3,0.0,2,0.5,0.07955241203308105,7902,0.07668896019458771,12095
2,MCF7,6.0,control,7,3,0.0,2,0.6,0.08312128484249115,545,0.07602812349796295,9813
2,MCF7,6.0,control,7,3,0.0,2,0.7,,0,0.07753606140613556,7503
2,MCF7,6.0,control,7,3,0.0,2,0.8,,0,0.07891912758350372,3999
2,MCF7,6.0,control,7,3,0.0,2,0.9,,0,0.08387766033411026,1326
2,MCF7,6.0,control,7,3,0.0,2,1.0,,0,0.09605756402015686,294
2,MCF7,6.0,control,7,3,0.0,2,1.1,,0,0.11750757694244385,44
2,MCF7,6.0,control,7,3,0.0,2,1.2,,0,,6
2,MCF7,6.0,control,7,3,0.0,2,1.3,,0,,1
1,MCF7,6.0,control,8,3,0.0,1,0.2,,3,0.11007630825042725,566
1,MCF7,6.0,control,8,3,0.0,1,0.3,0.09130758047103882,7960,0.09892594069242477,22216
1,MCF7,6.0,control,8,3,0.0,1,0.4,0.09328538924455643,156,0.0959070697426796,178
2,MCF7,6.0,control,8,3,0.0,2,0.0,,0,0.0,99
2,MCF7,6.0,control,8,3,0.0,2,0.1,,0,0.09814208745956421,42
2,MCF7,6.0,control,8,3,0.0,2,0.2,0.07775916159152985,1685,0.08778847754001617,20541
2,MCF7,6.0,control,8,3,0.0,2,0.3,0.08426348865032196,8911,0.0913756862282753,18216
2,MCF7,6.0,control,8,3,0.0,2,0.4,0.11628135293722153,9,0.1318414956331253,30
1,MCF7,6.0,control,9,3,0.0,1,0.0,,0,0.0,22
1,MCF7,6.0,control,9,3,0.0,1,0.1,,0,,0
1,MCF7,6.0,control,9,3,0.0,1,0.2,0.07078704982995987,7133,0.07273249328136444,8593
1,MCF7,6.0,control,9,3,0.0,1,0.3,0.05971752479672432,189,0.0735016018152237,13901
1,MCF7,6.0,control,9,3,0.0,1,0.4,,0,0.07757934182882309,13925
1,MCF7,6.0,control,9,3,0.0,1,0.5,,0,0.08641654998064041,790
1,MCF7,6.0,control,9,3,0.0,1,0.6,,0,,1
2,MCF7,6.0,control,9,3,0.0,2,0.3,,0,0.09005162119865417,20
2,MCF7,6.0,control,9,3,0.0,2,0.4,0.08810047805309296,22,0.0820096954703331,3022
2,MCF7,6.0,control,9,3,0.0,2,0.5,0.08812925964593887,7503,0.08724063634872437,20805
2,MCF7,6.0,control,9,3,0.0,2,0.6,0.08919110894203186,6,0.0913628339767456,1404
2,MCF7,6.0,control,9,3,0.0,2,0.7,,0,0.09729044884443283,13
2,MCF7,6.0,control,9,3,0.0,2,0.8,,0,,0
