ObjectNumber,Metadata_cell,Metadata_hour,Metadata_treatment,Metadata_site,Metadata_dish,Metadata_concentration,ObjectNumber,Rc,Region_Ed,Region_pixels_sum,Cell_Ed,Cell_pixels_sum
1,MCF7,2.0,A199,0,1,90.0,1,0.5,,0,0.11932102590799332,14
1,MCF7,2.0,A199,0,1,90.0,1,0.55,,2,0.11551360785961151,215
1,MCF7,2.0,A199,0,1,90.0,1,0.6,0.128175750374794,136,0.12154741585254669,1736
1,MCF7,2.0,A199,0,1,90.0,1,0.65,0.13274335861206055,1648,0.12619419395923615,6370
1,MCF7,2.0,A199,0,1,90.0,1,0.7,0.13356198370456696,3844,0.1265672892332077,9243
1,MCF7,2.0,A199,0,1,90.0,1,0.75,0.13447660207748413,2629,0.12754404544830322,5793
1,MCF7,2.0,A199,0,1,90.0,1,0.8,0.1386488676071167,315,0.12890560925006866,1076
1,MCF7,2.0,A199,0,1,90.0,1,0.85,,3,0.12806172668933868,105
1,MCF7,2.0,A199,0,1,90.0,1,0.9,,0,,8
2,MCF7,2.0,A199,0,1,90.0,2,0.06,0.02357831969857216,894,0.023442467674613,945
2,MCF7,2.0,A199,0,1,90.0,2,0.11,0.02864944189786911,4568,0.029347822070121765,9560
2,MCF7,2.0,A199,0,1,90.0,2,0.16,0.023557255044579506,40,0.037316471338272095,5146
2,MCF7,2.0,A199,0,1,90.0,2,0.21,,1,0.044946424663066864,979
2,MCF7,2.0,A199,0,1,90.0,2,0.26,,0,0.04888804629445076,42
3,MCF7,2.0,A199,0,1,90.0,3,0.07,,2,0.013185768388211727,1202
3,MCF7,2.0,A199,0,1,90.0,3,0.12,0.018004348501563072,417,0.0193493589758873,2538
3,MCF7,2.0,A199,0,1,90.0,3,0.17,0.03866387531161308,2412,0.04152730479836464,3825
3,MCF7,2.0,A199,0,1,90.0,3,0.22,0.0468035526573658,414,0.05677767097949982,827
3,MCF7,2.0,A199,0,1,90.0,3,0.27,0.05030588433146477,82,0.05460488051176071,134
3,MCF7,2.0,A199,0,1,90.0,3,0.32,0.055687446147203445,41,0.05780734866857529,60
3,MCF7,2.0,A199,0,1,90.0,3,0.37,0.06553397327661514,25,0.06592608243227005,30
3,MCF7,2.0,A199,0,1,90.0,3,0.42,0.06453295052051544,15,0.06425495445728302,16
3,MCF7,2.0,A199,0,1,90.0,3,0.47,0.07096295803785324,8,,8
4,MCF7,2.0,A199,0,1,90.0,4,0.08,0.021847864612936974,13,0.03125714138150215,262
4,MCF7,2.0,A199,0,1,90.0,4,0.13,0.02697904407978058,1566,0.029268456622958183,7416
4,MCF7,2.0,A199,0,1,90.0,4,0.18,0.03137797489762306,4729,0.03353022038936615,8750
4,MCF7,2.0,A199,0,1,90.0,4,0.23,0.03418680280447006,2052,0.034338634461164474,2116
4,MCF7,2.0,A199,0,1,90.0,4,0.28,0.03708644211292267,372,0.03708644211292267,372
4,MCF7,2.0,A199,0,1,90.0,4,0.33,0.040500711649656296,12,0.040500711649656296,12
5,MCF7,2.0,A199,0,1,90.0,5,0.12,0.01579539105296135,340,0.015564502216875553,346
5,MCF7,2.0,A199,0,1,90.0,5,0.17,0.031938109546899796,1907,0.033839982002973557,2899
5,MCF7,2.0,A199,0,1,90.0,5,0.22,0.04978957027196884,1201,0.04392988979816437,4336
5,MCF7,2.0,A199,0,1,90.0,5,0.27,0.0529484823346138,491,0.041611284017562866,4121
5,MCF7,2.0,A199,0,1,90.0,5,0.32,0.04319430887699127,99,0.04486105591058731,2215
5,MCF7,2.0,A199,0,1,90.0,5,0.37,,4,0.050286151468753815,1073
5,MCF7,2.0,A199,0,1,90.0,5,0.42,,0,0.0582834891974926,414
5,MCF7,2.0,A199,0,1,90.0,5,0.47,,0,0.06646383553743362,91
5,MCF7,2.0,A199,0,1,90.0,5,0.52,,0,,9
6,MCF7,2.0,A199,0,1,90.0,6,0.09,0.025810429826378822,545,0.027577320113778114,712
6,MCF7,2.0,A199,0,1,90.0,6,0.14,0.02815513126552105,5170,0.03082757070660591,11454
6,MCF7,2.0,A199,0,1,90.0,6,0.19,0.03039594553411007,183,0.034355439245700836,598
6,MCF7,2.0,A199,0,1,90.0,6,0.24,0.01634836569428444,7,0.02819008007645607,19
1,MCF7,2.0,A199,1,1,90.0,1,0.19,,0,0.07323139905929565,37
1,MCF7,2.0,A199,1,1,90.0,1,0.24,0.08292873948812485,46,0.07687220722436905,2584
1,MCF7,2.0,A199,1,1,90.0,1,0.29,0.08764393627643585,350,0.08058007061481476,3551
1,MCF7,2.0,A199,1,1,90.0,1,0.34,0.09538059681653976,270,0.08289529383182526,1604
1,MCF7,2.0,A199,1,1,90.0,1,0.39,0.10871387273073196,208,0.08853171765804291,1180
1,MCF7,2.0,A199,1,1,90.0,1,0.44,0.11496155709028244,243,0.10188077390193939,924
1,MCF7,2.0,A199,1,1,90.0,1,0.49,0.1244940310716629,289,0.10374178737401962,1129
1,MCF7,2.0,A199,1,1,90.0,1,0.54,0.13301174342632294,303,0.10800359398126602,1175
1,MCF7,2.0,A199,1,1,90.0,1,0.59,0.1359194815158844,359,0.12011178582906723,734
1,MCF7,2.0,A199,1,1,90.0,1,0.64,0.1321306824684143,347,0.12677346169948578,482
1,MCF7,2.0,A199,1,1,90.0,1,0.69,0.13244523108005524,238,0.13207708299160004,265
1,MCF7,2.0,A199,1,1,90.0,1,0.74,0.1369011253118515,178,0.1372441202402115,196
1,MCF7,2.0,A199,1,1,90.0,1,0.79,0.1413716971874237,107,0.14236539602279663,115
1,MCF7,2.0,A199,1,1,90.0,1,0.84,0.14041639864444733,56,0.14395225048065186,61
1,MCF7,2.0,A199,1,1,90.0,1,0.89,0.14140039682388306,32,0.14389613270759583,39
1,MCF7,2.0,A199,1,1,90.0,1,0.94,0.14344078302383423,19,0.1417502760887146,25
1,MCF7,2.0,A199,1,1,90.0,1,0.99,0.16449952125549316,10,0.16912811994552612,15
1,MCF7,2.0,A199,1,1,90.0,1,1.04,0.1431235522031784,10,0.16052944958209991,11
1,MCF7,2.0,A199,1,1,90.0,1,1.14,0.15698084235191345,8,,9
1,MCF7,2.0,A199,1,1,90.0,1,1.19,,3,,6
2,MCF7,2.0,A199,1,1,90.0,2,0.25,,0,,9
2,MCF7,2.0,A199,1,1,90.0,2,0.3,,0,0.0783243253827095,491
2,MCF7,2.0,A199,1,1,90.0,2,0.35,,2,0.08017424494028091,3139
2,MCF7,2.0,A199,1,1,90.0,2,0.4,0.08200930804014206,104,0.0831986516714096,5682
2,MCF7,2.0,A199,1,1,90.0,2,0.45,0.08157764375209808,655,0.08656565099954605,5469
2,MCF7,2.0,A199,1,1,90.0,2,0.5,0.08451732248067856,1789,0.08841796219348907,5145
2,MCF7,2.0,A199,1,1,90.0,2,0.55,0.0880548357963562,1696,0.09073253720998764,3044
2,MCF7,2.0,A199,1,1,90.0,2,0.6,0.0907459706068039,435,0.09200305491685867,783
2,MCF7,2.0,A199,1,1,90.0,2,0.65,0.09941593557596207,45,0.0978340208530426,144
2,MCF7,2.0,A199,1,1,90.0,2,0.7,0.07965894788503647,6,0.0922064259648323,39
2,MCF7,2.0,A199,1,1,90.0,2,0.75,,1,,6
3,MCF7,2.0,A199,1,1,90.0,3,0.18,,0,0.07565657794475555,21
3,MCF7,2.0,A199,1,1,90.0,3,0.23,,3,0.07922609150409698,383
3,MCF7,2.0,A199,1,1,90.0,3,0.28,0.059485770761966705,35,0.0783567726612091,1420
3,MCF7,2.0,A199,1,1,90.0,3,0.33,0.07659896463155746,257,0.07858532667160034,1508
3,MCF7,2.0,A199,1,1,90.0,3,0.38,0.08385246992111206,447,0.07431714236736298,1488
3,MCF7,2.0,A199,1,1,90.0,3,0.43,0.08645815402269363,932,0.07672451436519623,1541
3,MCF7,2.0,A199,1,1,90.0,3,0.48,0.08970952033996582,1028,0.08507760614156723,1289
3,MCF7,2.0,A199,1,1,90.0,3,0.53,0.09247275441884995,690,0.08945604413747787,789
3,MCF7,2.0,A199,1,1,90.0,3,0.58,0.09325423836708069,341,0.08934154361486435,418
3,MCF7,2.0,A199,1,1,90.0,3,0.63,0.09542062133550644,197,0.09135948121547699,235
3,MCF7,2.0,A199,1,1,90.0,3,0.68,0.09538408368825912,127,0.09388779103755951,145
3,MCF7,2.0,A199,1,1,90.0,3,0.73,0.09653371572494507,64,0.09376296401023865,71
3,MCF7,2.0,A199,1,1,90.0,3,0.78,0.10205297917127609,14,0.09941094368696213,15
3,MCF7,2.0,A199,1,1,90.0,3,0.83,0.10217264294624329,19,0.09566555917263031,23
3,MCF7,2.0,A199,1,1,90.0,3,0.88,,4,,6
4,MCF7,2.0,A199,1,1,90.0,4,0.12,0.052938368171453476,1937,0.054256290197372437,2994
4,MCF7,2.0,A199,1,1,90.0,4,0.17,0.0572083443403244,2561,0.0586099810898304,12188
4,MCF7,2.0,A199,1,1,90.0,4,0.22,0.06270450353622437,36,0.06400921195745468,776
4,MCF7,2.0,A199,1,1,90.0,4,0.27,0.06418468058109283,6,0.06733530014753342,10
5,MCF7,2.0,A199,1,1,90.0,5,0.12,,3,0.060759641230106354,131
5,MCF7,2.0,A199,1,1,90.0,5,0.17,0.054753296077251434,831,0.05611462891101837,2117
5,MCF7,2.0,A199,1,1,90.0,5,0.22,0.06095539778470993,2290,0.05772179737687111,4626
5,MCF7,2.0,A199,1,1,90.0,5,0.27,0.07579542696475983,1937,0.07846063375473022,3956
5,MCF7,2.0,A199,1,1,90.0,5,0.32,0.08373776078224182,711,0.09293773770332336,2387
5,MCF7,2.0,A199,1,1,90.0,5,0.37,0.08873306214809418,367,0.09317941218614578,567
5,MCF7,2.0,A199,1,1,90.0,5,0.42,0.08894310891628265,179,0.08924925327301025,191
5,MCF7,2.0,A199,1,1,90.0,5,0.47,0.08163336664438248,39,0.08163336664438248,39
5,MCF7,2.0,A199,1,1,90.0,5,0.52,0.08287321031093597,10,0.08287321031093597,10
5,MCF7,2.0,A199,1,1,90.0,5,0.57,0.08495917171239853,6,,6
6,MCF7,2.0,A199,1,1,90.0,6,0.08,,0,0.03167792037129402,310
6,MCF7,2.0,A199,1,1,90.0,6,0.13,0.041924867779016495,636,0.045485176146030426,7201
6,MCF7,2.0,A199,1,1,90.0,6,0.18,0.05035262182354927,1932,0.05056658014655113,6855
6,MCF7,2.0,A199,1,1,90.0,6,0.23,0.05899839848279953,1294,0.060033101588487625,1391
6,MCF7,2.0,A199,1,1,90.0,6,0.28,0.06210654228925705,721,0.062314361333847046,726
6,MCF7,2.0,A199,1,1,90.0,6,0.33,0.06464561074972153,374,0.06464561074972153,374
6,MCF7,2.0,A199,1,1,90.0,6,0.38,0.06185312196612358,83,0.06185312196612358,83
6,MCF7,2.0,A199,1,1,90.0,6,0.43,0.058137327432632446,35,0.058137327432632446,35
6,MCF7,2.0,A199,1,1,90.0,6,0.48,0.055949531495571136,10,0.055949531495571136,10
6,MCF7,2.0,A199,1,1,90.0,6,0.53,0.0609285943210125,6,,6
7,MCF7,2.0,A199,1,1,90.0,7,0.29,,0,,9
7,MCF7,2.0,A199,1,1,90.0,7,0.34,,0,0.0529167577624321,396
7,MCF7,2.0,A199,1,1,90.0,7,0.39,0.06856916844844818,17,0.06441621482372284,1052
7,MCF7,2.0,A199,1,1,90.0,7,0.44,0.07096932828426361,239,0.08603367209434509,1504
7,MCF7,2.0,A199,1,1,90.0,7,0.49,0.0979904979467392,533,0.1034209355711937,2042
7,MCF7,2.0,A199,1,1,90.0,7,0.54,0.11376474052667618,631,0.11891350150108337,1713
7,MCF7,2.0,A199,1,1,90.0,7,0.59,0.11271930485963821,374,0.12301714718341827,1591
7,MCF7,2.0,A199,1,1,90.0,7,0.64,0.1159682646393776,479,0.12167937308549881,1184
7,MCF7,2.0,A199,1,1,90.0,7,0.69,0.12579528987407684,647,0.1255510002374649,892
7,MCF7,2.0,A199,1,1,90.0,7,0.74,0.1331442892551422,462,0.13392607867717743,549
7,MCF7,2.0,A199,1,1,90.0,7,0.79,0.14489153027534485,195,0.14558552205562592,228
7,MCF7,2.0,A199,1,1,90.0,7,0.84,0.14178594946861267,44,0.1442214399576187,53
7,MCF7,2.0,A199,1,1,90.0,7,0.89,0.1496211141347885,12,0.1496211141347885,12
7,MCF7,2.0,A199,1,1,90.0,7,0.94,0.13613586127758026,6,,6
1,MCF7,2.0,A199,10,1,90.0,1,0.24,,0,0.11046810448169708,30
1,MCF7,2.0,A199,10,1,90.0,1,0.29,0.10260496288537979,10,0.11119061708450317,798
1,MCF7,2.0,A199,10,1,90.0,1,0.34,0.11215368658304214,101,0.11474631726741791,1896
1,MCF7,2.0,A199,10,1,90.0,1,0.39,0.11705578863620758,406,0.11833227425813675,2042
1,MCF7,2.0,A199,10,1,90.0,1,0.44,0.12309924513101578,831,0.12230835109949112,1771
1,MCF7,2.0,A199,10,1,90.0,1,0.49,0.1304834634065628,1032,0.12901437282562256,1619
1,MCF7,2.0,A199,10,1,90.0,1,0.54,0.14009858667850494,894,0.13227535784244537,1935
1,MCF7,2.0,A199,10,1,90.0,1,0.59,0.14860157668590546,629,0.13333356380462646,1985
1,MCF7,2.0,A199,10,1,90.0,1,0.64,0.14964893460273743,586,0.13441511988639832,1784
1,MCF7,2.0,A199,10,1,90.0,1,0.69,0.15832775831222534,601,0.1438235342502594,1164
1,MCF7,2.0,A199,10,1,90.0,1,0.74,0.16355308890342712,395,0.15314988791942596,552
1,MCF7,2.0,A199,10,1,90.0,1,0.79,0.17437730729579926,267,0.17063811421394348,290
1,MCF7,2.0,A199,10,1,90.0,1,0.84,0.18330305814743042,152,0.18301929533481598,153
1,MCF7,2.0,A199,10,1,90.0,1,0.89,0.17972132563591003,59,0.17972132563591003,59
1,MCF7,2.0,A199,10,1,90.0,1,0.94,0.1878577172756195,22,0.1878577172756195,22
1,MCF7,2.0,A199,10,1,90.0,1,0.99,0.19911374151706696,7,,7
2,MCF7,2.0,A199,10,1,90.0,2,0.7,,0,0.1696995347738266,27
2,MCF7,2.0,A199,10,1,90.0,2,0.75,,0,0.17696669697761536,82
2,MCF7,2.0,A199,10,1,90.0,2,0.8,,1,0.18379005789756775,106
2,MCF7,2.0,A199,10,1,90.0,2,0.85,,2,0.19351491332054138,129
2,MCF7,2.0,A199,10,1,90.0,2,0.9,0.1827649623155594,5,0.19803060591220856,118
2,MCF7,2.0,A199,10,1,90.0,2,0.95,0.18296372890472412,18,0.1956857591867447,107
2,MCF7,2.0,A199,10,1,90.0,2,1.0,0.19119790196418762,27,0.19965672492980957,121
2,MCF7,2.0,A199,10,1,90.0,2,1.05,0.1950852870941162,38,0.19412963092327118,147
2,MCF7,2.0,A199,10,1,90.0,2,1.1,0.20060138404369354,49,0.19201460480690002,164
2,MCF7,2.0,A199,10,1,90.0,2,1.15,0.2049645036458969,45,0.1915103644132614,195
2,MCF7,2.0,A199,10,1,90.0,2,1.2,0.20605003833770752,85,0.19222424924373627,288
2,MCF7,2.0,A199,10,1,90.0,2,1.25,0.21424908936023712,100,0.1952735334634781,276
2,MCF7,2.0,A199,10,1,90.0,2,1.3,0.2129245400428772,115,0.183618426322937,312
2,MCF7,2.0,A199,10,1,90.0,2,1.35,0.21527211368083954,112,0.1773897111415863,366
2,MCF7,2.0,A199,10,1,90.0,2,1.4,0.21222539246082306,106,0.17683608829975128,361
2,MCF7,2.0,A199,10,1,90.0,2,1.45,0.2075771987438202,112,0.183970645070076,387
2,MCF7,2.0,A199,10,1,90.0,2,1.5,0.20858533680438995,178,0.18970994651317596,426
2,MCF7,2.0,A199,10,1,90.0,2,1.55,0.21024776995182037,176,0.1943785399198532,390
2,MCF7,2.0,A199,10,1,90.0,2,1.6,0.21279418468475342,156,0.1990537792444229,324
2,MCF7,2.0,A199,10,1,90.0,2,1.65,0.2160598188638687,180,0.20335747301578522,305
2,MCF7,2.0,A199,10,1,90.0,2,1.7,0.23277655243873596,186,0.21806661784648895,267
2,MCF7,2.0,A199,10,1,90.0,2,1.75,0.240031898021698,193,0.22710861265659332,263
2,MCF7,2.0,A199,10,1,90.0,2,1.8,0.23393747210502625,183,0.22679416835308075,215
2,MCF7,2.0,A199,10,1,90.0,2,1.85,0.2382979691028595,193,0.227735698223114,230
2,MCF7,2.0,A199,10,1,90.0,2,1.9,0.24587197601795197,192,0.2344663292169571,232
2,MCF7,2.0,A199,10,1,90.0,2,1.95,0.2529640197753906,224,0.2446376085281372,256
2,MCF7,2.0,A199,10,1,90.0,2,2.0,0.248215451836586,218,0.24216614663600922,242
2,MCF7,2.0,A199,10,1,90.0,2,2.05,0.251631498336792,213,0.24570026993751526,233
2,MCF7,2.0,A199,10,1,90.0,2,2.1,0.25328654050827026,228,0.24498160183429718,254
2,MCF7,2.0,A199,10,1,90.0,2,2.15,0.25634393095970154,252,0.2522035539150238,268
2,MCF7,2.0,A199,10,1,90.0,2,2.2,0.252413809299469,173,0.24649177491664886,189
2,MCF7,2.0,A199,10,1,90.0,2,2.25,0.25711190700531006,170,0.2519145905971527,183
2,MCF7,2.0,A199,10,1,90.0,2,2.3,0.25936615467071533,108,0.2551199793815613,114
2,MCF7,2.0,A199,10,1,90.0,2,2.35,0.25553855299949646,87,0.25158554315567017,93
2,MCF7,2.0,A199,10,1,90.0,2,2.4,0.25317373871803284,71,0.24996094405651093,74
2,MCF7,2.0,A199,10,1,90.0,2,2.45,0.24750949442386627,57,0.24533438682556152,59
2,MCF7,2.0,A199,10,1,90.0,2,2.5,0.25677648186683655,48,0.25677648186683655,48
2,MCF7,2.0,A199,10,1,90.0,2,2.55,0.250408798456192,21,0.250408798456192,21
2,MCF7,2.0,A199,10,1,90.0,2,2.6,0.25248900055885315,20,0.25248900055885315,20
2,MCF7,2.0,A199,10,1,90.0,2,2.65,0.25184178352355957,16,0.25184178352355957,16
2,MCF7,2.0,A199,10,1,90.0,2,2.7,0.23912321031093597,12,0.23912321031093597,12
2,MCF7,2.0,A199,10,1,90.0,2,2.75,0.23235419392585754,10,0.23235419392585754,10
2,MCF7,2.0,A199,10,1,90.0,2,2.8,0.2636778950691223,10,0.2636778950691223,10
1,MCF7,2.0,A199,11,1,90.0,1,0.11,,0,0.042645491659641266,105
1,MCF7,2.0,A199,11,1,90.0,1,0.16,0.0570051409304142,812,0.054453324526548386,3018
1,MCF7,2.0,A199,11,1,90.0,1,0.21,0.06263477355241776,1578,0.056161705404520035,5562
1,MCF7,2.0,A199,11,1,90.0,1,0.26,0.06689319759607315,1204,0.06029782071709633,2378
1,MCF7,2.0,A199,11,1,90.0,1,0.31,0.06618701666593552,1249,0.06540942192077637,1288
1,MCF7,2.0,A199,11,1,90.0,1,0.36,0.0660720095038414,190,0.06586521118879318,191
1,MCF7,2.0,A199,11,1,90.0,1,0.41,0.05184945836663246,17,0.05184945836663246,17
2,MCF7,2.0,A199,11,1,90.0,2,0.13,0.03956425189971924,64,0.03961579129099846,65
2,MCF7,2.0,A199,11,1,90.0,2,0.18,0.06452274322509766,562,0.066642627120018,1029
2,MCF7,2.0,A199,11,1,90.0,2,0.23,0.07048045098781586,751,0.07285166531801224,2654
2,MCF7,2.0,A199,11,1,90.0,2,0.28,0.07673820108175278,479,0.0718933567404747,2946
2,MCF7,2.0,A199,11,1,90.0,2,0.33,0.08051992952823639,564,0.0824974924325943,2657
2,MCF7,2.0,A199,11,1,90.0,2,0.38,0.08812502771615982,548,0.10020864009857178,1930
2,MCF7,2.0,A199,11,1,90.0,2,0.43,0.0971454307436943,733,0.1071329340338707,1691
2,MCF7,2.0,A199,11,1,90.0,2,0.48,0.10509541630744934,1045,0.10961330682039261,1475
2,MCF7,2.0,A199,11,1,90.0,2,0.53,0.11178494244813919,724,0.11359592527151108,833
2,MCF7,2.0,A199,11,1,90.0,2,0.58,0.1238008514046669,304,0.12371747195720673,308
2,MCF7,2.0,A199,11,1,90.0,2,0.63,0.12906095385551453,67,0.12906095385551453,67
2,MCF7,2.0,A199,11,1,90.0,2,0.68,0.11448267102241516,22,0.11448267102241516,22
2,MCF7,2.0,A199,11,1,90.0,2,0.73,0.10665158182382584,10,0.10665158182382584,10
2,MCF7,2.0,A199,11,1,90.0,2,0.78,0.10160202533006668,7,,7
3,MCF7,2.0,A199,11,1,90.0,3,0.25,,1,0.06949034333229065,18
3,MCF7,2.0,A199,11,1,90.0,3,0.3,0.07212475687265396,22,0.07442626357078552,282
3,MCF7,2.0,A199,11,1,90.0,3,0.35,0.07518944144248962,116,0.07825896888971329,453
3,MCF7,2.0,A199,11,1,90.0,3,0.4,0.07702454179525375,161,0.08263440430164337,497
3,MCF7,2.0,A199,11,1,90.0,3,0.45,0.08304022997617722,104,0.08610381931066513,540
3,MCF7,2.0,A199,11,1,90.0,3,0.5,0.089867003262043,88,0.08444995433092117,818
3,MCF7,2.0,A199,11,1,90.0,3,0.55,0.08221500366926193,190,0.08443184942007065,1050
3,MCF7,2.0,A199,11,1,90.0,3,0.6,0.0830376148223877,277,0.08058863878250122,1068
3,MCF7,2.0,A199,11,1,90.0,3,0.65,0.09237252175807953,285,0.08591905236244202,752
3,MCF7,2.0,A199,11,1,90.0,3,0.7,0.09632322937250137,255,0.09234438836574554,434
3,MCF7,2.0,A199,11,1,90.0,3,0.75,0.09910119324922562,274,0.09884313493967056,333
3,MCF7,2.0,A199,11,1,90.0,3,0.8,0.10104458034038544,241,0.10084740072488785,281
3,MCF7,2.0,A199,11,1,90.0,3,0.85,0.10373843461275101,205,0.10377859324216843,224
3,MCF7,2.0,A199,11,1,90.0,3,0.9,0.1057422012090683,180,0.10554283857345581,192
3,MCF7,2.0,A199,11,1,90.0,3,0.95,0.10972165316343307,186,0.10933463275432587,191
3,MCF7,2.0,A199,11,1,90.0,3,1.0,0.10947374999523163,176,0.10948879271745682,177
3,MCF7,2.0,A199,11,1,90.0,3,1.05,0.117086261510849,121,0.11689729988574982,122
3,MCF7,2.0,A199,11,1,90.0,3,1.1,0.12263081222772598,100,0.12263081222772598,100
3,MCF7,2.0,A199,11,1,90.0,3,1.15,0.12287241965532303,73,0.12287241965532303,73
3,MCF7,2.0,A199,11,1,90.0,3,1.2,0.12596020102500916,61,0.12596020102500916,61
3,MCF7,2.0,A199,11,1,90.0,3,1.25,0.12797296047210693,57,0.12797296047210693,57
3,MCF7,2.0,A199,11,1,90.0,3,1.3,0.116783007979393,32,0.116783007979393,32
3,MCF7,2.0,A199,11,1,90.0,3,1.35,0.12444446980953217,30,0.12444446980953217,30
3,MCF7,2.0,A199,11,1,90.0,3,1.4,0.12926670908927917,23,0.12926670908927917,23
3,MCF7,2.0,A199,11,1,90.0,3,1.45,0.13129965960979462,24,0.13129965960979462,24
3,MCF7,2.0,A199,11,1,90.0,3,1.5,0.13262265920639038,15,0.13262265920639038,15
3,MCF7,2.0,A199,11,1,90.0,3,1.55,0.1376716047525406,13,0.1376716047525406,13
3,MCF7,2.0,A199,11,1,90.0,3,1.6,0.1427125632762909,10,0.1427125632762909,10
3,MCF7,2.0,A199,11,1,90.0,3,1.65,0.1337212324142456,7,,7
4,MCF7,2.0,A199,11,1,90.0,4,0.07,0.04850548878312111,9,0.05526741221547127,199
4,MCF7,2.0,A199,11,1,90.0,4,0.12,0.05180155113339424,348,0.059323880821466446,3732
4,MCF7,2.0,A199,11,1,90.0,4,0.17,0.06002049148082733,612,0.057534340769052505,2571
4,MCF7,2.0,A199,11,1,90.0,4,0.22,0.054480694234371185,322,0.045694105327129364,1147
4,MCF7,2.0,A199,11,1,90.0,4,0.27,0.060528647154569626,212,0.04864300787448883,595
4,MCF7,2.0,A199,11,1,90.0,4,0.32,0.06431909650564194,196,0.06064704433083534,248
4,MCF7,2.0,A199,11,1,90.0,4,0.37,0.06612025201320648,159,0.06584426760673523,164
4,MCF7,2.0,A199,11,1,90.0,4,0.42,0.07186868041753769,219,0.07186868041753769,219
4,MCF7,2.0,A199,11,1,90.0,4,0.47,0.0730094388127327,227,0.0730094388127327,227
4,MCF7,2.0,A199,11,1,90.0,4,0.52,0.07738536596298218,300,0.07738536596298218,300
4,MCF7,2.0,A199,11,1,90.0,4,0.57,0.07679716497659683,233,0.07679716497659683,233
4,MCF7,2.0,A199,11,1,90.0,4,0.62,0.07520139962434769,102,0.07520139962434769,102
4,MCF7,2.0,A199,11,1,90.0,4,0.67,0.06501620262861252,30,0.06501620262861252,30
4,MCF7,2.0,A199,11,1,90.0,4,0.72,0.06229501962661743,16,0.06229501962661743,16
4,MCF7,2.0,A199,11,1,90.0,4,0.77,0.0554627999663353,8,,8
1,MCF7,2.0,A199,12,1,90.0,1,0.0,0.04479316622018814,16,0.03968673199415207,191
1,MCF7,2.0,A199,12,1,90.0,1,0.05,0.060002703219652176,1973,0.0632425844669342,11403
1,MCF7,2.0,A199,12,1,90.0,1,0.1,0.06709127873182297,3683,0.06850524246692657,8592
1,MCF7,2.0,A199,12,1,90.0,1,0.15,0.060653481632471085,88,0.06850021332502365,150
2,MCF7,2.0,A199,12,1,90.0,2,0.0,,0,0.0,63
2,MCF7,2.0,A199,12,1,90.0,2,0.25,0.04237111285328865,6,0.066063791513443,38
2,MCF7,2.0,A199,12,1,90.0,2,0.3,0.05346367880702019,41,0.059834059327840805,165
2,MCF7,2.0,A199,12,1,90.0,2,0.35,0.07382632046937943,120,0.06920284032821655,386
2,MCF7,2.0,A199,12,1,90.0,2,0.4,0.08198926597833633,343,0.08039083331823349,727
2,MCF7,2.0,A199,12,1,90.0,2,0.45,0.08339713513851166,532,0.09018773585557938,1082
2,MCF7,2.0,A199,12,1,90.0,2,0.5,0.08953990787267685,682,0.09730741381645203,1318
2,MCF7,2.0,A199,12,1,90.0,2,0.55,0.09457485377788544,679,0.10049885511398315,1365
2,MCF7,2.0,A199,12,1,90.0,2,0.6,0.0971793681383133,532,0.10599453747272491,1132
2,MCF7,2.0,A199,12,1,90.0,2,0.65,0.10225042700767517,345,0.11134307831525803,840
2,MCF7,2.0,A199,12,1,90.0,2,0.7,0.10804014652967453,273,0.11628683656454086,677
2,MCF7,2.0,A199,12,1,90.0,2,0.75,0.11381848156452179,179,0.12246640026569366,474
2,MCF7,2.0,A199,12,1,90.0,2,0.8,0.12337086349725723,116,0.12697388231754303,324
2,MCF7,2.0,A199,12,1,90.0,2,0.85,0.12600423395633698,75,0.12963096797466278,193
2,MCF7,2.0,A199,12,1,90.0,2,0.9,0.13511282205581665,58,0.14332516491413116,143
2,MCF7,2.0,A199,12,1,90.0,2,0.95,0.12528201937675476,44,0.13940873742103577,97
2,MCF7,2.0,A199,12,1,90.0,2,1.0,0.13122861087322235,32,0.1437027007341385,70
2,MCF7,2.0,A199,12,1,90.0,2,1.05,0.13317042589187622,25,0.13131526112556458,49
2,MCF7,2.0,A199,12,1,90.0,2,1.1,0.11518698930740356,20,0.13991771638393402,35
2,MCF7,2.0,A199,12,1,90.0,2,1.15,0.1488036811351776,21,0.163090780377388,36
2,MCF7,2.0,A199,12,1,90.0,2,1.2,0.15231424570083618,15,0.17340809106826782,27
2,MCF7,2.0,A199,12,1,90.0,2,1.25,0.13373956084251404,12,0.14331303536891937,14
2,MCF7,2.0,A199,12,1,90.0,2,1.3,,3,,7
2,MCF7,2.0,A199,12,1,90.0,2,1.35,0.16111665964126587,9,0.15683069825172424,11
2,MCF7,2.0,A199,12,1,90.0,2,1.45,0.146122545003891,7,,8
3,MCF7,2.0,A199,12,1,90.0,3,0.13,0.0337330661714077,145,0.03867474943399429,286
3,MCF7,2.0,A199,12,1,90.0,3,0.18,0.04881975054740906,1098,0.0516020730137825,3814
3,MCF7,2.0,A199,12,1,90.0,3,0.23,0.05939720198512077,1365,0.06262478232383728,3010
3,MCF7,2.0,A199,12,1,90.0,3,0.28,0.0682181715965271,1394,0.06797466427087784,2298
3,MCF7,2.0,A199,12,1,90.0,3,0.33,0.0765685886144638,1422,0.07418926805257797,2003
3,MCF7,2.0,A199,12,1,90.0,3,0.38,0.08386874198913574,2034,0.08330320566892624,2115
3,MCF7,2.0,A199,12,1,90.0,3,0.43,0.0847344771027565,774,0.08468153327703476,777
3,MCF7,2.0,A199,12,1,90.0,3,0.48,0.08542324602603912,235,0.08542324602603912,235
3,MCF7,2.0,A199,12,1,90.0,3,0.53,0.0879327580332756,48,0.0879327580332756,48
3,MCF7,2.0,A199,12,1,90.0,3,0.58,0.0741770938038826,14,0.0741770938038826,14
4,MCF7,2.0,A199,12,1,90.0,4,0.35,0.07409326732158661,50,0.0773826539516449,64
4,MCF7,2.0,A199,12,1,90.0,4,0.4,0.08363954722881317,180,0.08726729452610016,273
4,MCF7,2.0,A199,12,1,90.0,4,0.45,0.08360473811626434,322,0.08937692642211914,604
4,MCF7,2.0,A199,12,1,90.0,4,0.5,0.09630397707223892,447,0.10230924189090729,1026
4,MCF7,2.0,A199,12,1,90.0,4,0.55,0.10094060003757477,442,0.10812894254922867,1306
4,MCF7,2.0,A199,12,1,90.0,4,0.6,0.1097438633441925,417,0.11615745723247528,1468
4,MCF7,2.0,A199,12,1,90.0,4,0.65,0.10858022421598434,301,0.12010294198989868,1357
4,MCF7,2.0,A199,12,1,90.0,4,0.7,0.1139664277434349,190,0.1262437105178833,1102
4,MCF7,2.0,A199,12,1,90.0,4,0.75,0.11984442174434662,110,0.13445687294006348,822
4,MCF7,2.0,A199,12,1,90.0,4,0.8,0.12448261678218842,82,0.14175526797771454,591
4,MCF7,2.0,A199,12,1,90.0,4,0.85,0.1266905963420868,89,0.14391528069972992,414
4,MCF7,2.0,A199,12,1,90.0,4,0.9,0.12728658318519592,79,0.14316625893115997,278
4,MCF7,2.0,A199,12,1,90.0,4,0.95,0.14567402005195618,52,0.14747031033039093,190
4,MCF7,2.0,A199,12,1,90.0,4,1.0,0.13306695222854614,54,0.15119288861751556,126
4,MCF7,2.0,A199,12,1,90.0,4,1.05,0.15196354687213898,31,0.162185937166214,89
4,MCF7,2.0,A199,12,1,90.0,4,1.1,0.1527528613805771,39,0.15813539922237396,91
4,MCF7,2.0,A199,12,1,90.0,4,1.15,0.1345006674528122,35,0.1434963345527649,66
4,MCF7,2.0,A199,12,1,90.0,4,1.2,0.14871908724308014,33,0.15264683961868286,49
4,MCF7,2.0,A199,12,1,90.0,4,1.25,0.1524798423051834,18,0.16843603551387787,28
4,MCF7,2.0,A199,12,1,90.0,4,1.3,0.1681569665670395,18,0.1621589958667755,32
4,MCF7,2.0,A199,12,1,90.0,4,1.35,0.1690896600484848,10,0.16819171607494354,15
4,MCF7,2.0,A199,12,1,90.0,4,1.4,0.16696129739284515,12,0.1703617423772812,15
4,MCF7,2.0,A199,12,1,90.0,4,1.45,0.17828381061553955,9,0.180634006857872,14
4,MCF7,2.0,A199,12,1,90.0,4,1.5,0.18743649125099182,10,0.17372393608093262,14
1,MCF7,2.0,A199,13,1,90.0,1,0.11,0.02180221863090992,11,0.03485533967614174,24
1,MCF7,2.0,A199,13,1,90.0,1,0.16,0.04421579837799072,1280,0.04525688663125038,2715
1,MCF7,2.0,A199,13,1,90.0,1,0.21,0.0605153813958168,1946,0.056202977895736694,9602
1,MCF7,2.0,A199,13,1,90.0,1,0.26,0.060504090040922165,752,0.06462923437356949,6192
1,MCF7,2.0,A199,13,1,90.0,1,0.31,0.05744227021932602,212,0.06888309866189957,3149
1,MCF7,2.0,A199,13,1,90.0,1,0.36,0.05924299359321594,94,0.07121404260396957,1612
1,MCF7,2.0,A199,13,1,90.0,1,0.41,0.06418928503990173,41,0.07674739509820938,479
1,MCF7,2.0,A199,13,1,90.0,1,0.46,0.06490091234445572,21,0.08051297068595886,74
1,MCF7,2.0,A199,13,1,90.0,1,0.51,0.06922286003828049,16,0.07421514391899109,18
2,MCF7,2.0,A199,13,1,90.0,2,0.0,,0,0.0,20
2,MCF7,2.0,A199,13,1,90.0,2,0.1,0.031385231763124466,910,0.030444679781794548,1218
2,MCF7,2.0,A199,13,1,90.0,2,0.15,0.04675858095288277,4473,0.04434865713119507,8375
2,MCF7,2.0,A199,13,1,90.0,2,0.2,0.05534869059920311,3556,0.0554325208067894,9844
2,MCF7,2.0,A199,13,1,90.0,2,0.25,0.05907527357339859,788,0.06717006117105484,3664
2,MCF7,2.0,A199,13,1,90.0,2,0.3,0.056381963193416595,267,0.07327034324407578,962
2,MCF7,2.0,A199,13,1,90.0,2,0.35,0.05662005394697189,121,0.07141482084989548,299
2,MCF7,2.0,A199,13,1,90.0,2,0.4,0.0463607981801033,43,0.06071171164512634,118
2,MCF7,2.0,A199,13,1,90.0,2,0.45,0.0470009371638298,21,0.050385136157274246,76
2,MCF7,2.0,A199,13,1,90.0,2,0.5,0.042955219745635986,16,0.047449640929698944,42
2,MCF7,2.0,A199,13,1,90.0,2,0.55,0.04713311046361923,11,0.05507063865661621,32
2,MCF7,2.0,A199,13,1,90.0,2,0.6,0.03697485476732254,12,0.055931925773620605,18
2,MCF7,2.0,A199,13,1,90.0,2,0.65,0.029550377279520035,7,0.03539874404668808,12
2,MCF7,2.0,A199,13,1,90.0,2,0.7,,3,,7
2,MCF7,2.0,A199,13,1,90.0,2,0.8,,3,,6
1,MCF7,2.0,A199,14,1,90.0,1,0.07,0.04612679407000542,101,0.047975365072488785,228
1,MCF7,2.0,A199,14,1,90.0,1,0.12,0.052894171327352524,646,0.053168293088674545,5050
1,MCF7,2.0,A199,14,1,90.0,1,0.17,0.06229867413640022,576,0.052818652242422104,3887
1,MCF7,2.0,A199,14,1,90.0,1,0.22,0.06449423730373383,522,0.05271856486797333,2354
1,MCF7,2.0,A199,14,1,90.0,1,0.27,0.06669975817203522,865,0.06288672983646393,1271
1,MCF7,2.0,A199,14,1,90.0,1,0.32,0.07207965105772018,958,0.07120458781719208,1058
1,MCF7,2.0,A199,14,1,90.0,1,0.37,0.07420182228088379,878,0.07357373833656311,912
1,MCF7,2.0,A199,14,1,90.0,1,0.42,0.0758814737200737,444,0.07490326464176178,471
1,MCF7,2.0,A199,14,1,90.0,1,0.47,0.07987791299819946,164,0.07972238957881927,171
1,MCF7,2.0,A199,14,1,90.0,1,0.52,0.08074737340211868,57,0.08113906532526016,65
1,MCF7,2.0,A199,14,1,90.0,1,0.57,0.0860888883471489,25,0.0824676901102066,28
1,MCF7,2.0,A199,14,1,90.0,1,0.62,0.08272770047187805,19,0.0840013176202774,23
1,MCF7,2.0,A199,14,1,90.0,1,0.67,0.07741522043943405,13,0.07796420902013779,15
1,MCF7,2.0,A199,14,1,90.0,1,0.72,0.08510401844978333,11,0.07193291187286377,16
1,MCF7,2.0,A199,14,1,90.0,1,0.77,0.07982995361089706,6,0.07111915946006775,12
1,MCF7,2.0,A199,14,1,90.0,1,0.82,0.07748991996049881,5,,7
2,MCF7,2.0,A199,14,1,90.0,2,0.05,,0,0.05081711336970329,359
2,MCF7,2.0,A199,14,1,90.0,2,0.1,0.03861863538622856,21,0.05538439378142357,5325
2,MCF7,2.0,A199,14,1,90.0,2,0.15,0.05251381918787956,482,0.06020102649927139,4118
2,MCF7,2.0,A199,14,1,90.0,2,0.2,0.061607476323843,692,0.05877101048827171,1619
2,MCF7,2.0,A199,14,1,90.0,2,0.25,0.06670188903808594,1098,0.06568168848752975,1237
2,MCF7,2.0,A199,14,1,90.0,2,0.3,0.0711974948644638,1715,0.07116111367940903,1721
2,MCF7,2.0,A199,14,1,90.0,2,0.35,0.07418221980333328,895,0.07418221980333328,895
2,MCF7,2.0,A199,14,1,90.0,2,0.4,0.07675281167030334,369,0.07675281167030334,369
2,MCF7,2.0,A199,14,1,90.0,2,0.45,0.0787954106926918,133,0.0787954106926918,133
2,MCF7,2.0,A199,14,1,90.0,2,0.5,0.08160323649644852,62,0.08160323649644852,62
2,MCF7,2.0,A199,14,1,90.0,2,0.55,0.07984980195760727,31,0.07984980195760727,31
2,MCF7,2.0,A199,14,1,90.0,2,0.6,0.07355762273073196,17,0.07355762273073196,17
2,MCF7,2.0,A199,14,1,90.0,2,0.65,0.0772886723279953,7,,7
3,MCF7,2.0,A199,14,1,90.0,3,0.0,,0,0.0,13
3,MCF7,2.0,A199,14,1,90.0,3,0.05,0.04315945506095886,33,0.042678896337747574,67
3,MCF7,2.0,A199,14,1,90.0,3,0.1,0.05394062399864197,2392,0.05345064029097557,3699
3,MCF7,2.0,A199,14,1,90.0,3,0.15,0.06608503311872482,4564,0.06618580967187881,8474
3,MCF7,2.0,A199,14,1,90.0,3,0.2,0.07451274245977402,2319,0.0765388160943985,6188
3,MCF7,2.0,A199,14,1,90.0,3,0.25,0.08073021471500397,264,0.08159228414297104,1914
3,MCF7,2.0,A199,14,1,90.0,3,0.3,0.07675439864397049,30,0.0874149277806282,451
3,MCF7,2.0,A199,14,1,90.0,3,0.35,0.09748514741659164,10,0.09122106432914734,72
3,MCF7,2.0,A199,14,1,90.0,3,0.4,,0,0.124845489859581,18
4,MCF7,2.0,A199,14,1,90.0,4,0.09,,0,0.06366346776485443,23
4,MCF7,2.0,A199,14,1,90.0,4,0.14,,0,0.0636262446641922,896
4,MCF7,2.0,A199,14,1,90.0,4,0.19,,0,0.06882272660732269,1657
4,MCF7,2.0,A199,14,1,90.0,4,0.24,0.06709612160921097,58,0.0771881565451622,1917
4,MCF7,2.0,A199,14,1,90.0,4,0.29,0.07766567915678024,1304,0.08456867188215256,3674
4,MCF7,2.0,A199,14,1,90.0,4,0.34,0.0911923199892044,2106,0.098019078373909,4191
4,MCF7,2.0,A199,14,1,90.0,4,0.39,0.10381454974412918,742,0.1175478920340538,1742
4,MCF7,2.0,A199,14,1,90.0,4,0.44,0.11629976332187653,497,0.13090527057647705,1290
4,MCF7,2.0,A199,14,1,90.0,4,0.49,0.12386932969093323,337,0.13506083190441132,628
4,MCF7,2.0,A199,14,1,90.0,4,0.54,0.13184575736522675,93,0.13604816794395447,110
5,MCF7,2.0,A199,14,1,90.0,5,0.09,0.06241261586546898,29,0.05417637526988983,248
5,MCF7,2.0,A199,14,1,90.0,5,0.14,0.059521324932575226,1190,0.05959741771221161,3772
5,MCF7,2.0,A199,14,1,90.0,5,0.19,0.06187575310468674,857,0.06380616873502731,1853
5,MCF7,2.0,A199,14,1,90.0,5,0.24,0.06528720259666443,473,0.06629280745983124,1114
5,MCF7,2.0,A199,14,1,90.0,5,0.29,0.06820043176412582,506,0.07125983387231827,1082
5,MCF7,2.0,A199,14,1,90.0,5,0.34,0.07098756730556488,490,0.07639151811599731,1057
5,MCF7,2.0,A199,14,1,90.0,5,0.39,0.07559620589017868,515,0.08094023913145065,1093
5,MCF7,2.0,A199,14,1,90.0,5,0.44,0.07717497646808624,886,0.08526492118835449,1398
5,MCF7,2.0,A199,14,1,90.0,5,0.49,0.08413416147232056,882,0.08793981373310089,1101
5,MCF7,2.0,A199,14,1,90.0,5,0.54,0.0934356227517128,621,0.0947260782122612,666
5,MCF7,2.0,A199,14,1,90.0,5,0.59,0.10320505499839783,492,0.10421492159366608,524
5,MCF7,2.0,A199,14,1,90.0,5,0.64,0.10824888944625854,221,0.10831882804632187,230
5,MCF7,2.0,A199,14,1,90.0,5,0.69,0.11021693795919418,56,0.11052694916725159,67
5,MCF7,2.0,A199,14,1,90.0,5,0.74,0.12102307379245758,7,0.11273638904094696,13
1,MCF7,2.0,A199,2,1,90.0,1,0.1,,0,0.03528853878378868,44
1,MCF7,2.0,A199,2,1,90.0,1,0.15,0.04562121629714966,245,0.043782345950603485,3249
1,MCF7,2.0,A199,2,1,90.0,1,0.2,0.05529797449707985,1180,0.054070621728897095,3131
1,MCF7,2.0,A199,2,1,90.0,1,0.25,0.06339795887470245,2235,0.06564980000257492,3287
1,MCF7,2.0,A199,2,1,90.0,1,0.3,0.06467505544424057,611,0.06616654247045517,701
1,MCF7,2.0,A199,2,1,90.0,1,0.35,0.05505742132663727,33,0.06614630669355392,48
2,MCF7,2.0,A199,2,1,90.0,2,0.07,0.029173126444220543,48,0.02803628146648407,719
2,MCF7,2.0,A199,2,1,90.0,2,0.12,0.04170382022857666,375,0.05207936838269234,4475
2,MCF7,2.0,A199,2,1,90.0,2,0.17,0.06032267585396767,1488,0.06801678240299225,3729
2,MCF7,2.0,A199,2,1,90.0,2,0.22,0.06788856536149979,1469,0.07442724704742432,2312
2,MCF7,2.0,A199,2,1,90.0,2,0.27,0.07466857880353928,384,0.0763290524482727,439
2,MCF7,2.0,A199,2,1,90.0,2,0.32,0.0714382454752922,21,0.07016406208276749,22
3,MCF7,2.0,A199,2,1,90.0,3,0.3,0.08861171454191208,20,0.08861171454191208,20
3,MCF7,2.0,A199,2,1,90.0,3,0.35,0.09660055488348007,37,0.09660055488348007,37
3,MCF7,2.0,A199,2,1,90.0,3,0.4,0.09795649349689484,57,0.09795649349689484,57
3,MCF7,2.0,A199,2,1,90.0,3,0.45,0.09402596950531006,60,0.09402596950531006,60
3,MCF7,2.0,A199,2,1,90.0,3,0.5,0.09025365859270096,87,0.08957917988300323,90
3,MCF7,2.0,A199,2,1,90.0,3,0.55,0.08666688948869705,93,0.08620405942201614,101
3,MCF7,2.0,A199,2,1,90.0,3,0.6,0.09134738147258759,95,0.09124413132667542,115
3,MCF7,2.0,A199,2,1,90.0,3,0.65,0.09718426316976547,94,0.09483757615089417,144
3,MCF7,2.0,A199,2,1,90.0,3,0.7,0.09593275189399719,70,0.09651768952608109,141
3,MCF7,2.0,A199,2,1,90.0,3,0.75,0.0984874814748764,59,0.09893302619457245,136
3,MCF7,2.0,A199,2,1,90.0,3,0.8,0.10521094501018524,56,0.10183855146169662,168
3,MCF7,2.0,A199,2,1,90.0,3,0.85,0.09984344244003296,57,0.10236583650112152,166
3,MCF7,2.0,A199,2,1,90.0,3,0.9,0.10843116044998169,54,0.10498236864805222,177
3,MCF7,2.0,A199,2,1,90.0,3,0.95,0.11096108704805374,77,0.10743293911218643,211
3,MCF7,2.0,A199,2,1,90.0,3,1.0,0.11956777423620224,78,0.11750106513500214,201
3,MCF7,2.0,A199,2,1,90.0,3,1.05,0.12339198589324951,70,0.11420256644487381,224
3,MCF7,2.0,A199,2,1,90.0,3,1.1,0.12087810039520264,53,0.11951468884944916,220
3,MCF7,2.0,A199,2,1,90.0,3,1.15,0.1271030455827713,59,0.12331319600343704,263
3,MCF7,2.0,A199,2,1,90.0,3,1.2,0.1218913197517395,46,0.1276702880859375,264
3,MCF7,2.0,A199,2,1,90.0,3,1.25,0.13225658237934113,68,0.13678449392318726,273
3,MCF7,2.0,A199,2,1,90.0,3,1.3,0.1329406350851059,55,0.13195860385894775,266
3,MCF7,2.0,A199,2,1,90.0,3,1.35,0.13400396704673767,57,0.13494744896888733,250
3,MCF7,2.0,A199,2,1,90.0,3,1.4,0.13582631945610046,53,0.14723791182041168,284
3,MCF7,2.0,A199,2,1,90.0,3,1.45,0.1409013569355011,51,0.14666667580604553,275
3,MCF7,2.0,A199,2,1,90.0,3,1.5,0.13583962619304657,45,0.14712144434452057,247
3,MCF7,2.0,A199,2,1,90.0,3,1.55,0.1396453082561493,35,0.1509476900100708,260
3,MCF7,2.0,A199,2,1,90.0,3,1.6,0.14679460227489471,31,0.16003286838531494,250
3,MCF7,2.0,A199,2,1,90.0,3,1.65,0.14045487344264984,24,0.153757244348526,247
3,MCF7,2.0,A199,2,1,90.0,3,1.7,0.136885404586792,18,0.16096413135528564,235
3,MCF7,2.0,A199,2,1,90.0,3,1.75,0.15221215784549713,13,0.16790777444839478,242
3,MCF7,2.0,A199,2,1,90.0,3,1.8,0.15845997631549835,7,0.16644522547721863,217
3,MCF7,2.0,A199,2,1,90.0,3,1.85,0.125014990568161,5,0.1718357503414154,228
3,MCF7,2.0,A199,2,1,90.0,3,1.9,0.1369355469942093,7,0.17022576928138733,220
3,MCF7,2.0,A199,2,1,90.0,3,1.95,0.10743387043476105,7,0.1728324294090271,204
3,MCF7,2.0,A199,2,1,90.0,3,2.0,,4,0.1736924797296524,184
3,MCF7,2.0,A199,2,1,90.0,3,2.05,0.12388540059328079,8,0.17500026524066925,173
3,MCF7,2.0,A199,2,1,90.0,3,2.1,,3,0.18368664383888245,153
3,MCF7,2.0,A199,2,1,90.0,3,2.15,,3,0.18169660866260529,138
3,MCF7,2.0,A199,2,1,90.0,3,2.2,,0,0.19536301493644714,114
3,MCF7,2.0,A199,2,1,90.0,3,2.25,,2,0.19211801886558533,110
3,MCF7,2.0,A199,2,1,90.0,3,2.3,,2,0.19277934730052948,98
3,MCF7,2.0,A199,2,1,90.0,3,2.35,,4,0.20281806588172913,77
3,MCF7,2.0,A199,2,1,90.0,3,2.4,,2,0.18863682448863983,73
3,MCF7,2.0,A199,2,1,90.0,3,2.45,,1,0.19491863250732422,59
3,MCF7,2.0,A199,2,1,90.0,3,2.5,,2,0.20192739367485046,56
3,MCF7,2.0,A199,2,1,90.0,3,2.55,,2,0.21203000843524933,63
3,MCF7,2.0,A199,2,1,90.0,3,2.6,,1,0.20277106761932373,47
3,MCF7,2.0,A199,2,1,90.0,3,2.65,,0,0.20660008490085602,31
3,MCF7,2.0,A199,2,1,90.0,3,2.7,,0,0.22396332025527954,18
3,MCF7,2.0,A199,2,1,90.0,3,2.75,,1,0.18987460434436798,15
3,MCF7,2.0,A199,2,1,90.0,3,2.8,,1,0.21099090576171875,21
3,MCF7,2.0,A199,2,1,90.0,3,2.85,,0,0.21583294868469238,12
3,MCF7,2.0,A199,2,1,90.0,3,2.9,,1,,7
3,MCF7,2.0,A199,2,1,90.0,3,2.95,,0,,6
4,MCF7,2.0,A199,2,1,90.0,4,0.11,,0,0.04082842916250229,73
4,MCF7,2.0,A199,2,1,90.0,4,0.16,0.05025651305913925,427,0.04960156977176666,3919
4,MCF7,2.0,A199,2,1,90.0,4,0.21,0.06094369664788246,724,0.07164642214775085,4419
4,MCF7,2.0,A199,2,1,90.0,4,0.26,0.06823932379484177,1270,0.06892303377389908,3316
4,MCF7,2.0,A199,2,1,90.0,4,0.31,0.07053192704916,1099,0.06582487374544144,2069
4,MCF7,2.0,A199,2,1,90.0,4,0.36,0.07510993629693985,548,0.07456622272729874,581
4,MCF7,2.0,A199,2,1,90.0,4,0.41,0.0859285444021225,357,0.0859285444021225,357
4,MCF7,2.0,A199,2,1,90.0,4,0.46,0.08979376405477524,318,0.08979376405477524,318
4,MCF7,2.0,A199,2,1,90.0,4,0.51,0.09517066180706024,182,0.09517066180706024,182
4,MCF7,2.0,A199,2,1,90.0,4,0.56,0.09857729822397232,101,0.09857729822397232,101
4,MCF7,2.0,A199,2,1,90.0,4,0.61,0.10845581442117691,24,0.10845581442117691,24
4,MCF7,2.0,A199,2,1,90.0,4,0.66,0.10951408743858337,6,,6
4,MCF7,2.0,A199,2,1,90.0,4,0.71,0.11994117498397827,7,,7
1,MCF7,2.0,A199,3,1,90.0,1,0.03,0.05623779818415642,465,0.05891019478440285,604
1,MCF7,2.0,A199,3,1,90.0,1,0.08,0.06183415651321411,310,0.06896159052848816,1011
1,MCF7,2.0,A199,3,1,90.0,1,0.13,0.07095183432102203,261,0.08236716687679291,756
1,MCF7,2.0,A199,3,1,90.0,1,0.18,0.07338828593492508,347,0.06559000164270401,1944
1,MCF7,2.0,A199,3,1,90.0,1,0.23,0.07104571908712387,540,0.06489712744951248,3462
1,MCF7,2.0,A199,3,1,90.0,1,0.28,0.06984635442495346,572,0.06656184792518616,2897
1,MCF7,2.0,A199,3,1,90.0,1,0.33,0.07372373342514038,1110,0.07271400094032288,1450
1,MCF7,2.0,A199,3,1,90.0,1,0.38,0.08184749633073807,1199,0.08181609958410263,1210
1,MCF7,2.0,A199,3,1,90.0,1,0.43,0.08440543711185455,261,0.08432718366384506,264
1,MCF7,2.0,A199,3,1,90.0,1,0.48,0.08187636733055115,18,0.08187636733055115,18
2,MCF7,2.0,A199,3,1,90.0,2,0.32,,0,0.07552275061607361,76
2,MCF7,2.0,A199,3,1,90.0,2,0.37,,0,0.07666025310754776,241
2,MCF7,2.0,A199,3,1,90.0,2,0.42,,0,0.0827736184000969,497
2,MCF7,2.0,A199,3,1,90.0,2,0.47,0.07210157066583633,9,0.08938364684581757,606
2,MCF7,2.0,A199,3,1,90.0,2,0.52,0.0857217088341713,53,0.09234776347875595,936
2,MCF7,2.0,A199,3,1,90.0,2,0.57,0.08689384162425995,180,0.09461110830307007,1356
2,MCF7,2.0,A199,3,1,90.0,2,0.62,0.09921663999557495,251,0.10137555748224258,1556
2,MCF7,2.0,A199,3,1,90.0,2,0.67,0.10640484094619751,496,0.10770217329263687,1845
2,MCF7,2.0,A199,3,1,90.0,2,0.72,0.11381494998931885,560,0.11400654166936874,1648
2,MCF7,2.0,A199,3,1,90.0,2,0.77,0.1180729940533638,567,0.12031500786542892,1282
2,MCF7,2.0,A199,3,1,90.0,2,0.82,0.1248108372092247,469,0.1262883096933365,934
2,MCF7,2.0,A199,3,1,90.0,2,0.87,0.1306728571653366,403,0.13288216292858124,663
2,MCF7,2.0,A199,3,1,90.0,2,0.92,0.13746212422847748,358,0.138471320271492,468
2,MCF7,2.0,A199,3,1,90.0,2,0.97,0.14024026691913605,312,0.14090758562088013,365
2,MCF7,2.0,A199,3,1,90.0,2,1.02,0.1449059247970581,283,0.1459723263978958,305
2,MCF7,2.0,A199,3,1,90.0,2,1.07,0.15000298619270325,183,0.14993274211883545,184
2,MCF7,2.0,A199,3,1,90.0,2,1.12,0.15801097452640533,151,0.15797823667526245,152
2,MCF7,2.0,A199,3,1,90.0,2,1.17,0.1600377857685089,94,0.1605903059244156,95
2,MCF7,2.0,A199,3,1,90.0,2,1.22,0.1678512990474701,49,0.1678512990474701,49
2,MCF7,2.0,A199,3,1,90.0,2,1.27,0.1668824851512909,42,0.1668824851512909,42
2,MCF7,2.0,A199,3,1,90.0,2,1.32,0.17042040824890137,16,0.17042040824890137,16
3,MCF7,2.0,A199,3,1,90.0,3,0.44,,4,0.09374334663152695,55
3,MCF7,2.0,A199,3,1,90.0,3,0.49,0.08553042262792587,32,0.09874752163887024,232
3,MCF7,2.0,A199,3,1,90.0,3,0.54,0.09344656765460968,123,0.0999731570482254,501
3,MCF7,2.0,A199,3,1,90.0,3,0.59,0.09291675686836243,317,0.09989646822214127,786
3,MCF7,2.0,A199,3,1,90.0,3,0.64,0.09809282422065735,489,0.1029248908162117,1037
3,MCF7,2.0,A199,3,1,90.0,3,0.69,0.10750515758991241,522,0.10774489492177963,1125
3,MCF7,2.0,A199,3,1,90.0,3,0.74,0.1114020124077797,512,0.11070876568555832,1193
3,MCF7,2.0,A199,3,1,90.0,3,0.79,0.11645940691232681,527,0.11215970665216446,1219
3,MCF7,2.0,A199,3,1,90.0,3,0.84,0.1228434219956398,549,0.11739161610603333,1376
3,MCF7,2.0,A199,3,1,90.0,3,0.89,0.12308959662914276,639,0.1213926374912262,1443
3,MCF7,2.0,A199,3,1,90.0,3,0.94,0.1286136955022812,684,0.12666286528110504,1452
3,MCF7,2.0,A199,3,1,90.0,3,0.99,0.1317971646785736,586,0.13166996836662292,1256
3,MCF7,2.0,A199,3,1,90.0,3,1.04,0.13544684648513794,517,0.13544988632202148,1053
3,MCF7,2.0,A199,3,1,90.0,3,1.09,0.13657091557979584,374,0.138727068901062,786
3,MCF7,2.0,A199,3,1,90.0,3,1.14,0.13718293607234955,312,0.14105473458766937,591
3,MCF7,2.0,A199,3,1,90.0,3,1.19,0.14126718044281006,206,0.14473856985569,391
3,MCF7,2.0,A199,3,1,90.0,3,1.24,0.13346774876117706,119,0.1389426440000534,243
3,MCF7,2.0,A199,3,1,90.0,3,1.29,0.14177773892879486,86,0.15055309236049652,191
3,MCF7,2.0,A199,3,1,90.0,3,1.34,0.1460760235786438,57,0.1474616974592209,112
3,MCF7,2.0,A199,3,1,90.0,3,1.39,0.13641080260276794,49,0.14461328089237213,82
3,MCF7,2.0,A199,3,1,90.0,3,1.44,0.14554861187934875,34,0.15584929287433624,59
3,MCF7,2.0,A199,3,1,90.0,3,1.49,0.15556909143924713,25,0.16211265325546265,43
3,MCF7,2.0,A199,3,1,90.0,3,1.54,0.14581143856048584,25,0.15209484100341797,32
3,MCF7,2.0,A199,3,1,90.0,3,1.59,0.14117756485939026,20,0.13967585563659668,26
3,MCF7,2.0,A199,3,1,90.0,3,1.64,0.17712529003620148,9,0.18483957648277283,14
3,MCF7,2.0,A199,3,1,90.0,3,1.69,0.15276871621608734,18,0.1571158915758133,19
3,MCF7,2.0,A199,3,1,90.0,3,1.74,0.16034473478794098,13,0.16034473478794098,13
3,MCF7,2.0,A199,3,1,90.0,3,1.79,0.15386711061000824,12,0.16147883236408234,14
3,MCF7,2.0,A199,3,1,90.0,3,1.84,0.14682044088840485,11,0.14682044088840485,11
3,MCF7,2.0,A199,3,1,90.0,3,1.89,0.14381596446037292,8,,8
3,MCF7,2.0,A199,3,1,90.0,3,2.09,0.16930337250232697,7,,7
1,MCF7,2.0,A199,4,1,90.0,1,0.18,,2,,7
1,MCF7,2.0,A199,4,1,90.0,1,0.23,0.06410002708435059,319,0.06587059795856476,881
1,MCF7,2.0,A199,4,1,90.0,1,0.28,0.07144317030906677,1313,0.07115592062473297,2939
1,MCF7,2.0,A199,4,1,90.0,1,0.33,0.0779414251446724,966,0.07440926134586334,2597
1,MCF7,2.0,A199,4,1,90.0,1,0.38,0.08785296231508255,610,0.08219665288925171,1646
1,MCF7,2.0,A199,4,1,90.0,1,0.43,0.09892983734607697,482,0.09427613765001297,1337
1,MCF7,2.0,A199,4,1,90.0,1,0.48,0.10790075361728668,624,0.10230834782123566,1424
1,MCF7,2.0,A199,4,1,90.0,1,0.53,0.11508561670780182,624,0.11027641594409943,1027
1,MCF7,2.0,A199,4,1,90.0,1,0.58,0.11923960596323013,462,0.11702405661344528,568
1,MCF7,2.0,A199,4,1,90.0,1,0.63,0.12125562876462936,388,0.1206112951040268,413
1,MCF7,2.0,A199,4,1,90.0,1,0.68,0.1207984983921051,324,0.12072913348674774,330
1,MCF7,2.0,A199,4,1,90.0,1,0.73,0.12379133701324463,263,0.12391175329685211,266
1,MCF7,2.0,A199,4,1,90.0,1,0.78,0.12575460970401764,250,0.12575401365756989,251
1,MCF7,2.0,A199,4,1,90.0,1,0.83,0.125869482755661,200,0.125869482755661,200
1,MCF7,2.0,A199,4,1,90.0,1,0.88,0.12508928775787354,193,0.12508928775787354,193
1,MCF7,2.0,A199,4,1,90.0,1,0.93,0.12866328656673431,136,0.12866328656673431,136
1,MCF7,2.0,A199,4,1,90.0,1,0.98,0.13003650307655334,103,0.13003650307655334,103
1,MCF7,2.0,A199,4,1,90.0,1,1.03,0.1318434178829193,87,0.1318434178829193,87
1,MCF7,2.0,A199,4,1,90.0,1,1.08,0.1237754225730896,64,0.1237754225730896,64
1,MCF7,2.0,A199,4,1,90.0,1,1.13,0.12898531556129456,45,0.12898531556129456,45
1,MCF7,2.0,A199,4,1,90.0,1,1.18,0.13083820044994354,39,0.13083820044994354,39
1,MCF7,2.0,A199,4,1,90.0,1,1.23,0.12780103087425232,26,0.12780103087425232,26
1,MCF7,2.0,A199,4,1,90.0,1,1.28,0.1324775516986847,22,0.1324775516986847,22
1,MCF7,2.0,A199,4,1,90.0,1,1.33,0.1316286325454712,16,0.1316286325454712,16
1,MCF7,2.0,A199,4,1,90.0,1,1.38,0.1179690882563591,15,0.1179690882563591,15
1,MCF7,2.0,A199,4,1,90.0,1,1.43,0.12557080388069153,15,0.12557080388069153,15
1,MCF7,2.0,A199,4,1,90.0,1,1.48,0.11522875726222992,10,0.11522875726222992,10
1,MCF7,2.0,A199,4,1,90.0,1,1.58,0.12175637483596802,6,,6
2,MCF7,2.0,A199,4,1,90.0,2,0.05,0.03808179497718811,1299,0.037797123193740845,1908
2,MCF7,2.0,A199,4,1,90.0,2,0.1,0.04331487789750099,1445,0.04184539243578911,7636
2,MCF7,2.0,A199,4,1,90.0,2,0.15,0.05208250880241394,856,0.04876198619604111,5193
2,MCF7,2.0,A199,4,1,90.0,2,0.2,0.056552644819021225,586,0.056371983140707016,1732
2,MCF7,2.0,A199,4,1,90.0,2,0.25,0.06124070659279823,482,0.0614471435546875,1069
2,MCF7,2.0,A199,4,1,90.0,2,0.3,0.06495018303394318,410,0.06231553480029106,1004
2,MCF7,2.0,A199,4,1,90.0,2,0.35,0.07044995576143265,420,0.07027407735586166,1018
2,MCF7,2.0,A199,4,1,90.0,2,0.4,0.07621800899505615,488,0.07604309916496277,1148
2,MCF7,2.0,A199,4,1,90.0,2,0.45,0.07822789996862411,484,0.07755497843027115,961
2,MCF7,2.0,A199,4,1,90.0,2,0.5,0.08051833510398865,490,0.08044221997261047,632
2,MCF7,2.0,A199,4,1,90.0,2,0.55,0.08436574786901474,524,0.08433680981397629,535
2,MCF7,2.0,A199,4,1,90.0,2,0.6,0.0870751440525055,267,0.0870751440525055,267
2,MCF7,2.0,A199,4,1,90.0,2,0.65,0.08857346326112747,137,0.08857346326112747,137
2,MCF7,2.0,A199,4,1,90.0,2,0.7,0.09074686467647552,34,0.09074686467647552,34
2,MCF7,2.0,A199,4,1,90.0,2,0.75,0.09123917669057846,25,0.09123917669057846,25
2,MCF7,2.0,A199,4,1,90.0,2,0.8,0.090127132833004,10,0.090127132833004,10
3,MCF7,2.0,A199,4,1,90.0,3,0.33,,3,0.09313460439443588,219
3,MCF7,2.0,A199,4,1,90.0,3,0.38,0.10111890733242035,5,0.100342757999897,494
3,MCF7,2.0,A199,4,1,90.0,3,0.43,0.09963187575340271,25,0.10043133795261383,712
3,MCF7,2.0,A199,4,1,90.0,3,0.48,0.08543354272842407,63,0.10131032764911652,646
3,MCF7,2.0,A199,4,1,90.0,3,0.53,0.09825348854064941,150,0.10871831327676773,557
3,MCF7,2.0,A199,4,1,90.0,3,0.58,0.11246968060731888,185,0.11465927958488464,454
3,MCF7,2.0,A199,4,1,90.0,3,0.63,0.12208280712366104,174,0.11657272279262543,412
3,MCF7,2.0,A199,4,1,90.0,3,0.68,0.13222981989383698,192,0.12242341041564941,395
3,MCF7,2.0,A199,4,1,90.0,3,0.73,0.13657638430595398,235,0.13001558184623718,434
3,MCF7,2.0,A199,4,1,90.0,3,0.78,0.1444985270500183,295,0.1348605453968048,480
3,MCF7,2.0,A199,4,1,90.0,3,0.83,0.14405854046344757,291,0.13537749648094177,444
3,MCF7,2.0,A199,4,1,90.0,3,0.88,0.15168333053588867,370,0.14535482227802277,471
3,MCF7,2.0,A199,4,1,90.0,3,0.93,0.15260763466358185,432,0.1483725607395172,496
3,MCF7,2.0,A199,4,1,90.0,3,0.98,0.1530407965183258,462,0.14959615468978882,515
3,MCF7,2.0,A199,4,1,90.0,3,1.03,0.16044028103351593,413,0.15859487652778625,441
3,MCF7,2.0,A199,4,1,90.0,3,1.08,0.16057315468788147,349,0.15879105031490326,375
3,MCF7,2.0,A199,4,1,90.0,3,1.13,0.159481480717659,219,0.15792226791381836,234
3,MCF7,2.0,A199,4,1,90.0,3,1.18,0.1594630777835846,130,0.15696153044700623,139
3,MCF7,2.0,A199,4,1,90.0,3,1.23,0.15708884596824646,90,0.15630772709846497,95
3,MCF7,2.0,A199,4,1,90.0,3,1.28,0.15413880348205566,41,0.152898371219635,48
3,MCF7,2.0,A199,4,1,90.0,3,1.33,0.146686390042305,34,0.14661049842834473,37
3,MCF7,2.0,A199,4,1,90.0,3,1.38,0.1515539288520813,17,0.15092790126800537,18
3,MCF7,2.0,A199,4,1,90.0,3,1.43,0.15527817606925964,10,0.15010716021060944,13
3,MCF7,2.0,A199,4,1,90.0,3,1.48,,4,,6
3,MCF7,2.0,A199,4,1,90.0,3,1.53,,4,,7
3,MCF7,2.0,A199,4,1,90.0,3,1.58,0.11077125370502472,7,,7
4,MCF7,2.0,A199,4,1,90.0,4,0.16,0.05492909625172615,27,0.05492909625172615,27
4,MCF7,2.0,A199,4,1,90.0,4,0.21,0.05687391012907028,455,0.057210471481084824,464
4,MCF7,2.0,A199,4,1,90.0,4,0.26,0.058738309890031815,1173,0.06033361330628395,1570
4,MCF7,2.0,A199,4,1,90.0,4,0.31,0.05662321299314499,1539,0.05611183121800423,3297
4,MCF7,2.0,A199,4,1,90.0,4,0.36,0.059394121170043945,1335,0.0545555017888546,3753
4,MCF7,2.0,A199,4,1,90.0,4,0.41,0.06315664947032928,672,0.05359868332743645,2815
4,MCF7,2.0,A199,4,1,90.0,4,0.46,0.06718695163726807,376,0.056020330637693405,2121
4,MCF7,2.0,A199,4,1,90.0,4,0.51,0.06983493268489838,240,0.06023499369621277,1361
4,MCF7,2.0,A199,4,1,90.0,4,0.56,0.073773093521595,164,0.06335730105638504,744
4,MCF7,2.0,A199,4,1,90.0,4,0.61,0.07628879696130753,119,0.06937961280345917,339
4,MCF7,2.0,A199,4,1,90.0,4,0.66,0.07400263100862503,97,0.0708102434873581,163
4,MCF7,2.0,A199,4,1,90.0,4,0.71,0.07703769952058792,65,0.0751672312617302,84
4,MCF7,2.0,A199,4,1,90.0,4,0.76,0.07576832175254822,67,0.07613909244537354,77
4,MCF7,2.0,A199,4,1,90.0,4,0.81,0.08291081339120865,43,0.08291081339120865,43
4,MCF7,2.0,A199,4,1,90.0,4,0.86,0.08269191533327103,40,0.0820547565817833,41
4,MCF7,2.0,A199,4,1,90.0,4,0.91,0.09600356221199036,31,0.09600356221199036,31
4,MCF7,2.0,A199,4,1,90.0,4,0.96,0.08496000617742538,20,0.08496000617742538,20
4,MCF7,2.0,A199,4,1,90.0,4,1.01,0.10510748624801636,19,0.10510748624801636,19
4,MCF7,2.0,A199,4,1,90.0,4,1.06,0.0739777535200119,8,,8
4,MCF7,2.0,A199,4,1,90.0,4,1.11,0.0878751277923584,10,0.0878751277923584,10
4,MCF7,2.0,A199,4,1,90.0,4,1.16,0.12081754207611084,6,,6
4,MCF7,2.0,A199,4,1,90.0,4,1.21,0.10168415307998657,8,,8
5,MCF7,2.0,A199,4,1,90.0,5,0.11,,4,0.053383585065603256,196
5,MCF7,2.0,A199,4,1,90.0,5,0.16,0.05630951002240181,735,0.062250442802906036,3634
5,MCF7,2.0,A199,4,1,90.0,5,0.21,0.057801101356744766,2118,0.05735349282622337,4955
5,MCF7,2.0,A199,4,1,90.0,5,0.26,0.05838017910718918,2062,0.05359358713030815,3308
5,MCF7,2.0,A199,4,1,90.0,5,0.31,0.061417341232299805,1880,0.05979686230421066,2069
5,MCF7,2.0,A199,4,1,90.0,5,0.36,0.06102592870593071,867,0.059971343725919724,927
5,MCF7,2.0,A199,4,1,90.0,5,0.41,0.05812154710292816,257,0.05709544196724892,284
5,MCF7,2.0,A199,4,1,90.0,5,0.46,0.06018590182065964,108,0.05866151303052902,126
5,MCF7,2.0,A199,4,1,90.0,5,0.51,0.055261947214603424,66,0.055007245391607285,77
5,MCF7,2.0,A199,4,1,90.0,5,0.56,0.05490844324231148,40,0.05390792712569237,43
5,MCF7,2.0,A199,4,1,90.0,5,0.61,0.044174402952194214,17,0.04661561921238899,21
5,MCF7,2.0,A199,4,1,90.0,5,0.66,0.049686234444379807,17,0.04907163977622986,19
1,MCF7,2.0,A199,5,1,90.0,1,0.2,,0,0.07274998724460602,11
1,MCF7,2.0,A199,5,1,90.0,1,0.25,,0,0.07070863246917725,606
1,MCF7,2.0,A199,5,1,90.0,1,0.3,,0,0.07733233273029327,1159
1,MCF7,2.0,A199,5,1,90.0,1,0.35,,2,0.08517912030220032,756
1,MCF7,2.0,A199,5,1,90.0,1,0.4,0.09630380570888519,35,0.09265836328268051,930
1,MCF7,2.0,A199,5,1,90.0,1,0.45,0.09767882525920868,151,0.09908829629421234,1091
1,MCF7,2.0,A199,5,1,90.0,1,0.5,0.10347523540258408,335,0.10476818680763245,1110
1,MCF7,2.0,A199,5,1,90.0,1,0.55,0.11063694953918457,621,0.11113447695970535,1418
1,MCF7,2.0,A199,5,1,90.0,1,0.6,0.11904414743185043,682,0.11798112839460373,1340
1,MCF7,2.0,A199,5,1,90.0,1,0.65,0.13122543692588806,417,0.12833848595619202,910
1,MCF7,2.0,A199,5,1,90.0,1,0.7,0.14108438789844513,350,0.1337277591228485,697
1,MCF7,2.0,A199,5,1,90.0,1,0.75,0.14958027005195618,330,0.14409811794757843,593
1,MCF7,2.0,A199,5,1,90.0,1,0.8,0.15736940503120422,340,0.14901089668273926,539
1,MCF7,2.0,A199,5,1,90.0,1,0.85,0.15850447118282318,367,0.15367870032787323,515
1,MCF7,2.0,A199,5,1,90.0,1,0.9,0.16238459944725037,231,0.15761306881904602,314
1,MCF7,2.0,A199,5,1,90.0,1,0.95,0.16150003671646118,216,0.15965913236141205,269
1,MCF7,2.0,A199,5,1,90.0,1,1.0,0.16147153079509735,139,0.16153983771800995,170
1,MCF7,2.0,A199,5,1,90.0,1,1.05,0.15606844425201416,87,0.1567395031452179,95
1,MCF7,2.0,A199,5,1,90.0,1,1.1,0.15740472078323364,61,0.15806618332862854,65
1,MCF7,2.0,A199,5,1,90.0,1,1.15,0.15288826823234558,29,0.1541883796453476,31
1,MCF7,2.0,A199,5,1,90.0,1,1.2,0.15498001873493195,21,0.15458743274211884,23
1,MCF7,2.0,A199,5,1,90.0,1,1.25,0.16124553978443146,15,0.16340437531471252,17
1,MCF7,2.0,A199,5,1,90.0,1,1.3,0.14963661134243011,5,,6
1,MCF7,2.0,A199,6,1,90.0,1,0.08,,0,0.0595119446516037,129
1,MCF7,2.0,A199,6,1,90.0,1,0.13,,0,0.06277654320001602,1224
1,MCF7,2.0,A199,6,1,90.0,1,0.18,0.05381302163004875,92,0.06118420884013176,3515
1,MCF7,2.0,A199,6,1,90.0,1,0.23,0.055527396500110626,431,0.0611162967979908,4001
1,MCF7,2.0,A199,6,1,90.0,1,0.28,0.06146564334630966,485,0.06395769864320755,2025
1,MCF7,2.0,A199,6,1,90.0,1,0.33,0.06734395772218704,278,0.07311135530471802,513
1,MCF7,2.0,A199,6,1,90.0,1,0.38,0.07457994669675827,216,0.08083000034093857,273
1,MCF7,2.0,A199,6,1,90.0,1,0.43,0.07891460508108139,220,0.08428379893302917,260
1,MCF7,2.0,A199,6,1,90.0,1,0.48,0.08718555420637131,212,0.09085986018180847,241
1,MCF7,2.0,A199,6,1,90.0,1,0.53,0.09166061878204346,221,0.09364736080169678,235
1,MCF7,2.0,A199,6,1,90.0,1,0.58,0.09634951502084732,160,0.09704568982124329,164
1,MCF7,2.0,A199,6,1,90.0,1,0.63,0.0976426750421524,163,0.0976426750421524,163
1,MCF7,2.0,A199,6,1,90.0,1,0.68,0.10050030052661896,169,0.10050030052661896,169
1,MCF7,2.0,A199,6,1,90.0,1,0.73,0.10496601462364197,169,0.10496601462364197,169
1,MCF7,2.0,A199,6,1,90.0,1,0.78,0.11095478385686874,214,0.11095478385686874,214
1,MCF7,2.0,A199,6,1,90.0,1,0.83,0.1120690330862999,236,0.1120690330862999,236
1,MCF7,2.0,A199,6,1,90.0,1,0.88,0.12070678174495697,237,0.12070678174495697,237
1,MCF7,2.0,A199,6,1,90.0,1,0.93,0.11933981627225876,249,0.11933981627225876,249
1,MCF7,2.0,A199,6,1,90.0,1,0.98,0.12200544029474258,293,0.12200544029474258,293
1,MCF7,2.0,A199,6,1,90.0,1,1.03,0.12580572068691254,288,0.12580572068691254,288
1,MCF7,2.0,A199,6,1,90.0,1,1.08,0.1298983097076416,214,0.1298983097076416,214
1,MCF7,2.0,A199,6,1,90.0,1,1.13,0.13042141497135162,158,0.13042141497135162,158
1,MCF7,2.0,A199,6,1,90.0,1,1.18,0.1353469043970108,163,0.1353469043970108,163
1,MCF7,2.0,A199,6,1,90.0,1,1.23,0.13893179595470428,103,0.13893179595470428,103
1,MCF7,2.0,A199,6,1,90.0,1,1.28,0.1345892697572708,68,0.1345892697572708,68
1,MCF7,2.0,A199,6,1,90.0,1,1.33,0.13362348079681396,31,0.13362348079681396,31
1,MCF7,2.0,A199,6,1,90.0,1,1.38,0.14036738872528076,9,,9
2,MCF7,2.0,A199,6,1,90.0,2,0.12,0.07780956476926804,86,0.07385998219251633,98
2,MCF7,2.0,A199,6,1,90.0,2,0.17,0.07857944816350937,426,0.06986147165298462,987
2,MCF7,2.0,A199,6,1,90.0,2,0.22,0.07208535075187683,1309,0.06976810842752457,4583
2,MCF7,2.0,A199,6,1,90.0,2,0.27,0.07048694044351578,3292,0.07054213434457779,7575
2,MCF7,2.0,A199,6,1,90.0,2,0.32,0.06857676059007645,1047,0.06863083690404892,5962
2,MCF7,2.0,A199,6,1,90.0,2,0.37,0.06319539994001389,57,0.06970323622226715,3824
2,MCF7,2.0,A199,6,1,90.0,2,0.42,,0,0.07232937216758728,2512
2,MCF7,2.0,A199,6,1,90.0,2,0.47,,0,0.07690005004405975,1661
2,MCF7,2.0,A199,6,1,90.0,2,0.52,,0,0.08095399290323257,821
2,MCF7,2.0,A199,6,1,90.0,2,0.57,,0,0.08657867461442947,340
2,MCF7,2.0,A199,6,1,90.0,2,0.62,,0,0.09112629294395447,128
2,MCF7,2.0,A199,6,1,90.0,2,0.67,,0,0.08966576308012009,45
2,MCF7,2.0,A199,6,1,90.0,2,0.72,,0,0.08568263053894043,25
2,MCF7,2.0,A199,6,1,90.0,2,0.77,,0,,6
2,MCF7,2.0,A199,6,1,90.0,2,0.82,,0,,8
3,MCF7,2.0,A199,6,1,90.0,3,0.13,0.06373289972543716,44,0.05962592735886574,795
3,MCF7,2.0,A199,6,1,90.0,3,0.18,0.0718357041478157,1180,0.06534431129693985,5386
3,MCF7,2.0,A199,6,1,90.0,3,0.23,0.08065538853406906,1211,0.08072999864816666,5043
3,MCF7,2.0,A199,6,1,90.0,3,0.28,0.10023387521505356,1096,0.10061252862215042,3188
3,MCF7,2.0,A199,6,1,90.0,3,0.33,0.11447450518608093,1279,0.11057449877262115,4488
3,MCF7,2.0,A199,6,1,90.0,3,0.38,0.11301109939813614,858,0.11361546069383621,2279
3,MCF7,2.0,A199,6,1,90.0,3,0.43,0.11335930228233337,254,0.11752144992351532,321
3,MCF7,2.0,A199,6,1,90.0,3,0.48,0.12583863735198975,64,0.1266619712114334,67
3,MCF7,2.0,A199,6,1,90.0,3,0.53,0.13413865864276886,17,0.13413865864276886,17
4,MCF7,2.0,A199,6,1,90.0,4,0.09,,0,0.03269495069980621,282
4,MCF7,2.0,A199,6,1,90.0,4,0.14,0.04469067603349686,218,0.04596763104200363,7004
4,MCF7,2.0,A199,6,1,90.0,4,0.19,0.05448759347200394,1281,0.05973357334733009,7031
4,MCF7,2.0,A199,6,1,90.0,4,0.24,0.06525798887014389,1649,0.07770472019910812,4731
4,MCF7,2.0,A199,6,1,90.0,4,0.29,0.09397663921117783,1311,0.09964197874069214,4150
4,MCF7,2.0,A199,6,1,90.0,4,0.34,0.09182783961296082,819,0.09708142280578613,1182
4,MCF7,2.0,A199,6,1,90.0,4,0.39,0.09013983607292175,240,0.09013983607292175,240
4,MCF7,2.0,A199,6,1,90.0,4,0.44,0.09269677847623825,33,0.09269677847623825,33
1,MCF7,2.0,A199,7,1,90.0,1,0.25,,0,,7
1,MCF7,2.0,A199,7,1,90.0,1,0.3,,0,0.06480760872364044,156
1,MCF7,2.0,A199,7,1,90.0,1,0.35,,0,0.06930083781480789,715
1,MCF7,2.0,A199,7,1,90.0,1,0.4,0.09382161498069763,36,0.07736394554376602,1727
1,MCF7,2.0,A199,7,1,90.0,1,0.45,0.10034524649381638,229,0.08557303994894028,2489
1,MCF7,2.0,A199,7,1,90.0,1,0.5,0.10457027703523636,540,0.09688431024551392,2192
1,MCF7,2.0,A199,7,1,90.0,1,0.55,0.1135656014084816,877,0.10705486685037613,2229
1,MCF7,2.0,A199,7,1,90.0,1,0.6,0.11702065914869308,1119,0.1114816963672638,2170
1,MCF7,2.0,A199,7,1,90.0,1,0.65,0.11977682262659073,905,0.11389125883579254,1604
1,MCF7,2.0,A199,7,1,90.0,1,0.7,0.12367936223745346,436,0.11839257180690765,739
1,MCF7,2.0,A199,7,1,90.0,1,0.75,0.12683899700641632,193,0.11987929791212082,337
1,MCF7,2.0,A199,7,1,90.0,1,0.8,0.12767307460308075,112,0.12283878773450851,185
1,MCF7,2.0,A199,7,1,90.0,1,0.85,0.1288578361272812,45,0.12446093559265137,67
1,MCF7,2.0,A199,7,1,90.0,1,0.9,0.13329164683818817,16,0.12745797634124756,24
1,MCF7,2.0,A199,7,1,90.0,1,0.95,0.128368079662323,7,,9
2,MCF7,2.0,A199,7,1,90.0,2,0.13,,1,0.0531068816781044,27
2,MCF7,2.0,A199,7,1,90.0,2,0.18,0.054784320294857025,348,0.054007161408662796,1455
2,MCF7,2.0,A199,7,1,90.0,2,0.23,0.059590067714452744,1782,0.058957356959581375,4099
2,MCF7,2.0,A199,7,1,90.0,2,0.28,0.06451442837715149,2240,0.06201548874378204,4081
2,MCF7,2.0,A199,7,1,90.0,2,0.33,0.06933625042438507,795,0.06513955444097519,1228
2,MCF7,2.0,A199,7,1,90.0,2,0.38,0.07389578223228455,135,0.07136483490467072,182
2,MCF7,2.0,A199,7,1,90.0,2,0.43,0.08032236993312836,14,0.078275665640831,16
3,MCF7,2.0,A199,7,1,90.0,3,0.25,,0,0.07439067959785461,12
3,MCF7,2.0,A199,7,1,90.0,3,0.3,,0,0.07005275040864944,340
3,MCF7,2.0,A199,7,1,90.0,3,0.35,0.059154998511075974,7,0.07938392460346222,1379
3,MCF7,2.0,A199,7,1,90.0,3,0.4,0.0817655473947525,28,0.09098576009273529,2886
3,MCF7,2.0,A199,7,1,90.0,3,0.45,0.10539748519659042,88,0.10056595504283905,3296
3,MCF7,2.0,A199,7,1,90.0,3,0.5,0.1129053458571434,133,0.10945864021778107,2271
3,MCF7,2.0,A199,7,1,90.0,3,0.55,0.11376388370990753,222,0.11373360455036163,1235
3,MCF7,2.0,A199,7,1,90.0,3,0.6,0.11603175848722458,367,0.11869361996650696,800
3,MCF7,2.0,A199,7,1,90.0,3,0.65,0.12222126871347427,459,0.12491613626480103,750
3,MCF7,2.0,A199,7,1,90.0,3,0.7,0.12590402364730835,522,0.12939739227294922,668
3,MCF7,2.0,A199,7,1,90.0,3,0.75,0.13057586550712585,569,0.1332111358642578,657
3,MCF7,2.0,A199,7,1,90.0,3,0.8,0.1356615573167801,523,0.13787493109703064,577
3,MCF7,2.0,A199,7,1,90.0,3,0.85,0.13791100680828094,441,0.1393377035856247,475
3,MCF7,2.0,A199,7,1,90.0,3,0.9,0.14088624715805054,344,0.14182566106319427,353
3,MCF7,2.0,A199,7,1,90.0,3,0.95,0.15076911449432373,233,0.15268096327781677,241
3,MCF7,2.0,A199,7,1,90.0,3,1.0,0.1565375030040741,153,0.1571292281150818,155
3,MCF7,2.0,A199,7,1,90.0,3,1.05,0.16115623712539673,111,0.16389231383800507,114
3,MCF7,2.0,A199,7,1,90.0,3,1.1,0.16683393716812134,62,0.1679942011833191,63
3,MCF7,2.0,A199,7,1,90.0,3,1.15,0.1679488569498062,46,0.1679488569498062,46
3,MCF7,2.0,A199,7,1,90.0,3,1.2,0.17228518426418304,46,0.17210698127746582,48
3,MCF7,2.0,A199,7,1,90.0,3,1.25,0.17685642838478088,23,0.18383195996284485,25
3,MCF7,2.0,A199,7,1,90.0,3,1.3,0.17000973224639893,25,0.17099934816360474,26
3,MCF7,2.0,A199,7,1,90.0,3,1.35,0.18116478621959686,38,0.18116478621959686,38
3,MCF7,2.0,A199,7,1,90.0,3,1.4,0.16990399360656738,26,0.16990399360656738,26
3,MCF7,2.0,A199,7,1,90.0,3,1.45,0.18306587636470795,19,0.18306587636470795,19
3,MCF7,2.0,A199,7,1,90.0,3,1.5,0.17654195427894592,25,0.17654195427894592,25
3,MCF7,2.0,A199,7,1,90.0,3,1.55,0.1835354119539261,28,0.18742342293262482,29
3,MCF7,2.0,A199,7,1,90.0,3,1.6,0.17147605121135712,12,0.17147605121135712,12
3,MCF7,2.0,A199,7,1,90.0,3,1.65,0.1634693741798401,8,,8
3,MCF7,2.0,A199,7,1,90.0,3,1.7,0.19817888736724854,8,,9
3,MCF7,2.0,A199,7,1,90.0,3,1.75,0.20567244291305542,11,0.20567244291305542,11
3,MCF7,2.0,A199,7,1,90.0,3,1.85,0.2438466101884842,6,,6
3,MCF7,2.0,A199,7,1,90.0,3,2.0,0.273156076669693,6,,6
4,MCF7,2.0,A199,7,1,90.0,4,0.53,,0,0.08889336884021759,34
4,MCF7,2.0,A199,7,1,90.0,4,0.58,,0,0.09128616750240326,160
4,MCF7,2.0,A199,7,1,90.0,4,0.63,,0,0.09655943512916565,353
4,MCF7,2.0,A199,7,1,90.0,4,0.68,,0,0.10520417988300323,403
4,MCF7,2.0,A199,7,1,90.0,4,0.73,,0,0.11752300709486008,453
4,MCF7,2.0,A199,7,1,90.0,4,0.78,,0,0.12542766332626343,491
4,MCF7,2.0,A199,7,1,90.0,4,0.83,,0,0.13406382501125336,498
4,MCF7,2.0,A199,7,1,90.0,4,0.88,,0,0.1393727958202362,468
4,MCF7,2.0,A199,7,1,90.0,4,0.93,,0,0.14396587014198303,486
4,MCF7,2.0,A199,7,1,90.0,4,0.98,,0,0.1481875628232956,618
4,MCF7,2.0,A199,7,1,90.0,4,1.03,0.12025611847639084,6,0.1537036895751953,794
4,MCF7,2.0,A199,7,1,90.0,4,1.08,0.13554441928863525,19,0.1575513631105423,808
4,MCF7,2.0,A199,7,1,90.0,4,1.13,0.1363513469696045,44,0.16222983598709106,910
4,MCF7,2.0,A199,7,1,90.0,4,1.18,0.15017521381378174,86,0.16978861391544342,798
4,MCF7,2.0,A199,7,1,90.0,4,1.23,0.16362297534942627,138,0.17276407778263092,764
4,MCF7,2.0,A199,7,1,90.0,4,1.28,0.1675683706998825,228,0.17564307153224945,723
4,MCF7,2.0,A199,7,1,90.0,4,1.33,0.17440690100193024,312,0.17877544462680817,689
4,MCF7,2.0,A199,7,1,90.0,4,1.38,0.17675840854644775,435,0.1785983145236969,677
4,MCF7,2.0,A199,7,1,90.0,4,1.43,0.18361327052116394,552,0.18304014205932617,696
4,MCF7,2.0,A199,7,1,90.0,4,1.48,0.18554268777370453,618,0.18758217990398407,697
4,MCF7,2.0,A199,7,1,90.0,4,1.53,0.18786437809467316,608,0.18908868730068207,648
4,MCF7,2.0,A199,7,1,90.0,4,1.58,0.19038645923137665,476,0.1913660764694214,498
4,MCF7,2.0,A199,7,1,90.0,4,1.63,0.1899622529745102,374,0.190043643116951,394
4,MCF7,2.0,A199,7,1,90.0,4,1.68,0.19745847582817078,285,0.1990126073360443,295
4,MCF7,2.0,A199,7,1,90.0,4,1.73,0.19623970985412598,181,0.1967197060585022,184
4,MCF7,2.0,A199,7,1,90.0,4,1.78,0.19709308445453644,142,0.19992424547672272,148
4,MCF7,2.0,A199,7,1,90.0,4,1.83,0.19524328410625458,86,0.19733664393424988,91
4,MCF7,2.0,A199,7,1,90.0,4,1.88,0.20684657990932465,52,0.20622213184833527,53
4,MCF7,2.0,A199,7,1,90.0,4,1.93,0.21559850871562958,41,0.21429598331451416,43
4,MCF7,2.0,A199,7,1,90.0,4,1.98,0.19759313762187958,34,0.19759313762187958,34
4,MCF7,2.0,A199,7,1,90.0,4,2.03,0.20257668197155,25,0.20747321844100952,26
4,MCF7,2.0,A199,7,1,90.0,4,2.08,0.20201583206653595,15,0.20201583206653595,15
4,MCF7,2.0,A199,7,1,90.0,4,2.13,0.21875861287117004,17,0.21875861287117004,17
4,MCF7,2.0,A199,7,1,90.0,4,2.18,0.2091675102710724,13,0.2091675102710724,13
4,MCF7,2.0,A199,7,1,90.0,4,2.23,0.18932251632213593,6,,6
5,MCF7,2.0,A199,7,1,90.0,5,0.0,0.04347550496459007,2563,0.04377613589167595,5134
5,MCF7,2.0,A199,7,1,90.0,5,0.05,0.043207794427871704,5233,0.04534458369016647,13570
6,MCF7,2.0,A199,7,1,90.0,6,0.37,,0,,6
6,MCF7,2.0,A199,7,1,90.0,6,0.42,,0,0.07059008628129959,64
6,MCF7,2.0,A199,7,1,90.0,6,0.47,,0,0.07666025310754776,267
6,MCF7,2.0,A199,7,1,90.0,6,0.52,,0,0.08725437521934509,639
6,MCF7,2.0,A199,7,1,90.0,6,0.57,,0,0.09468058496713638,915
6,MCF7,2.0,A199,7,1,90.0,6,0.62,,0,0.10070247203111649,987
6,MCF7,2.0,A199,7,1,90.0,6,0.67,,0,0.11002934724092484,1024
6,MCF7,2.0,A199,7,1,90.0,6,0.72,,0,0.11761094629764557,939
6,MCF7,2.0,A199,7,1,90.0,6,0.77,,0,0.12751732766628265,820
6,MCF7,2.0,A199,7,1,90.0,6,0.82,,0,0.13415245711803436,684
6,MCF7,2.0,A199,7,1,90.0,6,0.87,,0,0.14187946915626526,539
6,MCF7,2.0,A199,7,1,90.0,6,0.92,,0,0.14861030876636505,457
6,MCF7,2.0,A199,7,1,90.0,6,0.97,,1,0.15758070349693298,454
6,MCF7,2.0,A199,7,1,90.0,6,1.02,,2,0.1647556871175766,422
6,MCF7,2.0,A199,7,1,90.0,6,1.07,0.1534074991941452,8,0.16739098727703094,361
6,MCF7,2.0,A199,7,1,90.0,6,1.12,0.15305551886558533,14,0.17391084134578705,312
6,MCF7,2.0,A199,7,1,90.0,6,1.17,0.1649455428123474,23,0.17923258244991302,308
6,MCF7,2.0,A199,7,1,90.0,6,1.22,0.17083698511123657,39,0.18307512998580933,263
6,MCF7,2.0,A199,7,1,90.0,6,1.27,0.16707302629947662,35,0.19294346868991852,296
6,MCF7,2.0,A199,7,1,90.0,6,1.32,0.17721249163150787,50,0.20157860219478607,311
6,MCF7,2.0,A199,7,1,90.0,6,1.37,0.17858737707138062,34,0.21756292879581451,367
6,MCF7,2.0,A199,7,1,90.0,6,1.42,0.18368111550807953,31,0.22830665111541748,427
6,MCF7,2.0,A199,7,1,90.0,6,1.47,0.19406314194202423,24,0.24375997483730316,455
6,MCF7,2.0,A199,7,1,90.0,6,1.52,0.20640577375888824,37,0.25371983647346497,495
6,MCF7,2.0,A199,7,1,90.0,6,1.57,0.218401238322258,31,0.26191261410713196,545
6,MCF7,2.0,A199,7,1,90.0,6,1.62,0.23398253321647644,32,0.27463147044181824,448
6,MCF7,2.0,A199,7,1,90.0,6,1.67,0.23986530303955078,42,0.2771860957145691,452
6,MCF7,2.0,A199,7,1,90.0,6,1.72,0.26301753520965576,52,0.28960928320884705,433
6,MCF7,2.0,A199,7,1,90.0,6,1.77,0.2772198021411896,74,0.2955974042415619,465
6,MCF7,2.0,A199,7,1,90.0,6,1.82,0.2888623774051666,99,0.30068206787109375,442
6,MCF7,2.0,A199,7,1,90.0,6,1.87,0.30055341124534607,118,0.3094654381275177,384
6,MCF7,2.0,A199,7,1,90.0,6,1.92,0.30319738388061523,173,0.3133903741836548,412
6,MCF7,2.0,A199,7,1,90.0,6,1.97,0.31510481238365173,173,0.3168007731437683,372
6,MCF7,2.0,A199,7,1,90.0,6,2.02,0.32474517822265625,211,0.3261086940765381,357
6,MCF7,2.0,A199,7,1,90.0,6,2.07,0.33533161878585815,229,0.33590689301490784,336
6,MCF7,2.0,A199,7,1,90.0,6,2.12,0.33448174595832825,188,0.34139785170555115,286
6,MCF7,2.0,A199,7,1,90.0,6,2.17,0.345224529504776,212,0.3484214246273041,286
6,MCF7,2.0,A199,7,1,90.0,6,2.22,0.3497917056083679,199,0.3534378409385681,241
6,MCF7,2.0,A199,7,1,90.0,6,2.27,0.353437215089798,181,0.35664165019989014,219
6,MCF7,2.0,A199,7,1,90.0,6,2.32,0.35797518491744995,141,0.36267444491386414,161
6,MCF7,2.0,A199,7,1,90.0,6,2.37,0.36953797936439514,146,0.3725769519805908,172
6,MCF7,2.0,A199,7,1,90.0,6,2.42,0.3798106908798218,103,0.38086825609207153,115
6,MCF7,2.0,A199,7,1,90.0,6,2.47,0.3843056857585907,83,0.38674622774124146,89
6,MCF7,2.0,A199,7,1,90.0,6,2.52,0.38879460096359253,53,0.3922896683216095,55
6,MCF7,2.0,A199,7,1,90.0,6,2.57,0.3872256278991699,49,0.38836005330085754,50
6,MCF7,2.0,A199,7,1,90.0,6,2.62,0.38771799206733704,48,0.38771799206733704,48
6,MCF7,2.0,A199,7,1,90.0,6,2.67,0.4129934012889862,25,0.4139798581600189,26
6,MCF7,2.0,A199,7,1,90.0,6,2.72,0.4053995907306671,17,0.4053995907306671,17
6,MCF7,2.0,A199,7,1,90.0,6,2.77,0.4076612591743469,11,0.4076612591743469,11
6,MCF7,2.0,A199,7,1,90.0,6,2.82,0.40954482555389404,8,,8
1,MCF7,2.0,A199,8,1,90.0,1,0.0,,0,0.0,43
1,MCF7,2.0,A199,8,1,90.0,1,0.15,0.048512209206819534,5,0.05759557709097862,199
1,MCF7,2.0,A199,8,1,90.0,1,0.2,0.057670436799526215,307,0.059028007090091705,1466
1,MCF7,2.0,A199,8,1,90.0,1,0.25,0.06310110539197922,882,0.06011763587594032,2889
1,MCF7,2.0,A199,8,1,90.0,1,0.3,0.06826853007078171,881,0.05764864385128021,3625
1,MCF7,2.0,A199,8,1,90.0,1,0.35,0.07351776212453842,685,0.05838238075375557,3821
1,MCF7,2.0,A199,8,1,90.0,1,0.4,0.07549162209033966,555,0.061837878078222275,3053
1,MCF7,2.0,A199,8,1,90.0,1,0.45,0.0785006657242775,508,0.06649725884199142,1958
1,MCF7,2.0,A199,8,1,90.0,1,0.5,0.08258424699306488,491,0.07308151572942734,1197
1,MCF7,2.0,A199,8,1,90.0,1,0.55,0.08446221053600311,366,0.07799561321735382,621
1,MCF7,2.0,A199,8,1,90.0,1,0.6,0.08706448972225189,298,0.08288783580064774,381
1,MCF7,2.0,A199,8,1,90.0,1,0.65,0.08646094053983688,268,0.08387289941310883,302
1,MCF7,2.0,A199,8,1,90.0,1,0.7,0.08629880100488663,214,0.08473537117242813,228
1,MCF7,2.0,A199,8,1,90.0,1,0.75,0.09410156309604645,221,0.09423606097698212,223
1,MCF7,2.0,A199,8,1,90.0,1,0.8,0.09423685818910599,162,0.09423685818910599,162
1,MCF7,2.0,A199,8,1,90.0,1,0.85,0.09022526443004608,132,0.0903153270483017,133
1,MCF7,2.0,A199,8,1,90.0,1,0.9,0.0928037166595459,83,0.0928037166595459,83
1,MCF7,2.0,A199,8,1,90.0,1,0.95,0.09830757975578308,64,0.09830757975578308,64
1,MCF7,2.0,A199,8,1,90.0,1,1.0,0.09337566047906876,29,0.09337566047906876,29
1,MCF7,2.0,A199,8,1,90.0,1,1.05,0.0955190658569336,34,0.0955190658569336,34
1,MCF7,2.0,A199,8,1,90.0,1,1.1,0.09525950998067856,24,0.09525950998067856,24
1,MCF7,2.0,A199,8,1,90.0,1,1.15,0.095423124730587,23,0.095423124730587,23
1,MCF7,2.0,A199,8,1,90.0,1,1.2,0.10576341301202774,12,0.10576341301202774,12
2,MCF7,2.0,A199,8,1,90.0,2,0.0,,0,0.0,49
2,MCF7,2.0,A199,8,1,90.0,2,0.1,0.05081947147846222,465,0.05184200406074524,626
2,MCF7,2.0,A199,8,1,90.0,2,0.15,0.05504130199551582,1729,0.05475277081131935,3032
2,MCF7,2.0,A199,8,1,90.0,2,0.2,0.059421755373477936,761,0.052710603922605515,3506
2,MCF7,2.0,A199,8,1,90.0,2,0.25,0.05888371169567108,680,0.05341881141066551,4689
2,MCF7,2.0,A199,8,1,90.0,2,0.3,0.057655178010463715,661,0.0533159039914608,4477
2,MCF7,2.0,A199,8,1,90.0,2,0.35,0.06067965179681778,678,0.05635460093617439,2956
2,MCF7,2.0,A199,8,1,90.0,2,0.4,0.06317101418972015,660,0.058612920343875885,1624
2,MCF7,2.0,A199,8,1,90.0,2,0.45,0.06716147810220718,485,0.06348671019077301,861
2,MCF7,2.0,A199,8,1,90.0,2,0.5,0.07164635509252548,429,0.06960513442754745,552
2,MCF7,2.0,A199,8,1,90.0,2,0.55,0.07740367203950882,338,0.07807733863592148,390
2,MCF7,2.0,A199,8,1,90.0,2,0.6,0.08417638391256332,246,0.08520861715078354,271
2,MCF7,2.0,A199,8,1,90.0,2,0.65,0.08395466953516006,138,0.08640298247337341,154
2,MCF7,2.0,A199,8,1,90.0,2,0.7,0.0907776951789856,98,0.09118485450744629,100
2,MCF7,2.0,A199,8,1,90.0,2,0.75,0.08877799659967422,77,0.08984643220901489,79
2,MCF7,2.0,A199,8,1,90.0,2,0.8,0.0935136079788208,74,0.0935136079788208,74
2,MCF7,2.0,A199,8,1,90.0,2,0.85,0.09224634617567062,46,0.09224634617567062,46
2,MCF7,2.0,A199,8,1,90.0,2,0.9,0.08793988823890686,50,0.08793988823890686,50
2,MCF7,2.0,A199,8,1,90.0,2,0.95,0.08914464712142944,34,0.08914464712142944,34
2,MCF7,2.0,A199,8,1,90.0,2,1.0,0.08493075519800186,32,0.08493075519800186,32
2,MCF7,2.0,A199,8,1,90.0,2,1.05,0.08917108178138733,22,0.08917108178138733,22
2,MCF7,2.0,A199,8,1,90.0,2,1.1,0.09342726320028305,20,0.09342726320028305,20
2,MCF7,2.0,A199,8,1,90.0,2,1.15,0.09483691304922104,10,0.09483691304922104,10
2,MCF7,2.0,A199,8,1,90.0,2,1.2,0.10010972619056702,15,0.10010972619056702,15
2,MCF7,2.0,A199,8,1,90.0,2,1.4,0.11312544345855713,8,,8
3,MCF7,2.0,A199,8,1,90.0,3,0.0,,0,0.041236989200115204,22
3,MCF7,2.0,A199,8,1,90.0,3,0.05,0.04560462757945061,2240,0.045890890061855316,8383
3,MCF7,2.0,A199,8,1,90.0,3,0.1,0.05265173316001892,2986,0.053238846361637115,5378
3,MCF7,2.0,A199,8,1,90.0,3,0.15,0.05468602105975151,464,0.055144939571619034,489
3,MCF7,2.0,A199,8,1,90.0,3,0.2,0.0568903423845768,36,0.0568903423845768,36
3,MCF7,2.0,A199,8,1,90.0,3,0.25,0.05826316773891449,9,,9
4,MCF7,2.0,A199,8,1,90.0,4,0.06,,0,0.013143821619451046,174
4,MCF7,2.0,A199,8,1,90.0,4,0.11,0.04333653673529625,117,0.03716547042131424,3688
4,MCF7,2.0,A199,8,1,90.0,4,0.16,0.052130043506622314,1487,0.05145016685128212,6471
4,MCF7,2.0,A199,8,1,90.0,4,0.21,0.05990501120686531,1028,0.0658077821135521,3566
4,MCF7,2.0,A199,8,1,90.0,4,0.26,0.062454283237457275,913,0.07487928122282028,2580
4,MCF7,2.0,A199,8,1,90.0,4,0.31,0.07438662648200989,852,0.08497127145528793,2258
4,MCF7,2.0,A199,8,1,90.0,4,0.36,0.08689373731613159,962,0.09050276130437851,1249
4,MCF7,2.0,A199,8,1,90.0,4,0.41,0.09324143826961517,355,0.09347694367170334,358
4,MCF7,2.0,A199,8,1,90.0,4,0.46,0.09119763970375061,38,0.09119763970375061,38
4,MCF7,2.0,A199,8,1,90.0,4,0.56,0.08475244045257568,9,,9
5,MCF7,2.0,A199,8,1,90.0,5,0.04,,0,0.05406841263175011,96
5,MCF7,2.0,A199,8,1,90.0,5,0.09,0.05810546875,574,0.058300551027059555,4935
5,MCF7,2.0,A199,8,1,90.0,5,0.14,0.055628903210163116,1611,0.057398438453674316,6202
5,MCF7,2.0,A199,8,1,90.0,5,0.19,0.05816665664315224,1359,0.05309908464550972,2170
5,MCF7,2.0,A199,8,1,90.0,5,0.24,0.047959957271814346,870,0.042525336146354675,1867
5,MCF7,2.0,A199,8,1,90.0,5,0.29,0.04502873867750168,320,0.0434725359082222,574
5,MCF7,2.0,A199,8,1,90.0,5,0.34,0.04831862077116966,98,0.047973182052373886,104
5,MCF7,2.0,A199,8,1,90.0,5,0.39,0.05287107080221176,41,0.05287107080221176,41
5,MCF7,2.0,A199,8,1,90.0,5,0.44,0.06007743999361992,25,0.0594080351293087,26
5,MCF7,2.0,A199,8,1,90.0,5,0.49,0.04954247549176216,16,0.04954247549176216,16
5,MCF7,2.0,A199,8,1,90.0,5,0.54,0.05243735387921333,10,0.05127427726984024,11
5,MCF7,2.0,A199,8,1,90.0,5,0.59,0.07049274444580078,5,,6
5,MCF7,2.0,A199,8,1,90.0,5,0.64,0.05735272914171219,9,,9
5,MCF7,2.0,A199,8,1,90.0,5,0.69,0.07477615773677826,10,0.07477615773677826,10
6,MCF7,2.0,A199,8,1,90.0,6,0.13,0.056884489953517914,105,0.062334898859262466,403
6,MCF7,2.0,A199,8,1,90.0,6,0.18,0.06534958630800247,1820,0.06417138874530792,3921
6,MCF7,2.0,A199,8,1,90.0,6,0.23,0.06397274881601334,1791,0.062469836324453354,7751
6,MCF7,2.0,A199,8,1,90.0,6,0.28,0.07173188775777817,1742,0.07269743084907532,8170
6,MCF7,2.0,A199,8,1,90.0,6,0.33,0.08402054756879807,201,0.08063751459121704,1890
6,MCF7,2.0,A199,8,1,90.0,6,0.38,0.08162378519773483,12,0.07896054536104202,101
7,MCF7,2.0,A199,8,1,90.0,7,0.09,0.047655925154685974,547,0.04584939032793045,842
7,MCF7,2.0,A199,8,1,90.0,7,0.14,0.055603403598070145,2951,0.05318334326148033,8212
7,MCF7,2.0,A199,8,1,90.0,7,0.19,0.06705162674188614,89,0.06264392286539078,2224
7,MCF7,2.0,A199,8,1,90.0,7,0.24,,0,0.0684441477060318,34
8,MCF7,2.0,A199,8,1,90.0,8,0.13,,0,0.061423517763614655,119
8,MCF7,2.0,A199,8,1,90.0,8,0.18,,3,0.06339611858129501,2248
8,MCF7,2.0,A199,8,1,90.0,8,0.23,0.06309202313423157,664,0.06790592521429062,5804
8,MCF7,2.0,A199,8,1,90.0,8,0.28,0.07022134214639664,2036,0.0722462385892868,4706
8,MCF7,2.0,A199,8,1,90.0,8,0.33,0.07180958986282349,1088,0.07318597286939621,1397
8,MCF7,2.0,A199,8,1,90.0,8,0.38,0.07175232470035553,70,0.07371137291193008,78
1,MCF7,2.0,A199,0,2,40.0,1,0.12,,0,0.07815239578485489,109
1,MCF7,2.0,A199,0,2,40.0,1,0.17,0.11789358407258987,23,0.08864385634660721,1820
1,MCF7,2.0,A199,0,2,40.0,1,0.22,0.11652024835348129,284,0.09839890152215958,3198
1,MCF7,2.0,A199,0,2,40.0,1,0.27,0.11659137904644012,675,0.11044018715620041,2740
1,MCF7,2.0,A199,0,2,40.0,1,0.32,0.12077054381370544,1282,0.11764399707317352,1964
1,MCF7,2.0,A199,0,2,40.0,1,0.37,0.135478213429451,1219,0.13579104840755463,1269
1,MCF7,2.0,A199,0,2,40.0,1,0.42,0.1449633091688156,321,0.14435119926929474,343
1,MCF7,2.0,A199,0,2,40.0,1,0.47,0.1544589251279831,22,0.1509891301393509,33
1,MCF7,2.0,A199,0,2,40.0,1,0.52,,0,0.13815687596797943,10
2,MCF7,2.0,A199,0,2,40.0,2,0.17,,0,0.07516057044267654,192
2,MCF7,2.0,A199,0,2,40.0,2,0.22,0.0862070694565773,415,0.09234027564525604,916
2,MCF7,2.0,A199,0,2,40.0,2,0.27,0.09453039616346359,2991,0.09845928102731705,4921
2,MCF7,2.0,A199,0,2,40.0,2,0.32,0.1042182520031929,2735,0.1039147824048996,7813
2,MCF7,2.0,A199,0,2,40.0,2,0.37,0.11049455404281616,752,0.10931611806154251,3963
2,MCF7,2.0,A199,0,2,40.0,2,0.42,0.11321412771940231,96,0.11704100668430328,1362
2,MCF7,2.0,A199,0,2,40.0,2,0.47,0.10834747552871704,46,0.12000031769275665,433
2,MCF7,2.0,A199,0,2,40.0,2,0.52,,4,0.11123496294021606,43
1,MCF7,2.0,A199,1,2,40.0,1,0.0,,1,0.012624622322618961,263
1,MCF7,2.0,A199,1,2,40.0,1,0.05,0.03409922122955322,1200,0.03290087729692459,7351
1,MCF7,2.0,A199,1,2,40.0,1,0.1,0.04798850789666176,2104,0.046611811965703964,4146
1,MCF7,2.0,A199,1,2,40.0,1,0.15,0.053064242005348206,549,0.05398144945502281,793
1,MCF7,2.0,A199,1,2,40.0,1,0.2,0.05169200152158737,64,0.057224687188863754,121
1,MCF7,2.0,A199,1,2,40.0,1,0.25,,4,0.06585308164358139,27
1,MCF7,2.0,A199,1,2,40.0,1,0.3,,3,0.06767003238201141,19
1,MCF7,2.0,A199,1,2,40.0,1,0.35,,1,,8
1,MCF7,2.0,A199,1,2,40.0,1,0.4,,0,,7
2,MCF7,2.0,A199,1,2,40.0,2,0.01,0.039786338806152344,6,0.040802452713251114,628
2,MCF7,2.0,A199,1,2,40.0,2,0.06,0.044515009969472885,1761,0.04147860035300255,7948
3,MCF7,2.0,A199,1,2,40.0,3,0.0,0.041633352637290955,2667,0.03725328668951988,15460
3,MCF7,2.0,A199,1,2,40.0,3,0.05,0.05489522963762283,3851,0.05215403437614441,8060
4,MCF7,2.0,A199,1,2,40.0,4,0.0,,0,,9
4,MCF7,2.0,A199,1,2,40.0,4,0.1,,1,0.06132754310965538,16
4,MCF7,2.0,A199,1,2,40.0,4,0.15,0.06826826930046082,16,0.07790650427341461,195
4,MCF7,2.0,A199,1,2,40.0,4,0.2,0.07311023026704788,170,0.08285675942897797,620
4,MCF7,2.0,A199,1,2,40.0,4,0.25,0.0851111188530922,431,0.09073081612586975,1140
4,MCF7,2.0,A199,1,2,40.0,4,0.3,0.08987276256084442,741,0.0998498722910881,1457
4,MCF7,2.0,A199,1,2,40.0,4,0.35,0.0980626568198204,926,0.10406190156936646,1545
4,MCF7,2.0,A199,1,2,40.0,4,0.4,0.1028025895357132,795,0.11097688227891922,1217
4,MCF7,2.0,A199,1,2,40.0,4,0.45,0.10604651272296906,656,0.11345866322517395,906
4,MCF7,2.0,A199,1,2,40.0,4,0.5,0.1069473847746849,462,0.11264193058013916,625
4,MCF7,2.0,A199,1,2,40.0,4,0.55,0.11208845674991608,275,0.11845045536756516,372
4,MCF7,2.0,A199,1,2,40.0,4,0.6,0.11152968555688858,216,0.1173693835735321,264
4,MCF7,2.0,A199,1,2,40.0,4,0.65,0.1159728541970253,143,0.12119141221046448,192
4,MCF7,2.0,A199,1,2,40.0,4,0.7,0.1061624214053154,81,0.11547230929136276,102
4,MCF7,2.0,A199,1,2,40.0,4,0.75,0.1099822074174881,63,0.11641379445791245,76
4,MCF7,2.0,A199,1,2,40.0,4,0.8,0.11496879160404205,36,0.12394703924655914,45
4,MCF7,2.0,A199,1,2,40.0,4,0.85,0.10005950182676315,26,0.11056338250637054,35
4,MCF7,2.0,A199,1,2,40.0,4,0.9,0.12641969323158264,20,0.12937477231025696,30
4,MCF7,2.0,A199,1,2,40.0,4,0.95,0.10481493175029755,11,0.10483687371015549,14
4,MCF7,2.0,A199,1,2,40.0,4,1.0,0.12897396087646484,9,0.12040481716394424,12
4,MCF7,2.0,A199,1,2,40.0,4,1.05,0.12199728935956955,7,,9
5,MCF7,2.0,A199,1,2,40.0,5,0.03,0.03099404275417328,38,0.03788148984313011,123
5,MCF7,2.0,A199,1,2,40.0,5,0.08,0.038531724363565445,1563,0.04187660664319992,6942
5,MCF7,2.0,A199,1,2,40.0,5,0.13,0.0490078404545784,3780,0.05174531415104866,6250
5,MCF7,2.0,A199,1,2,40.0,5,0.18,0.05404564365744591,1139,0.05664362758398056,1375
5,MCF7,2.0,A199,1,2,40.0,5,0.23,0.057914625853300095,227,0.05874025449156761,237
5,MCF7,2.0,A199,1,2,40.0,5,0.28,0.06152643635869026,52,0.06152643635869026,52
5,MCF7,2.0,A199,1,2,40.0,5,0.33,0.06090328469872475,11,0.06090328469872475,11
6,MCF7,2.0,A199,1,2,40.0,6,0.02,0.030886666849255562,8,0.0371282733976841,1781
6,MCF7,2.0,A199,1,2,40.0,6,0.07,0.03747017681598663,3674,0.04239823669195175,12869
6,MCF7,2.0,A199,1,2,40.0,6,0.12,0.044715650379657745,3201,0.04915960505604744,6516
6,MCF7,2.0,A199,1,2,40.0,6,0.17,0.05236782506108284,1367,0.05437363684177399,1820
6,MCF7,2.0,A199,1,2,40.0,6,0.22,0.05688313767313957,956,0.058072835206985474,1111
6,MCF7,2.0,A199,1,2,40.0,6,0.27,0.05815606191754341,614,0.05940864980220795,692
6,MCF7,2.0,A199,1,2,40.0,6,0.32,0.05873025581240654,361,0.05994226783514023,395
6,MCF7,2.0,A199,1,2,40.0,6,0.37,0.05891767516732216,164,0.059092726558446884,168
6,MCF7,2.0,A199,1,2,40.0,6,0.42,0.0559222511947155,31,0.05698634684085846,32
6,MCF7,2.0,A199,1,2,40.0,6,0.47,0.05816682428121567,7,,7
1,MCF7,2.0,A199,10,2,40.0,1,0.05,0.012995459139347076,216,0.008997727185487747,1252
1,MCF7,2.0,A199,10,2,40.0,1,0.1,0.028962813317775726,2693,0.02875739336013794,9284
1,MCF7,2.0,A199,10,2,40.0,1,0.15,0.05234856903553009,31,0.034929171204566956,1607
2,MCF7,2.0,A199,10,2,40.0,2,0.05,0.026874469593167305,85,0.013820634223520756,1028
2,MCF7,2.0,A199,10,2,40.0,2,0.1,0.033313851803541183,1120,0.03356753662228584,2262
2,MCF7,2.0,A199,10,2,40.0,2,0.15,0.03899781033396721,975,0.05281376838684082,1811
2,MCF7,2.0,A199,10,2,40.0,2,0.2,0.045321982353925705,1120,0.05895179137587547,1817
2,MCF7,2.0,A199,10,2,40.0,2,0.25,0.04870845749974251,1238,0.05455433577299118,1548
2,MCF7,2.0,A199,10,2,40.0,2,0.3,0.05036500468850136,1005,0.05356249958276749,1100
2,MCF7,2.0,A199,10,2,40.0,2,0.35,0.054792504757642746,546,0.059237949550151825,589
2,MCF7,2.0,A199,10,2,40.0,2,0.4,0.05765755474567413,207,0.06095174700021744,222
2,MCF7,2.0,A199,10,2,40.0,2,0.45,0.06203899160027504,123,0.06806182116270065,133
2,MCF7,2.0,A199,10,2,40.0,2,0.5,0.06268969178199768,89,0.066078320145607,93
2,MCF7,2.0,A199,10,2,40.0,2,0.55,0.06730213761329651,46,0.07252474129199982,48
2,MCF7,2.0,A199,10,2,40.0,2,0.6,0.0661468356847763,18,0.07370983064174652,20
2,MCF7,2.0,A199,10,2,40.0,2,0.65,0.07501503080129623,19,0.07772897183895111,21
2,MCF7,2.0,A199,10,2,40.0,2,0.7,0.09744898974895477,10,0.0960879921913147,12
2,MCF7,2.0,A199,10,2,40.0,2,0.75,0.0911218598484993,7,,9
2,MCF7,2.0,A199,10,2,40.0,2,0.9,,4,,7
1,MCF7,2.0,A199,11,2,40.0,1,0.42,,0,,7
1,MCF7,2.0,A199,11,2,40.0,1,0.47,,0,0.06784452497959137,43
1,MCF7,2.0,A199,11,2,40.0,1,0.52,,0,0.0834852010011673,83
1,MCF7,2.0,A199,11,2,40.0,1,0.57,,0,0.08391808718442917,117
1,MCF7,2.0,A199,11,2,40.0,1,0.62,,0,0.09113465994596481,189
1,MCF7,2.0,A199,11,2,40.0,1,0.67,,1,0.09639715403318405,218
1,MCF7,2.0,A199,11,2,40.0,1,0.72,0.09805381298065186,14,0.10214922577142715,321
1,MCF7,2.0,A199,11,2,40.0,1,0.77,0.10111416131258011,57,0.102984219789505,319
1,MCF7,2.0,A199,11,2,40.0,1,0.82,0.10827594995498657,135,0.10858292132616043,460
1,MCF7,2.0,A199,11,2,40.0,1,0.87,0.11378627270460129,183,0.11160208284854889,561
1,MCF7,2.0,A199,11,2,40.0,1,0.92,0.1125478744506836,277,0.11240548640489578,674
1,MCF7,2.0,A199,11,2,40.0,1,0.97,0.1109231635928154,304,0.11119860410690308,717
1,MCF7,2.0,A199,11,2,40.0,1,1.02,0.1171799972653389,328,0.11668460816144943,707
1,MCF7,2.0,A199,11,2,40.0,1,1.07,0.11918271332979202,410,0.11749971657991409,717
1,MCF7,2.0,A199,11,2,40.0,1,1.12,0.12374567240476608,463,0.12351823598146439,690
1,MCF7,2.0,A199,11,2,40.0,1,1.17,0.12314348667860031,422,0.12428094446659088,588
1,MCF7,2.0,A199,11,2,40.0,1,1.22,0.13096977770328522,365,0.12997661530971527,528
1,MCF7,2.0,A199,11,2,40.0,1,1.27,0.13106027245521545,300,0.12815819680690765,374
1,MCF7,2.0,A199,11,2,40.0,1,1.32,0.13262926042079926,246,0.13119198381900787,315
1,MCF7,2.0,A199,11,2,40.0,1,1.37,0.13339512050151825,202,0.13370420038700104,240
1,MCF7,2.0,A199,11,2,40.0,1,1.42,0.13608883321285248,130,0.13815459609031677,173
1,MCF7,2.0,A199,11,2,40.0,1,1.47,0.13803789019584656,121,0.13656790554523468,151
1,MCF7,2.0,A199,11,2,40.0,1,1.52,0.1331353485584259,64,0.13432151079177856,92
1,MCF7,2.0,A199,11,2,40.0,1,1.57,0.13917763531208038,56,0.13759756088256836,69
1,MCF7,2.0,A199,11,2,40.0,1,1.62,0.13495905697345734,45,0.12594781816005707,58
1,MCF7,2.0,A199,11,2,40.0,1,1.67,0.13925860822200775,29,0.13615556061267853,39
1,MCF7,2.0,A199,11,2,40.0,1,1.72,0.13690797984600067,17,0.14134491980075836,26
1,MCF7,2.0,A199,11,2,40.0,1,1.77,0.13126802444458008,20,0.12518957257270813,27
1,MCF7,2.0,A199,11,2,40.0,1,1.82,0.13741938769817352,9,0.1372305005788803,15
1,MCF7,2.0,A199,11,2,40.0,1,1.92,0.15614348649978638,8,,9
1,MCF7,2.0,A199,11,2,40.0,1,1.97,0.15251374244689941,6,,8
1,MCF7,2.0,A199,11,2,40.0,1,2.02,,3,,6
2,MCF7,2.0,A199,11,2,40.0,2,0.13,0.02732096239924431,18,0.02092810720205307,83
2,MCF7,2.0,A199,11,2,40.0,2,0.18,0.024703683331608772,1071,0.02626817300915718,6076
2,MCF7,2.0,A199,11,2,40.0,2,0.23,0.03839796409010887,3016,0.04066258668899536,9231
2,MCF7,2.0,A199,11,2,40.0,2,0.28,0.04264644533395767,1820,0.04898670315742493,2967
2,MCF7,2.0,A199,11,2,40.0,2,0.33,0.04612811282277107,1150,0.046973440796136856,1214
2,MCF7,2.0,A199,11,2,40.0,2,0.38,0.05333004519343376,288,0.05333004519343376,288
2,MCF7,2.0,A199,11,2,40.0,2,0.43,0.05188369378447533,34,0.05188369378447533,34
1,MCF7,2.0,A199,12,2,40.0,1,0.04,0.01543101854622364,20,0.012553642503917217,71
1,MCF7,2.0,A199,12,2,40.0,1,0.09,0.01963936910033226,1137,0.0182183925062418,5018
1,MCF7,2.0,A199,12,2,40.0,1,0.14,0.030133219435811043,801,0.027239380404353142,4499
1,MCF7,2.0,A199,12,2,40.0,1,0.19,0.04279856011271477,619,0.038332823663949966,3063
1,MCF7,2.0,A199,12,2,40.0,1,0.24,0.051208995282649994,575,0.04832807183265686,1894
1,MCF7,2.0,A199,12,2,40.0,1,0.29,0.054771147668361664,457,0.055272407829761505,1071
1,MCF7,2.0,A199,12,2,40.0,1,0.34,0.06453514844179153,356,0.06371743977069855,489
1,MCF7,2.0,A199,12,2,40.0,1,0.39,0.07037552446126938,265,0.07041312009096146,303
1,MCF7,2.0,A199,12,2,40.0,1,0.44,0.07531911879777908,211,0.07386857271194458,221
1,MCF7,2.0,A199,12,2,40.0,1,0.49,0.08268517255783081,219,0.08150114864110947,229
1,MCF7,2.0,A199,12,2,40.0,1,0.54,0.08913898468017578,228,0.08893667161464691,229
1,MCF7,2.0,A199,12,2,40.0,1,0.59,0.08849687874317169,158,0.08849687874317169,158
1,MCF7,2.0,A199,12,2,40.0,1,0.64,0.09366227686405182,127,0.09366227686405182,127
1,MCF7,2.0,A199,12,2,40.0,1,0.69,0.09957259148359299,69,0.09957259148359299,69
1,MCF7,2.0,A199,12,2,40.0,1,0.74,0.09689721465110779,55,0.09689721465110779,55
1,MCF7,2.0,A199,12,2,40.0,1,0.79,0.10145986080169678,40,0.10145986080169678,40
1,MCF7,2.0,A199,12,2,40.0,1,0.84,0.11017630994319916,34,0.11017630994319916,34
1,MCF7,2.0,A199,12,2,40.0,1,0.89,0.10372865945100784,22,0.10372865945100784,22
1,MCF7,2.0,A199,12,2,40.0,1,0.94,0.11556359380483627,9,,9
1,MCF7,2.0,A199,12,2,40.0,1,0.99,0.10920805484056473,7,,7
2,MCF7,2.0,A199,12,2,40.0,2,0.07,0.03319239243865013,273,0.03314351662993431,435
2,MCF7,2.0,A199,12,2,40.0,2,0.12,0.04065755009651184,7884,0.039666034281253815,21566
2,MCF7,2.0,A199,12,2,40.0,2,0.17,0.04852162301540375,93,0.043400563299655914,4298
2,MCF7,2.0,A199,12,2,40.0,2,0.22,,0,0.05709954723715782,36
3,MCF7,2.0,A199,12,2,40.0,3,0.0,,0,0.0,152
3,MCF7,2.0,A199,12,2,40.0,3,0.05,,0,0.03467453271150589,315
3,MCF7,2.0,A199,12,2,40.0,3,0.1,0.036214545369148254,95,0.03781826049089432,6007
3,MCF7,2.0,A199,12,2,40.0,3,0.15,0.037527840584516525,1062,0.041507475078105927,12589
3,MCF7,2.0,A199,12,2,40.0,3,0.2,0.04120118170976639,1338,0.045983538031578064,8042
3,MCF7,2.0,A199,12,2,40.0,3,0.25,0.047237563878297806,1130,0.0530768446624279,3687
3,MCF7,2.0,A199,12,2,40.0,3,0.3,0.053208641707897186,920,0.059309862554073334,1885
3,MCF7,2.0,A199,12,2,40.0,3,0.35,0.05428471788764,861,0.058662448078393936,1298
3,MCF7,2.0,A199,12,2,40.0,3,0.4,0.05602768063545227,831,0.05908798798918724,1048
3,MCF7,2.0,A199,12,2,40.0,3,0.45,0.05967279151082039,535,0.06264478713274002,638
3,MCF7,2.0,A199,12,2,40.0,3,0.5,0.0664425790309906,347,0.06909959763288498,399
3,MCF7,2.0,A199,12,2,40.0,3,0.55,0.0667901337146759,270,0.06813017278909683,300
3,MCF7,2.0,A199,12,2,40.0,3,0.6,0.06908763200044632,253,0.0713527575135231,287
3,MCF7,2.0,A199,12,2,40.0,3,0.65,0.07440218329429626,176,0.0763498917222023,195
3,MCF7,2.0,A199,12,2,40.0,3,0.7,0.07498090714216232,171,0.07637105137109756,196
3,MCF7,2.0,A199,12,2,40.0,3,0.75,0.07459894567728043,129,0.07701727747917175,147
3,MCF7,2.0,A199,12,2,40.0,3,0.8,0.07656524330377579,88,0.08088064938783646,111
3,MCF7,2.0,A199,12,2,40.0,3,0.85,0.07890166342258453,69,0.08495595306158066,87
3,MCF7,2.0,A199,12,2,40.0,3,0.9,0.07914221286773682,86,0.08266130089759827,96
3,MCF7,2.0,A199,12,2,40.0,3,0.95,0.0819561555981636,43,0.08540854603052139,50
3,MCF7,2.0,A199,12,2,40.0,3,1.0,0.0842617079615593,40,0.08511562645435333,45
3,MCF7,2.0,A199,12,2,40.0,3,1.05,0.08863219618797302,24,0.08942565321922302,26
3,MCF7,2.0,A199,12,2,40.0,3,1.1,0.08282196521759033,20,0.08722033351659775,24
3,MCF7,2.0,A199,12,2,40.0,3,1.15,0.10534606873989105,16,0.1073359027504921,17
3,MCF7,2.0,A199,12,2,40.0,3,1.2,0.06799450516700745,8,,9
3,MCF7,2.0,A199,12,2,40.0,3,1.25,0.06122422218322754,13,0.06122422218322754,13
3,MCF7,2.0,A199,12,2,40.0,3,1.35,0.04883604496717453,9,,9
3,MCF7,2.0,A199,12,2,40.0,3,1.45,0.052221424877643585,8,,8
3,MCF7,2.0,A199,12,2,40.0,3,1.5,0.07455941289663315,9,,9
4,MCF7,2.0,A199,12,2,40.0,4,0.2,,0,0.052099570631980896,17
4,MCF7,2.0,A199,12,2,40.0,4,0.25,,1,0.04828349128365517,317
4,MCF7,2.0,A199,12,2,40.0,4,0.3,,3,0.05204732343554497,1273
4,MCF7,2.0,A199,12,2,40.0,4,0.35,0.05246467888355255,186,0.056691285222768784,2054
4,MCF7,2.0,A199,12,2,40.0,4,0.4,0.05807126685976982,323,0.060830771923065186,2259
4,MCF7,2.0,A199,12,2,40.0,4,0.45,0.07110709697008133,376,0.06811919808387756,2040
4,MCF7,2.0,A199,12,2,40.0,4,0.5,0.07521489262580872,743,0.0715513527393341,2103
4,MCF7,2.0,A199,12,2,40.0,4,0.55,0.07897399365901947,845,0.07710090279579163,1702
4,MCF7,2.0,A199,12,2,40.0,4,0.6,0.0824837014079094,602,0.08071232587099075,863
4,MCF7,2.0,A199,12,2,40.0,4,0.65,0.08877141028642654,403,0.08676129579544067,466
4,MCF7,2.0,A199,12,2,40.0,4,0.7,0.08783935010433197,242,0.08772538602352142,249
4,MCF7,2.0,A199,12,2,40.0,4,0.75,0.09450414776802063,213,0.09382350742816925,219
4,MCF7,2.0,A199,12,2,40.0,4,0.8,0.09746970981359482,204,0.09738099575042725,205
4,MCF7,2.0,A199,12,2,40.0,4,0.85,0.09871146827936172,144,0.09803489595651627,146
4,MCF7,2.0,A199,12,2,40.0,4,0.9,0.095161072909832,99,0.095161072909832,99
4,MCF7,2.0,A199,12,2,40.0,4,0.95,0.10706061124801636,85,0.10706061124801636,85
4,MCF7,2.0,A199,12,2,40.0,4,1.0,0.09879273176193237,46,0.09879273176193237,46
4,MCF7,2.0,A199,12,2,40.0,4,1.05,0.11083976179361343,28,0.11083976179361343,28
4,MCF7,2.0,A199,12,2,40.0,4,1.1,0.10090070962905884,34,0.10090070962905884,34
4,MCF7,2.0,A199,12,2,40.0,4,1.15,0.10504018515348434,19,0.10504018515348434,19
4,MCF7,2.0,A199,12,2,40.0,4,1.2,0.09086737036705017,22,0.09086737036705017,22
4,MCF7,2.0,A199,12,2,40.0,4,1.25,0.11260220408439636,17,0.11260220408439636,17
4,MCF7,2.0,A199,12,2,40.0,4,1.3,0.1036447286605835,15,0.1036447286605835,15
4,MCF7,2.0,A199,12,2,40.0,4,1.35,0.09717674553394318,9,,9
4,MCF7,2.0,A199,12,2,40.0,4,1.4,0.11466506868600845,9,,9
5,MCF7,2.0,A199,12,2,40.0,5,0.2,,3,0.04686008021235466,10
5,MCF7,2.0,A199,12,2,40.0,5,0.25,0.054524969309568405,198,0.05313180759549141,893
5,MCF7,2.0,A199,12,2,40.0,5,0.3,0.05339044705033302,1355,0.05488109961152077,6153
5,MCF7,2.0,A199,12,2,40.0,5,0.35,0.054621197283267975,1713,0.056164391338825226,6189
5,MCF7,2.0,A199,12,2,40.0,5,0.4,0.061193984001874924,1186,0.06138341873884201,2184
5,MCF7,2.0,A199,12,2,40.0,5,0.45,0.06695971637964249,395,0.06665124744176865,485
5,MCF7,2.0,A199,12,2,40.0,5,0.5,0.06712094694375992,35,0.06747807562351227,37
6,MCF7,2.0,A199,12,2,40.0,6,0.02,,0,0.02724625915288925,121
6,MCF7,2.0,A199,12,2,40.0,6,0.07,0.02855871059000492,161,0.031528543680906296,8607
6,MCF7,2.0,A199,12,2,40.0,6,0.12,0.030260231345891953,2027,0.02998581901192665,8604
6,MCF7,2.0,A199,12,2,40.0,6,0.17,0.03490746021270752,1655,0.030440663918852806,3522
6,MCF7,2.0,A199,12,2,40.0,6,0.22,0.03502542898058891,671,0.03477184846997261,1017
6,MCF7,2.0,A199,12,2,40.0,6,0.27,0.02983822673559189,244,0.031505685299634933,281
6,MCF7,2.0,A199,12,2,40.0,6,0.32,0.029216419905424118,117,0.03047451190650463,133
6,MCF7,2.0,A199,12,2,40.0,6,0.37,0.03689207881689072,34,0.03948204964399338,40
6,MCF7,2.0,A199,12,2,40.0,6,0.42,0.031727518886327744,19,0.03340804949402809,24
6,MCF7,2.0,A199,12,2,40.0,6,0.47,0.02736835367977619,9,0.030342532321810722,11
6,MCF7,2.0,A199,12,2,40.0,6,0.52,0.03303986042737961,5,,7
7,MCF7,2.0,A199,12,2,40.0,7,0.05,,0,0.03152108192443848,24
7,MCF7,2.0,A199,12,2,40.0,7,0.1,,0,0.038354068994522095,2750
7,MCF7,2.0,A199,12,2,40.0,7,0.15,0.04848718270659447,17,0.04330316558480263,7548
7,MCF7,2.0,A199,12,2,40.0,7,0.2,0.06161528080701828,1290,0.054020192474126816,6242
7,MCF7,2.0,A199,12,2,40.0,7,0.25,0.06778966635465622,1986,0.07108331471681595,5968
7,MCF7,2.0,A199,12,2,40.0,7,0.3,0.07678726315498352,2577,0.09096883982419968,5919
7,MCF7,2.0,A199,12,2,40.0,7,0.35,0.10647961497306824,1587,0.11354179680347443,2720
7,MCF7,2.0,A199,12,2,40.0,7,0.4,0.11921042948961258,461,0.11968186497688293,595
7,MCF7,2.0,A199,12,2,40.0,7,0.45,0.11994010210037231,21,0.11446677893400192,26
1,MCF7,2.0,A199,13,2,40.0,1,0.0,,2,0.019789686426520348,20
1,MCF7,2.0,A199,13,2,40.0,1,0.05,0.021642718464136124,1455,0.021792491897940636,6784
1,MCF7,2.0,A199,13,2,40.0,1,0.1,0.02695194073021412,995,0.023907320573925972,3117
1,MCF7,2.0,A199,13,2,40.0,1,0.15,0.030251605436205864,957,0.0244598425924778,2252
1,MCF7,2.0,A199,13,2,40.0,1,0.2,0.032428935170173645,533,0.03027026355266571,655
1,MCF7,2.0,A199,13,2,40.0,1,0.25,0.03245028853416443,249,0.03100084327161312,273
1,MCF7,2.0,A199,13,2,40.0,1,0.3,0.032632067799568176,181,0.03194449841976166,191
1,MCF7,2.0,A199,13,2,40.0,1,0.35,0.035683587193489075,100,0.035683587193489075,100
1,MCF7,2.0,A199,13,2,40.0,1,0.4,0.0320897102355957,34,0.0320897102355957,34
1,MCF7,2.0,A199,13,2,40.0,1,0.45,0.03830445930361748,19,0.03830445930361748,19
1,MCF7,2.0,A199,13,2,40.0,1,0.5,0.04913489893078804,10,0.04913489893078804,10
1,MCF7,2.0,A199,13,2,40.0,1,0.55,0.04338805750012398,6,,6
1,MCF7,2.0,A199,13,2,40.0,1,0.7,0.032693251967430115,6,,6
2,MCF7,2.0,A199,13,2,40.0,2,0.04,0.03790593519806862,50,0.041910577565431595,64
2,MCF7,2.0,A199,13,2,40.0,2,0.09,0.0433652326464653,801,0.05213623866438866,1499
2,MCF7,2.0,A199,13,2,40.0,2,0.14,0.05176667869091034,920,0.059147413820028305,2912
2,MCF7,2.0,A199,13,2,40.0,2,0.19,0.05607065185904503,660,0.06052906811237335,2228
2,MCF7,2.0,A199,13,2,40.0,2,0.24,0.060810379683971405,723,0.06341759860515594,1288
2,MCF7,2.0,A199,13,2,40.0,2,0.29,0.06455689668655396,665,0.06540811061859131,867
2,MCF7,2.0,A199,13,2,40.0,2,0.34,0.06847020238637924,471,0.06928832083940506,569
2,MCF7,2.0,A199,13,2,40.0,2,0.39,0.0727059617638588,319,0.07311757653951645,347
2,MCF7,2.0,A199,13,2,40.0,2,0.44,0.07611820846796036,234,0.07712952047586441,242
2,MCF7,2.0,A199,13,2,40.0,2,0.49,0.0829438865184784,174,0.0829799473285675,176
2,MCF7,2.0,A199,13,2,40.0,2,0.54,0.0854952335357666,99,0.08525188267230988,102
2,MCF7,2.0,A199,13,2,40.0,2,0.59,0.08797995001077652,61,0.08825337141752243,62
2,MCF7,2.0,A199,13,2,40.0,2,0.64,0.09038152545690536,34,0.09038152545690536,34
2,MCF7,2.0,A199,13,2,40.0,2,0.69,0.09652707725763321,20,0.09652707725763321,20
2,MCF7,2.0,A199,13,2,40.0,2,0.74,0.08705739676952362,10,0.08705739676952362,10
2,MCF7,2.0,A199,13,2,40.0,2,0.79,0.12180548161268234,6,,6
2,MCF7,2.0,A199,13,2,40.0,2,0.84,0.0922623947262764,6,,6
2,MCF7,2.0,A199,13,2,40.0,2,0.89,0.1206541433930397,7,,7
3,MCF7,2.0,A199,13,2,40.0,3,0.05,,0,,6
3,MCF7,2.0,A199,13,2,40.0,3,0.1,0.02255321852862835,68,0.03714858368039131,906
3,MCF7,2.0,A199,13,2,40.0,3,0.15,0.031978361308574677,1811,0.039580345153808594,6117
3,MCF7,2.0,A199,13,2,40.0,3,0.2,0.04201158881187439,2141,0.04979070648550987,5791
3,MCF7,2.0,A199,13,2,40.0,3,0.25,0.05091135948896408,808,0.057299572974443436,1507
3,MCF7,2.0,A199,13,2,40.0,3,0.3,0.05363886058330536,237,0.058319125324487686,274
3,MCF7,2.0,A199,13,2,40.0,3,0.35,0.05382583662867546,154,0.05382583662867546,154
3,MCF7,2.0,A199,13,2,40.0,3,0.4,0.05516691878437996,109,0.05516691878437996,109
3,MCF7,2.0,A199,13,2,40.0,3,0.45,0.06003870069980621,36,0.06003870069980621,36
3,MCF7,2.0,A199,13,2,40.0,3,0.5,0.05916338786482811,7,,7
3,MCF7,2.0,A199,13,2,40.0,3,0.55,0.05657704547047615,9,,9
4,MCF7,2.0,A199,13,2,40.0,4,0.1,0.018648570403456688,6,0.04132396727800369,553
4,MCF7,2.0,A199,13,2,40.0,4,0.15,0.04534171521663666,176,0.04710909351706505,3863
4,MCF7,2.0,A199,13,2,40.0,4,0.2,0.05248532444238663,683,0.05615779757499695,5707
4,MCF7,2.0,A199,13,2,40.0,4,0.25,0.05358940735459328,1032,0.059085335582494736,3737
4,MCF7,2.0,A199,13,2,40.0,4,0.3,0.05484364926815033,1455,0.058469947427511215,2342
4,MCF7,2.0,A199,13,2,40.0,4,0.35,0.05909149348735809,1319,0.06047695502638817,1570
4,MCF7,2.0,A199,13,2,40.0,4,0.4,0.06545620411634445,790,0.06704514473676682,860
4,MCF7,2.0,A199,13,2,40.0,4,0.45,0.06972037255764008,459,0.0711965411901474,490
4,MCF7,2.0,A199,13,2,40.0,4,0.5,0.07253808528184891,290,0.07411178946495056,309
4,MCF7,2.0,A199,13,2,40.0,4,0.55,0.07463996857404709,120,0.07617668062448502,126
4,MCF7,2.0,A199,13,2,40.0,4,0.6,0.08296554535627365,64,0.08425743877887726,69
4,MCF7,2.0,A199,13,2,40.0,4,0.65,0.0900547131896019,39,0.09043385833501816,46
4,MCF7,2.0,A199,13,2,40.0,4,0.7,0.0827755406498909,29,0.08303217589855194,33
4,MCF7,2.0,A199,13,2,40.0,4,0.75,0.07838353514671326,21,0.07838353514671326,21
4,MCF7,2.0,A199,13,2,40.0,4,0.8,0.08967126160860062,7,,9
4,MCF7,2.0,A199,13,2,40.0,4,0.85,0.07519426196813583,8,,9
4,MCF7,2.0,A199,13,2,40.0,4,0.9,0.10050633549690247,9,0.09804382175207138,10
4,MCF7,2.0,A199,13,2,40.0,4,0.95,0.0783921480178833,10,0.0783921480178833,10
5,MCF7,2.0,A199,13,2,40.0,5,0.14,,0,0.0353267602622509,16
5,MCF7,2.0,A199,13,2,40.0,5,0.19,0.034779760986566544,125,0.04078654572367668,1084
5,MCF7,2.0,A199,13,2,40.0,5,0.24,0.047399137169122696,1306,0.046345580369234085,4674
5,MCF7,2.0,A199,13,2,40.0,5,0.29,0.05651111155748367,3118,0.05658914893865585,7077
5,MCF7,2.0,A199,13,2,40.0,5,0.34,0.06045534834265709,1390,0.06543691456317902,4079
5,MCF7,2.0,A199,13,2,40.0,5,0.39,0.05852509289979935,60,0.07438290119171143,644
5,MCF7,2.0,A199,13,2,40.0,5,0.44,,0,0.08600305765867233,50
5,MCF7,2.0,A199,13,2,40.0,5,0.49,,0,,8
6,MCF7,2.0,A199,13,2,40.0,6,0.0,,0,0.0,39
6,MCF7,2.0,A199,13,2,40.0,6,0.05,0.030972395092248917,151,0.04159468412399292,567
6,MCF7,2.0,A199,13,2,40.0,6,0.1,0.032505206763744354,1738,0.03812598064541817,5405
6,MCF7,2.0,A199,13,2,40.0,6,0.15,0.033746156841516495,1699,0.037517718970775604,5270
6,MCF7,2.0,A199,13,2,40.0,6,0.2,0.03267134353518486,190,0.041442494839429855,1027
6,MCF7,2.0,A199,13,2,40.0,6,0.25,0.024094227701425552,8,0.04022897779941559,99
6,MCF7,2.0,A199,13,2,40.0,6,0.3,,2,0.040938906371593475,20
7,MCF7,2.0,A199,13,2,40.0,7,0.0,,4,0.030512986704707146,328
7,MCF7,2.0,A199,13,2,40.0,7,0.05,0.026929596439003944,3554,0.031064428389072418,14432
7,MCF7,2.0,A199,13,2,40.0,7,0.1,0.04454919323325157,458,0.046891793608665466,856
1,MCF7,2.0,A199,14,2,40.0,1,0.0,,0,0.0,22
1,MCF7,2.0,A199,14,2,40.0,1,0.2,,0,0.05204673856496811,20
1,MCF7,2.0,A199,14,2,40.0,1,0.25,0.05779058113694191,22,0.05298016965389252,264
1,MCF7,2.0,A199,14,2,40.0,1,0.3,0.05658332630991936,244,0.06312105804681778,1179
1,MCF7,2.0,A199,14,2,40.0,1,0.35,0.06099856272339821,913,0.06638646125793457,2831
1,MCF7,2.0,A199,14,2,40.0,1,0.4,0.06442742049694061,1340,0.07183552533388138,4302
1,MCF7,2.0,A199,14,2,40.0,1,0.45,0.07154472917318344,1120,0.07699894905090332,4359
1,MCF7,2.0,A199,14,2,40.0,1,0.5,0.07772161066532135,1015,0.08289913088083267,3862
1,MCF7,2.0,A199,14,2,40.0,1,0.55,0.0860193744301796,863,0.0906684622168541,3137
1,MCF7,2.0,A199,14,2,40.0,1,0.6,0.09504887461662292,706,0.09658965468406677,2224
1,MCF7,2.0,A199,14,2,40.0,1,0.65,0.09958548098802567,553,0.1029268354177475,1431
1,MCF7,2.0,A199,14,2,40.0,1,0.7,0.10621184855699539,441,0.10942786931991577,990
1,MCF7,2.0,A199,14,2,40.0,1,0.75,0.11196234077215195,344,0.11031229794025421,675
1,MCF7,2.0,A199,14,2,40.0,1,0.8,0.1189349815249443,308,0.11868562549352646,491
1,MCF7,2.0,A199,14,2,40.0,1,0.85,0.12224472314119339,231,0.1219334527850151,349
1,MCF7,2.0,A199,14,2,40.0,1,0.9,0.13110238313674927,191,0.12766583263874054,269
1,MCF7,2.0,A199,14,2,40.0,1,0.95,0.12810593843460083,152,0.12861871719360352,190
1,MCF7,2.0,A199,14,2,40.0,1,1.0,0.1301017552614212,121,0.13260360062122345,158
1,MCF7,2.0,A199,14,2,40.0,1,1.05,0.13600045442581177,94,0.14041556417942047,125
1,MCF7,2.0,A199,14,2,40.0,1,1.1,0.1397813856601715,95,0.1429482400417328,129
1,MCF7,2.0,A199,14,2,40.0,1,1.15,0.14292889833450317,89,0.1418525129556656,114
1,MCF7,2.0,A199,14,2,40.0,1,1.2,0.15306740999221802,76,0.15537329018115997,92
1,MCF7,2.0,A199,14,2,40.0,1,1.25,0.1520845741033554,57,0.1530998945236206,68
1,MCF7,2.0,A199,14,2,40.0,1,1.3,0.14811374247074127,31,0.1582699418067932,43
1,MCF7,2.0,A199,14,2,40.0,1,1.35,0.14476937055587769,40,0.14858050644397736,46
1,MCF7,2.0,A199,14,2,40.0,1,1.4,0.15897154808044434,35,0.16369850933551788,45
1,MCF7,2.0,A199,14,2,40.0,1,1.45,0.16307179629802704,24,0.16157937049865723,32
1,MCF7,2.0,A199,14,2,40.0,1,1.5,0.1634513884782791,24,0.16452434659004211,36
1,MCF7,2.0,A199,14,2,40.0,1,1.55,0.16791652143001556,14,0.153522327542305,30
1,MCF7,2.0,A199,14,2,40.0,1,1.6,0.187261700630188,25,0.189225971698761,31
1,MCF7,2.0,A199,14,2,40.0,1,1.65,0.1588577777147293,22,0.1675763726234436,29
1,MCF7,2.0,A199,14,2,40.0,1,1.7,0.12823455035686493,12,0.16252267360687256,21
1,MCF7,2.0,A199,14,2,40.0,1,1.75,0.16292952001094818,13,0.1513659656047821,15
1,MCF7,2.0,A199,14,2,40.0,1,1.8,0.18329700827598572,13,0.1710125058889389,16
1,MCF7,2.0,A199,14,2,40.0,1,1.85,0.17525902390480042,5,0.18295559287071228,11
1,MCF7,2.0,A199,14,2,40.0,1,1.9,0.14187732338905334,13,0.15110646188259125,15
1,MCF7,2.0,A199,14,2,40.0,1,1.95,0.18287266790866852,13,0.18418282270431519,16
1,MCF7,2.0,A199,14,2,40.0,1,2.0,0.19621630012989044,9,0.18083210289478302,11
1,MCF7,2.0,A199,14,2,40.0,1,2.05,0.13499893248081207,11,0.13584913313388824,14
1,MCF7,2.0,A199,14,2,40.0,1,2.1,0.17375153303146362,11,0.18430933356285095,17
1,MCF7,2.0,A199,14,2,40.0,1,2.15,0.17751844227313995,7,0.16561837494373322,11
1,MCF7,2.0,A199,14,2,40.0,1,2.2,0.10277698189020157,6,,9
1,MCF7,2.0,A199,14,2,40.0,1,2.25,,4,,7
1,MCF7,2.0,A199,14,2,40.0,1,2.35,0.16770662367343903,6,,6
1,MCF7,2.0,A199,14,2,40.0,1,2.45,0.16245350241661072,7,,7
1,MCF7,2.0,A199,14,2,40.0,1,2.5,,4,,6
1,MCF7,2.0,A199,14,2,40.0,1,2.7,,4,,6
2,MCF7,2.0,A199,14,2,40.0,2,0.21,,0,,8
2,MCF7,2.0,A199,14,2,40.0,2,0.26,,4,0.10317803919315338,124
2,MCF7,2.0,A199,14,2,40.0,2,0.31,0.07996214926242828,97,0.109005868434906,625
2,MCF7,2.0,A199,14,2,40.0,2,0.36,0.07928654551506042,751,0.09442129731178284,2077
2,MCF7,2.0,A199,14,2,40.0,2,0.41,0.07716285437345505,1742,0.09040667861700058,4246
2,MCF7,2.0,A199,14,2,40.0,2,0.46,0.0769619271159172,1838,0.09050249308347702,4745
2,MCF7,2.0,A199,14,2,40.0,2,0.51,0.07927042245864868,1399,0.09273642301559448,3474
2,MCF7,2.0,A199,14,2,40.0,2,0.56,0.08556598424911499,802,0.09707483649253845,1894
2,MCF7,2.0,A199,14,2,40.0,2,0.61,0.09316572546958923,297,0.10348857939243317,756
2,MCF7,2.0,A199,14,2,40.0,2,0.66,0.1024104654788971,123,0.111066535115242,261
2,MCF7,2.0,A199,14,2,40.0,2,0.71,0.10463203489780426,84,0.11145690083503723,130
2,MCF7,2.0,A199,14,2,40.0,2,0.76,0.09780361503362656,51,0.1098451018333435,69
2,MCF7,2.0,A199,14,2,40.0,2,0.81,0.11418894678354263,21,0.11748405545949936,27
2,MCF7,2.0,A199,14,2,40.0,2,0.86,0.098651222884655,13,0.1136532574892044,22
2,MCF7,2.0,A199,14,2,40.0,2,0.91,0.07108496129512787,5,,8
2,MCF7,2.0,A199,14,2,40.0,2,0.96,0.09395618736743927,5,,7
3,MCF7,2.0,A199,14,2,40.0,3,0.18,0.05844501033425331,6,0.06573539227247238,38
3,MCF7,2.0,A199,14,2,40.0,3,0.23,0.05509557947516441,126,0.06436681747436523,482
3,MCF7,2.0,A199,14,2,40.0,3,0.28,0.05955091118812561,350,0.06786838173866272,1143
3,MCF7,2.0,A199,14,2,40.0,3,0.33,0.06773211807012558,415,0.07069738954305649,1462
3,MCF7,2.0,A199,14,2,40.0,3,0.38,0.06816604733467102,707,0.06896966695785522,1767
3,MCF7,2.0,A199,14,2,40.0,3,0.43,0.07161874324083328,975,0.07032459229230881,1845
3,MCF7,2.0,A199,14,2,40.0,3,0.48,0.07666082680225372,907,0.07452577352523804,1516
3,MCF7,2.0,A199,14,2,40.0,3,0.53,0.07910428196191788,772,0.07909225672483444,1155
3,MCF7,2.0,A199,14,2,40.0,3,0.58,0.08707863092422485,621,0.0866151824593544,829
3,MCF7,2.0,A199,14,2,40.0,3,0.63,0.09082899987697601,410,0.0905938446521759,511
3,MCF7,2.0,A199,14,2,40.0,3,0.68,0.09525741636753082,314,0.09476067125797272,353
3,MCF7,2.0,A199,14,2,40.0,3,0.73,0.09654351323843002,261,0.09495066851377487,299
3,MCF7,2.0,A199,14,2,40.0,3,0.78,0.10531444102525711,211,0.10241376608610153,236
3,MCF7,2.0,A199,14,2,40.0,3,0.83,0.10459379851818085,179,0.10332208126783371,201
3,MCF7,2.0,A199,14,2,40.0,3,0.88,0.10048262774944305,151,0.09728056937456131,170
3,MCF7,2.0,A199,14,2,40.0,3,0.93,0.11191931366920471,104,0.10841314494609833,111
3,MCF7,2.0,A199,14,2,40.0,3,0.98,0.1031508669257164,95,0.10137730836868286,102
3,MCF7,2.0,A199,14,2,40.0,3,1.03,0.10385454446077347,84,0.10309962928295135,90
3,MCF7,2.0,A199,14,2,40.0,3,1.08,0.11321629583835602,55,0.10959258675575256,58
3,MCF7,2.0,A199,14,2,40.0,3,1.13,0.09588756412267685,50,0.09536026418209076,53
3,MCF7,2.0,A199,14,2,40.0,3,1.18,0.10168996453285217,47,0.09954341500997543,49
3,MCF7,2.0,A199,14,2,40.0,3,1.23,0.11359182745218277,35,0.11128532886505127,37
3,MCF7,2.0,A199,14,2,40.0,3,1.28,0.11439505219459534,25,0.11075463891029358,26
3,MCF7,2.0,A199,14,2,40.0,3,1.33,0.10671794414520264,16,0.10256405919790268,17
3,MCF7,2.0,A199,14,2,40.0,3,1.38,0.10687611997127533,20,0.10687611997127533,20
3,MCF7,2.0,A199,14,2,40.0,3,1.43,0.11256548017263412,19,0.11256548017263412,19
3,MCF7,2.0,A199,14,2,40.0,3,1.48,0.1093713790178299,15,0.1093713790178299,15
3,MCF7,2.0,A199,14,2,40.0,3,1.53,0.11183476448059082,17,0.10952378064393997,18
3,MCF7,2.0,A199,14,2,40.0,3,1.63,0.08988478779792786,9,,9
3,MCF7,2.0,A199,14,2,40.0,3,1.73,0.1444714367389679,7,,7
3,MCF7,2.0,A199,14,2,40.0,3,1.78,0.1069590300321579,8,,8
3,MCF7,2.0,A199,14,2,40.0,3,1.88,0.14625811576843262,8,,8
4,MCF7,2.0,A199,14,2,40.0,4,0.0,,0,,6
4,MCF7,2.0,A199,14,2,40.0,4,0.1,0.01917163096368313,11,0.039555396884679794,237
4,MCF7,2.0,A199,14,2,40.0,4,0.15,0.028940953314304352,844,0.035440895706415176,3353
4,MCF7,2.0,A199,14,2,40.0,4,0.2,0.033935341984033585,3601,0.03804435953497887,11949
4,MCF7,2.0,A199,14,2,40.0,4,0.25,0.040309131145477295,3023,0.04370749741792679,12274
4,MCF7,2.0,A199,14,2,40.0,4,0.3,0.04712391272187233,1480,0.05140576884150505,5592
4,MCF7,2.0,A199,14,2,40.0,4,0.35,0.0510246567428112,646,0.05860462412238121,2098
4,MCF7,2.0,A199,14,2,40.0,4,0.4,0.05557215213775635,407,0.06391646713018417,1020
4,MCF7,2.0,A199,14,2,40.0,4,0.45,0.0589803047478199,239,0.06720180064439774,532
4,MCF7,2.0,A199,14,2,40.0,4,0.5,0.05707592889666557,124,0.06951266527175903,336
4,MCF7,2.0,A199,14,2,40.0,4,0.55,0.0687098279595375,87,0.06826876103878021,241
4,MCF7,2.0,A199,14,2,40.0,4,0.6,0.0598473958671093,53,0.06458400934934616,172
4,MCF7,2.0,A199,14,2,40.0,4,0.65,0.06482292711734772,52,0.07100462913513184,137
4,MCF7,2.0,A199,14,2,40.0,4,0.7,0.0707884207367897,31,0.07208431512117386,94
4,MCF7,2.0,A199,14,2,40.0,4,0.75,0.06457831710577011,22,0.06956062465906143,71
4,MCF7,2.0,A199,14,2,40.0,4,0.8,0.0802844762802124,14,0.0761149525642395,38
4,MCF7,2.0,A199,14,2,40.0,4,0.85,0.06722798943519592,11,0.07614802569150925,36
4,MCF7,2.0,A199,14,2,40.0,4,0.9,0.07412682473659515,9,0.07253281772136688,25
4,MCF7,2.0,A199,14,2,40.0,4,0.95,0.0765700489282608,5,0.06903122365474701,15
4,MCF7,2.0,A199,14,2,40.0,4,1.0,0.09790109097957611,7,0.08906642347574234,13
4,MCF7,2.0,A199,14,2,40.0,4,1.05,0.09592187404632568,7,0.07797007262706757,20
4,MCF7,2.0,A199,14,2,40.0,4,1.1,,2,,6
4,MCF7,2.0,A199,14,2,40.0,4,1.15,0.11003036797046661,10,0.08643820136785507,19
4,MCF7,2.0,A199,14,2,40.0,4,1.2,0.11549574881792068,6,0.09849724173545837,11
4,MCF7,2.0,A199,14,2,40.0,4,1.3,0.09689075499773026,5,,7
5,MCF7,2.0,A199,14,2,40.0,5,0.27,0.03745150566101074,95,0.04060641676187515,327
5,MCF7,2.0,A199,14,2,40.0,5,0.32,0.04624760523438454,507,0.047839224338531494,1453
5,MCF7,2.0,A199,14,2,40.0,5,0.37,0.056821808218955994,1051,0.05741129815578461,2393
5,MCF7,2.0,A199,14,2,40.0,5,0.42,0.06369705498218536,1000,0.0654798224568367,2209
5,MCF7,2.0,A199,14,2,40.0,5,0.47,0.06835028529167175,727,0.07109743356704712,1502
5,MCF7,2.0,A199,14,2,40.0,5,0.52,0.07393985241651535,491,0.07571040838956833,830
5,MCF7,2.0,A199,14,2,40.0,5,0.57,0.07971100509166718,375,0.08135349303483963,469
5,MCF7,2.0,A199,14,2,40.0,5,0.62,0.08188741654157639,221,0.08298483490943909,259
5,MCF7,2.0,A199,14,2,40.0,5,0.67,0.08913177996873856,115,0.0889778807759285,117
5,MCF7,2.0,A199,14,2,40.0,5,0.72,0.09044787287712097,86,0.09028013050556183,90
5,MCF7,2.0,A199,14,2,40.0,5,0.77,0.09214464575052261,49,0.09115709364414215,50
5,MCF7,2.0,A199,14,2,40.0,5,0.82,0.09527326375246048,35,0.09744952619075775,36
5,MCF7,2.0,A199,14,2,40.0,5,0.87,0.09750193357467651,35,0.09750193357467651,35
5,MCF7,2.0,A199,14,2,40.0,5,0.92,0.08799296617507935,24,0.08846401423215866,25
5,MCF7,2.0,A199,14,2,40.0,5,0.97,0.0882711187005043,18,0.0882711187005043,18
5,MCF7,2.0,A199,14,2,40.0,5,1.02,0.08160874992609024,9,0.08096309006214142,10
5,MCF7,2.0,A199,14,2,40.0,5,1.07,0.11451536417007446,6,,6
5,MCF7,2.0,A199,14,2,40.0,5,1.12,0.0727108046412468,13,0.0727108046412468,13
5,MCF7,2.0,A199,14,2,40.0,5,1.17,0.10161624103784561,12,0.10161624103784561,12
5,MCF7,2.0,A199,14,2,40.0,5,1.27,0.06281803548336029,6,,6
6,MCF7,2.0,A199,14,2,40.0,6,0.06,,0,0.01997554861009121,56
6,MCF7,2.0,A199,14,2,40.0,6,0.11,0.019515862688422203,17,0.02506735920906067,2619
6,MCF7,2.0,A199,14,2,40.0,6,0.16,0.021279597654938698,132,0.02862456999719143,4640
6,MCF7,2.0,A199,14,2,40.0,6,0.21,0.033666446805000305,352,0.03595392405986786,6137
6,MCF7,2.0,A199,14,2,40.0,6,0.26,0.043654944747686386,1260,0.04558030515909195,6406
6,MCF7,2.0,A199,14,2,40.0,6,0.31,0.04879070818424225,1529,0.05566578358411789,4754
6,MCF7,2.0,A199,14,2,40.0,6,0.36,0.053159430623054504,1728,0.05921562761068344,3111
6,MCF7,2.0,A199,14,2,40.0,6,0.41,0.060105323791503906,1584,0.06273219734430313,2056
6,MCF7,2.0,A199,14,2,40.0,6,0.46,0.06785833090543747,1169,0.06852292269468307,1284
6,MCF7,2.0,A199,14,2,40.0,6,0.51,0.07108434289693832,827,0.07112832367420197,860
6,MCF7,2.0,A199,14,2,40.0,6,0.56,0.07299565523862839,543,0.07271634787321091,560
6,MCF7,2.0,A199,14,2,40.0,6,0.61,0.07489097118377686,332,0.07499539852142334,337
6,MCF7,2.0,A199,14,2,40.0,6,0.66,0.07466588914394379,189,0.07416533678770065,196
6,MCF7,2.0,A199,14,2,40.0,6,0.71,0.07369869202375412,109,0.07359490543603897,114
6,MCF7,2.0,A199,14,2,40.0,6,0.76,0.06666785478591919,63,0.06563673913478851,64
6,MCF7,2.0,A199,14,2,40.0,6,0.81,0.07535278052091599,37,0.07535278052091599,37
6,MCF7,2.0,A199,14,2,40.0,6,0.86,0.0623873695731163,10,0.0623873695731163,10
6,MCF7,2.0,A199,14,2,40.0,6,0.91,0.06622052937746048,11,0.06622052937746048,11
1,MCF7,2.0,A199,15,2,40.0,1,0.0,0.02015502005815506,141,0.019955163821578026,1223
1,MCF7,2.0,A199,15,2,40.0,1,0.05,0.019409675151109695,3015,0.0213770754635334,12165
1,MCF7,2.0,A199,15,2,40.0,1,0.1,0.023320136591792107,1592,0.023256316781044006,1987
1,MCF7,2.0,A199,15,2,40.0,1,0.15,0.02646666206419468,951,0.02662152424454689,960
1,MCF7,2.0,A199,15,2,40.0,1,0.2,0.0303376205265522,299,0.0303376205265522,299
1,MCF7,2.0,A199,15,2,40.0,1,0.25,0.03203961253166199,121,0.03203961253166199,121
1,MCF7,2.0,A199,15,2,40.0,1,0.3,0.025836706161499023,34,0.025836706161499023,34
1,MCF7,2.0,A199,15,2,40.0,1,0.35,0.020366385579109192,7,,7
2,MCF7,2.0,A199,15,2,40.0,2,0.09,,1,0.03504197299480438,128
2,MCF7,2.0,A199,15,2,40.0,2,0.14,0.04368405044078827,89,0.038132742047309875,4714
2,MCF7,2.0,A199,15,2,40.0,2,0.19,0.04621126875281334,1128,0.04201343283057213,8565
2,MCF7,2.0,A199,15,2,40.0,2,0.24,0.04999356344342232,3036,0.04743307828903198,10277
2,MCF7,2.0,A199,15,2,40.0,2,0.29,0.06067799776792526,3978,0.05904652923345566,8666
2,MCF7,2.0,A199,15,2,40.0,2,0.34,0.06861358880996704,243,0.06879075616598129,849
2,MCF7,2.0,A199,15,2,40.0,2,0.39,,0,0.08109644800424576,17
3,MCF7,2.0,A199,15,2,40.0,3,0.0,0.025466471910476685,4207,0.01835552603006363,30781
3,MCF7,2.0,A199,15,2,40.0,3,0.05,0.029622506350278854,371,0.029054535552859306,643
1,MCF7,2.0,A199,16,2,40.0,1,0.07,,0,0.018463874235749245,14
1,MCF7,2.0,A199,16,2,40.0,1,0.12,,0,0.014855540357530117,1290
1,MCF7,2.0,A199,16,2,40.0,1,0.17,0.02303258888423443,155,0.018614716827869415,4942
1,MCF7,2.0,A199,16,2,40.0,1,0.22,0.026301132515072823,596,0.022530682384967804,6240
1,MCF7,2.0,A199,16,2,40.0,1,0.27,0.0353558212518692,452,0.024447964504361153,3386
1,MCF7,2.0,A199,16,2,40.0,1,0.32,0.037557005882263184,413,0.02589988149702549,1802
1,MCF7,2.0,A199,16,2,40.0,1,0.37,0.0392235666513443,510,0.029643114656209946,1416
1,MCF7,2.0,A199,16,2,40.0,1,0.42,0.03872232511639595,703,0.032918717712163925,1169
1,MCF7,2.0,A199,16,2,40.0,1,0.47,0.040466152131557465,930,0.03726649656891823,1136
1,MCF7,2.0,A199,16,2,40.0,1,0.52,0.04390912503004074,994,0.04219309613108635,1077
1,MCF7,2.0,A199,16,2,40.0,1,0.57,0.04543476551771164,803,0.044049762189388275,847
1,MCF7,2.0,A199,16,2,40.0,1,0.62,0.047185640782117844,506,0.0457218699157238,532
1,MCF7,2.0,A199,16,2,40.0,1,0.67,0.0482790470123291,360,0.04761940985918045,369
1,MCF7,2.0,A199,16,2,40.0,1,0.72,0.05132604390382767,199,0.050987064838409424,201
1,MCF7,2.0,A199,16,2,40.0,1,0.77,0.05225937440991402,122,0.05225937440991402,122
1,MCF7,2.0,A199,16,2,40.0,1,0.82,0.05451750382781029,67,0.05451750382781029,67
1,MCF7,2.0,A199,16,2,40.0,1,0.87,0.0540936142206192,32,0.0540936142206192,32
1,MCF7,2.0,A199,16,2,40.0,1,0.92,0.0489535853266716,21,0.0489535853266716,21
1,MCF7,2.0,A199,16,2,40.0,1,0.97,0.04890819266438484,7,,7
1,MCF7,2.0,A199,16,2,40.0,1,1.02,0.057963788509368896,9,,9
2,MCF7,2.0,A199,16,2,40.0,2,0.0,,2,0.001738623483106494,291
2,MCF7,2.0,A199,16,2,40.0,2,0.05,0.017257194966077805,2015,0.018593331798911095,11312
2,MCF7,2.0,A199,16,2,40.0,2,0.1,0.025267591699957848,3250,0.023994171991944313,6988
2,MCF7,2.0,A199,16,2,40.0,2,0.15,0.03322387486696243,1102,0.03301285207271576,1274
2,MCF7,2.0,A199,16,2,40.0,2,0.2,0.03922329843044281,350,0.0392286591231823,354
2,MCF7,2.0,A199,16,2,40.0,2,0.25,0.03898477181792259,199,0.03898477181792259,199
2,MCF7,2.0,A199,16,2,40.0,2,0.3,0.04661395400762558,95,0.04692234471440315,97
2,MCF7,2.0,A199,16,2,40.0,2,0.35,0.0499848872423172,33,0.0499848872423172,33
2,MCF7,2.0,A199,16,2,40.0,2,0.4,0.053058262914419174,16,0.053058262914419174,16
2,MCF7,2.0,A199,16,2,40.0,2,0.45,0.06988067179918289,7,,7
3,MCF7,2.0,A199,16,2,40.0,3,0.0,,0,8.66445901692714e-08,277
3,MCF7,2.0,A199,16,2,40.0,3,0.05,0.01597624644637108,273,0.024150917306542397,4065
3,MCF7,2.0,A199,16,2,40.0,3,0.1,0.02220739983022213,1181,0.026404861360788345,7134
3,MCF7,2.0,A199,16,2,40.0,3,0.15,0.030844995751976967,1187,0.03237626701593399,2419
3,MCF7,2.0,A199,16,2,40.0,3,0.2,0.04018791764974594,1425,0.04061435908079147,1658
3,MCF7,2.0,A199,16,2,40.0,3,0.25,0.04602258652448654,881,0.04678085446357727,936
3,MCF7,2.0,A199,16,2,40.0,3,0.3,0.049030374735593796,274,0.04960930347442627,283
3,MCF7,2.0,A199,16,2,40.0,3,0.35,0.053270794451236725,93,0.05351724848151207,94
3,MCF7,2.0,A199,16,2,40.0,3,0.4,0.05216526240110397,31,0.05216526240110397,31
3,MCF7,2.0,A199,16,2,40.0,3,0.45,0.055882107466459274,22,0.055882107466459274,22
3,MCF7,2.0,A199,16,2,40.0,3,0.5,0.054280996322631836,8,,8
3,MCF7,2.0,A199,16,2,40.0,3,0.55,0.038125719875097275,8,,8
4,MCF7,2.0,A199,16,2,40.0,4,0.13,,0,0.023790106177330017,28
4,MCF7,2.0,A199,16,2,40.0,4,0.18,0.030147001147270203,20,0.029638225212693214,537
4,MCF7,2.0,A199,16,2,40.0,4,0.23,0.034145623445510864,290,0.03476867079734802,1700
4,MCF7,2.0,A199,16,2,40.0,4,0.28,0.03713223710656166,740,0.039307851344347,2282
4,MCF7,2.0,A199,16,2,40.0,4,0.33,0.0426647812128067,892,0.04577180743217468,2166
4,MCF7,2.0,A199,16,2,40.0,4,0.38,0.04560017213225365,631,0.05286916717886925,1817
4,MCF7,2.0,A199,16,2,40.0,4,0.43,0.04668004810810089,274,0.05999165400862694,1359
4,MCF7,2.0,A199,16,2,40.0,4,0.48,0.046649135649204254,89,0.06394242495298386,761
4,MCF7,2.0,A199,16,2,40.0,4,0.53,0.03692226856946945,20,0.06921349465847015,285
4,MCF7,2.0,A199,16,2,40.0,4,0.58,,4,0.07797154784202576,83
4,MCF7,2.0,A199,16,2,40.0,4,0.63,,1,0.05844041332602501,15
5,MCF7,2.0,A199,16,2,40.0,5,0.14,,0,,7
5,MCF7,2.0,A199,16,2,40.0,5,0.19,,0,0.09476727247238159,96
5,MCF7,2.0,A199,16,2,40.0,5,0.24,0.08233130723237991,28,0.09128516912460327,570
5,MCF7,2.0,A199,16,2,40.0,5,0.29,0.08320815116167068,201,0.0921187698841095,1290
5,MCF7,2.0,A199,16,2,40.0,5,0.34,0.08858635276556015,468,0.0957237184047699,1707
5,MCF7,2.0,A199,16,2,40.0,5,0.39,0.08810538798570633,738,0.09438537061214447,1953
5,MCF7,2.0,A199,16,2,40.0,5,0.44,0.0915023684501648,994,0.0968284159898758,2007
5,MCF7,2.0,A199,16,2,40.0,5,0.49,0.09460194408893585,1075,0.10002362728118896,1769
5,MCF7,2.0,A199,16,2,40.0,5,0.54,0.09707101434469223,871,0.10181993991136551,1239
5,MCF7,2.0,A199,16,2,40.0,5,0.59,0.10261999815702438,514,0.10710044205188751,702
5,MCF7,2.0,A199,16,2,40.0,5,0.64,0.10378304868936539,251,0.10774947702884674,321
5,MCF7,2.0,A199,16,2,40.0,5,0.69,0.10316798090934753,117,0.10995882749557495,148
5,MCF7,2.0,A199,16,2,40.0,5,0.74,0.10126440972089767,58,0.10242222249507904,63
5,MCF7,2.0,A199,16,2,40.0,5,0.79,0.09524256736040115,22,0.10931909829378128,29
5,MCF7,2.0,A199,16,2,40.0,5,0.84,0.10614776611328125,15,0.10614776611328125,15
5,MCF7,2.0,A199,16,2,40.0,5,0.89,0.09514474123716354,7,,7
5,MCF7,2.0,A199,16,2,40.0,5,0.94,0.10205496102571487,6,,6
6,MCF7,2.0,A199,16,2,40.0,6,0.0,,0,0.0,40
6,MCF7,2.0,A199,16,2,40.0,6,0.1,0.06444962322711945,11,0.07710015773773193,345
6,MCF7,2.0,A199,16,2,40.0,6,0.15,0.0663331151008606,448,0.07886841148138046,2289
6,MCF7,2.0,A199,16,2,40.0,6,0.2,0.07334861904382706,1883,0.08198338747024536,4531
6,MCF7,2.0,A199,16,2,40.0,6,0.25,0.07941335439682007,2076,0.08858276903629303,4029
6,MCF7,2.0,A199,16,2,40.0,6,0.3,0.08410303294658661,1405,0.09467577189207077,2625
6,MCF7,2.0,A199,16,2,40.0,6,0.35,0.08709368109703064,753,0.10151758044958115,1368
6,MCF7,2.0,A199,16,2,40.0,6,0.4,0.09394630789756775,353,0.10710282623767853,605
6,MCF7,2.0,A199,16,2,40.0,6,0.45,0.09665467590093613,169,0.1133817806839943,269
6,MCF7,2.0,A199,16,2,40.0,6,0.5,0.10041555762290955,58,0.12251622974872589,104
6,MCF7,2.0,A199,16,2,40.0,6,0.55,0.09700824320316315,16,0.11761491000652313,34
6,MCF7,2.0,A199,16,2,40.0,6,0.6,,2,0.15338444709777832,11
7,MCF7,2.0,A199,16,2,40.0,7,0.05,0.0018612028798088431,5,0.010366846807301044,239
7,MCF7,2.0,A199,16,2,40.0,7,0.1,0.02149195782840252,202,0.025838974863290787,2235
7,MCF7,2.0,A199,16,2,40.0,7,0.15,0.03016440011560917,1138,0.03416739031672478,4105
7,MCF7,2.0,A199,16,2,40.0,7,0.2,0.03424334153532982,1373,0.034286994487047195,2797
7,MCF7,2.0,A199,16,2,40.0,7,0.25,0.03354261443018913,502,0.03538908809423447,829
7,MCF7,2.0,A199,16,2,40.0,7,0.3,0.034334175288677216,317,0.03485452011227608,413
7,MCF7,2.0,A199,16,2,40.0,7,0.35,0.03619757294654846,288,0.03562413156032562,334
7,MCF7,2.0,A199,16,2,40.0,7,0.4,0.03376209735870361,132,0.03333757445216179,157
7,MCF7,2.0,A199,16,2,40.0,7,0.45,0.03784492611885071,53,0.03668231889605522,61
7,MCF7,2.0,A199,16,2,40.0,7,0.5,0.0365208238363266,29,0.03543534502387047,33
7,MCF7,2.0,A199,16,2,40.0,7,0.55,0.04175854101777077,14,0.03661983460187912,17
7,MCF7,2.0,A199,16,2,40.0,7,0.6,0.038148265331983566,6,,8
7,MCF7,2.0,A199,16,2,40.0,7,0.65,,4,,6
7,MCF7,2.0,A199,16,2,40.0,7,0.7,0.027496730908751488,5,,6
8,MCF7,2.0,A199,16,2,40.0,8,0.0,0.012034320272505283,1160,0.010567289777100086,8206
8,MCF7,2.0,A199,16,2,40.0,8,0.05,0.017904864624142647,3011,0.022813769057393074,10000
8,MCF7,2.0,A199,16,2,40.0,8,0.1,0.02263217605650425,1027,0.025541488081216812,1279
8,MCF7,2.0,A199,16,2,40.0,8,0.15,0.02326115407049656,402,0.02425840124487877,412
8,MCF7,2.0,A199,16,2,40.0,8,0.2,0.022166550159454346,117,0.022166550159454346,117
8,MCF7,2.0,A199,16,2,40.0,8,0.25,0.046029966324567795,21,0.046029966324567795,21
8,MCF7,2.0,A199,16,2,40.0,8,0.3,0.052518200129270554,9,,9
9,MCF7,2.0,A199,16,2,40.0,9,0.06,0.012655225582420826,6,0.02025197446346283,126
9,MCF7,2.0,A199,16,2,40.0,9,0.11,0.028615545481443405,1698,0.03066452592611313,8377
9,MCF7,2.0,A199,16,2,40.0,9,0.16,0.03849807381629944,2256,0.03909694030880928,7991
9,MCF7,2.0,A199,16,2,40.0,9,0.21,0.044443678110837936,842,0.046645861119031906,1483
9,MCF7,2.0,A199,16,2,40.0,9,0.26,0.05072290077805519,383,0.05082198604941368,399
9,MCF7,2.0,A199,16,2,40.0,9,0.31,0.050527174025774,162,0.050527174025774,162
9,MCF7,2.0,A199,16,2,40.0,9,0.36,0.04270614683628082,40,0.04270614683628082,40
9,MCF7,2.0,A199,16,2,40.0,9,0.41,0.04479406401515007,9,,9
1,MCF7,2.0,A199,17,2,40.0,1,0.0,,0,0.01018334086984396,29
1,MCF7,2.0,A199,17,2,40.0,1,0.05,0.02270243689417839,1791,0.027155308052897453,10729
1,MCF7,2.0,A199,17,2,40.0,1,0.1,0.027678001672029495,3569,0.030589384958148003,8090
1,MCF7,2.0,A199,17,2,40.0,1,0.15,0.032262858003377914,1236,0.032262954860925674,1430
1,MCF7,2.0,A199,17,2,40.0,1,0.2,0.03645186498761177,469,0.03622988611459732,483
1,MCF7,2.0,A199,17,2,40.0,1,0.25,0.04422679916024208,99,0.04422679916024208,99
1,MCF7,2.0,A199,17,2,40.0,1,0.3,0.036050695925951004,36,0.036050695925951004,36
1,MCF7,2.0,A199,17,2,40.0,1,0.35,0.041153766214847565,16,0.041153766214847565,16
1,MCF7,2.0,A199,17,2,40.0,1,0.4,0.045141227543354034,8,,8
2,MCF7,2.0,A199,17,2,40.0,2,0.0,,0,0.0,184
2,MCF7,2.0,A199,17,2,40.0,2,0.35,,0,0.08556431531906128,33
2,MCF7,2.0,A199,17,2,40.0,2,0.4,,0,0.08142232894897461,100
2,MCF7,2.0,A199,17,2,40.0,2,0.45,,0,0.09240049868822098,195
2,MCF7,2.0,A199,17,2,40.0,2,0.5,,0,0.09947974234819412,347
2,MCF7,2.0,A199,17,2,40.0,2,0.55,,0,0.10735761374235153,460
2,MCF7,2.0,A199,17,2,40.0,2,0.6,,0,0.11159204691648483,575
2,MCF7,2.0,A199,17,2,40.0,2,0.65,,0,0.11811341345310211,636
2,MCF7,2.0,A199,17,2,40.0,2,0.7,,0,0.12409307807683945,743
2,MCF7,2.0,A199,17,2,40.0,2,0.75,,0,0.13068744540214539,702
2,MCF7,2.0,A199,17,2,40.0,2,0.8,,0,0.134019672870636,739
2,MCF7,2.0,A199,17,2,40.0,2,0.85,,3,0.13957536220550537,816
2,MCF7,2.0,A199,17,2,40.0,2,0.9,0.1556728035211563,5,0.1441762000322342,820
2,MCF7,2.0,A199,17,2,40.0,2,0.95,0.1631026566028595,7,0.14590264856815338,732
2,MCF7,2.0,A199,17,2,40.0,2,1.0,0.2157253473997116,14,0.15432707965373993,678
2,MCF7,2.0,A199,17,2,40.0,2,1.05,0.18321645259857178,21,0.16210134327411652,600
2,MCF7,2.0,A199,17,2,40.0,2,1.1,0.18665672838687897,22,0.1653241664171219,504
2,MCF7,2.0,A199,17,2,40.0,2,1.15,0.1922474056482315,31,0.17334051430225372,486
2,MCF7,2.0,A199,17,2,40.0,2,1.2,0.20103365182876587,31,0.18191193044185638,466
2,MCF7,2.0,A199,17,2,40.0,2,1.25,0.20049089193344116,43,0.1904904842376709,459
2,MCF7,2.0,A199,17,2,40.0,2,1.3,0.2145061045885086,51,0.1901768296957016,470
2,MCF7,2.0,A199,17,2,40.0,2,1.35,0.2256776988506317,58,0.19354942440986633,466
2,MCF7,2.0,A199,17,2,40.0,2,1.4,0.19616581499576569,87,0.19644592702388763,437
2,MCF7,2.0,A199,17,2,40.0,2,1.45,0.2087346464395523,82,0.20002475380897522,399
2,MCF7,2.0,A199,17,2,40.0,2,1.5,0.1949816197156906,96,0.20458394289016724,401
2,MCF7,2.0,A199,17,2,40.0,2,1.55,0.21332800388336182,89,0.20497727394104004,334
2,MCF7,2.0,A199,17,2,40.0,2,1.6,0.2209116369485855,128,0.21099618077278137,343
2,MCF7,2.0,A199,17,2,40.0,2,1.65,0.2222692221403122,147,0.21575717628002167,315
2,MCF7,2.0,A199,17,2,40.0,2,1.7,0.22296781837940216,175,0.2214156687259674,320
2,MCF7,2.0,A199,17,2,40.0,2,1.75,0.22645282745361328,165,0.22742614150047302,280
2,MCF7,2.0,A199,17,2,40.0,2,1.8,0.2269604206085205,193,0.22574736177921295,292
2,MCF7,2.0,A199,17,2,40.0,2,1.85,0.23297004401683807,213,0.23456253111362457,286
2,MCF7,2.0,A199,17,2,40.0,2,1.9,0.23708072304725647,217,0.23236508667469025,289
2,MCF7,2.0,A199,17,2,40.0,2,1.95,0.23413947224617004,194,0.23437684774398804,237
2,MCF7,2.0,A199,17,2,40.0,2,2.0,0.24406786262989044,201,0.24388337135314941,235
2,MCF7,2.0,A199,17,2,40.0,2,2.05,0.24397653341293335,207,0.2433682084083557,240
2,MCF7,2.0,A199,17,2,40.0,2,2.1,0.24497362971305847,193,0.24522264301776886,212
2,MCF7,2.0,A199,17,2,40.0,2,2.15,0.24685874581336975,233,0.246137335896492,243
2,MCF7,2.0,A199,17,2,40.0,2,2.2,0.2583446502685547,180,0.2577923536300659,191
2,MCF7,2.0,A199,17,2,40.0,2,2.25,0.2515137195587158,177,0.2514450252056122,179
2,MCF7,2.0,A199,17,2,40.0,2,2.3,0.2563466727733612,184,0.2559898793697357,190
2,MCF7,2.0,A199,17,2,40.0,2,2.35,0.25827518105506897,175,0.25719955563545227,179
2,MCF7,2.0,A199,17,2,40.0,2,2.4,0.2682467997074127,126,0.2667642831802368,131
2,MCF7,2.0,A199,17,2,40.0,2,2.45,0.26171809434890747,128,0.2600749433040619,132
2,MCF7,2.0,A199,17,2,40.0,2,2.5,0.27005353569984436,111,0.27022188901901245,115
2,MCF7,2.0,A199,17,2,40.0,2,2.55,0.2580648362636566,107,0.25644221901893616,110
2,MCF7,2.0,A199,17,2,40.0,2,2.6,0.2853139042854309,96,0.2853139042854309,96
2,MCF7,2.0,A199,17,2,40.0,2,2.65,0.28450095653533936,73,0.27989354729652405,78
2,MCF7,2.0,A199,17,2,40.0,2,2.7,0.2747904360294342,59,0.2745891213417053,60
2,MCF7,2.0,A199,17,2,40.0,2,2.75,0.27299243211746216,60,0.27159565687179565,61
2,MCF7,2.0,A199,17,2,40.0,2,2.8,0.2763768434524536,62,0.2763768434524536,62
2,MCF7,2.0,A199,17,2,40.0,2,2.85,0.2901172935962677,51,0.28870755434036255,52
2,MCF7,2.0,A199,17,2,40.0,2,2.9,0.28319427371025085,35,0.2798246145248413,36
2,MCF7,2.0,A199,17,2,40.0,2,2.95,0.29348623752593994,30,0.28987252712249756,31
2,MCF7,2.0,A199,17,2,40.0,2,3.0,0.2938140034675598,36,0.2902970314025879,37
2,MCF7,2.0,A199,17,2,40.0,2,3.05,0.272810161113739,22,0.272810161113739,22
2,MCF7,2.0,A199,17,2,40.0,2,3.1,0.2720656394958496,26,0.2720656394958496,26
2,MCF7,2.0,A199,17,2,40.0,2,3.15,0.30183571577072144,21,0.30183571577072144,21
2,MCF7,2.0,A199,17,2,40.0,2,3.2,0.2957994341850281,10,0.2957994341850281,10
2,MCF7,2.0,A199,17,2,40.0,2,3.25,0.27090170979499817,13,0.26380857825279236,14
2,MCF7,2.0,A199,17,2,40.0,2,3.3,0.2616739571094513,12,0.2616739571094513,12
2,MCF7,2.0,A199,17,2,40.0,2,3.35,0.26969850063323975,9,0.2600420117378235,10
2,MCF7,2.0,A199,17,2,40.0,2,3.4,0.2843344807624817,16,0.2843344807624817,16
2,MCF7,2.0,A199,17,2,40.0,2,3.45,0.24289387464523315,8,,8
2,MCF7,2.0,A199,17,2,40.0,2,3.5,0.2841302156448364,13,0.2841302156448364,13
3,MCF7,2.0,A199,17,2,40.0,3,0.25,,0,0.052194640040397644,100
3,MCF7,2.0,A199,17,2,40.0,3,0.3,,0,0.055962204933166504,566
3,MCF7,2.0,A199,17,2,40.0,3,0.35,0.0567617267370224,53,0.06062579154968262,1041
3,MCF7,2.0,A199,17,2,40.0,3,0.4,0.056164976209402084,182,0.062261078506708145,1219
3,MCF7,2.0,A199,17,2,40.0,3,0.45,0.06306818127632141,342,0.06227236986160278,1596
3,MCF7,2.0,A199,17,2,40.0,3,0.5,0.06423207372426987,535,0.06333401054143906,2278
3,MCF7,2.0,A199,17,2,40.0,3,0.55,0.06397001445293427,988,0.06565050035715103,2994
3,MCF7,2.0,A199,17,2,40.0,3,0.6,0.06805012375116348,1418,0.07013070583343506,3040
3,MCF7,2.0,A199,17,2,40.0,3,0.65,0.07087390869855881,1339,0.07308248430490494,2295
3,MCF7,2.0,A199,17,2,40.0,3,0.7,0.07712621241807938,692,0.08000985532999039,1071
3,MCF7,2.0,A199,17,2,40.0,3,0.75,0.08068326115608215,163,0.08557844161987305,248
3,MCF7,2.0,A199,17,2,40.0,3,0.8,0.08184171468019485,13,0.08613725751638412,41
1,MCF7,2.0,A199,18,2,40.0,1,0.05,0.04403204098343849,7,0.035848964005708694,493
1,MCF7,2.0,A199,18,2,40.0,1,0.1,0.03922683373093605,729,0.03733287751674652,2755
1,MCF7,2.0,A199,18,2,40.0,1,0.15,0.03976449370384216,1402,0.03381136804819107,3851
1,MCF7,2.0,A199,18,2,40.0,1,0.2,0.04180312156677246,766,0.038340531289577484,1216
1,MCF7,2.0,A199,18,2,40.0,1,0.25,0.03770047053694725,21,0.03770047053694725,21
2,MCF7,2.0,A199,18,2,40.0,2,0.02,0.014887296594679356,14,0.014619204215705395,1463
2,MCF7,2.0,A199,18,2,40.0,2,0.07,0.01991422101855278,2979,0.01841432973742485,10749
2,MCF7,2.0,A199,18,2,40.0,2,0.12,0.023090383037924767,722,0.023252218961715698,768
2,MCF7,2.0,A199,18,2,40.0,2,0.17,0.02426259219646454,81,0.02426259219646454,81
2,MCF7,2.0,A199,18,2,40.0,2,0.22,0.027720576152205467,11,0.027720576152205467,11
3,MCF7,2.0,A199,18,2,40.0,3,0.02,,0,0.017396915704011917,1025
3,MCF7,2.0,A199,18,2,40.0,3,0.07,0.021642370149493217,2541,0.02276833914220333,6329
3,MCF7,2.0,A199,18,2,40.0,3,0.12,0.025512272492051125,1391,0.026240671053528786,1475
4,MCF7,2.0,A199,18,2,40.0,4,0.11,,0,0.03032996878027916,307
4,MCF7,2.0,A199,18,2,40.0,4,0.16,0.025409281253814697,35,0.033635467290878296,1138
4,MCF7,2.0,A199,18,2,40.0,4,0.21,0.03265814110636711,243,0.03756804019212723,2036
4,MCF7,2.0,A199,18,2,40.0,4,0.26,0.04049281030893326,386,0.04412924125790596,2333
4,MCF7,2.0,A199,18,2,40.0,4,0.31,0.04784837365150452,511,0.048141639679670334,1661
4,MCF7,2.0,A199,18,2,40.0,4,0.36,0.05246745049953461,733,0.05085144191980362,1364
4,MCF7,2.0,A199,18,2,40.0,4,0.41,0.056883472949266434,913,0.054069459438323975,1405
4,MCF7,2.0,A199,18,2,40.0,4,0.46,0.058716874569654465,909,0.055743493139743805,1418
4,MCF7,2.0,A199,18,2,40.0,4,0.51,0.06036769598722458,555,0.0571645051240921,948
4,MCF7,2.0,A199,18,2,40.0,4,0.56,0.06257828325033188,253,0.05680045858025551,541
4,MCF7,2.0,A199,18,2,40.0,4,0.61,0.06677749752998352,84,0.055878765881061554,272
4,MCF7,2.0,A199,18,2,40.0,4,0.66,0.06741546094417572,57,0.05719340965151787,157
4,MCF7,2.0,A199,18,2,40.0,4,0.71,0.07254886627197266,34,0.0686047300696373,67
4,MCF7,2.0,A199,18,2,40.0,4,0.76,0.08205807954072952,14,0.07094906270503998,26
4,MCF7,2.0,A199,18,2,40.0,4,0.81,0.07881097495555878,23,0.07338101416826248,34
4,MCF7,2.0,A199,18,2,40.0,4,0.86,0.07478368282318115,16,0.07022158056497574,19
4,MCF7,2.0,A199,18,2,40.0,4,0.91,0.06321834027767181,9,0.06365880370140076,13
4,MCF7,2.0,A199,18,2,40.0,4,0.96,0.09384672343730927,7,0.0884363129734993,10
4,MCF7,2.0,A199,18,2,40.0,4,1.11,0.09484872967004776,6,,9
5,MCF7,2.0,A199,18,2,40.0,5,0.0,,0,0.0,21
5,MCF7,2.0,A199,18,2,40.0,5,0.05,,0,0.013753400184214115,583
5,MCF7,2.0,A199,18,2,40.0,5,0.1,,3,0.02303376793861389,4863
5,MCF7,2.0,A199,18,2,40.0,5,0.15,0.010003658942878246,92,0.03441128507256508,4515
5,MCF7,2.0,A199,18,2,40.0,5,0.2,0.03686054050922394,376,0.04508468136191368,3834
5,MCF7,2.0,A199,18,2,40.0,5,0.25,0.05091817304491997,862,0.05612998455762863,2985
5,MCF7,2.0,A199,18,2,40.0,5,0.3,0.06502463668584824,1074,0.0657113716006279,2067
5,MCF7,2.0,A199,18,2,40.0,5,0.35,0.07009949535131454,1004,0.0696321651339531,1260
5,MCF7,2.0,A199,18,2,40.0,5,0.4,0.07118865847587585,620,0.07066082954406738,687
5,MCF7,2.0,A199,18,2,40.0,5,0.45,0.07483324408531189,268,0.07413795590400696,281
5,MCF7,2.0,A199,18,2,40.0,5,0.5,0.07917246222496033,127,0.07917246222496033,127
5,MCF7,2.0,A199,18,2,40.0,5,0.55,0.08165111392736435,70,0.08165111392736435,70
5,MCF7,2.0,A199,18,2,40.0,5,0.6,0.08220264315605164,23,0.08220264315605164,23
5,MCF7,2.0,A199,18,2,40.0,5,0.65,0.08317658305168152,12,0.08317658305168152,12
6,MCF7,2.0,A199,18,2,40.0,6,0.49,,0,,7
6,MCF7,2.0,A199,18,2,40.0,6,0.54,,0,0.05077088624238968,27
6,MCF7,2.0,A199,18,2,40.0,6,0.59,,4,0.05999145284295082,67
6,MCF7,2.0,A199,18,2,40.0,6,0.64,0.0733611062169075,36,0.059583473950624466,196
6,MCF7,2.0,A199,18,2,40.0,6,0.69,0.075273796916008,95,0.07066965848207474,418
6,MCF7,2.0,A199,18,2,40.0,6,0.74,0.07988941669464111,196,0.0769721046090126,682
6,MCF7,2.0,A199,18,2,40.0,6,0.79,0.08756700903177261,278,0.0847066342830658,888
6,MCF7,2.0,A199,18,2,40.0,6,0.84,0.09229516237974167,356,0.09056057035923004,990
6,MCF7,2.0,A199,18,2,40.0,6,0.89,0.0957813486456871,442,0.09988433867692947,1042
6,MCF7,2.0,A199,18,2,40.0,6,0.94,0.1041489914059639,482,0.10709051042795181,1033
6,MCF7,2.0,A199,18,2,40.0,6,0.99,0.10935214161872864,465,0.11555902659893036,959
6,MCF7,2.0,A199,18,2,40.0,6,1.04,0.11339849978685379,412,0.11883483827114105,813
6,MCF7,2.0,A199,18,2,40.0,6,1.09,0.12042947858572006,339,0.12460333108901978,626
6,MCF7,2.0,A199,18,2,40.0,6,1.14,0.12739303708076477,253,0.13230860233306885,483
6,MCF7,2.0,A199,18,2,40.0,6,1.19,0.1231534332036972,221,0.13100484013557434,412
6,MCF7,2.0,A199,18,2,40.0,6,1.24,0.12623198330402374,140,0.1335311383008957,230
6,MCF7,2.0,A199,18,2,40.0,6,1.29,0.12748907506465912,123,0.13437993824481964,193
6,MCF7,2.0,A199,18,2,40.0,6,1.34,0.12657444179058075,104,0.13771981000900269,154
6,MCF7,2.0,A199,18,2,40.0,6,1.39,0.12613940238952637,75,0.13194088637828827,95
6,MCF7,2.0,A199,18,2,40.0,6,1.44,0.13343150913715363,89,0.13309676945209503,109
6,MCF7,2.0,A199,18,2,40.0,6,1.49,0.1515796035528183,55,0.15773816406726837,69
6,MCF7,2.0,A199,18,2,40.0,6,1.54,0.14022564888000488,55,0.14514876902103424,68
6,MCF7,2.0,A199,18,2,40.0,6,1.59,0.13572698831558228,53,0.13581199944019318,57
6,MCF7,2.0,A199,18,2,40.0,6,1.64,0.14012017846107483,52,0.1415059119462967,54
6,MCF7,2.0,A199,18,2,40.0,6,1.69,0.12549792230129242,31,0.13831451535224915,35
6,MCF7,2.0,A199,18,2,40.0,6,1.74,0.14235050976276398,34,0.13750405609607697,36
6,MCF7,2.0,A199,18,2,40.0,6,1.79,0.13753820955753326,29,0.13583813607692719,30
6,MCF7,2.0,A199,18,2,40.0,6,1.84,0.1245928630232811,13,0.12389008700847626,14
6,MCF7,2.0,A199,18,2,40.0,6,1.89,0.1119697093963623,13,0.1141413077712059,18
6,MCF7,2.0,A199,18,2,40.0,6,1.94,0.12999804317951202,16,0.12677378952503204,17
6,MCF7,2.0,A199,18,2,40.0,6,1.99,0.14881731569766998,12,0.1475687325000763,13
6,MCF7,2.0,A199,18,2,40.0,6,2.04,0.15166138112545013,7,,7
6,MCF7,2.0,A199,18,2,40.0,6,2.14,0.11845307797193527,8,,9
7,MCF7,2.0,A199,18,2,40.0,7,0.08,0.014762685634195805,68,0.014699012041091919,104
7,MCF7,2.0,A199,18,2,40.0,7,0.13,0.031930822879076004,1532,0.0264835674315691,10973
7,MCF7,2.0,A199,18,2,40.0,7,0.18,0.04088110476732254,2596,0.03920150175690651,8890
7,MCF7,2.0,A199,18,2,40.0,7,0.23,0.06095533445477486,313,0.060079142451286316,401
8,MCF7,2.0,A199,18,2,40.0,8,0.0,,0,0.0,49
8,MCF7,2.0,A199,18,2,40.0,8,0.1,,1,0.01959189586341381,716
8,MCF7,2.0,A199,18,2,40.0,8,0.15,0.027466239407658577,92,0.026934456080198288,4071
8,MCF7,2.0,A199,18,2,40.0,8,0.2,0.040232427418231964,394,0.03733966127038002,4712
8,MCF7,2.0,A199,18,2,40.0,8,0.25,0.04109420254826546,667,0.04358549416065216,3672
8,MCF7,2.0,A199,18,2,40.0,8,0.3,0.05032791942358017,928,0.047663819044828415,2901
8,MCF7,2.0,A199,18,2,40.0,8,0.35,0.054956741631031036,1066,0.05448349192738533,2339
8,MCF7,2.0,A199,18,2,40.0,8,0.4,0.0583677664399147,863,0.06287730485200882,1752
8,MCF7,2.0,A199,18,2,40.0,8,0.45,0.06148082762956619,742,0.0671260803937912,1419
8,MCF7,2.0,A199,18,2,40.0,8,0.5,0.06524372100830078,597,0.07191330194473267,1066
8,MCF7,2.0,A199,18,2,40.0,8,0.55,0.06945771723985672,556,0.07377594709396362,850
8,MCF7,2.0,A199,18,2,40.0,8,0.6,0.07454534620046616,553,0.07813319563865662,784
8,MCF7,2.0,A199,18,2,40.0,8,0.65,0.08041435480117798,544,0.0843459740281105,686
8,MCF7,2.0,A199,18,2,40.0,8,0.7,0.08361984044313431,477,0.08727800846099854,577
8,MCF7,2.0,A199,18,2,40.0,8,0.75,0.08923391252756119,433,0.09142611175775528,506
8,MCF7,2.0,A199,18,2,40.0,8,0.8,0.09749588370323181,361,0.09836218506097794,405
8,MCF7,2.0,A199,18,2,40.0,8,0.85,0.09788881987333298,290,0.09815410524606705,305
8,MCF7,2.0,A199,18,2,40.0,8,0.9,0.09733390063047409,202,0.09820709377527237,207
8,MCF7,2.0,A199,18,2,40.0,8,0.95,0.10109300911426544,173,0.10193190723657608,175
8,MCF7,2.0,A199,18,2,40.0,8,1.0,0.10176790505647659,150,0.10321558266878128,154
8,MCF7,2.0,A199,18,2,40.0,8,1.05,0.09987159073352814,93,0.10406184196472168,99
8,MCF7,2.0,A199,18,2,40.0,8,1.1,0.10226260125637054,56,0.10324492305517197,58
8,MCF7,2.0,A199,18,2,40.0,8,1.15,0.10884066671133041,35,0.11101603507995605,36
8,MCF7,2.0,A199,18,2,40.0,8,1.2,0.13241273164749146,33,0.13428689539432526,34
8,MCF7,2.0,A199,18,2,40.0,8,1.25,0.12540291249752045,26,0.12540291249752045,26
8,MCF7,2.0,A199,18,2,40.0,8,1.3,0.13529938459396362,11,0.13716571033000946,12
8,MCF7,2.0,A199,18,2,40.0,8,1.35,0.12034910172224045,12,0.12348956614732742,13
8,MCF7,2.0,A199,18,2,40.0,8,1.4,0.1660507172346115,10,0.1660507172346115,10
8,MCF7,2.0,A199,18,2,40.0,8,1.45,0.12311582267284393,11,0.12311582267284393,11
8,MCF7,2.0,A199,18,2,40.0,8,1.5,0.13314595818519592,7,,7
8,MCF7,2.0,A199,18,2,40.0,8,1.55,0.12890009582042694,10,0.12890009582042694,10
1,MCF7,2.0,A199,19,2,40.0,1,0.14,,0,0.0367366261780262,12
1,MCF7,2.0,A199,19,2,40.0,1,0.19,0.03992640599608421,49,0.036954328417778015,723
1,MCF7,2.0,A199,19,2,40.0,1,0.24,0.043874531984329224,504,0.04291877895593643,2193
1,MCF7,2.0,A199,19,2,40.0,1,0.29,0.05000381916761398,696,0.04936652258038521,2444
1,MCF7,2.0,A199,19,2,40.0,1,0.34,0.05227730795741081,721,0.0509316548705101,1922
1,MCF7,2.0,A199,19,2,40.0,1,0.39,0.058884479105472565,770,0.05520710349082947,1785
1,MCF7,2.0,A199,19,2,40.0,1,0.44,0.06347242742776871,504,0.05968128889799118,1330
1,MCF7,2.0,A199,19,2,40.0,1,0.49,0.06632956117391586,323,0.06348878890275955,836
1,MCF7,2.0,A199,19,2,40.0,1,0.54,0.07107165455818176,280,0.06766163557767868,514
1,MCF7,2.0,A199,19,2,40.0,1,0.59,0.07432496547698975,316,0.07285416126251221,429
1,MCF7,2.0,A199,19,2,40.0,1,0.64,0.07589290291070938,136,0.07535280287265778,190
1,MCF7,2.0,A199,19,2,40.0,1,0.69,0.08062267303466797,27,0.07775759696960449,41
1,MCF7,2.0,A199,19,2,40.0,1,0.74,0.06820236891508102,22,0.06827455759048462,27
1,MCF7,2.0,A199,19,2,40.0,1,0.79,0.07465487718582153,10,0.0751529261469841,11
1,MCF7,2.0,A199,19,2,40.0,1,0.84,0.08867231756448746,6,,6
1,MCF7,2.0,A199,19,2,40.0,1,0.89,0.08084826916456223,7,,7
2,MCF7,2.0,A199,19,2,40.0,2,0.0,,0,0.025188185274600983,44
2,MCF7,2.0,A199,19,2,40.0,2,0.05,0.022854603826999664,2314,0.02444986067712307,13432
2,MCF7,2.0,A199,19,2,40.0,2,0.1,0.02325732260942459,1634,0.023474402725696564,2181
2,MCF7,2.0,A199,19,2,40.0,2,0.15,0.024603253230452538,352,0.024765562266111374,364
2,MCF7,2.0,A199,19,2,40.0,2,0.2,0.02667303942143917,85,0.027454832568764687,91
2,MCF7,2.0,A199,19,2,40.0,2,0.25,0.029578037559986115,27,0.030439171940088272,31
3,MCF7,2.0,A199,19,2,40.0,3,0.03,0.028454504907131195,2118,0.030460357666015625,3256
3,MCF7,2.0,A199,19,2,40.0,3,0.08,0.035200294107198715,3266,0.034643057733774185,6934
3,MCF7,2.0,A199,19,2,40.0,3,0.13,,2,0.012886777520179749,18
4,MCF7,2.0,A199,19,2,40.0,4,0.33,,0,0.031056320294737816,10
4,MCF7,2.0,A199,19,2,40.0,4,0.38,,1,0.03368381783366203,332
4,MCF7,2.0,A199,19,2,40.0,4,0.43,0.03714107722043991,106,0.037428926676511765,1313
4,MCF7,2.0,A199,19,2,40.0,4,0.48,0.03963250666856766,438,0.040711451321840286,1708
4,MCF7,2.0,A199,19,2,40.0,4,0.53,0.0408017672598362,613,0.04669337719678879,1159
4,MCF7,2.0,A199,19,2,40.0,4,0.58,0.050296250730752945,565,0.05988231301307678,1089
4,MCF7,2.0,A199,19,2,40.0,4,0.63,0.05922294035553932,539,0.06885549426078796,1080
4,MCF7,2.0,A199,19,2,40.0,4,0.68,0.06414377689361572,542,0.06990402936935425,874
4,MCF7,2.0,A199,19,2,40.0,4,0.73,0.06700742244720459,461,0.06943502277135849,563
4,MCF7,2.0,A199,19,2,40.0,4,0.78,0.07146906107664108,344,0.07192927598953247,354
4,MCF7,2.0,A199,19,2,40.0,4,0.83,0.0692269578576088,146,0.06947652995586395,148
4,MCF7,2.0,A199,19,2,40.0,4,0.88,0.0650181844830513,51,0.0650181844830513,51
4,MCF7,2.0,A199,19,2,40.0,4,0.93,0.06251884251832962,15,0.06251884251832962,15
4,MCF7,2.0,A199,19,2,40.0,4,0.98,0.05994148924946785,6,,6
5,MCF7,2.0,A199,19,2,40.0,5,0.0,0.00936585757881403,227,0.020306991413235664,11121
5,MCF7,2.0,A199,19,2,40.0,5,0.05,0.03203552961349487,2600,0.036922886967659,8350
6,MCF7,2.0,A199,19,2,40.0,6,0.19,0.03653502091765404,80,0.03653502091765404,80
6,MCF7,2.0,A199,19,2,40.0,6,0.24,0.04213067889213562,493,0.042093414813280106,514
6,MCF7,2.0,A199,19,2,40.0,6,0.29,0.05380074307322502,611,0.05441644787788391,899
6,MCF7,2.0,A199,19,2,40.0,6,0.34,0.06782671809196472,1266,0.06692975759506226,2494
6,MCF7,2.0,A199,19,2,40.0,6,0.39,0.07548600435256958,1928,0.07385123521089554,3513
6,MCF7,2.0,A199,19,2,40.0,6,0.44,0.08450546860694885,1308,0.08478773385286331,2641
6,MCF7,2.0,A199,19,2,40.0,6,0.49,0.09557381272315979,793,0.09871802479028702,2226
6,MCF7,2.0,A199,19,2,40.0,6,0.54,0.10538320243358612,595,0.11197733134031296,2801
6,MCF7,2.0,A199,19,2,40.0,6,0.59,0.1029324010014534,179,0.117688849568367,1978
6,MCF7,2.0,A199,19,2,40.0,6,0.64,0.11789669841527939,38,0.12335684150457382,764
6,MCF7,2.0,A199,19,2,40.0,6,0.69,0.10303976386785507,38,0.1268397718667984,213
6,MCF7,2.0,A199,19,2,40.0,6,0.74,0.11475219577550888,24,0.12332794070243835,58
6,MCF7,2.0,A199,19,2,40.0,6,0.79,0.0949605256319046,14,0.1046801209449768,18
6,MCF7,2.0,A199,19,2,40.0,6,0.84,0.108955979347229,14,0.11082921177148819,15
6,MCF7,2.0,A199,19,2,40.0,6,0.89,0.11556733399629593,11,0.11556733399629593,11
6,MCF7,2.0,A199,19,2,40.0,6,0.94,0.12240540981292725,6,,6
6,MCF7,2.0,A199,19,2,40.0,6,0.99,0.11651495844125748,7,,7
7,MCF7,2.0,A199,19,2,40.0,7,0.02,,0,0.011364081874489784,23
7,MCF7,2.0,A199,19,2,40.0,7,0.07,0.014275730587542057,81,0.02368389256298542,3617
7,MCF7,2.0,A199,19,2,40.0,7,0.12,0.026753291487693787,880,0.028809454292058945,8218
7,MCF7,2.0,A199,19,2,40.0,7,0.17,0.03330616652965546,971,0.039870668202638626,4388
7,MCF7,2.0,A199,19,2,40.0,7,0.22,0.04663941264152527,910,0.0625457614660263,4208
7,MCF7,2.0,A199,19,2,40.0,7,0.27,0.06068940460681915,526,0.07203955203294754,1862
7,MCF7,2.0,A199,19,2,40.0,7,0.32,0.0665276050567627,498,0.06941322237253189,659
7,MCF7,2.0,A199,19,2,40.0,7,0.37,0.07458572089672089,448,0.07440514862537384,465
7,MCF7,2.0,A199,19,2,40.0,7,0.42,0.07810955494642258,330,0.07787373661994934,333
7,MCF7,2.0,A199,19,2,40.0,7,0.47,0.08736634999513626,225,0.08736634999513626,225
7,MCF7,2.0,A199,19,2,40.0,7,0.52,0.09272541850805283,110,0.09272541850805283,110
7,MCF7,2.0,A199,19,2,40.0,7,0.57,0.0909123569726944,21,0.0909123569726944,21
1,MCF7,2.0,A199,2,2,40.0,1,0.0,,0,0.0,161
1,MCF7,2.0,A199,2,2,40.0,1,0.1,,3,0.10587620735168457,136
1,MCF7,2.0,A199,2,2,40.0,1,0.15,0.08864801377058029,42,0.11344259232282639,924
1,MCF7,2.0,A199,2,2,40.0,1,0.2,0.1033228263258934,325,0.12265357375144958,2487
1,MCF7,2.0,A199,2,2,40.0,1,0.25,0.11126422882080078,752,0.1287822723388672,3768
1,MCF7,2.0,A199,2,2,40.0,1,0.3,0.1201690137386322,868,0.1388751119375229,4077
1,MCF7,2.0,A199,2,2,40.0,1,0.35,0.13377270102500916,927,0.14584138989448547,3704
1,MCF7,2.0,A199,2,2,40.0,1,0.4,0.14093603193759918,949,0.1503433883190155,2882
1,MCF7,2.0,A199,2,2,40.0,1,0.45,0.14852066338062286,877,0.1572236865758896,2055
1,MCF7,2.0,A199,2,2,40.0,1,0.5,0.14894257485866547,738,0.1573724001646042,1387
1,MCF7,2.0,A199,2,2,40.0,1,0.55,0.1546349823474884,684,0.16314926743507385,1011
1,MCF7,2.0,A199,2,2,40.0,1,0.6,0.1569865345954895,565,0.16116547584533691,728
1,MCF7,2.0,A199,2,2,40.0,1,0.65,0.15904659032821655,429,0.16116192936897278,520
1,MCF7,2.0,A199,2,2,40.0,1,0.7,0.16472728550434113,294,0.16953890025615692,355
1,MCF7,2.0,A199,2,2,40.0,1,0.75,0.16925476491451263,190,0.176393523812294,226
1,MCF7,2.0,A199,2,2,40.0,1,0.8,0.17165040969848633,138,0.17570337653160095,162
1,MCF7,2.0,A199,2,2,40.0,1,0.85,0.17880257964134216,91,0.18601951003074646,117
1,MCF7,2.0,A199,2,2,40.0,1,0.9,0.17604491114616394,66,0.18282431364059448,81
1,MCF7,2.0,A199,2,2,40.0,1,0.95,0.1761290282011032,43,0.17549242079257965,50
1,MCF7,2.0,A199,2,2,40.0,1,1.0,0.17172355949878693,29,0.18233683705329895,40
1,MCF7,2.0,A199,2,2,40.0,1,1.05,0.18648691475391388,24,0.1849805861711502,27
1,MCF7,2.0,A199,2,2,40.0,1,1.1,0.1817229986190796,23,0.18976478278636932,31
1,MCF7,2.0,A199,2,2,40.0,1,1.15,0.20191523432731628,16,0.20191523432731628,16
1,MCF7,2.0,A199,2,2,40.0,1,1.2,0.20521366596221924,8,0.2016436606645584,11
1,MCF7,2.0,A199,2,2,40.0,1,1.25,0.18728870153427124,16,0.18728870153427124,16
1,MCF7,2.0,A199,2,2,40.0,1,1.4,0.21746985614299774,5,,6
1,MCF7,2.0,A199,20,2,40.0,1,0.06,,0,0.016031606122851372,274
1,MCF7,2.0,A199,20,2,40.0,1,0.11,0.02201949805021286,535,0.021208280697464943,5048
1,MCF7,2.0,A199,20,2,40.0,1,0.16,0.024121489375829697,998,0.027159079909324646,7569
1,MCF7,2.0,A199,20,2,40.0,1,0.21,0.035818926990032196,395,0.03507903218269348,2180
1,MCF7,2.0,A199,20,2,40.0,1,0.26,0.04374562203884125,233,0.04558362811803818,326
1,MCF7,2.0,A199,20,2,40.0,1,0.31,0.0477726086974144,191,0.04740395396947861,201
1,MCF7,2.0,A199,20,2,40.0,1,0.36,0.051041558384895325,134,0.05026135593652725,141
1,MCF7,2.0,A199,20,2,40.0,1,0.41,0.053023163229227066,96,0.05237570032477379,98
1,MCF7,2.0,A199,20,2,40.0,1,0.46,0.059951815754175186,84,0.059951815754175186,84
1,MCF7,2.0,A199,20,2,40.0,1,0.51,0.06287162750959396,61,0.06287162750959396,61
1,MCF7,2.0,A199,20,2,40.0,1,0.56,0.06301609426736832,44,0.06301609426736832,44
1,MCF7,2.0,A199,20,2,40.0,1,0.61,0.06930465251207352,47,0.06930465251207352,47
1,MCF7,2.0,A199,20,2,40.0,1,0.66,0.0724772959947586,37,0.0724772959947586,37
1,MCF7,2.0,A199,20,2,40.0,1,0.71,0.07992418855428696,15,0.07992418855428696,15
1,MCF7,2.0,A199,20,2,40.0,1,0.76,0.07421738654375076,15,0.07421738654375076,15
2,MCF7,2.0,A199,20,2,40.0,2,0.02,0.03741031885147095,313,0.03340626507997513,962
2,MCF7,2.0,A199,20,2,40.0,2,0.07,0.03504612669348717,1422,0.031869132071733475,15250
2,MCF7,2.0,A199,20,2,40.0,2,0.12,0.05705389007925987,2660,0.060600776225328445,4273
2,MCF7,2.0,A199,20,2,40.0,2,0.17,0.08084280788898468,43,0.08155219256877899,107
3,MCF7,2.0,A199,20,2,40.0,3,0.05,0.03947805240750313,8,0.035482607781887054,101
3,MCF7,2.0,A199,20,2,40.0,3,0.1,0.030987653881311417,775,0.03249887749552727,3888
3,MCF7,2.0,A199,20,2,40.0,3,0.15,0.028442412614822388,2013,0.028214124962687492,6497
3,MCF7,2.0,A199,20,2,40.0,3,0.2,0.031128747388720512,847,0.03030448779463768,1060
3,MCF7,2.0,A199,20,2,40.0,3,0.25,0.0379786379635334,454,0.0379786379635334,454
3,MCF7,2.0,A199,20,2,40.0,3,0.3,0.039582837373018265,173,0.039582837373018265,173
3,MCF7,2.0,A199,20,2,40.0,3,0.35,0.0392846055328846,95,0.0392846055328846,95
3,MCF7,2.0,A199,20,2,40.0,3,0.4,0.04232361540198326,56,0.04232361540198326,56
3,MCF7,2.0,A199,20,2,40.0,3,0.45,0.03875953331589699,28,0.03875953331589699,28
3,MCF7,2.0,A199,20,2,40.0,3,0.5,0.037078216671943665,18,0.037078216671943665,18
3,MCF7,2.0,A199,20,2,40.0,3,0.6,0.0391373373568058,6,,6
4,MCF7,2.0,A199,20,2,40.0,4,0.01,0.02815074287354946,50,0.02138126641511917,1696
4,MCF7,2.0,A199,20,2,40.0,4,0.06,0.030825050547719002,4995,0.027482518926262856,24069
4,MCF7,2.0,A199,20,2,40.0,4,0.11,0.04667363315820694,136,0.04209180921316147,1402
5,MCF7,2.0,A199,20,2,40.0,5,0.38,0.06186224892735481,15,0.04902972653508186,28
5,MCF7,2.0,A199,20,2,40.0,5,0.43,0.05814353749155998,91,0.057438913732767105,170
5,MCF7,2.0,A199,20,2,40.0,5,0.48,0.06574488431215286,319,0.06411900371313095,456
5,MCF7,2.0,A199,20,2,40.0,5,0.53,0.06996595114469528,518,0.06962359696626663,812
5,MCF7,2.0,A199,20,2,40.0,5,0.58,0.07596495747566223,576,0.07535240799188614,914
5,MCF7,2.0,A199,20,2,40.0,5,0.63,0.0815378800034523,552,0.08260705322027206,1030
5,MCF7,2.0,A199,20,2,40.0,5,0.68,0.08677252382040024,455,0.08938508480787277,1039
5,MCF7,2.0,A199,20,2,40.0,5,0.73,0.08942694962024689,406,0.0929250717163086,960
5,MCF7,2.0,A199,20,2,40.0,5,0.78,0.09608826041221619,295,0.10154633969068527,843
5,MCF7,2.0,A199,20,2,40.0,5,0.83,0.09944336116313934,244,0.10784432291984558,754
5,MCF7,2.0,A199,20,2,40.0,5,0.88,0.09785233438014984,155,0.11302455514669418,555
5,MCF7,2.0,A199,20,2,40.0,5,0.93,0.11250418424606323,108,0.11475545167922974,440
5,MCF7,2.0,A199,20,2,40.0,5,0.98,0.1162181943655014,52,0.12966561317443848,242
5,MCF7,2.0,A199,20,2,40.0,5,1.03,0.1238120049238205,46,0.13072651624679565,191
5,MCF7,2.0,A199,20,2,40.0,5,1.08,0.15482905507087708,42,0.14802925288677216,130
5,MCF7,2.0,A199,20,2,40.0,5,1.13,0.16992489993572235,37,0.15240591764450073,98
5,MCF7,2.0,A199,20,2,40.0,5,1.18,0.1704176813364029,27,0.1687861979007721,55
5,MCF7,2.0,A199,20,2,40.0,5,1.23,0.16942574083805084,22,0.1639045774936676,45
5,MCF7,2.0,A199,20,2,40.0,5,1.28,0.1649351865053177,18,0.16843876242637634,37
5,MCF7,2.0,A199,20,2,40.0,5,1.33,0.1799299716949463,14,0.19052524864673615,24
5,MCF7,2.0,A199,20,2,40.0,5,1.38,0.17229975759983063,14,0.18016642332077026,32
5,MCF7,2.0,A199,20,2,40.0,5,1.43,0.21511311829090118,8,0.21092745661735535,19
5,MCF7,2.0,A199,20,2,40.0,5,1.48,0.1840916872024536,12,0.17241452634334564,24
5,MCF7,2.0,A199,20,2,40.0,5,1.53,0.21437004208564758,5,,6
5,MCF7,2.0,A199,20,2,40.0,5,1.58,0.19371965527534485,8,0.1776152402162552,22
5,MCF7,2.0,A199,20,2,40.0,5,1.63,0.1727311611175537,7,0.1838979572057724,16
5,MCF7,2.0,A199,20,2,40.0,5,1.68,,3,0.19698424637317657,16
5,MCF7,2.0,A199,20,2,40.0,5,1.73,,2,,9
5,MCF7,2.0,A199,20,2,40.0,5,1.83,0.18499326705932617,7,,8
5,MCF7,2.0,A199,20,2,40.0,5,2.13,0.10645274072885513,6,,7
1,MCF7,2.0,A199,3,2,40.0,1,0.0,,0,0.0,62
1,MCF7,2.0,A199,3,2,40.0,1,0.05,,0,0.04280199855566025,433
1,MCF7,2.0,A199,3,2,40.0,1,0.1,0.05135316774249077,357,0.0498817153275013,5187
1,MCF7,2.0,A199,3,2,40.0,1,0.15,0.05608092248439789,927,0.05886129289865494,10502
1,MCF7,2.0,A199,3,2,40.0,1,0.2,0.06497729569673538,819,0.061847519129514694,12442
1,MCF7,2.0,A199,3,2,40.0,1,0.25,0.06726662814617157,1053,0.06343401223421097,7088
1,MCF7,2.0,A199,3,2,40.0,1,0.3,0.06936876475811005,1029,0.06715286523103714,2520
1,MCF7,2.0,A199,3,2,40.0,1,0.35,0.0742373988032341,841,0.07448028028011322,1073
1,MCF7,2.0,A199,3,2,40.0,1,0.4,0.08026356250047684,621,0.0790790319442749,668
1,MCF7,2.0,A199,3,2,40.0,1,0.45,0.08534624427556992,499,0.08556678146123886,507
1,MCF7,2.0,A199,3,2,40.0,1,0.5,0.08872193843126297,409,0.08866297453641891,410
1,MCF7,2.0,A199,3,2,40.0,1,0.55,0.09345383942127228,464,0.09345383942127228,464
1,MCF7,2.0,A199,3,2,40.0,1,0.6,0.09696412831544876,381,0.09696412831544876,381
1,MCF7,2.0,A199,3,2,40.0,1,0.65,0.09847979247570038,261,0.09847979247570038,261
1,MCF7,2.0,A199,3,2,40.0,1,0.7,0.0993313118815422,110,0.0993313118815422,110
1,MCF7,2.0,A199,3,2,40.0,1,0.75,0.09757836163043976,28,0.09757836163043976,28
1,MCF7,2.0,A199,3,2,40.0,1,0.8,0.0806686207652092,7,,7
2,MCF7,2.0,A199,3,2,40.0,2,0.0,,0,0.0,18
2,MCF7,2.0,A199,3,2,40.0,2,0.05,,0,0.04708413407206535,54
2,MCF7,2.0,A199,3,2,40.0,2,0.1,,0,0.054330796003341675,3865
2,MCF7,2.0,A199,3,2,40.0,2,0.15,0.05295826122164726,39,0.060901906341314316,10297
2,MCF7,2.0,A199,3,2,40.0,2,0.2,0.06486042588949203,460,0.06844965368509293,7608
2,MCF7,2.0,A199,3,2,40.0,2,0.25,0.06664211302995682,714,0.07316852360963821,5075
2,MCF7,2.0,A199,3,2,40.0,2,0.3,0.07296767085790634,897,0.08385296165943146,3236
2,MCF7,2.0,A199,3,2,40.0,2,0.35,0.08121615648269653,933,0.0923905074596405,1932
2,MCF7,2.0,A199,3,2,40.0,2,0.4,0.08774727582931519,867,0.09388820081949234,1230
2,MCF7,2.0,A199,3,2,40.0,2,0.45,0.09353321045637131,776,0.09460914134979248,849
2,MCF7,2.0,A199,3,2,40.0,2,0.5,0.10214504599571228,649,0.10224984586238861,657
2,MCF7,2.0,A199,3,2,40.0,2,0.55,0.10966014862060547,659,0.10974372178316116,662
2,MCF7,2.0,A199,3,2,40.0,2,0.6,0.11323126405477524,498,0.11323126405477524,498
2,MCF7,2.0,A199,3,2,40.0,2,0.65,0.1167362704873085,311,0.1167362704873085,311
2,MCF7,2.0,A199,3,2,40.0,2,0.7,0.11909634619951248,201,0.11909634619951248,201
2,MCF7,2.0,A199,3,2,40.0,2,0.75,0.12206071615219116,101,0.12206071615219116,101
2,MCF7,2.0,A199,3,2,40.0,2,0.8,0.12844030559062958,51,0.12844030559062958,51
2,MCF7,2.0,A199,3,2,40.0,2,0.85,0.1271490752696991,19,0.1271490752696991,19
2,MCF7,2.0,A199,3,2,40.0,2,0.9,0.12972162663936615,6,,6
3,MCF7,2.0,A199,3,2,40.0,3,0.24,,0,0.08110998570919037,24
3,MCF7,2.0,A199,3,2,40.0,3,0.29,0.08384251594543457,12,0.0878821611404419,419
3,MCF7,2.0,A199,3,2,40.0,3,0.34,0.09187420457601547,151,0.09434252977371216,934
3,MCF7,2.0,A199,3,2,40.0,3,0.39,0.09773462265729904,297,0.10242591798305511,945
3,MCF7,2.0,A199,3,2,40.0,3,0.44,0.1082431972026825,398,0.11135838180780411,826
3,MCF7,2.0,A199,3,2,40.0,3,0.49,0.11468173563480377,418,0.11581449210643768,807
3,MCF7,2.0,A199,3,2,40.0,3,0.54,0.12101861834526062,528,0.11934217065572739,926
3,MCF7,2.0,A199,3,2,40.0,3,0.59,0.12234724313020706,732,0.11747448891401291,1193
3,MCF7,2.0,A199,3,2,40.0,3,0.64,0.12380246073007584,725,0.1172448918223381,1315
3,MCF7,2.0,A199,3,2,40.0,3,0.69,0.12344159930944443,448,0.11713258922100067,942
3,MCF7,2.0,A199,3,2,40.0,3,0.74,0.12459398806095123,114,0.11761242896318436,303
3,MCF7,2.0,A199,3,2,40.0,3,0.79,0.12505365908145905,12,0.1245761588215828,60
3,MCF7,2.0,A199,3,2,40.0,3,0.84,,0,,9
1,MCF7,2.0,A199,4,2,40.0,1,0.0,,0,,6
1,MCF7,2.0,A199,4,2,40.0,1,0.15,,4,0.025841806083917618,69
1,MCF7,2.0,A199,4,2,40.0,1,0.2,0.022707024589180946,63,0.03096465766429901,460
1,MCF7,2.0,A199,4,2,40.0,1,0.25,0.030199484899640083,193,0.03847584128379822,910
1,MCF7,2.0,A199,4,2,40.0,1,0.3,0.032607804983854294,276,0.040923528373241425,1056
1,MCF7,2.0,A199,4,2,40.0,1,0.35,0.04188963770866394,514,0.045391228049993515,1199
1,MCF7,2.0,A199,4,2,40.0,1,0.4,0.04721100628376007,659,0.05136781185865402,1372
1,MCF7,2.0,A199,4,2,40.0,1,0.45,0.05234232917428017,744,0.05614207312464714,1490
1,MCF7,2.0,A199,4,2,40.0,1,0.5,0.0570235401391983,551,0.06097938492894173,1223
1,MCF7,2.0,A199,4,2,40.0,1,0.55,0.059934839606285095,374,0.06519873440265656,938
1,MCF7,2.0,A199,4,2,40.0,1,0.6,0.06276258081197739,245,0.06512706726789474,647
1,MCF7,2.0,A199,4,2,40.0,1,0.65,0.07022585719823837,179,0.07146444171667099,466
1,MCF7,2.0,A199,4,2,40.0,1,0.7,0.07182899862527847,144,0.07406351715326309,352
1,MCF7,2.0,A199,4,2,40.0,1,0.75,0.07434006780385971,154,0.07623323798179626,288
1,MCF7,2.0,A199,4,2,40.0,1,0.8,0.08507291972637177,98,0.08571600168943405,200
1,MCF7,2.0,A199,4,2,40.0,1,0.85,0.08910813927650452,65,0.09224145114421844,124
1,MCF7,2.0,A199,4,2,40.0,1,0.9,0.08655491471290588,47,0.08794582635164261,69
1,MCF7,2.0,A199,4,2,40.0,1,0.95,0.09803221374750137,37,0.09795598685741425,51
1,MCF7,2.0,A199,4,2,40.0,1,1.0,0.09117511659860611,28,0.09808814525604248,32
1,MCF7,2.0,A199,4,2,40.0,1,1.05,0.09181760251522064,8,0.08295584470033646,11
1,MCF7,2.0,A199,4,2,40.0,1,1.1,,2,,6
2,MCF7,2.0,A199,4,2,40.0,2,0.03,0.02209344692528248,104,0.016794735565781593,1317
2,MCF7,2.0,A199,4,2,40.0,2,0.08,0.030890734866261482,3841,0.029165809974074364,9907
2,MCF7,2.0,A199,4,2,40.0,2,0.13,0.034285057336091995,68,0.03443535044789314,104
3,MCF7,2.0,A199,4,2,40.0,3,0.03,0.03405563905835152,1898,0.03422081097960472,5070
3,MCF7,2.0,A199,4,2,40.0,3,0.08,0.038908448070287704,3811,0.03929116949439049,7570
1,MCF7,2.0,A199,5,2,40.0,1,0.11,,1,0.03301634266972542,173
1,MCF7,2.0,A199,5,2,40.0,1,0.16,0.042427852749824524,561,0.03936433419585228,4782
1,MCF7,2.0,A199,5,2,40.0,1,0.21,0.04752779006958008,3396,0.04380654916167259,8599
1,MCF7,2.0,A199,5,2,40.0,1,0.26,0.05126003921031952,3781,0.04578542709350586,7199
1,MCF7,2.0,A199,5,2,40.0,1,0.31,0.05943087115883827,1083,0.054276786744594574,2100
1,MCF7,2.0,A199,5,2,40.0,1,0.36,0.07644724100828171,259,0.0702844113111496,457
1,MCF7,2.0,A199,5,2,40.0,1,0.41,0.08351138979196548,24,0.07001427561044693,65
2,MCF7,2.0,A199,5,2,40.0,2,0.08,,0,0.017264917492866516,430
2,MCF7,2.0,A199,5,2,40.0,2,0.13,0.025917507708072662,152,0.02263576351106167,11632
2,MCF7,2.0,A199,5,2,40.0,2,0.18,0.03108043596148491,1861,0.029873652383685112,18917
2,MCF7,2.0,A199,5,2,40.0,2,0.23,0.03785956650972366,2313,0.038667768239974976,7417
2,MCF7,2.0,A199,5,2,40.0,2,0.28,0.04583584517240524,1991,0.046293191611766815,2744
2,MCF7,2.0,A199,5,2,40.0,2,0.33,0.050253238528966904,1651,0.050152938812971115,1838
2,MCF7,2.0,A199,5,2,40.0,2,0.38,0.05465284362435341,1340,0.054443784058094025,1400
2,MCF7,2.0,A199,5,2,40.0,2,0.43,0.057223401963710785,714,0.057075753808021545,743
2,MCF7,2.0,A199,5,2,40.0,2,0.48,0.05910894274711609,294,0.05923617631196976,309
2,MCF7,2.0,A199,5,2,40.0,2,0.53,0.05652378872036934,123,0.05570611730217934,135
2,MCF7,2.0,A199,5,2,40.0,2,0.58,0.0545174814760685,58,0.05533416196703911,68
2,MCF7,2.0,A199,5,2,40.0,2,0.63,0.06606554985046387,22,0.06457491964101791,27
2,MCF7,2.0,A199,5,2,40.0,2,0.68,0.04772496595978737,7,,8
3,MCF7,2.0,A199,5,2,40.0,3,0.0,0.01975049264729023,2487,0.01024583075195551,11883
3,MCF7,2.0,A199,5,2,40.0,3,0.05,0.015056614764034748,2410,0.013178112916648388,3973
4,MCF7,2.0,A199,5,2,40.0,4,0.0,,0,0.01624855399131775,94
4,MCF7,2.0,A199,5,2,40.0,4,0.05,0.03289845958352089,7334,0.0313958078622818,22180
4,MCF7,2.0,A199,5,2,40.0,4,0.1,0.030572229996323586,621,0.03040020912885666,1918
5,MCF7,2.0,A199,5,2,40.0,5,0.0,0.04684944823384285,358,0.01829737238585949,1583
5,MCF7,2.0,A199,5,2,40.0,5,0.05,0.024254092946648598,3121,0.02085498347878456,8399
5,MCF7,2.0,A199,5,2,40.0,5,0.1,0.025821629911661148,2915,0.02542724460363388,3298
5,MCF7,2.0,A199,5,2,40.0,5,0.15,0.029378680512309074,406,0.029529714956879616,439
5,MCF7,2.0,A199,5,2,40.0,5,0.2,0.029508328065276146,49,0.030698396265506744,64
5,MCF7,2.0,A199,5,2,40.0,5,0.25,0.026086075231432915,6,,6
6,MCF7,2.0,A199,5,2,40.0,6,0.01,0.007209211587905884,298,0.009709065780043602,1306
6,MCF7,2.0,A199,5,2,40.0,6,0.06,0.023965967819094658,2204,0.028534293174743652,7356
6,MCF7,2.0,A199,5,2,40.0,6,0.11,0.03347595036029816,1797,0.034080106765031815,2084
6,MCF7,2.0,A199,5,2,40.0,6,0.16,0.038334064185619354,697,0.03834037482738495,698
6,MCF7,2.0,A199,5,2,40.0,6,0.21,0.04334242641925812,140,0.04334242641925812,140
7,MCF7,2.0,A199,5,2,40.0,7,0.4,,0,0.09101890027523041,40
7,MCF7,2.0,A199,5,2,40.0,7,0.45,,0,0.0963776484131813,224
7,MCF7,2.0,A199,5,2,40.0,7,0.5,,1,0.10980180650949478,505
7,MCF7,2.0,A199,5,2,40.0,7,0.55,0.3190889060497284,7,0.11851973831653595,929
7,MCF7,2.0,A199,5,2,40.0,7,0.6,0.2655307650566101,12,0.12004914879798889,1335
7,MCF7,2.0,A199,5,2,40.0,7,0.65,0.20440232753753662,28,0.1273614913225174,1500
7,MCF7,2.0,A199,5,2,40.0,7,0.7,0.16171543300151825,120,0.13607069849967957,1499
7,MCF7,2.0,A199,5,2,40.0,7,0.75,0.15981964766979218,165,0.1407235711812973,1386
7,MCF7,2.0,A199,5,2,40.0,7,0.8,0.1595795899629593,200,0.14393198490142822,1269
7,MCF7,2.0,A199,5,2,40.0,7,0.85,0.15849272906780243,324,0.15164998173713684,1334
7,MCF7,2.0,A199,5,2,40.0,7,0.9,0.1625683605670929,505,0.16028302907943726,1542
7,MCF7,2.0,A199,5,2,40.0,7,0.95,0.1635623574256897,656,0.16388405859470367,1690
7,MCF7,2.0,A199,5,2,40.0,7,1.0,0.16501666605472565,724,0.16128940880298615,1771
7,MCF7,2.0,A199,5,2,40.0,7,1.05,0.16979219019412994,847,0.16527292132377625,1846
7,MCF7,2.0,A199,5,2,40.0,7,1.1,0.17100854218006134,766,0.16782985627651215,1742
7,MCF7,2.0,A199,5,2,40.0,7,1.15,0.17442387342453003,704,0.172310471534729,1492
7,MCF7,2.0,A199,5,2,40.0,7,1.2,0.18142454326152802,629,0.1814866065979004,1203
7,MCF7,2.0,A199,5,2,40.0,7,1.25,0.17575913667678833,481,0.1794091761112213,917
7,MCF7,2.0,A199,5,2,40.0,7,1.3,0.17401231825351715,324,0.178323432803154,629
7,MCF7,2.0,A199,5,2,40.0,7,1.35,0.1783139407634735,219,0.1895834058523178,403
7,MCF7,2.0,A199,5,2,40.0,7,1.4,0.1806081235408783,145,0.18869701027870178,266
7,MCF7,2.0,A199,5,2,40.0,7,1.45,0.1877148300409317,111,0.18497177958488464,182
7,MCF7,2.0,A199,5,2,40.0,7,1.5,0.19438102841377258,62,0.19274352490901947,109
7,MCF7,2.0,A199,5,2,40.0,7,1.55,0.18039679527282715,33,0.17906780540943146,58
7,MCF7,2.0,A199,5,2,40.0,7,1.6,0.19796738028526306,23,0.17660918831825256,43
7,MCF7,2.0,A199,5,2,40.0,7,1.65,0.16163699328899384,20,0.16684943437576294,31
7,MCF7,2.0,A199,5,2,40.0,7,1.7,0.19506509602069855,9,0.17210382223129272,20
7,MCF7,2.0,A199,5,2,40.0,7,1.75,0.16439254581928253,13,0.1489766389131546,15
7,MCF7,2.0,A199,5,2,40.0,7,1.8,,3,,6
7,MCF7,2.0,A199,5,2,40.0,7,1.85,,3,,8
7,MCF7,2.0,A199,5,2,40.0,7,1.95,,2,,6
1,MCF7,2.0,A199,6,2,40.0,1,0.28,0.06118743494153023,20,0.05048593506217003,56
1,MCF7,2.0,A199,6,2,40.0,1,0.33,0.06360544264316559,1777,0.060067277401685715,2558
1,MCF7,2.0,A199,6,2,40.0,1,0.38,0.06489356607198715,2176,0.06298176199197769,4454
1,MCF7,2.0,A199,6,2,40.0,1,0.43,0.06118377298116684,352,0.06402003020048141,1298
1,MCF7,2.0,A199,6,2,40.0,1,0.48,0.06100061163306236,65,0.06741910427808762,180
1,MCF7,2.0,A199,6,2,40.0,1,0.53,0.060255780816078186,22,0.06482142210006714,50
1,MCF7,2.0,A199,6,2,40.0,1,0.58,0.05890661105513573,11,0.0657774955034256,34
1,MCF7,2.0,A199,6,2,40.0,1,0.63,,4,0.0657939612865448,14
1,MCF7,2.0,A199,6,2,40.0,1,0.68,,4,,7
2,MCF7,2.0,A199,6,2,40.0,2,0.08,,0,0.029505766928195953,57
2,MCF7,2.0,A199,6,2,40.0,2,0.13,0.0434282086789608,369,0.03802822530269623,4141
2,MCF7,2.0,A199,6,2,40.0,2,0.18,0.0516899973154068,1259,0.04748452827334404,13345
2,MCF7,2.0,A199,6,2,40.0,2,0.23,0.06285019963979721,1834,0.05497463047504425,15269
2,MCF7,2.0,A199,6,2,40.0,2,0.28,0.06901786476373672,1749,0.06056765094399452,8285
2,MCF7,2.0,A199,6,2,40.0,2,0.33,0.07711423188447952,2874,0.07213933020830154,4708
2,MCF7,2.0,A199,6,2,40.0,2,0.38,0.08084874600172043,2895,0.07961370795965195,3366
2,MCF7,2.0,A199,6,2,40.0,2,0.43,0.08708985894918442,887,0.08712891489267349,970
2,MCF7,2.0,A199,6,2,40.0,2,0.48,0.08683876693248749,68,0.08726651966571808,76
2,MCF7,2.0,A199,6,2,40.0,2,0.53,,4,,7
3,MCF7,2.0,A199,6,2,40.0,3,0.04,0.033205870538949966,100,0.034506261348724365,483
3,MCF7,2.0,A199,6,2,40.0,3,0.09,0.038354042917490005,773,0.04086434096097946,2583
3,MCF7,2.0,A199,6,2,40.0,3,0.14,0.051807112991809845,1555,0.049565184861421585,2928
3,MCF7,2.0,A199,6,2,40.0,3,0.19,0.061164576560258865,898,0.057844698429107666,1525
3,MCF7,2.0,A199,6,2,40.0,3,0.24,0.0672350823879242,573,0.06243477016687393,950
3,MCF7,2.0,A199,6,2,40.0,3,0.29,0.07426570355892181,159,0.06736614555120468,220
3,MCF7,2.0,A199,6,2,40.0,3,0.34,0.05903152376413345,14,0.05818762257695198,15
4,MCF7,2.0,A199,6,2,40.0,4,0.05,0.027317354455590248,12,0.027591193094849586,82
4,MCF7,2.0,A199,6,2,40.0,4,0.1,0.030820542946457863,3650,0.031389590352773666,7615
4,MCF7,2.0,A199,6,2,40.0,4,0.15,0.03391306474804878,2212,0.034893766045570374,5927
4,MCF7,2.0,A199,6,2,40.0,4,0.2,0.04002140834927559,85,0.03657209128141403,276
4,MCF7,2.0,A199,6,2,40.0,4,0.25,0.05065605044364929,10,0.05100100487470627,15
5,MCF7,2.0,A199,6,2,40.0,5,0.04,,0,0.04643067345023155,131
5,MCF7,2.0,A199,6,2,40.0,5,0.09,0.060347918421030045,503,0.04684872552752495,5396
5,MCF7,2.0,A199,6,2,40.0,5,0.14,0.05062970146536827,2420,0.0512651652097702,4743
1,MCF7,2.0,A199,7,2,40.0,1,0.03,,0,0.011692831292748451,128
1,MCF7,2.0,A199,7,2,40.0,1,0.08,0.022999202832579613,1570,0.017387423664331436,10991
1,MCF7,2.0,A199,7,2,40.0,1,0.13,0.0233360193669796,2096,0.01922506093978882,6227
1,MCF7,2.0,A199,7,2,40.0,1,0.18,0.02594832330942154,477,0.024366918951272964,636
1,MCF7,2.0,A199,7,2,40.0,1,0.23,0.03117261826992035,49,0.03117261826992035,49
2,MCF7,2.0,A199,7,2,40.0,2,0.0,,2,0.0020164966117590666,4897
2,MCF7,2.0,A199,7,2,40.0,2,0.05,0.019908588379621506,3206,0.017712727189064026,16542
2,MCF7,2.0,A199,7,2,40.0,2,0.1,0.02355285733938217,2828,0.02331957221031189,3721
2,MCF7,2.0,A199,7,2,40.0,2,0.15,0.026785889640450478,417,0.02726638875901699,450
2,MCF7,2.0,A199,7,2,40.0,2,0.2,0.030063727870583534,84,0.03136950731277466,98
2,MCF7,2.0,A199,7,2,40.0,2,0.25,0.030423235148191452,25,0.02961387299001217,27
2,MCF7,2.0,A199,7,2,40.0,2,0.3,0.030927181243896484,8,,8
3,MCF7,2.0,A199,7,2,40.0,3,0.15,,0,0.03072008490562439,99
3,MCF7,2.0,A199,7,2,40.0,3,0.2,,0,0.03669717162847519,497
3,MCF7,2.0,A199,7,2,40.0,3,0.25,0.05696612969040871,93,0.04786724969744682,938
3,MCF7,2.0,A199,7,2,40.0,3,0.3,0.06578696519136429,241,0.05996029078960419,1667
3,MCF7,2.0,A199,7,2,40.0,3,0.35,0.07468651980161667,577,0.0659450814127922,2114
3,MCF7,2.0,A199,7,2,40.0,3,0.4,0.07795194536447525,872,0.07057705521583557,2283
3,MCF7,2.0,A199,7,2,40.0,3,0.45,0.08327154070138931,759,0.0769193172454834,1966
3,MCF7,2.0,A199,7,2,40.0,3,0.5,0.08590627461671829,565,0.0816696286201477,1326
3,MCF7,2.0,A199,7,2,40.0,3,0.55,0.09190000593662262,334,0.08764848858118057,620
3,MCF7,2.0,A199,7,2,40.0,3,0.6,0.0923287644982338,174,0.09024199098348618,237
3,MCF7,2.0,A199,7,2,40.0,3,0.65,0.09862101078033447,66,0.09939592331647873,72
3,MCF7,2.0,A199,7,2,40.0,3,0.7,0.10435697436332703,38,0.10662351548671722,42
3,MCF7,2.0,A199,7,2,40.0,3,0.75,0.10150382667779922,23,0.10150382667779922,23
3,MCF7,2.0,A199,7,2,40.0,3,0.8,0.10580295324325562,32,0.10712132602930069,34
3,MCF7,2.0,A199,7,2,40.0,3,0.85,0.12901324033737183,33,0.12901324033737183,33
3,MCF7,2.0,A199,7,2,40.0,3,0.9,0.12541243433952332,22,0.12541243433952332,22
3,MCF7,2.0,A199,7,2,40.0,3,0.95,0.11281396448612213,10,0.11281396448612213,10
3,MCF7,2.0,A199,7,2,40.0,3,1.0,0.128397136926651,7,,7
3,MCF7,2.0,A199,7,2,40.0,3,1.05,0.11853115260601044,11,0.11853115260601044,11
3,MCF7,2.0,A199,7,2,40.0,3,1.1,0.13931015133857727,10,0.13931015133857727,10
3,MCF7,2.0,A199,7,2,40.0,3,1.15,0.13203182816505432,7,,7
3,MCF7,2.0,A199,7,2,40.0,3,1.2,0.136266827583313,6,,6
4,MCF7,2.0,A199,7,2,40.0,4,0.1,0.03849611058831215,14,0.04363425076007843,144
4,MCF7,2.0,A199,7,2,40.0,4,0.15,0.04001469537615776,383,0.04871769994497299,1971
4,MCF7,2.0,A199,7,2,40.0,4,0.2,0.04512801021337509,564,0.05394666641950607,2649
4,MCF7,2.0,A199,7,2,40.0,4,0.25,0.05521200969815254,510,0.06097269058227539,2131
4,MCF7,2.0,A199,7,2,40.0,4,0.3,0.06125091016292572,443,0.06350728124380112,1921
4,MCF7,2.0,A199,7,2,40.0,4,0.35,0.06437470763921738,386,0.06546980887651443,1811
4,MCF7,2.0,A199,7,2,40.0,4,0.4,0.0688893273472786,407,0.07002280652523041,1407
4,MCF7,2.0,A199,7,2,40.0,4,0.45,0.0676502212882042,369,0.0731346532702446,1097
4,MCF7,2.0,A199,7,2,40.0,4,0.5,0.0789569839835167,317,0.08161129057407379,719
4,MCF7,2.0,A199,7,2,40.0,4,0.55,0.08177227526903152,335,0.08414582163095474,570
4,MCF7,2.0,A199,7,2,40.0,4,0.6,0.09003008157014847,279,0.09466319531202316,433
4,MCF7,2.0,A199,7,2,40.0,4,0.65,0.09180537611246109,259,0.09477968513965607,321
4,MCF7,2.0,A199,7,2,40.0,4,0.7,0.09229744970798492,198,0.09382415562868118,220
4,MCF7,2.0,A199,7,2,40.0,4,0.75,0.09335900843143463,155,0.0960482805967331,161
4,MCF7,2.0,A199,7,2,40.0,4,0.8,0.0960584208369255,105,0.09695075452327728,110
4,MCF7,2.0,A199,7,2,40.0,4,0.85,0.09871459752321243,68,0.09975534677505493,71
4,MCF7,2.0,A199,7,2,40.0,4,0.9,0.10192211717367172,28,0.10237502306699753,30
4,MCF7,2.0,A199,7,2,40.0,4,0.95,0.10024447739124298,17,0.10613487660884857,19
4,MCF7,2.0,A199,7,2,40.0,4,1.0,0.10311231017112732,13,0.10906723886728287,14
4,MCF7,2.0,A199,7,2,40.0,4,1.05,0.09993401169776917,8,,8
4,MCF7,2.0,A199,7,2,40.0,4,1.1,0.11298063397407532,6,,6
5,MCF7,2.0,A199,7,2,40.0,5,0.19,,0,0.019949521869421005,23
5,MCF7,2.0,A199,7,2,40.0,5,0.24,0.01866961270570755,177,0.02481120266020298,1023
5,MCF7,2.0,A199,7,2,40.0,5,0.29,0.025243693962693214,429,0.029582252725958824,2632
5,MCF7,2.0,A199,7,2,40.0,5,0.34,0.02784850262105465,576,0.034517914056777954,2830
5,MCF7,2.0,A199,7,2,40.0,5,0.39,0.03355872631072998,649,0.039227910339832306,1853
5,MCF7,2.0,A199,7,2,40.0,5,0.44,0.04196362942457199,603,0.04482126981019974,1361
5,MCF7,2.0,A199,7,2,40.0,5,0.49,0.047379013150930405,838,0.0506906695663929,1556
5,MCF7,2.0,A199,7,2,40.0,5,0.54,0.05016332492232323,734,0.05234387516975403,1693
5,MCF7,2.0,A199,7,2,40.0,5,0.59,0.05805976316332817,473,0.05840323492884636,1825
5,MCF7,2.0,A199,7,2,40.0,5,0.64,0.06992238759994507,368,0.06609627604484558,1752
5,MCF7,2.0,A199,7,2,40.0,5,0.69,0.08325972408056259,303,0.0810902789235115,1344
5,MCF7,2.0,A199,7,2,40.0,5,0.74,0.08749919384717941,245,0.09041476249694824,870
5,MCF7,2.0,A199,7,2,40.0,5,0.79,0.09180045872926712,131,0.09549613296985626,343
5,MCF7,2.0,A199,7,2,40.0,5,0.84,0.09321915358304977,104,0.09641429781913757,164
5,MCF7,2.0,A199,7,2,40.0,5,0.89,0.09226162731647491,69,0.09540870040655136,84
5,MCF7,2.0,A199,7,2,40.0,5,0.94,0.09295511245727539,46,0.09774408489465714,54
5,MCF7,2.0,A199,7,2,40.0,5,0.99,0.08696088194847107,33,0.09423922002315521,41
5,MCF7,2.0,A199,7,2,40.0,5,1.04,0.08779586106538773,31,0.09463991969823837,40
5,MCF7,2.0,A199,7,2,40.0,5,1.09,0.08608273416757584,21,0.09443273395299911,27
5,MCF7,2.0,A199,7,2,40.0,5,1.14,0.09144935011863708,9,0.09947257488965988,12
5,MCF7,2.0,A199,7,2,40.0,5,1.19,0.07251221686601639,11,0.08337422460317612,14
5,MCF7,2.0,A199,7,2,40.0,5,1.24,0.05469582602381706,5,,6
5,MCF7,2.0,A199,7,2,40.0,5,1.29,0.07172343134880066,6,,6
5,MCF7,2.0,A199,7,2,40.0,5,1.34,0.08207251876592636,6,,6
1,MCF7,2.0,A199,8,2,40.0,1,0.1,0.021990161389112473,131,0.02104833349585533,956
1,MCF7,2.0,A199,8,2,40.0,1,0.15,0.028765181079506874,933,0.026826584711670876,6304
1,MCF7,2.0,A199,8,2,40.0,1,0.2,0.0366964191198349,1322,0.031653400510549545,9786
1,MCF7,2.0,A199,8,2,40.0,1,0.25,0.04328858479857445,1246,0.039438556879758835,7186
1,MCF7,2.0,A199,8,2,40.0,1,0.3,0.04733164235949516,1110,0.04463609680533409,4518
1,MCF7,2.0,A199,8,2,40.0,1,0.35,0.05351651459932327,1178,0.05019338056445122,3180
1,MCF7,2.0,A199,8,2,40.0,1,0.4,0.05953213945031166,909,0.05560724064707756,1721
1,MCF7,2.0,A199,8,2,40.0,1,0.45,0.06623559445142746,557,0.062427278608083725,809
1,MCF7,2.0,A199,8,2,40.0,1,0.5,0.06964682787656784,348,0.06827528774738312,388
1,MCF7,2.0,A199,8,2,40.0,1,0.55,0.07302755862474442,228,0.07336221635341644,234
1,MCF7,2.0,A199,8,2,40.0,1,0.6,0.07430285960435867,156,0.07469233125448227,158
1,MCF7,2.0,A199,8,2,40.0,1,0.65,0.0786646381020546,126,0.0786646381020546,126
1,MCF7,2.0,A199,8,2,40.0,1,0.7,0.08034450560808182,100,0.07959993928670883,101
1,MCF7,2.0,A199,8,2,40.0,1,0.75,0.08201935887336731,70,0.08201935887336731,70
1,MCF7,2.0,A199,8,2,40.0,1,0.8,0.07950113713741302,49,0.07950113713741302,49
1,MCF7,2.0,A199,8,2,40.0,1,0.85,0.08370701968669891,29,0.08370701968669891,29
1,MCF7,2.0,A199,8,2,40.0,1,0.9,0.08509167283773422,26,0.08509167283773422,26
1,MCF7,2.0,A199,8,2,40.0,1,0.95,0.07628859579563141,18,0.07628859579563141,18
1,MCF7,2.0,A199,8,2,40.0,1,1.05,0.09094954282045364,6,,6
2,MCF7,2.0,A199,8,2,40.0,2,0.06,0.04999866336584091,20,0.044718220829963684,34
2,MCF7,2.0,A199,8,2,40.0,2,0.11,0.0410391241312027,226,0.048438988626003265,1573
2,MCF7,2.0,A199,8,2,40.0,2,0.16,0.04556092247366905,329,0.05431373417377472,5495
2,MCF7,2.0,A199,8,2,40.0,2,0.21,0.059237588196992874,339,0.0638747364282608,5711
2,MCF7,2.0,A199,8,2,40.0,2,0.26,0.06935028731822968,462,0.07944720983505249,3915
2,MCF7,2.0,A199,8,2,40.0,2,0.31,0.0777711570262909,826,0.08991964161396027,2210
2,MCF7,2.0,A199,8,2,40.0,2,0.36,0.08780134469270706,1082,0.0934344008564949,1394
2,MCF7,2.0,A199,8,2,40.0,2,0.41,0.09880111366510391,676,0.1012365072965622,726
2,MCF7,2.0,A199,8,2,40.0,2,0.46,0.10106383264064789,150,0.10287304222583771,155
2,MCF7,2.0,A199,8,2,40.0,2,0.51,0.10293976962566376,14,0.11700946092605591,17
3,MCF7,2.0,A199,8,2,40.0,3,0.17,,0,,8
3,MCF7,2.0,A199,8,2,40.0,3,0.22,,0,0.07888748496770859,192
3,MCF7,2.0,A199,8,2,40.0,3,0.27,,0,0.08995672315359116,581
3,MCF7,2.0,A199,8,2,40.0,3,0.32,0.10006395727396011,6,0.09661699831485748,890
3,MCF7,2.0,A199,8,2,40.0,3,0.37,0.11092083156108856,247,0.10748138278722763,1585
3,MCF7,2.0,A199,8,2,40.0,3,0.42,0.11691933125257492,614,0.11464578658342361,1980
3,MCF7,2.0,A199,8,2,40.0,3,0.47,0.13047614693641663,545,0.11872401833534241,1814
3,MCF7,2.0,A199,8,2,40.0,3,0.52,0.13805773854255676,428,0.12147192656993866,1412
3,MCF7,2.0,A199,8,2,40.0,3,0.57,0.13701629638671875,286,0.1253020167350769,726
3,MCF7,2.0,A199,8,2,40.0,3,0.62,0.14142157137393951,168,0.1361289620399475,240
3,MCF7,2.0,A199,8,2,40.0,3,0.67,0.1479625403881073,99,0.1452220231294632,115
3,MCF7,2.0,A199,8,2,40.0,3,0.72,0.13968023657798767,58,0.13968023657798767,58
3,MCF7,2.0,A199,8,2,40.0,3,0.77,0.13510362803936005,21,0.13510362803936005,21
3,MCF7,2.0,A199,8,2,40.0,3,0.82,0.14756280183792114,16,0.14756280183792114,16
3,MCF7,2.0,A199,8,2,40.0,3,0.87,0.13636381924152374,12,0.13636381924152374,12
4,MCF7,2.0,A199,8,2,40.0,4,0.08,,0,0.04494205117225647,35
4,MCF7,2.0,A199,8,2,40.0,4,0.13,0.030127082020044327,39,0.047274939715862274,626
4,MCF7,2.0,A199,8,2,40.0,4,0.18,0.03334641456604004,264,0.052269347012043,2290
4,MCF7,2.0,A199,8,2,40.0,4,0.23,0.03514973074197769,613,0.04919629916548729,4276
4,MCF7,2.0,A199,8,2,40.0,4,0.28,0.04455778747797012,913,0.0580102764070034,3881
4,MCF7,2.0,A199,8,2,40.0,4,0.33,0.0597158707678318,1275,0.06946945190429688,2446
4,MCF7,2.0,A199,8,2,40.0,4,0.38,0.0697534829378128,1463,0.07206188887357712,1678
4,MCF7,2.0,A199,8,2,40.0,4,0.43,0.07559823989868164,1053,0.07584255933761597,1098
4,MCF7,2.0,A199,8,2,40.0,4,0.48,0.0794035941362381,604,0.08013833314180374,627
4,MCF7,2.0,A199,8,2,40.0,4,0.53,0.08358299732208252,266,0.08354735374450684,268
4,MCF7,2.0,A199,8,2,40.0,4,0.58,0.0864005908370018,107,0.08696065843105316,109
4,MCF7,2.0,A199,8,2,40.0,4,0.63,0.08263938128948212,52,0.08333024382591248,53
4,MCF7,2.0,A199,8,2,40.0,4,0.68,0.09756084531545639,24,0.09851226210594177,25
4,MCF7,2.0,A199,8,2,40.0,4,0.73,0.09414155781269073,18,0.09708830714225769,19
1,MCF7,2.0,A199,9,2,40.0,1,0.0,,0,0.025148440152406693,14
1,MCF7,2.0,A199,9,2,40.0,1,0.05,0.03450772166252136,3013,0.031271714717149734,10919
1,MCF7,2.0,A199,9,2,40.0,1,0.1,0.02890739031136036,166,0.028156403452157974,203
2,MCF7,2.0,A199,9,2,40.0,2,0.0,,0,0.026647794991731644,1187
2,MCF7,2.0,A199,9,2,40.0,2,0.05,0.026010069996118546,3326,0.024561967700719833,10343
2,MCF7,2.0,A199,9,2,40.0,2,0.1,0.01928597316145897,233,0.014755675569176674,438
3,MCF7,2.0,A199,9,2,40.0,3,0.07,0.006661642342805862,17,0.01885969750583172,63
3,MCF7,2.0,A199,9,2,40.0,3,0.12,0.04485391080379486,223,0.04621316120028496,2201
3,MCF7,2.0,A199,9,2,40.0,3,0.17,0.06030439957976341,451,0.0595058910548687,4276
3,MCF7,2.0,A199,9,2,40.0,3,0.22,0.06879150122404099,732,0.07157854735851288,3108
3,MCF7,2.0,A199,9,2,40.0,3,0.27,0.09098269045352936,845,0.09273242950439453,2118
3,MCF7,2.0,A199,9,2,40.0,3,0.32,0.10505810379981995,841,0.10563474148511887,1714
3,MCF7,2.0,A199,9,2,40.0,3,0.37,0.11840938031673431,1131,0.11935639381408691,1492
3,MCF7,2.0,A199,9,2,40.0,3,0.42,0.12266097962856293,679,0.12671414017677307,1048
3,MCF7,2.0,A199,9,2,40.0,3,0.47,0.13201220333576202,402,0.13146592676639557,740
3,MCF7,2.0,A199,9,2,40.0,3,0.52,0.14074592292308807,278,0.13923992216587067,518
3,MCF7,2.0,A199,9,2,40.0,3,0.57,0.14505833387374878,203,0.14441092312335968,340
3,MCF7,2.0,A199,9,2,40.0,3,0.62,0.14634372293949127,112,0.1484212726354599,182
3,MCF7,2.0,A199,9,2,40.0,3,0.67,0.13598522543907166,44,0.1302851289510727,92
3,MCF7,2.0,A199,9,2,40.0,3,0.72,0.13936546444892883,20,0.14009544253349304,50
3,MCF7,2.0,A199,9,2,40.0,3,0.77,0.11472133547067642,9,0.13820290565490723,33
3,MCF7,2.0,A199,9,2,40.0,3,0.82,,1,0.15474076569080353,15
3,MCF7,2.0,A199,9,2,40.0,3,0.87,,0,,8
3,MCF7,2.0,A199,9,2,40.0,3,0.97,,0,,7
4,MCF7,2.0,A199,9,2,40.0,4,0.08,,0,0.023864472284913063,44
4,MCF7,2.0,A199,9,2,40.0,4,0.13,,1,0.03660660982131958,1273
4,MCF7,2.0,A199,9,2,40.0,4,0.18,0.05737028643488884,123,0.04539116099476814,3382
4,MCF7,2.0,A199,9,2,40.0,4,0.23,0.06345120072364807,470,0.0611165352165699,3570
4,MCF7,2.0,A199,9,2,40.0,4,0.28,0.06859783083200455,730,0.07307113707065582,2382
4,MCF7,2.0,A199,9,2,40.0,4,0.33,0.07448935508728027,1060,0.08043073862791061,1635
4,MCF7,2.0,A199,9,2,40.0,4,0.38,0.08788365125656128,1553,0.09380698204040527,1912
4,MCF7,2.0,A199,9,2,40.0,4,0.43,0.10316552221775055,1018,0.10924404114484787,1260
4,MCF7,2.0,A199,9,2,40.0,4,0.48,0.12417634576559067,259,0.12959711253643036,325
4,MCF7,2.0,A199,9,2,40.0,4,0.53,0.13713622093200684,74,0.14341215789318085,105
4,MCF7,2.0,A199,9,2,40.0,4,0.58,0.16670744121074677,35,0.1688975989818573,47
5,MCF7,2.0,A199,9,2,40.0,5,0.0,,0,0.0,1043
5,MCF7,2.0,A199,9,2,40.0,5,0.7,,0,0.044767700135707855,13
5,MCF7,2.0,A199,9,2,40.0,5,0.75,,0,0.05669416859745979,41
5,MCF7,2.0,A199,9,2,40.0,5,0.8,,0,0.056662969291210175,87
5,MCF7,2.0,A199,9,2,40.0,5,0.85,,0,0.06638341397047043,184
5,MCF7,2.0,A199,9,2,40.0,5,0.9,,0,0.06442087143659592,176
5,MCF7,2.0,A199,9,2,40.0,5,0.95,,0,0.06908005475997925,242
5,MCF7,2.0,A199,9,2,40.0,5,1.0,,0,0.07387331128120422,306
5,MCF7,2.0,A199,9,2,40.0,5,1.05,,0,0.07140205055475235,355
5,MCF7,2.0,A199,9,2,40.0,5,1.1,,0,0.0790092796087265,341
5,MCF7,2.0,A199,9,2,40.0,5,1.15,,0,0.07876657694578171,365
5,MCF7,2.0,A199,9,2,40.0,5,1.2,,0,0.07948097586631775,285
5,MCF7,2.0,A199,9,2,40.0,5,1.25,,1,0.07998841255903244,327
5,MCF7,2.0,A199,9,2,40.0,5,1.3,,2,0.08272238075733185,364
5,MCF7,2.0,A199,9,2,40.0,5,1.35,0.10379002243280411,6,0.08165718615055084,404
5,MCF7,2.0,A199,9,2,40.0,5,1.4,0.09775741398334503,29,0.08389003574848175,441
5,MCF7,2.0,A199,9,2,40.0,5,1.45,0.09225745499134064,44,0.08299574255943298,526
5,MCF7,2.0,A199,9,2,40.0,5,1.5,0.09013811498880386,67,0.08579979836940765,612
5,MCF7,2.0,A199,9,2,40.0,5,1.55,0.09353538602590561,105,0.08578967303037643,764
5,MCF7,2.0,A199,9,2,40.0,5,1.6,0.10388346016407013,136,0.08578750491142273,933
5,MCF7,2.0,A199,9,2,40.0,5,1.65,0.09966380149126053,161,0.08476119488477707,1013
5,MCF7,2.0,A199,9,2,40.0,5,1.7,0.10252924263477325,174,0.08695242553949356,1149
5,MCF7,2.0,A199,9,2,40.0,5,1.75,0.10759016126394272,175,0.08777079731225967,1194
5,MCF7,2.0,A199,9,2,40.0,5,1.8,0.11138211190700531,194,0.08706387877464294,1304
5,MCF7,2.0,A199,9,2,40.0,5,1.85,0.11237593740224838,200,0.09227149933576584,1321
5,MCF7,2.0,A199,9,2,40.0,5,1.9,0.11337042599916458,227,0.09365639835596085,1331
5,MCF7,2.0,A199,9,2,40.0,5,1.95,0.11585596203804016,234,0.09603258222341537,1375
5,MCF7,2.0,A199,9,2,40.0,5,2.0,0.12604041397571564,296,0.10117790848016739,1353
5,MCF7,2.0,A199,9,2,40.0,5,2.05,0.12430764734745026,286,0.09946860373020172,1313
5,MCF7,2.0,A199,9,2,40.0,5,2.1,0.12392643839120865,266,0.10126921534538269,1170
5,MCF7,2.0,A199,9,2,40.0,5,2.15,0.12980186939239502,260,0.11005792021751404,1125
5,MCF7,2.0,A199,9,2,40.0,5,2.2,0.12672315537929535,241,0.10696280002593994,1011
5,MCF7,2.0,A199,9,2,40.0,5,2.25,0.13403847813606262,234,0.11059646308422089,958
5,MCF7,2.0,A199,9,2,40.0,5,2.3,0.12854057550430298,204,0.11197318881750107,861
5,MCF7,2.0,A199,9,2,40.0,5,2.35,0.12974487245082855,175,0.10631795227527618,785
5,MCF7,2.0,A199,9,2,40.0,5,2.4,0.12608888745307922,170,0.11410434544086456,658
5,MCF7,2.0,A199,9,2,40.0,5,2.45,0.12996616959571838,169,0.11348345130681992,588
5,MCF7,2.0,A199,9,2,40.0,5,2.5,0.12597249448299408,147,0.11528776586055756,515
5,MCF7,2.0,A199,9,2,40.0,5,2.55,0.13565121591091156,125,0.1192748099565506,469
5,MCF7,2.0,A199,9,2,40.0,5,2.6,0.1294013410806656,116,0.11953814327716827,388
5,MCF7,2.0,A199,9,2,40.0,5,2.65,0.1294090747833252,98,0.12024020403623581,356
5,MCF7,2.0,A199,9,2,40.0,5,2.7,0.13453741371631622,96,0.12114965915679932,326
5,MCF7,2.0,A199,9,2,40.0,5,2.75,0.12308986485004425,93,0.12163043022155762,279
5,MCF7,2.0,A199,9,2,40.0,5,2.8,0.120613232254982,77,0.11641447991132736,248
5,MCF7,2.0,A199,9,2,40.0,5,2.85,0.12621355056762695,81,0.13070684671401978,189
5,MCF7,2.0,A199,9,2,40.0,5,2.9,0.1328214704990387,62,0.13628488779067993,184
5,MCF7,2.0,A199,9,2,40.0,5,2.95,0.13116838037967682,62,0.13245658576488495,163
5,MCF7,2.0,A199,9,2,40.0,5,3.0,0.14426034688949585,48,0.1297343224287033,149
5,MCF7,2.0,A199,9,2,40.0,5,3.05,0.11334576457738876,57,0.11786596477031708,145
5,MCF7,2.0,A199,9,2,40.0,5,3.1,0.1276698261499405,39,0.12050929665565491,108
5,MCF7,2.0,A199,9,2,40.0,5,3.15,0.13831591606140137,43,0.13187488913536072,107
5,MCF7,2.0,A199,9,2,40.0,5,3.2,0.11547556519508362,33,0.1181744635105133,87
5,MCF7,2.0,A199,9,2,40.0,5,3.25,0.1009761244058609,21,0.1107109859585762,70
5,MCF7,2.0,A199,9,2,40.0,5,3.3,0.1179363951086998,19,0.1406935155391693,56
5,MCF7,2.0,A199,9,2,40.0,5,3.35,0.10163963586091995,17,0.12811565399169922,58
5,MCF7,2.0,A199,9,2,40.0,5,3.4,0.11838934570550919,22,0.1417270004749298,58
5,MCF7,2.0,A199,9,2,40.0,5,3.45,0.08683430403470993,21,0.12738792598247528,47
5,MCF7,2.0,A199,9,2,40.0,5,3.5,0.10942371189594269,16,0.12798821926116943,44
5,MCF7,2.0,A199,9,2,40.0,5,3.55,0.14500078558921814,13,0.14302507042884827,31
5,MCF7,2.0,A199,9,2,40.0,5,3.6,0.09335705637931824,8,0.09497331827878952,26
5,MCF7,2.0,A199,9,2,40.0,5,3.65,0.09736263006925583,11,0.1272353082895279,27
5,MCF7,2.0,A199,9,2,40.0,5,3.7,0.07800497859716415,12,0.10979527980089188,27
5,MCF7,2.0,A199,9,2,40.0,5,3.75,0.14752733707427979,9,0.14278875291347504,23
5,MCF7,2.0,A199,9,2,40.0,5,3.8,0.1258692890405655,7,0.14177030324935913,20
5,MCF7,2.0,A199,9,2,40.0,5,3.85,0.11809170246124268,9,0.13038238883018494,19
5,MCF7,2.0,A199,9,2,40.0,5,3.9,0.10015193372964859,5,0.12609362602233887,12
5,MCF7,2.0,A199,9,2,40.0,5,3.95,,4,,8
5,MCF7,2.0,A199,9,2,40.0,5,4.0,0.07484182715415955,6,,9
5,MCF7,2.0,A199,9,2,40.0,5,4.05,,4,0.10815828293561935,11
5,MCF7,2.0,A199,9,2,40.0,5,4.1,,4,,8
5,MCF7,2.0,A199,9,2,40.0,5,4.25,,3,,7
5,MCF7,2.0,A199,9,2,40.0,5,4.3,,4,,9
5,MCF7,2.0,A199,9,2,40.0,5,4.4,,4,,6
5,MCF7,2.0,A199,9,2,40.0,5,4.45,,3,0.11838056147098541,10
5,MCF7,2.0,A199,9,2,40.0,5,4.6,0.11582214385271072,8,,9
5,MCF7,2.0,A199,9,2,40.0,5,4.65,0.08549311757087708,8,,8
6,MCF7,2.0,A199,9,2,40.0,6,0.0,,0,0.0,104
6,MCF7,2.0,A199,9,2,40.0,6,0.05,0.03772490844130516,16,0.03856290131807327,425
6,MCF7,2.0,A199,9,2,40.0,6,0.1,0.036340538412332535,1145,0.04204762354493141,4454
6,MCF7,2.0,A199,9,2,40.0,6,0.15,0.0360831618309021,2285,0.04189274087548256,5775
6,MCF7,2.0,A199,9,2,40.0,6,0.2,0.0443866029381752,605,0.04810788109898567,1834
6,MCF7,2.0,A199,9,2,40.0,6,0.25,0.04640163853764534,50,0.05618521198630333,254
6,MCF7,2.0,A199,9,2,40.0,6,0.3,,0,0.06464136391878128,16
