Metadata_cell,Metadata_hour,Metadata_treatment,Metadata_site,Metadata_dish,Metadata_concentration,ObjectNumber,Ed_mean,Ed_variance,Ed_not_zero_mean,Ed_not_zero_variance,Ed_region_mean,Ed_region_variance,Ed_region_max,Ed_region_min,Ed_region_top_50,Ed_region_top_25,Fp_region_ratio_mean,Fp_non_region_ratio_mean,Fp_cell_ratio_mean,Fp_region_pixels,Fp_non_region_pixels,Fp_cell_pixels,Fp_cell_MCC,Fp_region_PCC,Fp_cell_PCC,Fp_region_MOC,Fp_cell_MOC,Rc_cell_mean,Rc_cell_max,Rc_cell_min,Rc_cell_var,Rc_region_mean,Rc_region_max,Rc_region_min,Rc_region_var,Rc_non_region_mean,Rc_non_region_max,Rc_non_region_min,Rc_non_region_var
A549,4,ALM,0,1,9,1,0.10867201536893845,0.0031255227513611317,0.11822373420000076,0.002271000761538744,,,,,,,1.5685899,5.692682,5.6210155,967,54680,55647,0.80172324,0.008737817,0.20418116,0.8561577,0.7424946,0.63477033,2.8424265,0,0.21227872,0.21054082,0.630616,0.03410213,0.017680356,0.64227253,2.8424265,0,0.21248114
A549,4,ALM,0,1,9,2,0.1268012523651123,0.005086133722215891,0.1461023986339569,0.0030403821729123592,,,,,,,1.1398509,3.0234888,2.9964707,1217,83630,84847,0.8396084,-0.22436023,0.35468653,0.94748265,0.8524137,0.47351417,1.9336457,0,0.096384965,0.1833068,0.37089893,0.064051114,0.00268309,0.47773725,1.9336457,0,0.09650511
A549,4,ALM,1,1,9,1,0.10648466646671295,0.023997073993086815,0.29661691188812256,0.010448286309838295,0.22737912833690643,0.0016449934337288141,0.3655145764350891,0.11102233827114105,0.2598448395729065,0.2800767123699188,0.59646565,0.5984926,0.59846395,2061,144226,146287,0.6010149,0.23792213,0.5863476,0.97766614,0.84357935,1.180731,8.485772,0,2.920834,2.6027508,4.84719,1.5129058,0.22829865,1.1604104,8.485772,0,2.930001
A549,4,ALM,1,1,9,2,0.14671587944030762,0.014411206357181072,0.21117271482944489,0.00713097071275115,0.14306896924972534,0.001491738366894424,0.307268351316452,0.016216473653912544,0.1743863970041275,0.19452621042728424,0.8978694,1.4449992,1.4348893,2863,152080,154943,0.8070967,0.3029508,0.4785506,0.96197224,0.8693021,1.533407,6.4054847,0,1.635975,1.3079379,3.1362448,0.6264939,0.13073336,1.5376517,6.4054847,0,1.6633369
A549,4,ALM,1,1,9,3,0.050245437771081924,0.006292895879596472,0.15413536131381989,0.0032912837341427803,0.12074744701385498,0.002643508603796363,0.3170737624168396,0,0.1609455943107605,0.18830479681491852,0.87654895,0.9395472,0.9375024,3621,107930,111551,0.80261844,-0.13698767,0.5532384,0.9469168,0.9230872,0.4877224,3.3039386,0,0.54883885,1.1978756,2.607773,0,0.13692002,0.46389744,3.3039386,0,0.54517126
A549,4,ALM,10,1,9,1,0.08555649220943451,0.023020301014184952,0.33720657229423523,0.005872596520930529,0.22157146036624908,0.0009901656303554773,0.32899534702301025,0.1379014402627945,0.2458919882774353,0.2621687650680542,0.7784833,1.4742268,1.4717609,200,56231,56431,0.99455994,0.13497515,0.49164164,0.9950722,0.8992056,1.0039608,6.874967,0,3.2177515,2.3327873,2.9291384,1.8967627,0.044024695,0.9992347,6.874967,0,3.2227368
A549,4,ALM,11,1,9,1,0.20009146630764008,0.0034781654831022024,0.20499195158481598,0.002558790845796466,0.14694570004940033,0.0005070163169875741,0.2194978892803192,0.07367513328790665,0.165031298995018,0.17563848197460175,1.2752424,2.6032584,2.5778544,909,46610,47519,0.9798028,-0.15641162,0.7521761,0.9719539,0.94123733,1.5658009,3.8150656,0,0.29003328,0.8173674,1.1858757,0.43664303,0.024232138,1.5803968,3.8150656,0,0.28407982
A549,4,ALM,11,1,9,2,0.23141710460186005,0.005465124733746052,0.23801949620246887,0.004049545153975487,0.1661534607410431,0.0008841493399813771,0.2594042420387268,0.07765176892280579,0.1903247833251953,0.2044268101453781,0.5452896,0.9069145,0.9029206,1200,107455,108655,0.19015916,0.15845439,0.4827988,0.94877195,0.8424113,3.2098186,9.683933,0,1.7794853,1.9510694,4.031315,1.1569176,0.27015007,3.2238758,9.683933,0,1.7784489
A549,4,ALM,11,1,9,3,0.22193369269371033,0.003815213916823268,0.22196783125400543,0.0038082199171185493,0.1388659030199051,0.00029821667703799903,0.21899189054965973,0.0934215858578682,0.15263785421848297,0.16167667508125305,0.6191224,1.8572297,1.8438945,1400,128583,129983,0.92445964,0.3623755,0.38892472,0.98827064,0.8315893,2.3028722,6.309895,0,0.65802795,0.9896014,1.4129831,0.71360344,0.016461577,2.317171,6.309895,0,0.64603066
A549,4,ALM,11,1,9,4,0.467795193195343,0.06304115802049637,0.5794728398323059,0.013376937247812748,,,,,,,0.5201024,0.9025838,0.897517,837,62346,63183,0.6085979,-0.037276037,0.41919842,0.86051935,0.8816294,6.8532205,13.737252,0,14.258069,6.423278,10.28112,3.2704322,3.406069,6.8589916,13.737252,0,14.40124
A549,4,ALM,12,1,9,1,0.04667240381240845,0.007499690167605877,0.18634077906608582,0.003916793968528509,0.14878098666667938,0.0017809992423281074,0.27205392718315125,0.026707952842116356,0.18266482651233673,0.2035885751247406,0.7864797,1.3025578,1.2973418,907,88836,89743,0.62045956,0.73840976,0.25075808,0.991729,0.8836631,0.64048165,5.8709455,0,1.367221,1.838748,2.601692,1.1563852,0.06857285,0.6282477,5.8709455,0,1.3656706
A549,4,ALM,12,1,9,2,0.04033960402011871,0.00556036876514554,0.1569247990846634,0.0033352416940033436,0.10564639419317245,0.0010538081405684352,0.24515627324581146,0,0.130836620926857,0.14650766551494598,0.6318392,1.3146281,1.3093809,977,126158,127135,0.7442441,0.77058864,0.26629096,0.9918749,0.8229694,0.5063902,6.5561357,0,0.8645495,1.1885929,1.8503461,0.8039147,0.03035292,0.5011071,6.5561357,0,0.86737746
A549,4,ALM,13,1,9,1,0.02382069081068039,0.002094832481816411,0.09092432260513306,0.001894689747132361,,,,,,,0.36318856,1.0545005,1.0412804,1200,61551,62751,0.6469909,-0.03408923,0.1526672,0.9703518,0.8279764,0.06931467,1.7757455,0,0.018486071,0.16013408,0.34338304,0,0.001424538,0.06754407,1.7757455,0,0.01865476
A549,4,ALM,13,1,9,2,0.04793700948357582,0.009292412549257278,0.21980732679367065,0.004830484744161367,0.16225393116474152,0.002945264335721731,0.35826393961906433,0,0.2039128690958023,0.2374793291091919,0.74778634,1.2856982,1.2808666,555,61236,61791,0.79311246,0.92192733,0.39360562,0.98692775,0.86110586,0.42611355,4.8900805,0,0.746635,1.1777451,2.5926588,0,0.17701308,0.4193014,4.8900805,0,0.74663097
A549,4,ALM,13,1,9,3,0.06181614100933075,0.005833013914525509,0.1339706927537918,0.00297497003339231,0.11745018512010574,0.0017570474883541465,0.25315791368484497,0.03169061988592148,0.15022505819797516,0.17107176780700684,1.003177,3.3343818,3.3097126,800,74799,75599,0.5330241,0.7063174,0.16437626,0.9435051,0.77215767,0.46999156,3.6810963,0,0.42059726,0.37930787,0.7684177,0.17868473,0.015911186,0.47096148,3.6810963,0,0.42483664
A549,4,ALM,14,1,9,1,0.026706546545028687,0.0026619459968060255,0.10490568727254868,0.0022528250701725483,,,,,,,0.67017436,2.0652103,2.0490463,1200,102367,103567,0.38503617,0.5184454,0.110995956,0.98139435,0.7964638,0.116356276,1.8845633,0,0.055684533,0.2119826,0.6572873,0,0.003807817,0.115235336,1.8845633,0,0.056184206
A549,4,ALM,14,1,9,2,0.03303969278931618,0.004246231634169817,0.14091947674751282,0.00290848221629858,0.10999729484319687,0.0011246210196986794,0.203125,0,0.13672561943531036,0.1529548019170761,0.75426435,0.92858106,0.9268016,400,38783,39183,0.4584279,0.038844302,0.12574573,0.9940715,0.8747259,0.45103127,4.594167,0,0.72371614,1.4977658,1.9074864,1.0550674,0.028991077,0.4402357,4.594167,0,0.7194646
A549,4,ALM,15,1,9,1,0.08688667416572571,0.006841184105724096,0.13928230106830597,0.0036688712425529957,0.09065526723861694,0.0009423742885701358,0.20550894737243652,0.01051837857812643,0.11480028182268143,0.13008061051368713,1.2931584,3.0588634,3.0312514,2406,151449,153855,0.7846169,-0.11159961,0.34992808,0.9352494,0.8613514,0.82709223,3.582588,0,0.6051317,0.6049408,1.2973549,0.25455567,0.042061266,0.8306214,3.582588,0,0.6132803
A549,4,ALM,16,1,9,1,0.038586001843214035,0.004461686126887798,0.13626214861869812,0.002446383936330676,0.100166916847229,0.0011487678857520223,0.21415743231773376,0,0.12683115899562836,0.14510498940944672,0.93852586,1.5116862,1.5048397,723,59804,60527,0.7931165,-0.11363256,0.3432338,0.96199405,0.86718756,0.30549607,2.9667647,0,0.2781322,0.70956194,1.3938669,0.36610276,0.040281374,0.30061123,2.9667647,0,0.27900997
A549,4,ALM,17,1,9,1,0.061549413949251175,0.010465653613209724,0.20696398615837097,0.005095872562378645,0.11706631630659103,0.0015102106845006347,0.269278883934021,0.0289677232503891,0.14574715495109558,0.16859517991542816,0.6759818,2.35319,2.340286,800,103183,103983,0.8846275,0.8548608,0.21527818,0.99008226,0.78225785,0.4117246,4.447378,0,0.50403845,0.59115934,1.320781,0.4041198,0.017067961,0.4103334,4.447378,0,0.5075625
A549,4,ALM,18,1,9,1,0.12737514078617096,0.020710941404104233,0.27268290519714355,0.004714752081781626,0.20883989334106445,0.0012342585250735283,0.33479300141334534,0.10365208238363266,0.23676049709320068,0.2549460530281067,0.83418804,1.0988288,1.09547,1400,108903,110303,0.7873779,0.32325107,0.64167,0.9790077,0.9193049,1.3040187,6.0719705,0,2.2487698,1.9656994,3.1747289,1.2395363,0.10964393,1.2955127,6.0719705,0,2.2705684
A549,4,ALM,19,1,9,1,0.2647540867328644,0.008223364129662514,0.2710523009300232,0.006711852271109819,0.1567566841840744,0.0016278509283438325,0.27248671650886536,0.03083871118724346,0.18987853825092316,0.20734934508800507,1.041162,2.6785731,2.6402931,1813,75738,77551,0.86551267,-0.19952267,0.51336217,0.9395409,0.8718001,2.1592624,5.8170238,0,0.72598755,1.1101968,2.0079744,0.46009767,0.1068509,2.1843746,5.8170238,0,0.7138334
A549,4,ALM,2,1,9,1,0.06758132576942444,0.012515001930296421,0.23201817274093628,0.004813788924366236,0.18275116384029388,0.0015413964865729213,0.2981850802898407,0.050951387733221054,0.21426573395729065,0.23354478180408478,0.59022135,0.7953681,0.794117,1051,171300,172351,0.09911406,0.5072273,0.2578471,0.98578006,0.85493076,0.50225586,4.8401403,0,0.7085659,1.3597409,2.2541332,0.85088086,0.054522123,0.49699497,4.8401403,0,0.70803976
A549,4,ALM,2,1,9,2,0.161254420876503,0.0011749082477763295,0.16140016913414001,0.0011524466099217534,0.14076274633407593,0.0007264805608429015,0.2098456472158432,0.06221730634570122,0.1627272665500641,0.1750299632549286,1.2494255,1.3464714,1.3449523,572,35971,36543,0.952793,0.45697275,0.9292073,0.9822203,0.98107463,1.3328434,2.2281418,0,0.04475669,1.1976056,1.566582,0.80182505,0.031608846,1.3349937,2.2281418,0,0.044670306
A549,4,ALM,2,1,9,3,0.0671650692820549,0.007961931638419628,0.1660367250442505,0.003266123356297612,0.14475688338279724,0.0022126082330942154,0.30170878767967224,0.02491510845720768,0.18214860558509827,0.20785930752754211,0.9752697,1.6851777,1.6794684,941,116066,117007,0.7999198,0.5560198,0.4721896,0.9793916,0.92597127,0.3583756,2.3203018,0,0.22835952,0.4766054,1.0365294,0.24285585,0.0158394,0.35741708,2.3203018,0,0.22996823
A549,4,ALM,3,1,9,1,0.05322905629873276,0.006003962364047766,0.14407165348529816,0.0031626946292817593,0.1144200786948204,0.0017602675361558795,0.23252128064632416,0,0.14814768731594086,0.16919350624084473,1.1112683,1.4160362,1.4105773,2552,139927,142479,0.7297345,0.029586457,0.5499966,0.9334683,0.9123456,0.30478767,2.3004725,0,0.1992906,0.54340553,1.5917295,0,0.05683753,0.30043578,2.3004725,0,0.20083125
A549,4,ALM,4,1,9,1,0.07566714286804199,0.008019390515983105,0.15312030911445618,0.0043684146367013454,0.0968037098646164,0.0014133502263575792,0.26792988181114197,0.012363968417048454,0.12591099739074707,0.14580032229423523,0.7788242,1.9270232,1.8922634,1905,61022,62927,0.9547628,-0.27428144,0.42121455,0.9587227,0.8435119,0.53393495,3.497101,0,0.4330396,0.45699582,1.0777534,0.23342112,0.02151196,0.53633684,3.497101,0,0.44569594
A549,4,ALM,5,1,9,1,0.04398829862475395,0.0058363028801977634,0.14661169052124023,0.00440643634647131,0.09274283051490784,0.0020967102609574795,0.24254842102527618,0,0.1281280219554901,0.15529364347457886,0.91657794,2.5999634,2.5724614,1600,96335,97935,0.9305737,0.18857065,0.50272673,0.96951324,0.83358794,0.34164217,3.4347572,0,0.3916777,0.41181526,0.93539673,0.19147955,0.016021602,0.34047672,3.4347572,0,0.39783365
A549,4,ALM,7,1,9,1,0.10293221473693848,0.016958704218268394,0.2485864758491516,0.004748448729515076,0.17235368490219116,0.0016177933430299163,0.3471338152885437,0.07572682201862335,0.20347732305526733,0.22584545612335205,0.8869459,1.6757838,1.6662196,800,65183,65983,0.97178406,-0.05639042,0.51548207,0.9843169,0.9127864,0.8107183,4.3885446,0,1.0627432,1.2779312,2.2016344,0.8032671,0.070205,0.80498415,4.3885446,0,1.0722127
A549,4,ALM,7,1,9,2,0.03551178425550461,0.005024460144340992,0.15495334565639496,0.0034160329960286617,0.11021381616592407,0.0022780848667025566,0.2907819151878357,0,0.14819364249706268,0.17264440655708313,1.0219852,1.5846083,1.5761144,1901,124018,125919,0.68895143,0.29517832,0.4122605,0.94802785,0.8865981,0.45083496,5.2063484,0,0.7866906,1.2904143,3.5236177,0,0.22001077,0.4379657,5.2063484,0,0.7844066
A549,4,ALM,7,1,9,3,0.16020093858242035,0.006626640912145376,0.1799049973487854,0.003896834095939994,0.07992472499608994,0.0004846919619012624,0.16679081320762634,0.015676379203796387,0.09734111279249191,0.1094651147723198,0.99450845,3.1005464,3.0837321,600,74551,75151,0.93410844,0.9067762,0.5002884,0.98761135,0.85791045,1.5754504,4.9120345,0,0.6827815,0.6067024,1.1991765,0.40907153,0.019130113,1.5832468,4.9120345,0,0.68050903
A549,4,ALM,8,1,9,1,0.06328121572732925,0.013733974657952785,0.2609224319458008,0.0050591700710356236,0.18766792118549347,0.00279210414737463,0.4176781475543976,0.033334266394376755,0.22992689907550812,0.2564700245857239,1.1500211,1.5682935,1.5614654,2421,145882,148303,0.910395,0.0482566,0.5638813,0.9628701,0.8905745,0.59088403,5.0814157,0,1.2027812,1.7652764,3.6179154,0.62556916,0.21005744,0.57139444,5.0814157,0,1.1959877
A549,4,ALM,1,2,3,1,0.12737472355365753,0.021890148520469666,0.2799040973186493,0.005409682635217905,0.19357959926128387,0.003386249765753746,0.34640029072761536,0.009306087158620358,0.24094855785369873,0.2658238708972931,1.1118013,1.7995962,1.7902036,1673,120838,122511,0.58993936,0.10404342,0.30374256,0.9409911,0.892053,1.0747116,5.3209887,0,1.5807135,1.7181464,2.7546072,0,0.19801506,1.0658033,5.3209887,0,1.5940456
A549,4,ALM,10,2,3,1,0.10763071477413177,0.016232268884778023,0.2452106922864914,0.003245243337005377,0.20643359422683716,0.0014742901548743248,0.39603346586227417,0.09414374828338623,0.236622616648674,0.25563666224479675,0.6114761,0.9132545,0.9091885,800,58575,59375,0.34919268,0.6673521,0.25295633,0.97347814,0.8700011,0.5551256,3.1871834,0,0.50905037,0.93434805,1.4688085,0.5280537,0.0339455,0.54994637,3.1871834,0,0.5135482
A549,4,ALM,12,2,3,1,0.09419507533311844,0.007102305069565773,0.1521046757698059,0.002660367637872696,0.09731385856866837,0.0007829631795175374,0.18661542236804962,0.019495192915201187,0.12001035362482071,0.13307806849479675,1.0941234,1.7724291,1.7667214,400,47135,47535,0.9520311,0.61970496,0.5325872,0.9851816,0.92380846,0.8881645,2.9157965,0,0.58807504,0.8775188,1.300954,0.59002477,0.02690833,0.8882549,2.9157965,0,0.5928362
A549,4,ALM,12,2,3,2,0.02931194193661213,0.003542595077306032,0.131489560008049,0.0024563316255807877,0.10415777564048767,0.0016807381762191653,0.2235056608915329,0,0.13698361814022064,0.1590155065059662,1.0020427,1.5463665,1.5386021,600,41463,42063,0.7366846,0.006832652,0.27563268,0.9768182,0.91880566,0.34858134,2.884831,0,0.44558334,1.2024825,1.9250591,0.67687196,0.07008871,0.33622512,2.884831,0,0.4403131
A549,4,ALM,14,2,3,1,0.031693898141384125,0.004121966660022736,0.1363924890756607,0.0034584959503263235,0.08262796700000763,0.001016329973936081,0.15936806797981262,0,0.10900267213582993,0.12389759719371796,0.7967372,2.9657516,2.9347422,1146,79013,80159,0.8632795,0.5027636,0.3457072,0.97209644,0.7989205,0.31496963,3.936399,0,0.4343936,0.43216774,1.075063,0.22715779,0.018071637,0.3132698,3.936399,0,0.44022974
A549,4,ALM,14,2,3,2,0.05263335257768631,0.006098346784710884,0.1468820422887802,0.003175000660121441,0.10374102741479874,0.0017700144089758396,0.2695009410381317,0,0.1361311376094818,0.16037847101688385,1.2107602,2.05364,2.0293374,2272,76527,78799,0.89293486,0.06390625,0.6077183,0.93832314,0.8994514,0.60428405,4.1052303,0,0.7913483,0.9730784,2.4527931,0,0.14344306,0.5933351,4.1052303,0,0.8064258
A549,4,ALM,14,2,3,3,0.1121433824300766,0.046276822686195374,0.505172848701477,0.009915651753544807,,,,,,,0.775251,0.8902124,0.88862634,1618,115661,117279,0.30086938,-0.02606456,0.1816292,0.96207297,0.8402923,1.6118327,12.190561,0,9.684898,7.341647,10.877781,0,3.2842846,1.5316778,12.190561,0,9.308743
A549,4,ALM,15,2,3,1,0.1877163052558899,0.01196365524083376,0.22776441276073456,0.0053944941610097885,0.15685583651065826,0.0017885230481624603,0.2765774726867676,0.021977700293064117,0.19129353761672974,0.20957790315151215,1.0375379,1.4262064,1.4155493,3292,116771,120063,0.68348217,0.033223256,0.6023897,0.9448844,0.91723365,2.0473454,7.1598673,0,1.3945497,1.7767086,3.1799722,0.7490861,0.23785286,2.054975,7.1598673,0,1.425036
A549,4,ALM,16,2,3,1,0.09972017258405685,0.0036296595353633165,0.1116967648267746,0.0027278426568955183,0.05703531578183174,0.0008370942668989301,0.1690124124288559,0,0.08056040853261948,0.09452977031469345,1.0449427,3.028297,2.9892712,1729,86142,87871,0.7828151,0.4795433,0.41348374,0.95759887,0.8489182,1.3526677,5.2460947,0,0.7132662,0.5957162,1.3186773,0.18136944,0.02469623,1.3678607,5.2460947,0,0.7153554
A549,4,ALM,17,2,3,1,0.12735393643379211,0.018065182492136955,0.2524251639842987,0.004235431551933289,0.20475246012210846,0.0016263002762570977,0.3579258620738983,0.07372961193323135,0.2366940826177597,0.25721463561058044,0.80199593,1.179082,1.1733004,2082,133709,135791,0.6148195,0.35343558,0.44837794,0.9666317,0.8929706,0.49165976,2.9465246,0,0.329952,0.5935761,1.2688335,0.30701268,0.028212227,0.49007282,2.9465246,0,0.3344862
A549,4,ALM,18,2,3,1,0.04692021384835243,0.007884911261498928,0.20234419405460358,0.0025546650867909193,0.15564553439617157,0.0017203447641804814,0.284811407327652,0.04449375718832016,0.18916566669940948,0.2098265290260315,0.7260422,1.4708424,1.4605476,692,49371,50063,0.5804757,0.5324129,0.29462907,0.936272,0.8773789,0.16864097,1.5618799,0,0.12093703,0.46775544,0.9797154,0.20594195,0.025133973,0.16444859,1.5618799,0,0.12100821
A549,4,ALM,18,2,3,2,0.09494749456644058,0.015435764566063881,0.2425193190574646,0.003637732705101371,0.15631675720214844,0.0016014481661841273,0.3316839337348938,0.05066746100783348,0.1875113695859909,0.21059727668762207,0.8401061,2.1076574,2.0817478,1179,56500,57679,0.83933264,0.61955565,0.38914335,0.9815811,0.8552435,0.48771673,3.6555235,0,0.43216422,0.7252583,1.2266741,0.4303377,0.019157305,0.48275992,3.6555235,0,0.43958032
A549,4,ALM,18,2,3,3,0.12603724002838135,0.017650077119469643,0.25389039516448975,0.003093770472332835,0.1818385273218155,0.0013814946869388223,0.33000025153160095,0.08702021092176437,0.21156607568264008,0.23064546287059784,0.507144,0.93807477,0.93148357,1390,89489,90879,0.6133177,-0.04621615,0.2883779,0.97257745,0.8666402,0.5995303,3.8200562,0,0.51347125,0.8167037,1.6001999,0.45775294,0.038854364,0.5961571,3.8200562,0,0.52009916
A549,4,ALM,18,2,3,4,0.18869838118553162,0.022965215146541595,0.2972613275051117,0.003906124271452427,0.24259664118289948,0.0017961201956495643,0.36457493901252747,0.1317027509212494,0.2766643166542053,0.2998976707458496,1.144832,1.2528379,1.2513326,400,28303,28703,0.9648502,0.50156605,0.79314667,0.9889546,0.95503885,1.8323294,5.6204267,0,2.1740377,2.4132428,3.168865,1.6892613,0.08528426,1.8241199,5.6204267,0,2.1987205
A549,4,ALM,2,2,3,1,0.05912225693464279,0.0057671465910971165,0.1319287121295929,0.0032638711854815483,0.08118943870067596,0.0004792781837750226,0.1265886425971985,0.03379285708069801,0.09988243877887726,0.10968439280986786,1.1646138,3.910775,3.88607,915,100796,101711,0.9543061,0.09164929,0.3262831,0.9482443,0.79731315,0.4171863,2.683659,0,0.3115527,0.33437926,0.76537704,0.15824585,0.01274891,0.41793805,2.683659,0,0.31420234
A549,4,ALM,2,2,3,2,0.04075177013874054,0.00737100699916482,0.20256587862968445,0.003861240344122052,0.14753630757331848,0.0024221548810601234,0.3022159934043884,0.0053201401606202126,0.1872403472661972,0.2132234126329422,1.7063057,2.9367423,2.9218237,1647,134192,135839,0.78782386,0.09828092,0.4297945,0.93764615,0.89146966,0.46837714,4.722803,0,0.96508217,1.5597154,2.926533,0,0.21311371,0.4549828,4.722803,0,0.959514
A549,4,ALM,3,2,3,1,0.0922500342130661,0.017803214490413666,0.27150583267211914,0.0037285631988197565,0.18142035603523254,0.0019953041337430477,0.3401125967502594,0.062246426939964294,0.21716904640197754,0.24144098162651062,0.85893255,1.5854068,1.5712968,2363,119300,121663,0.8336679,-0.119964704,0.24221215,0.95874846,0.90105414,0.8666082,5.164408,0,1.5990056,1.722284,3.5933192,0,0.24311374,0.8496598,5.164408,0,1.6110722
A549,4,ALM,3,2,3,2,0.16132138669490814,0.04358677938580513,0.40774017572402954,0.009690851904451847,0.258164644241333,0.0009819070110097528,0.35865092277526855,0.16576837003231049,0.28358155488967896,0.29813405871391296,0.66463846,1.4977242,1.4873402,1185,93886,95071,0.6698764,0.29450643,0.35317653,0.98266464,0.82337415,1.8270559,10.260454,0,6.0305066,2.893364,4.267572,2.0189645,0.17640737,1.8135974,10.260454,0,6.089863
A549,4,ALM,4,2,3,1,0.07288921624422073,0.007302612066268921,0.1539774239063263,0.0029409113340079784,0.12429451197385788,0.0005617127171717584,0.176126167178154,0.06937452405691147,0.14381657540798187,0.1555161327123642,0.8506532,1.618447,1.6116494,1400,156727,158127,0.94298583,0.31124532,0.5727157,0.9865702,0.902433,0.38893586,2.3763843,0,0.22672497,0.38633,0.6286703,0.23519458,0.004575421,0.3889591,2.3763843,0,0.22870928
A549,4,ALM,5,2,3,1,0.2032347321510315,0.020977722480893135,0.27797120809555054,0.007917364127933979,0.16142870485782623,0.0013400438474491239,0.33161285519599915,0.07055896520614624,0.18970905244350433,0.2101452648639679,0.99448293,1.8320163,1.8147154,3203,151852,155055,0.91477567,0.2350342,0.4396922,0.96785,0.8819835,1.445091,5.570828,0,1.2186593,1.1181943,2.3021643,0.5777373,0.075698346,1.4519861,5.570828,0,1.2404659
A549,4,ALM,7,2,3,1,0.12455982714891434,0.013569573871791363,0.21619659662246704,0.003740947227925062,0.13071027398109436,0.0007608736050315201,0.20219501852989197,0.044654492288827896,0.15296658873558044,0.1663433462381363,0.97628874,2.8120952,2.7797685,941,52498,53439,0.9264185,0.05970999,0.29868764,0.9762086,0.86475617,0.6542934,2.772674,0,0.4157709,0.5309412,0.89428043,0.31654534,0.010988856,0.65650445,2.772674,0,0.4227487
A549,4,ALM,8,2,3,1,0.09320463240146637,0.02609262242913246,0.354343056678772,0.006665692664682865,0.2183028906583786,0.0034229012671858072,0.3756360411643982,0.0778743103146553,0.26425254344940186,0.2970990538597107,0.8039252,1.5283933,1.5239816,626,102173,102799,0.8954852,0.7645167,0.49335653,0.9663047,0.84517753,0.6663911,5.565181,0,1.3851432,1.410164,2.5352755,0.6804842,0.14218968,0.66183406,5.565181,0,1.3893483
A549,4,ALM,9,2,3,1,0.07305679470300674,0.013598940335214138,0.2479604333639145,0.0027866808231920004,0.21988371014595032,0.0017300795298069715,0.34258022904396057,0.11212851107120514,0.25333699584007263,0.2737724483013153,0.96459734,1.4568537,1.4479607,1288,70007,71295,0.6887381,-0.3016595,0.334623,0.94579726,0.9210898,0.2384254,1.6597264,0,0.15127847,0.6200281,1.258265,0.27170432,0.03282527,0.2314047,1.6597264,0,0.15072937
A549,4,ALM,9,2,3,2,0.21611179411411285,0.024278612807393074,0.31111061573028564,0.005395915824919939,0.19559015333652496,0.001699287910014391,0.33387458324432373,0.10396336019039154,0.2293623983860016,0.24901065230369568,0.97600675,1.7298167,1.7179117,1600,99711,101311,0.52145547,0.4309929,0.51018345,0.9542475,0.87499726,1.2658612,4.9801064,0,1.1066022,1.0862012,2.256003,0.6248313,0.08012323,1.2687442,4.9801064,0,1.122547
A549,6,ALM,0,1,9,1,0.07801583409309387,0.01841675490140915,0.2842567265033722,0.008477507159113884,0.16796351969242096,0.0036001752596348524,0.4104006290435791,0.04784589633345604,0.21688754856586456,0.24960342049598694,0.9974773,3.0275948,2.9908955,1607,87288,88895,0.70946133,-0.31354234,0.1379372,0.9172279,0.7961413,0.6847767,5.9736943,0,1.4533674,1.3058348,3.0085487,0.5129486,0.24019003,0.67334306,5.9736943,0,1.4684705
A549,6,ALM,0,1,9,2,0.1460646539926529,0.006420350633561611,0.1557687371969223,0.005335307214409113,0.07756157964468002,0.000738522328902036,0.21792438626289368,0.011752884835004807,0.09820276498794556,0.11256177723407745,0.7060553,2.560032,2.49874,1800,52647,54447,0.4133278,-0.341587,0.1119795,0.9300143,0.72015053,1.5527259,7.059744,0,1.4009763,0.5845538,1.567613,0.2649723,0.04038387,1.5858271,7.059744,0,1.4143506
A549,6,ALM,0,1,9,3,0.04734794422984123,0.006449183914810419,0.15335045754909515,0.004632072057574987,0.08681683242321014,0.0031592221930623055,0.2598169445991516,0,0.13134218752384186,0.16400182247161865,1.0351636,2.2546184,2.2395627,996,79675,80671,0.91151375,-0.09865409,0.25196943,0.9249835,0.85611975,0.39634618,3.9661415,0,0.44891432,0.56712484,1.4732074,0.2184726,0.06286257,0.39421135,3.9661415,0,0.45337108
A549,6,ALM,1,1,9,1,0.08850011229515076,0.0022488387767225504,0.08952771127223969,0.0021829521283507347,,,,,,,0.46856287,3.7075405,3.6418557,1000,48311,49311,0.03807682,-0.32253066,-0.18019195,0.9483833,0.62515384,0.5466503,2.4086254,0,0.18946004,0.085980885,0.19581424,0.04036797,0.000939812,0.5561856,2.4086254,0,0.18887866
A549,6,ALM,1,1,9,2,0.24370339512825012,0.004927757661789656,0.24677862226963043,0.00423103803768754,0.15182998776435852,0.00045503914589062333,0.20822234451770782,0.10002557933330536,0.16908736526966095,0.1794871687889099,0.9065645,1.8905516,1.8716123,400,20382,20782,0.99630183,0.06988219,0.6300271,0.994136,0.92750174,2.3137534,5.2181306,0,0.47958568,1.3015827,1.6075946,1.0394183,0.012730551,2.3336153,5.2181306,0,0.4682486
A549,6,ALM,1,1,9,3,0.2532411813735962,0.07413074374198914,0.531822681427002,0.007523335516452789,,,,,,,0.8208395,1.2032928,1.1978148,704,48447,49151,0.82460123,-0.39992642,0.4084224,0.9679596,0.91687727,4.266257,14.801105,0,21.203989,7.647966,10.904183,5.001729,1.3660779,4.217117,14.801105,0,21.323666
A549,6,ALM,1,1,9,4,0.15152989327907562,0.002032063901424408,0.15152989327907562,0.002032063901424408,0.10104433447122574,0.0004468146071303636,0.1775999367237091,0.0363679975271225,0.1175413653254509,0.12893015146255493,1.0835599,2.5477552,2.4960938,1400,38279,39679,0.8593277,-0.13188745,0.5019682,0.9650099,0.8845447,1.6219006,3.9109075,0.2737565,0.36048374,0.9212516,1.6112612,0.48677522,0.045651298,1.6475251,3.9109075,0.2737565,0.35338756
A549,6,ALM,1,1,9,5,0.06848613172769547,0.0014565882738679647,0.07511968910694122,0.0010993622709065676,,,,,,,1.0561131,3.7835221,3.7112489,1991,73144,75135,0.6127653,0.24997595,0.27777818,0.9285879,0.766954,0.25191408,1.3073854,0,0.046124082,0.07982138,0.2947273,0.020875556,0.001855456,0.25659847,1.3073854,0,0.04650098
A549,6,ALM,1,1,9,6,0.21719719469547272,0.03632287308573723,0.37071555852890015,0.005084787029772997,0.27358007431030273,0.0025679506361484528,0.4504838287830353,0.11947759240865707,0.31423163414001465,0.3383955955505371,0.9659628,1.2668607,1.2589512,1541,57082,58623,0.82604194,0.14149496,0.60186535,0.9653012,0.9423543,2.0219324,6.579048,0,3.1663437,2.7113323,4.470828,1.4070086,0.27646062,2.0033214,6.579048,0,3.2311816
A549,6,ALM,11,1,9,1,0.28555411100387573,0.007351713255047798,0.2856907844543457,0.007316187489777803,0.22184190154075623,0.0007917055045254529,0.3073771893978119,0.15127044916152954,0.2438872754573822,0.2606736123561859,0.5531125,0.87739915,0.8752345,600,89287,89887,0.3442711,0.5881207,0.44807446,0.9859889,0.85193974,2.680508,7.184333,0,0.93344635,2.0771053,3.0755541,1.6254864,0.06742978,2.6845624,7.184333,0,0.9368026
A549,6,ALM,11,1,9,2,0.24229450523853302,0.010601432994008064,0.2550543546676636,0.007905274629592896,0.1599382758140564,0.002078361576423049,0.3480434715747833,0.026586243882775307,0.19538137316703796,0.21941477060317993,0.44014302,0.8485843,0.83931655,2920,125767,128687,0.15944777,0.3225789,0.28747016,0.91096824,0.79467434,1.9152668,6.4689913,0,1.0399256,1.208667,3.4426315,0.5077423,0.17133501,1.931672,6.4689913,0,1.0482306
A549,6,ALM,12,1,9,1,0.13825462758541107,0.021915851160883904,0.2588430345058441,0.009817826561629772,0.16170763969421387,0.002646328415721655,0.3057331442832947,0.06419403105974197,0.20604456961154938,0.2310379147529602,1.1202756,1.8814327,1.874594,828,91331,92159,0.43313298,-0.33589056,0.19656515,0.86668503,0.7834772,1.8976532,11.194964,0,4.1063848,2.5385706,4.8256173,0.93637687,0.9719597,1.8918427,11.194964,0,4.1310425
A549,6,ALM,12,1,9,2,0.026418199762701988,0.0023826686665415764,0.08471357822418213,0.0027019421104341745,0.06614174693822861,0.0016151110175997019,0.20639652013778687,0,0.09850018471479416,0.12136237323284149,0.8793661,3.2443125,3.222062,1600,168463,170063,0.3201044,0.26449093,0.07844252,0.9156506,0.75782865,0.40371698,3.7004511,0,0.55529356,0.4158281,1.2897674,0,0.044268657,0.403602,3.7004511,0,0.5601456
A549,6,ALM,13,1,9,1,0.05725803226232529,0.005448739044368267,0.12115317583084106,0.003787973430007696,,,,,,,0.8744641,5.2570934,5.203999,1000,81543,82543,0.9366339,-0.2387742,0.3110513,0.97610635,0.6816232,0.78495014,5.9126997,0,1.2311041,0.27229846,0.5633746,0.15249915,0.004299597,0.791237,5.9126997,0,1.2428865
A549,6,ALM,13,1,9,2,0.11326678842306137,0.004384394735097885,0.134775310754776,0.002318140584975481,,,,,,,0.9104936,2.9662898,2.9640355,79,71968,72047,0.95702773,0.17097978,0.55826676,0.99250686,0.9272917,0.52773666,1.4554031,0,0.075354114,0.17132188,0.21413966,0.13649982,0.000211846,0.52812797,1.4554031,0,0.07529701
A549,6,ALM,14,1,9,1,0.10635460168123245,0.009970514103770256,0.1593099981546402,0.006498644128441811,,,,,,,0.5277938,4.1225905,4.045546,800,36527,37327,0.0955489,0.67350936,-0.12516892,0.9870251,0.64988166,0.81660223,4.9312587,0,0.91264457,0.30534,0.5261675,0.20916726,0.002759267,0.8277994,4.9312587,0,0.9267219
A549,6,ALM,15,1,9,1,0.03865230828523636,0.004196720663458109,0.11609583348035812,0.0036143704783171415,0.08602382987737656,0.001885491656139493,0.2683432698249817,0,0.11845745891332626,0.14421109855175018,1.175125,2.4646537,2.4219642,2767,80816,83583,0.6804036,-0.15035388,0.18430848,0.90577453,0.82451004,0.58796954,5.0547214,0,0.9401056,0.9910296,3.1370518,0,0.25103396,0.5741695,5.0547214,0,0.9579453
A549,6,ALM,16,1,9,1,0.05648401007056236,0.007118887268006802,0.15859712660312653,0.003793730167672038,0.1082281842827797,0.0024531343951821327,0.3085706830024719,0,0.14726033806800842,0.1742578148841858,0.86338127,1.5802633,1.5713391,2082,165165,167247,0.5166495,0.46239436,0.35930768,0.95713925,0.86501896,0.65670085,5.6145186,0,0.98042166,1.090847,2.474471,0.3750115,0.107103534,0.6512283,5.6145186,0,0.9890246
A549,6,ALM,17,1,9,1,0.11265827715396881,0.024052906781435013,0.30863335728645325,0.0054097711108624935,0.2083447128534317,0.0025839523877948523,0.42546749114990234,0.10807193070650101,0.24552235007286072,0.2792951762676239,1.0758797,1.6063228,1.5950875,2280,105367,107647,0.95086986,0.3333909,0.6687393,0.9638413,0.9058647,0.40745255,2.644348,0,0.3442478,0.72577363,1.7047466,0.40329674,0.04961251,0.4005646,2.644348,0,0.34838325
A549,6,ALM,17,1,9,2,0.09324098378419876,0.01887678913772106,0.28011444211006165,0.00436366768553853,0.21003583073616028,0.0033039941918104887,0.4349662661552429,0.07901988923549652,0.2560458481311798,0.2902067303657532,0.92845833,1.1739718,1.1674129,1873,68238,70111,0.96160173,0.26730156,0.6564538,0.9700238,0.9097052,0.51506716,3.3526895,0,0.607348,1.1564958,2.3899786,0.61162806,0.10131235,0.49746147,3.3526895,0,0.6096348
A549,6,ALM,19,1,9,1,0.07322024554014206,0.015099970623850822,0.255791574716568,0.00605085538700223,0.1497621387243271,0.0018460216233506799,0.3993508219718933,0.05702545493841171,0.18091848492622375,0.20778821408748627,0.8573822,2.4376888,2.4141774,1592,105415,107007,0.91656935,0.70916593,0.3847986,0.9851219,0.8147882,0.72968304,7.723855,0,1.6383532,1.3174305,2.5468512,0.7975333,0.06791339,0.7208068,7.723855,0,1.6567743
A549,6,ALM,2,1,9,1,0.12731774151325226,0.004878648091107607,0.13851052522659302,0.003757222555577755,0.1172628104686737,0.0018088828073814511,0.2206791788339615,0,0.1502552628517151,0.1649680733680725,0.9881137,1.4398092,1.4316504,1619,88012,89631,0.796057,0.36947414,0.7706202,0.8651173,0.8990486,2.3289745,5.9632683,0,1.3287808,1.6574547,4.1320686,0.265238,0.9554253,2.3413272,5.9632683,0,1.327201
A549,6,ALM,2,1,9,2,0.1190246194601059,0.0048034354113042355,0.1374644935131073,0.0030127803329378366,0.07459507137537003,0.001091148005798459,0.18658079206943512,0,0.10139013826847076,0.11778494715690613,1.3469014,2.8932195,2.865581,1693,93026,94719,0.6558247,0.6175132,0.54796916,0.949815,0.9184156,2.3537118,8.164218,0,1.659486,1.2056277,2.4626608,0.5609836,0.13499653,2.3746057,8.164218,0,1.6628059
A549,6,ALM,2,1,9,3,0.05258234590291977,0.009286840446293354,0.20144638419151306,0.005590365268290043,0.15565189719200134,0.0023529331665486097,0.2791649103164673,0,0.19306722283363342,0.21388836205005646,0.74481505,1.1637921,1.1586347,804,64507,65311,0.7811152,-0.1377964,0.42334563,0.9583009,0.8710861,1.0018072,9.6214695,0,3.2642374,2.4597108,4.935177,1.2185667,0.44556832,0.98363656,9.6214695,0,3.272547
A549,6,ALM,3,1,9,1,0.05681419372558594,0.006961721461266279,0.153972789645195,0.003907260484993458,0.10225526988506317,0.002337012905627489,0.2529691755771637,0,0.14037396013736725,0.1656685471534729,0.8890928,2.8771787,2.854098,589,50146,50735,0.021964433,-0.23732114,-0.15074565,0.88459384,0.72216034,0.69130075,5.6317024,0,0.9833203,1.0962217,2.573435,0.40484637,0.20857508,0.68654484,5.6317024,0,0.9904714
A549,6,ALM,4,1,9,1,0.04556407779455185,0.0033139092847704887,0.0783594474196434,0.0031293139327317476,0.0477941557765007,0.0010895946761593223,0.1396244913339615,0,0.07478002458810806,0.09404533356428146,0.6185689,1.6259118,1.6125025,1194,88501,89695,0.093791075,0.6589622,0.199806,0.97711945,0.7480123,0.7599677,6.4028416,0,1.0362611,0.39657056,0.85345566,0.21693718,0.012364761,0.76487035,6.4028416,0,1.048269
A549,6,ALM,5,1,9,1,0.1554335355758667,0.028188446536660194,0.31874802708625793,0.005749959498643875,0.24259117245674133,0.0028754316736012697,0.38744351267814636,0.14065133035182953,0.2889326512813568,0.31486260890960693,1.6735741,2.193435,2.1898577,600,86599,87199,0.8147007,0.43326178,0.5913713,0.9531028,0.91914016,1.4852855,5.87176,0,2.7208862,2.483326,4.1024566,1.4469336,0.4226499,1.4783704,5.87176,0,2.72986
A549,6,ALM,5,1,9,2,0.05117300525307655,0.007364352233707905,0.1696382611989975,0.004316553473472595,0.09911072254180908,0.0025465828366577625,0.31733861565589905,0,0.13840192556381226,0.16706351935863495,1.2087944,2.5904298,2.576456,1086,106289,107375,0.91061205,0.585666,0.3837521,0.970247,0.86744547,0.41513595,3.815295,0,0.5005502,0.6867931,1.7702342,0.30493072,0.060434613,0.4123603,3.815295,0,0.50428534
A549,6,ALM,7,1,9,1,0.2176206409931183,0.06261084228754044,0.47004345059394836,0.016584785655140877,0.2219991236925125,0.001927751349285245,0.33051538467407227,0.1221865713596344,0.2585422098636627,0.27862465381622314,0.38557637,0.7058258,0.7016536,1200,90911,92111,0.28960222,0.6099029,0.062374827,0.9397298,0.77691114,3.1538246,19.841757,0,13.722414,5.9118805,9.126916,2.0225277,2.4258413,3.1174192,19.841757,0,13.769793
A549,6,ALM,7,1,9,2,0.3807885944843292,0.019345635548233986,0.38873523473739624,0.01666020043194294,,,,,,,0.4321264,0.69107574,0.6885184,800,80207,81007,0.44370583,0.35753754,0.21693939,0.9875042,0.8319009,4.469855,19.028736,0,3.171044,3.6699684,4.7490716,2.6982663,0.18880318,4.4778333,19.028736,0,3.194344
A549,6,ALM,7,1,9,3,0.30036064982414246,0.07619332522153854,0.5211552977561951,0.017134640365839005,,,,,,,0.7559429,0.92722654,0.9223991,772,26619,27391,0.485726,-0.12052806,-0.010707286,0.9547977,0.8554925,5.2810893,18.03832,0,22.916084,9.128918,12.669044,6.6276245,1.1281965,5.1694994,18.03832,0,23.106123
A549,6,ALM,8,1,9,1,0.06905294954776764,0.003737630555406213,0.09566336870193481,0.002632331335917115,,,,,,,0.80013084,4.115316,4.063677,1200,75839,77039,0.9199566,-0.2718808,0.3670337,0.97147214,0.74068224,0.62141836,3.8387086,0,0.34877828,0.16366063,0.32629287,0.087223165,0.00156301,0.6286613,3.8387086,0,0.35090423
A549,6,ALM,8,1,9,2,0.052807848900556564,0.003878193674609065,0.09684836119413376,0.0028472652193158865,,,,,,,0.6350151,2.960869,2.9217014,1400,81735,83135,0.35818318,0.014481775,0.13685182,0.96744984,0.7252573,0.45211706,3.0056555,0,0.3372541,0.19164878,0.43716872,0.100813374,0.003259886,0.45657843,3.0056555,0,0.3417929
A549,6,ALM,8,1,9,3,0.12795014679431915,0.015082284808158875,0.21906282007694244,0.0058629075065255165,0.1331884115934372,0.0007468866533599794,0.23789869248867035,0.06636728346347809,0.15514670312404633,0.16829955577850342,0.67869246,1.1811671,1.1746447,400,30415,30815,0.92658913,0.12546667,0.501,0.9854593,0.8879596,1.0317001,4.5652685,0,1.1066189,0.89033455,1.6377162,0.66219604,0.022216296,1.0335594,4.5652685,0,1.1206135
A549,6,ALM,9,1,9,1,0.2240525335073471,0.027624864131212234,0.322469562292099,0.008022828958928585,0.14141987264156342,0.0006767418817616999,0.20353248715400696,0.08430074900388718,0.16264860332012177,0.1767054945230484,0.54769343,2.5333586,2.5096848,400,33151,33551,0.30449614,-0.44626725,0.26385847,0.97313195,0.82047397,2.2633195,6.95176,0,3.0685058,1.0582261,1.6920145,0.7023637,0.03821863,2.27786,6.95176,0,3.0873342
A549,6,ALM,9,1,9,2,0.1285475194454193,0.024183910340070724,0.28446686267852783,0.009163451381027699,0.12634697556495667,0.0012955212732777,0.24848009645938873,0.03649439290165901,0.15591275691986084,0.17329953610897064,0.8119802,3.6845574,3.6552126,465,45054,45519,0.5436847,0.41083148,0.17415725,0.9820166,0.7664334,1.4376924,7.6327605,0,3.2956119,1.0709488,1.6308826,0.6380015,0.035110556,1.4414774,7.6327605,0,3.32786
A549,6,ALM,0,2,3,1,0.2671130895614624,0.0319351963698864,0.34596747159957886,0.01408171746879816,0.14198419451713562,0.002136321272701025,0.3121970593929291,0.028129763901233673,0.1795128732919693,0.20330019295215607,0.906356,2.327198,2.300302,2575,133456,136031,0.64327204,-0.012877647,0.21721837,0.9320402,0.8611927,2.2412393,6.5302505,0,2.1598716,1.2582049,3.1525302,0.4995952,0.18445794,2.2602067,6.5302505,0,2.1789808
A549,6,ALM,0,2,3,2,0.37892457842826843,0.03150823712348938,0.42063844203948975,0.01743035763502121,0.21207141876220703,0.0046231988817453384,0.45225563645362854,0.0659327507019043,0.26824042201042175,0.30464205145835876,1.6607718,5.162562,5.0937867,2880,143759,146639,0.5965989,0.33471602,0.25328848,0.90929115,0.798757,2.9837062,7.2361865,0,2.0346823,1.5578177,3.5549788,0.57197267,0.2591375,3.0122714,7.2361865,0,2.0287054
A549,6,ALM,1,2,3,1,0.041034165769815445,0.006925704423338175,0.17542564868927002,0.006032449658960104,0.11763451993465424,0.0012882816372439265,0.251539409160614,0.02671889215707779,0.14508424699306488,0.16535726189613342,0.7741012,1.3961031,1.3913037,1000,128599,129599,0.7045789,-0.2583841,0.40525523,0.9753045,0.87233734,0.43828753,5.4709425,0,0.7415736,1.0371927,2.1355274,0.58002496,0.06737468,0.43363044,5.4709425,0,0.7440052
A549,6,ALM,10,2,3,1,0.09161973744630814,0.014595214277505875,0.21766120195388794,0.0072395377792418,0.10755576938390732,0.0016953175654634833,0.3048568367958069,0.010728810913860798,0.1379586011171341,0.16477644443511963,0.85552704,3.3574624,3.3079076,1935,95760,97695,0.60780543,0.18595237,0.24764507,0.92716223,0.76470727,0.86127377,6.307804,0,1.3686522,0.8030739,2.633838,0.35144627,0.12169645,0.8624499,6.307804,0,1.393779
A549,6,ALM,10,2,3,2,0.07607361674308777,0.011203941889107227,0.18378132581710815,0.0072722118347883224,0.10007543116807938,0.0007426149095408618,0.19003237783908844,0.027431605383753777,0.12220291048288345,0.13545148074626923,0.75477016,4.0690517,4.013405,2000,117119,119119,0.39746606,-0.4471196,0.1734178,0.9435125,0.6752957,0.65232617,5.9822125,0,1.0119543,0.5044814,1.1195086,0.25689566,0.030235913,0.6548508,5.9822125,0,1.0283389
A549,6,ALM,10,2,3,3,0.13644124567508698,0.005590938031673431,0.1505623608827591,0.0040434678085148335,0.07564939558506012,0.0016262753633782268,0.23506422340869904,0,0.1068229228258133,0.12893690168857574,1.8978616,4.9274864,4.8595123,2291,99820,102111,0.78651655,-0.104131736,0.27938953,0.8932196,0.8200719,1.7903175,6.1045637,0,1.1468012,0.8589905,1.8854018,0.13854314,0.10459031,1.8116925,6.1045637,0,1.1503571
A549,6,ALM,10,2,3,4,0.15701226890087128,0.0041662235744297504,0.1602775603532791,0.003729510586708784,0.08730550855398178,0.0014956112718209624,0.22209656238555908,0,0.11803293973207474,0.1375267505645752,1.3616706,2.7037616,2.6594877,2173,63698,65871,0.66158324,-0.2964664,0.18907796,0.91045725,0.8669807,1.8541723,5.293349,0,0.6058562,1.0327712,2.1907897,0.26386985,0.12588781,1.8821933,5.293349,0,0.5984281
A549,6,ALM,11,2,3,1,0.09143155068159103,0.011292881332337856,0.19530819356441498,0.003834919072687626,0.1465282142162323,0.002072814619168639,0.2930923402309418,0.012957227416336536,0.18297803401947021,0.20559310913085938,1.1630822,1.2791785,1.2763115,1113,43958,45071,0.7228234,-0.13541085,0.6244228,0.9706432,0.93450725,0.8671631,4.0957465,0,1.0027002,1.4814266,2.6416936,0.6513408,0.14087106,0.8516106,4.0957465,0,1.0147256
A549,6,ALM,11,2,3,2,0.15512199699878693,0.005892612040042877,0.1752077043056488,0.0031364369206130505,0.1464681774377823,0.0017890677554532886,0.27446749806404114,0.01839989423751831,0.18039953708648682,0.20134437084197998,0.7345121,1.1156421,1.1032108,1552,46031,47583,0.4011104,-0.08984859,0.22500533,0.951724,0.90008175,0.9253175,3.4776328,0,0.28994158,0.6915094,1.4173166,0.28472894,0.037790176,0.93320054,3.4776328,0,0.2965378
A549,6,ALM,11,2,3,3,0.1738148033618927,0.010884827002882957,0.21010223031044006,0.005533190909773111,0.1653415858745575,0.002954627852886915,0.3182528614997864,0.045556530356407166,0.20843370258808136,0.23964443802833557,0.7715854,1.2960682,1.2869371,405,22858,23263,0.3553771,-0.23292464,-0.23694089,0.83714473,0.7854255,1.3767291,4.7393622,0,1.158063,1.41215,3.0876307,0.3852293,0.5751672,1.3761016,4.7393622,0,1.1683677
A549,6,ALM,12,2,3,1,0.3340184688568115,0.07176181674003601,0.5268272161483765,0.011608714237809181,0.3406532406806946,0.004766163416206837,0.5145317316055298,0.14720644056797028,0.3964921534061432,0.42512187361717224,0.90851825,1.8224955,1.8168881,717,116146,116863,0.38403293,0.19165269,0.17922053,0.956693,0.83474594,2.0912173,7.777584,0,2.9840143,2.0119226,3.2655783,1.0213999,0.180231,2.0917068,7.777584,0,3.0012832
A549,6,ALM,13,2,3,1,0.549443781375885,0.06551149487495422,0.6274263858795166,0.025881191715598106,0.33634883165359497,0.002437009708955884,0.5165971517562866,0.18145287036895752,0.37629565596580505,0.39944013953208923,0.38328406,2.1711257,2.1336615,2242,104749,106991,0.02151517,0.5989268,-0.16758686,0.9736359,0.6344555,4.0258923,9.52317,0,3.8953247,2.3682125,3.8870573,1.4882053,0.16662388,4.061372,9.52317,0,3.9150577
A549,6,ALM,13,2,3,2,0.13362014293670654,0.015353472903370857,0.21869675815105438,0.0065231239423155785,0.12246057391166687,0.001522581442259252,0.2878166437149048,0.017989587038755417,0.15337441861629486,0.17380386590957642,1.1178554,1.8220834,1.8065693,1842,81773,83615,0.7968796,0.5614275,0.4379957,0.9819496,0.9476449,1.2436781,4.7782407,0,1.1751165,1.2904443,2.5358875,0.67840326,0.09538307,1.2426245,4.7782407,0,1.1993877
A549,6,ALM,13,2,3,3,0.1915581226348877,0.017951790243387222,0.2076961249113083,0.016112355515360832,0.08035146445035934,0.0012689452851191163,0.31056010723114014,0,0.1072877049446106,0.12844662368297577,0.6226625,2.078723,2.0511842,2180,113083,115263,0.08770572,0.25699982,0.026993154,0.95311016,0.7254227,2.0700285,8.680905,0,1.926217,0.777888,2.4061558,0.42243752,0.06519703,2.094938,8.680905,0,1.929286
A549,6,ALM,14,2,3,1,0.16236546635627747,0.01081847958266735,0.1741817146539688,0.009547626599669456,,,,,,,0.9658095,5.7787485,5.701588,2000,122751,124751,0.5675784,-0.60794973,0.2421384,0.9249545,0.6928562,1.1380804,5.180166,0,0.6475201,0.22605285,0.71241826,0.097050875,0.010585867,1.1529402,5.180166,0,0.6441245
A549,6,ALM,14,2,3,2,0.6690385341644287,0.023797525092959404,0.6781452894210815,0.01794571615755558,,,,,,,0.65204847,0.7390942,0.73827744,501,52890,53391,0.70484626,0.6723622,0.32491925,0.9655573,0.8376169,4.760526,9.408472,0,1.7619315,4.707812,6.271539,3.090772,0.7072109,4.761026,9.408472,0,1.7718955
A549,6,ALM,15,2,3,1,0.31267696619033813,0.0902927815914154,0.5516635775566101,0.02746555022895336,0.2855363190174103,0.0060346536338329315,0.5171706676483154,0.12905725836753845,0.35017406940460205,0.38124123215675354,0.48639086,1.112019,1.1048645,1717,148426,150143,0.58454585,0.530327,0.37988737,0.86507434,0.72440934,2.262246,9.164211,0,5.021001,2.0054548,4.9388914,0.6748966,0.799712,2.2652166,9.164211,0,5.0690603
A549,6,ALM,15,2,3,2,0.2965746521949768,0.05070803686976433,0.45410481095314026,0.006107188295572996,0.36140716075897217,0.0024836601223796606,0.47415998578071594,0.20499171316623688,0.4014457166194916,0.4230310618877411,0.34270462,0.6096366,0.60696316,961,94990,95951,0.016090509,-0.097412616,-0.47952652,0.94814956,0.806792,1.9757711,7.625978,0,2.4102597,2.4016178,3.629056,1.085349,0.20127197,1.9714626,7.625978,0,2.4307542
A549,6,ALM,15,2,3,3,0.23087121546268463,0.02982647716999054,0.31577929854393005,0.013983619399368763,0.17178720235824585,0.004730809014290571,0.41345810890197754,0,0.2248198390007019,0.26527196168899536,0.8244959,2.6428916,2.6048021,1544,72167,73711,0.20771736,-0.15598975,0.20192939,0.8662471,0.74543613,1.6968983,7.2229524,0,1.8631439,0.88444716,3.10944,0.4028491,0.19864678,1.7142802,7.2229524,0,1.8843311
A549,6,ALM,16,2,3,1,0.16282960772514343,0.05619145184755325,0.4792000651359558,0.013764126226305962,0.2211512178182602,0.0031048457603901625,0.3671650290489197,0.11584959179162979,0.2678183913230896,0.2996615767478943,0.7280706,2.4415345,2.4279943,916,115003,115919,0.5884362,-0.21194972,0.25004497,0.9308879,0.7411535,1.5710653,10.073293,0,5.393185,2.0722861,3.6371684,1.0658517,0.43714097,1.567073,10.073293,0,5.4306436
A549,6,ALM,16,2,3,2,0.05131949484348297,0.008390789851546288,0.18325191736221313,0.005785005167126656,0.09960516542196274,0.0025781935546547174,0.2769719660282135,0,0.14077594876289368,0.166611909866333,1.0108303,2.308387,2.2891781,1442,95964,97406,0.7314683,0.45237157,0.24607843,0.9485051,0.8629704,0.43443558,4.688465,0,0.5744638,0.8474208,2.096529,0.3511123,0.09602992,0.42822996,4.688465,0,0.57905155
A549,6,ALM,16,2,3,3,0.29947811365127563,0.030709579586982727,0.37552475929260254,0.009950291365385056,0.1795732080936432,0.0018567672232165933,0.33805081248283386,0.05173078179359436,0.2136608511209488,0.23584334552288055,0.8496322,1.4732447,1.4632587,2788,171323,174111,0.6926319,0.04916945,0.41920942,0.93459237,0.9035785,4.0401087,13.932834,0,6.230916,3.2378428,6.655132,1.5263584,0.97296774,4.053164,13.932834,0,6.305835
A549,6,ALM,17,2,3,1,0.2280079424381256,0.0767785906791687,0.514866828918457,0.025680286809802055,0.26047760248184204,0.010421428829431534,0.5099281668663025,0.020201627165079117,0.34094592928886414,0.3802126348018646,1.5879046,2.4477043,2.4399831,999,110248,111247,0.39872685,-0.26128036,0.13924335,0.81762385,0.7721361,1.7642895,8.126431,0,4.5394177,3.0815942,5.860324,0.5583737,1.1510296,1.752353,8.126431,0,4.5542545
A549,6,ALM,17,2,3,2,0.09946737438440323,0.012919369153678417,0.20044605433940887,0.005794251337647438,0.12561936676502228,0.002583291381597519,0.312275767326355,0,0.16570426523685455,0.19246412813663483,1.4476564,2.1053452,2.0946736,2462,149265,151727,0.9052633,-0.14074726,0.5691669,0.9243519,0.9147959,1.1492959,6.246254,0,1.6339135,1.3946453,3.3109286,0.3308766,0.23589349,1.1452494,6.246254,0,1.6559633
A549,6,ALM,18,2,3,1,0.2571599781513214,0.0015867417678236961,0.2571599781513214,0.0015867417678236961,0.22216235101222992,0.0008673508418723941,0.2955697178840637,0.13557367026805878,0.24556368589401245,0.25801101326942444,1.2040994,1.434966,1.430499,521,26406,26927,0.8632869,-0.42216,0.80830985,0.977079,0.9797688,2.829932,5.5204487,1.548189,0.12812614,2.4352975,3.1512308,1.5536573,0.106915645,2.8377182,5.5204487,1.548189,0.12541138
A549,6,ALM,18,2,3,2,0.4054948389530182,0.11786770075559616,0.688299298286438,0.005418114364147186,,,,,,,1.0257108,1.4553175,1.4503816,718,61777,62495,0.66056436,0.3719406,0.51100916,0.9498456,0.9217555,3.8083117,9.917584,0,10.497591,5.332205,7.6166573,3.4760995,0.5736515,3.790601,9.917584,0,10.585628
A549,6,ALM,18,2,3,3,0.43044498562812805,0.0034282125998288393,0.43044498562812805,0.0034282125998288393,,,,,,,0.68208015,0.7783654,0.7773336,400,36927,37327,0.96027994,0.66182864,0.7507586,0.9967007,0.96091354,5.2625647,12.775795,3.5752852,0.46037728,4.6312647,5.291086,4.03913,0.05519315,5.2694025,12.775795,3.5752852,0.46040246
A549,6,ALM,19,2,3,1,0.09442590922117233,0.015433830209076405,0.23566657304763794,0.00523378886282444,0.17448407411575317,0.0029641641303896904,0.32854875922203064,0.011075667105615139,0.21895799040794373,0.243941992521286,1.2085453,1.8383645,1.8290575,1360,90671,92031,0.51085454,0.065051526,0.21308643,0.914156,0.8887106,0.68176913,4.4621997,0,0.83206224,1.3511529,2.9436831,0.4407895,0.27477702,0.6717289,4.4621997,0,0.8335993
A549,6,ALM,19,2,3,2,0.24070262908935547,0.062069155275821686,0.4609117805957794,0.017356757074594498,0.23327642679214478,0.0019903595093637705,0.38229361176490784,0.12053310126066208,0.26972994208335876,0.2915548086166382,1.0523889,3.0123978,2.9892023,1391,116144,117535,0.63418263,-0.2201044,0.24936514,0.9225046,0.7506326,2.3875983,10.187821,0,6.4453435,2.4427612,6.700143,1.3116375,0.85967463,2.386938,10.187821,0,6.5122023
A549,6,ALM,2,2,3,1,0.3610836863517761,0.009993095882236958,0.3610836863517761,0.009993095882236958,0.2722623944282532,0.0018218870973214507,0.41175851225852966,0.15684200823307037,0.3063376843929291,0.32741859555244446,0.5815427,1.0912607,1.0793316,1360,56751,58111,0.57297,0.610263,0.40801376,0.9748805,0.8380262,2.5376678,6.8534994,1.1304736,0.54240394,1.8323454,2.8544285,1.1304736,0.08424819,2.5545704,6.8534994,1.2449265,0.5411759
A549,6,ALM,2,2,3,2,0.194038525223732,0.0034312403295189142,0.1941133588552475,0.00341804139316082,0.09511952102184296,0.001200000406242907,0.17244677245616913,0.017011567950248718,0.12380819022655487,0.1409231424331665,0.9328465,3.1258495,3.1078885,255,30880,31135,0.891295,0.52358747,0.38753712,0.94700843,0.8760412,1.5358889,3.5683224,0,0.17634547,0.5782374,1.0104358,0.35710853,0.023066632,1.5437967,3.5683224,0,0.16997571
A549,6,ALM,2,2,3,3,0.1681939959526062,0.0022631834726780653,0.16826719045639038,0.002251849276944995,0.09811931103467941,0.0007820575265213847,0.20695257186889648,0.03167091682553291,0.11894476413726807,0.13375045359134674,1.6756637,4.176898,4.1536155,599,63752,64351,0.9761372,-0.436026,0.6673113,0.90841794,0.8825667,1.491318,3.408776,0,0.14950354,0.5885735,1.1746377,0.28623828,0.054718424,1.4997997,3.408776,0,0.14266522
A549,6,ALM,3,2,3,1,0.5977189540863037,0.010400084778666496,0.601759672164917,0.008038836531341076,,,,,,,0.41732255,0.7317541,0.73124516,141,86978,87119,0.89453185,0.7714037,0.5389034,0.98963034,0.8550917,4.9350767,14.07328,0,1.040208,3.9085662,4.565156,3.1811695,0.09067046,4.936741,14.07328,0,1.0400364
A549,6,ALM,3,2,3,2,0.4758297801017761,0.038576044142246246,0.531761109828949,0.013368351384997368,0.2487363964319229,0.0016822423785924911,0.37324559688568115,0.1526542603969574,0.28106889128685,0.3008210062980652,0.51004136,1.1131732,1.1066377,655,59792,60447,0.3203795,-0.03830029,0.24725804,0.9008759,0.80299884,4.8716855,14.074678,0,4.3038836,3.5909843,7.3132887,1.9400396,0.95879,4.885715,14.074678,0,4.322363
A549,6,ALM,4,2,3,1,0.21549727022647858,0.02637396566569805,0.29393061995506287,0.012919186614453793,0.1495131105184555,0.0018540152814239264,0.285125195980072,0.05858300253748894,0.18376430869102478,0.20787112414836884,0.88425624,2.8643708,2.8429008,721,65774,66495,0.6503412,0.71116436,0.15695775,0.9616177,0.7505627,1.6972108,6.6146173,0,1.6710808,1.0567378,1.8749956,0.5030626,0.0733695,1.7042315,6.6146173,0,1.6840485
A549,6,ALM,4,2,3,2,0.031200489029288292,0.0031852182000875473,0.10364437848329544,0.0030725200194865465,0.07270688563585281,0.0010593311162665486,0.17680677771568298,0,0.09823887795209885,0.11503521353006363,0.54738504,1.4096677,1.396555,1000,64759,65759,0.47905022,0.6647642,0.21606217,0.98195815,0.803171,0.32466647,4.873162,0,0.30427548,0.5769136,1.0690676,0.32814908,0.012384614,0.32077137,4.873162,0,0.30778506
A549,6,ALM,5,2,3,1,0.15281420946121216,0.005117469932883978,0.15616126358509064,0.004706876818090677,,,,,,,2.1518676,9.057209,8.982846,1035,95076,96111,0.970311,0.6405628,0.40154082,0.87176734,0.69793993,0.755247,2.9091427,0,0.20255478,0.20637047,0.42978162,0.06872109,0.007275739,0.761222,2.9091427,0,0.2013653
A549,6,ALM,5,2,3,2,0.24021582305431366,0.0032997489906847477,0.24021582305431366,0.0032997489906847477,0.1395907998085022,0.0009292550967074931,0.24578729271888733,0.03951443359255791,0.16314662992954254,0.17751255631446838,1.7093182,4.2745566,4.2350755,673,43054,43727,0.97760797,-0.42059743,0.5072782,0.9368418,0.88602394,1.567389,3.4385967,0.38474014,0.16903614,0.83319426,1.3081561,0.38474014,0.038408652,1.5788655,3.4385967,0.48865017,0.16252045
A549,6,ALM,5,2,3,3,0.15076807141304016,0.0030961513984948397,0.15200157463550568,0.0029339853208512068,0.11256948113441467,0.0009092492982745171,0.19371040165424347,0.03593180328607559,0.13723020255565643,0.15237224102020264,1.5862207,3.261207,3.236762,2248,151783,154031,0.8728879,0.59409857,0.6733492,0.9546278,0.89439917,0.82459986,2.3358886,0,0.08841374,0.4282609,0.82860035,0.20515805,0.009415199,0.8304699,2.3358886,0,0.08722278
A549,6,ALM,5,2,3,4,0.16357408463954926,0.0027133584953844547,0.16453537344932556,0.002571137621998787,0.09251829981803894,0.0015098067233338952,0.18653510510921478,0.019209206104278564,0.12404090166091919,0.14764337241649628,2.1147158,5.1692524,5.1416564,951,104312,105263,0.9849475,0.45301092,0.68271947,0.94034827,0.87740326,1.1451838,3.3094435,0,0.14933982,0.4730638,0.9784002,0.1927056,0.018220711,1.1513113,3.3094435,0,0.14637919
A549,6,ALM,6,2,3,1,0.10140398889780045,0.0025579077191650867,0.10362906008958817,0.0023834530729800463,,,,,,,1.25601,3.170303,3.1220205,2569,99286,101855,0.75389814,0.6725477,0.5295426,0.94432694,0.85285383,0.5252516,2.6311085,0,0.08597454,0.22641596,0.5321677,0.09582377,0.004643446,0.53298396,2.6311085,0,0.085708484
A549,6,ALM,6,2,3,2,0.1389550268650055,0.004203564953058958,0.14793546497821808,0.003146710805594921,0.10993652790784836,0.0010656961239874363,0.233773335814476,0.022582590579986572,0.13566802442073822,0.15231573581695557,1.3757612,2.1822798,2.1718855,2391,183127,185518,0.98541474,0.5995048,0.7379368,0.9575323,0.9337221,0.92436016,3.5001903,0,0.12954468,0.5786106,1.482616,0.29271427,0.038138073,0.9288743,3.5001903,0,0.12915693
A549,6,ALM,6,2,3,3,0.07963263988494873,0.0022958884947001934,0.08773483335971832,0.0018186373636126518,,,,,,,0.75543493,2.7636445,2.7482264,1115,144116,145231,0.8865302,0.72299254,0.5387547,0.97602254,0.7857243,0.40054753,2.173344,0,0.07090454,0.1274417,0.2854577,0.06664263,0.001655141,0.4026605,2.173344,0,0.070858784
A549,6,ALM,7,2,3,1,0.08807797729969025,0.027796871960163116,0.35819998383522034,0.016288040205836296,0.20913691818714142,0.004839755594730377,0.3771429657936096,0.039187293499708176,0.26749086380004883,0.29560574889183044,0.9129106,2.4339561,2.4181921,1667,159180,160847,0.5210486,0.6066907,0.20238072,0.9045432,0.8666373,0.7786932,6.6409545,0,2.1160126,1.9038188,4.0873647,0,0.5011655,0.7669104,6.6409545,0,2.1195276
A549,6,ALM,7,2,3,2,0.11924637109041214,0.03674576058983803,0.3991190493106842,0.011285971850156784,0.294231116771698,0.00576952937990427,0.4724735915660858,0.053612593561410904,0.3544352054595947,0.37934252619743347,1.5150365,2.0065832,1.991939,2114,68845,70959,0.6873483,0.049005438,0.25956026,0.9397721,0.8957872,1.0837882,6.4407496,0,2.9199152,3.231941,6.0355554,0,0.8243147,1.0178266,6.4407496,0,2.8382165
A549,6,ALM,7,2,3,3,0.08027016371488571,0.021258817985653877,0.3159700334072113,0.009207683615386486,0.1868101954460144,0.003577388357371092,0.4706985652446747,0.02631579153239727,0.23038432002067566,0.2662773132324219,0.8519611,1.8021733,1.7852719,1368,75543,76911,0.45985693,-0.03863222,0.15588482,0.9266818,0.81151444,0.66076386,5.599955,0,1.4396758,1.5242041,4.799373,0.7255653,0.5113018,0.6451281,5.599955,0,1.4427423
A549,6,ALM,8,2,3,1,0.4242376685142517,0.01280273124575615,0.4250081479549408,0.012498543597757816,0.27300649881362915,0.001051155268214643,0.36397501826286316,0.19129981100559235,0.29941678047180176,0.31546831130981445,0.9653661,2.3493211,2.2956517,492,12195,12687,0.8659269,0.5380527,0.46616477,0.9821852,0.8969917,4.2281885,8.149867,0,1.0459383,2.7644157,3.5337582,2.1317174,0.097296566,4.2872386,8.149867,0,0.9942845
A549,6,ALM,8,2,3,2,0.445949912071228,0.013283692300319672,0.46054020524024963,0.006998888216912746,,,,,,,0.72509134,1.371021,1.3538955,400,14687,15087,0.9221083,-0.23625025,0.40102074,0.9896436,0.9179191,4.464547,8.392815,0,1.3112583,3.480346,4.4334354,2.8030312,0.08413009,4.49135,8.392815,0,1.317579
A549,6,ALM,9,2,3,1,0.25466108322143555,0.005007845815271139,0.25466108322143555,0.005007845815271139,0.1972852498292923,0.0008024826529435813,0.28088995814323425,0.10597513616085052,0.21967656910419464,0.23246228694915771,0.8806131,1.6246257,1.6085242,2036,92043,94079,0.5925145,0.41906154,0.36047536,0.9753263,0.85249156,2.3854911,5.3925476,0.8730417,0.7316973,1.6802427,2.6628494,1.028997,0.06857532,2.4010909,5.3925476,0.8730417,0.7351203
A549,6,ALM,9,2,3,2,0.25231051445007324,0.009164663963019848,0.2596000134944916,0.007537086494266987,0.13288457691669464,0.0019904887303709984,0.2739725112915039,0,0.1680002510547638,0.18928459286689758,0.85095376,2.0620186,2.0390327,2242,115885,118127,0.15091026,-0.050371155,0.36641547,0.89203006,0.79428136,3.1177213,8.685527,0,1.6820048,1.5479844,4.2160025,0.64494896,0.40365642,3.1480901,8.685527,0,1.6581428
A549,2,DAC,0,4,15,1,0.4596311151981354,0.024887386709451675,0.49291008710861206,0.010285752825438976,,,,,,,0.6063211,0.7785673,0.77581745,1200,73966,75166,0.5476523,0.10923671,0.37439215,0.98080504,0.8838348,5.470274,11.91477,0,3.650002,5.1284766,6.934268,3.3623297,0.3283074,5.4758196,11.91477,0,3.7019644
A549,2,DAC,0,4,15,2,0.3126392364501953,0.009959106333553791,0.31861576437950134,0.008245277218520641,,,,,,,0.72339,0.9806096,0.977698,878,76689,77567,0.53063,0.5920009,0.5589975,0.9895129,0.91339225,4.2939825,10.70332,0,1.9196451,3.4521205,5.003159,2.440963,0.18049838,4.3036203,10.70332,0,1.9313493
A549,2,DAC,1,4,15,1,0.06237288564443588,0.004655796568840742,0.10194894671440125,0.0035751957911998034,0.06724683195352554,0.0011421196395531297,0.18566232919692993,0,0.09496241807937622,0.11022770404815674,0.90567356,1.2811244,1.2758669,1213,85410,86623,0.69265157,0.6786152,0.47584376,0.9878233,0.9325125,0.7455954,3.1214216,0,0.36141825,0.75442666,1.4390321,0.47721338,0.014114125,0.74547,3.1214216,0,0.3663495
A549,2,DAC,11,4,15,1,0.3566599190235138,0.00524376193061471,0.3566904664039612,0.005233300384134054,0.2709844410419464,0.0014797189505770802,0.3793473541736603,0.14833053946495056,0.3014599680900574,0.3189197778701782,0.8967667,1.3012698,1.2956061,653,45986,46639,0.7124107,0.71551657,0.4766587,0.97989243,0.9241476,3.3859818,6.603107,0,0.61613667,2.7918143,3.8611124,1.9612797,0.1077775,3.3944185,6.603107,0,0.61827105
A549,2,DAC,11,4,15,2,0.21708780527114868,0.004106996115297079,0.2171807587146759,0.004088567569851875,0.07694485783576965,0.0008932282216846943,0.1690242886543274,0.005948427598923445,0.09978760033845901,0.1188526302576065,0.7381977,2.360388,2.3554053,244,79195,79439,0.9662705,0.9487587,0.58291787,0.99009174,0.90049255,2.0617027,5.5352917,0,0.35784307,0.853059,1.321219,0.62324506,0.020729927,2.0654263,5.5352917,0,0.35436714
A549,2,DAC,12,4,15,1,0.1367197334766388,0.0384286604821682,0.3669033348560333,0.018672646954655647,,,,,,,0.7640538,0.702772,0.70311123,729,130998,131727,0.51461107,0.54611844,0.4730194,0.98506534,0.8426086,1.7664446,12.551365,0,6.443929,3.9992447,6.882635,2.245828,0.709464,1.7540193,12.551365,0,6.447943
A549,2,DAC,12,4,15,2,0.08318525552749634,0.019665326923131943,0.2838304340839386,0.010149429552257061,0.25599581003189087,0.004685889929533005,0.4874451458454132,0.06745737046003342,0.3106074035167694,0.34487855434417725,0.6049829,0.8510325,0.8493037,568,80277,80845,0.2691934,0.17119128,0.23007093,0.9794383,0.87546635,0.8756284,8.663917,0,2.1138864,2.404067,4.3559785,1.209632,0.25625652,0.8648143,8.663917,0,2.1103835
A549,2,DAC,12,4,15,3,0.25791212916374207,0.05169699713587761,0.41326606273651123,0.01863429695367813,,,,,,,0.5754999,0.55220944,0.5525532,1303,86984,88287,0.61145955,0.31253135,0.5062481,0.98212,0.8274977,3.231743,13.9123335,0,8.217046,4.625134,8.281361,3.0974677,0.5968658,3.2108705,13.9123335,0,8.301675
A549,2,DAC,13,4,15,1,0.26277801394462585,0.01449325680732727,0.29078415036201477,0.007894156500697136,0.21481671929359436,0.001909538172185421,0.33933573961257935,0.08992593735456467,0.2504608631134033,0.2687460482120514,1.2169589,1.5259205,1.5218345,1365,101848,103213,0.86143225,0.49157014,0.72141063,0.9648808,0.9150249,2.6041193,8.666699,0,1.3929104,2.223173,4.241949,1.1790317,0.20961608,2.6092248,8.666699,0,1.406798
A549,2,DAC,13,4,15,2,0.15699490904808044,0.041522007435560226,0.39168035984039307,0.011669925414025784,,,,,,,1.0181212,1.4068688,1.4030112,566,56473,57039,0.5861606,0.40179712,0.23190254,0.9740254,0.891334,1.8778448,10.062925,0,5.951846,4.032291,5.7685657,2.2648828,0.42028376,1.8562522,10.062925,0,5.960299
A549,2,DAC,14,4,15,1,0.26004737615585327,0.014639187604188919,0.28399986028671265,0.009185082279145718,0.22821129858493805,0.0015658081974834204,0.3480876088142395,0.1110023483633995,0.25996828079223633,0.27826499938964844,0.8107442,0.7159318,0.7178334,2239,109392,111631,0.7287867,0.2746688,0.6883499,0.9677141,0.87931585,3.1667466,11.093346,0,2.067062,3.2847855,6.437791,1.8355668,0.40379184,3.1643307,11.093346,0,2.1008139
A549,2,DAC,14,4,15,2,0.18878023326396942,0.005409263074398041,0.19192567467689514,0.0048956978134810925,0.14093974232673645,0.001275598187930882,0.2420901358127594,0.03833464905619621,0.1697743684053421,0.1860986202955246,0.9667308,1.0475093,1.0457462,1200,53775,54975,0.79095936,0.019477524,0.5229852,0.97285116,0.8973873,2.4700103,7.488073,0,0.9076204,2.2033615,3.817949,1.3079759,0.19132952,2.4759605,7.488073,0,0.9219822
A549,2,DAC,14,4,15,3,0.13793691992759705,0.027643440291285515,0.29302501678466797,0.013279398903250694,0.22325506806373596,0.0019673858769237995,0.3495977520942688,0.06431689858436584,0.2590397894382477,0.279022753238678,0.6056812,0.77174217,0.77033323,868,101435,102303,0.3158015,0.067661464,0.29208305,0.9612019,0.837531,1.6989466,8.930817,0,3.7809727,2.610657,5.2887564,1.5883597,0.32015467,1.6911452,8.930817,0,3.8034127
A549,2,DAC,15,4,15,1,0.3317308723926544,0.013528546318411827,0.33665117621421814,0.012072776444256306,0.25942307710647583,0.0012678662315011024,0.3343923091888428,0.19102828204631805,0.2890074551105499,0.30564555525779724,0.49847022,0.4905121,0.49057674,623,76144,76767,0.3601534,0.85968363,0.52612835,0.98287845,0.806761,3.4817147,9.637418,0,2.2221951,3.6365511,4.9064846,2.3682792,0.23532736,3.480448,9.637418,0,2.2382534
A549,2,DAC,15,4,15,2,0.15798889100551605,0.009405769407749176,0.19063790142536163,0.005125370807945728,0.11032495647668839,0.001332446583546698,0.239750474691391,0.016667665913701057,0.1399112045764923,0.1592777818441391,1.1773654,2.1843681,2.170193,1739,121796,123535,0.5486623,0.2225545,0.51315767,0.9195647,0.87695366,1.4490178,4.7115874,0,0.81077665,0.9256643,1.7769661,0.30955803,0.10014923,1.4564903,4.7115874,0,0.8169562
A549,2,DAC,15,4,15,3,0.08689595013856888,0.01186972763389349,0.19634810090065002,0.005329842679202557,0.14298419654369354,0.0027013937942683697,0.3113277554512024,0.0038328918162733316,0.1846204549074173,0.21050968766212463,0.93415534,1.3134626,1.3103004,626,74461,75087,0.6261904,-0.3342524,0.23890257,0.96416193,0.9143102,1.159561,6.4538455,0,1.9525456,1.9540961,3.2339664,0.99700564,0.24041216,1.1528814,6.4538455,0,1.961588
A549,2,DAC,15,4,15,4,0.15684102475643158,0.005001349374651909,0.15998558700084686,0.004598536528646946,0.06976841390132904,0.0018086403142660856,0.21123787760734558,0,0.10344013571739197,0.12629516422748566,1.3606337,3.173907,3.137948,1358,67121,68479,0.9230735,0.13419333,0.41791335,0.94145215,0.89003414,1.7667142,5.3746095,0,0.44897822,0.85578626,1.7760874,0.37518063,0.07394861,1.785144,5.3746095,0,0.43943793
A549,2,DAC,16,4,15,1,0.22635820508003235,0.0044634840451180935,0.2264433205127716,0.00444589601829648,0.13419005274772644,0.0024185352958738804,0.33074328303337097,0.014378574676811695,0.17335373163223267,0.20560339093208313,1.2837832,2.3150558,2.2983558,1724,104739,106463,0.7513228,0.26260144,0.5369436,0.86670107,0.89920783,2.659239,6.477247,0,0.626687,1.6731988,3.7232165,0.5184617,0.5710226,2.6754694,6.477247,0,0.61133635
A549,2,DAC,16,4,15,2,0.3751388490200043,0.010571878403425217,0.3751388490200043,0.010571878403425217,0.11091287434101105,0.0003120079345535487,0.15042230486869812,0.06989336013793945,0.12540940940380096,0.1343623548746109,1.0081292,1.2485514,1.2453074,1231,90000,91231,0.59984356,-0.24047449,0.3794322,0.8825407,0.83629847,4.805986,9.943341,1.0346295,2.2249641,4.403858,6.5756154,1.0346295,1.3169208,4.8114867,9.943341,1.0931765,2.2351418
A549,2,DAC,16,4,15,3,0.11225239932537079,0.0018831273773685098,0.11226730793714523,0.0018817046657204628,0.06679370254278183,0.0007649076287634671,0.13342922925949097,0,0.0894237607717514,0.10296253859996796,0.9892122,2.6495457,2.626874,823,59448,60271,0.7488531,0.39179355,0.18644968,0.92222655,0.83353806,1.1979687,4.1959643,0.2806806,0.2920099,0.6324894,1.2524209,0.3527169,0.037775833,1.2057971,4.1959643,0.2806806,0.29104137
A549,2,DAC,16,4,15,4,0.2711627185344696,0.006290275137871504,0.27658790349960327,0.004915578290820122,0.1638542264699936,0.002014351077377796,0.28994154930114746,0.020458564162254333,0.1990155428647995,0.21886293590068817,1.1810416,1.9925677,1.9859529,738,89804,90542,0.69761384,0.629491,0.73438877,0.9599963,0.9389565,3.7960799,8.082327,0,1.047704,2.5583677,3.8557305,1.3779249,0.26473352,3.8062508,8.082327,0,1.0414457
A549,2,DAC,16,4,15,5,0.3021290898323059,0.007390153128653765,0.3021290898323059,0.007390153128653765,0.20999598503112793,0.0025576206389814615,0.3440401554107666,0.05046148598194122,0.2519601881504059,0.2724778652191162,1.0190312,1.8973628,1.8812531,1997,106882,108879,0.63915783,0.18097661,0.22870985,0.9225879,0.8679518,2.9665518,6.4247355,0.9973809,0.8003541,2.111202,3.3949833,1.1696526,0.25571892,2.9825337,6.4247355,0.9973809,0.79660505
A549,2,DAC,17,4,15,1,0.1489635705947876,0.003998730797320604,0.16042493283748627,0.0024677105247974396,0.1146715059876442,0.0007565689156763256,0.21695639193058014,0,0.13627459108829498,0.14856858551502228,1.1403607,1.2715672,1.2692012,1881,102438,104319,0.97992337,0.3537501,0.8180812,0.9811428,0.9652696,3.2011116,7.9652305,0,1.4296501,2.7498126,4.241497,1.486002,0.22866407,3.2093987,7.9652305,0,1.4478943
A549,2,DAC,3,4,15,1,0.05672180652618408,0.006089362315833569,0.13093464076519012,0.0043394421227276325,0.09682027995586395,0.001191618386656046,0.20818860828876495,0,0.12438992410898209,0.1401120275259018,0.5666943,0.7199944,0.7182935,995,88684,89679,0.60547024,0.074158475,0.37697446,0.9824185,0.8826853,0.5629136,4.1376276,0,0.5105852,0.94829875,1.6371297,0.58077925,0.035527475,0.5585899,4.1376276,0,0.51423013
A549,2,DAC,4,4,15,1,0.07744723558425903,0.02320590801537037,0.35160568356513977,0.008957741782069206,,,,,,,0.7136028,0.70896214,0.7090079,611,61340,61951,0.4781504,0.087988034,0.040816046,0.98712325,0.807785,0.7426058,8.591622,0,2.5059204,4.2205296,5.695352,2.4528792,0.29830763,0.70796335,8.591622,0,2.4062254
A549,2,DAC,5,4,15,1,0.13413333892822266,0.007085790392011404,0.15984968841075897,0.004333541728556156,0.1121257022023201,0.0007795499986968935,0.19501039385795593,0.02900003269314766,0.13484323024749756,0.14753927290439606,0.68009686,0.937787,0.9349721,865,78318,79183,0.45324257,0.3109132,0.47689882,0.97912496,0.89603406,1.0820315,3.984391,0,0.46008575,0.90480536,1.3346841,0.37053937,0.027867354,1.0839888,3.984391,0,0.46450862
A549,2,DAC,5,4,15,2,0.10793638974428177,0.0021842927671968937,0.10930425673723221,0.0020624606404453516,0.0729881301522255,0.00020730467804241925,0.1137382909655571,0.024637488648295403,0.0844568982720375,0.09186376631259918,0.81682986,1.1447394,1.1435702,400,111791,112191,0.9343991,-0.011680369,0.63148636,0.9955591,0.91151714,0.8883085,2.876583,0,0.16124888,0.62077516,0.7874356,0.45942777,0.002959472,0.8892658,2.876583,0,0.16155826
A549,2,DAC,5,4,15,3,0.15193960070610046,0.09263154864311218,0.7525450587272644,0.006814278662204742,,,,,,,1.0792023,0.8624316,0.86469567,800,75791,76591,0.6889833,0.23133455,0.50329924,0.9924636,0.89228517,1.7600846,11.14894,0,12.425394,9.036313,10.400917,7.68419,0.19073486,1.6832826,11.14894,0,11.989802
A549,2,DAC,5,4,15,4,0.08016518503427505,0.006702931132167578,0.1367034614086151,0.0037013469263911247,0.07232187688350677,0.0020941044203937054,0.17371484637260437,0,0.1110927015542984,0.13528719544410706,1.3074063,2.7875924,2.7761388,440,56423,56863,0.8803138,0.62036353,0.47816283,0.96355283,0.91553396,0.6132587,2.5484524,0,0.3453338,0.48571202,0.9198014,0.22629018,0.019784346,0.6142534,2.5484524,0,0.34774464
A549,2,DAC,5,4,15,5,0.04128166288137436,0.0063700685277581215,0.1695568561553955,0.0044139474630355835,0.12251339852809906,0.0038785431534051895,0.3242014944553375,0,0.17027752101421356,0.2061634063720703,0.86383635,1.2339311,1.229768,694,61001,61695,0.69134426,0.4176988,0.5691997,0.9428747,0.924011,0.30979365,2.5814571,0,0.3300873,0.7730258,2.3144238,0,0.16514465,0.30452362,2.5814571,0,0.3294948
A549,2,DAC,6,4,15,1,0.27383121848106384,0.04590315744280815,0.40966442227363586,0.013027247972786427,,,,,,,0.94236815,1.200474,1.1986759,766,109185,109951,0.65393054,0.20899343,0.47147438,0.9731535,0.9053605,3.8726358,11.106854,0,8.850125,4.7081766,7.204977,2.7151816,0.7054197,3.8667743,11.106854,0,8.902333
A549,2,DAC,7,4,15,1,0.09210998564958572,0.020686039701104164,0.2944117784500122,0.006558912340551615,0.20958071947097778,0.001091831480152905,0.2923203110694885,0.11021517217159271,0.23569269478321075,0.25049886107444763,1.162583,1.2069659,1.2066321,1000,131943,132943,0.873743,0.0362468,0.62658787,0.9852643,0.91405886,1.3849958,8.2454405,0,4.644249,3.531497,7.1340475,2.1763093,0.42345423,1.3687277,8.2454405,0,4.6410546
A549,2,DAC,7,4,15,2,0.11801820993423462,0.027782494202256203,0.33794501423835754,0.005231979303061962,,,,,,,1.1115662,0.9610706,0.96255195,1558,156761,158319,0.8928769,0.51551217,0.81088567,0.99066645,0.9364982,1.9639567,10.626385,0,7.657773,4.743379,7.0725527,3.0873654,0.41953105,1.9363332,10.626385,0,7.652171
A549,2,DAC,8,4,15,1,0.22360515594482422,0.007138713728636503,0.22741471230983734,0.006393984891474247,0.1563471406698227,0.0007569181034341455,0.2240009754896164,0.07083779573440552,0.17764097452163696,0.19155365228652954,0.43142945,0.6755311,0.6750737,200,106535,106735,0.2596321,0.017295294,0.53883547,0.9959331,0.909289,3.2653053,10.054404,0,1.0089058,2.1630747,2.6362975,1.7180053,0.0244057,3.267374,10.054404,0,1.008469
A549,2,DAC,9,4,15,1,0.28975391387939453,0.05275390297174454,0.44167280197143555,0.013314486481249332,,,,,,,0.70427245,0.7921859,0.79102546,1428,106763,108191,0.7477549,0.30442,0.6072361,0.9872233,0.9232217,3.3483367,10.189722,0,6.5868974,4.0978875,5.9639473,2.72054,0.23064712,3.3383112,10.189722,0,6.6642985
A549,2,DAC,9,4,15,2,0.3357205092906952,0.018265558406710625,0.35298094153404236,0.013112039305269718,0.2086501121520996,0.0017112453933805227,0.35473498702049255,0.0866432636976242,0.2415907233953476,0.26293307542800903,0.76068455,1.2627176,1.2578351,788,80235,81023,0.5509296,0.3602098,0.36311793,0.97356546,0.887146,3.8910017,10.912654,0,2.0522835,2.8174117,4.8020625,1.9006824,0.27524748,3.9015455,10.912654,0,2.058305
A549,2,DAC,0,5,28,1,0.04940532520413399,0.0012482503661885858,0.05352894216775894,0.0011317027965560555,,,,,,,0.9729643,2.5222409,2.505848,602,56293,56895,0.42127022,0.28432682,-0.13275371,0.92606443,0.85007465,0.29128808,1.4722341,0,0.034283098,0.13248236,0.3188708,0.038504094,0.004145649,0.29298633,1.4722341,0,0.034332808
A549,2,DAC,0,5,28,2,0.06311903893947601,0.0019618775695562363,0.06846338510513306,0.0017620990984141827,,,,,,,0.9596052,2.578944,2.5550797,929,62110,63039,0.32647616,0.06785947,0.014259154,0.96777004,0.8138678,0.42376935,2.2300615,0,0.08538423,0.20139453,0.44398373,0.10150119,0.003217304,0.42709544,2.2300615,0,0.08586251
A549,2,DAC,1,5,28,1,0.05107979476451874,0.0012174369767308235,0.058041978627443314,0.0009792752098292112,0.03882583975791931,0.0005303302314132452,0.08730747550725937,0,0.05816112086176872,0.07145058363676071,0.7628026,1.0221099,1.0154717,1957,74490,76447,0.6442514,0.65607935,0.6285077,0.97303015,0.9222397,0.45264766,1.5957913,0,0.059631456,0.3542174,0.6815058,0.15781331,0.007954122,0.45523357,1.5957913,0,0.060727883
A549,2,DAC,10,5,28,1,0.14865973591804504,0.017381466925144196,0.24805207550525665,0.004348055925220251,0.19977691769599915,0.0012389974435791373,0.3281446099281311,0.08804984390735626,0.2278321236371994,0.24524906277656555,0.6136306,1.0063124,1.0009109,1679,120384,122063,0.38600227,0.062931016,0.13751274,0.95463324,0.8500354,1.0083642,4.7896657,0,1.0246437,1.1983696,2.2559588,0.42339894,0.12689543,1.0057142,4.7896657,0,1.036654
A549,2,DAC,10,5,28,2,0.17889833450317383,0.0057393526658415794,0.18944650888442993,0.004079438745975494,0.13583581149578094,0.0010884098010137677,0.2455114722251892,0.04967088997364044,0.1621687114238739,0.1793215423822403,0.82870036,1.7967235,1.7810533,1151,69952,71103,0.26861086,0.5834917,0.22903375,0.96181476,0.8276458,0.8896076,3.1982365,0,0.2827059,0.5065406,1.2509825,0.27407128,0.017297722,0.8959105,3.1982365,0,0.28461877
A549,2,DAC,11,5,28,1,0.2244744449853897,0.013960777781903744,0.2711941599845886,0.0041963038966059685,0.2165071815252304,0.0008394269389100373,0.2983737587928772,0.14001433551311493,0.24031847715377808,0.2545104920864105,0.7362807,0.8142667,0.81392795,400,91679,92079,0.6714397,0.85201967,0.50644,0.99570346,0.8475916,0.86583,3.8393254,0,0.4332224,0.9420496,1.1505345,0.73150784,0.005871056,0.8654974,3.8393254,0,0.43506148
A549,2,DAC,11,5,28,2,0.16356372833251953,0.01269900519400835,0.22711992263793945,0.0031986001413315535,0.15221057832241058,0.0009857487166300416,0.28239235281944275,0.07190269976854324,0.17704889178276062,0.19312848150730133,1.0229231,1.4350787,1.4282066,1049,61862,62911,0.86684173,0.52586174,0.5939616,0.98594385,0.91805977,0.8935064,3.366695,0,0.45935416,0.86617327,1.6867139,0.5855767,0.0225494,0.89396983,3.366695,0,0.46674812
A549,2,DAC,11,5,28,3,0.07454705983400345,0.011149637401103973,0.2130153626203537,0.0023637895938009024,0.19153741002082825,0.002420856850221753,0.3646482527256012,0.07444652169942856,0.23085661232471466,0.2573067247867584,0.71713173,0.8290145,0.8263922,600,24999,25599,0.88977313,0.074402526,0.59942055,0.9609455,0.9517394,0.3827851,2.2103913,0,0.28900707,0.9584312,1.7646894,0,0.091690876,0.36896956,2.2103913,0,0.2855989
A549,2,DAC,12,5,28,1,0.05883185192942619,0.012424617074429989,0.2582947611808777,0.00302869058214128,0.2227160930633545,0.0015743602998554707,0.3590238392353058,0.09491275250911713,0.2540336549282074,0.27433037757873535,0.5823176,0.802254,0.79967374,1893,159466,161359,0.5483425,0.6657576,0.38303167,0.9912377,0.85489315,0.332042,4.265633,0,0.42105612,1.1272528,1.7045956,0.744418,0.024750082,0.32260227,4.265633,0,0.41816485
A549,2,DAC,12,5,28,2,0.06266991049051285,0.00907318014651537,0.19425161182880402,0.0025632712058722973,0.1629454344511032,0.0012099853483960032,0.2957427203655243,0.08220837265253067,0.19090011715888977,0.20792029798030853,0.8983395,1.0072483,1.0057095,2624,183103,185727,0.7908086,0.83266366,0.48078364,0.9910049,0.8699476,0.20785199,2.3317497,0,0.117543615,0.52608013,0.8605773,0.3352937,0.006947388,0.2032915,2.3317497,0,0.117656514
A549,2,DAC,13,5,28,1,0.0626043826341629,0.01443632785230875,0.2780071496963501,0.004223871044814587,0.22268392145633698,0.003609103849157691,0.4075072109699249,0.04244476556777954,0.27076566219329834,0.2970602512359619,0.9553815,1.22037,1.2152617,2275,115740,118015,0.81448597,0.48080128,0.6574409,0.95967764,0.91476375,0.35106784,3.4257925,0,0.46424136,1.1512023,1.9300761,0,0.0814637,0.33534047,3.4257925,0,0.45893383
A549,2,DAC,14,5,28,1,0.22257807850837708,0.05456922948360443,0.44590890407562256,0.00973779521882534,0.3441464304924011,0.0016709009651094675,0.444887638092041,0.2611108124256134,0.37771061062812805,0.3958706855773926,0.34216473,0.7927391,0.7866626,703,51424,52127,0.1912537,0.3166305,-0.14955002,0.9699158,0.78971094,2.2361374,10.511005,0,5.9294147,3.505981,4.8513136,2.0460267,0.25384048,2.218778,10.511005,0,5.9846573
A549,2,DAC,14,5,28,2,0.30699384212493896,0.07376208156347275,0.5300137996673584,0.00914391502737999,,,,,,,0.48472372,0.9581628,0.9417348,1650,45901,47551,0.083232544,0.15619364,-0.1746738,0.952848,0.7947549,5.412056,17.554485,0,23.475687,7.9931355,12.539948,0,2.0879693,5.319276,17.554485,0,23.996414
A549,2,DAC,15,5,28,1,0.08070722967386246,0.0009276038617826998,0.08112240582704544,0.0008986957254819572,0.07978438585996628,0.0002410786401014775,0.13059993088245392,0.047330327332019806,0.09198977053165436,0.10034410655498505,2.281723,3.4152725,3.4098477,432,89839,90271,0.9737361,0.45766914,0.58380926,0.8790603,0.89488864,0.5131931,1.7030349,0,0.06755508,0.4108778,0.7099295,0.16956794,0.020658003,0.513685,1.7030349,0,0.06773001
A549,2,DAC,15,5,28,2,0.09802419692277908,0.007671571336686611,0.14593380689620972,0.004429441876709461,0.1481497883796692,0.0060080718249082565,0.43512919545173645,0.005043400917202234,0.20565754175186157,0.2595607340335846,1.1292595,1.9295588,1.9210219,1102,102209,103311,0.73764545,-0.2632647,0.32029426,0.94534963,0.92288613,1.0430094,4.0702662,0,0.6763627,0.89521474,1.7012223,0.2212361,0.08091492,1.0446028,4.0702662,0,0.6825446
A549,2,DAC,16,5,28,1,0.21919909119606018,0.010519491508603096,0.22771626710891724,0.008988737128674984,0.14104454219341278,0.001301610260270536,0.2923441529273987,0.03843628615140915,0.16882233321666718,0.18870076537132263,0.6180052,1.4779669,1.4670386,1200,93231,94431,0.32922018,0.81158876,0.1780482,0.98187214,0.77739304,2.1204977,9.157869,0,1.7742517,1.1168196,2.0676339,0.69771415,0.05229114,2.133416,9.157869,0,1.7832825
A549,2,DAC,16,5,28,2,0.22105881571769714,0.006499160546809435,0.22459185123443604,0.005809544585645199,0.15716318786144257,0.0017936150543391705,0.3145485818386078,0.019336698576807976,0.19058078527450562,0.21262507140636444,0.7995999,1.2580724,1.2529991,1594,142453,144047,0.5932321,0.34729692,0.471504,0.96573514,0.85213596,2.2578242,10.125408,0,1.110027,1.513145,3.3506653,0.7729232,0.13367759,2.2661567,10.125408,0,1.1146773
A549,2,DAC,17,5,28,1,0.09856430441141129,0.0019001091131940484,0.09963034838438034,0.0018144495552405715,,,,,,,0.72157025,1.5772868,1.5649037,1915,130420,132335,0.6660833,0.70399475,0.5437015,0.9770587,0.8608683,0.6429984,2.8003097,0,0.07574107,0.283545,0.562348,0.104411356,0.003381721,0.6482764,2.8003097,0,0.07487851
A549,2,DAC,18,5,28,1,0.1601332575082779,0.009763691574335098,0.19177702069282532,0.005624537356197834,0.1428978145122528,0.0017265896312892437,0.3101143538951874,0.015460176393389702,0.17442309856414795,0.19752952456474304,0.83475775,1.1344222,1.1319876,1014,123801,124815,0.8238702,-0.3302607,0.44561678,0.9478745,0.8758892,1.7513645,6.8446617,0,1.4140052,1.5373247,3.2612069,0.8492781,0.28322342,1.7531178,6.8446617,0,1.4228883
A549,2,DAC,18,5,28,2,0.18064042925834656,0.0068719941191375256,0.18845964968204498,0.005695852916687727,0.1365332007408142,0.0018792931223288178,0.29852283000946045,0,0.1703924983739853,0.19223444163799286,0.79364187,1.125753,1.1230788,957,117890,118847,0.5957139,0.094315365,0.37612393,0.945184,0.8431148,1.3113973,5.594732,0,0.55190605,1.001748,2.2654402,0.55018246,0.10701101,1.313911,5.594732,0,0.5547329
A549,2,DAC,19,5,28,1,0.16004875302314758,0.0011345575330778956,0.16006192564964294,0.0011325427331030369,0.15671218931674957,0.00029865483520552516,0.2047806829214096,0.10100627690553665,0.1704939752817154,0.17835254967212677,1.0813763,0.96987075,0.97262365,600,23703,24303,0.95829314,0.6149727,0.9691514,0.9971996,0.9907664,2.4151952,3.3978403,0,0.05804707,2.4249775,2.7681196,2.1023746,0.016497409,2.4149477,3.3978403,0,0.059096303
A549,2,DAC,19,5,28,2,0.20565105974674225,0.00468058604747057,0.2058962732553482,0.004635675810277462,0.14357614517211914,0.0014505477156490088,0.2716677784919739,0.047092799097299576,0.1743478775024414,0.19326499104499817,1.2328545,2.2684493,2.2473388,1044,50171,51215,0.75771224,0.34378928,0.33843488,0.95428854,0.86556464,2.7772932,8.8492155,0,1.6038139,1.9152287,3.5900445,0.9700939,0.24423555,2.7952313,8.8492155,0,1.616319
A549,2,DAC,2,5,28,1,0.09728579968214035,0.002899468643590808,0.10154777765274048,0.0025936963502317667,0.1042436882853508,0.0014156013494357467,0.17434090375900269,0.04832581430673599,0.1373661905527115,0.1541556864976883,0.879122,1.4201765,1.4121641,1610,107109,108719,0.7397905,0.71689016,0.44966504,0.9862442,0.8900938,0.65330666,2.9109247,0,0.12656836,0.42168245,0.7134708,0.2381988,0.004252898,0.6567883,2.9109247,0,0.12758838
A549,2,DAC,20,5,28,1,0.16533659398555756,0.00482246233150363,0.1738876849412918,0.003584949765354395,0.13571365177631378,0.0009820384439080954,0.23664304614067078,0.05539485439658165,0.16083933413028717,0.17797628045082092,1.0152605,1.4573915,1.4495264,2016,111311,113327,0.6778857,0.07505898,0.40288576,0.9627108,0.90999275,1.474818,4.581389,0,0.40250406,1.0548235,1.8061045,0.56638443,0.06832482,1.4824247,4.581389,0,0.4053039
A549,2,DAC,20,5,28,2,0.23091532289981842,0.005435568280518055,0.23142924904823303,0.00532873161137104,0.1769760102033615,0.0017095390940085053,0.26562806963920593,0.02601149119436741,0.20847034454345703,0.22182665765285492,0.7043694,1.1478993,1.1429906,1231,110000,111231,0.82023686,0.6775961,0.5601128,0.9707006,0.89491785,1.9078474,4.851847,0,0.43643308,1.326435,2.0324495,0.49677774,0.06715888,1.9143541,4.851847,0,0.43674028
A549,2,DAC,20,5,28,3,0.18639914691448212,0.003875437658280134,0.18657885491847992,0.0038456458132714033,0.12725582718849182,0.0008859977824613452,0.22864097356796265,0.0387231707572937,0.15088558197021484,0.16583247482776642,1.1919276,2.3054078,2.2862186,2004,114283,116287,0.76426065,0.45779127,0.43536252,0.9564491,0.8855415,1.4871606,4.941157,0,0.33366233,0.9102697,1.652297,0.47517517,0.04401984,1.4972765,4.941157,0,0.3328032
A549,2,DAC,3,5,28,1,0.18435214459896088,0.08639568090438843,0.6328632235527039,0.012741906568408012,,,,,,,1.0454215,1.1971861,1.1959466,747,90708,91455,0.5214479,0.2691638,0.08909568,0.963206,0.8504644,1.749694,10.1412735,0,7.966574,5.712705,8.239264,0,3.5924559,1.7170581,10.1412735,0,7.872194
A549,2,DAC,3,5,28,2,0.18094168603420258,0.07730824500322342,0.5943709015846252,0.008217728696763515,,,,,,,0.65955144,0.9532771,0.9519003,472,100215,100687,0.36852455,0.70360327,-0.009853688,0.9920754,0.81186646,1.741699,10.141412,0,7.291323,5.3694167,6.8676534,4.065593,0.20351984,1.724613,10.141412,0,7.2624307
A549,2,DAC,3,5,28,3,0.2144286334514618,0.019156817346811295,0.2739761471748352,0.008162123151123524,0.1583254337310791,0.0006524131167680025,0.20849457383155823,0.09930571168661118,0.17940016090869904,0.19031572341918945,0.7214363,1.573751,1.5724818,149,99898,100047,0.88148,-0.018875852,0.22203699,0.9958779,0.8594603,1.1708953,4.842293,0,0.7550604,0.70455843,0.84011245,0.5490259,0.003145648,1.1715908,4.842293,0,0.755857
A549,2,DAC,3,5,28,4,0.19112201035022736,0.015641795471310616,0.24432504177093506,0.006997204385697842,0.13589639961719513,0.0004768054059240967,0.193507120013237,0.0689152181148529,0.1532840132713318,0.1628027707338333,0.6849994,1.7301333,1.7281141,200,103319,103519,0.99070185,0.10893575,0.44686127,0.997459,0.87062275,1.1619215,5.717735,0,0.8706121,0.5978739,0.7517477,0.48178872,0.002158147,1.1630133,5.717735,0,0.87167615
A549,2,DAC,4,5,28,1,0.16093404591083527,0.002073319861665368,0.16182193160057068,0.001941079506650567,0.15320073068141937,0.0008282948401756585,0.24789337813854218,0.07009787112474442,0.1751660257577896,0.19214826822280884,1.2223284,1.5502412,1.5476266,1100,136867,137967,0.87820697,-0.1416043,0.7405943,0.93249345,0.93561435,1.0137668,3.359086,0,0.1537885,0.79568917,1.973177,0.32306862,0.1144126,1.0155194,3.359086,0,0.15371965
A549,2,DAC,4,5,28,2,0.1379023939371109,0.029727570712566376,0.31842711567878723,0.011159263551235199,0.2755052149295807,0.007079615257680416,0.4245683252811432,0,0.3365436792373657,0.3583710789680481,1.3136089,1.3778324,1.3770677,1840,152687,154527,0.6147368,0.027600057,0.4383533,0.93804616,0.9110414,1.0633501,5.4627066,0,1.7112886,2.143851,4.12276,0,0.44054645,1.0503291,5.4627066,0,1.7123637
A549,2,DAC,5,5,28,1,0.22665806114673615,0.003878294490277767,0.22665806114673615,0.003878294490277767,0.17529959976673126,0.002653858158737421,0.3578547239303589,0.0663832500576973,0.21643640100955963,0.2470872700214386,1.3268855,1.9858552,1.9734805,1182,61761,62943,0.79389626,0.40869474,0.48329902,0.9198827,0.89127254,2.1154137,4.7111635,0.60760325,0.461278,1.7118163,3.2091355,0.8266952,0.29355353,2.1231377,4.7111635,0.60760325,0.46131077
A549,2,DAC,5,5,28,2,0.1204773560166359,0.0016648359596729279,0.12050128728151321,0.0016622839029878378,0.09547361731529236,0.0005099043482914567,0.17011617124080658,0.006639180239289999,0.11311778426170349,0.1236891895532608,0.7852601,1.3074807,1.2988573,1414,84217,85631,0.62429047,0.59362775,0.47663224,0.945136,0.89625424,1.1479199,3.3666806,0.19093643,0.24584875,0.8157999,1.5065416,0.19093643,0.07704904,1.153496,3.3666806,0.23993059,0.24679978
A549,2,DAC,6,5,28,1,0.11813803017139435,0.0020191872026771307,0.11928161233663559,0.0019023270579054952,0.1149163693189621,0.0014857806963846087,0.21264852583408356,0.020674828439950943,0.14670059084892273,0.16709023714065552,1.0304048,1.5612957,1.5502644,2033,95806,97839,0.8158261,0.2785841,0.59514874,0.9433714,0.9344818,0.47605503,1.3609214,0,0.0314142,0.3614831,0.6785426,0.09037601,0.013717818,0.4784863,1.3609214,0,0.031505257
A549,2,DAC,6,5,28,2,0.11743274331092834,0.0019823990296572447,0.11780295521020889,0.0019450380932539701,0.11933557689189911,0.0015906974440440536,0.2601402997970581,0.03392850235104561,0.15091149508953094,0.17403389513492584,1.0446779,1.5856389,1.5793536,928,78943,79871,0.88893926,0.8690145,0.50420004,0.9801112,0.8902995,0.6546558,3.4946058,0,0.12479569,0.48878938,0.7841628,0.28716603,0.007442573,0.6566056,3.4946058,0,0.125848
A549,2,DAC,6,5,28,3,0.05841866880655289,0.0031328652985394,0.08924783021211624,0.002034729113802314,0.06790410727262497,0.0012308796867728233,0.19766126573085785,0,0.09602148830890656,0.11381525546312332,1.0494015,1.3250084,1.3196429,879,44272,45151,0.9060381,-0.01974149,0.74538046,0.9404543,0.9489771,0.51530296,1.9695928,0,0.17241941,0.528131,0.8596196,0,0.029512882,0.51504827,1.9695928,0,0.17525335
A549,2,DAC,7,5,28,1,0.25773248076438904,0.008312424644827843,0.2589799165725708,0.008029595948755741,0.1809033751487732,0.003573100548237562,0.3363715410232544,0.06807684153318405,0.23299705982208252,0.26203277707099915,0.520122,0.9263455,0.91917235,1800,100135,101935,0.36291876,0.1718807,0.21023777,0.85782623,0.8310602,2.277136,6.7173643,0,1.0446184,1.5018959,3.1689415,0.63109857,0.44443542,2.291072,6.7173643,0,1.0444095
A549,2,DAC,7,5,28,2,0.29985594749450684,0.0037864914629608393,0.29987385869026184,0.0037813459057360888,,,,,,,0.6731978,0.7751236,0.7742102,600,66359,66959,0.8884989,0.5619497,0.746666,0.9951612,0.9466387,3.453197,9.773659,0,0.7604115,3.2992768,4.031453,2.769847,0.049441632,3.4545891,9.773659,0,0.7666236
A549,2,DAC,7,5,28,3,0.17227977514266968,0.002954553347080946,0.17230473458766937,0.0029506857972592115,0.1227816790342331,0.0005164685426279902,0.20229245722293854,0.05639965832233429,0.140469491481781,0.15324829518795013,0.7795642,1.321144,1.3152672,600,54695,55295,0.5604789,0.5082837,0.32596624,0.9882287,0.8689801,1.7449242,5.76463,0,0.50930476,1.2186602,1.857979,0.9117557,0.022860445,1.7506971,5.76463,0,0.51156944
A549,2,DAC,7,5,28,4,0.16210491955280304,0.0033054593950510025,0.16249312460422516,0.00325029413215816,0.11026641726493835,0.0005373699241317809,0.2095828652381897,0.05485781654715538,0.1288956105709076,0.1414175182580948,0.7727077,1.3572171,1.3533112,400,59455,59855,0.78205925,0.8608258,0.47474515,0.9888032,0.86674947,1.8639269,6.414604,0,0.854935,1.2330664,1.9057981,0.93502295,0.031982053,1.8681712,6.414604,0,0.8577761
A549,2,DAC,8,5,28,1,0.15106065571308136,0.029484955593943596,0.31168144941329956,0.010773390531539917,0.2409892976284027,0.002580468077212572,0.3730458617210388,0.11902003735303879,0.2833695709705353,0.3065257966518402,0.7524592,1.3205935,1.3139985,744,63351,64095,0.5548591,0.56184554,0.10054949,0.97507346,0.7800789,1.8084981,10.312243,0,4.4772987,3.063045,4.294705,1.5266474,0.28449675,1.7937651,10.312243,0,4.507838
A549,2,DAC,8,5,28,2,0.07592624425888062,0.00769510492682457,0.16010767221450806,0.0027487799525260925,,,,,,,0.17815785,1.275259,1.2687421,600,100407,101007,0.027563404,0.4006393,-0.56012285,0.9011204,0.71950054,0.35576642,3.2072046,0,0.26848885,0.20536971,0.50370437,0.07703256,0.006391916,0.35666507,3.2072046,0,0.26991907
A549,2,DAC,8,5,28,3,0.12401752173900604,0.010060006752610207,0.1815088391304016,0.004288384225219488,0.1466812789440155,0.001399900997057557,0.26728498935699463,0.028898799791932106,0.17662407457828522,0.19489026069641113,0.7659599,1.2738278,1.2604929,1622,60153,61775,0.559544,0.3114586,0.011652447,0.9680401,0.856078,0.7973422,3.2683935,0,0.45900244,0.85838693,1.7996854,0.23789822,0.042385966,0.79569614,3.2683935,0,0.47013292
A549,2,DAC,8,5,28,4,0.048107121139764786,0.005516793113201857,0.14410211145877838,0.002692155772820115,0.14246496558189392,0.0020422099623829126,0.2757360339164734,0.01836763508617878,0.17776332795619965,0.20046153664588928,0.92384386,1.0610663,1.058723,853,49098,49951,0.7261957,0.17888644,0.38422742,0.9828627,0.95818734,0.24866128,1.2458944,0,0.12869202,0.68393975,1.0278174,0,0.012944415,0.24109913,1.2458944,0,0.12735412
A549,2,DAC,8,5,28,5,0.1569811850786209,0.007245001848787069,0.17794889211654663,0.00448152469471097,0.11349155753850937,0.0009562904015183449,0.19573546946048737,0.03065422549843788,0.13806143403053284,0.1514471024274826,0.6436091,1.258094,1.2491875,942,64049,64991,0.5218553,0.67363197,0.13077033,0.95931363,0.86934984,1.2433708,4.1423683,0,0.56168395,0.8397283,1.2863959,0.2762997,0.043120183,1.2493073,4.1423683,0,0.5668792
A549,2,DAC,8,5,28,6,0.09311675280332565,0.001408672658726573,0.09373195469379425,0.0013603150146082044,,,,,,,1.057005,1.914646,1.895395,1067,46468,47535,0.94322693,0.6137732,0.5791592,0.97754294,0.90256774,0.39299056,1.4142283,0,0.0330494,0.26395717,0.4238168,0.13775598,0.002563444,0.39595336,1.4142283,0,0.033358335
A549,2,DAC,9,5,28,1,0.1621270775794983,0.004270932171493769,0.16954772174358368,0.0032082630787044764,0.1293172389268875,0.0009341982076875865,0.22430282831192017,0.03757954016327858,0.1532086730003357,0.17017875611782074,0.9306606,1.5397888,1.5276809,1615,79632,81247,0.87850606,0.4352727,0.4823317,0.9818781,0.89745176,0.8290962,2.7040093,0,0.17000215,0.5595652,0.9107894,0.3165744,0.01005566,0.8345624,2.7040093,0,0.17174272
A549,2,DAC,9,5,28,2,0.1779734194278717,0.033364783972501755,0.34902483224868774,0.005730701144784689,,,,,,,0.97196794,1.5361046,1.5308517,400,42559,42959,0.8148512,0.8706595,0.32955682,0.99108905,0.9073924,3.271551,11.521983,0,11.316832,4.8381953,6.3569465,3.548015,0.22597383,3.2568269,11.521983,0,11.397785
A549,4,DAC,0,4,15,1,0.0406360998749733,0.005004131235182285,0.14366614818572998,0.0028898322489112616,,,,,,,,1.3012697,1.3012697,0,70894,70894,0.517285,,0.2131264,,0.8601427,0.36851865,2.9137425,0,0.41817772,,,,,0.36851865,2.9137425,0,0.41817772
A549,4,DAC,1,4,15,1,0.12716461718082428,0.02078089490532875,0.26281803846359253,0.007296828553080559,0.17743416130542755,0.003349550534039736,0.37506088614463806,0,0.22369244694709778,0.2534726858139038,1.0809886,2.0116086,1.995361,1614,90833,92447,0.78222924,0.35277915,0.40777048,0.9156609,0.8769023,1.3090327,6.7965755,0,2.3001542,1.570864,3.6019423,0.3134563,0.43328515,1.3043802,6.7965755,0,2.3320868
A549,4,DAC,1,4,15,2,0.10016408562660217,0.01635795086622238,0.23925641179084778,0.005794594530016184,0.12869340181350708,0.0016049571568146348,0.25893673300743103,0.007492932956665754,0.1603381484746933,0.17990557849407196,1.2395457,2.3144872,2.2986484,1034,69141,70175,0.78345907,0.3550682,0.5417332,0.93984705,0.9106065,1.4897132,7.1229334,0,3.568655,1.9206605,4.003891,0.93928295,0.44769332,1.4832685,7.1229334,0,3.6125093
A549,4,DAC,10,4,15,1,0.20663492381572723,0.012902120128273964,0.2432815134525299,0.006274865940213203,0.13440939784049988,0.0008722559432499111,0.21019423007965088,0.05769846960902214,0.1583329439163208,0.17155241966247559,0.5796023,1.3941469,1.389534,357,62682,63039,0.34848192,0.89224994,0.19904672,0.98930836,0.8379724,1.3060613,4.4564333,0,0.7231704,0.72514594,1.0393761,0.4935964,0.012047032,1.3093697,4.4564333,0,0.7252875
A549,4,DAC,10,4,15,2,0.07420551776885986,0.008459316566586494,0.17500898241996765,0.0023092490155249834,,,,,,,0.55933297,1.0855517,1.0754822,800,41007,41807,0.64079285,-0.15437873,0.26395512,0.9274396,0.9145086,0.19349785,1.0502449,0,0.06336592,0.27084866,0.5371347,0,0.011485636,0.19198887,1.0502449,0,0.06425902
A549,4,DAC,11,4,15,1,0.06659268587827682,0.013963548466563225,0.2657020688056946,0.0028102141804993153,0.23404072225093842,0.001881196047179401,0.3934148848056793,0.11772751063108444,0.26904961466789246,0.2911311089992523,0.6531652,0.861387,0.8582625,2361,154982,157343,0.71258575,-0.07079121,0.42316127,0.97621495,0.8694044,0.40345034,4.409931,0,0.53642917,1.3232147,2.3893251,0,0.07514508,0.3894387,4.409931,0,0.5303727
A549,4,DAC,12,4,15,1,0.057192280888557434,0.009353570640087128,0.19245706498622894,0.005442931782454252,0.14129766821861267,0.0007133235922083259,0.2134331613779068,0.0744158923625946,0.1624288409948349,0.17508840560913086,0.7222165,1.211396,1.2103777,200,95879,96079,0.5695581,0.008420579,0.30756134,0.996469,0.8571415,0.86311734,7.4794416,0,2.0450778,1.7874138,2.150016,1.387792,0.018558638,0.86118937,7.4794416,0,2.047519
A549,4,DAC,12,4,15,2,0.07305386662483215,0.007812199182808399,0.15710027515888214,0.003596202004700899,0.1014072522521019,0.001766290282830596,0.23710085451602936,0.0008940647239796817,0.13524334132671356,0.15807728469371796,0.7952397,1.3652701,1.3631023,311,81464,81775,0.7089906,0.79424405,0.1508713,0.98457074,0.8699364,1.1907383,6.6135383,0,1.9986922,1.7085365,2.6533244,1.057346,0.10895772,1.1887616,6.6135383,0,2.004879
A549,4,DAC,13,4,15,1,0.11271081119775772,0.01656227931380272,0.22409941256046295,0.007968147285282612,0.15582145750522614,0.002202612115070224,0.2943260371685028,0.021208839491009712,0.19308169186115265,0.21625950932502747,0.729607,0.8399268,0.83746576,2276,99755,102031,0.532885,0.26339626,0.496569,0.90714264,0.84977007,1.3821851,7.3440285,0,2.6085482,2.0452912,4.3412414,0.6676098,0.6760258,1.3670559,7.3440285,0,2.6423786
A549,4,DAC,14,4,15,1,0.07032319903373718,0.010101906023919582,0.19286102056503296,0.004071660805493593,0.18104322254657745,0.0028526061214506626,0.35252657532691956,0.03008858487010002,0.22450204193592072,0.25232023000717163,1.2149514,1.0859264,1.0871521,1282,133644,134926,0.61879545,0.47367236,0.612066,0.96991456,0.8771944,0.54184645,3.6902912,0,0.63212353,1.2409256,2.2978792,0.66817844,0.07953607,0.53514045,3.6902912,0,0.6326913
A549,4,DAC,15,4,15,1,0.07068400830030441,0.006909591611474752,0.13834752142429352,0.004162842873483896,0.10583190619945526,0.0014501777477562428,0.20703034102916718,0,0.13640142977237701,0.15457849204540253,0.85907525,0.99384207,0.99298567,443,69268,69711,0.6863415,0.3467734,0.4831195,0.96659917,0.85629106,0.78997743,4.765154,0,0.8361001,1.0914477,1.7412496,0.6422266,0.06925735,0.7880494,4.765154,0,0.84041923
A549,4,DAC,15,4,15,2,0.014455200172960758,0.0011038632364943624,0.06866703182458878,0.0015211545396596193,0.049561403691768646,0.001199175021611154,0.17443561553955078,0,0.07732762396335602,0.09553857892751694,1.2157143,1.5341517,1.5321604,600,95351,95951,0.9454372,-0.44545612,0.6941161,0.98258793,0.9523354,0.32621485,2.6841226,0,0.39369595,1.1435999,1.7831702,0,0.05597098,0.32107148,2.6841226,0,0.39159054
A549,4,DAC,16,4,15,1,0.037692759186029434,0.0051961797289550304,0.15804830193519592,0.0027659449260681868,0.13480885326862335,0.002220757771283388,0.34762224555015564,0.005841329228132963,0.1719481647014618,0.19712884724140167,0.8492396,1.4881511,1.4715542,1697,63630,65327,0.84469026,0.052065417,0.33870578,0.97186863,0.91973364,0.31934047,2.7671618,0,0.35744604,0.93363166,1.9587946,0,0.06805193,0.30295774,2.7671618,0,0.3548318
A549,4,DAC,16,4,15,2,0.11323339492082596,0.004553292412310839,0.13073638081550598,0.0029688384383916855,0.09877517819404602,0.0008573959348723292,0.19354750216007233,0.014065851457417011,0.12201248854398727,0.13748203217983246,0.74046606,0.9144404,0.9131452,918,122393,123311,0.5776829,0.78866947,0.39386243,0.9896816,0.83215547,1.001963,4.8882256,0,0.6437963,0.8575885,1.2942965,0.5674718,0.017119495,1.003046,4.8882256,0,0.64833915
A549,4,DAC,17,4,15,1,0.15610232949256897,0.010797646827995777,0.20999927818775177,0.0032073943875730038,0.15116553008556366,0.0008668572991155088,0.2236320972442627,0.05769415944814682,0.17448639869689941,0.18738532066345215,0.67617387,1.3803704,1.3759705,355,56460,56815,0.7402174,0.36761773,0.2987094,0.9660073,0.9113224,0.8409207,2.83866,0,0.33843762,0.62144434,0.90028816,0.3389714,0.01708675,0.84230065,2.83866,0,0.34015337
A549,4,DAC,17,4,15,2,0.17003746330738068,0.0016591111198067665,0.17003746330738068,0.0016591111198067665,0.15072749555110931,0.0008571468642912805,0.23498833179473877,0.0846395194530487,0.17468422651290894,0.19060899317264557,0.9063154,1.4404306,1.4335235,600,45798,46398,0.7955599,-0.06463974,0.37447882,0.9545079,0.85418767,0.8208537,2.3641655,0.16870655,0.14417431,0.5825888,0.9700218,0.36284742,0.021924108,0.82397515,2.3641655,0.16870655,0.14502238
A549,4,DAC,17,4,15,3,0.06460452824831009,0.008470362983644009,0.17803633213043213,0.003147534327581525,0.12726019322872162,0.0010518867056816816,0.22828955948352814,0.05445461347699165,0.15335796773433685,0.17014801502227783,0.822749,1.7638937,1.7584131,400,68287,68687,0.63288516,0.92874765,0.36835948,0.99393207,0.8775942,0.54206276,3.6242578,0,0.64317185,0.65975267,1.0987066,0.4716662,0.009619945,0.54137343,3.6242578,0,0.6468013
A549,4,DAC,17,4,15,4,0.06986154615879059,0.005893454421311617,0.13799726963043213,0.002238776534795761,0.12213567644357681,0.0010616099461913109,0.21304109692573547,0.011409389786422253,0.1477048695087433,0.16245384514331818,0.80763704,1.2231214,1.2170578,1426,96285,97711,0.577548,0.29924607,0.32327688,0.9790219,0.8840354,0.30558497,2.5964818,0,0.15246317,0.42194125,0.77711827,0.23275724,0.008651408,0.30386174,2.5964818,0,0.15438956
A549,4,DAC,18,4,15,1,0.06276440620422363,0.0012503504985943437,0.06759688258171082,0.001019959687255323,,,,,,,0.8293386,1.3349233,1.3246062,1337,64182,65519,0.73554426,0.63121104,0.52809334,0.9867509,0.90530217,0.29951778,1.2882746,0,0.02906377,0.2184726,0.3220605,0.12465062,0.00118336,0.301206,1.2882746,0,0.029504875
A549,4,DAC,18,4,15,2,0.03645706921815872,0.0033469225745648146,0.11023133248090744,0.001987496158108115,0.07101310789585114,0.0009258713689632714,0.16275431215763092,0,0.09502805769443512,0.10847994685173035,0.8088197,1.3687884,1.360369,790,51753,52543,0.5932868,0.51735675,0.30193737,0.94118655,0.9010603,0.22268277,1.745595,0,0.122374095,0.39808482,0.8583088,0,0.033560358,0.22000532,1.745595,0,0.123252995
A549,4,DAC,2,4,15,1,0.20216336846351624,0.05103745311498642,0.4205018877983093,0.014346666634082794,0.29964154958724976,0.001007845508866012,0.3927236497402191,0.20329436659812927,0.3249177038669586,0.34123438596725464,0.69543165,0.9409623,0.9399306,400,94799,95199,0.8237266,-0.29885748,0.5793997,0.98969823,0.8470577,1.7918489,8.646533,0,4.450729,2.118305,3.0649028,1.5214974,0.093775705,1.7904714,8.646533,0,4.468661
A549,4,DAC,3,4,15,1,0.0875234380364418,0.0028563733212649822,0.09795691817998886,0.0021748440340161324,,,,,,,1.1021888,1.545505,1.5418901,400,48655,49055,0.8454295,0.4837126,0.39776024,0.96981716,0.88621515,0.5041277,2.0859523,0,0.09606402,0.36306992,0.6236876,0.20445469,0.009029597,0.50528735,2.0859523,0,0.0966146
A549,4,DAC,3,4,15,2,0.04377363249659538,0.008149925619363785,0.20541414618492126,0.005041469354182482,0.19811683893203735,0.0020620631985366344,0.3348042964935303,0.04916760325431824,0.23457969725131989,0.25586095452308655,0.9993652,1.1512221,1.1489847,880,58847,59727,0.5498405,0.67066854,0.25930429,0.9889978,0.875779,0.37271532,3.4187715,0,0.57654506,1.4918959,2.4784462,0,0.19422482,0.35597932,3.4187715,0,0.5632515
A549,4,DAC,3,4,15,3,0.08898698538541794,0.0022950670681893826,0.09451837092638016,0.0019149102736264467,,,,,,,0.90476245,2.0427547,2.0031657,1539,42700,44239,0.63625616,0.46203828,0.12439537,0.9681038,0.8490724,0.47192448,1.6177194,0,0.06646507,0.27126533,0.47737703,0.13564955,0.003793345,0.47915652,1.6177194,0,0.06722037
A549,4,DAC,3,4,15,4,0.12835867702960968,0.017795134335756302,0.23207774758338928,0.00810344610363245,0.18744750320911407,0.0028882520273327827,0.36586272716522217,0.035043131560087204,0.2307649850845337,0.2553641200065613,0.8329049,1.1753758,1.1677672,1135,49952,51087,0.49735186,0.28606644,0.10288029,0.9430477,0.8277861,1.5470158,6.8541603,0,2.750608,2.4341557,4.5235114,1.01374,0.4322857,1.5268588,6.8541603,0,2.7849953
A549,4,DAC,4,4,15,1,0.17243151366710663,0.007267107255756855,0.1777922362089157,0.006539938040077686,0.15545974671840668,0.0017893309704959393,0.2782692313194275,0.03308625519275665,0.18893131613731384,0.20666073262691498,0.6717654,1.0607401,1.0516249,2571,107140,109711,0.42361507,0.17019978,0.39778808,0.9385802,0.82257617,1.6698134,6.3798513,0,0.6239407,1.1967,2.1941016,0.43583575,0.11226447,1.6811665,6.3798513,0,0.6307189
A549,4,DAC,4,4,15,2,0.11121261119842529,0.0033855377696454525,0.12073937803506851,0.0025252944324165583,0.10167744010686874,0.0006312569021247327,0.1870868057012558,0.0312377717345953,0.12157893925905228,0.13437746465206146,0.8213526,1.3161108,1.3106786,927,83504,84431,0.6905992,0.7284615,0.4130004,0.9872057,0.91519505,1.4472907,4.9211125,0,0.4885928,0.9431784,1.3650633,0.6293636,0.019017924,1.4528868,4.9211125,0,0.4909532
A549,4,DAC,4,4,15,3,0.09896662831306458,0.0011017541401088238,0.09896662831306458,0.0011017541401088238,0.08608740568161011,6.7980116000399e-05,0.10693928599357605,0.0657794177532196,0.09262106567621231,0.09682104736566544,0.7121286,1.0543674,1.0525019,800,145951,146751,0.81739044,0.90252244,0.64978683,0.99675655,0.8672966,0.6824729,2.3032904,0.3174279,0.098177195,0.47451076,0.56451213,0.36559248,0.001116541,0.6836127,2.3032904,0.3174279,0.09847086
A549,4,DAC,4,4,15,4,0.12915095686912537,0.0028254680801182985,0.1291775107383728,0.0028226168360561132,0.08562088757753372,0.0005644941702485085,0.1512679159641266,0.034712668508291245,0.10509547591209412,0.11733841896057129,0.7351135,2.3439596,2.3345041,200,33831,34031,0.036303688,0.021300897,-0.37574407,0.9747791,0.69335705,1.3303812,3.7273538,0.30398834,0.36620188,0.7137104,1.1175683,0.51776296,0.01372121,1.3340266,3.7273538,0.30398834,0.36602423
A549,4,DAC,4,4,15,5,0.19621820747852325,0.03808809444308281,0.3276340067386627,0.02054104395210743,0.2924380600452423,0.007729870732873678,0.46082019805908203,0.09820367395877838,0.36722010374069214,0.39629197120666504,0.7393535,0.8736875,0.8719623,1559,119832,121391,0.3593593,-0.07574119,0.15517756,0.9012701,0.7985203,1.6169434,6.079352,0,2.3666172,2.420821,4.175125,0.7494986,0.6322271,1.6064852,6.079352,0,2.3806648
A549,4,DAC,4,4,15,6,0.11406902968883514,0.001188571797683835,0.1140778511762619,0.0011876573553308845,0.10422630608081818,0.00012305076234042645,0.132562056183815,0.08061282336711884,0.11335952579975128,0.1190437525510788,0.78923106,1.1838366,1.1826158,400,128895,129295,0.8201299,0.9289576,0.6697963,0.9963525,0.8855062,0.75003135,2.6971874,0,0.095601045,0.49156678,0.5808873,0.4078793,0.001422883,0.7508334,2.6971874,0,0.09568537
A549,4,DAC,5,4,15,1,0.04746287688612938,0.0030181624460965395,0.0906481221318245,0.0018496490083634853,,,,,,,1.627575,4.74361,4.735461,131,49964,50095,0.955493,0.9361506,0.50782233,0.9540512,0.872056,0.35552266,1.4481273,0,0.14126046,0.26619413,0.49701425,0.13244508,0.010078356,0.35575688,1.4481273,0,0.14158343
A549,4,DAC,5,4,15,2,0.04765952751040459,0.004737431183457375,0.1252901703119278,0.002727683400735259,0.04979425296187401,0.0007794366683810949,0.10320129990577698,0,0.07301110029220581,0.08709246665239334,0.99208635,2.7578375,2.7530937,132,49003,49135,0.99683726,0.02830286,0.54852045,0.9968296,0.9083829,0.61740535,3.3203309,0,0.7059842,0.50176686,0.5929255,0.3761212,0.001543694,0.6177168,3.3203309,0,0.70784557
A549,4,DAC,6,4,15,1,0.2367304563522339,0.010619718581438065,0.2384258210659027,0.01029155682772398,0.18301865458488464,0.001082480070181191,0.2788759469985962,0.07151875644922256,0.21006207168102264,0.2252403050661087,0.48737463,0.7667725,0.76267624,1000,67207,68207,0.41343954,0.5996419,0.3818048,0.9700312,0.8025246,2.1923203,7.8658204,0,1.6491086,1.724792,2.7627194,1.0615417,0.13085066,2.1992767,7.8658204,0,1.6683983
A549,4,DAC,6,4,15,2,0.1399415284395218,0.008040680550038815,0.17976103723049164,0.0031706131994724274,0.1077420711517334,0.0008792506996542215,0.20157010853290558,0.0391518734395504,0.13113264739513397,0.14756664633750916,1.0755168,1.8156445,1.8107011,400,59487,59887,0.8628039,0.85540915,0.48722467,0.9902755,0.91485167,0.9177166,3.0971804,0,0.42022917,0.64465654,0.96148366,0.44945115,0.009553261,0.9195526,3.0971804,0,0.42248586
A549,4,DAC,7,4,15,1,0.11502613127231598,0.0057755401358008385,0.14521090686321259,0.002907978603616357,0.11813600361347198,0.0012836483074352145,0.2351464033126831,0.002038099803030491,0.14660243690013885,0.16279587149620056,1.0976936,0.99964875,1.0023397,1850,65557,67407,0.81374913,0.08398232,0.6331241,0.9615142,0.88703376,1.2310681,4.8757277,0,0.81730276,1.4392707,2.7267122,0.5980088,0.14961997,1.2251928,4.8757277,0,0.83488655
A549,4,DAC,8,4,15,1,0.13518346846103668,0.0476401224732399,0.4663042426109314,0.009927659295499325,0.30322447419166565,0.001662484952248633,0.4074825644493103,0.20939475297927856,0.33610591292381287,0.3575880527496338,0.4613136,0.6515067,0.6461347,1800,61927,63727,0.1680147,0.12377367,0.15035893,0.9291691,0.78435755,1.3269176,9.357783,0,4.788914,4.18997,7.9389763,0,1.3989886,1.2437003,9.357783,0,4.6422644
A549,4,DAC,8,4,15,2,0.14678338170051575,0.005120446439832449,0.1616024523973465,0.0032426011748611927,0.10713712871074677,0.0002280804474139586,0.15539953112602234,0.05649976804852486,0.11895580589771271,0.12606409192085266,0.66633135,0.9463412,0.9447018,400,67918,68318,0.8622497,0.76116383,0.68752474,0.99449784,0.8835894,1.7687726,8.060912,0,1.4811044,1.5130426,1.8222456,1.1411808,0.021575436,1.7702789,8.060912,0,1.4893125
A549,4,DAC,8,4,15,3,0.08200429379940033,0.0012151082046329975,0.08313289284706116,0.0011380078503862023,,,,,,,0.8939835,1.423293,1.4097344,800,30431,31231,0.6998941,-0.19179937,0.50234365,0.9831889,0.9009897,0.20139612,0.618867,0,0.011808185,0.15281612,0.233049,0.08652635,0.000689954,0.20267323,0.618867,0,0.01203679
A549,4,DAC,9,4,15,1,0.21744489669799805,0.009718109853565693,0.24748599529266357,0.0036259694024920464,0.18048420548439026,0.0010547135025262833,0.2914912700653076,0.07000541687011719,0.20640259981155396,0.22206351161003113,0.891436,1.5191153,1.5055711,1343,60896,62239,0.61176723,-0.121417984,0.12857255,0.96995544,0.87753725,1.1570226,3.0163686,0,0.39338243,0.8871695,1.3326205,0.42990968,0.024284465,1.1629739,3.0163686,0,0.39988104
A549,4,DAC,9,4,15,2,0.20436160266399384,0.04624782130122185,0.41514167189598083,0.0064445678144693375,0.3283674418926239,0.0021331741008907557,0.4597139060497284,0.19561749696731567,0.3649791479110718,0.38478949666023254,0.7033285,0.8303017,0.8271919,2015,80256,82271,0.5131998,0.29695025,0.38992363,0.9785706,0.87019414,1.82711,7.250635,0,3.970614,3.3156514,4.583232,1.862418,0.21175933,1.7897372,7.250635,0,4.0079594
A549,4,DAC,9,4,15,3,0.1299603283405304,0.008617408573627472,0.18430683016777039,0.002204584190621972,,,,,,,0.86936575,2.0242705,2.0229537,28,24531,24559,0.7149474,-0.002508514,0.2765339,0.9945047,0.93327546,0.3983586,1.0189501,0,0.08037694,0.31115803,0.37698954,0.2616236,0.000726772,0.39845812,1.0189501,0,0.08045916
A549,4,DAC,9,4,15,4,0.1859462559223175,0.007683425676077604,0.21188709139823914,0.0032587898895144463,0.15456253290176392,0.0007547682616859674,0.24093005061149597,0.08261808007955551,0.1768248826265335,0.1904696524143219,0.84207207,1.7862731,1.7719276,756,49003,49759,0.5537908,-0.14747564,-0.105092905,0.8498951,0.854785,0.93294436,2.281767,0,0.23894371,0.67010057,1.0920174,0.18152611,0.075557604,0.9369994,2.281767,0,0.240382
A549,4,DAC,9,4,15,5,0.1619328111410141,0.012504535727202892,0.2194942831993103,0.0043150498531758785,0.14814572036266327,0.0006221348303370178,0.2144002765417099,0.08587440848350525,0.16832149028778076,0.17977912724018097,0.60526,1.1217746,1.1179698,400,53903,54303,0.45285192,0.19317973,0.2872786,0.99251187,0.8210931,1.8422567,8.686069,0,2.4070122,1.776667,2.33405,1.2844769,0.035108253,1.8427434,8.686069,0,2.4245808
A549,4,DAC,9,4,15,6,0.12937228381633759,0.016085246577858925,0.23783844709396362,0.0037737449165433645,0.20933586359024048,0.0014650918310508132,0.3357352018356323,0.09381154924631119,0.24001826345920563,0.25793612003326416,0.61012506,1.099254,1.0874958,1200,48719,49919,0.16190293,0.22440721,-0.29503113,0.9554414,0.73699766,1.264524,7.952165,0,1.9875858,2.2348156,3.8995516,1.1536072,0.27647063,1.2406251,7.952165,0,2.0059712
A549,4,DAC,0,5,28,1,0.13155412673950195,0.007836220785975456,0.15542957186698914,0.005547442939132452,0.11643162369728088,0.0010025145020335913,0.23074443638324738,0.030962862074375153,0.14147572219371796,0.15808570384979248,1.1356751,1.3130807,1.3117614,752,100366,101118,0.8255308,0.5281762,0.58184224,0.98059946,0.89457196,1.4340185,5.799686,0,0.87959903,1.2984228,1.9108496,0.75605273,0.065191776,1.4350344,5.799686,0,0.88556206
A549,4,DAC,0,5,28,2,0.0640958920121193,0.00592428632080555,0.12316909432411194,0.0041083404794335365,0.08364753425121307,0.001156173413619399,0.1856183260679245,0,0.11087729036808014,0.12753289937973022,0.9197446,1.2244611,1.2213414,1407,136016,137423,0.7797602,0.46667385,0.5021843,0.97974205,0.9042236,0.61101663,3.8485463,0,0.4738652,0.66801995,1.4478375,0.3661351,0.026414873,0.61042696,3.8485463,0,0.47845984
A549,4,DAC,1,5,28,1,0.036873169243335724,0.004267357289791107,0.1131310760974884,0.004465597216039896,0.06964453309774399,0.0025184443220496178,0.29249900579452515,0,0.10833048820495605,0.1388004869222641,1.1437304,1.6574689,1.6518449,1145,103446,104591,0.87166244,0.051663697,0.3960127,0.9053368,0.8521412,0.52871084,4.6982064,0,0.6419738,0.8942948,2.690452,0.3460935,0.21774149,0.5246644,4.6982064,0,0.64517367
A549,4,DAC,10,5,28,1,0.6220831274986267,0.007940911687910557,0.6263247728347778,0.005338364280760288,,,,,,,0.8235402,0.5564762,0.56043446,871,57896,58767,0.63251424,0.80229264,0.83021325,0.96372515,0.92572254,7.216751,12.831739,0,1.5507972,6.9669027,10.920398,0,6.2128778,7.2205095,12.831739,0,1.4797081
A549,4,DAC,10,5,28,2,0.3542135953903198,0.011033900082111359,0.3542135953903198,0.011033900082111359,,,,,,,0.6566659,0.52820027,0.5326014,1372,38675,40047,0.43443358,-0.090816766,0.5618479,0.8155552,0.87354285,7.1288643,16.944263,0,4.748568,5.200399,14.154332,0,10.55101,7.197275,16.944263,0,4.4061236
A549,4,DAC,11,5,28,1,0.019229305908083916,0.001558752148412168,0.07187560945749283,0.0020423447713255882,0.06000368297100067,0.0015324641717597842,0.19276738166809082,0,0.09167220443487167,0.11150117218494415,1.5445416,1.5935023,1.5929598,1384,123559,124943,0.6885061,-0.102382466,0.5383731,0.8963938,0.90424895,0.35807127,2.5777872,0,0.32238302,0.8582626,1.706006,0,0.10478215,0.35246867,2.5777872,0,0.32198656
A549,4,DAC,12,5,28,1,0.09473266452550888,0.014708462171256542,0.19378425180912018,0.010892855934798717,0.15292471647262573,0.0017615025863051414,0.3353317677974701,0.02551700733602047,0.18659217655658722,0.20857957005500793,0.5365614,0.50161964,0.5022226,2888,164471,167359,0.2278192,0.24311581,0.47869784,0.94472915,0.78250885,1.1912003,7.7414703,0,2.0163276,1.8815972,4.836334,1.0790112,0.30452925,1.1790773,7.7414703,0,2.0378683
A549,4,DAC,12,5,28,2,0.08286792039871216,0.012324635870754719,0.19485405087471008,0.007158960681408644,0.13494347035884857,0.0029106931760907173,0.3827226758003235,0.009535993449389935,0.17690695822238922,0.20661155879497528,1.0655758,1.6038221,1.5984412,1418,140421,141839,0.68431735,0.42125,0.34179375,0.9509389,0.8926226,1.0126009,5.672915,0,1.5734171,1.5750084,3.6227708,0.7342823,0.23526639,1.0069216,5.672915,0,1.5837038
A549,4,DAC,13,5,28,1,0.12210589647293091,0.05302232503890991,0.5282980799674988,0.014813491143286228,,,,,,,0.554641,0.44304237,0.44491112,1600,93951,95551,0.39957112,0.33743393,0.5403911,0.936556,0.8693302,1.435926,13.985154,0,7.210522,5.7956614,10.902796,0,3.700691,1.3616798,13.985154,0,6.94109
A549,4,DAC,14,5,28,1,0.24882380664348602,0.017064042389392853,0.28542694449424744,0.009126721881330013,0.15188589692115784,0.0014223827747628093,0.2570500075817108,0.052666813135147095,0.1818733513355255,0.1965464949607849,0.5305444,0.8462173,0.84554964,173,81618,81791,0.80890846,0.6166306,0.6786522,0.98256046,0.89930946,3.0071018,10.495344,0,2.5748138,2.0208275,2.7935238,1.2596132,0.096988104,3.009192,10.495344,0,2.5779996
A549,4,DAC,14,5,28,2,0.15835390985012054,0.019853724166750908,0.2605586051940918,0.006037397310137749,0.19935321807861328,0.005412673112004995,0.4490891098976135,0.037044890224933624,0.2555914521217346,0.3003794252872467,0.7916987,1.4300562,1.417936,668,34515,35183,0.3324902,-0.07840416,-0.23464836,0.9322534,0.8796153,1.565615,5.81087,0,1.8751261,1.9464273,4.1489525,1.0589522,0.3698317,1.5582453,5.81087,0,1.9013981
A549,4,DAC,14,5,28,3,0.2859004735946655,0.03184463083744049,0.3608868718147278,0.013135284185409546,0.2291228473186493,0.002758524613454938,0.36993730068206787,0.09505173563957214,0.27245214581489563,0.29810529947280884,0.9686396,1.251875,1.248767,752,67775,68527,0.7735036,0.6967045,0.5285247,0.956354,0.8886607,2.7324667,8.831408,0,3.0103688,2.7642221,4.8706656,1.5390754,0.5161397,2.7321143,8.831408,0,3.038032
A549,4,DAC,4,5,28,1,0.1343296617269516,0.01922367326915264,0.21454846858978271,0.013492814265191555,0.22347542643547058,0.0017037533689290285,0.35193055868148804,0.08760601282119751,0.2567733824253082,0.27498161792755127,0.49395174,0.37458587,0.37590185,1438,128993,130431,0.41848668,0.42436633,0.57358956,0.93370104,0.81576246,1.4588538,7.3051753,0,1.7973553,2.3545668,4.5921755,1.2922857,0.38122508,1.4488686,7.3051753,0,1.8040984
A549,4,DAC,6,5,28,1,0.07759273052215576,0.006874705199152231,0.13424831628799438,0.004288464318960905,0.09564079344272614,0.001314215362071991,0.21364879608154297,0,0.12447705119848251,0.14339961111545563,1.1771194,1.4362749,1.4317539,1376,77503,78879,0.6987622,0.34137857,0.49254468,0.96066374,0.89145035,0.84452945,4.1444826,0,0.7608129,1.093232,2.122904,0.52203846,0.112557404,0.840114,4.1444826,0,0.7712042
A549,4,DAC,6,5,28,2,0.058591511100530624,0.004675954580307007,0.11061620712280273,0.0030730620492249727,0.08583848923444748,0.001281212898902595,0.19990383088588715,0,0.11450120806694031,0.13325273990631104,0.8238234,1.5104073,1.501369,777,58246,59023,0.4931269,0.32042205,0.10383596,0.9478808,0.8656145,0.57908285,2.933754,0,0.39719093,0.7187327,1.2562336,0.31565812,0.046637714,0.5772199,2.933754,0,0.40160358
A549,4,DAC,7,5,28,1,0.0275826808065176,0.002723191399127245,0.09770351648330688,0.0027950508520007133,0.06538442522287369,0.0011877503711730242,0.1722596436738968,0,0.09278655052185059,0.1112694963812828,1.234107,1.8493142,1.8446943,588,77715,78303,0.86971855,0.8563751,0.5216335,0.97833604,0.89254284,0.37616336,3.445584,0,0.4095968,0.7263198,1.261925,0.38001415,0.02212591,0.37351406,3.445584,0,0.41159377
A549,4,DAC,7,5,28,2,0.11870098859071732,0.014591180719435215,0.21750955283641815,0.005245301406830549,0.2007560282945633,0.0014346488751471043,0.33627617359161377,0.09161991626024246,0.22963891923427582,0.24944524466991425,0.6930998,0.7725573,0.7719714,400,53855,54255,0.7950783,0.46075597,0.5717037,0.99441105,0.93597466,1.1871463,4.7063355,0,1.283464,1.731585,2.2092648,1.1999816,0.024797413,1.1831026,4.7063355,0,1.2905943
A549,4,DAC,7,5,28,3,0.15682591497898102,0.020865000784397125,0.2707115709781647,0.00518683111295104,0.2566688060760498,0.0012166727101430297,0.37086087465286255,0.17463204264640808,0.2841756343841553,0.30158695578575134,1.1021363,0.8410774,0.84376764,800,76831,77631,0.7845768,0.43366134,0.8098177,0.9862639,0.942941,1.6600822,5.387176,0,2.1701686,2.9170556,4.0432997,2.0546489,0.13101067,1.6469942,5.387176,0,2.174778
A549,4,DAC,7,5,28,4,0.25225013494491577,0.04503335431218147,0.37563762068748474,0.02071233280003071,0.27394357323646545,0.0014294575667008758,0.34348052740097046,0.16465730965137482,0.3041398227214813,0.31740516424179077,0.48510703,0.4511537,0.45146012,400,43919,44319,0.56381065,-0.6031455,0.5001533,0.91559637,0.83390516,2.7761567,9.341921,0,5.1446686,3.7579062,6.6945267,2.374887,0.8157933,2.7672155,9.341921,0,5.1752357
A549,4,DAC,8,5,28,1,0.08163824677467346,0.0021131904795765877,0.08328699320554733,0.002018548781052232,0.07675199210643768,0.001641935552470386,0.20559543371200562,0.0008493236382491887,0.10745567083358765,0.1352265179157257,0.7110414,1.0851847,1.075963,1885,74594,76479,0.68353283,0.0385219,0.5443318,0.9319266,0.8420313,0.75033075,2.8390381,0,0.17403002,0.541282,1.9916434,0.22961155,0.073427424,0.7556134,2.8390381,0,0.17544001
A549,4,DAC,8,5,28,2,0.041124679148197174,0.0007714434177614748,0.04476514831185341,0.0006767674931325018,,,,,,,0.7263981,1.4919096,1.4781317,1439,78512,79951,0.5136769,0.73422945,0.47851118,0.98186594,0.8674199,0.3496408,1.3746017,0,0.038738705,0.21030271,0.4261688,0.09777086,0.00170901,0.3521946,1.3746017,0,0.039055027
A549,4,DAC,9,5,28,1,0.036232125014066696,0.002788565820083022,0.08375999331474304,0.002465562429279089,0.0686856210231781,0.0008961826097220182,0.15643319487571716,0,0.09214256703853607,0.10730893164873123,0.72253865,1.1801001,1.17186,1823,99408,101231,0.2368919,0.45333064,0.263791,0.9805121,0.8382572,0.3434282,3.5058408,0,0.24184734,0.51795524,1.1802391,0.23943715,0.015647156,0.34022766,3.5058408,0,0.24542668
A549,4,DAC,9,5,28,2,0.052905358374118805,0.004350042436271906,0.10724760591983795,0.0029901545494794846,0.07030987739562988,0.0006381275597959757,0.12585365772247314,0.01006170641630888,0.09109601378440857,0.10268812626600266,0.69309163,0.83511454,0.83353657,1423,126656,128079,0.31698805,0.36650896,0.29797128,0.9788357,0.8611111,0.40904722,3.0708525,0,0.23143794,0.68078864,1.3640795,0.28544998,0.020681825,0.40599412,3.0708525,0,0.2329668
A549,6,DAC,0,4,15,1,0.08256073296070099,0.0042635113932192326,0.1083810105919838,0.002798466943204403,,,,,,,1.2562714,3.2087224,3.2012067,320,82814,83134,0.8969011,0.89420265,0.45455873,0.9440759,0.8435748,0.487567,2.501875,0,0.1771623,0.2680859,0.44294342,0.13072434,0.007141146,0.48841515,2.501875,0,0.17763242
A549,6,DAC,0,4,15,2,0.025922726839780807,0.0030100326985120773,0.11865506321191788,0.002774542896077037,0.07085703313350677,0.0017537393141537905,0.1643678992986679,0,0.10511019825935364,0.13230116665363312,0.6558418,1.366895,1.3664297,27,41236,41263,0.40366364,-0.04265856,-0.28610536,0.9883089,0.86634564,0.21840261,2.6923356,0,0.21739109,0.75360346,1.001392,0,0.038194988,0.21805218,2.6923356,0,0.21732074
A549,6,DAC,0,4,15,3,0.12391256541013718,0.004910612478852272,0.13374310731887817,0.003985425923019648,0.13592630624771118,0.0009240889339707792,0.2252640426158905,0.08438687026500702,0.1588723510503769,0.17970497906208038,0.8657536,2.1773381,2.158915,914,64157,65071,0.4833653,0.7147423,0.21961518,0.9692313,0.80221665,0.6675646,3.0062754,0,0.2863139,0.32764974,0.76998675,0.12473839,0.009605239,0.6724071,3.0062754,0,0.28858647
A549,6,DAC,0,4,15,4,0.18678812682628632,0.01153127197176218,0.2206917107105255,0.006142056547105312,0.15834997594356537,0.0009577965829521418,0.24491244554519653,0.03779466077685356,0.18264314532279968,0.19744110107421875,0.9050943,1.3646104,1.3582175,400,28351,28751,0.7440633,0.6922462,0.45343387,0.9733954,0.9183875,1.4533936,4.252668,0,0.7155918,1.0937771,1.6855555,0.5218074,0.059866495,1.4584672,4.252668,0,0.72299284
A549,6,DAC,1,4,15,1,0.09366823732852936,0.0028613246977329254,0.10117419064044952,0.0023312040138989687,,,,,,,0.9682448,3.72902,3.7112417,265,40886,41151,0.8680205,0.6131313,0.34949282,0.9834768,0.8760226,0.9038735,2.6937149,0,0.18749939,0.2958379,0.4373672,0.20715003,0.00236229,0.9078143,2.6937149,0,0.18628763
A549,6,DAC,1,4,15,2,0.3321734666824341,0.03345686197280884,0.39694714546203613,0.014269215986132622,,,,,,,0.53001034,1.0062478,1.0000757,1110,84537,85647,0.4061641,0.7336842,-0.13097212,0.9771279,0.7878861,4.3929086,13.4864435,0,7.2031884,4.310222,6.0368843,2.7533946,0.377178,4.3939943,13.4864435,0,7.292725
A549,6,DAC,1,4,15,3,0.16378143429756165,0.004371253307908773,0.16380728781223297,0.0043677082285285,0.09819551557302475,0.0008093792712315917,0.18221066892147064,0.00821525976061821,0.12102971225976944,0.13460029661655426,0.58459324,1.8724879,1.8483212,1070,55953,57023,0.5184255,0.718709,0.12996371,0.92795306,0.79759836,2.095232,7.1566095,0,1.5616761,0.9231676,2.1662288,0.3296637,0.13223663,2.1176453,7.1566095,0,1.5622392
A549,6,DAC,1,4,15,4,0.2229374796152115,0.008552328683435917,0.2301301807165146,0.00717299384996295,0.18761496245861053,0.001783022191375494,0.31244680285453796,0.0646083652973175,0.2230146825313568,0.24238595366477966,0.76139295,0.9155589,0.914018,1000,99047,100047,0.7003265,0.6331439,0.5879156,0.9720314,0.8368442,2.145151,7.778059,0,1.4716458,1.926424,2.869787,1.0471704,0.14552487,2.147359,7.778059,0,1.4845467
A549,6,DAC,10,4,15,1,0.29493439197540283,0.04300231859087944,0.41432487964630127,0.010943367145955563,0.3452984094619751,0.0010185297578573227,0.4160766899585724,0.286509245634079,0.3729677200317383,0.3884279429912567,0.9057963,0.84619904,0.8469024,1941,162538,164479,0.8706762,0.49438557,0.70076174,0.9880799,0.8890017,2.9391847,9.0026655,0,4.554349,3.8654494,5.8299875,2.4369113,0.22199558,2.9281232,9.0026655,0,4.595717
A549,6,DAC,10,4,15,2,0.09697271883487701,0.03224707394838333,0.4010425806045532,0.011416759341955185,,,,,,,0.52121836,0.46653676,0.46684453,904,159735,160639,0.31447122,0.29437816,0.3944758,0.98546946,0.7854412,1.2098503,12.142727,0,5.2505717,4.7067113,7.2334104,0,0.6580272,1.1900606,12.142727,0,5.2069683
A549,6,DAC,11,4,15,1,0.1080840602517128,0.01736920326948166,0.24899335205554962,0.004927970003336668,0.1959974616765976,0.002363760955631733,0.3223804533481598,0.05183107405900955,0.23444049060344696,0.2587032914161682,0.1865818,0.77026266,0.7625225,889,66150,67039,0.2148674,-0.019678086,-0.40797305,0.9169831,0.70978224,0.66417485,5.42157,0,0.8820637,0.92379767,2.0351288,0,0.060609613,0.66068584,5.42157,0,0.8921853
A549,6,DAC,11,4,15,2,0.2160460203886032,0.002730901585891843,0.2171061635017395,0.0025141385849565268,0.1511148065328598,0.0010775231057778,0.2403009682893753,0.06426607072353363,0.17811106145381927,0.19419452548027039,0.6503849,1.063812,1.0568776,1027,60204,61231,0.8558799,0.009453297,0.63096416,0.9617571,0.9206093,2.1199431,8.31847,0,0.4686358,1.4803356,2.2865505,0.79386157,0.12158407,2.1308537,8.31847,0,0.4674583
A549,6,DAC,11,4,15,3,0.31691303849220276,0.008844122290611267,0.31885892152786255,0.008277960121631622,0.2224217653274536,0.0011320265475660563,0.2959795594215393,0.13576650619506836,0.24885953962802887,0.2658572793006897,0.5155688,1.1893369,1.181042,234,18773,19007,0.31817284,-0.22779989,-0.24136034,0.9683834,0.81617767,4.7384295,10.181785,0,4.72711,2.97893,4.532598,1.7648143,0.28503352,4.7603602,10.181785,0,4.7434087
A549,6,DAC,12,4,15,1,0.04179713875055313,0.007260230835527182,0.19834911823272705,0.003401617519557476,0.1482212245464325,0.0012548305094242096,0.2260657399892807,0.07219754904508591,0.17765583097934723,0.1938178390264511,0.64172804,1.361515,1.359585,142,52817,52959,0.528864,-0.1101547,0.15889877,0.99035734,0.8828941,0.4706843,5.023601,0,0.9038782,1.484897,1.9908161,1.040281,0.03263091,0.4679576,5.023601,0,0.9034478
A549,6,DAC,12,4,15,2,0.18697471916675568,0.0052970838733017445,0.19571971893310547,0.00383326830342412,0.1383904069662094,0.0011591658694669604,0.25546795129776,0.049602288752794266,0.16543886065483093,0.18253202736377716,1.0029503,1.5167449,1.5046809,701,29154,29855,0.8005108,0.5058776,0.572595,0.97433245,0.9124761,1.648071,4.3854756,0,0.4587354,1.253996,1.9271166,0.72161514,0.055862643,1.6575463,4.3854756,0,0.46459833
A549,6,DAC,13,4,15,1,0.1045801192522049,0.006777056027203798,0.1345229297876358,0.00468943128362298,0.11502403765916824,0.0013047776883468032,0.23426052927970886,0,0.14385473728179932,0.16183584928512573,1.0829376,1.5390426,1.5320996,1794,116061,117855,0.62944293,0.20874944,0.46018952,0.8928153,0.8475358,0.97998977,4.831067,0,0.5829876,0.7885524,1.7551117,0.1750846,0.092517406,0.9829489,4.831067,0,0.5899938
A549,6,DAC,13,4,15,2,0.07182155549526215,0.005852830596268177,0.11763310432434082,0.00419711833819747,0.06784074753522873,0.0015096531715244055,0.26692095398902893,0,0.09823496639728546,0.1190527155995369,0.7277803,1.3775247,1.3680581,1163,78660,79823,0.55533683,0.49009553,0.34542722,0.9461097,0.82914,1.1618823,7.12596,0,1.5691335,1.0053092,2.7057328,0.42051485,0.13471322,1.1641974,7.12596,0,1.5899736
A549,6,DAC,14,4,15,1,0.3953995108604431,0.02681438997387886,0.429484486579895,0.014486895874142647,0.2888753414154053,0.002534568775445223,0.3920811414718628,0.16688624024391174,0.33000484108924866,0.3508262634277344,0.9234659,1.3339322,1.3265125,1088,59103,60191,0.6318649,-0.2924627,0.16087753,0.9064123,0.85742915,3.4367027,6.890616,0,2.7028737,3.045498,4.57376,1.0993863,0.8446925,3.4439044,6.890616,0,2.7342103
A549,6,DAC,14,4,15,2,0.10608640313148499,0.007180680986493826,0.15722422301769257,0.0026019467040896416,0.08828091621398926,0.0011158460984006524,0.1979004144668579,0.027758769690990448,0.11381273716688156,0.13416875898838043,1.4624919,2.559631,2.5571828,144,64383,64527,0.98093265,0.7536236,0.67008895,0.9569972,0.9450793,1.1233864,3.365788,0,0.7216837,0.9134286,1.4748199,0.5263716,0.08592468,1.123856,3.365788,0,0.72300667
A549,6,DAC,15,4,15,1,0.0370497964322567,0.006042924709618092,0.1806194931268692,0.0035280596930533648,0.1288561075925827,0.0032536189537495375,0.31336697936058044,0,0.17423298954963684,0.2060239017009735,1.2882787,2.3381374,2.3256397,1377,114302,115679,0.91103655,0.21461485,0.38333824,0.9322122,0.9065138,0.361918,3.8061814,0,0.5556653,1.1270438,2.388138,0,0.17251831,0.3527006,3.8061814,0,0.55314356
A549,6,DAC,16,4,15,1,0.31858450174331665,0.03666914626955986,0.4138944745063782,0.008191060274839401,0.3119960427284241,0.0016388430958613753,0.41261085867881775,0.17821936309337616,0.3439660668373108,0.36217695474624634,0.5443554,0.7783412,0.77372396,2164,107499,109663,0.33633515,0.5017332,0.41983327,0.96726525,0.84816206,1.8317734,5.8471246,0,1.6985117,1.75716,2.603018,0.7492721,0.13878213,1.8332752,5.8471246,0,1.7297949
A549,6,DAC,16,4,15,2,0.25482434034347534,0.03859808295965195,0.3946380615234375,0.004599784035235643,0.28750666975975037,0.0015309567097574472,0.4000413417816162,0.14991246163845062,0.31931328773498535,0.3372705578804016,1.0691006,1.6809288,1.6562043,3002,71285,74287,0.6707511,0.09354202,0.32580358,0.94151664,0.88785326,1.5179955,4.4487314,0,1.5912309,1.8820467,3.3057766,0.83113444,0.22504354,1.5026644,4.4487314,0,1.6429474
A549,6,DAC,16,4,15,3,0.1760326623916626,0.0017476320499554276,0.17622852325439453,0.0017150600906461477,,,,,,,0.7881715,0.8673317,0.86526144,800,29791,30591,0.81932336,0.5426411,0.68415105,0.97982144,0.9552665,0.20701985,0.5521178,0,0.002376004,0.20451294,0.28247708,0.11209479,0.00100994,0.20708717,0.5521178,0,0.002412513
A549,6,DAC,17,4,15,1,0.46501296758651733,0.05132487043738365,0.5617711544036865,0.007648361846804619,0.43780064582824707,0.0008470486500300467,0.5171731114387512,0.3687328100204468,0.4613781273365021,0.4765908420085907,0.7145154,1.0498235,1.0456266,1354,106821,108175,0.12845585,0.05463461,0.12577583,0.9837329,0.8331697,3.0051005,7.052741,0,2.7033992,3.237691,4.2268977,2.1483607,0.110369354,3.002152,7.052741,0,2.735572
A549,6,DAC,17,4,15,2,0.36499297618865967,0.1418352574110031,0.7511126399040222,0.001860963529907167,,,,,,,1.1256602,1.0080565,1.0101111,400,22495,22895,0.8488753,0.10094647,0.78667593,0.9939512,0.95790315,2.7316227,7.6331334,0,8.004901,5.613407,6.3324866,4.8993,0.06196827,2.680382,7.6331334,0,7.9958444
A549,6,DAC,17,4,15,3,0.4943695366382599,0.014789611101150513,0.5129438638687134,0.005817681550979614,0.365675687789917,0.001123092952184379,0.4512192904949188,0.24925881624221802,0.39218130707740784,0.40778088569641113,0.78309697,1.9074098,1.8734984,997,32058,33055,0.55404085,-0.25168347,0.025454357,0.9782392,0.8815696,3.2600694,5.949545,0,1.0109692,2.2101068,3.0014849,1.4963673,0.07046001,3.292722,5.949545,0,1.0048678
A549,6,DAC,17,4,15,4,0.3368847668170929,0.006594729144126177,0.33824095129966736,0.006162569858133793,0.21922002732753754,0.0007031841087155044,0.3147064447402954,0.15118731558322906,0.23987361788749695,0.2543894648551941,0.7744478,1.8919657,1.8671638,941,41458,42399,0.57958376,0.15157107,0.047137395,0.97022647,0.8506462,1.8192997,3.9748478,0,0.4618043,1.0537204,1.6681094,0.6631883,0.034653474,1.8366762,3.9748478,0,0.45789438
A549,6,DAC,17,4,15,5,0.36590784788131714,0.004731017630547285,0.36619246006011963,0.004630470182746649,0.2601860463619232,0.0015374450013041496,0.3651789724826813,0.12815603613853455,0.29093149304389954,0.3053440749645233,0.78964925,1.5704618,1.5581454,1380,86107,87487,0.53298336,0.5788095,0.41233504,0.95727724,0.8708509,2.1392403,5.164077,0,0.5715085,1.4417818,2.321078,0.681969,0.09789221,2.150418,5.164077,0,0.57117784
A549,6,DAC,19,4,15,1,0.0972435399889946,0.029260655865073204,0.3796229362487793,0.007031170651316643,0.25413310527801514,0.002504846081137657,0.41217532753944397,0.17117547988891602,0.2897456884384155,0.32946109771728516,0.6853308,0.60140705,0.6016846,400,120574,120974,0.20675047,-0.21140727,0.4518752,0.9338206,0.74139047,0.70308673,7.7360644,0,1.8524351,2.5331755,4.6951914,1.4884322,0.66456586,0.69701546,7.7360644,0,1.8452282
A549,6,DAC,2,4,15,1,0.12019170075654984,0.028624001890420914,0.31796208024024963,0.012840114533901215,,,,,,,0.87950647,0.65238416,0.6539184,746,109685,110431,0.44616145,0.4237825,0.38889825,0.9867363,0.806179,1.2969029,8.0375,0,3.513533,4.0463667,6.572394,2.8132966,0.26766258,1.2782031,8.0375,0,3.483845
A549,6,DAC,2,4,15,2,0.15265396237373352,0.02529081515967846,0.2886139452457428,0.008575924672186375,0.2270025759935379,0.004186952020972967,0.41991451382637024,0.06536538898944855,0.28098952770233154,0.3119280934333801,0.7807877,1.1380392,1.1324798,1343,84960,86303,0.40361038,-0.29133257,0.17887078,0.8892,0.8140739,1.3042176,5.875149,0,2.0621157,1.9599055,3.7658472,0.6157323,0.49213892,1.2938528,5.875149,0,2.0800295
A549,6,DAC,2,4,15,3,0.11819833517074585,0.0021862259600311518,0.11862384527921677,0.0021436214447021484,0.09424750506877899,0.00045879808021709323,0.1424405872821808,0.035865090787410736,0.11141108721494675,0.12172964960336685,0.77564263,1.6266388,1.6197014,600,72999,73599,0.65593225,0.6768099,0.18151605,0.9729152,0.8606672,0.76898617,3.0324972,0,0.20228693,0.45724285,0.78661585,0.22482795,0.01496865,0.7715485,3.0324972,0,0.20302118
A549,6,DAC,2,4,15,4,0.14222106337547302,0.006969767156988382,0.16585318744182587,0.004208435770124197,0.09549886733293533,0.0009410707862116396,0.21612432599067688,0.01756185106933117,0.11968405544757843,0.13457433879375458,1.0958288,1.8094655,1.793676,1045,46186,47231,0.6065094,0.6170821,0.38572216,0.9735457,0.87417746,1.4034047,4.7691774,0,0.9557751,0.94540495,1.5877802,0.5605828,0.04253394,1.4137672,4.7691774,0,0.9715841
A549,6,DAC,3,4,15,1,0.12134704738855362,0.0034143119119107723,0.13190004229545593,0.0023192972876131535,0.11480628699064255,0.0009407603065483272,0.20921292901039124,0.03441273793578148,0.1397198885679245,0.15470872819423676,1.291851,1.6885511,1.682888,1943,134168,136111,0.83356863,0.029389715,0.5371272,0.9126782,0.89356226,0.6933333,2.5707273,0,0.14956836,0.54528797,1.4323039,0.19126827,0.051180765,0.6954773,2.5707273,0,0.1506712
A549,6,DAC,4,4,15,1,0.14749592542648315,0.004845654126256704,0.16671675443649292,0.002272679004818201,0.12502793967723846,0.0007726749172434211,0.19720929861068726,0.052451614290475845,0.14744499325752258,0.15974967181682587,0.8282726,1.1060178,1.1031791,600,58103,58703,0.6755025,0.54032487,0.31838253,0.9922237,0.894983,0.58842814,1.9869957,0,0.122218564,0.52586037,0.7034047,0.37473762,0.003325148,0.5890743,1.9869957,0,0.123405464
A549,6,DAC,4,4,15,2,0.08729788661003113,0.00896184891462326,0.1761738359928131,0.002428083447739482,0.15107274055480957,0.0016699302941560745,0.2879706621170044,0.058304574340581894,0.18352685868740082,0.20537027716636658,0.97562045,1.3738704,1.3675624,1259,78228,79487,0.63481855,0.4369223,0.3363305,0.9536665,0.9027998,0.34177372,1.6491398,0,0.14743868,0.5079084,1.0693951,0.17928338,0.024066355,0.3391,1.6491398,0,0.14897287
A549,6,DAC,5,4,15,1,0.03913409635424614,0.004360792227089405,0.13180644810199738,0.0024726460687816143,0.10515644401311874,0.0016078136395663023,0.23220184445381165,0,0.13712425529956818,0.15663142502307892,0.816508,1.2680326,1.2616788,1719,120440,122159,0.50187135,0.10626158,0.27387518,0.96146625,0.8715415,0.2867846,2.6433475,0,0.24445276,0.6920764,1.5938832,0,0.038494915,0.28100008,2.6433475,0,0.24501441
A549,6,DAC,6,4,15,1,0.07404939085245132,0.008202782832086086,0.15602071583271027,0.00449388800188899,0.08714371174573898,0.0007020059274509549,0.1615447849035263,0.014739707112312317,0.10800330340862274,0.11931593716144562,0.86428845,2.843751,2.8369563,303,87968,88271,0.9639283,0.91105753,0.38402817,0.9817222,0.83282006,0.7054876,4.3919683,0,0.78658694,0.42099634,0.77003443,0.2685523,0.009543623,0.7064675,4.3919683,0,0.7889835
A549,6,DAC,6,4,15,2,0.021451150998473167,0.002241952810436487,0.10362984240055084,0.0023146390449255705,,,,,,,0.4582213,1.7014624,1.7006115,55,80312,80367,0.8237675,0.13154453,0.4613889,0.98322165,0.93726677,0.21636927,2.0834336,0,0.19726445,0.25593877,0.4036201,0,0.008540401,0.21634217,2.0834336,0,0.19739261
A549,6,DAC,8,4,15,1,0.19786106050014496,0.020566066727042198,0.26192355155944824,0.010445374064147472,0.19761474430561066,0.000984740792773664,0.2943274974822998,0.10777977108955383,0.22203770279884338,0.23890526592731476,0.63901436,0.71511084,0.7142092,663,55288,55951,0.44997472,0.10694528,0.344755,0.95177037,0.8043153,2.2952127,8.893329,0,3.517433,2.6840675,4.1713686,1.2819343,0.4782309,2.2905498,8.893329,0,3.5520427
A549,6,DAC,9,4,15,1,0.11352034658193588,0.03675583004951477,0.4200482964515686,0.007247488480061293,0.3471742570400238,0.001607744488865137,0.4738801121711731,0.22843293845653534,0.3796681761741638,0.3994293212890625,0.48632127,0.6539614,0.6514939,1316,88091,89407,0.28571832,0.6902095,0.4501018,0.9833853,0.83287656,0.8019727,6.5909333,0,1.9495555,2.32139,3.6409013,1.2851509,0.12149167,0.77927446,6.5909333,0,1.9418612
A549,6,DAC,9,4,15,2,0.12775349617004395,0.029895776882767677,0.34276530146598816,0.006512417457997799,0.2723722755908966,0.0034809629432857037,0.40035510063171387,0.10721693187952042,0.3189704716205597,0.33968695998191833,0.8507935,1.2622187,1.2560362,1420,93075,94495,0.33151862,0.14898412,-0.030531425,0.9029119,0.8063105,1.1977693,8.080767,0,3.1207461,3.122666,5.514035,0,1.1067743,1.1684023,8.080767,0,3.0940814
A549,6,DAC,0,5,28,1,0.0663452073931694,0.004187672398984432,0.10255373269319534,0.002759815426543355,0.09128713607788086,0.0017524617724120617,0.2036074548959732,0,0.12424448877573013,0.14612577855587006,0.8022191,1.3605808,1.3531871,800,59615,60415,0.61161095,0.43440858,0.244855,0.9620798,0.8981932,0.5459485,2.295178,0,0.22579265,0.4771419,0.9820881,0.24267481,0.020181904,0.54687184,2.295178,0,0.22848743
A549,6,DAC,0,5,28,2,0.027989016845822334,0.00257727038115263,0.09857498854398727,0.0021189197432249784,,,,,,,0.8498121,1.5167947,1.5123014,400,58975,59375,0.52070665,-0.075886436,0.006054744,0.9765552,0.9109619,0.12577297,1.1543503,0,0.046371672,0.30137852,0.5392563,0,0.00700272,0.12458194,1.1543503,0,0.046428118
A549,6,DAC,0,5,28,3,0.13444508612155914,0.0033521917648613453,0.1359485238790512,0.00318528781645,0.11044885218143463,0.000582334934733808,0.18199922144412994,0.032912831753492355,0.1295435130596161,0.14074042439460754,0.8976818,1.4150676,1.4083177,860,65059,65919,0.63226223,0.57290184,0.21329395,0.9822705,0.86448723,0.9113824,3.5585668,0,0.3377435,0.6730363,0.9734076,0.3789899,0.01518782,0.91453296,3.5585668,0,0.34124643
A549,6,DAC,0,5,28,4,0.09061866253614426,0.0025860629975795746,0.10492922365665436,0.0014928595628589392,,,,,,,0.6475888,0.73894155,0.73634726,1200,41055,42255,0.6608273,0.3698426,0.8081907,0.962556,0.96052533,0.19465919,0.5886517,0,0.011149374,0.21901551,0.49994817,0.08258294,0.004846028,0.1939473,0.5886517,0,0.011315766
A549,6,DAC,1,5,28,1,0.058607231825590134,0.0003535663418006152,0.05869264900684357,0.00034906831569969654,,,,,,,1.845448,4.379544,4.330703,980,49867,50847,0.9534427,-0.38892424,0.53304595,0.90215284,0.90003186,0.3410426,0.8001778,0.060008593,0.010500751,0.1753695,0.40988696,0.060008593,0.0039362,0.34429836,0.8001778,0.07127436,0.010079763
A549,6,DAC,11,5,28,1,0.07420767843723297,0.009919330477714539,0.18400342762470245,0.004392921458929777,0.15186572074890137,0.0014610232319682837,0.2782132029533386,0.036814507097005844,0.18256878852844238,0.20154166221618652,0.5857822,0.7945053,0.7919705,1200,97615,98815,0.47559565,0.58949816,0.3210074,0.97955173,0.82070136,0.7586753,5.9712067,0,1.1962587,1.3780241,2.5577452,0.777343,0.08333931,0.7510616,5.9712067,0,1.2051662
A549,6,DAC,12,5,28,1,0.22644302248954773,0.048583272844552994,0.39341843128204346,0.018716581165790558,0.2790219187736511,0.003210625611245632,0.40582311153411865,0.11545012891292572,0.32406705617904663,0.3474086821079254,0.86743873,0.9569727,0.95562685,1269,83146,84415,0.6677464,0.10035559,0.59460396,0.9450068,0.8623746,2.111012,7.830204,0,4.2527003,3.1972487,4.716499,1.3575947,0.49426377,2.0944338,7.830204,0,4.2917795
A549,6,DAC,13,5,28,1,0.040877535939216614,0.003640866605564952,0.1093674898147583,0.0022505333181470633,,,,,,,0.7735042,2.8366122,2.8239298,497,80350,80847,0.945754,-0.008416712,0.2500167,0.975164,0.8617921,0.29160812,1.9499124,0,0.17002441,0.23225704,0.39293438,0.12640494,0.002647435,0.29197523,1.9499124,0,0.17103776
A549,6,DAC,15,5,28,1,0.16892029345035553,0.014433247968554497,0.22328917682170868,0.0069387671537697315,0.14149944484233856,0.00136011082213372,0.2351970374584198,0.055209700018167496,0.17145220935344696,0.18940263986587524,0.5564953,0.73090744,0.7290193,1738,158805,160543,0.24123469,-0.050022922,0.18715715,0.95021003,0.8298346,1.5295506,6.415251,0,1.4428245,1.5933288,3.4193366,0.6952449,0.20491244,1.5288526,6.415251,0,1.4563277
A549,6,DAC,16,5,28,1,0.19352269172668457,0.0030811300966888666,0.19382460415363312,0.0030274151358753443,0.1780056655406952,0.0007827274966984987,0.27429643273353577,0.07849564403295517,0.20031864941120148,0.2140003889799118,1.0099641,1.6435989,1.6372061,1386,135988,137374,0.61790454,-0.081428096,0.2824877,0.96600664,0.9249865,0.6600341,1.5724146,0,0.04307048,0.4614339,0.91882014,0.19350396,0.00990772,0.66205823,1.5724146,0,0.043002382
A549,6,DAC,16,5,28,2,0.30103886127471924,0.012512676417827606,0.30904334783554077,0.01037166453897953,0.23486104607582092,0.0009883632883429527,0.31220191717147827,0.14991453289985657,0.2603871822357178,0.2748424708843231,0.47414365,0.7389935,0.7347604,614,37801,38415,0.08505914,0.057451308,0.18813242,0.9862746,0.84830314,2.426894,7.7142844,0,1.3749129,1.8903717,2.5199919,1.2445083,0.059793398,2.4356086,7.7142844,0,1.3915224
A549,6,DAC,16,5,28,3,0.2153015285730362,0.021970389410853386,0.2971608340740204,0.005998331122100353,0.2107125073671341,0.0018996010767295957,0.34122854471206665,0.10320425033569336,0.24655956029891968,0.2689271569252014,0.5002603,1.0432492,1.029313,795,30180,30975,0.40308103,-0.049422532,-0.2342187,0.9559253,0.8557333,2.0287979,6.630995,0,2.1350045,1.962622,3.0872724,1.0869021,0.1482175,2.030541,6.630995,0,2.18722
A549,6,DAC,17,5,28,1,0.14409950375556946,0.003008218016475439,0.14428623020648956,0.0029851780273020267,0.10670705884695053,0.0002255641738884151,0.15385766327381134,0.07141672819852829,0.1188310831785202,0.12607215344905853,0.58604723,0.8552253,0.8544427,200,68583,68783,0.5774775,-0.022269614,0.5407646,0.99639595,0.8566585,0.97721547,3.5935214,0,0.2663448,0.73310125,0.8824339,0.605979,0.002842037,0.97792715,3.5935214,0,0.26693892
A549,6,DAC,17,5,28,2,0.04250094294548035,0.00759517028927803,0.1960306167602539,0.00493531534448266,0.11864235252141953,0.0005068973987363279,0.16529154777526855,0.053632739931344986,0.13670526444911957,0.14743459224700928,0.6365833,1.4359416,1.4344634,139,75028,75167,0.5630309,0.10618604,0.061978154,0.9959184,0.82143927,0.28948537,3.5342112,0,0.34779993,0.67228806,0.7867684,0.54341906,0.003200172,0.28877616,3.5342112,0,0.34816635
A549,6,DAC,17,5,28,3,0.13008232414722443,0.002637129742652178,0.13026252388954163,0.0026173091027885675,0.09124159067869186,0.0008468700107187033,0.2272551953792572,0.022544533014297485,0.1133965477347374,0.1305965930223465,0.5546237,1.0079659,0.9981031,1148,51619,52767,0.6143391,0.24121201,0.280161,0.97004896,0.839741,1.4292816,5.8789387,0,0.7215432,0.92697364,1.5709519,0.47217658,0.042979967,1.4404528,5.8789387,0,0.73089814
A549,6,DAC,18,5,28,1,0.10654442757368088,0.0017353452276438475,0.10657443106174469,0.00173263531178236,0.09317940473556519,0.0005476599326357245,0.16898033022880554,0.02829384058713913,0.11176411807537079,0.12348972260951996,0.9770897,1.58946,1.5828295,1461,133466,134927,0.3776292,0.05831504,0.52125823,0.8831982,0.8098198,0.7940412,3.038376,0.19063553,0.16499871,0.5928557,1.1465689,0.19063553,0.040522307,0.7962435,3.038376,0.21254839,0.16591337
A549,6,DAC,18,5,28,2,0.07479240000247955,0.0006961428443901241,0.07485305517911911,0.0006921673775650561,,,,,,,1.1008712,2.5822163,2.566566,678,63497,64175,0.6298828,0.36340818,0.34668902,0.9784378,0.8541472,0.4956185,1.4826226,0.14823411,0.04324612,0.31418604,0.45022726,0.16397041,0.001666528,0.49755576,1.4826226,0.14823411,0.043334853
A549,6,DAC,18,5,28,3,0.07117784023284912,0.0006012865924276412,0.0713026374578476,0.0005934421787969768,,,,,,,0.6000749,0.80500656,0.80219704,1637,117770,119407,0.50695854,0.52033186,0.59755135,0.96568006,0.89761204,0.40117353,1.3978249,0,0.031311546,0.3233556,0.5997302,0.14971413,0.005935826,0.40225518,1.3978249,0,0.031578925
A549,6,DAC,19,5,28,1,0.40227726101875305,0.010783915407955647,0.40489915013313293,0.009792571887373924,0.28626111149787903,0.0017403903184458613,0.39006930589675903,0.17616353929042816,0.3195224106311798,0.33831870555877686,1.2242032,2.3903334,2.3851855,272,61343,61615,0.7772516,0.5122996,0.20219626,0.9689229,0.9098233,3.3809245,6.249249,0,0.7330038,2.2400548,3.328028,1.5659171,0.121102616,3.3859835,6.249249,0,0.72992015
A549,6,DAC,2,5,28,1,0.20734909176826477,0.007886260747909546,0.23143436014652252,0.0032281558960676193,0.2128537893295288,0.0019523405935615301,0.31511491537094116,0.06708286702632904,0.24722346663475037,0.2657439708709717,0.90204215,0.79108006,0.7943134,600,19991,20591,0.8807381,0.42744747,0.8535883,0.9703794,0.9547808,1.337496,2.839134,0,0.30136615,1.4673128,2.0319457,0.71412843,0.077197075,1.3336,2.839134,0,0.307573
A549,6,DAC,2,5,28,2,0.23959238827228546,0.025237366557121277,0.3240443468093872,0.006766903679817915,0.3264853060245514,0.0029383450746536255,0.45018357038497925,0.19386732578277588,0.37135446071624756,0.39317092299461365,0.9329512,0.8052726,0.81003,400,10335,10735,0.51107585,0.4430229,0.599276,0.9647895,0.91637963,1.6835214,4.316163,0,1.2137642,2.3803542,3.4784825,1.3562671,0.1608412,1.6565542,4.316163,0,1.2349932
A549,6,DAC,2,5,28,3,0.22594887018203735,0.008777749724686146,0.22990773618221283,0.008021369576454163,0.17870599031448364,0.0011187212076038122,0.2733251750469208,0.06706243753433228,0.2054140865802765,0.22069719433784485,0.62788707,0.9215607,0.91543126,1800,84439,86239,0.63995665,0.53368074,0.3910299,0.9781382,0.82851267,1.4030447,5.529628,0,0.6694151,1.0940572,1.7196952,0.54661655,0.039361343,1.4096314,5.529628,0,0.68076736
A549,6,DAC,2,5,28,4,0.5460724830627441,0.024009501561522484,0.5716708302497864,0.010501143522560596,,,,,,,0.43644184,0.6667339,0.66155356,641,27854,28495,0.32501727,0.04525294,0.3329221,0.940779,0.8260302,6.165554,11.937476,0,3.6366997,5.57375,8.802419,3.7292008,0.7815301,6.179172,11.937476,0,3.6941578
A549,6,DAC,2,5,28,5,0.2970675230026245,0.009461021982133389,0.2995048463344574,0.008808661252260208,0.19719885289669037,0.002167265862226486,0.32375600934028625,0.07726648449897766,0.23511914908885956,0.2584781348705292,0.799069,1.270732,1.2536268,1533,40738,42271,0.5940266,0.05793802,0.1806423,0.95576435,0.8671708,3.3231409,8.71175,0,1.7329018,2.5337536,4.271239,1.2464348,0.29377022,3.3528457,8.71175,0,1.7627255
A549,6,DAC,3,5,28,1,0.25981032848358154,0.009996701963245869,0.2683420181274414,0.008035564795136452,0.20542846620082855,0.001512237940914929,0.3220333755016327,0.08790760487318039,0.23673969507217407,0.25625860691070557,0.7393156,1.0860547,1.0744643,1966,56849,58815,0.5780127,-0.026610225,0.31722668,0.9564565,0.9051788,2.1227236,4.7650223,0,0.5054338,1.6282578,2.675307,0.989176,0.10372681,2.1398232,4.7650223,0,0.5105781
A549,6,DAC,3,5,28,2,0.4082832634449005,0.012616727501153946,0.4128006398677826,0.010891526006162167,0.30494311451911926,0.002045665169134736,0.41261690855026245,0.1595878005027771,0.33998313546180725,0.3548831641674042,1.214118,2.2646687,2.2479866,2638,163489,166127,0.75821966,0.51640046,0.2836174,0.966014,0.89959216,3.7421951,7.275567,0,1.1578219,2.6383271,3.9586406,1.4276797,0.16657183,3.7600067,7.275567,0,1.1538376
A549,6,DAC,3,5,28,3,0.24179521203041077,0.012503087520599365,0.2762579321861267,0.004764537792652845,0.2012704610824585,0.0017779699992388487,0.3052419424057007,0.08725392818450928,0.23569545149803162,0.25347045063972473,1.0736692,1.2298409,1.2265666,1666,77789,79455,0.7646639,-0.016112994,0.5473166,0.96051073,0.9499879,2.1041346,4.595586,0,0.80784714,1.9532974,2.8661354,0.938596,0.12110159,2.107365,4.595586,0,0.8220573
A549,6,DAC,3,5,28,4,0.38612446188926697,0.03995674103498459,0.45494380593299866,0.015769347548484802,,,,,,,0.44877687,0.8431513,0.83853155,915,77196,78111,0.08128374,0.6450932,0.09257463,0.9890406,0.7731444,6.030312,16.248272,0,11.071658,5.698012,8.887807,4.4076037,0.42424157,6.0342517,16.248272,0,11.196535
A549,6,DAC,3,5,28,5,0.23665688931941986,0.04772462695837021,0.417025089263916,0.008879921399056911,,,,,,,0.77243584,1.0256131,1.0207527,1193,60950,62143,0.38281718,-0.15366492,0.23284936,0.8877127,0.880084,3.99577,13.181758,0,13.715191,6.078508,11.784866,3.2248023,3.11989,3.955004,13.181758,0,13.83601
A549,6,DAC,4,5,28,1,0.42909249663352966,0.05765893682837486,0.5511021614074707,0.006814058404415846,,,,,,,0.8044128,1.0458622,1.0419812,1022,62561,63583,0.6349655,0.21914403,0.54641455,0.95704824,0.93236184,3.9031825,8.010174,0,4.921173,4.23738,5.8102956,2.6334515,0.30101904,3.897723,8.010174,0,4.994793
A549,6,DAC,5,5,28,1,0.11505140364170074,0.011599339544773102,0.18786107003688812,0.005261816084384918,0.139072448015213,0.001738729071803391,0.259822279214859,0,0.17232823371887207,0.19146066904067993,0.61409044,0.7229749,0.721361,1772,117779,119551,0.3072593,-0.06569456,0.45860904,0.95761687,0.8447699,0.72425747,4.010126,0,0.61646277,0.93125236,2.8715706,0.41137755,0.086917,0.7211433,4.010126,0,0.62377536
A549,6,DAC,7,5,28,1,0.06390587240457535,0.0038912855088710785,0.10628892481327057,0.001967178424820304,0.1011573001742363,0.000872835807967931,0.20450417697429657,0,0.12460141628980637,0.1386052817106247,0.89243895,1.0625901,1.0598875,2000,123919,125919,0.80342495,0.620947,0.5784587,0.99012095,0.91151863,0.59919316,3.2593558,0,0.36874044,0.67604077,1.1152436,0.34068185,0.010784735,0.5979529,3.2593558,0,0.37442082
A549,6,DAC,8,5,28,1,0.15106655657291412,0.0020278659649193287,0.15119485557079315,0.0020101896952837706,0.10895373672246933,0.0007211306947283447,0.21145576238632202,0.01685958541929722,0.13018983602523804,0.14335951209068298,1.0395153,1.9193959,1.906734,1221,83626,84847,0.87604254,0.6436138,0.5227917,0.9689825,0.9185482,1.3374568,3.222057,0,0.20341106,0.85217595,1.5650927,0.39731202,0.04061662,1.3445423,3.222057,0,0.20229934
A549,6,DAC,8,5,28,2,0.26132437586784363,0.0011569426860660315,0.26132437586784363,0.0011569426860660315,0.2505577802658081,0.0002005343558266759,0.2922631800174713,0.21438182890415192,0.26199108362197876,0.26918458938598633,0.9680648,0.99265593,0.9923865,200,18055,18255,0.84963864,0.28583175,0.6344293,0.99756736,0.96288115,2.7944639,4.7167525,1.988565,0.16363128,2.5986078,2.9193165,2.3120358,0.012753473,2.7966335,4.7167525,1.988565,0.1648729
A549,6,DAC,9,5,28,1,0.23904867470264435,0.01755029708147049,0.2828928530216217,0.00836600735783577,0.2116663157939911,0.0013825134374201298,0.33407458662986755,0.09472519904375076,0.2421257495880127,0.25992095470428467,0.668053,0.8596562,0.8576622,1625,154518,156143,0.4062005,0.7607696,0.45734963,0.9885433,0.83548075,2.0755892,7.3492556,0,1.8361562,1.7965685,2.4767091,1.1838278,0.065669425,2.0785232,7.3492556,0,1.8539486
A549,2,control,0,1,0,1,0.13675151765346527,0.00827637780457735,0.15188558399677277,0.006893663201481104,0.0719919204711914,0.0010594686027616262,0.160076305270195,0,0.09848697483539581,0.11416726559400558,1.194695234298706,2.7855809,2.7713435,499,55260,55759,0.70931953,-0.106580667,0.16744292,0.9843797087669373,0.8607632,1.1432737,4.449089,0,0.4872344,0.5512294769287109,0.857150137424469,0.3026290833950043,0.009143213741481304,1.1486199,4.449089,0,0.48835784
A549,2,control,0,1,0,2,0.08493977785110474,0.0037558891344815493,0.09335663914680481,0.003342298325151205,0.08710411936044693,0.0008505459991283715,0.1361551582813263,0.03388151153922081,0.11131442338228226,0.12268292158842087,0.6011855602264404,1.0083046,1.0027399,1193,86086,87279,0.6853605,0.021436676383018494,0.3641222,0.9318482279777527,0.8990055,0.47508872,3.2896044,0,0.095869415,0.2996302545070648,0.6847898960113525,0.11480274051427841,0.011838587000966072,0.47752026,3.2896044,0,0.09660138
A549,2,control,1,1,0,1,0.147323876619339,0.0023862156085669994,0.14749163389205933,0.002364190062507987,0.1803322732448578,0.00230225152336061,0.3264499604701996,0.0445760153234005,0.2190631628036499,0.23983241617679596,0.886509895324707,0.8618566,0.86255705,999,34168,35167,0.98784524,0.8659645915031433,0.8409896,0.9836062788963318,0.95828176,0.90602547,2.1643848,0,0.06223949,0.900122880935669,1.3019107580184937,0.5418339967727661,0.021563397720456123,0.90619814,2.1643848,0,0.063427694
A549,2,control,1,1,0,2,0.13254399597644806,0.0031721347477287054,0.13395144045352936,0.003017287002876401,0.16069923341274261,0.0027853529900312424,0.30472829937934875,0.03278447687625885,0.2039540857076645,0.227873757481575,0.9772979021072388,1.0483185,1.0473093,967,67079,68046,0.9693224,0.6700303554534912,0.7753854,0.9496906995773315,0.9496847,0.63285756,1.972073,0,0.038784113,0.5886202454566956,1.2073777914047241,0.27299433946609497,0.032312337309122086,0.63349533,1.972073,0,0.038848784
A549,2,control,10,1,0,1,0.2670253813266754,0.03842270001769066,0.3775331974029541,0.01260347105562687,0.2842575013637543,0.002428743289783597,0.3995056748390198,0.11991693079471588,0.3235810399055481,0.34892380237579346,1.3573812246322632,1.8399154,1.8310372,1005,53618,54623,0.82986665,0.5334648489952087,0.4608319,0.9787850975990295,0.9071395,3.3547869,10.946022,0,5.935354,3.436669111251831,6.20375394821167,2.011728286743164,0.5556438565254211,3.3532522,10.946022,0,6.03606
A549,2,control,10,1,0,2,0.3767450153827667,0.013157596811652184,0.38868460059165955,0.008933858014643192,0.3538559079170227,0.00245330180041492,0.4908958375453949,0.21315625309944153,0.3942590653896332,0.4172587990760803,1.3985601663589478,1.8997521,1.8898239,670,33153,33823,0.94137937,0.5460246205329895,0.6344923,0.9870986342430115,0.94609207,3.5676858,7.6157455,0,1.1391754,2.4698104858398438,4.00993537902832,1.7426179647445679,0.11239522695541382,3.5898726,7.6157455,0,1.1350749
A549,2,control,10,1,0,3,0.3258538246154785,0.018591448664665222,0.35447680950164795,0.010078325867652893,0.2587241530418396,0.003389637917280197,0.4489123523235321,0.10579459369182587,0.30498069524765015,0.3351716697216034,1.0681331157684326,2.0559745,2.0305464,773,29257,30030,0.840324,0.27022767066955566,0.17307627,0.981482744216919,0.9026975,2.7515543,8.053034,0,1.5636584,1.8389252424240112,2.91650652885437,0.9889938235282898,0.07383579760789871,2.7756653,8.053034,0,1.5804328
A549,2,control,10,1,0,4,0.19489441812038422,0.00717548793181777,0.19861993193626404,0.0065726907923817635,0.17403946816921234,0.002489435952156782,0.33084627985954285,0.06794634461402893,0.2140021026134491,0.24420730769634247,0.6351074576377869,1.1559438,1.146856,1000,56311,57311,0.9070589,0.7563236355781555,0.50167346,0.9587985277175903,0.89437884,1.1779183,4.6268563,0,0.36354762,0.6295086741447449,1.2329626083374023,0.37074190378189087,0.018872445449233055,1.187657,4.6268563,0,0.36423278
A549,2,control,10,1,0,5,0.23188909888267517,0.004876669030636549,0.23253391683101654,0.004740285221487284,0.21027939021587372,0.0020092895720154047,0.3359859585762024,0.03663555905222893,0.24597561359405518,0.2657133638858795,0.8651171326637268,1.1857414,1.1789019,1600,73407,75007,0.9658154,0.7691181898117065,0.7419396,0.9847025871276855,0.94284123,1.9088007,5.1346235,0,0.3626966,1.3468512296676636,2.0686659812927246,0.890404462814331,0.037403594702482224,1.9210491,5.1346235,0,0.36275375
A549,2,control,10,1,0,6,0.1946699470281601,0.004882303532212973,0.19678036868572235,0.004519944079220295,0.21801850199699402,0.0021586655639111996,0.3587034046649933,0.0982772707939148,0.25516167283058167,0.2792888879776001,0.8316547274589539,0.9671556,0.9654344,591,45936,46527,0.9429612,0.9049978256225586,0.7449694,0.9923945069313049,0.93992674,2.5449202,9.886367,0,1.129535,2.005140781402588,2.5919578075408936,1.6192052364349365,0.027813829481601715,2.5518646,9.886367,0,1.1399125
A549,2,control,11,1,0,1,0.12516088783740997,0.00801102351397276,0.16040079295635223,0.004614074248820543,0.142116516828537,0.002028558636084199,0.2963889539241791,0.01600843295454979,0.17812693119049072,0.20062987506389618,0.6916707158088684,0.8017845,0.79848397,1737,56214,57951,0.89316267,0.12554730474948883,0.7730518,0.9513952136039734,0.96249354,0.82248795,3.7773025,0,0.26562974,0.7876526117324829,1.3540253639221191,0.19141285121440887,0.046533893793821335,0.82356423,3.7773025,0,0.272361
A549,2,control,12,1,0,1,0.12344083189964294,0.014209055341780186,0.2012023627758026,0.0075142462737858295,0.1631021797657013,0.0019102400401607156,0.3178042471408844,0.03779593110084534,0.19813038408756256,0.220966175198555,0.804202139377594,1.2163311,1.2097071,2000,122431,124431,0.95706916,0.40217629075050354,0.65504044,0.9723875522613525,0.8994126,0.90870047,5.655017,0,0.85445917,0.6886587738990784,1.319449543952942,0.3593202829360962,0.025246087461709976,0.91229504,5.655017,0,0.86720103
A549,2,control,12,1,0,2,0.15760064125061035,0.017768580466508865,0.23567615449428558,0.00817061960697174,0.16328780353069305,0.0029566127341240644,0.32505595684051514,0.009474382735788822,0.20571035146713257,0.2315710484981537,1.0076205730438232,1.3247275,1.3197675,712,44807,45519,0.72751665,-0.096314803,0.26632324,0.9739052057266235,0.90170723,1.3823379,6.3300743,0,1.3932152,1.4752013683319092,2.3712480068206787,0.6182899475097656,0.09652477502822876,1.3808624,6.3300743,0,1.4136802
A549,2,control,12,1,0,3,0.08335719257593155,0.009648346342146397,0.16346344351768494,0.005825961008667946,0.13722097873687744,0.0030679984483867884,0.31056734919548035,0,0.1809900403022766,0.20866931974887848,0.648542582988739,0.618492,0.618731,1091,136076,137167,0.985503,0.6565118432044983,0.85058326,0.9820169806480408,0.9463029,0.48934415,3.7438426,0,0.31100443,0.7480493187904358,1.2167729139328003,0.3687029480934143,0.017050746828317642,0.48727003,3.7438426,0,0.3128203
A549,2,control,13,1,0,1,0.09342455863952637,0.004546741489320993,0.11319562792778015,0.0032709522638469934,0.16038823127746582,0.0011834054021164775,0.2640534043312073,0.05797576531767845,0.18813078105449677,0.2044227123260498,0.8286312222480774,0.7283489,0.72941905,1000,92710,93710,0.8150097,0.7688176035881042,0.8616213,0.968467652797699,0.95853233,0.47656092,2.0637138,0,0.067115,0.5880008339881897,1.0127683877944946,0.30101487040519714,0.019141731783747673,0.47535887,2.0637138,0,0.06749705
A549,2,control,13,1,0,2,0.07369635254144669,0.006687141954898834,0.1297842413187027,0.00449718302115798,,,,,,,0.937535285949707,1.101198,1.099486,243,22988,23231,0.77151984,0.16345062851905823,0.74576277,0.9777398705482483,0.9672761,0.24254245,1.2420022,0,0.05038433,0.3451697826385498,0.5319606065750122,0,0.006567039992660284,0.24145761,1.2420022,0,0.050734986
A549,2,control,13,1,0,3,0.1830829679965973,0.013481689617037773,0.22481673955917358,0.007172387093305588,0.17818450927734375,0.0034059768076986074,0.4316214621067047,0.044562309980392456,0.22180309891700745,0.25445809960365295,0.7611041069030762,0.7711343,0.77082545,2509,78978,81487,0.84288716,0.5450327396392822,0.7296368,0.9741814732551575,0.9583166,1.3790392,4.6598015,0,0.58003855,1.4353246688842773,2.754821300506592,0.7069433331489563,0.07447100430727005,1.3772511,4.6598015,0,0.5959955
A549,2,control,13,1,0,4,0.11806315183639526,0.008102469146251678,0.1531018316745758,0.005142626818269491,0.1316368728876114,0.0025450331158936024,0.3169662356376648,0.011174356564879417,0.17147786915302277,0.19832615554332733,0.9470550417900085,1.1488321,1.1473699,400,54798,55198,0.89715177,0.6382052898406982,0.7237114,0.9830339550971985,0.9484686,1.3337364,5.560421,0,0.78248245,1.1822673082351685,2.1579816341400146,0.7601173520088196,0.04976905882358551,1.3348421,5.560421,0,0.7876621
A549,2,control,13,1,0,5,0.2560473680496216,0.00983149092644453,0.26535308361053467,0.007719496265053749,0.2028522938489914,0.002171347849071026,0.3210473358631134,0.06933104246854782,0.23946882784366608,0.2630423307418823,1.0407118797302246,1.3258598,1.3239812,251,37844,38095,0.8381366,0.459477961063385,0.5091124,0.9911253452301025,0.93578184,2.0080643,5.8392086,0,0.4912888,1.5291783809661865,2.1658670902252197,1.1467264890670776,0.03287142887711525,2.0112402,5.8392086,0,0.4927981
A549,2,control,13,1,0,6,0.26503413915634155,0.010542084462940693,0.27494382858276367,0.008211645297706127,0.24486295878887177,0.003607128979638219,0.4413854777812958,0.07105933874845505,0.2928222715854645,0.3232317268848419,1.1254805326461792,1.2441767,1.242112,666,37621,38287,0.79801786,0.04214702546596527,0.47013453,0.9782857298851013,0.9316033,2.6583402,7.117051,0,0.922298,2.3205504417419434,3.626265525817871,1.3951936960220337,0.18641316890716553,2.6643198,7.117051,0,0.93326926
A549,2,control,14,1,0,1,0.30427682399749756,0.0112110935151577,0.3151746988296509,0.00817788578569889,0.3284285068511963,0.0030724387615919113,0.4410390555858612,0.2146955132484436,0.37596428394317627,0.40155062079429626,1.2193869352340698,1.3745263,1.374049,92,29810,29902,0.9045205,0.21846795082092285,0.73696434,0.9858742356300354,0.94815356,3.2883046,9.386537,0,1.1746798,2.754689931869507,3.6623148918151855,1.8263994455337524,0.24465177953243256,3.2899513,9.386537,0,1.1766684
A549,2,control,14,1,0,2,0.3548246920108795,0.010846838355064392,0.3614327311515808,0.008660474792122841,0.32527363300323486,0.002726585604250431,0.45429253578186035,0.19677400588989258,0.3676236569881439,0.394578754901886,1.0999915599822998,1.4495171,1.4485143,180,62555,62735,0.94215107,0.44494718313217163,0.5130519,0.9914329051971436,0.9090422,4.562459,14.243976,0,2.6631575,3.2530269622802734,4.1949543952941895,2.4982659816741943,0.10256507992744446,4.5662274,14.243976,0,2.6655772
A549,2,control,14,1,0,3,0.15086540579795837,0.01555781438946724,0.22288104891777039,0.0069334241561591625,0.25069814920425415,0.002607781207188964,0.3828584849834442,0.09693145751953125,0.29228946566581726,0.3161676824092865,0.8193492889404297,0.673358,0.67465997,600,66679,67279,0.97651714,0.6717547178268433,0.7981371,0.9758687019348145,0.9357718,0.77068406,4.475216,0,0.41933224,0.9849625825881958,1.478995680809021,0.5914765000343323,0.034312933683395386,0.768756,4.475216,0,0.42237982
A549,2,control,14,1,0,4,0.13578495383262634,0.017898110672831535,0.23926673829555511,0.00677852425724268,0.23533067107200623,0.003759173909202218,0.4508189857006073,0.07798968255519867,0.28376105427742004,0.31726208329200745,0.9657609462738037,0.7207688,0.72241044,482,71453,71935,0.92058337,-0.030267656,0.73611635,0.964224100112915,0.93060714,0.5564784,3.010174,0,0.31203333,0.996665358543396,1.7733657360076904,0.5188030004501343,0.05835975706577301,0.553509,3.010174,0,0.31242868
A549,2,control,14,1,0,5,0.18546195328235626,0.00801797304302454,0.20558153092861176,0.004751583095639944,0.2635229825973511,0.004935701843351126,0.4335436522960663,0.11956940591335297,0.3215486705303192,0.36054855585098267,0.8112772107124329,0.54195815,0.54455703,436,44747,45183,0.7230161,0.9699311256408691,0.92767406,0.9874724745750427,0.95761245,1.0821228,3.1725733,0,0.24861264,1.440794825553894,2.024810552597046,0.9727714657783508,0.05033944174647331,1.0786282,3.1725733,0,0.24927884
A549,2,control,15,1,0,1,0.16398032009601593,0.03145943582057953,0.3178975582122803,0.012058369815349579,0.30557864904403687,0.003913565538823605,0.5340691208839417,0.15142498910427094,0.3550378680229187,0.38828784227371216,0.9386444091796875,0.9018428,0.9021439,525,63666,64191,0.61103827,0.45916855335235596,0.45583013,0.9866600632667542,0.9016443,1.8206439,9.15111,0,3.7565992,2.964068651199341,6.006113052368164,1.8046061992645264,0.3341132700443268,1.8112153,9.15111,0,3.7739513
A549,2,control,15,1,0,2,0.2622518837451935,0.025561967864632607,0.33079227805137634,0.0095700453966856,0.2701181173324585,0.005481544882059097,0.4994085729122162,0.03501717746257782,0.3281000554561615,0.3636673092842102,0.7951252460479736,0.90953207,0.9087153,395,54932,55327,0.9363485,0.88135826587677,0.65240604,0.9810958504676819,0.943929,2.3060622,7.1205897,0,1.8878331,2.055928945541382,3.824045181274414,1.1483105421066284,0.1093895211815834,2.3078606,7.1205897,0,1.9001682
A549,2,control,15,1,0,3,0.3139437735080719,0.022444356232881546,0.35255205631256104,0.011593096889555454,0.3301670253276825,0.005292829126119614,0.5093172788619995,0.058310847729444504,0.38820576667785645,0.4182964563369751,0.8745647668838501,1.0180345,1.0167342,667,72932,73599,0.84541476,0.8324795365333557,0.56464106,0.9857257008552551,0.91674626,3.0410697,9.006531,0,2.2976022,2.29754900932312,3.705281972885132,1.4824641942977905,0.12380795925855637,3.0478694,9.006531,0,2.3123806
A549,2,control,15,1,0,4,0.20143559575080872,0.023563580587506294,0.281931608915329,0.010285484604537487,0.2905561327934265,0.00609931955114007,0.5005324482917786,0.03380507975816727,0.3533307611942291,0.38726115226745605,0.8326532244682312,0.7441427,0.7453128,629,46954,47583,0.85965496,0.7857971787452698,0.72893935,0.9825890064239502,0.9432934,1.7763351,8.974728,0,1.6518978,2.0870468616485596,3.4508132934570312,1.2357388734817505,0.13811901211738586,1.7721728,8.974728,0,1.6708655
A549,2,control,15,1,0,5,0.22242876887321472,0.03955717757344246,0.372805655002594,0.010239150375127792,0.26756981015205383,0.0030553864780813456,0.4372878968715668,0.08886072039604187,0.3126307427883148,0.33831554651260376,0.9029191136360168,1.7437769,1.7291979,577,32702,33279,0.86580575,0.2023339867591858,0.34296596,0.9875932335853577,0.91877824,2.3172805,9.153027,0,4.317569,2.3013269901275635,3.401252269744873,1.5252166986465454,0.10520194470882416,2.317562,9.153027,0,4.3918853
A549,2,control,16,1,0,1,0.2435024380683899,0.03243422508239746,0.34795573353767395,0.010002149268984795,0.3598921597003937,0.004270625300705433,0.5183677077293396,0.17748333513736725,0.413021981716156,0.4452229142189026,0.9348499774932861,0.7776347,0.77843434,388,75899,76287,0.7424957,0.9479245543479919,0.8042549,0.9903383851051331,0.93016803,2.0596924,7.5554075,0,2.3363929,2.2627604007720947,3.2653074264526367,1.4063949584960938,0.11313914507627487,2.0586545,7.5554075,0,2.3475463
A549,2,control,16,1,0,2,0.15694838762283325,0.03012949600815773,0.31093156337738037,0.011811519972980022,0.25412219762802124,0.010678848251700401,0.48253726959228516,0,0.3398359417915344,0.38792383670806885,0.9860594868659973,1.190334,1.1892251,222,40672,40894,0.92006665,0.7364223599433899,0.58940357,0.9885749816894531,0.9320152,2.2951114,10.953662,0,6.1571565,3.0752782821655273,5.154619216918945,2.0431811809539795,0.24187350273132324,2.290853,10.953662,0,6.186102
A549,2,control,17,1,0,1,0.22499684989452362,0.030698642134666443,0.3248036503791809,0.011898700147867203,0.3006766140460968,0.002987172454595566,0.4364616572856903,0.16016283631324768,0.345670223236084,0.368776798248291,0.9269430041313171,1.3192981,1.3182652,161,60990,61151,0.9468303,0.735215961933136,0.612996,0.9865431189537048,0.9366726,3.5102828,12.969164,0,6.958584,2.524610757827759,3.931116819381714,1.6002583503723145,0.19420789182186127,3.5128849,12.969164,0,6.9738693
A549,2,control,17,1,0,2,0.25943219661712646,0.011695627123117447,0.27209463715553284,0.008821090683341026,0.3362337350845337,0.0028390237130224705,0.44144207239151,0.19488626718521118,0.3796173334121704,0.40070098638534546,1.0152934789657593,0.97694725,0.97713643,259,52236,52495,0.92879355,0.9290164709091187,0.8806063,0.9939374327659607,0.9626189,2.838955,8.328737,0,1.0970553,2.1386771202087402,3.031022548675537,1.3911052942276,0.11595816910266876,2.8424273,8.328737,0,1.0994762
A549,2,control,17,1,0,3,0.15879961848258972,0.004675007425248623,0.16436581313610077,0.003923983313143253,0.16406039893627167,0.002067197347059846,0.3283112347126007,0.03403526172041893,0.20064887404441833,0.2238042950630188,0.8670824766159058,0.8428227,0.84334004,1276,58579,59855,0.87189347,0.6623256206512451,0.7615596,0.9793026447296143,0.9574995,0.9521556,2.5872536,0,0.113159984,0.9402614831924438,1.5283927917480469,0.5269036293029785,0.02415711246430874,0.95241475,2.5872536,0,0.115095526
A549,2,control,17,1,0,4,0.16946499049663544,0.018273381516337395,0.24627052247524261,0.007640373893082142,0.23128633201122284,0.00502178305760026,0.46318379044532776,0.06251484155654907,0.28766846656799316,0.3284732401371002,0.7339940667152405,0.72399634,0.7241053,836,75915,76751,0.9964277,0.5967694520950317,0.80884504,0.9724123477935791,0.95058775,1.2534982,5.077438,0,0.96370625,1.280041217803955,2.231964588165283,0.8025115132331848,0.06285413354635239,1.2532059,5.077438,0,0.97361875
A549,2,control,18,1,0,1,0.1478835940361023,0.01980755664408207,0.24786432087421417,0.008417335338890553,0.24506549537181854,0.004760047420859337,0.5018365383148193,0.03860921040177345,0.30039942264556885,0.33435195684432983,1.0867977142333984,1.1368693,1.1357152,1400,59335,60735,0.94328815,0.31399476528167725,0.72986954,0.9778177738189697,0.9388888,2.029588,9.609734,0,3.6575656,2.5964837074279785,5.410416126251221,1.620173454284668,0.2901536226272583,2.0162125,9.609734,0,3.729256
A549,2,control,19,1,0,1,0.2378329634666443,0.01905602402985096,0.2906278073787689,0.00794247817248106,0.3006041646003723,0.002695004688575864,0.44380927085876465,0.14868830144405365,0.342130571603775,0.3676791787147522,1.0933868885040283,1.1932498,1.1910613,709,31642,32351,0.9586626,0.23290343582630157,0.80509484,0.9867106080055237,0.9622733,2.2864246,7.3130264,0,1.6549821,1.9778889417648315,3.121539831161499,1.3058602809906006,0.07248926162719727,2.2933378,7.3130264,0,1.6882592
A549,2,control,19,1,0,2,0.23831616342067719,0.017343910411000252,0.28089770674705505,0.008481808006763458,0.3293282091617584,0.000967176107224077,0.40088653564453125,0.2652912437915802,0.3551979959011078,0.3698495030403137,1.0079883337020874,1.0196496,1.019625,93,43906,43999,0.99917394,0.410199910402298,0.8532136,0.9948598742485046,0.95485747,2.413295,7.0783467,0,1.6434293,1.8138030767440796,2.121748924255371,1.3729153871536255,0.02189396508038044,2.4145646,7.0783467,0,1.6461011
A549,2,control,19,1,0,3,0.30440232157707214,0.017306078225374222,0.3370342254638672,0.008163213729858398,0.34971892833709717,0.0037644149269908667,0.5024411082267761,0.17944787442684174,0.39991673827171326,0.4257711172103882,0.8014298677444458,0.7465702,0.74723285,769,62894,63663,0.96513474,0.8779079914093018,0.8671313,0.9827752709388733,0.9561558,2.051977,5.8365984,0,0.84328926,1.8018549680709839,2.8747127056121826,1.1734408140182495,0.07236383855342865,2.055035,5.8365984,0,0.8519409
A549,2,control,19,1,0,4,0.319794237613678,0.015167251229286194,0.34707653522491455,0.006992157548666,0.3304106593132019,0.00331519590690732,0.4929976463317871,0.1312430053949356,0.37675806879997253,0.40128421783447266,1.1422630548477173,1.2138246,1.2123615,1201,57534,58735,0.8609714,0.6963484287261963,0.8130206,0.9888784885406494,0.9477473,3.5951211,10.034762,0,2.1291542,3.119363307952881,5.045206546783447,2.1873087882995605,0.20655851066112518,3.605052,10.034762,0,2.1644635
A549,2,control,2,1,0,1,0.11050106585025787,0.0069143990986049175,0.1335853487253189,0.00527513213455677,0.16325178742408752,0.0045094965025782585,0.40456655621528625,0,0.22049562633037567,0.25096991658210754,0.7781288027763367,0.7683743,0.768525,714,45493,46207,0.6822253,0.45484620332717896,0.7568145,0.9189839959144592,0.9428467,1.109256,4.2415576,0,0.37633926,1.0844776630401611,2.065519094467163,0.4600619673728943,0.13855625689029694,1.1096448,4.2415576,0,0.38006136
A549,2,control,2,1,0,2,0.20579713582992554,0.007850493304431438,0.21235167980194092,0.006708658766001463,0.19366902112960815,0.0030129188671708107,0.38956865668296814,0.0356256403028965,0.23654063045978546,0.26549941301345825,0.7220814824104309,0.9813616,0.9764301,1339,69060,70399,0.8046316,0.7858613729476929,0.55745876,0.9765140414237976,0.9187045,1.5664064,5.6002607,0,0.48265353,1.1406952142715454,2.4503207206726074,0.5825936794281006,0.04929909110069275,1.5746602,5.6002607,0,0.4874737
A549,2,control,2,1,0,3,0.36749863624572754,0.033778827637434006,0.42074429988861084,0.016270115971565247,0.2943783402442932,0.006394867319613695,0.44740167260169983,0.06748536229133606,0.35887977480888367,0.3860769271850586,0.9321348667144775,1.0568097,1.0560153,575,89680,90255,0.634584,0.04169374331831932,0.41745046,0.9242133498191833,0.89398175,3.4793427,10.91814,0,3.1186714,3.284730911254883,6.318535327911377,1.1664005517959595,1.2492214441299438,3.4805906,10.91814,0,3.1304133
A549,2,control,2,1,0,4,0.16196922957897186,0.011039248667657375,0.19268064200878143,0.007214935030788183,0.14832095801830292,0.0041431221179664135,0.3722798228263855,0,0.1984703689813614,0.23491764068603516,0.9333024621009827,1.1529459,1.1496116,945,61310,62255,0.8335739,0.3896700143814087,0.5019791,0.9652947783470154,0.93459594,1.1531535,4.3635306,0,0.43454903,0.9991421103477478,1.8178021907806396,0.5243646502494812,0.06577916443347931,1.1555272,4.3635306,0,0.4398617
A549,2,control,2,1,0,5,0.08710039407014847,0.00897096749395132,0.15440860390663147,0.005510455463081598,0.14223624765872955,0.003008048515766859,0.29783469438552856,0,0.186459019780159,0.21295146644115448,0.7785877585411072,0.60716295,0.6098664,1656,103351,105007,0.8374571,0.5673152208328247,0.7458737,0.9746043086051941,0.9443546,0.45915723,3.1361468,0,0.21735877,0.7417013049125671,1.6009340286254883,0,0.03058421052992344,0.45463005,3.1361468,0,0.21905184
A549,2,control,3,1,0,1,0.2504022419452667,0.009617934003472328,0.2606448531150818,0.007341667078435421,0.23516854643821716,0.001868760446086526,0.3667725920677185,0.1131245493888855,0.2690904140472412,0.2933649718761444,0.9194679260253906,1.1971962,1.1950234,525,66577,67102,0.9703128,0.225092351436615,0.64945716,0.9571971893310547,0.910208,2.214894,8.178566,0,0.9677497,1.6134073734283447,2.682114601135254,0.8787676692008972,0.21818889677524567,2.219637,8.178566,0,0.9707849
A549,2,control,3,1,0,2,0.15807725489139557,0.0032293638214468956,0.15844134986400604,0.0031791150104254484,0.15921688079833984,0.0018153985729441047,0.2783885598182678,0.06417131423950195,0.19351036846637726,0.2171676754951477,1.0602129697799683,1.1234618,1.1229162,398,45729,46127,0.83808726,-0.523311853,0.5248821,0.9468136429786682,0.92114764,1.1240715,3.4063187,0,0.1625053,1.0393190383911133,1.6756020784378052,0.5745115876197815,0.07968557626008987,1.1248091,3.4063187,0,0.16316304
A549,2,control,3,1,0,3,0.2154839187860489,0.0167789775878191,0.25709885358810425,0.009320231154561043,0.2102200835943222,0.005782933905720711,0.42920583486557007,0.04961985722184181,0.2742617428302765,0.31473639607429504,0.6665079593658447,0.87703764,0.8738077,921,59110,60031,0.92330253,0.7925634384155273,0.54604167,0.9507603645324707,0.90529317,1.7712027,6.879463,0,1.3706136,1.1893061399459839,2.1148107051849365,0.6175020933151245,0.094455286860466,1.7802691,6.879463,0,1.3851391
A549,2,control,3,1,0,4,0.12397197633981705,0.011792341247200966,0.17803627252578735,0.007309584878385067,0.11067081242799759,0.00260411249473691,0.23956181108951569,0,0.15236346423625946,0.17577031254768372,0.9214521646499634,1.1135074,1.1079599,543,18256,18799,0.7191094,-0.096504778,0.4321016,0.982529878616333,0.9385608,0.9387984,3.5575502,0,0.5110487,1.019802451133728,1.669572114944458,0,0.036278508603572845,0.93638915,3.5575502,0,0.52496827
A549,2,control,4,1,0,1,0.25723108649253845,0.009758648462593555,0.2702213227748871,0.006741229444742203,,,,,,,,1.163486,1.163486,0,17327,17327,0.8625568,,0.7204737,,0.9679468,2.127637,5.002841,0,0.40027067,,,,,2.127637,5.002841,0,0.40027067
A549,2,control,4,1,0,2,0.15446767210960388,0.011345579288899899,0.19159340858459473,0.006959399674087763,0.15719781816005707,0.003522315062582493,0.3674606382846832,0.009103315882384777,0.20535783469676971,0.2361355572938919,0.8576388359069824,0.9994152,0.99714535,883,54268,55151,0.97829115,0.5533286333084106,0.78216845,0.975548505783081,0.9506842,1.2662209,5.131111,0,0.6234241,1.1353222131729126,2.09928560256958,0.6209453344345093,0.05864962562918663,1.2683507,5.131111,0,0.6323301
A549,2,control,4,1,0,3,0.1458672285079956,0.006014979910105467,0.1545162796974182,0.00503521366044879,0.11605308204889297,0.002391451969742775,0.31681549549102783,0,0.15489070117473602,0.1800098866224289,0.7497321963310242,0.93709534,0.9344785,518,36569,37087,0.93666315,0.7895864248275757,0.6724275,0.9798683524131775,0.9502278,2.2445319,7.3282566,0,0.7083358,1.568577527999878,2.345698356628418,0.927901566028595,0.07873418927192688,2.2541065,7.3282566,0,0.71069014
A549,2,control,5,1,0,1,0.26904985308647156,0.012159181758761406,0.2834688127040863,0.008723482489585876,0.26591530442237854,0.00495257880538702,0.47330665588378906,0.06608941406011581,0.32291337847709656,0.3617872893810272,0.9042971730232239,1.105935,1.1037515,605,55266,55871,0.9255853,0.762787938117981,0.7104648,0.9791253209114075,0.93214494,2.849296,8.063014,0,1.301906,2.1307132244110107,3.8725435733795166,1.2285314798355103,0.20326532423496246,2.8571625,8.063014,0,1.3082182
A549,2,control,5,1,0,2,0.11669552326202393,0.006858152337372303,0.14087708294391632,0.004872665274888277,0.12016019970178604,0.0018305008998140693,0.28708726167678833,0,0.1539761871099472,0.17648430168628693,0.8032864928245544,0.8981577,0.8973043,1000,110167,111167,0.9539088,0.7894018292427063,0.78082925,0.9823290109634399,0.95968086,0.63990796,2.9141223,0,0.12766014,0.633544385433197,1.1027864217758179,0.3624163866043091,0.013507083989679813,0.6399657,2.9141223,0,0.12869594
A549,2,control,6,1,0,1,0.17132602632045746,0.010975634679198265,0.20741300284862518,0.00580256013199687,0.2420419454574585,0.005399094428867102,0.40699779987335205,0.061337076127529144,0.3035717308521271,0.3354439437389374,0.6559365391731262,0.47019878,0.4723991,916,76411,77327,0.8872937,0.860188364982605,0.8516705,0.9609324336051941,0.9446289,1.1262138,3.7970457,0,0.39883578,1.3122265338897705,2.127195358276367,0.7032901644706726,0.08694951236248016,1.1239839,3.7970457,0,0.4021548
A549,2,control,7,1,0,1,0.2924330532550812,0.015467945486307144,0.31293800473213196,0.010135763324797153,0.22417299449443817,0.0032217653933912516,0.35125741362571716,0.06134667247533798,0.27152711153030396,0.29581645131111145,0.9501491189002991,1.863287,1.8518146,752,59103,59855,0.9325853,0.5140171051025391,0.4949449,0.9825482964515686,0.89522237,2.4301422,7.746575,0,1.3082222,1.2894943952560425,1.909091591835022,0.7518210411071777,0.04459121823310852,2.4446547,7.746575,0,1.307535
A549,2,control,7,1,0,2,0.25869762897491455,0.04122350364923477,0.3858691155910492,0.012416739016771317,0.3298838436603546,0.00848956685513258,0.5711847543716431,0.08562415093183517,0.4026133418083191,0.43950408697128296,1.1402989625930786,1.6816279,1.6735997,774,51417,52191,0.9787526,0.7702749967575073,0.52810115,0.9716575741767883,0.91714996,6.525437,30.481432,0,27.049316,5.5876784324646,10.569283485412598,2.465273857116699,2.1973321437835693,6.5395527,30.481432,0,27.409979
A549,2,control,8,1,0,1,0.30362385511398315,0.043440625071525574,0.41397517919540405,0.01354631595313549,0.29368120431900024,0.0033340808004140854,0.452909380197525,0.03809819743037224,0.33981430530548096,0.36557289958000183,0.8444207310676575,1.4942669,1.4868937,863,75200,76063,0.9010542,0.484454870223999,0.5019916,0.9766990542411804,0.9052864,3.1032422,10.874313,0,4.8198433,2.3283793926239014,3.8462612628936768,0.9725547432899475,0.1957775056362152,3.1121342,10.874313,0,4.865939
A549,2,control,8,1,0,2,0.14835022389888763,0.01507185772061348,0.20541740953922272,0.009147086180746555,0.16428174078464508,0.004054758232086897,0.3996756672859192,0,0.214811310172081,0.24424132704734802,1.0432522296905518,1.2868034,1.2817254,1261,59218,60479,0.8649846,0.6523063778877258,0.57499206,0.989443302154541,0.94916975,3.3359804,13.987277,0,5.7517133,2.81653094291687,4.499515533447266,1.7533706426620483,0.22110536694526672,3.3470414,13.987277,0,5.8636136
A549,2,control,9,1,0,1,0.22123977541923523,0.0033766604028642178,0.22123977541923523,0.0033766604028642178,0.21636037528514862,0.0017726797377690673,0.35692712664604187,0.11713261902332306,0.24898073077201843,0.2723420560359955,0.8964864611625671,1.1073257,1.1032637,909,46273,47182,0.8636001,0.32810401916503906,0.68843365,0.9696829915046692,0.93690103,0.91824543,2.3489594,0.20803405,0.08368629,0.8134499788284302,1.219002366065979,0.5196498036384583,0.020752154290676117,0.9203039,2.3489594,0.20803405,0.08470257
A549,2,control,9,1,0,2,0.10300308465957642,0.008795392699539661,0.151859849691391,0.0055478704161942005,0.10427803546190262,0.0017587722977623343,0.21287193894386292,0,0.13830356299877167,0.15908034145832062,0.8388088941574097,1.3235731,1.3180827,517,45130,45647,0.8589009,0.6579405665397644,0.6202967,0.9801643490791321,0.9373138,0.6072304,3.057795,0,0.24952371,0.5290819406509399,0.8577821254730225,0.2811167538166046,0.009940765798091888,0.6081257,3.057795,0,0.2521975
A549,2,control,9,1,0,3,0.18232761323451996,0.002907484769821167,0.18256011605262756,0.0028687440790235996,0.19887015223503113,0.004067038185894489,0.42105889320373535,0.06316370517015457,0.24761824309825897,0.29070210456848145,0.6384122967720032,0.51929396,0.52108026,989,64962,65951,0.90359616,0.7452765107154846,0.8646194,0.9479377865791321,0.96828157,0.8230021,2.022411,0,0.024921715,0.8908133506774902,1.7101142406463623,0.5038320422172546,0.0545249842107296,0.82196975,2.022411,0,0.02439996
A549,2,control,0,3,0,1,0.06881534308195114,0.005205256398767233,0.11165519803762436,0.0036624118220061064,0.10545646399259567,0.0022341753356158733,0.2750012278556824,0,0.14331230521202087,0.1682574450969696,0.9455511569976807,1.0046993,1.0042415,867,111116,111983,0.9704615,0.815163254737854,0.6386143,0.9902180433273315,0.910451,0.83516717,4.7306113,0,0.6482413,0.9127300977706909,1.4519647359848022,0.6073757410049438,0.018807608634233475,0.834562,4.7306113,0,0.65310514
A549,2,control,1,3,0,1,0.09810767322778702,0.003904273733496666,0.10840372741222382,0.003197883488610387,0.13842348754405975,0.002368435962125659,0.2634163796901703,0.03613852337002754,0.17857761681079865,0.2032601684331894,0.9710330963134766,0.9701408,0.970144,273,75006,75279,0.7633924,0.923040509223938,0.6676809,0.9890215396881104,0.920275,0.80911607,3.4182682,0,0.19131549,0.7719698548316956,1.193278193473816,0.49043723940849304,0.0169102530926466,0.8092512,3.4182682,0,0.19194523
A549,2,control,1,3,0,2,0.12730756402015686,0.005372790154069662,0.13715481758117676,0.004437775816768408,0.129385307431221,0.002278471365571022,0.2577994167804718,0.04619308561086655,0.1681445837020874,0.19764907658100128,0.9646433591842651,1.1220616,1.1215868,158,52223,52381,0.7900983,0.3439953923225403,0.5285855,0.984769880771637,0.9059119,1.0202341,4.1820164,0,0.30030587,0.8982769250869751,1.2377163171768188,0.5810295939445496,0.0208747498691082,1.0206032,4.1820164,0,0.3011061
A549,2,control,1,3,0,3,0.05839918553829193,0.004505280405282974,0.102012500166893,0.0034207822754979134,0.0782879963517189,0.001951546990312636,0.188029944896698,0,0.1146777868270874,0.13515959680080414,0.7854048013687134,0.89437866,0.8937666,254,44977,45231,0.6742858,0.4737473726272583,0.34006023,0.978035032749176,0.9054539,0.4735983,2.4197934,0,0.20850496,0.6061097979545593,0.9075074791908264,0.2611246705055237,0.014059746637940407,0.47284997,2.4197934,0,0.2095033
A549,2,control,1,3,0,4,0.021018309518694878,0.001815187744796276,0.07631348073482513,0.0023708343505859375,0.048120856285095215,0.0020906596910208464,0.19822679460048676,0,0.08480443060398102,0.11338984966278076,0.7742556929588318,0.91192484,0.9099382,885,60442,61327,0.62635285,-0.009928292,0.22683406,0.9661868214607239,0.94042325,0.29688647,2.189285,0,0.22015429,0.8469852209091187,1.664435863494873,0.2445564568042755,0.05681446194648743,0.28883198,2.189285,0,0.21805027
A549,2,control,1,3,0,5,0.06032576039433479,0.006507227197289467,0.13033968210220337,0.0049339053221046925,0.07038494944572449,0.0021575416903942823,0.20987139642238617,0,0.10762500762939453,0.13357986509799957,0.8620463013648987,1.4435016,1.4405594,284,55843,56127,0.6630911,0.32888245582580566,0.24271902,0.9828328490257263,0.9045674,1.3047514,6.4508786,0,2.1880815,1.5404998064041138,2.1862783432006836,0.8566755652427673,0.08053430169820786,1.3035524,6.4508786,0,2.1985157
A549,2,control,1,3,0,6,0.01880214549601078,0.0023158953990787268,0.10567827522754669,0.0038356713484972715,0.10766340792179108,0.003754766657948494,0.3082134425640106,0,0.15704338252544403,0.1849324107170105,0.9423868656158447,1.081843,1.0810016,136,22407,22543,0.55435073,0.09144359827041626,0.13408127,0.9870260953903198,0.9018506,0.41084254,4.192971,0,0.7680826,2.009207248687744,2.4882988929748535,1.2552807331085205,0.09986330568790436,0.40114164,4.192971,0,0.75653857
A549,2,control,10,3,0,1,0.08540962636470795,0.003331212094053626,0.10339978337287903,0.0021726994309574366,0.09895511716604233,0.0010204699356108904,0.19076953828334808,0.0033758936915546656,0.12464097887277603,0.14043976366519928,1.0185719728469849,1.1246871,1.121929,400,14990,15390,0.97102547,0.34535953402519226,0.8482975,0.9910534620285034,0.97737527,0.6800869,1.6955515,0,0.11262524,0.6721246838569641,0.9049092531204224,0.464883416891098,0.005570088513195515,0.6802993,1.6955515,0,0.115479834
A549,2,control,10,3,0,2,0.04579339921474457,0.002278650877997279,0.07045361399650574,0.0017683269688859582,0.054649870842695236,0.0008354915189556777,0.14557446539402008,0,0.07787587493658066,0.0923764631152153,0.832014799118042,0.9352538,0.9342145,590,58017,58607,0.7750907,0.8834296464920044,0.7244286,0.9901397228240967,0.9472678,0.3011618,1.4578756,0,0.06137639,0.31193727254867554,0.4822826385498047,0.20028170943260193,0.0021961515303701162,0.3010522,1.4578756,0,0.06197701
A549,2,control,10,3,0,3,0.09545072913169861,0.002324952743947506,0.09811125695705414,0.0021287300623953342,0.08599910885095596,0.000858676852658391,0.20579040050506592,0.012380624189972878,0.10892219841480255,0.12456413358449936,0.8246778249740601,1.010463,1.0076193,600,38598,39198,0.8006821,0.5966227650642395,0.39274496,0.9925344586372375,0.9007512,0.7155474,2.6369722,0,0.13626453,0.6185938715934753,0.8700644969940186,0.46143633127212524,0.003923165146261454,0.7170544,2.6369722,0,0.13817328
A549,2,control,10,3,0,4,0.13308613002300262,0.006808300968259573,0.1521172970533371,0.004886912181973457,0.1651981770992279,0.0015995081048458815,0.2834688127040863,0.0036475916858762503,0.19725027680397034,0.21481667459011078,1.0197888612747192,1.1648153,1.162484,741,45354,46095,0.9422956,0.8406888246536255,0.64941597,0.9938094615936279,0.9178049,1.3159581,4.378816,0,0.56555945,1.1770086288452148,1.550595998764038,0.8280854821205139,0.01391572505235672,1.3182284,4.378816,0,0.5742515
A549,2,control,11,3,0,1,0.03960224613547325,0.0050906287506222725,0.14419473707675934,0.00345367263071239,0.1281207799911499,0.0017852032324299216,0.24030563235282898,0.02286919765174389,0.16311003267765045,0.182939812541008,0.9490922689437866,1.4593319,1.4559697,200,30151,30351,0.7328171,-0.165769368,0.16720635,0.9872286915779114,0.9412482,0.4232233,2.612174,0,0.48858452,1.2395200729370117,1.7549184560775757,0.8192158937454224,0.02984323538839817,0.41780874,2.612174,0,0.48717818
A549,2,control,11,3,0,2,0.4234470725059509,0.011391851119697094,0.4302874207496643,0.008632557466626167,,,,,,,,1.4900167,1.4900167,0,80831,80831,0.81874996,,0.6612907,,0.92678285,5.0052943,9.34771,0,1.6113997,,,,,5.0052943,9.34771,0,1.6113997
A549,2,control,12,3,0,1,0.331989049911499,0.00625943299382925,0.33605268597602844,0.004970449022948742,0.39136436581611633,0.004487460013478994,0.4922923445701599,0.24471628665924072,0.4451521039009094,0.4611896872520447,0.8964045643806458,1.0850058,1.0837024,200,28743,28943,0.9986354,0.9817607402801514,0.84764755,0.9931102395057678,0.9577163,3.3763077,6.527613,0,0.8394008,2.31992244720459,2.499729871749878,1.9281795024871826,0.013336815871298313,3.3836582,6.527613,0,0.8373297
A549,2,control,12,3,0,2,0.20585627853870392,0.004172735847532749,0.2087363600730896,0.0036299407947808504,0.30858346819877625,0.0029639312997460365,0.4059445559978485,0.13511277735233307,0.35093817114830017,0.36454343795776367,0.9332985281944275,0.58488375,0.5880028,545,60334,60879,0.85579395,0.9580550193786621,0.96491367,0.9954692721366882,0.9613072,0.9093846,3.0986829,0,0.069779366,1.062981128692627,1.3046404123306274,0.5089098811149597,0.014523501507937908,0.9079972,3.0986829,0,0.07006346
A549,2,control,12,3,0,3,0.0904354378581047,0.02233392745256424,0.3122745454311371,0.007844596169888973,0.290796160697937,0.003146323375403881,0.42739617824554443,0.1068134754896164,0.3352314531803131,0.36050137877464294,0.8546701669692993,1.0903836,1.0888119,491,73140,73631,0.6255766,0.9409996271133423,0.4184825,0.9846500754356384,0.8865163,0.8732891,7.6289363,0,2.1533844,2.137430429458618,2.498868703842163,1.5135806798934937,0.04367952048778534,0.8648029,7.6289363,0,2.156747
A549,2,control,13,3,0,1,0.28617095947265625,0.00549055403098464,0.2867406904697418,0.005338114220649004,0.2740219831466675,0.0034797682892531157,0.410930871963501,0.13138800859451294,0.32342374324798584,0.34578490257263184,0.9305154085159302,1.3932687,1.3847562,611,32604,33215,0.9101426,0.936837911605835,0.7039938,0.9893566966056824,0.9368948,2.2533348,5.1330714,0,0.44357523,1.52647864818573,2.2070298194885254,0.9858155250549316,0.03679202124476433,2.2669556,5.1330714,0,0.44111213
A549,2,control,13,3,0,2,0.2819061577320099,0.05506428703665733,0.46266454458236694,0.006741038523614407,0.2971450984477997,0.0009770485339686275,0.35840505361557007,0.22410325706005096,0.32090482115745544,0.3406977951526642,0.39857393503189087,0.9696834,0.96923846,36,46171,46207,0.84856325,0.41501325368881226,0.66524094,0.9972991943359375,0.9437485,2.6242278,6.805571,0,4.764168,2.3362321853637695,2.491499900817871,2.0169312953948975,0.01424458622932434,2.6244524,6.805571,0,4.767806
A549,2,control,13,3,0,3,0.07660041004419327,0.0105087636038661,0.19191044569015503,0.00419887388125062,0.19071710109710693,0.003004741622135043,0.3807162940502167,0.005278335884213448,0.23442120850086212,0.2612197697162628,1.1273283958435059,1.2870643,1.2847449,1208,81991,83199,0.85395896,0.3228437900543213,0.4827412,0.9820970296859741,0.94258696,0.4770064,2.744564,0,0.3820682,0.9740558862686157,1.528687834739685,0.4306619465351105,0.026573462411761284,0.46968326,2.744564,0,0.38361216
A549,2,control,14,3,0,1,0.039373189210891724,0.006446579936891794,0.17887434363365173,0.004333952907472849,0.19619335234165192,0.0012228606501594186,0.28935909271240234,0.08582716435194016,0.2237565666437149,0.24273613095283508,0.7986428737640381,0.6609787,0.6614385,187,55796,55983,0.8670966,0.9252594709396362,0.6721257,0.9882029891014099,0.91967213,0.22326836,2.2179246,0,0.19016069,0.864166259765625,1.1723624467849731,0.6053110361099243,0.010598083026707172,0.22112043,2.2179246,0,0.18938127
A549,2,control,14,3,0,2,0.014656834304332733,0.0017348998226225376,0.1110232025384903,0.0024426879826933146,0.11369191855192184,0.001679375534877181,0.22311268746852875,0.002276114420965314,0.14670054614543915,0.16742117702960968,0.8060230016708374,0.69577193,0.69638014,600,108151,108751,0.97629946,0.717479944229126,0.6881977,0.9840327501296997,0.94307953,0.07020316,1.3481497,0,0.03478464,0.5376118421554565,0.8281906843185425,0.3240552544593811,0.0074602095410227776,0.06761009,1.3481497,0,0.033717483
A549,2,control,2,3,0,1,0.010297960601747036,0.0009123919880948961,0.07315698266029358,0.0018830806948244572,0.04727882519364357,0.0014577419497072697,0.17690600454807281,0,0.07822075486183167,0.0999574288725853,0.5577589869499207,0.8248217,0.82217246,672,67071,67743,0.37210807,0.3106127381324768,0.1135152,0.98355633020401,0.85633785,0.115523435,2.3390322,0,0.08750212,0.544657289981842,0.9416930675506592,0.2694612741470337,0.012149905785918236,0.11122391,2.3390322,0,0.08639351
A549,2,control,2,3,0,2,0.027219315990805626,0.003511783666908741,0.12619486451148987,0.0037912121042609215,0.09781122952699661,0.0019843841437250376,0.2473403513431549,0,0.1338692456483841,0.1568756401538849,0.6976608633995056,0.8593735,0.857941,1046,117033,118079,0.4867918,0.137008398771286,0.36687303,0.9746820330619812,0.8810803,0.28986618,3.8541048,0,0.34580025,1.0025064945220947,1.7895461320877075,0.48504191637039185,0.06319436430931091,0.2834969,3.8541048,0,0.34374654
A549,2,control,2,3,0,3,0.12431150674819946,0.010761427693068981,0.1745610237121582,0.006339830346405506,0.15287931263446808,0.001381531241349876,0.23480232059955597,0.0481196828186512,0.18317602574825287,0.20051540434360504,0.9429765939712524,1.2805918,1.2792484,380,95123,95503,0.92789525,0.712615966796875,0.4798159,0.9908327460289001,0.87870413,1.202903,4.942019,0,0.9618927,0.9029459357261658,1.1465755701065063,0.564870297908783,0.012055544182658195,1.2041012,4.942019,0,0.96532637
A549,2,control,4,3,0,1,0.17877723276615143,0.01621231995522976,0.24720583856105804,0.005501788575202227,0.21168355643749237,0.001692131976597011,0.37214258313179016,0.1020287498831749,0.24462299048900604,0.26517218351364136,1.2144054174423218,1.8259798,1.8209426,471,56712,57183,0.9259021,0.884830117225647,0.7893973,0.9826780557632446,0.94983584,1.827575,5.4060316,0,1.5917989,1.4752967357635498,2.349557876586914,0.7264949679374695,0.08205730468034744,1.8305006,5.4060316,0,1.6032981
A549,2,control,4,3,0,2,0.03272181749343872,0.0027482996229082346,0.09242446720600128,0.002244729083031416,0.07679348438978195,0.0020053789485245943,0.21428893506526947,0,0.11330069601535797,0.13644418120384216,0.7651185989379883,1.0101978,1.0051829,532,25467,25999,0.6113123,0.47931215167045593,0.17877433,0.9857212901115417,0.9381433,0.22469762,1.2279404,0,0.09669017,0.5241985321044922,0.8094580173492432,0.30590492486953735,0.0074658384546637535,0.21844137,1.2279404,0,0.09664106
A549,2,control,4,3,0,3,0.013322887942194939,0.00162610225379467,0.10552781820297241,0.0031498330645263195,0.11128748208284378,0.0015181645285338163,0.19307135045528412,0.0017286502989009023,0.14172178506851196,0.1626797765493393,1.0215320587158203,0.85923266,0.85955435,65,32734,32799,0.61958104,-0.000520374,0.6005184,0.9946466088294983,0.94687617,0.29347214,3.4603086,0,0.5743101,2.135160207748413,2.470604181289673,1.3293229341506958,0.05200804024934769,0.28981522,3.4603086,0,0.5685988
A549,2,control,4,3,0,4,0.02312198095023632,0.002823241287842393,0.11616050451993942,0.0033760343212634325,0.11175664514303207,0.0026719430461525917,0.27906346321105957,0,0.15283986926078796,0.1790449619293213,1.0396608114242554,1.1950115,1.1934416,356,34875,35231,0.76274925,0.28363192081451416,0.43244216,0.9922814965248108,0.92935115,0.51589376,4.116112,0,1.0563996,2.0852458477020264,2.4960994720458984,1.4174177646636963,0.0697895884513855,0.49987444,4.116112,0,1.0410739
A549,2,control,4,3,0,5,0.14169670641422272,0.0017501480178907514,0.14235317707061768,0.0016648068558424711,0.1919151395559311,0.00046138669131323695,0.24815323948860168,0.14940883219242096,0.20954321324825287,0.22066998481750488,0.9993544816970825,1.2633014,1.2629459,66,48941,49007,1,0.6648244261741638,0.8951391,0.9991741180419922,0.97112155,1.331605,2.6418114,0,0.07540971,0.9028101563453674,0.9711199402809143,0.8112601637840271,0.0014070621691644192,1.3321832,2.6418114,0,0.07526122
A549,2,control,5,3,0,1,0.04773843660950661,0.0041470034047961235,0.1067197248339653,0.0029761996120214462,0.06669364124536514,0.0017421216471120715,0.2040605992078781,0,0.1008121445775032,0.12230559438467026,0.7193753123283386,1.3808318,1.3667504,780,35859,36639,0.72742885,0.4737638533115387,0.19639161,0.9700151681900024,0.92886287,0.73920506,3.041806,0,0.72396225,0.9438931941986084,1.7744923830032349,0.46525853872299194,0.047090496867895126,0.7347529,3.041806,0,0.7377539
A549,2,control,5,3,0,2,0.14577943086624146,0.005445747170597315,0.1643669754266739,0.0030849266331642866,0.14925271272659302,0.0011595181422308087,0.26802676916122437,0.05192630738019943,0.17663739621639252,0.19338278472423553,1.1029828786849976,1.2081405,1.205734,1477,63066,64543,0.89548534,0.5333657264709473,0.809448,0.9885531067848206,0.96548086,1.5621538,3.8253267,0,0.45289612,1.47074294090271,2.1316187381744385,0.9038614630699158,0.041140925139188766,1.5642946,3.8253267,0,0.46233898
A549,2,control,5,3,0,3,0.2621646225452423,0.007952965795993805,0.2756625711917877,0.004641560837626457,0.24555659294128418,0.0008003252441994846,0.30909058451652527,0.18005599081516266,0.26757797598838806,0.2803003787994385,0.6874250173568726,1.0097408,1.0094362,40,42295,42335,0.97183514,0.8024082183837891,0.8440729,0.9975345134735107,0.96369255,3.5303497,7.143825,0,1.1647944,2.3420822620391846,2.498919725418091,2.014763593673706,0.016045738011598587,3.5314739,7.143825,0,1.1645442
A549,2,control,5,3,0,4,0.22753430902957916,0.0020999566186219454,0.227573424577713,0.0020914115011692047,0.20604021847248077,0.0016377681167796254,0.30404478311538696,0.10546466708183289,0.2396196871995926,0.2610216736793518,1.069145917892456,1.4663179,1.4621805,424,40279,40703,0.9979651,0.9868868589401245,0.9154918,0.9966097474098206,0.97429913,2.977802,5.651148,0,0.2375347,2.0440011024475098,2.49918794631958,1.5263519287109375,0.06379202753305435,2.9876318,5.651148,0,0.23008814
A549,2,control,6,3,0,1,0.08277801424264908,0.0025860872119665146,0.09364001452922821,0.0019083117367699742,0.08888125419616699,0.0007854268187656999,0.18139304220676422,0.02902175299823284,0.11076470464468002,0.1263386607170105,1.0656614303588867,1.0573636,1.0575787,400,15038,15438,0.952552,-0.059751969,0.83220506,0.9899152517318726,0.97509456,0.81742454,1.8902122,0,0.10282306,0.7857710123062134,1.052752137184143,0.5473225712776184,0.008411032147705555,0.8182664,1.8902122,0,0.10530666
A549,2,control,6,3,0,2,0.10234680771827698,0.0023144364822655916,0.10494344681501389,0.0021006560418754816,0.09385935962200165,0.000981910852715373,0.21743252873420715,0.023921193554997444,0.11884261667728424,0.13552193343639374,0.9211180210113525,1.0620453,1.0589068,1162,51013,52175,0.726692,0.35644060373306274,0.3813018,0.9759358763694763,0.9056001,0.77004874,2.7931669,0,0.14376922,0.6773364543914795,1.1702016592025757,0.38438764214515686,0.020213885232806206,0.77216053,2.7931669,0,0.14638332
A549,2,control,6,3,0,3,0.14432033896446228,0.006258813198655844,0.15821833908557892,0.004662616644054651,0.16976097226142883,0.002122808713465929,0.3161499500274658,0.05076783150434494,0.2071332484483719,0.2286689579486847,1.0154650211334229,1.0026995,1.0028216,556,57571,58127,0.92156214,0.9323829412460327,0.66934896,0.9917951226234436,0.91660285,1.3469108,4.4832563,0,0.5315941,1.2625572681427002,1.8395969867706299,0.8569179177284241,0.02725977823138237,1.3477253,4.4832563,0,0.5363953
A549,2,control,7,3,0,1,0.11889071017503738,0.004542808514088392,0.13628041744232178,0.0028373897075653076,0.19749024510383606,0.001378207583911717,0.2955798804759979,0.09319674223661423,0.22791701555252075,0.24586263298988342,0.9483803510665894,0.75700057,0.75881934,482,50237,50719,0.9399752,0.9871773719787598,0.9596349,0.9973909258842468,0.9783082,1.1127604,2.677726,0,0.22775854,1.2340106964111328,1.608632206916809,0.9997783899307251,0.009801099076867104,1.1115972,2.677726,0,0.22970727
A549,2,control,7,3,0,2,0.08361227810382843,0.0016531008295714855,0.08574330061674118,0.0015125117497518659,0.09448178857564926,0.0013739891583099961,0.18292522430419922,0.011351349763572216,0.12446765601634979,0.14630143344402313,1.019638180732727,1.0848069,1.0844561,184,33975,34159,0.9456358,0.524980902671814,0.84557253,0.9916296601295471,0.9716416,0.643095,1.4728781,0,0.02377679,0.5911040306091309,0.81447833776474,0.43341124057769775,0.00596222560852766,0.64337665,1.4728781,0,0.023858551
A549,2,control,7,3,0,3,0.12702950835227966,0.002709025051444769,0.13035309314727783,0.0023466618731617928,0.16587106883525848,0.002148872707039118,0.30294495820999146,0.013674409128725529,0.201813742518425,0.22727662324905396,0.8424872756004333,0.5479329,0.5524145,398,25761,26159,0.92665726,0.756251335144043,0.9473707,0.992035984992981,0.97081083,1.6056662,2.952187,0,0.10659406,1.7897740602493286,2.48714017868042,1.378585696220398,0.03144000098109245,1.602822,2.952187,0,0.10722336
A549,2,control,7,3,0,4,0.03465443477034569,0.0023837669286876917,0.07518520206212997,0.002124433871358633,0.05406474694609642,0.0020597553811967373,0.24408558011054993,0,0.089278444647789,0.11571983993053436,1.2624188661575317,1.1723688,1.1735557,399,29872,30271,0.8185367,0.15434668958187103,0.5319029,0.9884228706359863,0.9395826,0.62940675,2.7850358,0,0.43729997,1.2509307861328125,1.9168601036071777,0.811992883682251,0.04967991262674332,0.6211053,2.7850358,0,0.43724874
A549,2,control,8,3,0,1,0.3051598072052002,0.012381978332996368,0.3295331597328186,0.005339120514690876,0.2896656394004822,0.0041527897119522095,0.4272254407405853,0.13471727073192596,0.34302467107772827,0.37353062629699707,0.8980433940887451,1.2074466,1.2047293,393,44358,44751,1,0.9661428928375244,0.85708606,0.9875109195709229,0.9598208,2.3437023,4.9217553,0,0.7200118,1.7155711650848389,2.333580493927002,1.2179079055786133,0.05687529593706131,2.3492675,4.9217553,0,0.7223604
A549,2,control,8,3,0,2,0.247523695230484,0.018065355718135834,0.3028567433357239,0.005345811601728201,0.3232688307762146,0.0015222519868984818,0.38344234228134155,0.1854577660560608,0.35235539078712463,0.3651413917541504,0.8677319884300232,1.2100855,1.209742,54,53737,53791,0.9978681,0.9910404682159424,0.86626285,0.9973075985908508,0.96125245,3.4553454,8.609329,0,3.6778078,2.258906602859497,2.4938242435455322,1.8492785692214966,0.02160249836742878,3.4565475,8.609329,0,3.6800416
A549,2,control,8,3,0,3,0.08329957723617554,0.01100991852581501,0.1944340616464615,0.004090518224984407,0.18703338503837585,0.0024512475356459618,0.3517480492591858,0.07467683404684067,0.2258349061012268,0.2529296278953552,0.8996495604515076,1.1119753,1.1108484,166,31113,31279,0.7486306,0.4032570719718933,0.504438,0.9943897128105164,0.94626427,1.1626874,5.039698,0,1.8971622,2.223909378051758,2.4995346069335938,1.6268317699432373,0.03309449180960655,1.1570255,5.039698,0,1.9010667
A549,2,control,8,3,0,4,0.1264140009880066,0.00707127945497632,0.14819492399692535,0.005061829462647438,0.09872632473707199,0.0014588633785024285,0.24016714096069336,0,0.1280638575553894,0.15041449666023254,0.7578054666519165,1.1305594,1.12583,541,42098,42639,0.8797718,0.866045355796814,0.56399924,0.985410749912262,0.9108997,0.9875321,3.495774,0,0.38529715,0.7028778195381165,1.0286228656768799,0.4576665461063385,0.012043976224958897,0.99119,3.495774,0,0.3890391
A549,2,control,8,3,0,5,0.057437438517808914,0.0029837340116500854,0.08320607990026474,0.002178243827074766,0.07811406999826431,0.0009357357048429549,0.15397784113883972,0.004606469068676233,0.10276322066783905,0.11745668202638626,0.8960586786270142,1.108216,1.1070497,200,36182,36382,0.7595801,0.03563870117068291,0.6226957,0.987809419631958,0.9333386,0.72699445,2.637778,0,0.2754809,0.7137543559074402,0.9737744331359863,0.4999486804008484,0.009453020058572292,0.72706765,2.637778,0,0.27695033
A549,2,control,9,3,0,1,0.196332648396492,0.008988645859062672,0.21854116022586823,0.00515194283798337,,,,,,,,2.219259,2.219259,0,12703,12703,0.8270754,,0.39316335,,0.9126589,3.6528072,7.532799,0,2.2267168,,,,,3.6528072,7.532799,0,2.2267168
A549,2,control,9,3,0,2,0.12828965485095978,0.0018241843208670616,0.12900808453559875,0.001741716987453401,0.11314209550619125,0.0004418794997036457,0.18174979090690613,0.05961325019598007,0.12990570068359375,0.14098681509494781,0.9938786029815674,1.1998252,1.1911616,914,20813,21727,0.85193926,0.19545626640319824,0.6344427,0.9915797710418701,0.9603481,1.9529577,4.0709643,0,0.17674631,1.6950823068618774,2.202148438,1.2438219785690308,0.02751392126083374,1.9642817,4.0709643,0,0.18025109
A549,2,control,9,3,0,3,0.2014865130186081,0.02181466668844223,0.29184621572494507,0.005226640030741692,,,,,,,,0.8888416,0.8888416,0,12127,12127,0.56646806,,0.40109468,,0.9101144,2.9014957,7.48872,0,4.19672,,,,,2.9014957,7.48872,0,4.19672
A549,2,control,9,3,0,4,0.0626867339015007,0.0038215331733226776,0.09675899147987366,0.0026018626522272825,0.0786212906241417,0.0018584297504276037,0.22561000287532806,0,0.11327732354402542,0.13637147843837738,0.9688363671302795,1.2268955,1.2241601,821,76634,77455,0.9174209,0.656283438205719,0.7161133,0.9824039936065674,0.9546606,0.77432984,2.4806345,0,0.3516691,0.7845749855041504,1.3633341789245605,0.44926804304122925,0.018277321010828018,0.77422005,2.4806345,0,0.35523963
A549,2,control,9,3,0,5,0.13379934430122375,0.005180858075618744,0.14353011548519135,0.004160985350608826,0.11045048385858536,0.0018959767185151577,0.2786828577518463,0,0.14497047662734985,0.16579146683216095,0.9306381940841675,1.2601318,1.2551055,1420,91667,93087,0.8205435,0.6934141516685486,0.5207743,0.9776415824890137,0.92342,1.8607757,5.304846,0,0.62835777,1.4019290208816528,2.308029890060425,0.6598418951034546,0.06814789772033691,1.8678837,5.304846,0,0.63372386
A549,2,control,9,3,0,6,0.2533910274505615,0.009967966936528683,0.2700965404510498,0.006113029550760984,0.2812161445617676,0.005775064695626497,0.43850716948509216,0.1306411772966385,0.3435896039009094,0.38062408566474915,0.7068113684654236,0.86414677,0.86357,220,59795,60015,0.86214656,0.9897524118423462,0.901003,0.9835485816001892,0.96412116,2.740109,5.6705866,0,0.91411746,2.0701112747192383,2.4983623027801514,1.5401437282562256,0.04547470808029175,2.7425735,5.6705866,0,0.9156557
