Metadata_cell,Metadata_hour,Metadata_treatment,Metadata_site,Metadata_dish,Metadata_concentration,ObjectNumber,Ed_mean,Ed_variance,Ed_not_zero_mean,Ed_not_zero_variance,Ed_region_mean,Ed_region_variance,Ed_region_max,Ed_region_min,Ed_region_top_50,Ed_region_top_25,Fp_region_ratio_mean,Fp_non_region_ratio_mean,Fp_cell_ratio_mean,Fp_region_pixels,Fp_non_region_pixels,Fp_cell_pixels,Fp_cell_MCC,Fp_region_PCC,Fp_cell_PCC,Fp_region_MOC,Fp_cell_MOC,Rc_cell_mean,Rc_cell_max,Rc_cell_min,Rc_cell_var,Rc_region_mean,Rc_region_max,Rc_region_min,Rc_region_var,Rc_non_region_mean,Rc_non_region_max,Rc_non_region_min,Rc_non_region_var,FRET_Judge,Near_Ed,Ed_diff
A549,4,ALM,0,1,9,1,0.1086720153689384,0.0031255227513611,0.1182237342000007,0.0022710007615387,,,,,,,1.5685899,5.692682,5.6210155,967,54680,55647,0.80172324,0.008737817,0.20418116,0.8561577,0.7424946,0.63477033,2.8424265,0.0,0.21227872,0.21054082,0.630616,0.03410213,0.017680356,0.64227253,2.8424265,0.0,0.21248114,,,
A549,4,ALM,0,1,9,2,0.1268012523651123,0.0050861337222158,0.1461023986339569,0.0030403821729123,,,,,,,1.1398509,3.0234888,2.9964707,1217,83630,84847,0.8396084,-0.22436023,0.35468653,0.94748265,0.8524137,0.47351417,1.9336457,0.0,0.096384965,0.1833068,0.37089893,0.064051114,0.00268309,0.47773725,1.9336457,0.0,0.09650511,,,
A549,4,ALM,1,1,9,1,0.1064846664667129,0.0239970739930868,0.2966169118881225,0.0104482863098382,0.2273791283369064,0.0016449934337288,0.3655145764350891,0.111022338271141,0.2598448395729065,0.2800767123699188,0.59646565,0.5984926,0.59846395,2061,144226,146287,0.6010149,0.23792213,0.5863476,0.97766614,0.84357935,1.180731,8.485772,0.0,2.920834,2.6027508,4.84719,1.5129058,0.22829865,1.1604104,8.485772,0.0,2.930001,ALM,0.24769475054610324,0.07375065325125052
A549,4,ALM,1,1,9,2,0.1467158794403076,0.014411206357181,0.2111727148294448,0.0071309707127511,0.1430689692497253,0.0014917383668944,0.307268351316452,0.0162164736539125,0.1743863970041275,0.1945262104272842,0.8978694,1.4449992,1.4348893,2863,152080,154943,0.8070967,0.3029508,0.4785506,0.96197224,0.8693021,1.533407,6.4054847,0.0,1.635975,1.3079379,3.1362448,0.6264939,0.13073336,1.5376517,6.4054847,0.0,1.6633369,ALM,0.12447190559706835,0.12768557722663315
A549,4,ALM,1,1,9,3,0.0502454377710819,0.0062928958795964,0.1541353613138198,0.0032912837341427,0.1207474470138549,0.0026435086037963,0.3170737624168396,0.0,0.1609455943107605,0.1883047968149185,0.87654895,0.9395472,0.9375024,3621,107930,111551,0.80261844,-0.13698767,0.5532384,0.9469168,0.9230872,0.4877224,3.3039386,0.0,0.54883885,1.1978756,2.607773,0.0,0.13692002,0.46389744,3.3039386,0.0,0.54517126,ALM,0.11399765891043573,0.1285055367533647
A549,4,ALM,10,1,9,1,0.0855564922094345,0.0230203010141849,0.3372065722942352,0.0058725965209305,0.221571460366249,0.0009901656303554,0.3289953470230102,0.1379014402627945,0.2458919882774353,0.2621687650680542,0.7784833,1.4742268,1.4717609,200,56231,56431,0.99455994,0.13497515,0.49164164,0.9950722,0.8992056,1.0039608,6.874967,0.0,3.2177515,2.3327873,2.9291384,1.8967627,0.044024695,0.9992347,6.874967,0.0,3.2227368,ALM,0.22200326222188377,0.08943817840841534
A549,4,ALM,11,1,9,1,0.20009146630764,0.0034781654831022,0.2049919515848159,0.0025587908457964,0.1469457000494003,0.0005070163169875,0.2194978892803192,0.0736751332879066,0.165031298995018,0.1756384819746017,1.2752424,2.6032584,2.5778544,909,46610,47519,0.9798028,-0.15641162,0.7521761,0.9719539,0.94123733,1.5658009,3.8150656,0.0,0.29003328,0.8173674,1.1858757,0.43664303,0.024232138,1.5803968,3.8150656,0.0,0.28407982,control,0.20011674666837076,0.0
A549,4,ALM,11,1,9,2,0.23141710460186,0.005465124733746,0.2380194962024688,0.0040495451539754,0.1661534607410431,0.0008841493399813,0.2594042420387268,0.0776517689228057,0.1903247833251953,0.2044268101453781,0.5452896,0.9069145,0.9029206,1200,107455,108655,0.19015916,0.15845439,0.4827988,0.94877195,0.8424113,3.2098186,9.683933,0.0,1.7794853,1.9510694,4.031315,1.1569176,0.27015007,3.2238758,9.683933,0.0,1.7784489,ALM,0.18567649593312402,0.1084960571925731
A549,4,ALM,11,1,9,3,0.2219336926937103,0.0038152139168232,0.2219678312540054,0.0038082199171185,0.1388659030199051,0.0002982166770379,0.2189918905496597,0.0934215858578682,0.1526378542184829,0.161676675081253,0.6191224,1.8572297,1.8438945,1400,128583,129983,0.92445964,0.3623755,0.38892472,0.98827064,0.8315893,2.3028722,6.309895,0.0,0.65802795,0.9896014,1.4129831,0.71360344,0.016461577,2.317171,6.309895,0.0,0.64603066,ALM,0.09417692693171952,0.12713411262323476
A549,4,ALM,11,1,9,4,0.467795193195343,0.0630411580204963,0.5794728398323059,0.0133769372478127,,,,,,,0.5201024,0.9025838,0.897517,837,62346,63183,0.6085979,-0.037276037,0.41919842,0.86051935,0.8816294,6.8532205,13.737252,0.0,14.258069,6.423278,10.28112,3.2704322,3.406069,6.8589916,13.737252,0.0,14.40124,,,
A549,4,ALM,12,1,9,1,0.0466724038124084,0.0074996901676058,0.1863407790660858,0.0039167939685285,0.1487809866666793,0.0017809992423281,0.2720539271831512,0.0267079528421163,0.1826648265123367,0.2035885751247406,0.7864797,1.3025578,1.2973418,907,88836,89743,0.62045956,0.73840976,0.25075808,0.991729,0.8836631,0.64048165,5.8709455,0.0,1.367221,1.838748,2.601692,1.1563852,0.06857285,0.6282477,5.8709455,0.0,1.3656706,ALM,0.17498725854858876,0.11321954390496736
A549,4,ALM,12,1,9,2,0.0403396040201187,0.0055603687651455,0.1569247990846634,0.0033352416940033,0.1056463941931724,0.0010538081405684,0.2451562732458114,0.0,0.130836620926857,0.1465076655149459,0.6318392,1.3146281,1.3093809,977,126158,127135,0.7442441,0.77058864,0.26629096,0.9918749,0.8229694,0.5063902,6.5561357,0.0,0.8645495,1.1885929,1.8503461,0.8039147,0.03035292,0.5011071,6.5561357,0.0,0.86737746,ALM,0.11311425660357857,0.12853029123077472
A549,4,ALM,13,1,9,1,0.0238206908106803,0.0020948324818164,0.090924322605133,0.0018946897471323,,,,,,,0.36318856,1.0545005,1.0412804,1200,61551,62751,0.6469909,-0.03408923,0.1526672,0.9703518,0.8279764,0.06931467,1.7757455,0.0,0.018486071,0.16013408,0.34338304,0.0,0.001424538,0.06754407,1.7757455,0.0,0.01865476,,,
A549,4,ALM,13,1,9,2,0.0479370094835758,0.0092924125492572,0.2198073267936706,0.0048304847441613,0.1622539311647415,0.0029452643357217,0.3582639396190643,0.0,0.2039128690958023,0.2374793291091919,0.74778634,1.2856982,1.2808666,555,61236,61791,0.79311246,0.92192733,0.39360562,0.98692775,0.86110586,0.42611355,4.8900805,0.0,0.746635,1.1777451,2.5926588,0.0,0.17701308,0.4193014,4.8900805,0.0,0.74663097,ALM,0.1120819091675605,0.12854994406882128
A549,4,ALM,13,1,9,3,0.0618161410093307,0.0058330139145255,0.1339706927537918,0.0029749700333923,0.1174501851201057,0.0017570474883541,0.2531579136848449,0.0316906198859214,0.1502250581979751,0.1710717678070068,1.003177,3.3343818,3.3097126,800,74799,75599,0.5330241,0.7063174,0.16437626,0.9435051,0.77215767,0.46999156,3.6810963,0.0,0.42059726,0.37930787,0.7684177,0.17868473,0.015911186,0.47096148,3.6810963,0.0,0.42483664,control,0.12236000737551826,0.0
A549,4,ALM,14,1,9,1,0.0267065465450286,0.002661945996806,0.1049056872725486,0.0022528250701725,,,,,,,0.67017436,2.0652103,2.0490463,1200,102367,103567,0.38503617,0.5184454,0.110995956,0.98139435,0.7964638,0.116356276,1.8845633,0.0,0.055684533,0.2119826,0.6572873,0.0,0.003807817,0.115235336,1.8845633,0.0,0.056184206,,,
A549,4,ALM,14,1,9,2,0.0330396927893161,0.0042462316341698,0.1409194767475128,0.0029084822162985,0.1099972948431968,0.0011246210196986,0.203125,0.0,0.1367256194353103,0.1529548019170761,0.75426435,0.92858106,0.9268016,400,38783,39183,0.4584279,0.038844302,0.12574573,0.9940715,0.8747259,0.45103127,4.594167,0.0,0.72371614,1.4977658,1.9074864,1.0550674,0.028991077,0.4402357,4.594167,0.0,0.7194646,ALM,0.14253716729526497,0.12427218579035706
A549,4,ALM,15,1,9,1,0.0868866741657257,0.006841184105724,0.1392823010683059,0.0036688712425529,0.0906552672386169,0.0009423742885701,0.2055089473724365,0.0105183785781264,0.1148002818226814,0.1300806105136871,1.2931584,3.0588634,3.0312514,2406,151449,153855,0.7846169,-0.11159961,0.34992808,0.9352494,0.8613514,0.82709223,3.582588,0.0,0.6051317,0.6049408,1.2973549,0.25455567,0.042061266,0.8306214,3.582588,0.0,0.6132803,ALM,0.05757011410818128,0.11014133586874109
A549,4,ALM,16,1,9,1,0.038586001843214,0.0044616861268877,0.1362621486186981,0.0024463839363306,0.100166916847229,0.001148767885752,0.2141574323177337,0.0,0.1268311589956283,0.1451049894094467,0.93852586,1.5116862,1.5048397,723,59804,60527,0.7931165,-0.11363256,0.3432338,0.96199405,0.86718756,0.30549607,2.9667647,0.0,0.2781322,0.70956194,1.3938669,0.36610276,0.040281374,0.30061123,2.9667647,0.0,0.27900997,ALM,0.06752654450257362,0.11715110010704444
A549,4,ALM,17,1,9,1,0.0615494139492511,0.0104656536132097,0.2069639861583709,0.0050958725623786,0.117066316306591,0.0015102106845006,0.269278883934021,0.0289677232503891,0.1457471549510955,0.1685951799154281,0.6759818,2.35319,2.340286,800,103183,103983,0.8846275,0.8548608,0.21527818,0.99008226,0.78225785,0.4117246,4.447378,0.0,0.50403845,0.59115934,1.320781,0.4041198,0.017067961,0.4103334,4.447378,0.0,0.5075625,control,0.16531023306261017,0.0
A549,4,ALM,18,1,9,1,0.1273751407861709,0.0207109414041042,0.2726829051971435,0.0047147520817816,0.2088398933410644,0.0012342585250735,0.3347930014133453,0.1036520823836326,0.2367604970932006,0.2549460530281067,0.83418804,1.0988288,1.09547,1400,108903,110303,0.7873779,0.32325107,0.64167,0.9790077,0.9193049,1.3040187,6.0719705,0.0,2.2487698,1.9656994,3.1747289,1.2395363,0.10964393,1.2955127,6.0719705,0.0,2.2705684,ALM,0.187068782202132,0.10784755457623593
A549,4,ALM,19,1,9,1,0.2647540867328644,0.0082233641296625,0.2710523009300232,0.0067118522711098,0.1567566841840744,0.0016278509283438,0.2724867165088653,0.0308387111872434,0.1898785382509231,0.207349345088005,1.041162,2.6785731,2.6402931,1813,75738,77551,0.86551267,-0.19952267,0.51336217,0.9395409,0.8718001,2.1592624,5.8170238,0.0,0.72598755,1.1101968,2.0079744,0.46009767,0.1068509,2.1843746,5.8170238,0.0,0.7138334,ALM,0.10565357214877509,0.1284380472959606
A549,4,ALM,2,1,9,1,0.0675813257694244,0.0125150019302964,0.2320181727409362,0.0048137889243662,0.1827511638402938,0.0015413964865729,0.2981850802898407,0.050951387733221,0.2142657339572906,0.2335447818040847,0.59022135,0.7953681,0.794117,1051,171300,172351,0.09911406,0.5072273,0.2578471,0.98578006,0.85493076,0.50225586,4.8401403,0.0,0.7085659,1.3597409,2.2541332,0.85088086,0.054522123,0.49699497,4.8401403,0.0,0.70803976,ALM,0.12940181712088378,0.12698795481564745
A549,4,ALM,2,1,9,2,0.161254420876503,0.0011749082477763,0.16140016913414,0.0011524466099217,0.1407627463340759,0.0007264805608429,0.2098456472158432,0.0622173063457012,0.1627272665500641,0.1750299632549286,1.2494255,1.3464714,1.3449523,572,35971,36543,0.952793,0.45697275,0.9292073,0.9822203,0.98107463,1.3328434,2.2281418,0.0,0.04475669,1.1976056,1.566582,0.80182505,0.031608846,1.3349937,2.2281418,0.0,0.044670306,ALM,0.11397196394853333,0.12850635919700515
A549,4,ALM,2,1,9,3,0.0671650692820549,0.0079619316384196,0.1660367250442505,0.0032661233562976,0.1447568833827972,0.0022126082330942,0.3017087876796722,0.0249151084572076,0.1821486055850982,0.2078593075275421,0.9752697,1.6851777,1.6794684,941,116066,117007,0.7999198,0.5560198,0.4721896,0.9793916,0.92597127,0.3583756,2.3203018,0.0,0.22835952,0.4766054,1.0365294,0.24285585,0.0158394,0.35741708,2.3203018,0.0,0.22996823,control,0.1436161768428987,0.0
A549,4,ALM,3,1,9,1,0.0532290562987327,0.0060039623640477,0.1440716534852981,0.0031626946292817,0.1144200786948204,0.0017602675361558,0.2325212806463241,0.0,0.1481476873159408,0.1691935062408447,1.1112683,1.4160362,1.4105773,2552,139927,142479,0.7297345,0.029586457,0.5499966,0.9334683,0.9123456,0.30478767,2.3004725,0.0,0.1992906,0.54340553,1.5917295,0.0,0.05683753,0.30043578,2.3004725,0.0,0.20083125,control,0.15665810064088287,0.0
A549,4,ALM,4,1,9,1,0.0756671428680419,0.0080193905159831,0.1531203091144561,0.0043684146367013,0.0968037098646164,0.0014133502263575,0.2679298818111419,0.0123639684170484,0.125910997390747,0.1458003222942352,0.7788242,1.9270232,1.8922634,1905,61022,62927,0.9547628,-0.27428144,0.42121455,0.9587227,0.8435119,0.53393495,3.497101,0.0,0.4330396,0.45699582,1.0777534,0.23342112,0.02151196,0.53633684,3.497101,0.0,0.44569594,control,0.13956058361793283,0.0
A549,4,ALM,5,1,9,1,0.0439882986247539,0.0058363028801977,0.1466116905212402,0.0044064363464713,0.0927428305149078,0.0020967102609574,0.2425484210252761,0.0,0.1281280219554901,0.1552936434745788,0.91657794,2.5999634,2.5724614,1600,96335,97935,0.9305737,0.18857065,0.50272673,0.96951324,0.83358794,0.34164217,3.4347572,0.0,0.3916777,0.41181526,0.93539673,0.19147955,0.016021602,0.34047672,3.4347572,0.0,0.39783365,control,0.12978766489414065,0.0
A549,4,ALM,7,1,9,1,0.1029322147369384,0.0169587042182683,0.2485864758491516,0.004748448729515,0.1723536849021911,0.0016177933430299,0.3471338152885437,0.0757268220186233,0.2034773230552673,0.225845456123352,0.8869459,1.6757838,1.6662196,800,65183,65983,0.97178406,-0.05639042,0.51548207,0.9843169,0.9127864,0.8107183,4.3885446,0.0,1.0627432,1.2779312,2.2016344,0.8032671,0.070205,0.80498415,4.3885446,0.0,1.0722127,ALM,0.12161627221441346,0.12800162785452077
A549,4,ALM,7,1,9,2,0.0355117842555046,0.0050244601443409,0.1549533456563949,0.0034160329960286,0.110213816165924,0.0022780848667025,0.2907819151878357,0.0,0.1481936424970626,0.1726444065570831,1.0219852,1.5846083,1.5761144,1901,124018,125919,0.68895143,0.29517832,0.4122605,0.94802785,0.8865981,0.45083496,5.2063484,0.0,0.7866906,1.2904143,3.5236177,0.0,0.22001077,0.4379657,5.2063484,0.0,0.7844066,ALM,0.12280424546968707,0.12787823055990624
A549,4,ALM,7,1,9,3,0.1602009385824203,0.0066266409121453,0.1799049973487854,0.0038968340959399,0.0799247249960899,0.0004846919619012,0.1667908132076263,0.0156763792037963,0.0973411127924919,0.1094651147723198,0.99450845,3.1005464,3.0837321,600,74551,75151,0.93410844,0.9067762,0.5002884,0.98761135,0.85791045,1.5754504,4.9120345,0.0,0.6827815,0.6067024,1.1991765,0.40907153,0.019130113,1.5832468,4.9120345,0.0,0.68050903,ALM,0.05773775945961563,0.11027765419931743
A549,4,ALM,8,1,9,1,0.0632812157273292,0.0137339746579527,0.2609224319458008,0.0050591700710356,0.1876679211854934,0.0027921041473746,0.4176781475543976,0.0333342663943767,0.2299268990755081,0.2564700245857239,1.1500211,1.5682935,1.5614654,2421,145882,148303,0.910395,0.0482566,0.5638813,0.9628701,0.8905745,0.59088403,5.0814157,0.0,1.2027812,1.7652764,3.6179154,0.62556916,0.21005744,0.57139444,5.0814157,0.0,1.1959877,ALM,0.16799522164892744,0.11604707986722979
A549,4,ALM,1,2,3,1,0.1273747235536575,0.0218901485204696,0.2799040973186493,0.0054096826352179,0.1935795992612838,0.0033862497657537,0.3464002907276153,0.0093060871586203,0.2409485578536987,0.2658238708972931,1.1118013,1.7995962,1.7902036,1673,120838,122511,0.58993936,0.10404342,0.30374256,0.9409911,0.892053,1.0747116,5.3209887,0.0,1.5807135,1.7181464,2.7546072,0.0,0.19801506,1.0658033,5.3209887,0.0,1.5940456,ALM,0.16351002329907469,0.11774233796126324
A549,4,ALM,10,2,3,1,0.1076307147741317,0.016232268884778,0.2452106922864914,0.0032452433370053,0.2064335942268371,0.0014742901548743,0.3960334658622741,0.0941437482833862,0.236622616648674,0.2556366622447967,0.6114761,0.9132545,0.9091885,800,58575,59375,0.34919268,0.6673521,0.25295633,0.97347814,0.8700011,0.5551256,3.1871834,0.0,0.50905037,0.93434805,1.4688085,0.5280537,0.0339455,0.54994637,3.1871834,0.0,0.5135482,control,0.21492301213703344,0.0
A549,4,ALM,12,2,3,1,0.0941950753331184,0.0071023050695657,0.1521046757698059,0.0026603676378726,0.0973138585686683,0.0007829631795175,0.1866154223680496,0.0194951929152011,0.1200103536248207,0.1330780684947967,1.0941234,1.7724291,1.7667214,400,47135,47535,0.9520311,0.61970496,0.5325872,0.9851816,0.92380846,0.8881645,2.9157965,0.0,0.58807504,0.8775188,1.300954,0.59002477,0.02690833,0.8882549,2.9157965,0.0,0.5928362,ALM,0.08351041531348904,0.12445015041818941
A549,4,ALM,12,2,3,2,0.0293119419366121,0.003542595077306,0.131489560008049,0.0024563316255807,0.1041577756404876,0.0016807381762191,0.2235056608915329,0.0,0.1369836181402206,0.1590155065059662,1.0020427,1.5463665,1.5386021,600,41463,42063,0.7366846,0.006832652,0.27563268,0.9768182,0.91880566,0.34858134,2.884831,0.0,0.44558334,1.2024825,1.9250591,0.67687196,0.07008871,0.33622512,2.884831,0.0,0.4403131,ALM,0.11443608157705862,0.1284905640175874
A549,4,ALM,14,2,3,1,0.0316938981413841,0.0041219666600227,0.1363924890756607,0.0034584959503263,0.0826279670000076,0.001016329973936,0.1593680679798126,0.0,0.1090026721358299,0.1238975971937179,0.7967372,2.9657516,2.9347422,1146,79013,80159,0.8632795,0.5027636,0.3457072,0.97209644,0.7989205,0.31496963,3.936399,0.0,0.4343936,0.43216774,1.075063,0.22715779,0.018071637,0.3132698,3.936399,0.0,0.44022974,ALM,0.041127902276842335,0.09313848798867248
A549,4,ALM,14,2,3,2,0.0526333525776863,0.0060983467847108,0.1468820422887802,0.0031750006601214,0.1037410274147987,0.0017700144089758,0.2695009410381317,0.0,0.1361311376094818,0.1603784710168838,1.2107602,2.05364,2.0293374,2272,76527,78799,0.89293486,0.06390625,0.6077183,0.93832314,0.8994514,0.60428405,4.1052303,0.0,0.7913483,0.9730784,2.4527931,0.0,0.14344306,0.5933351,4.1052303,0.0,0.8064258,ALM,0.09260449042981805,0.126833766645428
A549,4,ALM,14,2,3,3,0.1121433824300766,0.0462768226861953,0.505172848701477,0.0099156517535448,,,,,,,0.775251,0.8902124,0.88862634,1618,115661,117279,0.30086938,-0.02606456,0.1816292,0.96207297,0.8402923,1.6118327,12.190561,0.0,9.684898,7.341647,10.877781,0.0,3.2842846,1.5316778,12.190561,0.0,9.308743,,,
A549,4,ALM,15,2,3,1,0.1877163052558899,0.0119636552408337,0.2277644127607345,0.0053944941610097,0.1568558365106582,0.0017885230481624,0.2765774726867676,0.0219777002930641,0.1912935376167297,0.2095779031515121,1.0375379,1.4262064,1.4155493,3292,116771,120063,0.68348217,0.033223256,0.6023897,0.9448844,0.91723365,2.0473454,7.1598673,0.0,1.3945497,1.7767086,3.1799722,0.7490861,0.23785286,2.054975,7.1598673,0.0,1.425036,ALM,0.16908318440248538,0.11562159260514115
A549,4,ALM,16,2,3,1,0.0997201725840568,0.0036296595353633,0.1116967648267746,0.0027278426568955,0.0570353157818317,0.0008370942668989,0.1690124124288559,0.0,0.0805604085326194,0.0945297703146934,1.0449427,3.028297,2.9892712,1729,86142,87871,0.7828151,0.4795433,0.41348374,0.95759887,0.8489182,1.3526677,5.2460947,0.0,0.7132662,0.5957162,1.3186773,0.18136944,0.02469623,1.3678607,5.2460947,0.0,0.7153554,ALM,0.056692240976459425,0.10941654778707982
A549,4,ALM,17,2,3,1,0.1273539364337921,0.0180651824921369,0.2524251639842987,0.0042354315519332,0.2047524601221084,0.001626300276257,0.3579258620738983,0.0737296119332313,0.2366940826177597,0.2572146356105804,0.80199593,1.179082,1.1733004,2082,133709,135791,0.6148195,0.35343558,0.44837794,0.9666317,0.8929706,0.49165976,2.9465246,0.0,0.329952,0.5935761,1.2688335,0.30701268,0.028212227,0.49007282,2.9465246,0.0,0.3344862,control,0.16573432097992613,0.0
A549,4,ALM,18,2,3,1,0.0469202138483524,0.0078849112614989,0.2023441940546035,0.0025546650867909,0.1556455343961715,0.0017203447641804,0.284811407327652,0.0444937571883201,0.1891656666994094,0.2098265290260315,0.7260422,1.4708424,1.4605476,692,49371,50063,0.5804757,0.5324129,0.29462907,0.936272,0.8773789,0.16864097,1.5618799,0.0,0.12093703,0.46775544,0.9797154,0.20594195,0.025133973,0.16444859,1.5618799,0.0,0.12100821,control,0.14179927271431028,0.0
A549,4,ALM,18,2,3,2,0.0949474945664405,0.0154357645660638,0.2425193190574646,0.0036377327051013,0.1563167572021484,0.0016014481661841,0.3316839337348938,0.0506674610078334,0.1875113695859909,0.210597276687622,0.8401061,2.1076574,2.0817478,1179,56500,57679,0.83933264,0.61955565,0.38914335,0.9815811,0.8552435,0.48771673,3.6555235,0.0,0.43216422,0.7252583,1.2266741,0.4303377,0.019157305,0.48275992,3.6555235,0.0,0.43958032,control,0.18704557450096046,0.0
A549,4,ALM,18,2,3,3,0.1260372400283813,0.0176500771194696,0.2538903951644897,0.0030937704723328,0.1818385273218155,0.0013814946869388,0.3300002515316009,0.0870202109217643,0.21156607568264,0.2306454628705978,0.507144,0.93807477,0.93148357,1390,89489,90879,0.6133177,-0.04621615,0.2883779,0.97257745,0.8666402,0.5995303,3.8200562,0.0,0.51347125,0.8167037,1.6001999,0.45775294,0.038854364,0.5961571,3.8200562,0.0,0.52009916,control,0.2000273021276167,0.0
A549,4,ALM,18,2,3,4,0.1886983811855316,0.0229652151465415,0.2972613275051117,0.0039061242714524,0.2425966411828994,0.0017961201956495,0.3645749390125274,0.1317027509212494,0.2766643166542053,0.2998976707458496,1.144832,1.2528379,1.2513326,400,28303,28703,0.9648502,0.50156605,0.79314667,0.9889546,0.95503885,1.8323294,5.6204267,0.0,2.1740377,2.4132428,3.168865,1.6892613,0.08528426,1.8241199,5.6204267,0.0,2.1987205,ALM,0.22965993261943468,0.08492845779336045
A549,4,ALM,2,2,3,1,0.0591222569346427,0.0057671465910971,0.1319287121295929,0.0032638711854815,0.0811894387006759,0.000479278183775,0.1265886425971985,0.033792857080698,0.0998824387788772,0.1096843928098678,1.1646138,3.910775,3.88607,915,100796,101711,0.9543061,0.09164929,0.3262831,0.9482443,0.79731315,0.4171863,2.683659,0.0,0.3115527,0.33437926,0.76537704,0.15824585,0.01274891,0.41793805,2.683659,0.0,0.31420234,control,0.11149846901836169,0.0
A549,4,ALM,2,2,3,2,0.0407517701387405,0.0073710069991648,0.2025658786296844,0.003861240344122,0.1475363075733184,0.0024221548810601,0.3022159934043884,0.0053201401606202,0.1872403472661972,0.2132234126329422,1.7063057,2.9367423,2.9218237,1647,134192,135839,0.78782386,0.09828092,0.4297945,0.93764615,0.89146966,0.46837714,4.722803,0.0,0.96508217,1.5597154,2.926533,0.0,0.21311371,0.4549828,4.722803,0.0,0.959514,ALM,0.14843269548737267,0.12268791512325525
A549,4,ALM,3,2,3,1,0.0922500342130661,0.0178032144904136,0.2715058326721191,0.0037285631988197,0.1814203560352325,0.001995304133743,0.3401125967502594,0.0622464269399642,0.2171690464019775,0.2414409816265106,0.85893255,1.5854068,1.5712968,2363,119300,121663,0.8336679,-0.119964704,0.24221215,0.95874846,0.90105414,0.8666082,5.164408,0.0,1.5990056,1.722284,3.5933192,0.0,0.24311374,0.8496598,5.164408,0.0,1.6110722,ALM,0.16390378431525018,0.11759737735030198
A549,4,ALM,3,2,3,2,0.1613213866949081,0.0435867793858051,0.4077401757240295,0.0096908519044518,0.258164644241333,0.0009819070110097,0.3586509227752685,0.1657683700323104,0.2835815548896789,0.2981340587139129,0.66463846,1.4977242,1.4873402,1185,93886,95071,0.6698764,0.29450643,0.35317653,0.98266464,0.82337415,1.8270559,10.260454,0.0,6.0305066,2.893364,4.267572,2.0189645,0.17640737,1.8135974,10.260454,0.0,6.089863,ALM,0.27535139907327105,0.05531260447657982
A549,4,ALM,4,2,3,1,0.0728892162442207,0.0073026120662689,0.1539774239063263,0.0029409113340079,0.1242945119738578,0.0005617127171717,0.176126167178154,0.0693745240569114,0.1438165754079818,0.1555161327123642,0.8506532,1.618447,1.6116494,1400,156727,158127,0.94298583,0.31124532,0.5727157,0.9865702,0.902433,0.38893586,2.3763843,0.0,0.22672497,0.38633,0.6286703,0.23519458,0.004575421,0.3889591,2.3763843,0.0,0.22870928,control,0.12399399922032324,0.0
A549,4,ALM,5,2,3,1,0.2032347321510315,0.0209777224808931,0.2779712080955505,0.0079173641279339,0.1614287048578262,0.0013400438474491,0.3316128551959991,0.0705589652061462,0.1897090524435043,0.2101452648639679,0.99448293,1.8320163,1.8147154,3203,151852,155055,0.91477567,0.2350342,0.4396922,0.96785,0.8819835,1.445091,5.570828,0.0,1.2186593,1.1181943,2.3021643,0.5777373,0.075698346,1.4519861,5.570828,0.0,1.2404659,ALM,0.10641466643697682,0.1284730653348236
A549,4,ALM,7,2,3,1,0.1245598271489143,0.0135695738717913,0.216196596622467,0.003740947227925,0.1307102739810943,0.0007608736050315,0.2021950185298919,0.0446544922888278,0.1529665887355804,0.1663433462381363,0.97628874,2.8120952,2.7797685,941,52498,53439,0.9264185,0.05970999,0.29868764,0.9762086,0.86475617,0.6542934,2.772674,0.0,0.4157709,0.5309412,0.89428043,0.31654534,0.010988856,0.65650445,2.772674,0.0,0.4227487,control,0.1543109593644393,0.0
A549,4,ALM,8,2,3,1,0.0932046324014663,0.0260926224291324,0.354343056678772,0.0066656926646828,0.2183028906583786,0.0034229012671858,0.3756360411643982,0.0778743103146553,0.2642525434494018,0.2970990538597107,0.8039252,1.5283933,1.5239816,626,102173,102799,0.8954852,0.7645167,0.49335653,0.9663047,0.84517753,0.6663911,5.565181,0.0,1.3851432,1.410164,2.5352755,0.6804842,0.14218968,0.66183406,5.565181,0.0,1.3893483,control,0.2603345945790939,0.0
A549,4,ALM,9,2,3,1,0.0730567947030067,0.0135989403352141,0.2479604333639145,0.002786680823192,0.2198837101459503,0.0017300795298069,0.3425802290439605,0.1121285110712051,0.2533369958400726,0.2737724483013153,0.96459734,1.4568537,1.4479607,1288,70007,71295,0.6887381,-0.3016595,0.334623,0.94579726,0.9210898,0.2384254,1.6597264,0.0,0.15127847,0.6200281,1.258265,0.27170432,0.03282527,0.2314047,1.6597264,0.0,0.15072937,control,0.17029334639993662,0.0
A549,4,ALM,9,2,3,2,0.2161117941141128,0.024278612807393,0.3111106157302856,0.0053959158249199,0.1955901533365249,0.0016992879100143,0.3338745832443237,0.1039633601903915,0.2293623983860016,0.2490106523036956,0.97600675,1.7298167,1.7179117,1600,99711,101311,0.52145547,0.4309929,0.51018345,0.9542475,0.87499726,1.2658612,4.9801064,0.0,1.1066022,1.0862012,2.256003,0.6248313,0.08012323,1.2687442,4.9801064,0.0,1.122547,control,0.23166634261451372,0.0
A549,6,ALM,0,1,9,1,0.0780158340930938,0.0184167549014091,0.2842567265033722,0.0084775071591138,0.1679635196924209,0.0036001752596348,0.4104006290435791,0.047845896333456,0.2168875485658645,0.2496034204959869,0.9974773,3.0275948,2.9908955,1607,87288,88895,0.70946133,-0.31354234,0.1379372,0.9172279,0.7961413,0.6847767,5.9736943,0.0,1.4533674,1.3058348,3.0085487,0.5129486,0.24019003,0.67334306,5.9736943,0.0,1.4684705,ALM,0.12427176087715375,0.12770988243445153
A549,6,ALM,0,1,9,2,0.1460646539926529,0.0064203506335616,0.1557687371969223,0.0053353072144091,0.07756157964468,0.000738522328902,0.2179243862628936,0.0117528848350048,0.0982027649879455,0.1125617772340774,0.7060553,2.560032,2.49874,1800,52647,54447,0.4133278,-0.341587,0.1119795,0.9300143,0.72015053,1.5527259,7.059744,0.0,1.4009763,0.5845538,1.567613,0.2649723,0.04038387,1.5858271,7.059744,0.0,1.4143506,ALM,0.05562995415149877,0.10851455281143499
A549,6,ALM,0,1,9,3,0.0473479442298412,0.0064491839148104,0.1533504575490951,0.0046320720575749,0.0868168324232101,0.0031592221930623,0.2598169445991516,0.0,0.1313421875238418,0.1640018224716186,1.0351636,2.2546184,2.2395627,996,79675,80671,0.91151375,-0.09865409,0.25196943,0.9249835,0.85611975,0.39634618,3.9661415,0.0,0.44891432,0.56712484,1.4732074,0.2184726,0.06286257,0.39421135,3.9661415,0.0,0.45337108,ALM,0.05397130058409691,0.10705022248547563
A549,6,ALM,1,1,9,1,0.0885001122951507,0.0022488387767225,0.0895277112722396,0.0021829521283507,,,,,,,0.46856287,3.7075405,3.6418557,1000,48311,49311,0.03807682,-0.32253066,-0.18019195,0.9483833,0.62515384,0.5466503,2.4086254,0.0,0.18946004,0.085980885,0.19581424,0.04036797,0.000939812,0.5561856,2.4086254,0.0,0.18887866,,,
A549,6,ALM,1,1,9,2,0.2437033951282501,0.0049277576617896,0.2467786222696304,0.0042310380376875,0.1518299877643585,0.0004550391458906,0.2082223445177078,0.1000255793333053,0.1690873652696609,0.1794871687889099,0.9065645,1.8905516,1.8716123,400,20382,20782,0.99630183,0.06988219,0.6300271,0.994136,0.92750174,2.3137534,5.2181306,0.0,0.47958568,1.3015827,1.6075946,1.0394183,0.012730551,2.3336153,5.2181306,0.0,0.4682486,ALM,0.12386710329380113,0.12775804164590437
A549,6,ALM,1,1,9,3,0.2532411813735962,0.0741307437419891,0.531822681427002,0.0075233355164527,,,,,,,0.8208395,1.2032928,1.1978148,704,48447,49151,0.82460123,-0.39992642,0.4084224,0.9679596,0.91687727,4.266257,14.801105,0.0,21.203989,7.647966,10.904183,5.001729,1.3660779,4.217117,14.801105,0.0,21.323666,,,
A549,6,ALM,1,1,9,4,0.1515298932790756,0.0020320639014244,0.1515298932790756,0.0020320639014244,0.1010443344712257,0.0004468146071303,0.1775999367237091,0.0363679975271225,0.1175413653254509,0.1289301514625549,1.0835599,2.5477552,2.4960938,1400,38279,39679,0.8593277,-0.13188745,0.5019682,0.9650099,0.8845447,1.6219006,3.9109075,0.2737565,0.36048374,0.9212516,1.6112612,0.48677522,0.045651298,1.6475251,3.9109075,0.2737565,0.35338756,ALM,0.0876723139426942,0.1256827071349098
A549,6,ALM,1,1,9,5,0.0684861317276954,0.0014565882738679,0.0751196891069412,0.0010993622709065,,,,,,,1.0561131,3.7835221,3.7112489,1991,73144,75135,0.6127653,0.24997595,0.27777818,0.9285879,0.766954,0.25191408,1.3073854,0.0,0.046124082,0.07982138,0.2947273,0.020875556,0.001855456,0.25659847,1.3073854,0.0,0.04650098,,,
A549,6,ALM,1,1,9,6,0.2171971946954727,0.0363228730857372,0.3707155585289001,0.0050847870297729,0.2735800743103027,0.0025679506361484,0.4504838287830353,0.119477592408657,0.3142316341400146,0.3383955955505371,0.9659628,1.2668607,1.2589512,1541,57082,58623,0.82604194,0.14149496,0.60186535,0.9653012,0.9423543,2.0219324,6.579048,0.0,3.1663437,2.7113323,4.470828,1.4070086,0.27646062,2.0033214,6.579048,0.0,3.2311816,ALM,0.25802807464168004,0.06703060092010277
A549,6,ALM,11,1,9,1,0.2855541110038757,0.0073517132550477,0.2856907844543457,0.0073161874897778,0.2218419015407562,0.0007917055045254,0.3073771893978119,0.1512704491615295,0.2438872754573822,0.2606736123561859,0.5531125,0.87739915,0.8752345,600,89287,89887,0.3442711,0.5881207,0.44807446,0.9859889,0.85193974,2.680508,7.184333,0.0,0.93344635,2.0771053,3.0755541,1.6254864,0.06742978,2.6845624,7.184333,0.0,0.9368026,ALM,0.197670894632513,0.10267728952498664
A549,6,ALM,11,1,9,2,0.242294505238533,0.010601432994008,0.2550543546676636,0.0079052746295928,0.1599382758140564,0.002078361576423,0.3480434715747833,0.0265862438827753,0.1953813731670379,0.2194147706031799,0.44014302,0.8485843,0.83931655,2920,125767,128687,0.15944777,0.3225789,0.28747016,0.91096824,0.79467434,1.9152668,6.4689913,0.0,1.0399256,1.208667,3.4426315,0.5077423,0.17133501,1.931672,6.4689913,0.0,1.0482306,ALM,0.11502463895441198,0.12846768653067153
A549,6,ALM,12,1,9,1,0.138254627585411,0.0219158511608839,0.2588430345058441,0.0098178265616297,0.1617076396942138,0.0026463284157216,0.3057331442832947,0.0641940310597419,0.2060445696115493,0.2310379147529602,1.1202756,1.8814327,1.874594,828,91331,92159,0.43313298,-0.33589056,0.19656515,0.86668503,0.7834772,1.8976532,11.194964,0.0,4.1063848,2.5385706,4.8256173,0.93637687,0.9719597,1.8918427,11.194964,0.0,4.1310425,ALM,0.24158694390207147,0.0776184608513738
A549,6,ALM,12,1,9,2,0.0264181997627019,0.0023826686665415,0.0847135782241821,0.0027019421104341,0.0661417469382286,0.0016151110175997,0.2063965201377868,0.0,0.0985001847147941,0.1213623732328414,0.8793661,3.2443125,3.222062,1600,168463,170063,0.3201044,0.26449093,0.07844252,0.9156506,0.75782865,0.40371698,3.7004511,0.0,0.55529356,0.4158281,1.2897674,0.0,0.044268657,0.403602,3.7004511,0.0,0.5601456,ALM,0.03957291550906836,0.0911079978932938
A549,6,ALM,13,1,9,1,0.0572580322623252,0.0054487390443682,0.121153175830841,0.0037879734300076,,,,,,,0.8744641,5.2570934,5.203999,1000,81543,82543,0.9366339,-0.2387742,0.3110513,0.97610635,0.6816232,0.78495014,5.9126997,0.0,1.2311041,0.27229846,0.5633746,0.15249915,0.004299597,0.791237,5.9126997,0.0,1.2428865,,,
A549,6,ALM,13,1,9,2,0.1132667884230613,0.0043843947350978,0.134775310754776,0.0023181405849754,,,,,,,0.9104936,2.9662898,2.9640355,79,71968,72047,0.95702773,0.17097978,0.55826676,0.99250686,0.9272917,0.52773666,1.4554031,0.0,0.075354114,0.17132188,0.21413966,0.13649982,0.000211846,0.52812797,1.4554031,0.0,0.07529701,,,
A549,6,ALM,14,1,9,1,0.1063546016812324,0.0099705141037702,0.1593099981546402,0.0064986441284418,,,,,,,0.5277938,4.1225905,4.045546,800,36527,37327,0.0955489,0.67350936,-0.12516892,0.9870251,0.64988166,0.81660223,4.9312587,0.0,0.91264457,0.30534,0.5261675,0.20916726,0.002759267,0.8277994,4.9312587,0.0,0.9267219,,,
A549,6,ALM,15,1,9,1,0.0386523082852363,0.0041967206634581,0.1160958334803581,0.0036143704783171,0.0860238298773765,0.0018854916561394,0.2683432698249817,0.0,0.1184574589133262,0.1442110985517501,1.175125,2.4646537,2.4219642,2767,80816,83583,0.6804036,-0.15035388,0.18430848,0.90577453,0.82451004,0.58796954,5.0547214,0.0,0.9401056,0.9910296,3.1370518,0.0,0.25103396,0.5741695,5.0547214,0.0,0.9579453,ALM,0.09431284376353068,0.1271586141577702
A549,6,ALM,16,1,9,1,0.0564840100705623,0.0071188872680068,0.1585971266031265,0.003793730167672,0.1082281842827797,0.0024531343951821,0.3085706830024719,0.0,0.1472603380680084,0.1742578148841858,0.86338127,1.5802633,1.5713391,2082,165165,167247,0.5166495,0.46239436,0.35930768,0.95713925,0.86501896,0.65670085,5.6145186,0.0,0.98042166,1.090847,2.474471,0.3750115,0.107103534,0.6512283,5.6145186,0.0,0.9890246,ALM,0.103812118912408,0.12832812829722817
A549,6,ALM,17,1,9,1,0.1126582771539688,0.024052906781435,0.3086333572864532,0.0054097711108624,0.2083447128534317,0.0025839523877948,0.4254674911499023,0.108071930706501,0.2455223500728607,0.2792951762676239,1.0758797,1.6063228,1.5950875,2280,105367,107647,0.95086986,0.3333909,0.6687393,0.9638413,0.9058647,0.40745255,2.644348,0.0,0.3442478,0.72577363,1.7047466,0.40329674,0.04961251,0.4005646,2.644348,0.0,0.34838325,control,0.18712258613291988,0.0
A549,6,ALM,17,1,9,2,0.0932409837841987,0.018876789137721,0.2801144421100616,0.0043636676855385,0.2100358307361602,0.0033039941918104,0.4349662661552429,0.0790198892354965,0.2560458481311798,0.2902067303657532,0.92845833,1.1739718,1.1674129,1873,68238,70111,0.96160173,0.26730156,0.6564538,0.9700238,0.9097052,0.51506716,3.3526895,0.0,0.607348,1.1564958,2.3899786,0.61162806,0.10131235,0.49746147,3.3526895,0.0,0.6096348,control,0.23861860271096955,0.0
A549,6,ALM,19,1,9,1,0.073220245540142,0.0150999706238508,0.255791574716568,0.0060508553870022,0.1497621387243271,0.0018460216233506,0.3993508219718933,0.0570254549384117,0.1809184849262237,0.2077882140874862,0.8573822,2.4376888,2.4141774,1592,105415,107007,0.91656935,0.70916593,0.3847986,0.9851219,0.8147882,0.72968304,7.723855,0.0,1.6383532,1.3174305,2.5468512,0.7975333,0.06791339,0.7208068,7.723855,0.0,1.6567743,ALM,0.12537528335764148,0.12757190139428937
A549,6,ALM,2,1,9,1,0.1273177415132522,0.0048786480911076,0.138510525226593,0.0037572225555777,0.1172628104686737,0.0018088828073814,0.2206791788339615,0.0,0.1502552628517151,0.1649680733680725,0.9881137,1.4398092,1.4316504,1619,88012,89631,0.796057,0.36947414,0.7706202,0.8651173,0.8990486,2.3289745,5.9632683,0.0,1.3287808,1.6574547,4.1320686,0.265238,0.9554253,2.3413272,5.9632683,0.0,1.327201,ALM,0.15773420507947453,0.11977963846405201
A549,6,ALM,2,1,9,2,0.1190246194601059,0.0048034354113042,0.1374644935131073,0.0030127803329378,0.07459507137537,0.0010911480057984,0.1865807920694351,0.0,0.1013901382684707,0.1177849471569061,1.3469014,2.8932195,2.865581,1693,93026,94719,0.6558247,0.6175132,0.54796916,0.949815,0.9184156,2.3537118,8.164218,0.0,1.659486,1.2056277,2.4626608,0.5609836,0.13499653,2.3746057,8.164218,0.0,1.6628059,ALM,0.11473539933326395,0.12847932582353416
A549,6,ALM,2,1,9,3,0.0525823459029197,0.0092868404462933,0.201446384191513,0.00559036526829,0.1556518971920013,0.0023529331665486,0.2791649103164673,0.0,0.1930672228336334,0.2138883620500564,0.74481505,1.1637921,1.1586347,804,64507,65311,0.7811152,-0.1377964,0.42334563,0.9583009,0.8710861,1.0018072,9.6214695,0.0,3.2642374,2.4597108,4.935177,1.2185667,0.44556832,0.98363656,9.6214695,0.0,3.272547,ALM,0.23408213072936374,0.08225713756181507
A549,6,ALM,3,1,9,1,0.0568141937255859,0.0069617214612662,0.153972789645195,0.0039072604849934,0.1022552698850631,0.0023370129056274,0.2529691755771637,0.0,0.1403739601373672,0.1656685471534729,0.8890928,2.8771787,2.854098,589,50146,50735,0.021964433,-0.23732114,-0.15074565,0.88459384,0.72216034,0.69130075,5.6317024,0.0,0.9833203,1.0962217,2.573435,0.40484637,0.20857508,0.68654484,5.6317024,0.0,0.9904714,ALM,0.10432361043735928,0.1283622735264186
A549,6,ALM,4,1,9,1,0.0455640777945518,0.0033139092847704,0.0783594474196434,0.0031293139327317,0.0477941557765007,0.0010895946761593,0.1396244913339615,0.0,0.074780024588108,0.0940453335642814,0.6185689,1.6259118,1.6125025,1194,88501,89695,0.093791075,0.6589622,0.199806,0.97711945,0.7480123,0.7599677,6.4028416,0.0,1.0362611,0.39657056,0.85345566,0.21693718,0.012364761,0.76487035,6.4028416,0.0,1.048269,ALM,0.037740242336349865,0.08860719648654214
A549,6,ALM,5,1,9,1,0.1554335355758667,0.0281884465366601,0.3187480270862579,0.0057499594986438,0.2425911724567413,0.0028754316736012,0.3874435126781463,0.1406513303518295,0.2889326512813568,0.3148626089096069,1.6735741,2.193435,2.1898577,600,86599,87199,0.8147007,0.43326178,0.5913713,0.9531028,0.91914016,1.4852855,5.87176,0.0,2.7208862,2.483326,4.1024566,1.4469336,0.4226499,1.4783704,5.87176,0.0,2.72986,ALM,0.23632950726387342,0.08088166079976022
A549,6,ALM,5,1,9,2,0.0511730052530765,0.0073643522337079,0.1696382611989975,0.0043165534734725,0.099110722541809,0.0025465828366577,0.317338615655899,0.0,0.1384019255638122,0.1670635193586349,1.2087944,2.5904298,2.576456,1086,106289,107375,0.91061205,0.585666,0.3837521,0.970247,0.86744547,0.41513595,3.815295,0.0,0.5005502,0.6867931,1.7702342,0.30493072,0.060434613,0.4123603,3.815295,0.0,0.50428534,ALM,0.06535971310864065,0.11580472964197729
A549,6,ALM,7,1,9,1,0.2176206409931183,0.0626108422875404,0.4700434505939483,0.0165847856551408,0.2219991236925125,0.0019277513492852,0.3305153846740722,0.1221865713596344,0.2585422098636627,0.2786246538162231,0.38557637,0.7058258,0.7016536,1200,90911,92111,0.28960222,0.6099029,0.062374827,0.9397298,0.77691114,3.1538246,19.841757,0.0,13.722414,5.9118805,9.126916,2.0225277,2.4258413,3.1174192,19.841757,0.0,13.769793,control,0.38057326914194467,0.0
A549,6,ALM,7,1,9,2,0.3807885944843292,0.0193456355482339,0.3887352347373962,0.0166602004319429,,,,,,,0.4321264,0.69107574,0.6885184,800,80207,81007,0.44370583,0.35753754,0.21693939,0.9875042,0.8319009,4.469855,19.028736,0.0,3.171044,3.6699684,4.7490716,2.6982663,0.18880318,4.4778333,19.028736,0.0,3.194344,,,
A549,6,ALM,7,1,9,3,0.3003606498241424,0.0761933252215385,0.5211552977561951,0.017134640365839,,,,,,,0.7559429,0.92722654,0.9223991,772,26619,27391,0.485726,-0.12052806,-0.010707286,0.9547977,0.8554925,5.2810893,18.03832,0.0,22.916084,9.128918,12.669044,6.6276245,1.1281965,5.1694994,18.03832,0.0,23.106123,,,
A549,6,ALM,8,1,9,1,0.0690529495477676,0.0037376305554062,0.0956633687019348,0.0026323313359171,,,,,,,0.80013084,4.115316,4.063677,1200,75839,77039,0.9199566,-0.2718808,0.3670337,0.97147214,0.74068224,0.62141836,3.8387086,0.0,0.34877828,0.16366063,0.32629287,0.087223165,0.00156301,0.6286613,3.8387086,0.0,0.35090423,,,
A549,6,ALM,8,1,9,2,0.0528078489005565,0.003878193674609,0.0968483611941337,0.0028472652193158,,,,,,,0.6350151,2.960869,2.9217014,1400,81735,83135,0.35818318,0.014481775,0.13685182,0.96744984,0.7252573,0.45211706,3.0056555,0.0,0.3372541,0.19164878,0.43716872,0.100813374,0.003259886,0.45657843,3.0056555,0.0,0.3417929,,,
A549,6,ALM,8,1,9,3,0.1279501467943191,0.0150822848081588,0.2190628200769424,0.0058629075065255,0.1331884115934372,0.0007468866533599,0.2378986924886703,0.066367283463478,0.1551467031240463,0.1682995557785034,0.67869246,1.1811671,1.1746447,400,30415,30815,0.92658913,0.12546667,0.501,0.9854593,0.8879596,1.0317001,4.5652685,0.0,1.1066189,0.89033455,1.6377162,0.66219604,0.022216296,1.0335594,4.5652685,0.0,1.1206135,ALM,0.08473004571349169,0.12483720197103038
A549,6,ALM,9,1,9,1,0.2240525335073471,0.0276248641312122,0.322469562292099,0.0080228289589285,0.1414198726415634,0.0006767418817616,0.2035324871540069,0.0843007490038871,0.1626486033201217,0.1767054945230484,0.54769343,2.5333586,2.5096848,400,33151,33551,0.30449614,-0.44626725,0.26385847,0.97313195,0.82047397,2.2633195,6.95176,0.0,3.0685058,1.0582261,1.6920145,0.7023637,0.03821863,2.27786,6.95176,0.0,3.0873342,ALM,0.1007077011986225,0.12805975478982506
A549,6,ALM,9,1,9,2,0.1285475194454193,0.0241839103400707,0.2844668626785278,0.0091634513810276,0.1263469755649566,0.0012955212732777,0.2484800964593887,0.036494392901659,0.1559127569198608,0.1732995361089706,0.8119802,3.6845574,3.6552126,465,45054,45519,0.5436847,0.41083148,0.17415725,0.9820166,0.7664334,1.4376924,7.6327605,0.0,3.2956119,1.0709488,1.6308826,0.6380015,0.035110556,1.4414774,7.6327605,0.0,3.32786,ALM,0.1019184763534214,0.12817706410597324
A549,6,ALM,0,2,3,1,0.2671130895614624,0.0319351963698864,0.3459674715995788,0.0140817174687981,0.1419841945171356,0.002136321272701,0.3121970593929291,0.0281297639012336,0.1795128732919693,0.203300192952156,0.906356,2.327198,2.300302,2575,133456,136031,0.64327204,-0.012877647,0.21721837,0.9320402,0.8611927,2.2412393,6.5302505,0.0,2.1598716,1.2582049,3.1525302,0.4995952,0.18445794,2.2602067,6.5302505,0.0,2.1789808,ALM,0.11973898878117135,0.12817263034505005
A549,6,ALM,0,2,3,2,0.3789245784282684,0.0315082371234893,0.4206384420394897,0.0174303576350212,0.212071418762207,0.0046231988817453,0.4522556364536285,0.0659327507019043,0.2682404220104217,0.3046420514583587,1.6607718,5.162562,5.0937867,2880,143759,146639,0.5965989,0.33471602,0.25328848,0.90929115,0.798757,2.9837062,7.2361865,0.0,2.0346823,1.5578177,3.5549788,0.57197267,0.2591375,3.0122714,7.2361865,0.0,2.0287054,control,0.27099164463647285,0.0
A549,6,ALM,1,2,3,1,0.0410341657698154,0.0069257044233381,0.17542564868927,0.0060324496589601,0.1176345199346542,0.0012882816372439,0.251539409160614,0.0267188921570777,0.1450842469930648,0.1653572618961334,0.7741012,1.3961031,1.3913037,1000,128599,129599,0.7045789,-0.2583841,0.40525523,0.9753045,0.87233734,0.43828753,5.4709425,0.0,0.7415736,1.0371927,2.1355274,0.58002496,0.06737468,0.43363044,5.4709425,0.0,0.7440052,ALM,0.09870602559981513,0.12782943576743233
A549,6,ALM,10,2,3,1,0.0916197374463081,0.0145952142775058,0.2176612019538879,0.0072395377792418,0.1075557693839073,0.0016953175654634,0.3048568367958069,0.0107288109138607,0.1379586011171341,0.1647764444351196,0.85552704,3.3574624,3.3079076,1935,95760,97695,0.60780543,0.18595237,0.24764507,0.92716223,0.76470727,0.86127377,6.307804,0.0,1.3686522,0.8030739,2.633838,0.35144627,0.12169645,0.8624499,6.307804,0.0,1.393779,ALM,0.07642575283449582,0.1217501473697025
A549,6,ALM,10,2,3,2,0.0760736167430877,0.0112039418891072,0.1837813258171081,0.0072722118347883,0.1000754311680793,0.0007426149095408,0.1900323778390884,0.0274316053837537,0.1222029104828834,0.1354514807462692,0.75477016,4.0690517,4.013405,2000,117119,119119,0.39746606,-0.4471196,0.1734178,0.9435125,0.6752957,0.65232617,5.9822125,0.0,1.0119543,0.5044814,1.1195086,0.25689566,0.030235913,0.6548508,5.9822125,0.0,1.0283389,control,0.14919943919797346,0.0
A549,6,ALM,10,2,3,3,0.1364412456750869,0.0055909380316734,0.1505623608827591,0.0040434678085148,0.0756493955850601,0.0016262753633782,0.235064223408699,0.0,0.1068229228258133,0.1289369016885757,1.8978616,4.9274864,4.8595123,2291,99820,102111,0.78651655,-0.104131736,0.27938953,0.8932196,0.8200719,1.7903175,6.1045637,0.0,1.1468012,0.8589905,1.8854018,0.13854314,0.10459031,1.8116925,6.1045637,0.0,1.1503571,ALM,0.08174714137787317,0.12385140765197544
A549,6,ALM,10,2,3,4,0.1570122689008712,0.0041662235744297,0.1602775603532791,0.0037295105867087,0.0873055085539817,0.0014956112718209,0.222096562385559,0.0,0.1180329397320747,0.1375267505645752,1.3616706,2.7037616,2.6594877,2173,63698,65871,0.66158324,-0.2964664,0.18907796,0.91045725,0.8669807,1.8541723,5.293349,0.0,0.6058562,1.0327712,2.1907897,0.26386985,0.12588781,1.8821933,5.293349,0.0,0.5984281,ALM,0.09828524680703189,0.12777514426724879
A549,6,ALM,11,2,3,1,0.091431550681591,0.0112928813323378,0.1953081935644149,0.0038349190726876,0.1465282142162323,0.0020728146191686,0.2930923402309418,0.0129572274163365,0.1829780340194702,0.2055931091308593,1.1630822,1.2791785,1.2763115,1113,43958,45071,0.7228234,-0.13541085,0.6244228,0.9706432,0.93450725,0.8671631,4.0957465,0.0,1.0027002,1.4814266,2.6416936,0.6513408,0.14087106,0.8516106,4.0957465,0.0,1.0147256,ALM,0.14098222240076225,0.1246541617899044
A549,6,ALM,11,2,3,2,0.1551219969987869,0.0058926120400428,0.1752077043056488,0.003136436920613,0.1464681774377823,0.0017890677554532,0.2744674980640411,0.0183998942375183,0.1803995370864868,0.2013443708419799,0.7345121,1.1156421,1.1032108,1552,46031,47583,0.4011104,-0.08984859,0.22500533,0.951724,0.90008175,0.9253175,3.4776328,0.0,0.28994158,0.6915094,1.4173166,0.28472894,0.037790176,0.93320054,3.4776328,0.0,0.2965378,control,0.1818999281336682,0.0
A549,6,ALM,11,2,3,3,0.1738148033618927,0.0108848270028829,0.21010223031044,0.0055331909097731,0.1653415858745575,0.0029546278528869,0.3182528614997864,0.0455565303564071,0.2084337025880813,0.2396444380283355,0.7715854,1.2960682,1.2869371,405,22858,23263,0.3553771,-0.23292464,-0.23694089,0.83714473,0.7854255,1.3767291,4.7393622,0.0,1.158063,1.41215,3.0876307,0.3852293,0.5751672,1.3761016,4.7393622,0.0,1.1683677,ALM,0.1343894090758438,0.1260971832650668
A549,6,ALM,12,2,3,1,0.3340184688568115,0.071761816740036,0.5268272161483765,0.0116087142378091,0.3406532406806946,0.0047661634162068,0.5145317316055298,0.1472064405679702,0.3964921534061432,0.4251218736171722,0.90851825,1.8224955,1.8168881,717,116146,116863,0.38403293,0.19165269,0.17922053,0.956693,0.83474594,2.0912173,7.777584,0.0,2.9840143,2.0119226,3.2655783,1.0213999,0.180231,2.0917068,7.777584,0.0,3.0012832,control,0.2972188277002047,0.0
A549,6,ALM,13,2,3,1,0.549443781375885,0.0655114948749542,0.6274263858795166,0.0258811917155981,0.3363488316535949,0.0024370097089558,0.5165971517562866,0.1814528703689575,0.376295655965805,0.3994401395320892,0.38328406,2.1711257,2.1336615,2242,104749,106991,0.02151517,0.5989268,-0.16758686,0.9736359,0.6344555,4.0258923,9.52317,0.0,3.8953247,2.3682125,3.8870573,1.4882053,0.16662388,4.061372,9.52317,0.0,3.9150577,control,0.3128455925074725,0.0
A549,6,ALM,13,2,3,2,0.1336201429367065,0.0153534729033708,0.2186967581510543,0.0065231239423155,0.1224605739116668,0.0015225814422592,0.2878166437149048,0.0179895870387554,0.1533744186162948,0.1738038659095764,1.1178554,1.8220834,1.8065693,1842,81773,83615,0.7968796,0.5614275,0.4379957,0.9819496,0.9476449,1.2436781,4.7782407,0.0,1.1751165,1.2904443,2.5358875,0.67840326,0.09538307,1.2426245,4.7782407,0.0,1.1993877,ALM,0.12280710046545402,0.12787792002824278
A549,6,ALM,13,2,3,3,0.1915581226348877,0.0179517902433872,0.2076961249113083,0.0161123555153608,0.0803514644503593,0.0012689452851191,0.3105601072311401,0.0,0.1072877049446106,0.1284466236829757,0.6226625,2.078723,2.0511842,2180,113083,115263,0.08770572,0.25699982,0.026993154,0.95311016,0.7254227,2.0700285,8.680905,0.0,1.926217,0.777888,2.4061558,0.42243752,0.06519703,2.094938,8.680905,0.0,1.929286,ALM,0.07402889823828204,0.12065118726674814
A549,6,ALM,14,2,3,1,0.1623654663562774,0.0108184795826673,0.1741817146539688,0.0095476265996694,,,,,,,0.9658095,5.7787485,5.701588,2000,122751,124751,0.5675784,-0.60794973,0.2421384,0.9249545,0.6928562,1.1380804,5.180166,0.0,0.6475201,0.22605285,0.71241826,0.097050875,0.010585867,1.1529402,5.180166,0.0,0.6441245,,,
A549,6,ALM,14,2,3,2,0.6690385341644287,0.0237975250929594,0.6781452894210815,0.0179457161575555,,,,,,,0.65204847,0.7390942,0.73827744,501,52890,53391,0.70484626,0.6723622,0.32491925,0.9655573,0.8376169,4.760526,9.408472,0.0,1.7619315,4.707812,6.271539,3.090772,0.7072109,4.761026,9.408472,0.0,1.7718955,,,
A549,6,ALM,15,2,3,1,0.3126769661903381,0.0902927815914154,0.5516635775566101,0.0274655502289533,0.2855363190174103,0.0060346536338329,0.5171706676483154,0.1290572583675384,0.350174069404602,0.3812412321567535,0.48639086,1.112019,1.1048645,1717,148426,150143,0.58454585,0.530327,0.37988737,0.86507434,0.72440934,2.262246,9.164211,0.0,5.021001,2.0054548,4.9388914,0.6748966,0.799712,2.2652166,9.164211,0.0,5.0690603,control,0.29690091240046484,0.0
A549,6,ALM,15,2,3,2,0.2965746521949768,0.0507080368697643,0.4541048109531402,0.0061071882955729,0.3614071607589721,0.0024836601223796,0.4741599857807159,0.2049917131662368,0.4014457166194916,0.4230310618877411,0.34270462,0.6096366,0.60696316,961,94990,95951,0.016090509,-0.097412616,-0.47952652,0.94814956,0.806792,1.9757711,7.625978,0.0,2.4102597,2.4016178,3.629056,1.085349,0.20127197,1.9714626,7.625978,0.0,2.4307542,control,0.3141428889664255,0.0
A549,6,ALM,15,2,3,3,0.2308712154626846,0.0298264771699905,0.31577929854393,0.0139836193993687,0.1717872023582458,0.0047308090142905,0.4134581089019775,0.0,0.2248198390007019,0.2652719616889953,0.8244959,2.6428916,2.6048021,1544,72167,73711,0.20771736,-0.15598975,0.20192939,0.8662471,0.74543613,1.6968983,7.2229524,0.0,1.8631439,0.88444716,3.10944,0.4028491,0.19864678,1.7142802,7.2229524,0.0,1.8843311,control,0.20883187240841156,0.0
A549,6,ALM,16,2,3,1,0.1628296077251434,0.0561914518475532,0.4792000651359558,0.0137641262263059,0.2211512178182602,0.0031048457603901,0.3671650290489197,0.1158495917916297,0.2678183913230896,0.2996615767478943,0.7280706,2.4415345,2.4279943,916,115003,115919,0.5884362,-0.21194972,0.25004497,0.9308879,0.7411535,1.5710653,10.073293,0.0,5.393185,2.0722861,3.6371684,1.0658517,0.43714097,1.567073,10.073293,0.0,5.4306436,ALM,0.19721226811251277,0.10290909685719865
A549,6,ALM,16,2,3,2,0.0513194948434829,0.0083907898515462,0.1832519173622131,0.0057850051671266,0.0996051654219627,0.0025781935546547,0.2769719660282135,0.0,0.1407759487628936,0.166611909866333,1.0108303,2.308387,2.2891781,1442,95964,97406,0.7314683,0.45237157,0.24607843,0.9485051,0.8629704,0.43443558,4.688465,0.0,0.5744638,0.8474208,2.096529,0.3511123,0.09602992,0.42822996,4.688465,0.0,0.57905155,ALM,0.0806460932270501,0.12345350301725913
A549,6,ALM,16,2,3,3,0.2994781136512756,0.0307095795869827,0.3755247592926025,0.009950291365385,0.1795732080936432,0.0018567672232165,0.3380508124828338,0.0517307817935943,0.2136608511209488,0.2358433455228805,0.8496322,1.4732447,1.4632587,2788,171323,174111,0.6926319,0.04916945,0.41920942,0.93459237,0.9035785,4.0401087,13.932834,0.0,6.230916,3.2378428,6.655132,1.5263584,0.97296774,4.053164,13.932834,0.0,6.305835,ALM,0.3081342495998835,0.03181944996643005
A549,6,ALM,17,2,3,1,0.2280079424381256,0.0767785906791687,0.514866828918457,0.025680286809802,0.260477602481842,0.0104214288294315,0.5099281668663025,0.0202016271650791,0.3409459292888641,0.3802126348018646,1.5879046,2.4477043,2.4399831,999,110248,111247,0.39872685,-0.26128036,0.13924335,0.81762385,0.7721361,1.7642895,8.126431,0.0,4.5394177,3.0815942,5.860324,0.5583737,1.1510296,1.752353,8.126431,0.0,4.5542545,ALM,0.29326461321357333,0.04266978728085036
A549,6,ALM,17,2,3,2,0.0994673743844032,0.0129193691536784,0.2004460543394088,0.0057942513376474,0.1256193667650222,0.0025832913815975,0.312275767326355,0.0,0.1657042652368545,0.1924641281366348,1.4476564,2.1053452,2.0946736,2462,149265,151727,0.9052633,-0.14074726,0.5691669,0.9243519,0.9147959,1.1492959,6.246254,0.0,1.6339135,1.3946453,3.3109286,0.3308766,0.23589349,1.1452494,6.246254,0.0,1.6559633,ALM,0.13272354759579572,0.12641464698553664
A549,6,ALM,18,2,3,1,0.2571599781513214,0.0015867417678236,0.2571599781513214,0.0015867417678236,0.2221623510122299,0.0008673508418723,0.2955697178840637,0.1355736702680587,0.2455636858940124,0.2580110132694244,1.2040994,1.434966,1.430499,521,26406,26927,0.8632869,-0.42216,0.80830985,0.977079,0.9797688,2.829932,5.5204487,1.548189,0.12812614,2.4352975,3.1512308,1.5536573,0.106915645,2.8377182,5.5204487,1.548189,0.12541138,ALM,0.23175880179080105,0.08366649807545051
A549,6,ALM,18,2,3,2,0.4054948389530182,0.1178677007555961,0.688299298286438,0.0054181143641471,,,,,,,1.0257108,1.4553175,1.4503816,718,61777,62495,0.66056436,0.3719406,0.51100916,0.9498456,0.9217555,3.8083117,9.917584,0.0,10.497591,5.332205,7.6166573,3.4760995,0.5736515,3.790601,9.917584,0.0,10.585628,,,
A549,6,ALM,18,2,3,3,0.430444985628128,0.0034282125998288,0.430444985628128,0.0034282125998288,,,,,,,0.68208015,0.7783654,0.7773336,400,36927,37327,0.96027994,0.66182864,0.7507586,0.9967007,0.96091354,5.2625647,12.775795,3.5752852,0.46037728,4.6312647,5.291086,4.03913,0.05519315,5.2694025,12.775795,3.5752852,0.46040246,,,
A549,6,ALM,19,2,3,1,0.0944259092211723,0.0154338302090764,0.2356665730476379,0.0052337888628244,0.1744840741157531,0.0029641641303896,0.3285487592220306,0.0110756671056151,0.2189579904079437,0.243941992521286,1.2085453,1.8383645,1.8290575,1360,90671,92031,0.51085454,0.065051526,0.21308643,0.914156,0.8887106,0.68176913,4.4621997,0.0,0.83206224,1.3511529,2.9436831,0.4407895,0.27477702,0.6717289,4.4621997,0.0,0.8335993,ALM,0.12858452699933623,0.1271165043163446
A549,6,ALM,19,2,3,2,0.2407026290893554,0.0620691552758216,0.4609117805957794,0.0173567570745944,0.2332764267921447,0.0019903595093637,0.3822936117649078,0.120533101260662,0.2697299420833587,0.2915548086166382,1.0523889,3.0123978,2.9892023,1391,116144,117535,0.63418263,-0.2201044,0.24936514,0.9225046,0.7506326,2.3875983,10.187821,0.0,6.4453435,2.4427612,6.700143,1.3116375,0.85967463,2.386938,10.187821,0.0,6.5122023,ALM,0.23246909618765646,0.08323700023450611
A549,6,ALM,2,2,3,1,0.3610836863517761,0.0099930958822369,0.3610836863517761,0.0099930958822369,0.2722623944282532,0.0018218870973214,0.4117585122585296,0.1568420082330703,0.3063376843929291,0.3274185955524444,0.5815427,1.0912607,1.0793316,1360,56751,58111,0.57297,0.610263,0.40801376,0.9748805,0.8380262,2.5376678,6.8534994,1.1304736,0.54240394,1.8323454,2.8544285,1.1304736,0.08424819,2.5545704,6.8534994,1.2449265,0.5411759,control,0.28785248530657503,0.0
A549,6,ALM,2,2,3,2,0.194038525223732,0.0034312403295189,0.1941133588552475,0.0034180413931608,0.0951195210218429,0.0012000004062429,0.1724467724561691,0.0170115679502487,0.1238081902265548,0.1409231424331665,0.9328465,3.1258495,3.1078885,255,30880,31135,0.891295,0.52358747,0.38753712,0.94700843,0.8760412,1.5358889,3.5683224,0.0,0.17634547,0.5782374,1.0104358,0.35710853,0.023066632,1.5437967,3.5683224,0.0,0.16997571,ALM,0.055028844309423446,0.10799183643504703
A549,6,ALM,2,2,3,3,0.1681939959526062,0.002263183472678,0.1682671904563903,0.0022518492769449,0.0981193110346794,0.0007820575265213,0.2069525718688964,0.0316709168255329,0.118944764137268,0.1337504535913467,1.6756637,4.176898,4.1536155,599,63752,64351,0.9761372,-0.436026,0.6673113,0.90841794,0.8825667,1.491318,3.408776,0.0,0.14950354,0.5885735,1.1746377,0.28623828,0.054718424,1.4997997,3.408776,0.0,0.14266522,ALM,0.056012495034310196,0.10884255137625926
A549,6,ALM,3,2,3,1,0.5977189540863037,0.0104000847786664,0.601759672164917,0.008038836531341,,,,,,,0.41732255,0.7317541,0.73124516,141,86978,87119,0.89453185,0.7714037,0.5389034,0.98963034,0.8550917,4.9350767,14.07328,0.0,1.040208,3.9085662,4.565156,3.1811695,0.09067046,4.936741,14.07328,0.0,1.0400364,,,
A549,6,ALM,3,2,3,2,0.4758297801017761,0.0385760441422462,0.531761109828949,0.0133683513849973,0.2487363964319229,0.0016822423785924,0.3732455968856811,0.1526542603969574,0.28106889128685,0.3008210062980652,0.51004136,1.1131732,1.1066377,655,59792,60447,0.3203795,-0.03830029,0.24725804,0.9008759,0.80299884,4.8716855,14.074678,0.0,4.3038836,3.5909843,7.3132887,1.9400396,0.95879,4.885715,14.074678,0.0,4.322363,ALM,0.3417414991875032,0.006288398457366062
A549,6,ALM,4,2,3,1,0.2154972702264785,0.026373965665698,0.2939306199550628,0.0129191866144537,0.1495131105184555,0.0018540152814239,0.285125195980072,0.0585830025374889,0.1837643086910247,0.2078711241483688,0.88425624,2.8643708,2.8429008,721,65774,66495,0.6503412,0.71116436,0.15695775,0.9616177,0.7505627,1.6972108,6.6146173,0.0,1.6710808,1.0567378,1.8749956,0.5030626,0.0733695,1.7042315,6.6146173,0.0,1.6840485,ALM,0.10056606485862495,0.12804495850741965
A549,6,ALM,4,2,3,2,0.0312004890292882,0.0031852182000875,0.1036443784832954,0.0030725200194865,0.0727068856358528,0.0010593311162665,0.1768067777156829,0.0,0.0982388779520988,0.1150352135300636,0.54738504,1.4096677,1.396555,1000,64759,65759,0.47905022,0.6647642,0.21606217,0.98195815,0.803171,0.32466647,4.873162,0.0,0.30427548,0.5769136,1.0690676,0.32814908,0.012384614,0.32077137,4.873162,0.0,0.30778506,ALM,0.05490286286288122,0.1078811436355726
A549,6,ALM,5,2,3,1,0.1528142094612121,0.0051174699328839,0.1561612635850906,0.0047068768180906,,,,,,,2.1518676,9.057209,8.982846,1035,95076,96111,0.970311,0.6405628,0.40154082,0.87176734,0.69793993,0.755247,2.9091427,0.0,0.20255478,0.20637047,0.42978162,0.06872109,0.007275739,0.761222,2.9091427,0.0,0.2013653,,,
A549,6,ALM,5,2,3,2,0.2402158230543136,0.0032997489906847,0.2402158230543136,0.0032997489906847,0.1395907998085022,0.0009292550967074,0.2457872927188873,0.0395144335925579,0.1631466299295425,0.1775125563144683,1.7093182,4.2745566,4.2350755,673,43054,43727,0.97760797,-0.42059743,0.5072782,0.9368418,0.88602394,1.567389,3.4385967,0.38474014,0.16903614,0.83319426,1.3081561,0.38474014,0.038408652,1.5788655,3.4385967,0.48865017,0.16252045,ALM,0.07929220284444638,0.12293828785201874
A549,6,ALM,5,2,3,3,0.1507680714130401,0.0030961513984948,0.1520015746355056,0.0029339853208512,0.1125694811344146,0.0009092492982745,0.1937104016542434,0.0359318032860755,0.1372302025556564,0.1523722410202026,1.5862207,3.261207,3.236762,2248,151783,154031,0.8728879,0.59409857,0.6733492,0.9546278,0.89439917,0.82459986,2.3358886,0.0,0.08841374,0.4282609,0.82860035,0.20515805,0.009415199,0.8304699,2.3358886,0.0,0.08722278,control,0.13341655833134572,0.0
A549,6,ALM,5,2,3,4,0.1635740846395492,0.0027133584953844,0.1645353734493255,0.0025711376219987,0.0925182998180389,0.0015098067233338,0.1865351051092147,0.0192092061042785,0.1240409016609191,0.1476433724164962,2.1147158,5.1692524,5.1416564,951,104312,105263,0.9849475,0.45301092,0.68271947,0.94034827,0.87740326,1.1451838,3.3094435,0.0,0.14933982,0.4730638,0.9784002,0.1927056,0.018220711,1.1513113,3.3094435,0.0,0.14637919,ALM,0.045019838216317776,0.09787186537631501
A549,6,ALM,6,2,3,1,0.1014039888978004,0.002557907719165,0.1036290600895881,0.00238345307298,,,,,,,1.25601,3.170303,3.1220205,2569,99286,101855,0.75389814,0.6725477,0.5295426,0.94432694,0.85285383,0.5252516,2.6311085,0.0,0.08597454,0.22641596,0.5321677,0.09582377,0.004643446,0.53298396,2.6311085,0.0,0.085708484,,,
A549,6,ALM,6,2,3,2,0.1389550268650055,0.0042035649530589,0.147935464978218,0.0031467108055949,0.1099365279078483,0.0010656961239874,0.233773335814476,0.0225825905799865,0.1356680244207382,0.1523157358169555,1.3757612,2.1822798,2.1718855,2391,183127,185518,0.98541474,0.5995048,0.7379368,0.9575323,0.9337221,0.92436016,3.5001903,0.0,0.12954468,0.5786106,1.482616,0.29271427,0.038138073,0.9288743,3.5001903,0.0,0.12915693,control,0.1630873312034752,0.0
A549,6,ALM,6,2,3,3,0.0796326398849487,0.0022958884947001,0.0877348333597183,0.0018186373636126,,,,,,,0.75543493,2.7636445,2.7482264,1115,144116,145231,0.8865302,0.72299254,0.5387547,0.97602254,0.7857243,0.40054753,2.173344,0.0,0.07090454,0.1274417,0.2854577,0.06664263,0.001655141,0.4026605,2.173344,0.0,0.070858784,,,
A549,6,ALM,7,2,3,1,0.0880779772996902,0.0277968719601631,0.3581999838352203,0.0162880402058362,0.2091369181871414,0.0048397555947303,0.3771429657936096,0.0391872934997081,0.2674908638000488,0.2956057488918304,0.9129106,2.4339561,2.4181921,1667,159180,160847,0.5210486,0.6066907,0.20238072,0.9045432,0.8666373,0.7786932,6.6409545,0.0,2.1160126,1.9038188,4.0873647,0.0,0.5011655,0.7669104,6.6409545,0.0,2.1195276,ALM,0.18117982050028825,0.11053933891737527
A549,6,ALM,7,2,3,2,0.1192463710904121,0.036745760589838,0.3991190493106842,0.0112859718501567,0.294231116771698,0.0057695293799042,0.4724735915660858,0.0536125935614109,0.3544352054595947,0.3793425261974334,1.5150365,2.0065832,1.991939,2114,68845,70959,0.6873483,0.049005438,0.25956026,0.9397721,0.8957872,1.0837882,6.4407496,0.0,2.9199152,3.231941,6.0355554,0.0,0.8243147,1.0178266,6.4407496,0.0,2.8382165,ALM,0.3075725957993072,0.03223468090346426
A549,6,ALM,7,2,3,3,0.0802701637148857,0.0212588179856538,0.3159700334072113,0.0092076836153864,0.1868101954460144,0.003577388357371,0.4706985652446747,0.0263157915323972,0.2303843200206756,0.2662773132324219,0.8519611,1.8021733,1.7852719,1368,75543,76911,0.45985693,-0.03863222,0.15588482,0.9266818,0.81151444,0.66076386,5.599955,0.0,1.4396758,1.5242041,4.799373,0.7255653,0.5113018,0.6451281,5.599955,0.0,1.4427423,ALM,0.1450532084480957,0.12362194940584084
A549,6,ALM,8,2,3,1,0.4242376685142517,0.0128027312457561,0.4250081479549408,0.0124985435977578,0.2730064988136291,0.0010511552682146,0.3639750182628631,0.1912998110055923,0.2994167804718017,0.3154683113098144,0.9653661,2.3493211,2.2956517,492,12195,12687,0.8659269,0.5380527,0.46616477,0.9821852,0.8969917,4.2281885,8.149867,0.0,1.0459383,2.7644157,3.5337582,2.1317174,0.097296566,4.2872386,8.149867,0.0,0.9942845,ALM,0.26307983738482815,0.06366943547039788
A549,6,ALM,8,2,3,2,0.445949912071228,0.0132836923003196,0.4605402052402496,0.0069988882169127,,,,,,,0.72509134,1.371021,1.3538955,400,14687,15087,0.9221083,-0.23625025,0.40102074,0.9896436,0.9179191,4.464547,8.392815,0.0,1.3112583,3.480346,4.4334354,2.8030312,0.08413009,4.49135,8.392815,0.0,1.317579,,,
A549,6,ALM,9,2,3,1,0.2546610832214355,0.0050078458152711,0.2546610832214355,0.0050078458152711,0.1972852498292923,0.0008024826529435,0.2808899581432342,0.1059751361608505,0.2196765691041946,0.2324622869491577,0.8806131,1.6246257,1.6085242,2036,92043,94079,0.5925145,0.41906154,0.36047536,0.9753263,0.85249156,2.3854911,5.3925476,0.8730417,0.7316973,1.6802427,2.6628494,1.028997,0.06857532,2.4010909,5.3925476,0.8730417,0.7351203,ALM,0.1599028598640373,0.11903454137649988
A549,6,ALM,9,2,3,2,0.2523105144500732,0.0091646639630198,0.2596000134944916,0.0075370864942669,0.1328845769166946,0.0019904887303709,0.2739725112915039,0.0,0.1680002510547638,0.1892845928668975,0.85095376,2.0620186,2.0390327,2242,115885,118127,0.15091026,-0.050371155,0.36641547,0.89203006,0.79428136,3.1177213,8.685527,0.0,1.6820048,1.5479844,4.2160025,0.64494896,0.40365642,3.1480901,8.685527,0.0,1.6581428,ALM,0.14731629697597606,0.12300400879389259
A549,2,DAC,0,4,15,1,0.4596311151981354,0.0248873867094516,0.492910087108612,0.0102857528254389,,,,,,,0.6063211,0.7785673,0.77581745,1200,73966,75166,0.5476523,0.10923671,0.37439215,0.98080504,0.8838348,5.470274,11.91477,0.0,3.650002,5.1284766,6.934268,3.3623297,0.3283074,5.4758196,11.91477,0.0,3.7019644,,,
A549,2,DAC,0,4,15,2,0.3126392364501953,0.0099591063335537,0.3186157643795013,0.0082452772185206,,,,,,,0.72339,0.9806096,0.977698,878,76689,77567,0.53063,0.5920009,0.5589975,0.9895129,0.91339225,4.2939825,10.70332,0.0,1.9196451,3.4521205,5.003159,2.440963,0.18049838,4.3036203,10.70332,0.0,1.9313493,,,
A549,2,DAC,1,4,15,1,0.0623728856444358,0.0046557965688407,0.1019489467144012,0.0035751957911998,0.0672468319535255,0.0011421196395531,0.1856623291969299,0.0,0.0949624180793762,0.1102277040481567,0.90567356,1.2811244,1.2758669,1213,85410,86623,0.69265157,0.6786152,0.47584376,0.9878233,0.9325125,0.7455954,3.1214216,0.0,0.36141825,0.75442666,1.4390321,0.47721338,0.014114125,0.74547,3.1214216,0.0,0.3663495,DAC,0.08471959865163113,0.1066137462592522
A549,2,DAC,11,4,15,1,0.3566599190235138,0.0052437619306147,0.3566904664039612,0.005233300384134,0.2709844410419464,0.001479718950577,0.3793473541736603,0.1483305394649505,0.3014599680900574,0.3189197778701782,0.8967667,1.3012698,1.2956061,653,45986,46639,0.7124107,0.71551657,0.4766587,0.97989243,0.9241476,3.3859818,6.603107,0.0,0.61613667,2.7918143,3.8611124,1.9612797,0.1077775,3.3944185,6.603107,0.0,0.61827105,DAC,0.3135114379519468,0.014091903180131815
A549,2,DAC,11,4,15,2,0.2170878052711486,0.004106996115297,0.2171807587146759,0.0040885675698518,0.0769448578357696,0.0008932282216846,0.1690242886543274,0.0059484275989234,0.099787600338459,0.1188526302576065,0.7381977,2.360388,2.3554053,244,79195,79439,0.9662705,0.9487587,0.58291787,0.99009174,0.90049255,2.0617027,5.5352917,0.0,0.35784307,0.853059,1.321219,0.62324506,0.020729927,2.0654263,5.5352917,0.0,0.35436714,DAC,0.09579568159237876,0.10903672949291522
A549,2,DAC,12,4,15,1,0.1367197334766388,0.0384286604821682,0.3669033348560333,0.0186726469546556,,,,,,,0.7640538,0.702772,0.70311123,729,130998,131727,0.51461107,0.54611844,0.4730194,0.98506534,0.8426086,1.7664446,12.551365,0.0,6.443929,3.9992447,6.882635,2.245828,0.709464,1.7540193,12.551365,0.0,6.447943,,,
A549,2,DAC,12,4,15,2,0.0831852555274963,0.0196653269231319,0.2838304340839386,0.010149429552257,0.2559958100318908,0.004685889929533,0.4874451458454132,0.0674573704600334,0.3106074035167694,0.3448785543441772,0.6049829,0.8510325,0.8493037,568,80277,80845,0.2691934,0.17119128,0.23007093,0.9794383,0.87546635,0.8756284,8.663917,0.0,2.1138864,2.404067,4.3559785,1.209632,0.25625652,0.8648143,8.663917,0.0,2.1103835,DAC,0.26996870891549735,0.044268293023506655
A549,2,DAC,12,4,15,3,0.257912129163742,0.0516969971358776,0.4132660627365112,0.0186342969536781,,,,,,,0.5754999,0.55220944,0.5525532,1303,86984,88287,0.61145955,0.31253135,0.5062481,0.98212,0.8274977,3.231743,13.9123335,0.0,8.217046,4.625134,8.281361,3.0974677,0.5968658,3.2108705,13.9123335,0.0,8.301675,,,
A549,2,DAC,13,4,15,1,0.2627780139446258,0.0144932568073272,0.2907841503620147,0.0078941565006971,0.2148167192935943,0.0019095381721854,0.3393357396125793,0.0899259373545646,0.2504608631134033,0.2687460482120514,1.2169589,1.5259205,1.5218345,1365,101848,103213,0.86143225,0.49157014,0.72141063,0.9648808,0.9150249,2.6041193,8.666699,0.0,1.3929104,2.223173,4.241949,1.1790317,0.20961608,2.6092248,8.666699,0.0,1.406798,DAC,0.24965491581798385,0.057246221613675013
A549,2,DAC,13,4,15,2,0.1569949090480804,0.0415220074355602,0.391680359840393,0.0116699254140257,,,,,,,1.0181212,1.4068688,1.4030112,566,56473,57039,0.5861606,0.40179712,0.23190254,0.9740254,0.891334,1.8778448,10.062925,0.0,5.951846,4.032291,5.7685657,2.2648828,0.42028376,1.8562522,10.062925,0.0,5.960299,,,
A549,2,DAC,14,4,15,1,0.2600473761558532,0.0146391876041889,0.2839998602867126,0.0091850822791457,0.228211298584938,0.0015658081974834,0.3480876088142395,0.1110023483633995,0.2599682807922363,0.2782649993896484,0.8107442,0.7159318,0.7178334,2239,109392,111631,0.7287867,0.2746688,0.6883499,0.9677141,0.87931585,3.1667466,11.093346,0.0,2.067062,3.2847855,6.437791,1.8355668,0.40379184,3.1643307,11.093346,0.0,2.1008139,control,0.34110397803825065,0.0
A549,2,DAC,14,4,15,2,0.1887802332639694,0.005409263074398,0.1919256746768951,0.004895697813481,0.1409397423267364,0.0012755981879308,0.2420901358127594,0.0383346490561962,0.1697743684053421,0.1860986202955246,0.9667308,1.0475093,1.0457462,1200,53775,54975,0.79095936,0.019477524,0.5229852,0.97285116,0.8973873,2.4700103,7.488073,0.0,0.9076204,2.2033615,3.817949,1.3079759,0.19132952,2.4759605,7.488073,0.0,0.9219822,DAC,0.2474301504197319,0.058617225356288355
A549,2,DAC,14,4,15,3,0.137936919927597,0.0276434402912855,0.2930250167846679,0.0132793989032506,0.2232550680637359,0.0019673858769237,0.3495977520942688,0.0643168985843658,0.2590397894382477,0.279022753238678,0.6056812,0.77174217,0.77033323,868,101435,102303,0.3158015,0.067661464,0.29208305,0.9612019,0.837531,1.6989466,8.930817,0.0,3.7809727,2.610657,5.2887564,1.5883597,0.32015467,1.6911452,8.930817,0.0,3.8034127,DAC,0.29316807714227827,0.028547757480751723
A549,2,DAC,15,4,15,1,0.3317308723926544,0.0135285463184118,0.3366511762142181,0.0120727764442563,0.2594230771064758,0.0012678662315011,0.3343923091888428,0.191028282046318,0.2890074551105499,0.3056455552577972,0.49847022,0.4905121,0.49057674,623,76144,76767,0.3601534,0.85968363,0.52612835,0.98287845,0.806761,3.4817147,9.637418,0.0,2.2221951,3.6365511,4.9064846,2.3682792,0.23532736,3.480448,9.637418,0.0,2.2382534,control,0.3489823790973926,0.0
A549,2,DAC,15,4,15,2,0.157988891005516,0.0094057694077491,0.1906379014253616,0.0051253708079457,0.1103249564766883,0.0013324465835466,0.239750474691391,0.016667665913701,0.1399112045764923,0.1592777818441391,1.1773654,2.1843681,2.170193,1739,121796,123535,0.5486623,0.2225545,0.51315767,0.9195647,0.87695366,1.4490178,4.7115874,0.0,0.81077665,0.9256643,1.7769661,0.30955803,0.10014923,1.4564903,4.7115874,0.0,0.8169562,DAC,0.10394901471554978,0.10993670556631681
A549,2,DAC,15,4,15,3,0.0868959501385688,0.0118697276338934,0.19634810090065,0.0053298426792025,0.1429841965436935,0.0027013937942683,0.3113277554512024,0.0038328918162733,0.1846204549074173,0.2105096876621246,0.93415534,1.3134626,1.3103004,626,74461,75087,0.6261904,-0.3342524,0.23890257,0.96416193,0.9143102,1.159561,6.4538455,0.0,1.9525456,1.9540961,3.2339664,0.99700564,0.24041216,1.1528814,6.4538455,0.0,1.961588,DAC,0.21943847705318054,0.07488855675860928
A549,2,DAC,15,4,15,4,0.1568410247564315,0.0050013493746519,0.1599855870008468,0.0045985365286469,0.069768413901329,0.001808640314266,0.2112378776073455,0.0,0.1034401357173919,0.1262951642274856,1.3606337,3.173907,3.137948,1358,67121,68479,0.9230735,0.13419333,0.41791335,0.94145215,0.89003414,1.7667142,5.3746095,0.0,0.44897822,0.85578626,1.7760874,0.37518063,0.07394861,1.785144,5.3746095,0.0,0.43943793,DAC,0.09610194379766543,0.10908334009757079
A549,2,DAC,16,4,15,1,0.2263582050800323,0.004463484045118,0.2264433205127716,0.0044458960182964,0.1341900527477264,0.0024185352958738,0.3307432830333709,0.0143785746768116,0.1733537316322326,0.2056033909320831,1.2837832,2.3150558,2.2983558,1724,104739,106463,0.7513228,0.26260144,0.5369436,0.86670107,0.89920783,2.659239,6.477247,0.0,0.626687,1.6731988,3.7232165,0.5184617,0.5710226,2.6754694,6.477247,0.0,0.61133635,DAC,0.18789464677771436,0.0906053163115145
A549,2,DAC,16,4,15,2,0.3751388490200043,0.0105718784034252,0.3751388490200043,0.0105718784034252,0.110912874341011,0.0003120079345535,0.1504223048686981,0.0698933601379394,0.1254094094038009,0.1343623548746109,1.0081292,1.2485514,1.2453074,1231,90000,91231,0.59984356,-0.24047449,0.3794322,0.8825407,0.83629847,4.805986,9.943341,1.0346295,2.2249641,4.403858,6.5756154,1.0346295,1.3169208,4.8114867,9.943341,1.0931765,2.2351418,control,0.3626087115241901,0.0
A549,2,DAC,16,4,15,3,0.1122523993253707,0.0018831273773685,0.1122673079371452,0.0018817046657204,0.0667937025427818,0.0007649076287634,0.1334292292594909,0.0,0.0894237607717514,0.1029625385999679,0.9892122,2.6495457,2.626874,823,59448,60271,0.7488531,0.39179355,0.18644968,0.92222655,0.83353806,1.1979687,4.1959643,0.2806806,0.2920099,0.6324894,1.2524209,0.3527169,0.037775833,1.2057971,4.1959643,0.2806806,0.29104137,DAC,0.07102645089373032,0.10136341685403853
A549,2,DAC,16,4,15,4,0.2711627185344696,0.0062902751378715,0.2765879034996032,0.0049155782908201,0.1638542264699936,0.0020143510773777,0.2899415493011474,0.0204585641622543,0.1990155428647995,0.2188629359006881,1.1810416,1.9925677,1.9859529,738,89804,90542,0.69761384,0.629491,0.73438877,0.9599963,0.9389565,3.7960799,8.082327,0.0,1.047704,2.5583677,3.8557305,1.3779249,0.26473352,3.8062508,8.082327,0.0,1.0414457,DAC,0.28729616308535094,0.03260881258045173
A549,2,DAC,16,4,15,5,0.3021290898323059,0.0073901531286537,0.3021290898323059,0.0073901531286537,0.2099959850311279,0.0025576206389814,0.3440401554107666,0.0504614859819412,0.2519601881504059,0.2724778652191162,1.0190312,1.8973628,1.8812531,1997,106882,108879,0.63915783,0.18097661,0.22870985,0.9225879,0.8679518,2.9665518,6.4247355,0.9973809,0.8003541,2.111202,3.3949833,1.1696526,0.25571892,2.9825337,6.4247355,0.9973809,0.79660505,DAC,0.23708094583046804,0.06485195138272834
A549,2,DAC,17,4,15,1,0.1489635705947876,0.0039987307973206,0.1604249328374862,0.0024677105247974,0.1146715059876442,0.0007565689156763,0.2169563919305801,0.0,0.1362745910882949,0.1485685855150222,1.1403607,1.2715672,1.2692012,1881,102438,104319,0.97992337,0.3537501,0.8180812,0.9811428,0.9652696,3.2011116,7.9652305,0.0,1.4296501,2.7498126,4.241497,1.486002,0.22866407,3.2093987,7.9652305,0.0,1.4478943,DAC,0.30879478707605357,0.01749417963262362
A549,2,DAC,3,4,15,1,0.056721806526184,0.0060893623158335,0.1309346407651901,0.0043394421227276,0.0968202799558639,0.001191618386656,0.2081886082887649,0.0,0.124389924108982,0.1401120275259018,0.5666943,0.7199944,0.7182935,995,88684,89679,0.60547024,0.074158475,0.37697446,0.9824185,0.8826853,0.5629136,4.1376276,0.0,0.5105852,0.94829875,1.6371297,0.58077925,0.035527475,0.5585899,4.1376276,0.0,0.51423013,DAC,0.10649078798705693,0.11007930410833754
A549,2,DAC,4,4,15,1,0.077447235584259,0.0232059080153703,0.3516056835651397,0.0089577417820692,,,,,,,0.7136028,0.70896214,0.7090079,611,61340,61951,0.4781504,0.087988034,0.040816046,0.98712325,0.807785,0.7426058,8.591622,0.0,2.5059204,4.2205296,5.695352,2.4528792,0.29830763,0.70796335,8.591622,0.0,2.4062254,,,
A549,2,DAC,5,4,15,1,0.1341333389282226,0.0070857903920114,0.1598496884107589,0.0043335417285561,0.1121257022023201,0.0007795499986968,0.1950103938579559,0.0290000326931476,0.1348432302474975,0.147539272904396,0.68009686,0.937787,0.9349721,865,78318,79183,0.45324257,0.3109132,0.47689882,0.97912496,0.89603406,1.0820315,3.984391,0.0,0.46008575,0.90480536,1.3346841,0.37053937,0.027867354,1.0839888,3.984391,0.0,0.46450862,DAC,0.10160662529747373,0.1097488072727666
A549,2,DAC,5,4,15,2,0.1079363897442817,0.0021842927671968,0.1093042567372322,0.0020624606404453,0.0729881301522255,0.0002073046780424,0.1137382909655571,0.0246374886482954,0.0844568982720375,0.0918637663125991,0.81682986,1.1447394,1.1435702,400,111791,112191,0.9343991,-0.011680369,0.63148636,0.9955591,0.91151714,0.8883085,2.876583,0.0,0.16124888,0.62077516,0.7874356,0.45942777,0.002959472,0.8892658,2.876583,0.0,0.16155826,DAC,0.0697109807971289,0.1007089613215578
A549,2,DAC,5,4,15,3,0.1519396007061004,0.0926315486431121,0.7525450587272644,0.0068142786622047,,,,,,,1.0792023,0.8624316,0.86469567,800,75791,76591,0.6889833,0.23133455,0.50329924,0.9924636,0.89228517,1.7600846,11.14894,0.0,12.425394,9.036313,10.400917,7.68419,0.19073486,1.6832826,11.14894,0.0,11.989802,,,
A549,2,DAC,5,4,15,4,0.080165185034275,0.0067029311321675,0.1367034614086151,0.0037013469263911,0.0723218768835067,0.0020941044203937,0.1737148463726043,0.0,0.1110927015542984,0.135287195444107,1.3074063,2.7875924,2.7761388,440,56423,56863,0.8803138,0.62036353,0.47816283,0.96355283,0.91553396,0.6132587,2.5484524,0.0,0.3453338,0.48571202,0.9198014,0.22629018,0.019784346,0.6142534,2.5484524,0.0,0.34774464,DAC,0.054543840477049195,0.09091933672746386
A549,2,DAC,5,4,15,5,0.0412816628813743,0.0063700685277581,0.1695568561553955,0.0044139474630355,0.122513398528099,0.0038785431534051,0.3242014944553375,0.0,0.1702775210142135,0.2061634063720703,0.86383635,1.2339311,1.229768,694,61001,61695,0.69134426,0.4176988,0.5691997,0.9428747,0.924011,0.30979365,2.5814571,0.0,0.3300873,0.7730258,2.3144238,0.0,0.16514465,0.30452362,2.5814571,0.0,0.3294948,DAC,0.08680822006390398,0.10718555244928665
A549,2,DAC,6,4,15,1,0.2738312184810638,0.0459031574428081,0.4096644222736358,0.0130272479727864,,,,,,,0.94236815,1.200474,1.1986759,766,109185,109951,0.65393054,0.20899343,0.47147438,0.9731535,0.9053605,3.8726358,11.106854,0.0,8.850125,4.7081766,7.204977,2.7151816,0.7054197,3.8667743,11.106854,0.0,8.902333,,,
A549,2,DAC,7,4,15,1,0.0921099856495857,0.0206860397011041,0.2944117784500122,0.0065589123405516,0.2095807194709777,0.0010918314801529,0.2923203110694885,0.1102151721715927,0.2356926947832107,0.2504988610744476,1.162583,1.2069659,1.2066321,1000,131943,132943,0.873743,0.0362468,0.62658787,0.9852643,0.91405886,1.3849958,8.2454405,0.0,4.644249,3.531497,7.1340475,2.1763093,0.42345423,1.3687277,8.2454405,0.0,4.6410546,control,0.3467576091255111,0.0
A549,2,DAC,7,4,15,2,0.1180182099342346,0.0277824942022562,0.3379450142383575,0.0052319793030619,,,,,,,1.1115662,0.9610706,0.96255195,1558,156761,158319,0.8928769,0.51551217,0.81088567,0.99066645,0.9364982,1.9639567,10.626385,0.0,7.657773,4.743379,7.0725527,3.0873654,0.41953105,1.9363332,10.626385,0.0,7.652171,,,
A549,2,DAC,8,4,15,1,0.2236051559448242,0.0071387137286365,0.2274147123098373,0.0063939848914742,0.1563471406698227,0.0007569181034341,0.2240009754896164,0.0708377957344055,0.1776409745216369,0.1915536522865295,0.43142945,0.6755311,0.6750737,200,106535,106735,0.2596321,0.017295294,0.53883547,0.9959331,0.909289,3.2653053,10.054404,0.0,1.0089058,2.1630747,2.6362975,1.7180053,0.0244057,3.267374,10.054404,0.0,1.008469,DAC,0.24290607709634413,0.06137218301718653
A549,2,DAC,9,4,15,1,0.2897539138793945,0.0527539029717445,0.4416728019714355,0.0133144864812493,,,,,,,0.70427245,0.7921859,0.79102546,1428,106763,108191,0.7477549,0.30442,0.6072361,0.9872233,0.9232217,3.3483367,10.189722,0.0,6.5868974,4.0978875,5.9639473,2.72054,0.23064712,3.3383112,10.189722,0.0,6.6642985,,,
A549,2,DAC,9,4,15,2,0.3357205092906952,0.0182655584067106,0.3529809415340423,0.0131120393052697,0.2086501121520996,0.0017112453933805,0.3547349870204925,0.0866432636976242,0.2415907233953476,0.262933075428009,0.76068455,1.2627176,1.2578351,788,80235,81023,0.5509296,0.3602098,0.36311793,0.97356546,0.887146,3.8910017,10.912654,0.0,2.0522835,2.8174117,4.8020625,1.9006824,0.27524748,3.9015455,10.912654,0.0,2.058305,DAC,0.31638594062994774,0.01200424452427673
A549,2,DAC,0,5,28,1,0.0494053252041339,0.0012482503661885,0.0535289421677589,0.001131702796556,,,,,,,0.9729643,2.5222409,2.505848,602,56293,56895,0.42127022,0.28432682,-0.13275371,0.92606443,0.85007465,0.29128808,1.4722341,0.0,0.034283098,0.13248236,0.3188708,0.038504094,0.004145649,0.29298633,1.4722341,0.0,0.034332808,,,
A549,2,DAC,0,5,28,2,0.063119038939476,0.0019618775695562,0.068463385105133,0.0017620990984141,,,,,,,0.9596052,2.578944,2.5550797,929,62110,63039,0.32647616,0.06785947,0.014259154,0.96777004,0.8138678,0.42376935,2.2300615,0.0,0.08538423,0.20139453,0.44398373,0.10150119,0.003217304,0.42709544,2.2300615,0.0,0.08586251,,,
A549,2,DAC,1,5,28,1,0.0510797947645187,0.0012174369767308,0.0580419786274433,0.0009792752098292,0.0388258397579193,0.0005303302314132,0.0873074755072593,0.0,0.0581611208617687,0.0714505836367607,0.7628026,1.0221099,1.0154717,1957,74490,76447,0.6442514,0.65607935,0.6285077,0.97303015,0.9222397,0.45264766,1.5957913,0.0,0.059631456,0.3542174,0.6815058,0.15781331,0.007954122,0.45523357,1.5957913,0.0,0.060727883,DAC,0.03977743305548651,0.0766057836168326
A549,2,DAC,10,5,28,1,0.148659735918045,0.0173814669251441,0.2480520755052566,0.0043480559252202,0.1997769176959991,0.0012389974435791,0.3281446099281311,0.0880498439073562,0.2278321236371994,0.2452490627765655,0.6136306,1.0063124,1.0009109,1679,120384,122063,0.38600227,0.062931016,0.13751274,0.95463324,0.8500354,1.0083642,4.7896657,0.0,1.0246437,1.1983696,2.2559588,0.42339894,0.12689543,1.0057142,4.7896657,0.0,1.036654,control,0.2425486873449431,0.0
A549,2,DAC,10,5,28,2,0.1788983345031738,0.0057393526658415,0.1894465088844299,0.0040794387459754,0.1358358114957809,0.0010884098010137,0.2455114722251892,0.0496708899736404,0.1621687114238739,0.1793215423822403,0.82870036,1.7967235,1.7810533,1151,69952,71103,0.26861086,0.5834917,0.22903375,0.96181476,0.8276458,0.8896076,3.1982365,0.0,0.2827059,0.5065406,1.2509825,0.27407128,0.017297722,0.8959105,3.1982365,0.0,0.28461877,control,0.14960367960417725,0.0
A549,2,DAC,11,5,28,1,0.2244744449853897,0.0139607777819037,0.2711941599845886,0.0041963038966059,0.2165071815252304,0.00083942693891,0.2983737587928772,0.1400143355131149,0.240318477153778,0.2545104920864105,0.7362807,0.8142667,0.81392795,400,91679,92079,0.6714397,0.85201967,0.50644,0.99570346,0.8475916,0.86583,3.8393254,0.0,0.4332224,0.9420496,1.1505345,0.73150784,0.005871056,0.8654974,3.8393254,0.0,0.43506148,control,0.21583521631432445,0.0
A549,2,DAC,11,5,28,2,0.1635637283325195,0.0126990051940083,0.2271199226379394,0.0031986001413315,0.1522105783224105,0.00098574871663,0.2823923528194427,0.0719026997685432,0.1770488917827606,0.1931284815073013,1.0229231,1.4350787,1.4282066,1049,61862,62911,0.86684173,0.52586174,0.5939616,0.98594385,0.91805977,0.8935064,3.366695,0.0,0.45935416,0.86617327,1.6867139,0.5855767,0.0225494,0.89396983,3.366695,0.0,0.46674812,control,0.20651978668267212,0.0
A549,2,DAC,11,5,28,3,0.0745470598340034,0.0111496374011039,0.2130153626203537,0.0023637895938009,0.1915374100208282,0.0024208568502217,0.3646482527256012,0.0744465216994285,0.2308566123247146,0.2573067247867584,0.71713173,0.8290145,0.8263922,600,24999,25599,0.88977313,0.074402526,0.59942055,0.9609455,0.9517394,0.3827851,2.2103913,0.0,0.28900707,0.9584312,1.7646894,0.0,0.091690876,0.36896956,2.2103913,0.0,0.2855989,control,0.21775166208833355,0.0
A549,2,DAC,12,5,28,1,0.0588318519294261,0.0124246170744299,0.2582947611808777,0.0030286905821412,0.2227160930633545,0.0015743602998554,0.3590238392353058,0.0949127525091171,0.2540336549282074,0.2743303775787353,0.5823176,0.802254,0.79967374,1893,159466,161359,0.5483425,0.6657576,0.38303167,0.9912377,0.85489315,0.332042,4.265633,0.0,0.42105612,1.1272528,1.7045956,0.744418,0.024750082,0.32260227,4.265633,0.0,0.41816485,control,0.23578223156536404,0.0
A549,2,DAC,12,5,28,2,0.0626699104905128,0.0090731801465153,0.194251611828804,0.0025632712058722,0.1629454344511032,0.001209985348396,0.2957427203655243,0.0822083726525306,0.1909001171588897,0.2079202979803085,0.8983395,1.0072483,1.0057095,2624,183103,185727,0.7908086,0.83266366,0.48078364,0.9910049,0.8699476,0.20785199,2.3317497,0.0,0.117543615,0.52608013,0.8605773,0.3352937,0.006947388,0.2032915,2.3317497,0.0,0.117656514,control,0.15338518557355765,0.0
A549,2,DAC,13,5,28,1,0.0626043826341629,0.0144363278523087,0.2780071496963501,0.0042238710448145,0.2226839214563369,0.0036091038491576,0.4075072109699249,0.0424447655677795,0.2707656621932983,0.2970602512359619,0.9553815,1.22037,1.2152617,2275,115740,118015,0.81448597,0.48080128,0.6574409,0.95967764,0.91476375,0.35106784,3.4257925,0.0,0.46424136,1.1512023,1.9300761,0.0,0.0814637,0.33534047,3.4257925,0.0,0.45893383,control,0.23811088548066311,0.0
A549,2,DAC,14,5,28,1,0.222578078508377,0.0545692294836044,0.4459089040756225,0.0097377952188253,0.3441464304924011,0.0016709009651094,0.444887638092041,0.2611108124256134,0.377710610628128,0.3958706855773926,0.34216473,0.7927391,0.7866626,703,51424,52127,0.1912537,0.3166305,-0.14955002,0.9699158,0.78971094,2.2361374,10.511005,0.0,5.9294147,3.505981,4.8513136,2.0460267,0.25384048,2.218778,10.511005,0.0,5.9846573,control,0.3462015891483843,0.0
A549,2,DAC,14,5,28,2,0.3069938421249389,0.0737620815634727,0.5300137996673584,0.0091439150273799,,,,,,,0.48472372,0.9581628,0.9417348,1650,45901,47551,0.083232544,0.15619364,-0.1746738,0.952848,0.7947549,5.412056,17.554485,0.0,23.475687,7.9931355,12.539948,0.0,2.0879693,5.319276,17.554485,0.0,23.996414,,,
A549,2,DAC,15,5,28,1,0.0807072296738624,0.0009276038617826,0.0811224058270454,0.0008986957254819,0.0797843858599662,0.0002410786401014,0.1305999308824539,0.0473303273320198,0.0919897705316543,0.100344106554985,2.281723,3.4152725,3.4098477,432,89839,90271,0.9737361,0.45766914,0.58380926,0.8790603,0.89488864,0.5131931,1.7030349,0.0,0.06755508,0.4108778,0.7099295,0.16956794,0.020658003,0.513685,1.7030349,0.0,0.06773001,DAC,0.04614020706912076,0.08343804931371132
A549,2,DAC,15,5,28,2,0.098024196922779,0.0076715713366866,0.1459338068962097,0.0044294418767094,0.1481497883796692,0.0060080718249082,0.4351291954517364,0.0050434009172022,0.2056575417518615,0.2595607340335846,1.1292595,1.9295588,1.9210219,1102,102209,103311,0.73764545,-0.2632647,0.32029426,0.94534963,0.92288613,1.0430094,4.0702662,0.0,0.6763627,0.89521474,1.7012223,0.2212361,0.08091492,1.0446028,4.0702662,0.0,0.6825446,DAC,0.10052963064670103,0.10964372290514118
A549,2,DAC,16,5,28,1,0.2191990911960601,0.010519491508603,0.2277162671089172,0.0089887371286749,0.1410445421934127,0.0013016102602705,0.2923441529273987,0.0384362861514091,0.1688223332166671,0.1887007653713226,0.6180052,1.4779669,1.4670386,1200,93231,94431,0.32922018,0.81158876,0.1780482,0.98187214,0.77739304,2.1204977,9.157869,0.0,1.7742517,1.1168196,2.0676339,0.69771415,0.05229114,2.133416,9.157869,0.0,1.7832825,DAC,0.1254151175917818,0.10933619760406241
A549,2,DAC,16,5,28,2,0.2210588157176971,0.0064991605468094,0.224591851234436,0.0058095445856451,0.1571631878614425,0.0017936150543391,0.3145485818386078,0.0193366985768079,0.1905807852745056,0.2126250714063644,0.7995999,1.2580724,1.2529991,1594,142453,144047,0.5932321,0.34729692,0.471504,0.96573514,0.85213596,2.2578242,10.125408,0.0,1.110027,1.513145,3.3506653,0.7729232,0.13367759,2.2661567,10.125408,0.0,1.1146773,DAC,0.16992113865875627,0.09797833199398523
A549,2,DAC,17,5,28,1,0.0985643044114112,0.001900109113194,0.0996303483843803,0.0018144495552405,,,,,,,0.72157025,1.5772868,1.5649037,1915,130420,132335,0.6660833,0.70399475,0.5437015,0.9770587,0.8608683,0.6429984,2.8003097,0.0,0.07574107,0.283545,0.562348,0.104411356,0.003381721,0.6482764,2.8003097,0.0,0.07487851,,,
A549,2,DAC,18,5,28,1,0.1601332575082779,0.009763691574335,0.1917770206928253,0.0056245373561978,0.1428978145122528,0.0017265896312892,0.3101143538951874,0.0154601763933897,0.1744230985641479,0.197529524564743,0.83475775,1.1344222,1.1319876,1014,123801,124815,0.8238702,-0.3302607,0.44561678,0.9478745,0.8758892,1.7513645,6.8446617,0.0,1.4140052,1.5373247,3.2612069,0.8492781,0.28322342,1.7531178,6.8446617,0.0,1.4228883,DAC,0.17263643835338377,0.09695023075572745
A549,2,DAC,18,5,28,2,0.1806404292583465,0.0068719941191375,0.1884596496820449,0.0056958529166877,0.1365332007408142,0.0018792931223288,0.2985228300094604,0.0,0.1703924983739853,0.1922344416379928,0.79364187,1.125753,1.1230788,957,117890,118847,0.5957139,0.094315365,0.37612393,0.945184,0.8431148,1.3113973,5.594732,0.0,0.55190605,1.001748,2.2654402,0.55018246,0.10701101,1.313911,5.594732,0.0,0.5547329,DAC,0.11249296056169884,0.11017510479085761
A549,2,DAC,19,5,28,1,0.1600487530231475,0.0011345575330778,0.1600619256496429,0.001132542733103,0.1567121893167495,0.0002986548352055,0.2047806829214096,0.1010062769055366,0.1704939752817154,0.1783525496721267,1.0813763,0.96987075,0.97262365,600,23703,24303,0.95829314,0.6149727,0.9691514,0.9971996,0.9907664,2.4151952,3.3978403,0.0,0.05804707,2.4249775,2.7681196,2.1023746,0.016497409,2.4149477,3.3978403,0.0,0.059096303,DAC,0.27231688834967177,0.042718140341378885
A549,2,DAC,19,5,28,2,0.2056510597467422,0.0046805860474705,0.2058962732553482,0.0046356758102774,0.1435761451721191,0.001450547715649,0.2716677784919739,0.0470927990972995,0.1743478775024414,0.1932649910449981,1.2328545,2.2684493,2.2473388,1044,50171,51215,0.75771224,0.34378928,0.33843488,0.95428854,0.86556464,2.7772932,8.8492155,0.0,1.6038139,1.9152287,3.5900445,0.9700939,0.24423555,2.7952313,8.8492155,0.0,1.616319,DAC,0.2150737976174983,0.07724508182406417
A549,2,DAC,2,5,28,1,0.0972857996821403,0.0028994686435908,0.1015477776527404,0.0025936963502317,0.1042436882853508,0.0014156013494357,0.1743409037590026,0.0483258143067359,0.1373661905527115,0.1541556864976883,0.879122,1.4201765,1.4121641,1610,107109,108719,0.7397905,0.71689016,0.44966504,0.9862442,0.8900938,0.65330666,2.9109247,0.0,0.12656836,0.42168245,0.7134708,0.2381988,0.004252898,0.6567883,2.9109247,0.0,0.12758838,control,0.13197503298252863,0.0
A549,2,DAC,20,5,28,1,0.1653365939855575,0.0048224623315036,0.1738876849412918,0.0035849497653543,0.1357136517763137,0.000982038443908,0.2366430461406707,0.0553948543965816,0.1608393341302871,0.1779762804508209,1.0152605,1.4573915,1.4495264,2016,111311,113327,0.6778857,0.07505898,0.40288576,0.9627108,0.90999275,1.474818,4.581389,0.0,0.40250406,1.0548235,1.8061045,0.56638443,0.06832482,1.4824247,4.581389,0.0,0.4053039,DAC,0.11845316225742714,0.10995631918443419
A549,2,DAC,20,5,28,2,0.2309153228998184,0.005435568280518,0.231429249048233,0.005328731611371,0.1769760102033615,0.0017095390940085,0.2656280696392059,0.0260114911943674,0.208470344543457,0.2218266576528549,0.7043694,1.1478993,1.1429906,1231,110000,111231,0.82023686,0.6775961,0.5601128,0.9707006,0.89491785,1.9078474,4.851847,0.0,0.43643308,1.326435,2.0324495,0.49677774,0.06715888,1.9143541,4.851847,0.0,0.43674028,DAC,0.14895422815184756,0.10473609690443919
A549,2,DAC,20,5,28,3,0.1863991469144821,0.0038754376582801,0.1865788549184799,0.0038456458132714,0.1272558271884918,0.0008859977824613,0.2286409735679626,0.0387231707572937,0.1508855819702148,0.1658324748277664,1.1919276,2.3054078,2.2862186,2004,114283,116287,0.76426065,0.45779127,0.43536252,0.9564491,0.8855415,1.4871606,4.941157,0.0,0.33366233,0.9102697,1.652297,0.47517517,0.04401984,1.4972765,4.941157,0.0,0.3328032,DAC,0.10222025246130706,0.10980337211775504
A549,2,DAC,3,5,28,1,0.1843521445989608,0.0863956809043884,0.6328632235527039,0.012741906568408,,,,,,,1.0454215,1.1971861,1.1959466,747,90708,91455,0.5214479,0.2691638,0.08909568,0.963206,0.8504644,1.749694,10.1412735,0.0,7.966574,5.712705,8.239264,0.0,3.5924559,1.7170581,10.1412735,0.0,7.872194,,,
A549,2,DAC,3,5,28,2,0.1809416860342025,0.0773082450032234,0.5943709015846252,0.0082177286967635,,,,,,,0.65955144,0.9532771,0.9519003,472,100215,100687,0.36852455,0.70360327,-0.009853688,0.9920754,0.81186646,1.741699,10.141412,0.0,7.291323,5.3694167,6.8676534,4.065593,0.20351984,1.724613,10.141412,0.0,7.2624307,,,
A549,2,DAC,3,5,28,3,0.2144286334514618,0.0191568173468112,0.2739761471748352,0.0081621231511235,0.1583254337310791,0.000652413116768,0.2084945738315582,0.0993057116866111,0.179400160908699,0.1903157234191894,0.7214363,1.573751,1.5724818,149,99898,100047,0.88148,-0.018875852,0.22203699,0.9958779,0.8594603,1.1708953,4.842293,0.0,0.7550604,0.70455843,0.84011245,0.5490259,0.003145648,1.1715908,4.842293,0.0,0.755857,control,0.1839136559823929,0.0
A549,2,DAC,3,5,28,4,0.1911220103502273,0.0156417954713106,0.244325041770935,0.0069972043856978,0.1358963996171951,0.000476805405924,0.193507120013237,0.0689152181148529,0.1532840132713318,0.1628027707338333,0.6849994,1.7301333,1.7281141,200,103319,103519,0.99070185,0.10893575,0.44686127,0.997459,0.87062275,1.1619215,5.717735,0.0,0.8706121,0.5978739,0.7517477,0.48178872,0.002158147,1.1630133,5.717735,0.0,0.87167615,control,0.16648532064945273,0.0
A549,2,DAC,4,5,28,1,0.1609340459108352,0.0020733198616653,0.1618219316005706,0.0019410795066505,0.1532007306814193,0.0008282948401756,0.2478933781385421,0.0700978711247444,0.1751660257577896,0.1921482682228088,1.2223284,1.5502412,1.5476266,1100,136867,137967,0.87820697,-0.1416043,0.7405943,0.93249345,0.93561435,1.0137668,3.359086,0.0,0.1537885,0.79568917,1.973177,0.32306862,0.1144126,1.0155194,3.359086,0.0,0.15371965,control,0.19716105737813933,0.0
A549,2,DAC,4,5,28,2,0.1379023939371109,0.0297275707125663,0.3184271156787872,0.0111592635512351,0.2755052149295807,0.0070796152576804,0.4245683252811432,0.0,0.3365436792373657,0.3583710789680481,1.3136089,1.3778324,1.3770677,1840,152687,154527,0.6147368,0.027600057,0.4383533,0.93804616,0.9110414,1.0633501,5.4627066,0.0,1.7112886,2.143851,4.12276,0.0,0.44054645,1.0503291,5.4627066,0.0,1.7123637,control,0.30341810964138016,0.0
A549,2,DAC,5,5,28,1,0.2266580611467361,0.0038782944902777,0.2266580611467361,0.0038782944902777,0.1752995997667312,0.0026538581587374,0.3578547239303589,0.0663832500576973,0.2164364010095596,0.2470872700214386,1.3268855,1.9858552,1.9734805,1182,61761,62943,0.79389626,0.40869474,0.48329902,0.9198827,0.89127254,2.1154137,4.7111635,0.60760325,0.461278,1.7118163,3.2091355,0.8266952,0.29355353,2.1231377,4.7111635,0.60760325,0.46131077,DAC,0.19223126327656578,0.08863898982151372
A549,2,DAC,5,5,28,2,0.1204773560166359,0.0016648359596729,0.1205012872815132,0.0016622839029878,0.0954736173152923,0.0005099043482914,0.1701161712408065,0.0066391802392899,0.1131177842617034,0.1236891895532608,0.7852601,1.3074807,1.2988573,1414,84217,85631,0.62429047,0.59362775,0.47663224,0.945136,0.89625424,1.1479199,3.3666806,0.19093643,0.24584875,0.8157999,1.5065416,0.19093643,0.07704904,1.153496,3.3666806,0.23993059,0.24679978,DAC,0.09161160888460756,0.10829378611400403
A549,2,DAC,6,5,28,1,0.1181380301713943,0.0020191872026771,0.1192816123366355,0.0019023270579054,0.1149163693189621,0.0014857806963846,0.2126485258340835,0.0206748284399509,0.1467005908489227,0.1670902371406555,1.0304048,1.5612957,1.5502644,2033,95806,97839,0.8158261,0.2785841,0.59514874,0.9433714,0.9344818,0.47605503,1.3609214,0.0,0.0314142,0.3614831,0.6785426,0.09037601,0.013717818,0.4784863,1.3609214,0.0,0.031505257,control,0.11813663552780937,0.0
A549,2,DAC,6,5,28,2,0.1174327433109283,0.0019823990296572,0.1178029552102088,0.0019450380932539,0.1193355768918991,0.001590697444044,0.2601402997970581,0.0339285023510456,0.1509114950895309,0.1740338951349258,1.0446779,1.5856389,1.5793536,928,78943,79871,0.88893926,0.8690145,0.50420004,0.9801112,0.8902995,0.6546558,3.4946058,0.0,0.12479569,0.48878938,0.7841628,0.28716603,0.007442573,0.6566056,3.4946058,0.0,0.125848,control,0.14608221798553161,0.0
A549,2,DAC,6,5,28,3,0.0584186688065528,0.0031328652985394,0.0892478302121162,0.0020347291138023,0.0679041072726249,0.0012308796867728,0.1976612657308578,0.0,0.0960214883089065,0.1138152554631233,1.0494015,1.3250084,1.3196429,879,44272,45151,0.9060381,-0.01974149,0.74538046,0.9404543,0.9489771,0.51530296,1.9695928,0.0,0.17241941,0.528131,0.8596196,0.0,0.029512882,0.51504827,1.9695928,0.0,0.17525335,DAC,0.05930735050572656,0.09446913436113352
A549,2,DAC,7,5,28,1,0.257732480764389,0.0083124246448278,0.2589799165725708,0.0080295959487557,0.1809033751487732,0.0035731005482375,0.3363715410232544,0.068076841533184,0.2329970598220825,0.2620327770709991,0.520122,0.9263455,0.91917235,1800,100135,101935,0.36291876,0.1718807,0.21023777,0.85782623,0.8310602,2.277136,6.7173643,0.0,1.0446184,1.5018959,3.1689415,0.63109857,0.44443542,2.291072,6.7173643,0.0,1.0444095,DAC,0.16865790223337324,0.09844551932895257
A549,2,DAC,7,5,28,2,0.2998559474945068,0.0037864914629608,0.2998738586902618,0.003781345905736,,,,,,,0.6731978,0.7751236,0.7742102,600,66359,66959,0.8884989,0.5619497,0.746666,0.9951612,0.9466387,3.453197,9.773659,0.0,0.7604115,3.2992768,4.031453,2.769847,0.049441632,3.4545891,9.773659,0.0,0.7666236,,,
A549,2,DAC,7,5,28,3,0.1722797751426696,0.0029545533470809,0.1723047345876693,0.0029506857972592,0.1227816790342331,0.0005164685426279,0.2022924572229385,0.0563996583223342,0.140469491481781,0.1532482951879501,0.7795642,1.321144,1.3152672,600,54695,55295,0.5604789,0.5082837,0.32596624,0.9882287,0.8689801,1.7449242,5.76463,0.0,0.50930476,1.2186602,1.857979,0.9117557,0.022860445,1.7506971,5.76463,0.0,0.51156944,DAC,0.1368514774341571,0.10754823472979028
A549,2,DAC,7,5,28,4,0.162104919552803,0.003305459395051,0.1624931246042251,0.0032502941321581,0.1102664172649383,0.0005373699241317,0.2095828652381897,0.0548578165471553,0.1288956105709076,0.1414175182580948,0.7727077,1.3572171,1.3533112,400,59455,59855,0.78205925,0.8608258,0.47474515,0.9888032,0.86674947,1.8639269,6.414604,0.0,0.854935,1.2330664,1.9057981,0.93502295,0.031982053,1.8681712,6.414604,0.0,0.8577761,DAC,0.13846924566373575,0.10722426268179336
A549,2,DAC,8,5,28,1,0.1510606557130813,0.0294849555939435,0.3116814494132995,0.0107733905315399,0.2409892976284027,0.0025804680772125,0.3730458617210388,0.1190200373530387,0.2833695709705353,0.3065257966518402,0.7524592,1.3205935,1.3139985,744,63351,64095,0.5548591,0.56184554,0.10054949,0.97507346,0.7800789,1.8084981,10.312243,0.0,4.4772987,3.063045,4.294705,1.5266474,0.28449675,1.7937651,10.312243,0.0,4.507838,control,0.3354367177509424,0.0
A549,2,DAC,8,5,28,2,0.0759262442588806,0.0076951049268245,0.160107672214508,0.002748779952526,,,,,,,0.17815785,1.275259,1.2687421,600,100407,101007,0.027563404,0.4006393,-0.56012285,0.9011204,0.71950054,0.35576642,3.2072046,0.0,0.26848885,0.20536971,0.50370437,0.07703256,0.006391916,0.35666507,3.2072046,0.0,0.26991907,,,
A549,2,DAC,8,5,28,3,0.124017521739006,0.0100600067526102,0.1815088391304016,0.0042883842252194,0.1466812789440155,0.0013999009970575,0.2672849893569946,0.0288987997919321,0.1766240745782852,0.1948902606964111,0.7659599,1.2738278,1.2604929,1622,60153,61775,0.559544,0.3114586,0.011652447,0.9680401,0.856078,0.7973422,3.2683935,0.0,0.45900244,0.85838693,1.7996854,0.23789822,0.042385966,0.79569614,3.2683935,0.0,0.47013292,DAC,0.09639399036800446,0.10912682248323997
A549,2,DAC,8,5,28,4,0.0481071211397647,0.0055167931132018,0.1441021114587783,0.0026921557728201,0.1424649655818939,0.0020422099623829,0.2757360339164734,0.0183676350861787,0.1777633279561996,0.2004615366458892,0.92384386,1.0610663,1.058723,853,49098,49951,0.7261957,0.17888644,0.38422742,0.9828627,0.95818734,0.24866128,1.2458944,0.0,0.12869202,0.68393975,1.0278174,0.0,0.012944415,0.24109913,1.2458944,0.0,0.12735412,control,0.1807174756711342,0.0
A549,2,DAC,8,5,28,5,0.1569811850786209,0.007245001848787,0.1779488921165466,0.0044815246947109,0.1134915575385093,0.0009562904015183,0.1957354694604873,0.0306542254984378,0.1380614340305328,0.1514471024274826,0.6436091,1.258094,1.2491875,942,64049,64991,0.5218553,0.67363197,0.13077033,0.95931363,0.86934984,1.2433708,4.1423683,0.0,0.56168395,0.8397283,1.2863959,0.2762997,0.043120183,1.2493073,4.1423683,0.0,0.5668792,DAC,0.09429868842707188,0.10879384434923135
A549,2,DAC,8,5,28,6,0.0931167528033256,0.0014086726587265,0.0937319546937942,0.0013603150146082,,,,,,,1.057005,1.914646,1.895395,1067,46468,47535,0.94322693,0.6137732,0.5791592,0.97754294,0.90256774,0.39299056,1.4142283,0.0,0.0330494,0.26395717,0.4238168,0.13775598,0.002563444,0.39595336,1.4142283,0.0,0.033358335,,,
A549,2,DAC,9,5,28,1,0.1621270775794983,0.0042709321714937,0.1695477217435836,0.0032082630787044,0.1293172389268875,0.0009341982076875,0.2243028283119201,0.0375795401632785,0.1532086730003357,0.1701787561178207,0.9306606,1.5397888,1.5276809,1615,79632,81247,0.87850606,0.4352727,0.4823317,0.9818781,0.89745176,0.8290962,2.7040093,0.0,0.17000215,0.5595652,0.9107894,0.3165744,0.01005566,0.8345624,2.7040093,0.0,0.17174272,control,0.15964525561813872,0.0
A549,2,DAC,9,5,28,2,0.1779734194278717,0.0333647839725017,0.3490248322486877,0.0057307011447846,,,,,,,0.97196794,1.5361046,1.5308517,400,42559,42959,0.8148512,0.8706595,0.32955682,0.99108905,0.9073924,3.271551,11.521983,0.0,11.316832,4.8381953,6.3569465,3.548015,0.22597383,3.2568269,11.521983,0.0,11.397785,,,
A549,4,DAC,0,4,15,1,0.0406360998749733,0.0050041312351822,0.1436661481857299,0.0028898322489112,,,,,,,,1.3012697,1.3012697,0,70894,70894,0.517285,,0.2131264,,0.8601427,0.36851865,2.9137425,0.0,0.41817772,,,,,0.36851865,2.9137425,0.0,0.41817772,,,
A549,4,DAC,1,4,15,1,0.1271646171808242,0.0207808949053287,0.2628180384635925,0.0072968285530805,0.1774341613054275,0.0033495505340397,0.375060886144638,0.0,0.2236924469470977,0.2534726858139038,1.0809886,2.0116086,1.995361,1614,90833,92447,0.78222924,0.35277915,0.40777048,0.9156609,0.8769023,1.3090327,6.7965755,0.0,2.3001542,1.570864,3.6019423,0.3134563,0.43328515,1.3043802,6.7965755,0.0,2.3320868,DAC,0.17640278992300706,0.09547162463017578
A549,4,DAC,1,4,15,2,0.1001640856266021,0.0163579508662223,0.2392564117908477,0.0057945945300161,0.128693401813507,0.0016049571568146,0.258936733007431,0.0074929329566657,0.1603381484746933,0.1799055784940719,1.2395457,2.3144872,2.2986484,1034,69141,70175,0.78345907,0.3550682,0.5417332,0.93984705,0.9106065,1.4897132,7.1229334,0.0,3.568655,1.9206605,4.003891,0.93928295,0.44769332,1.4832685,7.1229334,0.0,3.6125093,DAC,0.21568377064782038,0.07691896534223266
A549,4,DAC,10,4,15,1,0.2066349238157272,0.0129021201282739,0.2432815134525299,0.0062748659402132,0.1344093978404998,0.0008722559432499,0.2101942300796508,0.0576984696090221,0.1583329439163208,0.1715524196624755,0.5796023,1.3941469,1.389534,357,62682,63039,0.34848192,0.89224994,0.19904672,0.98930836,0.8379724,1.3060613,4.4564333,0.0,0.7231704,0.72514594,1.0393761,0.4935964,0.012047032,1.3093697,4.4564333,0.0,0.7252875,control,0.18702877715683341,0.0
A549,4,DAC,10,4,15,2,0.0742055177688598,0.0084593165665864,0.1750089824199676,0.0023092490155249,,,,,,,0.55933297,1.0855517,1.0754822,800,41007,41807,0.64079285,-0.15437873,0.26395512,0.9274396,0.9145086,0.19349785,1.0502449,0.0,0.06336592,0.27084866,0.5371347,0.0,0.011485636,0.19198887,1.0502449,0.0,0.06425902,,,
A549,4,DAC,11,4,15,1,0.0665926858782768,0.0139635484665632,0.2657020688056946,0.0028102141804993,0.2340407222509384,0.0018811960471794,0.3934148848056793,0.1177275106310844,0.2690496146678924,0.2911311089992523,0.6531652,0.861387,0.8582625,2361,154982,157343,0.71258575,-0.07079121,0.42316127,0.97621495,0.8694044,0.40345034,4.409931,0.0,0.53642917,1.3232147,2.3893251,0.0,0.07514508,0.3894387,4.409931,0.0,0.5303727,control,0.2534252157843162,0.0
A549,4,DAC,12,4,15,1,0.0571922808885574,0.0093535706400871,0.1924570649862289,0.0054429317824542,0.1412976682186126,0.0007133235922083,0.2134331613779068,0.0744158923625946,0.1624288409948349,0.1750884056091308,0.7222165,1.211396,1.2103777,200,95879,96079,0.5695581,0.008420579,0.30756134,0.996469,0.8571415,0.86311734,7.4794416,0.0,2.0450778,1.7874138,2.150016,1.387792,0.018558638,0.86118937,7.4794416,0.0,2.047519,DAC,0.2007206104837107,0.08459958692540986
A549,4,DAC,12,4,15,2,0.0730538666248321,0.0078121991828083,0.1571002751588821,0.0035962020047008,0.1014072522521019,0.0017662902828305,0.2371008545160293,0.0008940647239796,0.1352433413267135,0.1580772846937179,0.7952397,1.3652701,1.3631023,311,81464,81775,0.7089906,0.79424405,0.1508713,0.98457074,0.8699364,1.1907383,6.6135383,0.0,1.9986922,1.7085365,2.6533244,1.057346,0.10895772,1.1887616,6.6135383,0.0,2.004879,DAC,0.19186295267145326,0.08880861717580457
A549,4,DAC,13,4,15,1,0.1127108111977577,0.0165622793138027,0.2240994125604629,0.0079681472852826,0.1558214575052261,0.0022026121150702,0.2943260371685028,0.0212088394910097,0.1930816918611526,0.2162595093250274,0.729607,0.8399268,0.83746576,2276,99755,102031,0.532885,0.26339626,0.496569,0.90714264,0.84977007,1.3821851,7.3440285,0.0,2.6085482,2.0452912,4.3412414,0.6676098,0.6760258,1.3670559,7.3440285,0.0,2.6423786,DAC,0.22967938273776406,0.06915817418204179
A549,4,DAC,14,4,15,1,0.0703231990337371,0.0101019060239195,0.1928610205650329,0.0040716608054935,0.1810432225465774,0.0028526061214506,0.3525265753269195,0.0300885848701,0.2245020419359207,0.2523202300071716,1.2149514,1.0859264,1.0871521,1282,133644,134926,0.61879545,0.47367236,0.612066,0.96991456,0.8771944,0.54184645,3.6902912,0.0,0.63212353,1.2409256,2.2978792,0.66817844,0.07953607,0.53514045,3.6902912,0.0,0.6326913,DAC,0.1393518076210808,0.1070405091310774
A549,4,DAC,15,4,15,1,0.0706840083003044,0.0069095916114747,0.1383475214242935,0.0041628428734838,0.1058319061994552,0.0014501777477562,0.2070303410291671,0.0,0.136401429772377,0.1545784920454025,0.85907525,0.99384207,0.99298567,443,69268,69711,0.6863415,0.3467734,0.4831195,0.96659917,0.85629106,0.78997743,4.765154,0.0,0.8361001,1.0914477,1.7412496,0.6422266,0.06925735,0.7880494,4.765154,0.0,0.84041923,DAC,0.1225659378119616,0.10963543135089066
A549,4,DAC,15,4,15,2,0.0144552001729607,0.0011038632364943,0.0686670318245887,0.0015211545396596,0.0495614036917686,0.0011991750216111,0.1744356155395507,0.0,0.077327623963356,0.0955385789275169,1.2157143,1.5341517,1.5321604,600,95351,95951,0.9454372,-0.44545612,0.6941161,0.98258793,0.9523354,0.32621485,2.6841226,0.0,0.39369595,1.1435999,1.7831702,0.0,0.05597098,0.32107148,2.6841226,0.0,0.39159054,DAC,0.12842245599598173,0.1089548712619878
A549,4,DAC,16,4,15,1,0.0376927591860294,0.005196179728955,0.1580483019351959,0.0027659449260681,0.1348088532686233,0.0022207577712833,0.3476222455501556,0.0058413292281329,0.1719481647014618,0.1971288472414016,0.8492396,1.4881511,1.4715542,1697,63630,65327,0.84469026,0.052065417,0.33870578,0.97186863,0.91973364,0.31934047,2.7671618,0.0,0.35744604,0.93363166,1.9587946,0.0,0.06805193,0.30295774,2.7671618,0.0,0.3548318,DAC,0.10484372268028827,0.10999406779434054
A549,4,DAC,16,4,15,2,0.1132333949208259,0.0045532924123108,0.1307363808155059,0.0029688384383916,0.098775178194046,0.0008573959348723,0.1935475021600723,0.014065851457417,0.1220124885439872,0.1374820321798324,0.74046606,0.9144404,0.9131452,918,122393,123311,0.5776829,0.78866947,0.39386243,0.9896816,0.83215547,1.001963,4.8882256,0.0,0.6437963,0.8575885,1.2942965,0.5674718,0.017119495,1.003046,4.8882256,0.0,0.64833915,DAC,0.09630432934097842,0.10911357292561973
A549,4,DAC,17,4,15,1,0.1561023294925689,0.0107976468279957,0.2099992781877517,0.003207394387573,0.1511655300855636,0.0008668572991155,0.2236320972442627,0.0576941594481468,0.1744863986968994,0.1873853206634521,0.67617387,1.3803704,1.3759705,355,56460,56815,0.7402174,0.36761773,0.2987094,0.9660073,0.9113224,0.8409207,2.83866,0.0,0.33843762,0.62144434,0.90028816,0.3389714,0.01708675,0.84230065,2.83866,0.0,0.34015337,control,0.17053324135706902,0.0
A549,4,DAC,17,4,15,2,0.1700374633073806,0.0016591111198067,0.1700374633073806,0.0016591111198067,0.1507274955511093,0.0008571468642912,0.2349883317947387,0.0846395194530487,0.1746842265129089,0.1906089931726455,0.9063154,1.4404306,1.4335235,600,45798,46398,0.7955599,-0.06463974,0.37447882,0.9545079,0.85418767,0.8208537,2.3641655,0.16870655,0.14417431,0.5825888,0.9700218,0.36284742,0.021924108,0.82397515,2.3641655,0.16870655,0.14502238,control,0.16379585161385643,0.0
A549,4,DAC,17,4,15,3,0.06460452824831,0.008470362983644,0.1780363321304321,0.0031475343275815,0.1272601932287216,0.0010518867056816,0.2282895594835281,0.0544546134769916,0.1533579677343368,0.1701480150222778,0.822749,1.7638937,1.7584131,400,68287,68687,0.63288516,0.92874765,0.36835948,0.99393207,0.8775942,0.54206276,3.6242578,0.0,0.64317185,0.65975267,1.0987066,0.4716662,0.009619945,0.54137343,3.6242578,0.0,0.6468013,control,0.17686692918011968,0.0
A549,4,DAC,17,4,15,4,0.0698615461587905,0.0058934544213116,0.1379972696304321,0.0022387765347957,0.1221356764435768,0.0010616099461913,0.2130410969257354,0.0114093897864222,0.1477048695087433,0.1624538451433181,0.80763704,1.2231214,1.2170578,1426,96285,97711,0.577548,0.29924607,0.32327688,0.9790219,0.8840354,0.30558497,2.5964818,0.0,0.15246317,0.42194125,0.77711827,0.23275724,0.008651408,0.30386174,2.5964818,0.0,0.15438956,control,0.13203199546023123,0.0
A549,4,DAC,18,4,15,1,0.0627644062042236,0.0012503504985943,0.0675968825817108,0.0010199596872553,,,,,,,0.8293386,1.3349233,1.3246062,1337,64182,65519,0.73554426,0.63121104,0.52809334,0.9867509,0.90530217,0.29951778,1.2882746,0.0,0.02906377,0.2184726,0.3220605,0.12465062,0.00118336,0.301206,1.2882746,0.0,0.029504875,,,
A549,4,DAC,18,4,15,2,0.0364570692181587,0.0033469225745648,0.1102313324809074,0.0019874961581081,0.0710131078958511,0.0009258713689632,0.1627543121576309,0.0,0.0950280576944351,0.1084799468517303,0.8088197,1.3687884,1.360369,790,51753,52543,0.5932868,0.51735675,0.30193737,0.94118655,0.9010603,0.22268277,1.745595,0.0,0.122374095,0.39808482,0.8583088,0.0,0.033560358,0.22000532,1.745595,0.0,0.123252995,DAC,0.04470359806704977,0.08198891528359525
A549,4,DAC,2,4,15,1,0.2021633684635162,0.0510374531149864,0.4205018877983093,0.0143466666340827,0.2996415495872497,0.001007845508866,0.3927236497402191,0.2032943665981292,0.3249177038669586,0.3412343859672546,0.69543165,0.9409623,0.9399306,400,94799,95199,0.8237266,-0.29885748,0.5793997,0.98969823,0.8470577,1.7918489,8.646533,0.0,4.450729,2.118305,3.0649028,1.5214974,0.093775705,1.7904714,8.646533,0.0,4.468661,control,0.3022586617985025,0.0
A549,4,DAC,3,4,15,1,0.0875234380364418,0.0028563733212649,0.0979569181799888,0.0021748440340161,,,,,,,1.1021888,1.545505,1.5418901,400,48655,49055,0.8454295,0.4837126,0.39776024,0.96981716,0.88621515,0.5041277,2.0859523,0.0,0.09606402,0.36306992,0.6236876,0.20445469,0.009029597,0.50528735,2.0859523,0.0,0.0966146,,,
A549,4,DAC,3,4,15,2,0.0437736324965953,0.0081499256193637,0.2054141461849212,0.0050414693541824,0.1981168389320373,0.0020620631985366,0.3348042964935303,0.0491676032543182,0.2345796972513198,0.2558609545230865,0.9993652,1.1512221,1.1489847,880,58847,59727,0.5498405,0.67066854,0.25930429,0.9889978,0.875779,0.37271532,3.4187715,0.0,0.57654506,1.4918959,2.4784462,0.0,0.19422482,0.35597932,3.4187715,0.0,0.5632515,DAC,0.16753493557347776,0.09885479580403528
A549,4,DAC,3,4,15,3,0.0889869853854179,0.0022950670681893,0.0945183709263801,0.0019149102736264,,,,,,,0.90476245,2.0427547,2.0031657,1539,42700,44239,0.63625616,0.46203828,0.12439537,0.9681038,0.8490724,0.47192448,1.6177194,0.0,0.06646507,0.27126533,0.47737703,0.13564955,0.003793345,0.47915652,1.6177194,0.0,0.06722037,,,
A549,4,DAC,3,4,15,4,0.1283586770296096,0.0177951343357563,0.2320777475833892,0.0081034461036324,0.187447503209114,0.0028882520273327,0.3658627271652221,0.0350431315600872,0.2307649850845337,0.2553641200065613,0.8329049,1.1753758,1.1677672,1135,49952,51087,0.49735186,0.28606644,0.10288029,0.9430477,0.8277861,1.5470158,6.8541603,0.0,2.750608,2.4341557,4.5235114,1.01374,0.4322857,1.5268588,6.8541603,0.0,2.7849953,DAC,0.27334756960945705,0.0420346662377622
A549,4,DAC,4,4,15,1,0.1724315136671066,0.0072671072557568,0.1777922362089157,0.0065399380400776,0.1554597467184066,0.0017893309704959,0.2782692313194275,0.0330862551927566,0.1889313161373138,0.2066607326269149,0.6717654,1.0607401,1.0516249,2571,107140,109711,0.42361507,0.17019978,0.39778808,0.9385802,0.82257617,1.6698134,6.3798513,0.0,0.6239407,1.1967,2.1941016,0.43583575,0.11226447,1.6811665,6.3798513,0.0,0.6307189,DAC,0.1343854201896934,0.10800943404132149
A549,4,DAC,4,4,15,2,0.1112126111984252,0.0033855377696454,0.1207393780350685,0.0025252944324165,0.1016774401068687,0.0006312569021247,0.1870868057012558,0.0312377717345953,0.1215789392590522,0.1343774646520614,0.8213526,1.3161108,1.3106786,927,83504,84431,0.6905992,0.7284615,0.4130004,0.9872057,0.91519505,1.4472907,4.9211125,0.0,0.4885928,0.9431784,1.3650633,0.6293636,0.019017924,1.4528868,4.9211125,0.0,0.4909532,DAC,0.10591578975335733,0.1100525188406144
A549,4,DAC,4,4,15,3,0.0989666283130645,0.0011017541401088,0.0989666283130645,0.0011017541401088,0.0860874056816101,6.7980116000399e-05,0.106939285993576,0.0657794177532196,0.0926210656762123,0.0968210473656654,0.7121286,1.0543674,1.0525019,800,145951,146751,0.81739044,0.90252244,0.64978683,0.99675655,0.8672966,0.6824729,2.3032904,0.3174279,0.098177195,0.47451076,0.56451213,0.36559248,0.001116541,0.6836127,2.3032904,0.3174279,0.09847086,DAC,0.053285976324167095,0.08990213933381883
A549,4,DAC,4,4,15,4,0.1291509568691253,0.0028254680801182,0.1291775107383728,0.0028226168360561,0.0856208875775337,0.0005644941702485,0.1512679159641266,0.0347126685082912,0.1050954759120941,0.1173384189605712,0.7351135,2.3439596,2.3345041,200,33831,34031,0.036303688,0.021300897,-0.37574407,0.9747791,0.69335705,1.3303812,3.7273538,0.30398834,0.36620188,0.7137104,1.1175683,0.51776296,0.01372121,1.3340266,3.7273538,0.30398834,0.36602423,DAC,0.08014729840206748,0.1051603939924546
A549,4,DAC,4,4,15,5,0.1962182074785232,0.0380880944430828,0.3276340067386627,0.0205410439521074,0.2924380600452423,0.0077298707328736,0.460820198059082,0.0982036739587783,0.3672201037406921,0.396291971206665,0.7393535,0.8736875,0.8719623,1559,119832,121391,0.3593593,-0.07574119,0.15517756,0.9012701,0.7985203,1.6169434,6.079352,0.0,2.3666172,2.420821,4.175125,0.7494986,0.6322271,1.6064852,6.079352,0.0,2.3806648,DAC,0.27185012725748625,0.043027049986534005
A549,4,DAC,4,4,15,6,0.1140690296888351,0.0011885717976838,0.1140778511762619,0.0011876573553308,0.1042263060808181,0.0001230507623404,0.132562056183815,0.0806128233671188,0.1133595257997512,0.1190437525510788,0.78923106,1.1838366,1.1826158,400,128895,129295,0.8201299,0.9289576,0.6697963,0.9963525,0.8855062,0.75003135,2.6971874,0.0,0.095601045,0.49156678,0.5808873,0.4078793,0.001422883,0.7508334,2.6971874,0.0,0.09568537,control,0.14663872587008575,0.0
A549,4,DAC,5,4,15,1,0.0474628768861293,0.0030181624460965,0.0906481221318245,0.0018496490083634,,,,,,,1.627575,4.74361,4.735461,131,49964,50095,0.955493,0.9361506,0.50782233,0.9540512,0.872056,0.35552266,1.4481273,0.0,0.14126046,0.26619413,0.49701425,0.13244508,0.010078356,0.35575688,1.4481273,0.0,0.14158343,,,
A549,4,DAC,5,4,15,2,0.0476595275104045,0.0047374311834573,0.1252901703119278,0.0027276834007352,0.049794252961874,0.000779436668381,0.1032012999057769,0.0,0.0730111002922058,0.0870924666523933,0.99208635,2.7578375,2.7530937,132,49003,49135,0.99683726,0.02830286,0.54852045,0.9968296,0.9083829,0.61740535,3.3203309,0.0,0.7059842,0.50176686,0.5929255,0.3761212,0.001543694,0.6177168,3.3203309,0.0,0.70784557,DAC,0.056346745482044845,0.092318109955904
A549,4,DAC,6,4,15,1,0.2367304563522339,0.010619718581438,0.2384258210659027,0.0102915568277239,0.1830186545848846,0.0010824800701811,0.2788759469985962,0.0715187564492225,0.2100620716810226,0.2252403050661087,0.48737463,0.7667725,0.76267624,1000,67207,68207,0.41343954,0.5996419,0.3818048,0.9700312,0.8025246,2.1923203,7.8658204,0.0,1.6491086,1.724792,2.7627194,1.0615417,0.13085066,2.1992767,7.8658204,0.0,1.6683983,DAC,0.1936883911254464,0.08796321271421997
A549,4,DAC,6,4,15,2,0.1399415284395218,0.0080406805500388,0.1797610372304916,0.0031706131994724,0.1077420711517334,0.0008792506996542,0.2015701085329055,0.0391518734395504,0.1311326473951339,0.1475666463375091,1.0755168,1.8156445,1.8107011,400,59487,59887,0.8628039,0.85540915,0.48722467,0.9902755,0.91485167,0.9177166,3.0971804,0.0,0.42022917,0.64465654,0.96148366,0.44945115,0.009553261,0.9195526,3.0971804,0.0,0.42248586,DAC,0.0723927801503584,0.10201346477808713
A549,4,DAC,7,4,15,1,0.1150261312723159,0.0057755401358008,0.1452109068632125,0.0029079786036163,0.1181360036134719,0.0012836483074352,0.2351464033126831,0.0020380998030304,0.1466024369001388,0.1627958714962005,1.0976936,0.99964875,1.0023397,1850,65557,67407,0.81374913,0.08398232,0.6331241,0.9615142,0.88703376,1.2310681,4.8757277,0.0,0.81730276,1.4392707,2.7267122,0.5980088,0.14961997,1.2251928,4.8757277,0.0,0.83488655,DAC,0.16162530106644452,0.10091219578191551
A549,4,DAC,8,4,15,1,0.1351834684610366,0.0476401224732399,0.4663042426109314,0.0099276592954993,0.3032244741916656,0.0016624849522486,0.4074825644493103,0.2093947529792785,0.3361059129238128,0.3575880527496338,0.4613136,0.6515067,0.6461347,1800,61927,63727,0.1680147,0.12377367,0.15035893,0.9291691,0.78435755,1.3269176,9.357783,0.0,4.788914,4.18997,7.9389763,0.0,1.3989886,1.2437003,9.357783,0.0,4.6422644,control,0.3592153783824034,0.0
A549,4,DAC,8,4,15,2,0.1467833817005157,0.0051204464398324,0.1616024523973465,0.0032426011748611,0.1071371287107467,0.0002280804474139,0.1553995311260223,0.0564997680485248,0.1189558058977127,0.1260640919208526,0.66633135,0.9463412,0.9447018,400,67918,68318,0.8622497,0.76116383,0.68752474,0.99449784,0.8835894,1.7687726,8.060912,0.0,1.4811044,1.5130426,1.8222456,1.1411808,0.021575436,1.7702789,8.060912,0.0,1.4893125,DAC,0.16990963948015894,0.09798261691882412
A549,4,DAC,8,4,15,3,0.0820042937994003,0.0012151082046329,0.0831328928470611,0.0011380078503862,,,,,,,0.8939835,1.423293,1.4097344,800,30431,31231,0.6998941,-0.19179937,0.50234365,0.9831889,0.9009897,0.20139612,0.618867,0.0,0.011808185,0.15281612,0.233049,0.08652635,0.000689954,0.20267323,0.618867,0.0,0.01203679,,,
A549,4,DAC,9,4,15,1,0.217444896697998,0.0097181098535656,0.2474859952926635,0.003625969402492,0.1804842054843902,0.0010547135025262,0.2914912700653076,0.0700054168701171,0.2064025998115539,0.2220635116100311,0.891436,1.5191153,1.5055711,1343,60896,62239,0.61176723,-0.121417984,0.12857255,0.96995544,0.87753725,1.1570226,3.0163686,0.0,0.39338243,0.8871695,1.3326205,0.42990968,0.024284465,1.1629739,3.0163686,0.0,0.39988104,control,0.20917248158634652,0.0
A549,4,DAC,9,4,15,2,0.2043616026639938,0.0462478213012218,0.4151416718959808,0.0064445678144693,0.3283674418926239,0.0021331741008907,0.4597139060497284,0.1956174969673156,0.3649791479110718,0.3847894966602325,0.7033285,0.8303017,0.8271919,2015,80256,82271,0.5131998,0.29695025,0.38992363,0.9785706,0.87019414,1.82711,7.250635,0.0,3.970614,3.3156514,4.583232,1.862418,0.21175933,1.7897372,7.250635,0.0,4.0079594,control,0.34184667621404885,0.0
A549,4,DAC,9,4,15,3,0.1299603283405304,0.0086174085736274,0.1843068301677703,0.0022045841906219,,,,,,,0.86936575,2.0242705,2.0229537,28,24531,24559,0.7149474,-0.002508514,0.2765339,0.9945047,0.93327546,0.3983586,1.0189501,0.0,0.08037694,0.31115803,0.37698954,0.2616236,0.000726772,0.39845812,1.0189501,0.0,0.08045916,,,
A549,4,DAC,9,4,15,4,0.1859462559223175,0.0076834256760776,0.2118870913982391,0.0032587898895144,0.1545625329017639,0.0007547682616859,0.2409300506114959,0.0826180800795555,0.1768248826265335,0.1904696524143219,0.84207207,1.7862731,1.7719276,756,49003,49759,0.5537908,-0.14747564,-0.105092905,0.8498951,0.854785,0.93294436,2.281767,0.0,0.23894371,0.67010057,1.0920174,0.18152611,0.075557604,0.9369994,2.281767,0.0,0.240382,control,0.17852795000700952,0.0
A549,4,DAC,9,4,15,5,0.1619328111410141,0.0125045357272028,0.2194942831993103,0.0043150498531758,0.1481457203626632,0.000622134830337,0.2144002765417099,0.0858744084835052,0.1683214902877807,0.1797791272401809,0.60526,1.1217746,1.1179698,400,53903,54303,0.45285192,0.19317973,0.2872786,0.99251187,0.8210931,1.8422567,8.686069,0.0,2.4070122,1.776667,2.33405,1.2844769,0.035108253,1.8427434,8.686069,0.0,2.4245808,DAC,0.19951378067365422,0.08518859557764885
A549,4,DAC,9,4,15,6,0.1293722838163375,0.0160852465778589,0.2378384470939636,0.0037737449165433,0.2093358635902404,0.0014650918310508,0.3357352018356323,0.0938115492463111,0.2400182634592056,0.2579361200332641,0.61012506,1.099254,1.0874958,1200,48719,49919,0.16190293,0.22440721,-0.29503113,0.9554414,0.73699766,1.264524,7.952165,0.0,1.9875858,2.2348156,3.8995516,1.1536072,0.27647063,1.2406251,7.952165,0.0,2.0059712,DAC,0.2509623409814338,0.056435646899227254
A549,4,DAC,0,5,28,1,0.1315541267395019,0.0078362207859754,0.1554295718669891,0.0055474429391324,0.1164316236972808,0.0010025145020335,0.2307444363832473,0.0309628620743751,0.1414757221937179,0.1580857038497924,1.1356751,1.3130807,1.3117614,752,100366,101118,0.8255308,0.5281762,0.58184224,0.98059946,0.89457196,1.4340185,5.799686,0.0,0.87959903,1.2984228,1.9108496,0.75605273,0.065191776,1.4350344,5.799686,0.0,0.88556206,DAC,0.1458085514848151,0.10555081137953362
A549,4,DAC,0,5,28,2,0.0640958920121193,0.0059242863208055,0.1231690943241119,0.0041083404794335,0.083647534251213,0.0011561734136193,0.1856183260679245,0.0,0.1108772903680801,0.1275328993797302,0.9197446,1.2244611,1.2213414,1407,136016,137423,0.7797602,0.46667385,0.5021843,0.97974205,0.9042236,0.61101663,3.8485463,0.0,0.4738652,0.66801995,1.4478375,0.3661351,0.026414873,0.61042696,3.8485463,0.0,0.47845984,DAC,0.07501641319950529,0.10317921582821753
A549,4,DAC,1,5,28,1,0.0368731692433357,0.0042673572897911,0.1131310760974884,0.0044655972160398,0.0696445330977439,0.0025184443220496,0.2924990057945251,0.0,0.108330488204956,0.1388004869222641,1.1437304,1.6574689,1.6518449,1145,103446,104591,0.87166244,0.051663697,0.3960127,0.9053368,0.8521412,0.52871084,4.6982064,0.0,0.6419738,0.8942948,2.690452,0.3460935,0.21774149,0.5246644,4.6982064,0.0,0.64517367,DAC,0.1004263244517906,0.10963301400193017
A549,4,DAC,10,5,28,1,0.6220831274986267,0.0079409116879105,0.6263247728347778,0.0053383642807602,,,,,,,0.8235402,0.5564762,0.56043446,871,57896,58767,0.63251424,0.80229264,0.83021325,0.96372515,0.92572254,7.216751,12.831739,0.0,1.5507972,6.9669027,10.920398,0.0,6.2128778,7.2205095,12.831739,0.0,1.4797081,,,
A549,4,DAC,10,5,28,2,0.3542135953903198,0.0110339000821113,0.3542135953903198,0.0110339000821113,,,,,,,0.6566659,0.52820027,0.5326014,1372,38675,40047,0.43443358,-0.090816766,0.5618479,0.8155552,0.87354285,7.1288643,16.944263,0.0,4.748568,5.200399,14.154332,0.0,10.55101,7.197275,16.944263,0.0,4.4061236,,,
A549,4,DAC,11,5,28,1,0.0192293059080839,0.0015587521484121,0.0718756094574928,0.0020423447713255,0.0600036829710006,0.0015324641717597,0.1927673816680908,0.0,0.0916722044348716,0.1115011721849441,1.5445416,1.5935023,1.5929598,1384,123559,124943,0.6885061,-0.102382466,0.5383731,0.8963938,0.90424895,0.35807127,2.5777872,0.0,0.32238302,0.8582626,1.706006,0.0,0.10478215,0.35246867,2.5777872,0.0,0.32198656,DAC,0.09638002852352198,0.10912476510055921
A549,4,DAC,12,5,28,1,0.0947326645255088,0.0147084621712565,0.1937842518091201,0.0108928559347987,0.1529247164726257,0.0017615025863051,0.3353317677974701,0.0255170073360204,0.1865921765565872,0.2085795700550079,0.5365614,0.50161964,0.5022226,2888,164471,167359,0.2278192,0.24311581,0.47869784,0.94472915,0.78250885,1.1912003,7.7414703,0.0,2.0163276,1.8815972,4.836334,1.0790112,0.30452925,1.1790773,7.7414703,0.0,2.0378683,DAC,0.21129709229527083,0.07924043743229325
A549,4,DAC,12,5,28,2,0.0828679203987121,0.0123246358707547,0.19485405087471,0.0071589606814086,0.1349434703588485,0.0029106931760907,0.3827226758003235,0.0095359934493899,0.1769069582223892,0.2066115587949752,1.0655758,1.6038221,1.5984412,1418,140421,141839,0.68431735,0.42125,0.34179375,0.9509389,0.8926226,1.0126009,5.672915,0.0,1.5734171,1.5750084,3.6227708,0.7342823,0.23526639,1.0069216,5.672915,0.0,1.5837038,DAC,0.17686819222553415,0.0952847784877647
A549,4,DAC,13,5,28,1,0.1221058964729309,0.0530223250389099,0.5282980799674988,0.0148134911432862,,,,,,,0.554641,0.44304237,0.44491112,1600,93951,95551,0.39957112,0.33743393,0.5403911,0.936556,0.8693302,1.435926,13.985154,0.0,7.210522,5.7956614,10.902796,0.0,3.700691,1.3616798,13.985154,0.0,6.94109,,,
A549,4,DAC,14,5,28,1,0.248823806643486,0.0170640423893928,0.2854269444942474,0.00912672188133,0.1518858969211578,0.0014223827747628,0.2570500075817108,0.052666813135147,0.1818733513355255,0.1965464949607849,0.5305444,0.8462173,0.84554964,173,81618,81791,0.80890846,0.6166306,0.6786522,0.98256046,0.89930946,3.0071018,10.495344,0.0,2.5748138,2.0208275,2.7935238,1.2596132,0.096988104,3.009192,10.495344,0.0,2.5779996,DAC,0.22693219078999555,0.07072211686419516
A549,4,DAC,14,5,28,2,0.1583539098501205,0.0198537241667509,0.2605586051940918,0.0060373973101377,0.1993532180786132,0.0054126731120049,0.4490891098976135,0.0370448902249336,0.2555914521217346,0.3003794252872467,0.7916987,1.4300562,1.417936,668,34515,35183,0.3324902,-0.07840416,-0.23464836,0.9322534,0.8796153,1.565615,5.81087,0.0,1.8751261,1.9464273,4.1489525,1.0589522,0.3698317,1.5582453,5.81087,0.0,1.9013981,DAC,0.2185772963810399,0.07535771048631812
A549,4,DAC,14,5,28,3,0.2859004735946655,0.0318446308374404,0.3608868718147278,0.0131352841854095,0.2291228473186493,0.0027585246134549,0.3699373006820678,0.0950517356395721,0.2724521458148956,0.2981052994728088,0.9686396,1.251875,1.248767,752,67775,68527,0.7735036,0.6967045,0.5285247,0.956354,0.8886607,2.7324667,8.831408,0.0,3.0103688,2.7642221,4.8706656,1.5390754,0.5161397,2.7321143,8.831408,0.0,3.038032,DAC,0.31041292588463,0.016330267841140667
A549,4,DAC,4,5,28,1,0.1343296617269516,0.0192236732691526,0.2145484685897827,0.0134928142651915,0.2234754264354705,0.001703753368929,0.351930558681488,0.0876060128211975,0.2567733824253082,0.2749816179275512,0.49395174,0.37458587,0.37590185,1438,128993,130431,0.41848668,0.42436633,0.57358956,0.93370104,0.81576246,1.4588538,7.3051753,0.0,1.7973553,2.3545668,4.5921755,1.2922857,0.38122508,1.4488686,7.3051753,0.0,1.8040984,DAC,0.26441000148968147,0.04789822679716971
A549,4,DAC,6,5,28,1,0.0775927305221557,0.0068747051991522,0.1342483162879943,0.0042884643189609,0.0956407934427261,0.0013142153620719,0.2136487960815429,0.0,0.1244770511984825,0.1433996111154556,1.1771194,1.4362749,1.4317539,1376,77503,78879,0.6987622,0.34137857,0.49254468,0.96066374,0.89145035,0.84452945,4.1444826,0.0,0.7608129,1.093232,2.122904,0.52203846,0.112557404,0.840114,4.1444826,0.0,0.7712042,DAC,0.12276630875308674,0.10961640823689885
A549,4,DAC,6,5,28,2,0.0585915111005306,0.004675954580307,0.1106162071228027,0.0030730620492249,0.0858384892344474,0.0012812128989025,0.1999038308858871,0.0,0.1145012080669403,0.133252739906311,0.8238234,1.5104073,1.501369,777,58246,59023,0.4931269,0.32042205,0.10383596,0.9478808,0.8656145,0.57908285,2.933754,0.0,0.39719093,0.7187327,1.2562336,0.31565812,0.046637714,0.5772199,2.933754,0.0,0.40160358,DAC,0.0807112859476668,0.10535509884746608
A549,4,DAC,7,5,28,1,0.0275826808065176,0.0027231913991272,0.0977035164833068,0.0027950508520007,0.0653844252228736,0.001187750371173,0.1722596436738968,0.0,0.0927865505218505,0.1112694963812828,1.234107,1.8493142,1.8446943,588,77715,78303,0.86971855,0.8563751,0.5216335,0.97833604,0.89254284,0.37616336,3.445584,0.0,0.4095968,0.7263198,1.261925,0.38001415,0.02212591,0.37351406,3.445584,0.0,0.41159377,DAC,0.0815632919821961,0.10564086436745505
A549,4,DAC,7,5,28,2,0.1187009885907173,0.0145911807194352,0.2175095528364181,0.0052453014068305,0.2007560282945633,0.0014346488751471,0.3362761735916137,0.0916199162602424,0.2296389192342758,0.2494452446699142,0.6930998,0.7725573,0.7719714,400,53855,54255,0.7950783,0.46075597,0.5717037,0.99441105,0.93597466,1.1871463,4.7063355,0.0,1.283464,1.731585,2.2092648,1.1999816,0.024797413,1.1831026,4.7063355,0.0,1.2905943,DAC,0.19445122237751336,0.08760647155545545
A549,4,DAC,7,5,28,3,0.156825914978981,0.0208650007843971,0.2707115709781647,0.005186831112951,0.2566688060760498,0.001216672710143,0.3708608746528625,0.174632042646408,0.2841756343841553,0.3015869557857513,1.1021363,0.8410774,0.84376764,800,76831,77631,0.7845768,0.43366134,0.8098177,0.9862639,0.942941,1.6600822,5.387176,0.0,2.1701686,2.9170556,4.0432997,2.0546489,0.13101067,1.6469942,5.387176,0.0,2.174778,DAC,0.32757561838614374,0.0037796086746556545
A549,4,DAC,7,5,28,4,0.2522501349449157,0.0450333543121814,0.3756376206874847,0.0207123328000307,0.2739435732364654,0.0014294575667008,0.3434805274009704,0.1646573096513748,0.3041398227214813,0.3174051642417907,0.48510703,0.4511537,0.45146012,400,43919,44319,0.56381065,-0.6031455,0.5001533,0.91559637,0.83390516,2.7761567,9.341921,0.0,5.1446686,3.7579062,6.6945267,2.374887,0.8157933,2.7672155,9.341921,0.0,5.1752357,control,0.35143006654710884,0.0
A549,4,DAC,8,5,28,1,0.0816382467746734,0.0021131904795765,0.0832869932055473,0.0020185487810522,0.0767519921064376,0.0016419355524703,0.2055954337120056,0.0008493236382491,0.1074556708335876,0.1352265179157257,0.7110414,1.0851847,1.075963,1885,74594,76479,0.68353283,0.0385219,0.5443318,0.9319266,0.8420313,0.75033075,2.8390381,0.0,0.17403002,0.541282,1.9916434,0.22961155,0.073427424,0.7556134,2.8390381,0.0,0.17544001,DAC,0.06078416396015512,0.09547674046935112
A549,4,DAC,8,5,28,2,0.0411246791481971,0.0007714434177614,0.0447651483118534,0.0006767674931325,,,,,,,0.7263981,1.4919096,1.4781317,1439,78512,79951,0.5136769,0.73422945,0.47851118,0.98186594,0.8674199,0.3496408,1.3746017,0.0,0.038738705,0.21030271,0.4261688,0.09777086,0.00170901,0.3521946,1.3746017,0.0,0.039055027,,,
A549,4,DAC,9,5,28,1,0.0362321250140666,0.002788565820083,0.083759993314743,0.002465562429279,0.0686856210231781,0.000896182609722,0.1564331948757171,0.0,0.092142567038536,0.1073089316487312,0.72253865,1.1801001,1.17186,1823,99408,101231,0.2368919,0.45333064,0.263791,0.9805121,0.8382572,0.3434282,3.5058408,0.0,0.24184734,0.51795524,1.1802391,0.23943715,0.015647156,0.34022766,3.5058408,0.0,0.24542668,DAC,0.058164646583816745,0.09365994459933165
A549,4,DAC,9,5,28,2,0.0529053583741188,0.0043500424362719,0.1072476059198379,0.0029901545494794,0.0703098773956298,0.0006381275597959,0.1258536577224731,0.0100617064163088,0.0910960137844085,0.1026881262660026,0.69309163,0.83511454,0.83353657,1423,126656,128079,0.31698805,0.36650896,0.29797128,0.9788357,0.8611111,0.40904722,3.0708525,0.0,0.23143794,0.68078864,1.3640795,0.28544998,0.020681825,0.40599412,3.0708525,0.0,0.2329668,DAC,0.07645029451555937,0.10377180766037888
A549,6,DAC,0,4,15,1,0.0825607329607009,0.0042635113932192,0.1083810105919838,0.0027984669432044,,,,,,,1.2562714,3.2087224,3.2012067,320,82814,83134,0.8969011,0.89420265,0.45455873,0.9440759,0.8435748,0.487567,2.501875,0.0,0.1771623,0.2680859,0.44294342,0.13072434,0.007141146,0.48841515,2.501875,0.0,0.17763242,,,
A549,6,DAC,0,4,15,2,0.0259227268397808,0.003010032698512,0.1186550632119178,0.002774542896077,0.0708570331335067,0.0017537393141537,0.1643678992986679,0.0,0.1051101982593536,0.1323011666536331,0.6558418,1.366895,1.3664297,27,41236,41263,0.40366364,-0.04265856,-0.28610536,0.9883089,0.86634564,0.21840261,2.6923356,0.0,0.21739109,0.75360346,1.001392,0.0,0.038194988,0.21805218,2.6923356,0.0,0.21732074,DAC,0.08462715603618852,0.10658713388415027
A549,6,DAC,0,4,15,3,0.1239125654101371,0.0049106124788522,0.1337431073188781,0.0039854259230196,0.1359263062477111,0.0009240889339707,0.2252640426158905,0.084386870265007,0.1588723510503769,0.1797049790620803,0.8657536,2.1773381,2.158915,914,64157,65071,0.4833653,0.7147423,0.21961518,0.9692313,0.80221665,0.6675646,3.0062754,0.0,0.2863139,0.32764974,0.76998675,0.12473839,0.009605239,0.6724071,3.0062754,0.0,0.28858647,control,0.10980829996639295,0.0
A549,6,DAC,0,4,15,4,0.1867881268262863,0.0115312719717621,0.2206917107105255,0.0061420565471053,0.1583499759435653,0.0009577965829521,0.2449124455451965,0.0377946607768535,0.1826431453227996,0.1974411010742187,0.9050943,1.3646104,1.3582175,400,28351,28751,0.7440633,0.6922462,0.45343387,0.9733954,0.9183875,1.4533936,4.252668,0.0,0.7155918,1.0937771,1.6855555,0.5218074,0.059866495,1.4584672,4.252668,0.0,0.72299284,DAC,0.12282752166571766,0.10961053507851083
A549,6,DAC,1,4,15,1,0.0936682373285293,0.0028613246977329,0.1011741906404495,0.0023312040138989,,,,,,,0.9682448,3.72902,3.7112417,265,40886,41151,0.8680205,0.6131313,0.34949282,0.9834768,0.8760226,0.9038735,2.6937149,0.0,0.18749939,0.2958379,0.4373672,0.20715003,0.00236229,0.9078143,2.6937149,0.0,0.18628763,,,
A549,6,DAC,1,4,15,2,0.3321734666824341,0.0334568619728088,0.3969471454620361,0.0142692159861326,,,,,,,0.53001034,1.0062478,1.0000757,1110,84537,85647,0.4061641,0.7336842,-0.13097212,0.9771279,0.7878861,4.3929086,13.4864435,0.0,7.2031884,4.310222,6.0368843,2.7533946,0.377178,4.3939943,13.4864435,0.0,7.292725,,,
A549,6,DAC,1,4,15,3,0.1637814342975616,0.0043712533079087,0.1638072878122329,0.0043677082285285,0.0981955155730247,0.0008093792712315,0.1822106689214706,0.0082152597606182,0.1210297122597694,0.1346002966165542,0.58459324,1.8724879,1.8483212,1070,55953,57023,0.5184255,0.718709,0.12996371,0.92795306,0.79759836,2.095232,7.1566095,0.0,1.5616761,0.9231676,2.1662288,0.3296637,0.13223663,2.1176453,7.1566095,0.0,1.5622392,DAC,0.10366864362957366,0.10991710687306246
A549,6,DAC,1,4,15,4,0.2229374796152115,0.0085523286834359,0.2301301807165146,0.0071729938499629,0.1876149624586105,0.0017830221913754,0.3124468028545379,0.0646083652973175,0.2230146825313568,0.2423859536647796,0.76139295,0.9155589,0.914018,1000,99047,100047,0.7003265,0.6331439,0.5879156,0.9720314,0.8368442,2.145151,7.778059,0.0,1.4716458,1.926424,2.869787,1.0471704,0.14552487,2.147359,7.778059,0.0,1.4845467,DAC,0.21633099248225113,0.0765717818971895
A549,6,DAC,10,4,15,1,0.2949343919754028,0.0430023185908794,0.4143248796463012,0.0109433671459555,0.3452984094619751,0.0010185297578573,0.4160766899585724,0.286509245634079,0.3729677200317383,0.3884279429912567,0.9057963,0.84619904,0.8469024,1941,162538,164479,0.8706762,0.49438557,0.70076174,0.9880799,0.8890017,2.9391847,9.0026655,0.0,4.554349,3.8654494,5.8299875,2.4369113,0.22199558,2.9281232,9.0026655,0.0,4.595717,control,0.353497126027593,0.0
A549,6,DAC,10,4,15,2,0.096972718834877,0.0322470739483833,0.4010425806045532,0.0114167593419551,,,,,,,0.52121836,0.46653676,0.46684453,904,159735,160639,0.31447122,0.29437816,0.3944758,0.98546946,0.7854412,1.2098503,12.142727,0.0,5.2505717,4.7067113,7.2334104,0.0,0.6580272,1.1900606,12.142727,0.0,5.2069683,,,
A549,6,DAC,11,4,15,1,0.1080840602517128,0.0173692032694816,0.2489933520555496,0.0049279700033366,0.1959974616765976,0.0023637609556317,0.3223804533481598,0.0518310740590095,0.2344404906034469,0.2587032914161682,0.1865818,0.77026266,0.7625225,889,66150,67039,0.2148674,-0.019678086,-0.40797305,0.9169831,0.70978224,0.66417485,5.42157,0.0,0.8820637,0.92379767,2.0351288,0.0,0.060609613,0.66068584,5.42157,0.0,0.8921853,control,0.2136615246622735,0.0
A549,6,DAC,11,4,15,2,0.2160460203886032,0.0027309015858918,0.2171061635017395,0.0025141385849565,0.1511148065328598,0.0010775231057778,0.2403009682893753,0.0642660707235336,0.1781110614538192,0.1941945254802703,0.6503849,1.063812,1.0568776,1027,60204,61231,0.8558799,0.009453297,0.63096416,0.9617571,0.9206093,2.1199431,8.31847,0.0,0.4686358,1.4803356,2.2865505,0.79386157,0.12158407,2.1308537,8.31847,0.0,0.4674583,DAC,0.16623675242563876,0.09932075996990217
A549,6,DAC,11,4,15,3,0.3169130384922027,0.0088441222906112,0.3188589215278625,0.0082779601216316,0.2224217653274536,0.001132026547566,0.2959795594215393,0.1357665061950683,0.2488595396280288,0.2658572793006897,0.5155688,1.1893369,1.181042,234,18773,19007,0.31817284,-0.22779989,-0.24136034,0.9683834,0.81617767,4.7384295,10.181785,0.0,4.72711,2.97893,4.532598,1.7648143,0.28503352,4.7603602,10.181785,0.0,4.7434087,control,0.33312164643995684,0.0
A549,6,DAC,12,4,15,1,0.0417971387505531,0.0072602308355271,0.198349118232727,0.0034016175195574,0.1482212245464325,0.0012548305094242,0.2260657399892807,0.0721975490450859,0.1776558309793472,0.1938178390264511,0.64172804,1.361515,1.359585,142,52817,52959,0.528864,-0.1101547,0.15889877,0.99035734,0.8828941,0.4706843,5.023601,0.0,0.9038782,1.484897,1.9908161,1.040281,0.03263091,0.4679576,5.023601,0.0,0.9034478,DAC,0.16674898243788347,0.09913782726141221
A549,6,DAC,12,4,15,2,0.1869747191667556,0.0052970838733017,0.1957197189331054,0.0038332683034241,0.1383904069662094,0.0011591658694669,0.25546795129776,0.0496022887527942,0.1654388606548309,0.1825320273637771,1.0029503,1.5167449,1.5046809,701,29154,29855,0.8005108,0.5058776,0.572595,0.97433245,0.9124761,1.648071,4.3854756,0.0,0.4587354,1.253996,1.9271166,0.72161514,0.055862643,1.6575463,4.3854756,0.0,0.46459833,DAC,0.14081956996423062,0.1067241227409112
A549,6,DAC,13,4,15,1,0.1045801192522049,0.0067770560272037,0.1345229297876358,0.0046894312836229,0.1150240376591682,0.0013047776883468,0.2342605292797088,0.0,0.1438547372817993,0.1618358492851257,1.0829376,1.5390426,1.5320996,1794,116061,117855,0.62944293,0.20874944,0.46018952,0.8928153,0.8475358,0.97998977,4.831067,0.0,0.5829876,0.7885524,1.7551117,0.1750846,0.092517406,0.9829489,4.831067,0.0,0.5899938,DAC,0.08855180547805733,0.10762052187204002
A549,6,DAC,13,4,15,2,0.0718215554952621,0.0058528305962681,0.1176331043243408,0.0041971183381974,0.0678407475352287,0.0015096531715244,0.2669209539890289,0.0,0.0982349663972854,0.1190527155995369,0.7277803,1.3775247,1.3680581,1163,78660,79823,0.55533683,0.49009553,0.34542722,0.9461097,0.82914,1.1618823,7.12596,0.0,1.5691335,1.0053092,2.7057328,0.42051485,0.13471322,1.1641974,7.12596,0.0,1.5899736,DAC,0.1128928714486208,0.11016993693373665
A549,6,DAC,14,4,15,1,0.3953995108604431,0.0268143899738788,0.429484486579895,0.0144868958741426,0.2888753414154053,0.0025345687754452,0.3920811414718628,0.1668862402439117,0.3300048410892486,0.3508262634277344,0.9234659,1.3339322,1.3265125,1088,59103,60191,0.6318649,-0.2924627,0.16087753,0.9064123,0.85742915,3.4367027,6.890616,0.0,2.7028737,3.045498,4.57376,1.0993863,0.8446925,3.4439044,6.890616,0.0,2.7342103,control,0.3349617237682558,0.0
A549,6,DAC,14,4,15,2,0.1060864031314849,0.0071806809864938,0.1572242230176925,0.0026019467040896,0.0882809162139892,0.0011158460984006,0.1979004144668579,0.0277587696909904,0.1138127371668815,0.1341687589883804,1.4624919,2.559631,2.5571828,144,64383,64527,0.98093265,0.7536236,0.67008895,0.9569972,0.9450793,1.1233864,3.365788,0.0,0.7216837,0.9134286,1.4748199,0.5263716,0.08592468,1.123856,3.365788,0.0,0.72300667,DAC,0.10257498639950145,0.10983317487042936
A549,6,DAC,15,4,15,1,0.0370497964322567,0.006042924709618,0.1806194931268692,0.0035280596930533,0.1288561075925827,0.0032536189537495,0.3133669793605804,0.0,0.1742329895496368,0.2060239017009735,1.2882787,2.3381374,2.3256397,1377,114302,115679,0.91103655,0.21461485,0.38333824,0.9322122,0.9065138,0.361918,3.8061814,0.0,0.5556653,1.1270438,2.388138,0.0,0.17251831,0.3527006,3.8061814,0.0,0.55314356,DAC,0.12656326116419217,0.10919841814028364
A549,6,DAC,16,4,15,1,0.3185845017433166,0.0366691462695598,0.4138944745063782,0.0081910602748394,0.3119960427284241,0.0016388430958613,0.4126108586788177,0.1782193630933761,0.3439660668373108,0.3621769547462463,0.5443554,0.7783412,0.77372396,2164,107499,109663,0.33633515,0.5017332,0.41983327,0.96726525,0.84816206,1.8317734,5.8471246,0.0,1.6985117,1.75716,2.603018,0.7492721,0.13878213,1.8332752,5.8471246,0.0,1.7297949,control,0.2835686359864748,0.0
A549,6,DAC,16,4,15,2,0.2548243403434753,0.0385980829596519,0.3946380615234375,0.0045997840352356,0.2875066697597503,0.0015309567097574,0.4000413417816162,0.1499124616384506,0.3193132877349853,0.3372705578804016,1.0691006,1.6809288,1.6562043,3002,71285,74287,0.6707511,0.09354202,0.32580358,0.94151664,0.88785326,1.5179955,4.4487314,0.0,1.5912309,1.8820467,3.3057766,0.83113444,0.22504354,1.5026644,4.4487314,0.0,1.6429474,control,0.2905616123770023,0.0
A549,6,DAC,16,4,15,3,0.1760326623916626,0.0017476320499554,0.1762285232543945,0.0017150600906461,,,,,,,0.7881715,0.8673317,0.86526144,800,29791,30591,0.81932336,0.5426411,0.68415105,0.97982144,0.9552665,0.20701985,0.5521178,0.0,0.002376004,0.20451294,0.28247708,0.11209479,0.00100994,0.20708717,0.5521178,0.0,0.002412513,,,
A549,6,DAC,17,4,15,1,0.4650129675865173,0.0513248704373836,0.5617711544036865,0.0076483618468046,0.437800645828247,0.00084704865003,0.5171731114387512,0.3687328100204468,0.4613781273365021,0.4765908420085907,0.7145154,1.0498235,1.0456266,1354,106821,108175,0.12845585,0.05463461,0.12577583,0.9837329,0.8331697,3.0051005,7.052741,0.0,2.7033992,3.237691,4.2268977,2.1483607,0.110369354,3.002152,7.052741,0.0,2.735572,DAC,0.3635819048043692,-0.02363196626545855
A549,6,DAC,17,4,15,2,0.3649929761886596,0.1418352574110031,0.7511126399040222,0.0018609635299071,,,,,,,1.1256602,1.0080565,1.0101111,400,22495,22895,0.8488753,0.10094647,0.78667593,0.9939512,0.95790315,2.7316227,7.6331334,0.0,8.004901,5.613407,6.3324866,4.8993,0.06196827,2.680382,7.6331334,0.0,7.9958444,,,
A549,6,DAC,17,4,15,3,0.4943695366382599,0.0147896111011505,0.5129438638687134,0.0058176815509796,0.365675687789917,0.0011230929521843,0.4512192904949188,0.249258816242218,0.3921813070774078,0.4077808856964111,0.78309697,1.9074098,1.8734984,997,32058,33055,0.55404085,-0.25168347,0.025454357,0.9782392,0.8815696,3.2600694,5.949545,0.0,1.0109692,2.2101068,3.0014849,1.4963673,0.07046001,3.292722,5.949545,0.0,1.0048678,control,0.3063392425727005,0.0
A549,6,DAC,17,4,15,4,0.3368847668170929,0.0065947291441261,0.3382409512996673,0.0061625698581337,0.2192200273275375,0.0007031841087155,0.3147064447402954,0.151187315583229,0.2398736178874969,0.2543894648551941,0.7744478,1.8919657,1.8671638,941,41458,42399,0.57958376,0.15157107,0.047137395,0.97022647,0.8506462,1.8192997,3.9748478,0.0,0.4618043,1.0537204,1.6681094,0.6631883,0.034653474,1.8366762,3.9748478,0.0,0.45789438,control,0.22829317389422654,0.0
A549,6,DAC,17,4,15,5,0.3659078478813171,0.0047310176305472,0.3661924600601196,0.0046304701827466,0.2601860463619232,0.0015374450013041,0.3651789724826813,0.1281560361385345,0.2909314930438995,0.3053440749645233,0.78964925,1.5704618,1.5581454,1380,86107,87487,0.53298336,0.5788095,0.41233504,0.95727724,0.8708509,2.1392403,5.164077,0.0,0.5715085,1.4417818,2.321078,0.681969,0.09789221,2.150418,5.164077,0.0,0.57117784,control,0.2627250852623316,0.0
A549,6,DAC,19,4,15,1,0.0972435399889946,0.0292606558650732,0.3796229362487793,0.0070311706513166,0.2541331052780151,0.0025048460811376,0.4121753275394439,0.171175479888916,0.2897456884384155,0.3294610977172851,0.6853308,0.60140705,0.6016846,400,120574,120974,0.20675047,-0.21140727,0.4518752,0.9338206,0.74139047,0.70308673,7.7360644,0.0,1.8524351,2.5331755,4.6951914,1.4884322,0.66456586,0.69701546,7.7360644,0.0,1.8452282,DAC,0.28446716301640906,0.034546235525457436
A549,6,DAC,2,4,15,1,0.1201917007565498,0.0286240018904209,0.3179620802402496,0.0128401145339012,,,,,,,0.87950647,0.65238416,0.6539184,746,109685,110431,0.44616145,0.4237825,0.38889825,0.9867363,0.806179,1.2969029,8.0375,0.0,3.513533,4.0463667,6.572394,2.8132966,0.26766258,1.2782031,8.0375,0.0,3.483845,,,
A549,6,DAC,2,4,15,2,0.1526539623737335,0.0252908151596784,0.2886139452457428,0.0085759246721863,0.2270025759935379,0.0041869520209729,0.4199145138263702,0.0653653889894485,0.2809895277023315,0.3119280934333801,0.7807877,1.1380392,1.1324798,1343,84960,86303,0.40361038,-0.29133257,0.17887078,0.8892,0.8140739,1.3042176,5.875149,0.0,2.0621157,1.9599055,3.7658472,0.6157323,0.49213892,1.2938528,5.875149,0.0,2.0800295,DAC,0.22009085330458023,0.0745318031331616
A549,6,DAC,2,4,15,3,0.1181983351707458,0.0021862259600311,0.1186238452792167,0.0021436214447021,0.0942475050687789,0.000458798080217,0.1424405872821808,0.0358650907874107,0.1114110872149467,0.1217296496033668,0.77564263,1.6266388,1.6197014,600,72999,73599,0.65593225,0.6768099,0.18151605,0.9729152,0.8606672,0.76898617,3.0324972,0.0,0.20228693,0.45724285,0.78661585,0.22482795,0.01496865,0.7715485,3.0324972,0.0,0.20302118,DAC,0.051346847602559496,0.08826550484115542
A549,6,DAC,2,4,15,4,0.142221063375473,0.0069697671569883,0.1658531874418258,0.0042084357701241,0.0954988673329353,0.0009410707862116,0.2161243259906768,0.0175618510693311,0.1196840554475784,0.1345743387937545,1.0958288,1.8094655,1.793676,1045,46186,47231,0.6065094,0.6170821,0.38572216,0.9735457,0.87417746,1.4034047,4.7691774,0.0,0.9557751,0.94540495,1.5877802,0.5605828,0.04253394,1.4137672,4.7691774,0.0,0.9715841,DAC,0.10616582389501637,0.11006455548804088
A549,6,DAC,3,4,15,1,0.1213470473885536,0.0034143119119107,0.1319000422954559,0.0023192972876131,0.1148062869906425,0.0009407603065483,0.2092129290103912,0.0344127379357814,0.1397198885679245,0.1547087281942367,1.291851,1.6885511,1.682888,1943,134168,136111,0.83356863,0.029389715,0.5371272,0.9126782,0.89356226,0.6933333,2.5707273,0.0,0.14956836,0.54528797,1.4323039,0.19126827,0.051180765,0.6954773,2.5707273,0.0,0.1506712,control,0.1570092893316309,0.0
A549,6,DAC,4,4,15,1,0.1474959254264831,0.0048456541262567,0.1667167544364929,0.0022726790048182,0.1250279396772384,0.0007726749172434,0.1972092986106872,0.0524516142904758,0.1474449932575225,0.1597496718168258,0.8282726,1.1060178,1.1031791,600,58103,58703,0.6755025,0.54032487,0.31838253,0.9922237,0.894983,0.58842814,1.9869957,0.0,0.122218564,0.52586037,0.7034047,0.37473762,0.003325148,0.5890743,1.9869957,0.0,0.123405464,control,0.15334319368858568,0.0
A549,6,DAC,4,4,15,2,0.0872978866100311,0.0089618489146232,0.1761738359928131,0.0024280834477394,0.1510727405548095,0.001669930294156,0.2879706621170044,0.0583045743405818,0.1835268586874008,0.2053702771663665,0.97562045,1.3738704,1.3675624,1259,78228,79487,0.63481855,0.4369223,0.3363305,0.9536665,0.9027998,0.34177372,1.6491398,0.0,0.14743868,0.5079084,1.0693951,0.17928338,0.024066355,0.3391,1.6491398,0.0,0.14897287,control,0.149871581417914,0.0
A549,6,DAC,5,4,15,1,0.0391340963542461,0.0043607922270894,0.1318064481019973,0.0024726460687816,0.1051564440131187,0.0016078136395663,0.2322018444538116,0.0,0.1371242552995681,0.1566314250230789,0.816508,1.2680326,1.2616788,1719,120440,122159,0.50187135,0.10626158,0.27387518,0.96146625,0.8715415,0.2867846,2.6433475,0.0,0.24445276,0.6920764,1.5938832,0.0,0.038494915,0.28100008,2.6433475,0.0,0.24501441,DAC,0.07771787233004958,0.10427020077276337
A549,6,DAC,6,4,15,1,0.0740493908524513,0.008202782832086,0.1560207158327102,0.0044938880018889,0.0871437117457389,0.0007020059274509,0.1615447849035263,0.0147397071123123,0.1080033034086227,0.1193159371614456,0.86428845,2.843751,2.8369563,303,87968,88271,0.9639283,0.91105753,0.38402817,0.9817222,0.83282006,0.7054876,4.3919683,0.0,0.78658694,0.42099634,0.77003443,0.2685523,0.009543623,0.7064675,4.3919683,0.0,0.7889835,DAC,0.04727648537580265,0.08454743279215765
A549,6,DAC,6,4,15,2,0.0214511509984731,0.0022419528104364,0.1036298424005508,0.0023146390449255,,,,,,,0.4582213,1.7014624,1.7006115,55,80312,80367,0.8237675,0.13154453,0.4613889,0.98322165,0.93726677,0.21636927,2.0834336,0.0,0.19726445,0.25593877,0.4036201,0.0,0.008540401,0.21634217,2.0834336,0.0,0.19739261,,,
A549,6,DAC,8,4,15,1,0.1978610605001449,0.0205660667270421,0.2619235515594482,0.0104453740641474,0.1976147443056106,0.0009847407927736,0.2943274974822998,0.1077797710895538,0.2220377027988433,0.2389052659273147,0.63901436,0.71511084,0.7142092,663,55288,55951,0.44997472,0.10694528,0.344755,0.95177037,0.8043153,2.2952127,8.893329,0.0,3.517433,2.6840675,4.1713686,1.2819343,0.4782309,2.2905498,8.893329,0.0,3.5520427,DAC,0.30141183154090406,0.02275957820174812
A549,6,DAC,9,4,15,1,0.1135203465819358,0.0367558300495147,0.4200482964515686,0.0072474884800612,0.3471742570400238,0.0016077444888651,0.4738801121711731,0.2284329384565353,0.3796681761741638,0.3994293212890625,0.48632127,0.6539614,0.6514939,1316,88091,89407,0.28571832,0.6902095,0.4501018,0.9833853,0.83287656,0.8019727,6.5909333,0.0,1.9495555,2.32139,3.6409013,1.2851509,0.12149167,0.77927446,6.5909333,0.0,1.9418612,control,0.3109833162932613,0.0
A549,6,DAC,9,4,15,2,0.1277534961700439,0.0298957768827676,0.3427653014659881,0.0065124174579977,0.2723722755908966,0.0034809629432857,0.4003551006317138,0.1072169318795204,0.3189704716205597,0.3396869599819183,0.8507935,1.2622187,1.2560362,1420,93075,94495,0.33151862,0.14898412,-0.030531425,0.9029119,0.8063105,1.1977693,8.080767,0.0,3.1207461,3.122666,5.514035,0.0,1.1067743,1.1684023,8.080767,0.0,3.0940814,control,0.3370204374803623,0.0
A549,6,DAC,0,5,28,1,0.0663452073931694,0.0041876723989844,0.1025537326931953,0.0027598154265433,0.0912871360778808,0.001752461772412,0.2036074548959732,0.0,0.1242444887757301,0.14612577855587,0.8022191,1.3605808,1.3531871,800,59615,60415,0.61161095,0.43440858,0.244855,0.9620798,0.8981932,0.5459485,2.295178,0.0,0.22579265,0.4771419,0.9820881,0.24267481,0.020181904,0.54687184,2.295178,0.0,0.22848743,DAC,0.053581444573918835,0.09014417625744703
A549,6,DAC,0,5,28,2,0.0279890168458223,0.0025772703811526,0.0985749885439872,0.0021189197432249,,,,,,,0.8498121,1.5167947,1.5123014,400,58975,59375,0.52070665,-0.075886436,0.006054744,0.9765552,0.9109619,0.12577297,1.1543503,0.0,0.046371672,0.30137852,0.5392563,0.0,0.00700272,0.12458194,1.1543503,0.0,0.046428118,,,
A549,6,DAC,0,5,28,3,0.1344450861215591,0.0033521917648613,0.1359485238790512,0.00318528781645,0.1104488521814346,0.0005823349347338,0.1819992214441299,0.0329128317534923,0.1295435130596161,0.1407404243946075,0.8976818,1.4150676,1.4083177,860,65059,65919,0.63226223,0.57290184,0.21329395,0.9822705,0.86448723,0.9113824,3.5585668,0.0,0.3377435,0.6730363,0.9734076,0.3789899,0.01518782,0.91453296,3.5585668,0.0,0.34124643,DAC,0.07557973257994197,0.10341571243496164
A549,6,DAC,0,5,28,4,0.0906186625361442,0.0025860629975795,0.1049292236566543,0.0014928595628589,,,,,,,0.6475888,0.73894155,0.73634726,1200,41055,42255,0.6608273,0.3698426,0.8081907,0.962556,0.96052533,0.19465919,0.5886517,0.0,0.011149374,0.21901551,0.49994817,0.08258294,0.004846028,0.1939473,0.5886517,0.0,0.011315766,,,
A549,6,DAC,1,5,28,1,0.0586072318255901,0.0003535663418006,0.0586926490068435,0.0003490683156996,,,,,,,1.845448,4.379544,4.330703,980,49867,50847,0.9534427,-0.38892424,0.53304595,0.90215284,0.90003186,0.3410426,0.8001778,0.060008593,0.010500751,0.1753695,0.40988696,0.060008593,0.0039362,0.34429836,0.8001778,0.07127436,0.010079763,,,
A549,6,DAC,11,5,28,1,0.0742076784372329,0.0099193304777145,0.1840034276247024,0.0043929214589297,0.1518657207489013,0.0014610232319682,0.2782132029533386,0.0368145070970058,0.1825687885284423,0.2015416622161865,0.5857822,0.7945053,0.7919705,1200,97615,98815,0.47559565,0.58949816,0.3210074,0.97955173,0.82070136,0.7586753,5.9712067,0.0,1.1962587,1.3780241,2.5577452,0.777343,0.08333931,0.7510616,5.9712067,0.0,1.2051662,DAC,0.154747512083249,0.10309196771283063
A549,6,DAC,12,5,28,1,0.2264430224895477,0.0485832728445529,0.3934184312820434,0.0187165811657905,0.2790219187736511,0.0032106256112456,0.4058231115341186,0.1154501289129257,0.3240670561790466,0.3474086821079254,0.86743873,0.9569727,0.95562685,1269,83146,84415,0.6677464,0.10035559,0.59460396,0.9450068,0.8623746,2.111012,7.830204,0.0,4.2527003,3.1972487,4.716499,1.3575947,0.49426377,2.0944338,7.830204,0.0,4.2917795,control,0.3389382409566171,0.0
A549,6,DAC,13,5,28,1,0.0408775359392166,0.0036408666055649,0.1093674898147583,0.002250533318147,,,,,,,0.7735042,2.8366122,2.8239298,497,80350,80847,0.945754,-0.008416712,0.2500167,0.975164,0.8617921,0.29160812,1.9499124,0.0,0.17002441,0.23225704,0.39293438,0.12640494,0.002647435,0.29197523,1.9499124,0.0,0.17103776,,,
A549,6,DAC,15,5,28,1,0.1689202934503555,0.0144332479685544,0.2232891768217086,0.0069387671537697,0.1414994448423385,0.0013601108221337,0.2351970374584198,0.0552097000181674,0.1714522093534469,0.1894026398658752,0.5564953,0.73090744,0.7290193,1738,158805,160543,0.24123469,-0.050022922,0.18715715,0.95021003,0.8298346,1.5295506,6.415251,0.0,1.4428245,1.5933288,3.4193366,0.6952449,0.20491244,1.5288526,6.415251,0.0,1.4563277,DAC,0.17892551206512908,0.09444815479428997
A549,6,DAC,16,5,28,1,0.1935226917266845,0.0030811300966888,0.1938246041536331,0.0030274151358753,0.1780056655406952,0.0007827274966984,0.2742964327335357,0.0784956440329551,0.2003186494112014,0.2140003889799118,1.0099641,1.6435989,1.6372061,1386,135988,137374,0.61790454,-0.081428096,0.2824877,0.96600664,0.9249865,0.6600341,1.5724146,0.0,0.04307048,0.4614339,0.91882014,0.19350396,0.00990772,0.66205823,1.5724146,0.0,0.043002382,control,0.14048798235145626,0.0
A549,6,DAC,16,5,28,2,0.3010388612747192,0.0125126764178276,0.3090433478355407,0.0103716645389795,0.2348610460758209,0.0009883632883429,0.3122019171714782,0.1499145328998565,0.2603871822357178,0.2748424708843231,0.47414365,0.7389935,0.7347604,614,37801,38415,0.08505914,0.057451308,0.18813242,0.9862746,0.84830314,2.426894,7.7142844,0.0,1.3749129,1.8903717,2.5199919,1.2445083,0.059793398,2.4356086,7.7142844,0.0,1.3915224,DAC,0.2122824393909961,0.07872384355597734
A549,6,DAC,16,5,28,3,0.2153015285730362,0.0219703894108533,0.2971608340740204,0.0059983311221003,0.2107125073671341,0.0018996010767295,0.3412285447120666,0.1032042503356933,0.2465595602989196,0.2689271569252014,0.5002603,1.0432492,1.029313,795,30180,30975,0.40308103,-0.049422532,-0.2342187,0.9559253,0.8557333,2.0287979,6.630995,0.0,2.1350045,1.962622,3.0872724,1.0869021,0.1482175,2.030541,6.630995,0.0,2.18722,DAC,0.22039590719774085,0.07436458581565433
A549,6,DAC,17,5,28,1,0.1440995037555694,0.0030082180164754,0.1442862302064895,0.002985178027302,0.1067070588469505,0.0002255641738884,0.1538576632738113,0.0714167281985282,0.1188310831785202,0.1260721534490585,0.58604723,0.8552253,0.8544427,200,68583,68783,0.5774775,-0.022269614,0.5407646,0.99639595,0.8566585,0.97721547,3.5935214,0.0,0.2663448,0.73310125,0.8824339,0.605979,0.002842037,0.97792715,3.5935214,0.0,0.26693892,DAC,0.08232482620777093,0.10588785412840429
A549,6,DAC,17,5,28,2,0.0425009429454803,0.007595170289278,0.1960306167602539,0.0049353153444826,0.1186423525214195,0.0005068973987363,0.1652915477752685,0.0536327399313449,0.1367052644491195,0.1474345922470092,0.6365833,1.4359416,1.4344634,139,75028,75167,0.5630309,0.10618604,0.061978154,0.9959184,0.82143927,0.28948537,3.5342112,0.0,0.34779993,0.67228806,0.7867684,0.54341906,0.003200172,0.28877616,3.5342112,0.0,0.34816635,DAC,0.07549570772258193,0.1033807410291733
A549,6,DAC,17,5,28,3,0.1300823241472244,0.0026371297426521,0.1302625238895416,0.0026173091027885,0.0912415906786918,0.0008468700107187,0.2272551953792572,0.0225445330142974,0.1133965477347374,0.1305965930223465,0.5546237,1.0079659,0.9981031,1148,51619,52767,0.6143391,0.24121201,0.280161,0.97004896,0.839741,1.4292816,5.8789387,0.0,0.7215432,0.92697364,1.5709519,0.47217658,0.042979967,1.4404528,5.8789387,0.0,0.73089814,DAC,0.10409604923219654,0.1099466729603937
A549,6,DAC,18,5,28,1,0.1065444275736808,0.0017353452276438,0.1065744310617446,0.0017326353117823,0.0931794047355651,0.0005476599326357,0.1689803302288055,0.0282938405871391,0.1117641180753707,0.1234897226095199,0.9770897,1.58946,1.5828295,1461,133466,134927,0.3776292,0.05831504,0.52125823,0.8831982,0.8098198,0.7940412,3.038376,0.19063553,0.16499871,0.5928557,1.1465689,0.19063553,0.040522307,0.7962435,3.038376,0.21254839,0.16591337,DAC,0.06657571852290033,0.09903232282215708
A549,6,DAC,18,5,28,2,0.0747924000024795,0.0006961428443901,0.0748530551791191,0.000692167377565,,,,,,,1.1008712,2.5822163,2.566566,678,63497,64175,0.6298828,0.36340818,0.34668902,0.9784378,0.8541472,0.4956185,1.4826226,0.14823411,0.04324612,0.31418604,0.45022726,0.16397041,0.001666528,0.49755576,1.4826226,0.14823411,0.043334853,,,
A549,6,DAC,18,5,28,3,0.0711778402328491,0.0006012865924276,0.0713026374578476,0.0005934421787969,,,,,,,0.6000749,0.80500656,0.80219704,1637,117770,119407,0.50695854,0.52033186,0.59755135,0.96568006,0.89761204,0.40117353,1.3978249,0.0,0.031311546,0.3233556,0.5997302,0.14971413,0.005935826,0.40225518,1.3978249,0.0,0.031578925,,,
A549,6,DAC,19,5,28,1,0.402277261018753,0.0107839154079556,0.4048991501331329,0.0097925718873739,0.286261111497879,0.0017403903184458,0.390069305896759,0.1761635392904281,0.3195224106311798,0.3383187055587768,1.2242032,2.3903334,2.3851855,272,61343,61615,0.7772516,0.5122996,0.20219626,0.9689229,0.9098233,3.3809245,6.249249,0.0,0.7330038,2.2400548,3.328028,1.5659171,0.121102616,3.3859835,6.249249,0.0,0.72992015,control,0.30762040691351367,0.0
A549,6,DAC,2,5,28,1,0.2073490917682647,0.0078862607479095,0.2314343601465225,0.0032281558960676,0.2128537893295288,0.0019523405935615,0.3151149153709411,0.067082867026329,0.2472234666347503,0.2657439708709717,0.90204215,0.79108006,0.7943134,600,19991,20591,0.8807381,0.42744747,0.8535883,0.9703794,0.9547808,1.337496,2.839134,0.0,0.30136615,1.4673128,2.0319457,0.71412843,0.077197075,1.3336,2.839134,0.0,0.307573,DAC,0.16477433540379005,0.09983633269544784
A549,6,DAC,2,5,28,2,0.2395923882722854,0.0252373665571212,0.3240443468093872,0.0067669036798179,0.3264853060245514,0.0029383450746536,0.4501835703849792,0.1938673257827758,0.3713544607162475,0.3931709229946136,0.9329512,0.8052726,0.81003,400,10335,10735,0.51107585,0.4430229,0.599276,0.9647895,0.91637963,1.6835214,4.316163,0.0,1.2137642,2.3803542,3.4784825,1.3562671,0.1608412,1.6565542,4.316163,0.0,1.2349932,control,0.3133200820670687,0.0
A549,6,DAC,2,5,28,3,0.2259488701820373,0.0087777497246861,0.2299077361822128,0.0080213695764541,0.1787059903144836,0.0011187212076038,0.2733251750469208,0.0670624375343322,0.2054140865802765,0.2206971943378448,0.62788707,0.9215607,0.91543126,1800,84439,86239,0.63995665,0.53368074,0.3910299,0.9781382,0.82851267,1.4030447,5.529628,0.0,0.6694151,1.0940572,1.7196952,0.54661655,0.039361343,1.4096314,5.529628,0.0,0.68076736,control,0.2324664819081511,0.0
A549,6,DAC,2,5,28,4,0.5460724830627441,0.0240095015615224,0.5716708302497864,0.0105011435225605,,,,,,,0.43644184,0.6667339,0.66155356,641,27854,28495,0.32501727,0.04525294,0.3329221,0.940779,0.8260302,6.165554,11.937476,0.0,3.6366997,5.57375,8.802419,3.7292008,0.7815301,6.179172,11.937476,0.0,3.6941578,,,
A549,6,DAC,2,5,28,5,0.2970675230026245,0.0094610219821333,0.2995048463344574,0.0088086612522602,0.1971988528966903,0.0021672658622264,0.3237560093402862,0.0772664844989776,0.2351191490888595,0.2584781348705292,0.799069,1.270732,1.2536268,1533,40738,42271,0.5940266,0.05793802,0.1806423,0.95576435,0.8671708,3.3231409,8.71175,0.0,1.7329018,2.5337536,4.271239,1.2464348,0.29377022,3.3528457,8.71175,0.0,1.7627255,DAC,0.28453208171901756,0.03450191886873827
A549,6,DAC,3,5,28,1,0.2598103284835815,0.0099967019632458,0.2683420181274414,0.0080355647951364,0.2054284662008285,0.0015122379409149,0.3220333755016327,0.0879076048731803,0.236739695072174,0.2562586069107055,0.7393156,1.0860547,1.0744643,1966,56849,58815,0.5780127,-0.026610225,0.31722668,0.9564565,0.9051788,2.1227236,4.7650223,0.0,0.5054338,1.6282578,2.675307,0.989176,0.10372681,2.1398232,4.7650223,0.0,0.5105781,DAC,0.18284792231147806,0.09280592628097095
A549,6,DAC,3,5,28,2,0.4082832634449005,0.0126167275011539,0.4128006398677826,0.0108915260061621,0.3049431145191192,0.0020456651691347,0.4126169085502624,0.1595878005027771,0.3399831354618072,0.3548831641674042,1.214118,2.2646687,2.2479866,2638,163489,166127,0.75821966,0.51640046,0.2836174,0.966014,0.89959216,3.7421951,7.275567,0.0,1.1578219,2.6383271,3.9586406,1.4276797,0.16657183,3.7600067,7.275567,0.0,1.1538376,DAC,0.29627533711987575,0.026377696054274535
A549,6,DAC,3,5,28,3,0.2417952120304107,0.0125030875205993,0.2762579321861267,0.0047645377926528,0.2012704610824585,0.0017779699992388,0.3052419424057007,0.0872539281845092,0.2356954514980316,0.2534704506397247,1.0736692,1.2298409,1.2265666,1666,77789,79455,0.7646639,-0.016112994,0.5473166,0.96051073,0.9499879,2.1041346,4.595586,0.0,0.80784714,1.9532974,2.8661354,0.938596,0.12110159,2.107365,4.595586,0.0,0.8220573,DAC,0.21934878570605468,0.07493751376075694
A549,6,DAC,3,5,28,4,0.3861244618892669,0.0399567410349845,0.4549438059329986,0.0157693475484848,,,,,,,0.44877687,0.8431513,0.83853155,915,77196,78111,0.08128374,0.6450932,0.09257463,0.9890406,0.7731444,6.030312,16.248272,0.0,11.071658,5.698012,8.887807,4.4076037,0.42424157,6.0342517,16.248272,0.0,11.196535,,,
A549,6,DAC,3,5,28,5,0.2366568893194198,0.0477246269583702,0.417025089263916,0.0088799213990569,,,,,,,0.77243584,1.0256131,1.0207527,1193,60950,62143,0.38281718,-0.15366492,0.23284936,0.8877127,0.880084,3.99577,13.181758,0.0,13.715191,6.078508,11.784866,3.2248023,3.11989,3.955004,13.181758,0.0,13.83601,,,
A549,6,DAC,4,5,28,1,0.4290924966335296,0.0576589368283748,0.5511021614074707,0.0068140584044158,,,,,,,0.8044128,1.0458622,1.0419812,1022,62561,63583,0.6349655,0.21914403,0.54641455,0.95704824,0.93236184,3.9031825,8.010174,0.0,4.921173,4.23738,5.8102956,2.6334515,0.30101904,3.897723,8.010174,0.0,4.994793,,,
A549,6,DAC,5,5,28,1,0.1150514036417007,0.0115993395447731,0.1878610700368881,0.0052618160843849,0.139072448015213,0.0017387290718033,0.259822279214859,0.0,0.172328233718872,0.1914606690406799,0.61409044,0.7229749,0.721361,1772,117779,119551,0.3072593,-0.06569456,0.45860904,0.95761687,0.8447699,0.72425747,4.010126,0.0,0.61646277,0.93125236,2.8715706,0.41137755,0.086917,0.7211433,4.010126,0.0,0.62377536,DAC,0.10457653522289934,0.10997776032994819
A549,6,DAC,7,5,28,1,0.0639058724045753,0.003891285508871,0.1062889248132705,0.0019671784248203,0.1011573001742363,0.0008728358079679,0.2045041769742965,0.0,0.1246014162898063,0.1386052817106247,0.89243895,1.0625901,1.0598875,2000,123919,125919,0.80342495,0.620947,0.5784587,0.99012095,0.91151863,0.59919316,3.2593558,0.0,0.36874044,0.67604077,1.1152436,0.34068185,0.010784735,0.5979529,3.2593558,0.0,0.37442082,DAC,0.07591712454400758,0.10355506617042608
A549,6,DAC,8,5,28,1,0.1510665565729141,0.0020278659649193,0.1511948555707931,0.0020101896952837,0.1089537367224693,0.0007211306947283,0.211455762386322,0.0168595854192972,0.130189836025238,0.1433595120906829,1.0395153,1.9193959,1.906734,1221,83626,84847,0.87604254,0.6436138,0.5227917,0.9689825,0.9185482,1.3374568,3.222057,0.0,0.20341106,0.85217595,1.5650927,0.39731202,0.04061662,1.3445423,3.222057,0.0,0.20229934,DAC,0.09569651802147669,0.10902141489812292
A549,6,DAC,8,5,28,2,0.2613243758678436,0.001156942686066,0.2613243758678436,0.001156942686066,0.2505577802658081,0.0002005343558266,0.2922631800174713,0.2143818289041519,0.2619910836219787,0.2691845893859863,0.9680648,0.99265593,0.9923865,200,18055,18255,0.84963864,0.28583175,0.6344293,0.99756736,0.96288115,2.7944639,4.7167525,1.988565,0.16363128,2.5986078,2.9193165,2.3120358,0.012753473,2.7966335,4.7167525,1.988565,0.1648729,DAC,0.291814992154437,0.029488226228520764
A549,6,DAC,9,5,28,1,0.2390486747026443,0.0175502970814704,0.2828928530216217,0.0083660073578357,0.2116663157939911,0.0013825134374201,0.3340745866298675,0.0947251990437507,0.2421257495880127,0.2599209547042846,0.668053,0.8596562,0.8576622,1625,154518,156143,0.4062005,0.7607696,0.45734963,0.9885433,0.83548075,2.0755892,7.3492556,0.0,1.8361562,1.7965685,2.4767091,1.1838278,0.065669425,2.0785232,7.3492556,0.0,1.8539486,DAC,0.20174865277184525,0.08409409248663943
A549,2,control,0,1,0,1,0.1367515176534652,0.0082763778045773,0.1518855839967727,0.0068936632014811,0.0719919204711914,0.0010594686027616,0.160076305270195,0.0,0.0984869748353958,0.1141672655940055,1.194695234298706,2.7855809,2.7713435,499,55260,55759,0.70931953,-0.106580667,0.16744292,0.9843797087669371,0.8607632,1.1432737,4.449089,0.0,0.4872344,0.5512294769287109,0.857150137424469,0.3026290833950043,0.0091432137414813,1.1486199,4.449089,0.0,0.48835784,control,0.15811214832880172,0.0
A549,2,control,0,1,0,2,0.0849397778511047,0.0037558891344815,0.0933566391468048,0.0033422983251512,0.0871041193604469,0.0008505459991283,0.1361551582813263,0.0338815115392208,0.1113144233822822,0.1226829215884208,0.6011855602264404,1.0083046,1.0027399,1193,86086,87279,0.6853605,0.0214366763830184,0.3641222,0.9318482279777528,0.8990055,0.47508872,3.2896044,0.0,0.095869415,0.2996302545070648,0.6847898960113525,0.1148027405142784,0.011838587000966,0.47752026,3.2896044,0.0,0.09660138,control,0.10258283692915814,0.0
A549,2,control,1,1,0,1,0.147323876619339,0.0023862156085669,0.1474916338920593,0.0023641900625079,0.1803322732448578,0.0023022515233606,0.3264499604701996,0.0445760153234005,0.2190631628036499,0.2398324161767959,0.886509895324707,0.8618566,0.86255705,999,34168,35167,0.98784524,0.8659645915031433,0.8409896,0.9836062788963318,0.95828176,0.90602547,2.1643848,0.0,0.06223949,0.900122880935669,1.3019107580184937,0.5418339967727661,0.0215633977204561,0.90619814,2.1643848,0.0,0.063427694,control,0.21077979065808686,0.0
A549,2,control,1,1,0,2,0.132543995976448,0.0031721347477287,0.1339514404535293,0.0030172870028764,0.1606992334127426,0.0027853529900312,0.3047282993793487,0.0327844768762588,0.2039540857076645,0.227873757481575,0.9772979021072388,1.0483185,1.0473093,967,67079,68046,0.9693224,0.6700303554534912,0.7753854,0.9496906995773317,0.9496847,0.63285756,1.972073,0.0,0.038784113,0.5886202454566956,1.207377791404724,0.2729943394660949,0.032312337309122,0.63349533,1.972073,0.0,0.038848784,control,0.16486328818749654,0.0
A549,2,control,10,1,0,1,0.2670253813266754,0.0384227000176906,0.3775331974029541,0.0126034710556268,0.2842575013637543,0.0024287432897835,0.3995056748390198,0.1199169307947158,0.3235810399055481,0.3489238023757934,1.3573812246322632,1.8399154,1.8310372,1005,53618,54623,0.82986665,0.5334648489952087,0.4608319,0.9787850975990297,0.9071395,3.3547869,10.946022,0.0,5.935354,3.436669111251831,6.20375394821167,2.011728286743164,0.5556438565254211,3.3532522,10.946022,0.0,6.03606,control,0.3446589292421325,0.0
A549,2,control,10,1,0,2,0.3767450153827667,0.0131575968116521,0.3886846005916595,0.0089338580146431,0.3538559079170227,0.0024533018004149,0.4908958375453949,0.2131562530994415,0.3942590653896332,0.4172587990760803,1.3985601663589478,1.8997521,1.8898239,670,33153,33823,0.94137937,0.5460246205329895,0.6344923,0.9870986342430116,0.94609207,3.5676858,7.6157455,0.0,1.1391754,2.469810485839844,4.00993537902832,1.742617964744568,0.1123952269554138,3.5898726,7.6157455,0.0,1.1350749,control,0.3167136125418488,0.0
A549,2,control,10,1,0,3,0.3258538246154785,0.0185914486646652,0.3544768095016479,0.0100783258676528,0.2587241530418396,0.0033896379172801,0.4489123523235321,0.1057945936918258,0.3049806952476501,0.3351716697216034,1.0681331157684326,2.0559745,2.0305464,773,29257,30030,0.840324,0.2702276706695556,0.17307627,0.981482744216919,0.9026975,2.7515543,8.053034,0.0,1.5636584,1.8389252424240112,2.91650652885437,0.9889938235282898,0.0738357976078987,2.7756653,8.053034,0.0,1.5804328,control,0.2882165882400996,0.0
A549,2,control,10,1,0,4,0.1948944181203842,0.0071754879318177,0.198619931936264,0.0065726907923817,0.1740394681692123,0.0024894359521567,0.3308462798595428,0.0679463446140289,0.2140021026134491,0.2442073076963424,0.6351074576377869,1.1559438,1.146856,1000,56311,57311,0.9070589,0.7563236355781555,0.50167346,0.9587985277175904,0.89437884,1.1779183,4.6268563,0.0,0.36354762,0.6295086741447449,1.2329626083374023,0.3707419037818908,0.018872445449233,1.187657,4.6268563,0.0,0.36423278,control,0.17189130038753267,0.0
A549,2,control,10,1,0,5,0.2318890988826751,0.0048766690306365,0.2325339168310165,0.0047402852214872,0.2102793902158737,0.0020092895720154,0.3359859585762024,0.0366355590522289,0.2459756135940551,0.2657133638858795,0.8651171326637268,1.1857414,1.1789019,1600,73407,75007,0.9658154,0.7691181898117065,0.7419396,0.9847025871276855,0.94284123,1.9088007,5.1346235,0.0,0.3626966,1.3468512296676636,2.0686659812927246,0.890404462814331,0.0374035947024822,1.9210491,5.1346235,0.0,0.36275375,control,0.2553541510874271,0.0
A549,2,control,10,1,0,6,0.1946699470281601,0.0048823035322129,0.1967803686857223,0.0045199440792202,0.218018501996994,0.0021586655639111,0.3587034046649933,0.0982772707939148,0.2551616728305816,0.2792888879776001,0.8316547274589539,0.9671556,0.9654344,591,45936,46527,0.9429612,0.9049978256225586,0.7449694,0.9923945069313048,0.93992674,2.5449202,9.886367,0.0,1.129535,2.005140781402588,2.5919578075408936,1.6192052364349363,0.0278138294816017,2.5518646,9.886367,0.0,1.1399125,control,0.29688544244008386,0.0
A549,2,control,11,1,0,1,0.1251608878374099,0.0080110235139727,0.1604007929563522,0.0046140742488205,0.142116516828537,0.0020285586360841,0.2963889539241791,0.0160084329545497,0.1781269311904907,0.2006298750638961,0.6916707158088684,0.8017845,0.79848397,1737,56214,57951,0.89316267,0.1255473047494888,0.7730518,0.9513952136039734,0.96249354,0.82248795,3.7773025,0.0,0.26562974,0.7876526117324829,1.3540253639221191,0.1914128512144088,0.0465338937938213,0.82356423,3.7773025,0.0,0.272361,control,0.19604711003572367,0.0
A549,2,control,12,1,0,1,0.1234408318996429,0.0142090553417801,0.2012023627758026,0.0075142462737858,0.1631021797657013,0.0019102400401607,0.3178042471408844,0.0377959311008453,0.1981303840875625,0.220966175198555,0.804202139377594,1.2163311,1.2097071,2000,122431,124431,0.95706916,0.4021762907505035,0.65504044,0.9723875522613524,0.8994126,0.90870047,5.655017,0.0,0.85445917,0.6886587738990784,1.319449543952942,0.3593202829360962,0.0252460874617099,0.91229504,5.655017,0.0,0.86720103,control,0.18145587719147468,0.0
A549,2,control,12,1,0,2,0.1576006412506103,0.0177685804665088,0.2356761544942855,0.0081706196069717,0.163287803530693,0.002956612734124,0.3250559568405151,0.0094743827357888,0.2057103514671325,0.2315710484981537,1.0076205730438232,1.3247275,1.3197675,712,44807,45519,0.72751665,-0.096314803,0.26632324,0.9739052057266236,0.90170723,1.3823379,6.3300743,0.0,1.3932152,1.4752013683319092,2.3712480068206787,0.6182899475097656,0.0965247750282287,1.3808624,6.3300743,0.0,1.4136802,control,0.2651854092571244,0.0
A549,2,control,12,1,0,3,0.0833571925759315,0.0096483463421463,0.1634634435176849,0.0058259610086679,0.1372209787368774,0.0030679984483867,0.3105673491954803,0.0,0.1809900403022766,0.2086693197488784,0.648542582988739,0.618492,0.618731,1091,136076,137167,0.985503,0.6565118432044983,0.85058326,0.9820169806480408,0.9463029,0.48934415,3.7438426,0.0,0.31100443,0.7480493187904358,1.2167729139328003,0.3687029480934143,0.0170507468283176,0.48727003,3.7438426,0.0,0.3128203,control,0.1904080938128165,0.0
A549,2,control,13,1,0,1,0.0934245586395263,0.0045467414893209,0.1131956279277801,0.0032709522638469,0.1603882312774658,0.0011834054021164,0.2640534043312073,0.0579757653176784,0.1881307810544967,0.2044227123260498,0.8286312222480774,0.7283489,0.72941905,1000,92710,93710,0.8150097,0.7688176035881042,0.8616213,0.968467652797699,0.95853233,0.47656092,2.0637138,0.0,0.067115,0.5880008339881897,1.0127683877944946,0.3010148704051971,0.0191417317837476,0.47535887,2.0637138,0.0,0.06749705,control,0.1647540392358814,0.0
A549,2,control,13,1,0,2,0.0736963525414466,0.0066871419548988,0.1297842413187027,0.0044971830211579,,,,,,,0.937535285949707,1.101198,1.099486,243,22988,23231,0.77151984,0.1634506285190582,0.74576277,0.9777398705482484,0.9672761,0.24254245,1.2420022,0.0,0.05038433,0.3451697826385498,0.5319606065750122,0.0,0.0065670399926602,0.24145761,1.2420022,0.0,0.050734986,,,
A549,2,control,13,1,0,3,0.1830829679965973,0.0134816896170377,0.2248167395591735,0.0071723870933055,0.1781845092773437,0.0034059768076986,0.4316214621067047,0.0445623099803924,0.2218030989170074,0.2544580996036529,0.7611041069030762,0.7711343,0.77082545,2509,78978,81487,0.84288716,0.5450327396392822,0.7296368,0.9741814732551576,0.9583166,1.3790392,4.6598015,0.0,0.58003855,1.4353246688842771,2.754821300506592,0.7069433331489563,0.07447100430727,1.3772511,4.6598015,0.0,0.5959955,control,0.2622419321964609,0.0
A549,2,control,13,1,0,4,0.1180631518363952,0.0081024691462516,0.1531018316745758,0.0051426268182694,0.1316368728876114,0.0025450331158936,0.3169662356376648,0.0111743565648794,0.1714778691530227,0.1983261555433273,0.9470550417900084,1.1488321,1.1473699,400,54798,55198,0.89715177,0.6382052898406982,0.7237114,0.9830339550971984,0.9484686,1.3337364,5.560421,0.0,0.78248245,1.1822673082351685,2.157981634140014,0.7601173520088196,0.0497690588235855,1.3348421,5.560421,0.0,0.7876621,control,0.24105524696374805,0.0
A549,2,control,13,1,0,5,0.2560473680496216,0.0098314909264445,0.2653530836105346,0.0077194962650537,0.2028522938489914,0.002171347849071,0.3210473358631134,0.0693310424685478,0.239468827843666,0.2630423307418823,1.0407118797302246,1.3258598,1.3239812,251,37844,38095,0.8381366,0.459477961063385,0.5091124,0.9911253452301024,0.93578184,2.0080643,5.8392086,0.0,0.4912888,1.5291783809661863,2.16586709022522,1.1467264890670776,0.0328714288771152,2.0112402,5.8392086,0.0,0.4927981,control,0.26902184300327225,0.0
A549,2,control,13,1,0,6,0.2650341391563415,0.0105420844629406,0.2749438285827636,0.0082116452977061,0.2448629587888717,0.0036071289796382,0.4413854777812958,0.071059338748455,0.2928222715854645,0.3232317268848419,1.1254805326461792,1.2441767,1.242112,666,37621,38287,0.79801786,0.0421470254659652,0.47013453,0.9782857298851012,0.9316033,2.6583402,7.117051,0.0,0.922298,2.320550441741944,3.626265525817871,1.3951936960220337,0.1864131689071655,2.6643198,7.117051,0.0,0.93326926,control,0.3109494451592501,0.0
A549,2,control,14,1,0,1,0.3042768239974975,0.0112110935151577,0.3151746988296509,0.0081778857856988,0.3284285068511963,0.0030724387615919,0.4410390555858612,0.2146955132484436,0.3759642839431762,0.4015506207942962,1.2193869352340698,1.3745263,1.374049,92,29810,29902,0.9045205,0.2184679508209228,0.73696434,0.9858742356300354,0.94815356,3.2883046,9.386537,0.0,1.1746798,2.754689931869507,3.6623148918151855,1.8263994455337524,0.2446517795324325,3.2899513,9.386537,0.0,1.1766684,control,0.32644310392811854,0.0
A549,2,control,14,1,0,2,0.3548246920108795,0.0108468383550643,0.3614327311515808,0.0086604747921228,0.3252736330032348,0.0027265856042504,0.4542925357818603,0.1967740058898925,0.3676236569881439,0.394578754901886,1.0999915599822998,1.4495171,1.4485143,180,62555,62735,0.94215107,0.4449471831321716,0.5130519,0.9914329051971436,0.9090422,4.562459,14.243976,0.0,2.6631575,3.253026962280273,4.1949543952941895,2.4982659816741943,0.1025650799274444,4.5662274,14.243976,0.0,2.6655772,control,0.3403285488738177,0.0
A549,2,control,14,1,0,3,0.1508654057979583,0.0155578143894672,0.2228810489177703,0.0069334241561591,0.2506981492042541,0.0026077812071889,0.3828584849834442,0.0969314575195312,0.2922894656658172,0.3161676824092865,0.8193492889404297,0.673358,0.67465997,600,66679,67279,0.97651714,0.6717547178268433,0.7981371,0.9758687019348145,0.9357718,0.77068406,4.475216,0.0,0.41933224,0.9849625825881958,1.478995680809021,0.5914765000343323,0.0343129336833953,0.768756,4.475216,0.0,0.42237982,control,0.22078840546847722,0.0
A549,2,control,14,1,0,4,0.1357849538326263,0.0178981106728315,0.2392667382955551,0.0067785242572426,0.2353306710720062,0.0037591739092022,0.4508189857006073,0.0779896825551986,0.28376105427742,0.3172620832920074,0.9657609462738036,0.7207688,0.72241044,482,71453,71935,0.92058337,-0.030267656,0.73611635,0.964224100112915,0.93060714,0.5564784,3.010174,0.0,0.31203333,0.996665358543396,1.7733657360076904,0.5188030004501343,0.058359757065773,0.553509,3.010174,0.0,0.31242868,control,0.22210223838396334,0.0
A549,2,control,14,1,0,5,0.1854619532823562,0.0080179730430245,0.2055815309286117,0.0047515830956399,0.2635229825973511,0.0049357018433511,0.4335436522960663,0.1195694059133529,0.3215486705303192,0.3605485558509826,0.8112772107124329,0.54195815,0.54455703,436,44747,45183,0.7230161,0.9699311256408693,0.92767406,0.9874724745750428,0.95761245,1.0821228,3.1725733,0.0,0.24861264,1.440794825553894,2.024810552597046,0.9727714657783508,0.0503394417464733,1.0786282,3.1725733,0.0,0.24927884,control,0.26265140067813303,0.0
A549,2,control,15,1,0,1,0.1639803200960159,0.0314594358205795,0.3178975582122803,0.0120583698153495,0.3055786490440368,0.0039135655388236,0.5340691208839417,0.1514249891042709,0.3550378680229187,0.3882878422737121,0.9386444091796876,0.9018428,0.9021439,525,63666,64191,0.61103827,0.4591685533523559,0.45583013,0.9866600632667542,0.9016443,1.8206439,9.15111,0.0,3.7565992,2.964068651199341,6.006113052368164,1.8046061992645264,0.3341132700443268,1.8112153,9.15111,0.0,3.7739513,control,0.3327024094285623,0.0
A549,2,control,15,1,0,2,0.2622518837451935,0.0255619678646326,0.3307922780513763,0.0095700453966856,0.2701181173324585,0.005481544882059,0.4994085729122162,0.0350171774625778,0.3281000554561615,0.3636673092842102,0.7951252460479736,0.90953207,0.9087153,395,54932,55327,0.9363485,0.88135826587677,0.65240604,0.981095850467682,0.943929,2.3060622,7.1205897,0.0,1.8878331,2.055928945541382,3.824045181274414,1.1483105421066284,0.1093895211815834,2.3078606,7.1205897,0.0,1.9001682,control,0.29934616865103103,0.0
A549,2,control,15,1,0,3,0.3139437735080719,0.0224443562328815,0.352552056312561,0.0115930968895554,0.3301670253276825,0.0052928291261196,0.5093172788619995,0.0583108477294445,0.3882057666778564,0.4182964563369751,0.8745647668838501,1.0180345,1.0167342,667,72932,73599,0.84541476,0.8324795365333557,0.56464106,0.9857257008552552,0.91674626,3.0410697,9.006531,0.0,2.2976022,2.29754900932312,3.705281972885132,1.4824641942977903,0.1238079592585563,3.0478694,9.006531,0.0,2.3123806,control,0.3100147663494893,0.0
A549,2,control,15,1,0,4,0.2014355957508087,0.0235635805875062,0.281931608915329,0.0102854846045374,0.2905561327934265,0.00609931955114,0.5005324482917786,0.0338050797581672,0.3533307611942291,0.387261152267456,0.8326532244682312,0.7441427,0.7453128,629,46954,47583,0.85965496,0.7857971787452698,0.72893935,0.9825890064239502,0.9432934,1.7763351,8.974728,0.0,1.6518978,2.08704686164856,3.4508132934570312,1.2357388734817505,0.1381190121173858,1.7721728,8.974728,0.0,1.6708655,control,0.300813853754759,0.0
A549,2,control,15,1,0,5,0.2224287688732147,0.0395571775734424,0.372805655002594,0.0102391503751277,0.2675698101520538,0.0030553864780813,0.4372878968715668,0.0888607203960418,0.3126307427883148,0.3383155465126037,0.9029191136360168,1.7437769,1.7291979,577,32702,33279,0.86580575,0.2023339867591858,0.34296596,0.9875932335853576,0.91877824,2.3172805,9.153027,0.0,4.317569,2.3013269901275635,3.401252269744873,1.5252166986465454,0.1052019447088241,2.317562,9.153027,0.0,4.3918853,control,0.31016918110587116,0.0
A549,2,control,16,1,0,1,0.2435024380683899,0.0324342250823974,0.3479557335376739,0.0100021492689847,0.3598921597003937,0.0042706253007054,0.5183677077293396,0.1774833351373672,0.413021981716156,0.4452229142189026,0.934849977493286,0.7776347,0.77843434,388,75899,76287,0.7424957,0.947924554347992,0.8042549,0.9903383851051332,0.93016803,2.0596924,7.5554075,0.0,2.3363929,2.2627604007720947,3.2653074264526367,1.4063949584960938,0.1131391450762748,2.0586545,7.5554075,0.0,2.3475463,control,0.3085760689060685,0.0
A549,2,control,16,1,0,2,0.1569483876228332,0.0301294960081577,0.3109315633773803,0.01181151997298,0.2541221976280212,0.0106788482517004,0.4825372695922851,0.0,0.3398359417915344,0.3879238367080688,0.9860594868659972,1.190334,1.1892251,222,40672,40894,0.92006665,0.7364223599433899,0.58940357,0.9885749816894532,0.9320152,2.2951114,10.953662,0.0,6.1571565,3.075278282165528,5.154619216918945,2.0431811809539795,0.2418735027313232,2.290853,10.953662,0.0,6.186102,control,0.3357654504803375,0.0
A549,2,control,17,1,0,1,0.2249968498945236,0.0306986421346664,0.3248036503791809,0.0118987001478672,0.3006766140460968,0.0029871724545955,0.4364616572856903,0.1601628363132476,0.345670223236084,0.368776798248291,0.9269430041313172,1.3192981,1.3182652,161,60990,61151,0.9468303,0.735215961933136,0.612996,0.9865431189537048,0.9366726,3.5102828,12.969164,0.0,6.958584,2.524610757827759,3.931116819381714,1.6002583503723145,0.1942078918218612,3.5128849,12.969164,0.0,6.9738693,control,0.318707380680253,0.0
A549,2,control,17,1,0,2,0.2594321966171264,0.0116956271231174,0.2720946371555328,0.008821090683341,0.3362337350845337,0.0028390237130224,0.44144207239151,0.1948862671852111,0.3796173334121704,0.4007009863853454,1.0152934789657593,0.97694725,0.97713643,259,52236,52495,0.92879355,0.9290164709091188,0.8806063,0.9939374327659608,0.9626189,2.838955,8.328737,0.0,1.0970553,2.13867712020874,3.031022548675537,1.3911052942276,0.1159581691026687,2.8424273,8.328737,0.0,1.0994762,control,0.30318480864542335,0.0
A549,2,control,17,1,0,3,0.1587996184825897,0.0046750074252486,0.1643658131361007,0.0039239833131432,0.1640603989362716,0.0020671973470598,0.3283112347126007,0.0340352617204189,0.2006488740444183,0.2238042950630188,0.8670824766159058,0.8428227,0.84334004,1276,58579,59855,0.87189347,0.6623256206512451,0.7615596,0.9793026447296144,0.9574995,0.9521556,2.5872536,0.0,0.113159984,0.9402614831924438,1.5283927917480469,0.5269036293029785,0.0241571124643087,0.95241475,2.5872536,0.0,0.115095526,control,0.21562406968136455,0.0
A549,2,control,17,1,0,4,0.1694649904966354,0.0182733815163373,0.2462705224752426,0.0076403738930821,0.2312863320112228,0.0050217830576002,0.4631837904453277,0.062514841556549,0.2876684665679931,0.3284732401371002,0.7339940667152405,0.72399634,0.7241053,836,75915,76751,0.9964277,0.5967694520950317,0.80884504,0.9724123477935792,0.95058775,1.2534982,5.077438,0.0,0.96370625,1.280041217803955,2.231964588165283,0.8025115132331848,0.0628541335463523,1.2532059,5.077438,0.0,0.97361875,control,0.24979866395686495,0.0
A549,2,control,18,1,0,1,0.1478835940361023,0.019807556644082,0.2478643208742141,0.0084173353388905,0.2450654953718185,0.0047600474208593,0.5018365383148193,0.0386092104017734,0.3003994226455688,0.3343519568443298,1.0867977142333984,1.1368693,1.1357152,1400,59335,60735,0.94328815,0.3139947652816772,0.72986954,0.9778177738189696,0.9388888,2.029588,9.609734,0.0,3.6575656,2.5964837074279785,5.410416126251221,1.620173454284668,0.2901536226272583,2.0162125,9.609734,0.0,3.729256,control,0.3212301936998475,0.0
A549,2,control,19,1,0,1,0.2378329634666443,0.0190560240298509,0.2906278073787689,0.007942478172481,0.3006041646003723,0.0026950046885758,0.4438092708587646,0.1486883014440536,0.342130571603775,0.3676791787147522,1.0933868885040283,1.1932498,1.1910613,709,31642,32351,0.9586626,0.2329034358263015,0.80509484,0.9867106080055236,0.9622733,2.2864246,7.3130264,0.0,1.6549821,1.9778889417648315,3.121539831161499,1.3058602809906006,0.0724892616271972,2.2933378,7.3130264,0.0,1.6882592,control,0.295530467196068,0.0
A549,2,control,19,1,0,2,0.2383161634206771,0.0173439104110002,0.280897706747055,0.0084818080067634,0.3293282091617584,0.000967176107224,0.4008865356445312,0.2652912437915802,0.3551979959011078,0.3698495030403137,1.0079883337020874,1.0196496,1.019625,93,43906,43999,0.99917394,0.410199910402298,0.8532136,0.9948598742485046,0.95485747,2.413295,7.0783467,0.0,1.6434293,1.81380307674408,2.121748924255371,1.3729153871536257,0.0218939650803804,2.4145646,7.0783467,0.0,1.6461011,control,0.28681726426891224,0.0
A549,2,control,19,1,0,3,0.3044023215770721,0.0173060782253742,0.3370342254638672,0.0081632137298583,0.3497189283370971,0.0037644149269908,0.5024411082267761,0.1794478744268417,0.3999167382717132,0.4257711172103882,0.8014298677444458,0.7465702,0.74723285,769,62894,63663,0.96513474,0.8779079914093018,0.8671313,0.9827752709388732,0.9561558,2.051977,5.8365984,0.0,0.84328926,1.801854968070984,2.8747127056121826,1.1734408140182495,0.0723638385534286,2.055035,5.8365984,0.0,0.8519409,control,0.28614294019028796,0.0
A549,2,control,19,1,0,4,0.319794237613678,0.0151672512292861,0.3470765352249145,0.006992157548666,0.3304106593132019,0.0033151959069073,0.4929976463317871,0.1312430053949356,0.3767580687999725,0.4012842178344726,1.1422630548477173,1.2138246,1.2123615,1201,57534,58735,0.8609714,0.6963484287261963,0.8130206,0.9888784885406494,0.9477473,3.5951211,10.034762,0.0,2.1291542,3.119363307952881,5.045206546783447,2.1873087882995605,0.2065585106611251,3.605052,10.034762,0.0,2.1644635,control,0.33693390708506177,0.0
A549,2,control,2,1,0,1,0.1105010658502578,0.0069143990986049,0.1335853487253189,0.0052751321345567,0.1632517874240875,0.0045094965025782,0.4045665562152862,0.0,0.2204956263303756,0.2509699165821075,0.7781288027763367,0.7683743,0.768525,714,45493,46207,0.6822253,0.4548462033271789,0.7568145,0.9189839959144592,0.9428467,1.109256,4.2415576,0.0,0.37633926,1.0844776630401611,2.065519094467163,0.4600619673728943,0.1385562568902969,1.1096448,4.2415576,0.0,0.38006136,control,0.2314899923889822,0.0
A549,2,control,2,1,0,2,0.2057971358299255,0.0078504933044314,0.2123516798019409,0.0067086587660014,0.1936690211296081,0.0030129188671708,0.3895686566829681,0.0356256403028965,0.2365406304597854,0.2654994130134582,0.7220814824104309,0.9813616,0.9764301,1339,69060,70399,0.8046316,0.7858613729476929,0.55745876,0.9765140414237976,0.9187045,1.5664064,5.6002607,0.0,0.48265353,1.1406952142715454,2.4503207206726074,0.5825936794281006,0.0492990911006927,1.5746602,5.6002607,0.0,0.4874737,control,0.2370956774628475,0.0
A549,2,control,2,1,0,3,0.3674986362457275,0.033778827637434,0.4207442998886108,0.0162701159715652,0.2943783402442932,0.0063948673196136,0.4474016726016998,0.067485362291336,0.3588797748088836,0.3860769271850586,0.9321348667144777,1.0568097,1.0560153,575,89680,90255,0.634584,0.0416937433183193,0.41745046,0.9242133498191832,0.89398175,3.4793427,10.91814,0.0,3.1186714,3.284730911254883,6.318535327911377,1.1664005517959597,1.2492214441299438,3.4805906,10.91814,0.0,3.1304133,control,0.3411026550398244,0.0
A549,2,control,2,1,0,4,0.1619692295789718,0.0110392486676573,0.1926806420087814,0.0072149350307881,0.1483209580183029,0.0041431221179664,0.3722798228263855,0.0,0.1984703689813614,0.2349176406860351,0.9333024621009828,1.1529459,1.1496116,945,61310,62255,0.8335739,0.3896700143814087,0.5019791,0.9652947783470154,0.93459594,1.1531535,4.3635306,0.0,0.43454903,0.9991421103477478,1.81780219078064,0.5243646502494812,0.0657791644334793,1.1555272,4.3635306,0.0,0.4398617,control,0.2223783231176085,0.0
A549,2,control,2,1,0,5,0.0871003940701484,0.0089709674939513,0.1544086039066314,0.0055104554630815,0.1422362476587295,0.0030080485157668,0.2978346943855285,0.0,0.186459019780159,0.2129514664411544,0.7785877585411072,0.60716295,0.6098664,1656,103351,105007,0.8374571,0.5673152208328247,0.7458737,0.974604308605194,0.9443546,0.45915723,3.1361468,0.0,0.21735877,0.7417013049125671,1.6009340286254885,0.0,0.0305842105299234,0.45463005,3.1361468,0.0,0.21905184,control,0.1894803685909514,0.0
A549,2,control,3,1,0,1,0.2504022419452667,0.0096179340034723,0.2606448531150818,0.0073416670784354,0.2351685464382171,0.0018687604460865,0.3667725920677185,0.1131245493888855,0.2690904140472412,0.2933649718761444,0.9194679260253906,1.1971962,1.1950234,525,66577,67102,0.9703128,0.225092351436615,0.64945716,0.9571971893310548,0.910208,2.214894,8.178566,0.0,0.9677497,1.6134073734283447,2.682114601135254,0.8787676692008972,0.2181888967752456,2.219637,8.178566,0.0,0.9707849,control,0.2746918538251958,0.0
A549,2,control,3,1,0,2,0.1580772548913955,0.0032293638214468,0.158441349864006,0.0031791150104254,0.1592168807983398,0.0018153985729441,0.2783885598182678,0.0641713142395019,0.1935103684663772,0.2171676754951477,1.0602129697799685,1.1234618,1.1229162,398,45729,46127,0.83808726,-0.523311853,0.5248821,0.9468136429786682,0.92114764,1.1240715,3.4063187,0.0,0.1625053,1.0393190383911133,1.6756020784378052,0.5745115876197815,0.0796855762600898,1.1248091,3.4063187,0.0,0.16316304,control,0.22676319330970818,0.0
A549,2,control,3,1,0,3,0.2154839187860489,0.0167789775878191,0.2570988535881042,0.009320231154561,0.2102200835943222,0.0057829339057207,0.42920583486557,0.0496198572218418,0.2742617428302765,0.314736396074295,0.6665079593658447,0.87703764,0.8738077,921,59110,60031,0.92330253,0.7925634384155273,0.54604167,0.9507603645324708,0.90529317,1.7712027,6.879463,0.0,1.3706136,1.189306139945984,2.1148107051849365,0.6175020933151245,0.094455286860466,1.7802691,6.879463,0.0,1.3851391,control,0.2417107806217133,0.0
A549,2,control,3,1,0,4,0.123971976339817,0.0117923412472009,0.1780362725257873,0.007309584878385,0.1106708124279975,0.0026041124947369,0.2395618110895156,0.0,0.1523634642362594,0.1757703125476837,0.9214521646499634,1.1135074,1.1079599,543,18256,18799,0.7191094,-0.096504778,0.4321016,0.982529878616333,0.9385608,0.9387984,3.5575502,0.0,0.5110487,1.019802451133728,1.669572114944458,0.0,0.0362785086035728,0.93638915,3.5575502,0.0,0.52496827,control,0.22465496003285645,0.0
A549,2,control,4,1,0,1,0.2572310864925384,0.0097586484625935,0.2702213227748871,0.0067412294447422,,,,,,,,1.163486,1.163486,0,17327,17327,0.8625568,,0.7204737,,0.9679468,2.127637,5.002841,0.0,0.40027067,,,,,2.127637,5.002841,0.0,0.40027067,,,
A549,2,control,4,1,0,2,0.1544676721096038,0.0113455792888998,0.1915934085845947,0.0069593996740877,0.157197818160057,0.0035223150625824,0.3674606382846832,0.0091033158823847,0.2053578346967697,0.2361355572938919,0.8576388359069824,0.9994152,0.99714535,883,54268,55151,0.97829115,0.5533286333084106,0.78216845,0.975548505783081,0.9506842,1.2662209,5.131111,0.0,0.6234241,1.1353222131729126,2.09928560256958,0.6209453344345093,0.0586496256291866,1.2683507,5.131111,0.0,0.6323301,control,0.23657267043066,0.0
A549,2,control,4,1,0,3,0.1458672285079956,0.0060149799101054,0.1545162796974182,0.0050352136604487,0.1160530820488929,0.0023914519697427,0.3168154954910278,0.0,0.154890701174736,0.1800098866224289,0.7497321963310242,0.93709534,0.9344785,518,36569,37087,0.93666315,0.7895864248275757,0.6724275,0.9798683524131776,0.9502278,2.2445319,7.3282566,0.0,0.7083358,1.568577527999878,2.345698356628418,0.927901566028595,0.0787341892719268,2.2541065,7.3282566,0.0,0.71069014,control,0.27172034991763777,0.0
A549,2,control,5,1,0,1,0.2690498530864715,0.0121591817587614,0.2834688127040863,0.0087234824895858,0.2659153044223785,0.004952578805387,0.473306655883789,0.0660894140601158,0.3229133784770965,0.3617872893810272,0.904297173023224,1.105935,1.1037515,605,55266,55871,0.9255853,0.762787938117981,0.7104648,0.9791253209114076,0.93214494,2.849296,8.063014,0.0,1.301906,2.1307132244110107,3.8725435733795166,1.2285314798355105,0.2032653242349624,2.8571625,8.063014,0.0,1.3082182,control,0.3028241930582579,0.0
A549,2,control,5,1,0,2,0.1166955232620239,0.0068581523373723,0.1408770829439163,0.0048726652748882,0.120160199701786,0.001830500899814,0.2870872616767883,0.0,0.1539761871099472,0.1764843016862869,0.8032864928245544,0.8981577,0.8973043,1000,110167,111167,0.9539088,0.7894018292427063,0.78082925,0.98232901096344,0.95968086,0.63990796,2.9141223,0.0,0.12766014,0.633544385433197,1.102786421775818,0.3624163866043091,0.0135070839896798,0.6399657,2.9141223,0.0,0.12869594,control,0.17256589260827104,0.0
A549,2,control,6,1,0,1,0.1713260263204574,0.0109756346791982,0.2074130028486251,0.0058025601319968,0.2420419454574585,0.0053990944288671,0.406997799873352,0.0613370761275291,0.3035717308521271,0.3354439437389374,0.6559365391731262,0.47019878,0.4723991,916,76411,77327,0.8872937,0.860188364982605,0.8516705,0.960932433605194,0.9446289,1.1262138,3.7970457,0.0,0.39883578,1.3122265338897705,2.127195358276367,0.7032901644706726,0.0869495123624801,1.1239839,3.7970457,0.0,0.4021548,control,0.2525150629130296,0.0
A549,2,control,7,1,0,1,0.2924330532550812,0.0154679454863071,0.3129380047321319,0.0101357633247971,0.2241729944944381,0.0032217653933912,0.3512574136257171,0.0613466724753379,0.2715271115303039,0.2958164513111114,0.9501491189002992,1.863287,1.8518146,752,59103,59855,0.9325853,0.5140171051025391,0.4949449,0.9825482964515686,0.89522237,2.4301422,7.746575,0.0,1.3082222,1.2894943952560425,1.909091591835022,0.7518210411071777,0.0445912182331085,2.4446547,7.746575,0.0,1.307535,control,0.2506044215051044,0.0
A549,2,control,7,1,0,2,0.2586976289749145,0.0412235036492347,0.3858691155910492,0.0124167390167713,0.3298838436603546,0.0084895668551325,0.5711847543716431,0.0856241509318351,0.4026133418083191,0.4395040869712829,1.1402989625930786,1.6816279,1.6735997,774,51417,52191,0.9787526,0.7702749967575073,0.52810115,0.9716575741767884,0.91714996,6.525437,30.481432,0.0,27.049316,5.5876784324646,10.569283485412598,2.465273857116699,2.1973321437835693,6.5395527,30.481432,0.0,27.409979,control,0.37740518999708966,0.0
A549,2,control,8,1,0,1,0.3036238551139831,0.0434406250715255,0.413975179195404,0.0135463159531354,0.2936812043190002,0.003334080800414,0.452909380197525,0.0380981974303722,0.3398143053054809,0.3655728995800018,0.8444207310676575,1.4942669,1.4868937,863,75200,76063,0.9010542,0.484454870223999,0.5019916,0.9766990542411804,0.9052864,3.1032422,10.874313,0.0,4.8198433,2.3283793926239014,3.8462612628936768,0.9725547432899476,0.1957775056362152,3.1121342,10.874313,0.0,4.865939,control,0.31126463304499585,0.0
A549,2,control,8,1,0,2,0.1483502238988876,0.0150718577206134,0.2054174095392227,0.0091470861807465,0.164281740784645,0.0040547582320868,0.3996756672859192,0.0,0.214811310172081,0.244241327047348,1.0432522296905518,1.2868034,1.2817254,1261,59218,60479,0.8649846,0.6523063778877258,0.57499206,0.989443302154541,0.94916975,3.3359804,13.987277,0.0,5.7517133,2.81653094291687,4.499515533447266,1.7533706426620483,0.2211053669452667,3.3470414,13.987277,0.0,5.8636136,control,0.328363286706914,0.0
A549,2,control,9,1,0,1,0.2212397754192352,0.0033766604028642,0.2212397754192352,0.0033766604028642,0.2163603752851486,0.001772679737769,0.3569271266460418,0.117132619023323,0.2489807307720184,0.2723420560359955,0.8964864611625671,1.1073257,1.1032637,909,46273,47182,0.8636001,0.328104019165039,0.68843365,0.9696829915046692,0.93690103,0.91824543,2.3489594,0.20803405,0.08368629,0.8134499788284302,1.219002366065979,0.5196498036384583,0.0207521542906761,0.9203039,2.3489594,0.20803405,0.08470257,control,0.19958786220778396,0.0
A549,2,control,9,1,0,2,0.1030030846595764,0.0087953926995396,0.151859849691391,0.0055478704161942,0.1042780354619026,0.0017587722977623,0.2128719389438629,0.0,0.1383035629987716,0.1590803414583206,0.8388088941574097,1.3235731,1.3180827,517,45130,45647,0.8589009,0.6579405665397644,0.6202967,0.980164349079132,0.9373138,0.6072304,3.057795,0.0,0.24952371,0.5290819406509399,0.8577821254730225,0.2811167538166046,0.0099407657980918,0.6081257,3.057795,0.0,0.2521975,control,0.15395756504914668,0.0
A549,2,control,9,1,0,3,0.1823276132345199,0.0029074847698211,0.1825601160526275,0.0028687440790235,0.1988701522350311,0.0040670381858944,0.4210588932037353,0.0631637051701545,0.2476182430982589,0.2907021045684814,0.6384122967720032,0.51929396,0.52108026,989,64962,65951,0.90359616,0.7452765107154846,0.8646194,0.947937786579132,0.96828157,0.8230021,2.022411,0.0,0.024921715,0.8908133506774902,1.7101142406463623,0.5038320422172546,0.0545249842107296,0.82196975,2.022411,0.0,0.02439996,control,0.2096268518043376,0.0
A549,2,control,0,3,0,1,0.0688153430819511,0.0052052563987672,0.1116551980376243,0.0036624118220061,0.1054564639925956,0.0022341753356158,0.2750012278556824,0.0,0.1433123052120208,0.1682574450969696,0.9455511569976808,1.0046993,1.0042415,867,111116,111983,0.9704615,0.815163254737854,0.6386143,0.9902180433273317,0.910451,0.83516717,4.7306113,0.0,0.6482413,0.9127300977706908,1.4519647359848022,0.6073757410049438,0.0188076086342334,0.834562,4.7306113,0.0,0.65310514,control,0.21232324113047285,0.0
A549,2,control,1,3,0,1,0.098107673227787,0.0039042737334966,0.1084037274122238,0.0031978834886103,0.1384234875440597,0.0023684359621256,0.2634163796901703,0.0361385233700275,0.1785776168107986,0.2032601684331894,0.9710330963134766,0.9701408,0.970144,273,75006,75279,0.7633924,0.923040509223938,0.6676809,0.9890215396881104,0.920275,0.80911607,3.4182682,0.0,0.19131549,0.7719698548316956,1.193278193473816,0.490437239408493,0.0169102530926466,0.8092512,3.4182682,0.0,0.19194523,control,0.19384422512320262,0.0
A549,2,control,1,3,0,2,0.1273075640201568,0.0053727901540696,0.1371548175811767,0.0044377758167684,0.129385307431221,0.002278471365571,0.2577994167804718,0.0461930856108665,0.1681445837020874,0.1976490765810012,0.9646433591842652,1.1220616,1.1215868,158,52223,52381,0.7900983,0.3439953923225403,0.5285855,0.984769880771637,0.9059119,1.0202341,4.1820164,0.0,0.30030587,0.8982769250869751,1.2377163171768188,0.5810295939445496,0.0208747498691082,1.0206032,4.1820164,0.0,0.3011061,control,0.2105520770901325,0.0
A549,2,control,1,3,0,3,0.0583991855382919,0.0045052804052829,0.102012500166893,0.0034207822754979,0.0782879963517189,0.0019515469903126,0.188029944896698,0.0,0.1146777868270874,0.1351595968008041,0.7854048013687134,0.89437866,0.8937666,254,44977,45231,0.6742858,0.4737473726272583,0.34006023,0.978035032749176,0.9054539,0.4735983,2.4197934,0.0,0.20850496,0.6061097979545593,0.9075074791908264,0.2611246705055237,0.0140597466379404,0.47284997,2.4197934,0.0,0.2095033,control,0.16791323473439904,0.0
A549,2,control,1,3,0,4,0.0210183095186948,0.0018151877447962,0.0763134807348251,0.0023708343505859,0.0481208562850952,0.0020906596910208,0.1982267946004867,0.0,0.084804430603981,0.1133898496627807,0.7742556929588318,0.91192484,0.9099382,885,60442,61327,0.62635285,-0.009928292,0.22683406,0.966186821460724,0.94042325,0.29688647,2.189285,0.0,0.22015429,0.8469852209091187,1.664435863494873,0.2445564568042755,0.0568144619464874,0.28883198,2.189285,0.0,0.21805027,control,0.20404279646742118,0.0
A549,2,control,1,3,0,5,0.0603257603943347,0.0065072271972894,0.1303396821022033,0.0049339053221046,0.0703849494457244,0.0021575416903942,0.2098713964223861,0.0,0.1076250076293945,0.1335798650979995,0.8620463013648987,1.4435016,1.4405594,284,55843,56127,0.6630911,0.3288824558258056,0.24271902,0.9828328490257264,0.9045674,1.3047514,6.4508786,0.0,2.1880815,1.5404998064041138,2.186278343200684,0.8566755652427673,0.0805343016982078,1.3035524,6.4508786,0.0,2.1985157,control,0.26980583447538065,0.0
A549,2,control,1,3,0,6,0.0188021454960107,0.0023158953990787,0.1056782752275466,0.0038356713484972,0.107663407921791,0.0037547666579484,0.3082134425640106,0.0,0.157043382525444,0.1849324107170105,0.9423868656158448,1.081843,1.0810016,136,22407,22543,0.55435073,0.0914435982704162,0.13408127,0.9870260953903198,0.9018506,0.41084254,4.192971,0.0,0.7680826,2.009207248687744,2.488298892974853,1.2552807331085205,0.0998633056879043,0.40114164,4.192971,0.0,0.75653857,control,0.29708552499127316,0.0
A549,2,control,10,3,0,1,0.0854096263647079,0.0033312120940536,0.103399783372879,0.0021726994309574,0.0989551171660423,0.0010204699356108,0.190769538283348,0.0033758936915546,0.124640978872776,0.1404397636651992,1.0185719728469849,1.1246871,1.121929,400,14990,15390,0.97102547,0.3453595340251922,0.8482975,0.9910534620285034,0.97737527,0.6800869,1.6955515,0.0,0.11262524,0.6721246838569641,0.9049092531204224,0.464883416891098,0.0055700885131955,0.6802993,1.6955515,0.0,0.115479834,control,0.17885045208020722,0.0
A549,2,control,10,3,0,2,0.0457933992147445,0.0022786508779972,0.0704536139965057,0.0017683269688859,0.0546498708426952,0.0008354915189556,0.14557446539402,0.0,0.0778758749365806,0.0923764631152153,0.832014799118042,0.9352538,0.9342145,590,58017,58607,0.7750907,0.8834296464920044,0.7244286,0.9901397228240968,0.9472678,0.3011618,1.4578756,0.0,0.06137639,0.3119372725486755,0.4822826385498047,0.2002817094326019,0.0021961515303701,0.3010522,1.4578756,0.0,0.06197701,control,0.10579449135277745,0.0
A549,2,control,10,3,0,3,0.0954507291316986,0.0023249527439475,0.0981112569570541,0.0021287300623953,0.0859991088509559,0.0008586768526583,0.2057904005050659,0.0123806241899728,0.1089221984148025,0.1245641335844993,0.8246778249740601,1.010463,1.0076193,600,38598,39198,0.8006821,0.5966227650642395,0.39274496,0.9925344586372375,0.9007512,0.7155474,2.6369722,0.0,0.13626453,0.6185938715934753,0.8700644969940186,0.4614363312721252,0.0039231651462614,0.7170544,2.6369722,0.0,0.13817328,control,0.17004997657167542,0.0
A549,2,control,10,3,0,4,0.1330861300230026,0.0068083009682595,0.1521172970533371,0.0048869121819734,0.1651981770992279,0.0015995081048458,0.2834688127040863,0.0036475916858762,0.1972502768039703,0.2148166745901107,1.0197888612747192,1.1648153,1.162484,741,45354,46095,0.9422956,0.8406888246536255,0.64941597,0.993809461593628,0.9178049,1.3159581,4.378816,0.0,0.56555945,1.1770086288452148,1.550595998764038,0.8280854821205139,0.0139157250523567,1.3182284,4.378816,0.0,0.5742515,control,0.24056273424358995,0.0
A549,2,control,11,3,0,1,0.0396022461354732,0.0050906287506222,0.1441947370767593,0.0034536726307123,0.1281207799911499,0.0017852032324299,0.2403056323528289,0.0228691976517438,0.1631100326776504,0.182939812541008,0.9490922689437866,1.4593319,1.4559697,200,30151,30351,0.7328171,-0.165769368,0.16720635,0.9872286915779114,0.9412482,0.4232233,2.612174,0.0,0.48858452,1.2395200729370115,1.7549184560775757,0.8192158937454224,0.0298432353883981,0.41780874,2.612174,0.0,0.48717818,control,0.24626770308696094,0.0
A549,2,control,11,3,0,2,0.4234470725059509,0.011391851119697,0.4302874207496643,0.0086325574666261,,,,,,,,1.4900167,1.4900167,0,80831,80831,0.81874996,,0.6612907,,0.92678285,5.0052943,9.34771,0.0,1.6113997,,,,,5.0052943,9.34771,0.0,1.6113997,,,
A549,2,control,12,3,0,1,0.331989049911499,0.0062594329938292,0.3360526859760284,0.0049704490229487,0.3913643658161163,0.0044874600134789,0.4922923445701599,0.2447162866592407,0.4451521039009094,0.4611896872520447,0.8964045643806458,1.0850058,1.0837024,200,28743,28943,0.9986354,0.9817607402801514,0.84764755,0.9931102395057678,0.9577163,3.3763077,6.527613,0.0,0.8394008,2.31992244720459,2.499729871749878,1.9281795024871824,0.0133368158712983,3.3836582,6.527613,0.0,0.8373297,control,0.3109240981513406,0.0
A549,2,control,12,3,0,2,0.2058562785387039,0.0041727358475327,0.2087363600730896,0.0036299407947808,0.3085834681987762,0.002963931299746,0.4059445559978485,0.135112777352333,0.3509381711483001,0.3645434379577636,0.9332985281944276,0.58488375,0.5880028,545,60334,60879,0.85579395,0.958055019378662,0.96491367,0.9954692721366882,0.9613072,0.9093846,3.0986829,0.0,0.069779366,1.062981128692627,1.3046404123306274,0.5089098811149597,0.0145235015079379,0.9079972,3.0986829,0.0,0.07006346,control,0.22926573622338176,0.0
A549,2,control,12,3,0,3,0.0904354378581047,0.0223339274525642,0.3122745454311371,0.0078445961698889,0.290796160697937,0.0031463233754038,0.4273961782455444,0.1068134754896164,0.3352314531803131,0.3605013787746429,0.8546701669692993,1.0903836,1.0888119,491,73140,73631,0.6255766,0.9409996271133424,0.4184825,0.9846500754356384,0.8865163,0.8732891,7.6289363,0.0,2.1533844,2.137430429458618,2.498868703842163,1.5135806798934937,0.0436795204877853,0.8648029,7.6289363,0.0,2.156747,control,0.3031284777251555,0.0
A549,2,control,13,3,0,1,0.2861709594726562,0.0054905540309846,0.2867406904697418,0.005338114220649,0.2740219831466675,0.0034797682892531,0.410930871963501,0.1313880085945129,0.3234237432479858,0.3457849025726318,0.9305154085159302,1.3932687,1.3847562,611,32604,33215,0.9101426,0.936837911605835,0.7039938,0.9893566966056824,0.9368948,2.2533348,5.1330714,0.0,0.44357523,1.52647864818573,2.2070298194885254,0.9858155250549316,0.0367920212447643,2.2669556,5.1330714,0.0,0.44111213,control,0.2688338530925271,0.0
A549,2,control,13,3,0,2,0.2819061577320099,0.0550642870366573,0.4626645445823669,0.0067410385236144,0.2971450984477997,0.0009770485339686,0.35840505361557,0.2241032570600509,0.3209048211574554,0.3406977951526642,0.3985739350318908,0.9696834,0.96923846,36,46171,46207,0.84856325,0.4150132536888122,0.66524094,0.9972991943359376,0.9437485,2.6242278,6.805571,0.0,4.764168,2.336232185363769,2.491499900817871,2.016931295394897,0.0142445862293243,2.6244524,6.805571,0.0,4.767806,control,0.3115792947546401,0.0
A549,2,control,13,3,0,3,0.0766004100441932,0.0105087636038661,0.191910445690155,0.0041988738812506,0.1907171010971069,0.003004741622135,0.3807162940502167,0.0052783358842134,0.2344212085008621,0.2612197697162628,1.127328395843506,1.2870643,1.2847449,1208,81991,83199,0.85395896,0.3228437900543213,0.4827412,0.982097029685974,0.94258696,0.4770064,2.744564,0.0,0.3820682,0.9740558862686156,1.528687834739685,0.4306619465351105,0.0265734624117612,0.46968326,2.744564,0.0,0.38361216,control,0.2195499217318054,0.0
A549,2,control,14,3,0,1,0.0393731892108917,0.0064465799368917,0.1788743436336517,0.0043339529074728,0.1961933523416519,0.0012228606501594,0.2893590927124023,0.0858271643519401,0.2237565666437149,0.242736130952835,0.7986428737640381,0.6609787,0.6614385,187,55796,55983,0.8670966,0.9252594709396362,0.6721257,0.98820298910141,0.91967213,0.22326836,2.2179246,0.0,0.19016069,0.864166259765625,1.1723624467849731,0.6053110361099243,0.0105980830267071,0.22112043,2.2179246,0.0,0.18938127,control,0.20626308906726956,0.0
A549,2,control,14,3,0,2,0.0146568343043327,0.0017348998226225,0.1110232025384903,0.0024426879826933,0.1136919185519218,0.0016793755348771,0.2231126874685287,0.0022761144209653,0.1467005461454391,0.1674211770296096,0.8060230016708374,0.69577193,0.69638014,600,108151,108751,0.97629946,0.717479944229126,0.6881977,0.9840327501296996,0.94307953,0.07020316,1.3481497,0.0,0.03478464,0.5376118421554565,0.8281906843185425,0.3240552544593811,0.0074602095410227,0.06761009,1.3481497,0.0,0.033717483,control,0.15557183215501505,0.0
A549,2,control,2,3,0,1,0.010297960601747,0.0009123919880948,0.0731569826602935,0.0018830806948244,0.0472788251936435,0.0014577419497072,0.1769060045480728,0.0,0.0782207548618316,0.0999574288725853,0.5577589869499207,0.8248217,0.82217246,672,67071,67743,0.37210807,0.3106127381324768,0.1135152,0.98355633020401,0.85633785,0.115523435,2.3390322,0.0,0.08750212,0.544657289981842,0.9416930675506592,0.2694612741470337,0.0121499057859182,0.11122391,2.3390322,0.0,0.08639351,control,0.15689172478743474,0.0
A549,2,control,2,3,0,2,0.0272193159908056,0.0035117836669087,0.1261948645114898,0.0037912121042609,0.0978112295269966,0.001984384143725,0.2473403513431549,0.0,0.1338692456483841,0.1568756401538849,0.6976608633995056,0.8593735,0.857941,1046,117033,118079,0.4867918,0.137008398771286,0.36687303,0.9746820330619812,0.8810803,0.28986618,3.8541048,0.0,0.34580025,1.0025064945220947,1.7895461320877075,0.4850419163703918,0.0631943643093109,0.2834969,3.8541048,0.0,0.34374654,control,0.22275225873685964,0.0
A549,2,control,2,3,0,3,0.1243115067481994,0.0107614276930689,0.1745610237121582,0.0063398303464055,0.152879312634468,0.0013815312413498,0.2348023205995559,0.0481196828186512,0.1831760257482528,0.200515404343605,0.9429765939712524,1.2805918,1.2792484,380,95123,95503,0.92789525,0.712615966796875,0.4798159,0.9908327460289,0.87870413,1.202903,4.942019,0.0,0.9618927,0.9029459357261658,1.1465755701065063,0.564870297908783,0.0120555441826581,1.2041012,4.942019,0.0,0.96532637,control,0.21112718282740678,0.0
A549,2,control,4,3,0,1,0.1787772327661514,0.0162123199552297,0.247205838561058,0.0055017885752022,0.2116835564374923,0.001692131976597,0.3721425831317901,0.1020287498831749,0.244622990489006,0.2651721835136413,1.2144054174423218,1.8259798,1.8209426,471,56712,57183,0.9259021,0.884830117225647,0.7893973,0.9826780557632446,0.94983584,1.827575,5.4060316,0.0,1.5917989,1.4752967357635498,2.349557876586914,0.7264949679374695,0.0820573046803474,1.8305006,5.4060316,0.0,1.6032981,control,0.2651923350761037,0.0
A549,2,control,4,3,0,2,0.0327218174934387,0.0027482996229082,0.0924244672060012,0.0022447290830314,0.0767934843897819,0.0020053789485245,0.2142889350652694,0.0,0.1133006960153579,0.1364441812038421,0.7651185989379883,1.0101978,1.0051829,532,25467,25999,0.6113123,0.4793121516704559,0.17877433,0.9857212901115416,0.9381433,0.22469762,1.2279404,0.0,0.09669017,0.5241985321044922,0.8094580173492432,0.3059049248695373,0.0074658384546637,0.21844137,1.2279404,0.0,0.09664106,control,0.1530252566091283,0.0
A549,2,control,4,3,0,3,0.0133228879421949,0.0016261022537946,0.1055278182029724,0.0031498330645263,0.1112874820828437,0.0015181645285338,0.1930713504552841,0.0017286502989009,0.1417217850685119,0.1626797765493393,1.0215320587158203,0.85923266,0.85955435,65,32734,32799,0.61958104,-0.000520374,0.6005184,0.9946466088294984,0.94687617,0.29347214,3.4603086,0.0,0.5743101,2.135160207748413,2.470604181289673,1.3293229341506958,0.0520080402493476,0.28981522,3.4603086,0.0,0.5685988,control,0.3030257841473392,0.0
A549,2,control,4,3,0,4,0.0231219809502363,0.0028232412878423,0.1161605045199394,0.0033760343212634,0.111756645143032,0.0026719430461525,0.2790634632110595,0.0,0.1528398692607879,0.1790449619293213,1.0396608114242554,1.1950115,1.1934416,356,34875,35231,0.76274925,0.2836319208145141,0.43244216,0.9922814965248108,0.92935115,0.51589376,4.116112,0.0,1.0563996,2.0852458477020264,2.4960994720458984,1.4174177646636963,0.0697895884513855,0.49987444,4.116112,0.0,1.0410739,control,0.3007297156098788,0.0
A549,2,control,4,3,0,5,0.1416967064142227,0.0017501480178907,0.1423531770706176,0.0016648068558424,0.1919151395559311,0.0004613866913132,0.2481532394886016,0.1494088321924209,0.2095432132482528,0.2206699848175048,0.9993544816970824,1.2633014,1.2629459,66,48941,49007,1.0,0.6648244261741638,0.8951391,0.9991741180419922,0.97112155,1.331605,2.6418114,0.0,0.07540971,0.9028101563453674,0.9711199402809144,0.8112601637840271,0.0014070621691644,1.3321832,2.6418114,0.0,0.07526122,control,0.21111049803651005,0.0
A549,2,control,5,3,0,1,0.0477384366095066,0.0041470034047961,0.1067197248339653,0.0029761996120214,0.0666936412453651,0.001742121647112,0.2040605992078781,0.0,0.1008121445775032,0.1223055943846702,0.7193753123283386,1.3808318,1.3667504,780,35859,36639,0.72742885,0.4737638533115387,0.19639161,0.9700151681900024,0.92886287,0.73920506,3.041806,0.0,0.72396225,0.9438931941986084,1.7744923830032349,0.4652585387229919,0.0470904968678951,0.7347529,3.041806,0.0,0.7377539,control,0.21605250718042354,0.0
A549,2,control,5,3,0,2,0.1457794308662414,0.0054457471705973,0.1643669754266739,0.0030849266331642,0.149252712726593,0.0011595181422308,0.2680267691612243,0.0519263073801994,0.1766373962163925,0.1933827847242355,1.1029828786849976,1.2081405,1.205734,1477,63066,64543,0.89548534,0.5333657264709473,0.809448,0.9885531067848206,0.96548086,1.5621538,3.8253267,0.0,0.45289612,1.47074294090271,2.1316187381744385,0.9038614630699158,0.0411409251391887,1.5642946,3.8253267,0.0,0.46233898,control,0.26486103046129195,0.0
A549,2,control,5,3,0,3,0.2621646225452423,0.0079529657959938,0.2756625711917877,0.0046415608376264,0.2455565929412841,0.0008003252441994,0.3090905845165252,0.1800559908151626,0.267577975988388,0.2803003787994385,0.6874250173568726,1.0097408,1.0094362,40,42295,42335,0.97183514,0.8024082183837891,0.8440729,0.9975345134735109,0.96369255,3.5303497,7.143825,0.0,1.1647944,2.342082262039185,2.498919725418091,2.014763593673706,0.0160457380115985,3.5314739,7.143825,0.0,1.1645442,control,0.31181274643813645,0.0
A549,2,control,5,3,0,4,0.2275343090295791,0.0020999566186219,0.227573424577713,0.0020914115011692,0.2060402184724807,0.0016377681167796,0.3040447831153869,0.1054646670818328,0.2396196871995926,0.2610216736793518,1.069145917892456,1.4663179,1.4621805,424,40279,40703,0.9979651,0.9868868589401244,0.9154918,0.9966097474098206,0.97429913,2.977802,5.651148,0.0,0.2375347,2.0440011024475098,2.49918794631958,1.5263519287109375,0.0637920275330543,2.9876318,5.651148,0.0,0.23008814,control,0.2987756330949781,0.0
A549,2,control,6,3,0,1,0.082778014242649,0.0025860872119665,0.0936400145292282,0.0019083117367699,0.0888812541961669,0.0007854268187656,0.1813930422067642,0.0290217529982328,0.11076470464468,0.1263386607170105,1.0656614303588867,1.0573636,1.0575787,400,15038,15438,0.952552,-0.059751969,0.83220506,0.9899152517318726,0.97509456,0.81742454,1.8902122,0.0,0.10282306,0.7857710123062134,1.052752137184143,0.5473225712776184,0.0084110321477055,0.8182664,1.8902122,0.0,0.10530666,control,0.1957848530107531,0.0
A549,2,control,6,3,0,2,0.1023468077182769,0.0023144364822655,0.1049434468150138,0.0021006560418754,0.0938593596220016,0.0009819108527153,0.2174325287342071,0.0239211935549974,0.1188426166772842,0.1355219334363937,0.9211180210113524,1.0620453,1.0589068,1162,51013,52175,0.726692,0.3564406037330627,0.3813018,0.9759358763694764,0.9056001,0.77004874,2.7931669,0.0,0.14376922,0.6773364543914795,1.1702016592025757,0.3843876421451568,0.0202138852328062,0.77216053,2.7931669,0.0,0.14638332,control,0.17967726127450287,0.0
A549,2,control,6,3,0,3,0.1443203389644622,0.0062588131986558,0.1582183390855789,0.0046626166440546,0.1697609722614288,0.0021228087134659,0.3161499500274658,0.0507678315043449,0.2071332484483719,0.2286689579486847,1.0154650211334229,1.0026995,1.0028216,556,57571,58127,0.92156214,0.9323829412460328,0.66934896,0.9917951226234436,0.91660285,1.3469108,4.4832563,0.0,0.5315941,1.2625572681427002,1.8395969867706297,0.8569179177284241,0.0272597782313823,1.3477253,4.4832563,0.0,0.5363953,control,0.24829064735136736,0.0
A549,2,control,7,3,0,1,0.1188907101750373,0.0045428085140883,0.1362804174423217,0.0028373897075653,0.197490245103836,0.0013782075839117,0.2955798804759979,0.0931967422366142,0.2279170155525207,0.2458626329898834,0.9483803510665894,0.75700057,0.75881934,482,50237,50719,0.9399752,0.9871773719787598,0.9596349,0.9973909258842468,0.9783082,1.1127604,2.677726,0.0,0.22775854,1.2340106964111328,1.608632206916809,0.9997783899307252,0.0098010990768671,1.1115972,2.677726,0.0,0.22970727,control,0.2457777312683791,0.0
A549,2,control,7,3,0,2,0.0836122781038284,0.0016531008295714,0.0857433006167411,0.0015125117497518,0.0944817885756492,0.0013739891583099,0.1829252243041992,0.0113513497635722,0.1244676560163497,0.1463014334440231,1.019638180732727,1.0848069,1.0844561,184,33975,34159,0.9456358,0.524980902671814,0.84557253,0.9916296601295472,0.9716416,0.643095,1.4728781,0.0,0.02377679,0.5911040306091309,0.81447833776474,0.4334112405776977,0.0059622256085276,0.64337665,1.4728781,0.0,0.023858551,control,0.1653005124086721,0.0
A549,2,control,7,3,0,3,0.1270295083522796,0.0027090250514447,0.1303530931472778,0.0023466618731617,0.1658710688352584,0.0021488727070391,0.3029449582099914,0.0136744091287255,0.201813742518425,0.2272766232490539,0.8424872756004333,0.5479329,0.5524145,398,25761,26159,0.92665726,0.756251335144043,0.9473707,0.992035984992981,0.97081083,1.6056662,2.952187,0.0,0.10659406,1.7897740602493286,2.48714017868042,1.378585696220398,0.0314400009810924,1.602822,2.952187,0.0,0.10722336,control,0.28545524855380155,0.0
A549,2,control,7,3,0,4,0.0346544347703456,0.0023837669286876,0.0751852020621299,0.0021244338713586,0.0540647469460964,0.0020597553811967,0.2440855801105499,0.0,0.089278444647789,0.1157198399305343,1.2624188661575315,1.1723688,1.1735557,399,29872,30271,0.8185367,0.154346689581871,0.5319029,0.9884228706359864,0.9395826,0.62940675,2.7850358,0.0,0.43729997,1.2509307861328125,1.9168601036071775,0.811992883682251,0.0496799126267433,0.6211053,2.7850358,0.0,0.43724874,control,0.24727487717549193,0.0
A549,2,control,8,3,0,1,0.3051598072052002,0.0123819783329963,0.3295331597328186,0.0053391205146908,0.2896656394004822,0.0041527897119522,0.4272254407405853,0.1347172707319259,0.3430246710777282,0.373530626296997,0.8980433940887451,1.2074466,1.2047293,393,44358,44751,1.0,0.9661428928375244,0.85708606,0.9875109195709229,0.9598208,2.3437023,4.9217553,0.0,0.7200118,1.7155711650848389,2.333580493927002,1.2179079055786133,0.0568752959370613,2.3492675,4.9217553,0.0,0.7223604,control,0.28109712553539,0.0
A549,2,control,8,3,0,2,0.247523695230484,0.0180653557181358,0.3028567433357239,0.0053458116017282,0.3232688307762146,0.0015222519868984,0.3834423422813415,0.1854577660560608,0.3523553907871246,0.3651413917541504,0.8677319884300232,1.2100855,1.209742,54,53737,53791,0.9978681,0.9910404682159424,0.86626285,0.9973075985908508,0.96125245,3.4553454,8.609329,0.0,3.6778078,2.258906602859497,2.493824243545532,1.8492785692214968,0.0216024983674287,3.4565475,8.609329,0.0,3.6800416,control,0.3084148036928066,0.0
A549,2,control,8,3,0,3,0.0832995772361755,0.011009918525815,0.1944340616464615,0.0040905182249844,0.1870333850383758,0.0024512475356459,0.3517480492591858,0.0746768340468406,0.2258349061012268,0.2529296278953552,0.8996495604515076,1.1119753,1.1108484,166,31113,31279,0.7486306,0.4032570719718933,0.504438,0.9943897128105164,0.94626427,1.1626874,5.039698,0.0,1.8971622,2.223909378051758,2.4995346069335938,1.6268317699432373,0.0330944918096065,1.1570255,5.039698,0.0,1.9010667,control,0.3069326688312747,0.0
A549,2,control,8,3,0,4,0.1264140009880066,0.0070712794549763,0.1481949239969253,0.0050618294626474,0.0987263247370719,0.0014588633785024,0.2401671409606933,0.0,0.1280638575553894,0.1504144966602325,0.7578054666519165,1.1305594,1.12583,541,42098,42639,0.8797718,0.866045355796814,0.56399924,0.985410749912262,0.9108997,0.9875321,3.495774,0.0,0.38529715,0.7028778195381165,1.02862286567688,0.4576665461063385,0.0120439762249588,0.99119,3.495774,0.0,0.3890391,control,0.18365603541277034,0.0
A549,2,control,8,3,0,5,0.0574374385178089,0.00298373401165,0.0832060799002647,0.0021782438270747,0.0781140699982643,0.0009357357048429,0.1539778411388397,0.0046064690686762,0.102763220667839,0.1174566820263862,0.8960586786270142,1.108216,1.1070497,200,36182,36382,0.7595801,0.0356387011706829,0.6226957,0.987809419631958,0.9333386,0.72699445,2.637778,0.0,0.2754809,0.7137543559074402,0.9737744331359864,0.4999486804008484,0.0094530200585722,0.72706765,2.637778,0.0,0.27695033,control,0.18531435187118295,0.0
A549,2,control,9,3,0,1,0.196332648396492,0.0089886458590626,0.2185411602258682,0.0051519428379833,,,,,,,,2.219259,2.219259,0,12703,12703,0.8270754,,0.39316335,,0.9126589,3.6528072,7.532799,0.0,2.2267168,,,,,3.6528072,7.532799,0.0,2.2267168,,,
A549,2,control,9,3,0,2,0.1282896548509597,0.001824184320867,0.1290080845355987,0.0017417169874534,0.1131420955061912,0.0004418794997036,0.1817497909069061,0.05961325019598,0.1299057006835937,0.1409868150949478,0.9938786029815674,1.1998252,1.1911616,914,20813,21727,0.85193926,0.1954562664031982,0.6344427,0.99157977104187,0.9603481,1.9529577,4.0709643,0.0,0.17674631,1.6950823068618774,2.202148438,1.2438219785690308,0.0275139212608337,1.9642817,4.0709643,0.0,0.18025109,control,0.2798514831118596,0.0
A549,2,control,9,3,0,3,0.2014865130186081,0.0218146666884422,0.291846215724945,0.0052266400307416,,,,,,,,0.8888416,0.8888416,0,12127,12127,0.56646806,,0.40109468,,0.9101144,2.9014957,7.48872,0.0,4.19672,,,,,2.9014957,7.48872,0.0,4.19672,,,
A549,2,control,9,3,0,4,0.0626867339015007,0.0038215331733226,0.0967589914798736,0.0026018626522272,0.0786212906241417,0.0018584297504276,0.225610002875328,0.0,0.1132773235440254,0.1363714784383773,0.9688363671302797,1.2268955,1.2241601,821,76634,77455,0.9174209,0.656283438205719,0.7161133,0.9824039936065674,0.9546606,0.77432984,2.4806345,0.0,0.3516691,0.7845749855041504,1.3633341789245603,0.4492680430412292,0.018277321010828,0.77422005,2.4806345,0.0,0.35523963,control,0.19561786349825064,0.0
A549,2,control,9,3,0,5,0.1337993443012237,0.0051808580756187,0.1435301154851913,0.0041609853506088,0.1104504838585853,0.0018959767185151,0.2786828577518463,0.0,0.1449704766273498,0.1657914668321609,0.9306381940841676,1.2601318,1.2551055,1420,91667,93087,0.8205435,0.6934141516685486,0.5207743,0.9776415824890136,0.92342,1.8607757,5.304846,0.0,0.62835777,1.4019290208816528,2.308029890060425,0.6598418951034546,0.0681478977203369,1.8678837,5.304846,0.0,0.63372386,control,0.25970165159162145,0.0
A549,2,control,9,3,0,6,0.2533910274505615,0.0099679669365286,0.2700965404510498,0.0061130295507609,0.2812161445617676,0.0057750646956264,0.4385071694850921,0.1306411772966385,0.3435896039009094,0.3806240856647491,0.7068113684654236,0.86414677,0.86357,220,59795,60015,0.86214656,0.9897524118423462,0.901003,0.9835485816001892,0.96412116,2.740109,5.6705866,0.0,0.91411746,2.0701112747192383,2.498362302780152,1.5401437282562256,0.0454747080802917,2.7425735,5.6705866,0.0,0.9156557,control,0.3000187720345201,0.0
