ObjectNumber,Metadata_site,Metadata_concentration,Metadata_hour,Metadata_treatment,Predicted_Probability,Is_Test,S
1,0,11.16,4,afa,0.9102353437506467,False,0.5888687934489221
2,0,11.16,4,afa,0.6603294088053777,True,0.338962858503653
3,0,11.16,4,afa,0.8825221718492255,False,0.5611556215475009
4,0,11.16,4,afa,0.7853690332212515,False,0.4640024829195268
5,0,11.16,4,afa,0.6731978194233923,True,0.35183126912166757
6,0,11.16,4,afa,0.8034705965914949,False,0.48210404628977016
7,0,11.16,4,afa,0.817888681208431,False,0.4965221309067062
8,0,11.16,4,afa,0.816842481842504,False,0.49547593154077924
9,0,11.16,4,afa,0.9170034761773213,False,0.5956369258755965
10,0,11.16,4,afa,0.7973517919100783,False,0.4759852416083536
11,0,11.16,4,afa,0.8906374755437498,False,0.5692709252420252
12,0,11.16,4,afa,0.9313667129143542,False,0.6100001626126295
13,0,11.16,4,afa,0.9275975350199157,False,0.606230984718191
14,0,11.16,4,afa,0.6982586615562637,True,0.376892111254539
15,0,11.16,4,afa,0.9279506879842527,True,0.6065841376825281
16,0,11.16,4,afa,0.8443597962570146,False,0.52299324595529
17,0,11.16,4,afa,0.8915393705409196,False,0.5701728202391949
18,0,11.16,4,afa,0.9291581391338468,False,0.6077915888321221
19,0,11.16,4,afa,0.7921489639222743,False,0.47078241362054957
20,0,11.16,4,afa,0.5530544546307002,False,0.2316879043289755
21,0,11.16,4,afa,0.484419387789909,True,0.16305283748818428
22,0,11.16,4,afa,0.8213225499419128,True,0.49995599964018805
23,0,11.16,4,afa,0.8636746374031985,False,0.5423080871014738
24,0,11.16,4,afa,0.6948313680598096,False,0.3734648177580849
25,0,11.16,4,afa,0.8226755641542611,False,0.5013090138525365
26,0,11.16,4,afa,0.8957089196740098,False,0.5743423693722851
27,0,11.16,4,afa,0.8582021660764226,False,0.5368356157746978
28,0,11.16,4,afa,0.8207476297940858,True,0.49938107949236105
29,0,11.16,4,afa,0.6447399815449443,False,0.32337343124321954
30,0,11.16,4,afa,0.9298374284096566,False,0.6084708781079318
1,1,11.16,4,afa,0.9391900679618331,False,0.6178235176601083
2,1,11.16,4,afa,0.8409979591505425,False,0.5196314088488179
3,1,11.16,4,afa,0.864252423090776,True,0.5428858727890513
4,1,11.16,4,afa,0.867436267634784,False,0.5460697173330593
5,1,11.16,4,afa,0.9181135853413961,True,0.5967470350396713
6,1,11.16,4,afa,0.8634649707465762,True,0.5420984204448516
7,1,11.16,4,afa,0.9761032152473306,False,0.6547366649456059
8,1,11.16,4,afa,0.8937222200683778,False,0.572355669766653
9,1,11.16,4,afa,0.9164769848691037,False,0.595110434567379
10,1,11.16,4,afa,0.7487939072284013,False,0.4274273569266766
11,1,11.16,4,afa,0.8921494809177387,True,0.5707829306160139
12,1,11.16,4,afa,0.4847239142506707,False,0.16335736394894596
13,1,11.16,4,afa,0.7501503956972471,False,0.42878384539552233
14,1,11.16,4,afa,0.8846500407540706,False,0.5632834904523458
15,1,11.16,4,afa,0.8899684348330297,False,0.568601884531305
16,1,11.16,4,afa,0.6551984970610913,False,0.3338319467593666
17,1,11.16,4,afa,0.7745835570196176,False,0.45321700671789283
18,1,11.16,4,afa,0.8986139098678466,True,0.5772473595661218
19,1,11.16,4,afa,0.734147810024658,False,0.4127812597229333
20,1,11.16,4,afa,0.8121039393639287,False,0.49073738906220393
21,1,11.16,4,afa,0.745449835313401,False,0.4240832850116763
22,1,11.16,4,afa,0.597132655933925,False,0.2757661056322002
23,1,11.16,4,afa,0.9322869631313973,True,0.6109204128296726
24,1,11.16,4,afa,0.9524488877532704,False,0.6310823374515457
25,1,11.16,4,afa,0.8314045759813627,False,0.510038025679638
26,1,11.16,4,afa,0.818407718644567,False,0.49704116834284223
27,1,11.16,4,afa,0.9199052203555451,False,0.5985386700538204
28,1,11.16,4,afa,0.9931049130568939,False,0.6717383627551692
29,1,11.16,4,afa,0.8679183353775006,True,0.546551785075776
30,1,11.16,4,afa,0.39433862263711555,False,0.07297207233539083
31,1,11.16,4,afa,0.8538527189710688,False,0.5324861686693441
32,1,11.16,4,afa,0.7335208944398921,False,0.4121543441381674
33,1,11.16,4,afa,0.7927399435145774,True,0.4713733932128527
34,1,11.16,4,afa,0.8419233067473393,False,0.5205567564456146
1,10,11.16,4,afa,0.9164308291516488,True,0.5950642788499241
2,10,11.16,4,afa,0.9074456129568838,False,0.5860790626551591
3,10,11.16,4,afa,0.8604103697360541,False,0.5390438194343294
4,10,11.16,4,afa,0.9719430714220525,False,0.6505765211203278
5,10,11.16,4,afa,0.8796327506695898,False,0.5582662003678651
6,10,11.16,4,afa,0.7215157177567159,False,0.40014916745499113
7,10,11.16,4,afa,0.8396477837145053,False,0.5182812334127807
8,10,11.16,4,afa,0.7449794977383284,True,0.42361294743660366
9,10,11.16,4,afa,0.8792781634387854,False,0.5579116131370607
10,10,11.16,4,afa,0.7770434718992097,False,0.455676921597485
11,10,11.16,4,afa,0.7367255882552274,False,0.41535903795350265
12,10,11.16,4,afa,0.590496203101804,False,0.2691296528000792
13,10,11.16,4,afa,0.8440734145808129,False,0.5227068642790882
14,10,11.16,4,afa,0.8319763821615045,False,0.5106098318597798
15,10,11.16,4,afa,0.8711177696114255,False,0.5497512193097007
16,10,11.16,4,afa,0.8843260645366259,False,0.5629595142349011
17,10,11.16,4,afa,0.8136757800790513,True,0.49230922977732655
18,10,11.16,4,afa,0.8857695801957661,False,0.5644030298940415
19,10,11.16,4,afa,0.6727645182013315,False,0.3513979678996068
20,10,11.16,4,afa,0.7897549600551892,False,0.46838840975346446
21,10,11.16,4,afa,0.5595730425877542,False,0.23820649228602947
22,10,11.16,4,afa,0.7554361788093706,True,0.4340696285076459
23,10,11.16,4,afa,0.5625022058930292,False,0.2411356555913045
24,10,11.16,4,afa,0.4913741654860864,True,0.1700076151843617
25,10,11.16,4,afa,0.604833083504549,False,0.2834665332028243
26,10,11.16,4,afa,0.5343574885489512,False,0.21299093824722642
27,10,11.16,4,afa,0.5867744794305215,False,0.2654079291287968
28,10,11.16,4,afa,0.5864514409083126,True,0.26508489060658785
29,10,11.16,4,afa,0.8318043575741914,False,0.5104378072724667
30,10,11.16,4,afa,0.8393383701826236,False,0.5179718198808989
31,10,11.16,4,afa,0.566673253858988,False,0.2453067035572633
32,10,11.16,4,afa,0.7673370572881719,True,0.4459705069864472
33,10,11.16,4,afa,0.5626153594355409,False,0.24124880913381613
34,10,11.16,4,afa,0.8816564367057598,False,0.5602898864040351
35,10,11.16,4,afa,0.8962834420726324,True,0.5749168917709078
36,10,11.16,4,afa,0.7608809569579881,True,0.43951440665626335
37,10,11.16,4,afa,0.8606437693190493,False,0.5392772190173245
38,10,11.16,4,afa,0.7010491381474793,False,0.37968258784575454
39,10,11.16,4,afa,0.8732947863668677,False,0.551928236065143
40,10,11.16,4,afa,0.6280043130339841,False,0.30663776273225934
41,10,11.16,4,afa,0.5924195838674213,False,0.2710530335656966
42,10,11.16,4,afa,0.7862305763486308,True,0.4648640260469061
43,10,11.16,4,afa,0.9135539378900676,True,0.5921873875883428
44,10,11.16,4,afa,0.6628954622587704,False,0.34152891195704566
45,10,11.16,4,afa,0.719544120672769,False,0.39817757037104423
1,11,11.16,4,afa,0.620841284097431,False,0.29947473379570627
2,11,11.16,4,afa,0.962152900622983,False,0.6407863503212583
3,11,11.16,4,afa,0.6723389884835589,False,0.35097243818183416
4,11,11.16,4,afa,0.48632167318285635,True,0.16495512288113162
1,12,11.16,4,afa,0.7376638509849214,False,0.41629730068319665
2,12,11.16,4,afa,0.827808225100225,False,0.5064416747985003
3,12,11.16,4,afa,0.8181784239906866,False,0.4968118736889619
4,12,11.16,4,afa,0.4321139791189389,False,0.11074742881721417
5,12,11.16,4,afa,0.7490385769988396,False,0.42767202669711485
6,12,11.16,4,afa,0.7246048453612395,False,0.40323829505951475
7,12,11.16,4,afa,0.8054527779942081,False,0.4840862276924834
8,12,11.16,4,afa,0.7437619598105016,False,0.4223954095087769
9,12,11.16,4,afa,0.6387752176809688,True,0.31740866737924406
10,12,11.16,4,afa,0.19380468820487406,True,-0.12756186209685066
11,12,11.16,4,afa,0.35067456999445795,True,0.029308019692733223
12,12,11.16,4,afa,0.8435317774949826,False,0.522165227193258
13,12,11.16,4,afa,0.6361978865958273,False,0.3148313362941026
14,12,11.16,4,afa,0.7533635959085363,False,0.43199704560681157
15,12,11.16,4,afa,0.9565397552154291,False,0.6351732049137044
16,12,11.16,4,afa,0.5992676510512126,True,0.2779011007494879
17,12,11.16,4,afa,0.9178183687354065,True,0.5964518184336818
18,12,11.16,4,afa,0.864329075318218,True,0.5429625250164933
19,12,11.16,4,afa,0.2845305539860964,False,-0.03683599631562834
20,12,11.16,4,afa,0.8424219505332056,False,0.5210554002314809
21,12,11.16,4,afa,0.9289396813966914,False,0.6075731310949666
22,12,11.16,4,afa,0.951557245703737,True,0.6301906954020122
23,12,11.16,4,afa,0.8804776909370441,False,0.5591111406353193
24,12,11.16,4,afa,0.3897564719415322,False,0.06838992163980745
25,12,11.16,4,afa,0.5725125321137838,False,0.2511459818120591
26,12,11.16,4,afa,0.9767215135219143,True,0.6553549632201896
27,12,11.16,4,afa,0.9635988786991581,False,0.6422323283974334
28,12,11.16,4,afa,0.9192552046652167,False,0.597888654363492
29,12,11.16,4,afa,0.8329909002563332,False,0.5116243499546085
30,12,11.16,4,afa,0.4343262857988364,False,0.11295973549711169
31,12,11.16,4,afa,0.9809710025056105,True,0.6596044522038857
32,12,11.16,4,afa,0.5764784006525133,False,0.2551118503507886
33,12,11.16,4,afa,0.5821178586431222,False,0.2607513083413974
34,12,11.16,4,afa,0.13557536268704715,True,-0.18579118761467758
35,12,11.16,4,afa,0.26906870169195624,True,-0.052297848609768494
36,12,11.16,4,afa,0.8417772269174335,False,0.5204106766157088
37,12,11.16,4,afa,0.8270451225822484,False,0.5056785722805237
38,12,11.16,4,afa,0.9665007619764294,True,0.6451342116747047
39,12,11.16,4,afa,0.7845127411212649,False,0.46314619081954017
40,12,11.16,4,afa,0.6292862027519895,False,0.3079196524502648
41,12,11.16,4,afa,0.9931040285133461,False,0.6717374782116214
42,12,11.16,4,afa,0.9254793056037769,False,0.6041127553020522
43,12,11.16,4,afa,0.3291876603442717,False,0.007821110042546986
44,12,11.16,4,afa,0.167880987121477,True,-0.15348556318024772
45,12,11.16,4,afa,0.5366192589018173,False,0.21525270860009255
46,12,11.16,4,afa,0.7738322130420547,False,0.45246566274033
47,12,11.16,4,afa,0.1161550173949866,True,-0.20521153290673813
48,12,11.16,4,afa,0.9647805261391561,True,0.6434139758374313
49,12,11.16,4,afa,0.006495755144639959,True,-0.31487079515708477
50,12,11.16,4,afa,0.972118605125748,False,0.6507520548240233
51,12,11.16,4,afa,0.38442178391377535,False,0.06305523361205062
52,12,11.16,4,afa,0.8582115174737833,False,0.5368449671720585
53,12,11.16,4,afa,0.4643963691875184,False,0.1430298188857937
54,12,11.16,4,afa,0.4877730100757513,True,0.16640645977402657
55,12,11.16,4,afa,0.9894287823184273,False,0.6680622320167027
56,12,11.16,4,afa,0.5169326670660885,False,0.1955661167643638
57,12,11.16,4,afa,0.7520402153408997,False,0.430673665039175
58,12,11.16,4,afa,0.9942306727224001,True,0.6728641224206753
59,12,11.16,4,afa,0.19344987694251442,False,-0.1279166733592103
60,12,11.16,4,afa,0.9150634300135518,False,0.5936968797118272
61,12,11.16,4,afa,0.7810212555614644,False,0.45965470525973967
62,12,11.16,4,afa,0.7971399766534122,False,0.47577342635168746
63,12,11.16,4,afa,0.6069687654131984,False,0.2856022151114737
64,12,11.16,4,afa,0.7625311436368161,False,0.44116459333509134
65,12,11.16,4,afa,0.8513980535990939,False,0.5300315032973693
66,12,11.16,4,afa,0.4039301187075184,False,0.08256356840579365
67,12,11.16,4,afa,0.45113366307706143,False,0.1297671127753367
68,12,11.16,4,afa,0.7570086512258756,False,0.43564210092415084
69,12,11.16,4,afa,0.9573829464541601,False,0.6360163961524354
70,12,11.16,4,afa,0.8331452876741252,False,0.5117787373724005
1,13,11.16,4,afa,0.8826101135205624,True,0.5612435632188377
2,13,11.16,4,afa,0.6345556110111497,False,0.3131890607094249
3,13,11.16,4,afa,0.5544763342466934,False,0.23310978394496867
4,13,11.16,4,afa,0.6705504732528897,True,0.349183922951165
5,13,11.16,4,afa,0.6695738859378726,True,0.34820733563614786
6,13,11.16,4,afa,0.8019708240181691,False,0.4806042737164444
7,13,11.16,4,afa,0.9015977413931482,True,0.5802311910914235
8,13,11.16,4,afa,0.6317691787459081,False,0.31040262844418337
9,13,11.16,4,afa,0.8672694562984505,True,0.5459029059967258
10,13,11.16,4,afa,0.6371355569302246,False,0.3157690066284999
11,13,11.16,4,afa,0.5730374105057086,False,0.2516708602039838
12,13,11.16,4,afa,0.71376369125622,False,0.39239714095449524
13,13,11.16,4,afa,0.7282536347636894,False,0.4068870844619647
14,13,11.16,4,afa,0.8465270923257169,False,0.5251605420239922
15,13,11.16,4,afa,0.6422453090250033,True,0.3208787587232786
16,13,11.16,4,afa,0.6090398497840337,False,0.28767329948230896
17,13,11.16,4,afa,0.8861242860571,False,0.5647577357553752
18,13,11.16,4,afa,0.7610092561472819,True,0.43964270584555715
19,13,11.16,4,afa,0.6553942097946034,True,0.33402765949287866
20,13,11.16,4,afa,0.557222861295996,True,0.23585631099427123
21,13,11.16,4,afa,0.42928713674782404,False,0.10792058644609931
22,13,11.16,4,afa,0.7586943613691299,False,0.4373278110674052
23,13,11.16,4,afa,0.5833485985621428,True,0.2619820482604181
24,13,11.16,4,afa,0.3805740006570545,True,0.05920745035532976
25,13,11.16,4,afa,0.5713820084433746,False,0.2500154581416499
26,13,11.16,4,afa,0.7321729667443053,False,0.4108064164425806
27,13,11.16,4,afa,0.7656580004912434,False,0.4442914501895187
28,13,11.16,4,afa,0.44719421326075004,False,0.1258276629590253
29,13,11.16,4,afa,0.9312894297944933,False,0.6099228794927685
30,13,11.16,4,afa,0.8497277945555555,False,0.5283612442538308
31,13,11.16,4,afa,0.7415038859763674,False,0.4201373356746427
32,13,11.16,4,afa,0.850997808033499,True,0.5296312577317743
33,13,11.16,4,afa,0.6886632008516671,False,0.36729665054994237
34,13,11.16,4,afa,0.7319132640988438,True,0.4105467137971191
35,13,11.16,4,afa,0.4713061992318296,True,0.14993964893010486
36,13,11.16,4,afa,0.6170405277455752,False,0.29567397744385043
37,13,11.16,4,afa,0.22781784602485278,True,-0.09354870427687195
38,13,11.16,4,afa,0.4212499328018998,False,0.09988338250017509
39,13,11.16,4,afa,0.904256061552083,False,0.5828895112503583
40,13,11.16,4,afa,0.4902291229532982,False,0.16886257265157345
41,13,11.16,4,afa,0.4890153888894851,False,0.16764883858776036
42,13,11.16,4,afa,0.48141161886139006,True,0.16004506855966533
43,13,11.16,4,afa,0.7536185722671558,False,0.43225202196543105
44,13,11.16,4,afa,0.8922336996470566,False,0.5708671493453319
45,13,11.16,4,afa,0.5587931855058289,False,0.23742663520410417
46,13,11.16,4,afa,0.8314229789447376,False,0.5100564286430129
47,13,11.16,4,afa,0.6023631725239019,False,0.2809966222221772
48,13,11.16,4,afa,0.6110799392211455,True,0.2897133889194207
49,13,11.16,4,afa,0.7406582807951914,False,0.41929173049346663
50,13,11.16,4,afa,0.6387823245198824,True,0.31741577421815764
51,13,11.16,4,afa,0.40762765489377306,True,0.08626110459204833
52,13,11.16,4,afa,0.9199580271684151,False,0.5985914768666905
53,13,11.16,4,afa,0.5280952191498359,False,0.2067286688481112
54,13,11.16,4,afa,0.5615605058661066,False,0.2401939555643819
55,13,11.16,4,afa,0.6985008457969089,False,0.3771342954951841
56,13,11.16,4,afa,0.7020423144923067,False,0.38067576419058197
57,13,11.16,4,afa,0.8711099683654263,False,0.5497434180637015
58,13,11.16,4,afa,0.7689441297076616,True,0.44757757940593684
59,13,11.16,4,afa,0.7474930512312574,True,0.4261265009295327
60,13,11.16,4,afa,0.8253817365476177,True,0.504015186245893
61,13,11.16,4,afa,0.6498011524086802,True,0.32843460210695546
62,13,11.16,4,afa,0.8581776795372804,False,0.5368111292355557
63,13,11.16,4,afa,0.8242985849602957,False,0.5029320346585711
64,13,11.16,4,afa,0.6065429501525469,True,0.28517639985082216
65,13,11.16,4,afa,0.9012734834165614,False,0.5799069331148368
66,13,11.16,4,afa,0.37454003791102597,False,0.05317348760930124
67,13,11.16,4,afa,0.774741207741153,False,0.45337465743942823
68,13,11.16,4,afa,0.8282746566874023,False,0.5069081063856775
69,13,11.16,4,afa,0.8485444976474416,True,0.5271779473457168
70,13,11.16,4,afa,0.7504971330286123,True,0.4291305827268876
71,13,11.16,4,afa,0.7587698066023967,False,0.43740325630067195
72,13,11.16,4,afa,0.7574492109881173,False,0.4360826606863926
73,13,11.16,4,afa,0.8634080213219434,False,0.5420414710202186
74,13,11.16,4,afa,0.8371962969387141,False,0.5158297466369894
1,14,11.16,4,afa,0.4720219616967432,False,0.15065541139501848
2,14,11.16,4,afa,0.4687675903832795,True,0.14740104008155475
3,14,11.16,4,afa,0.7742452513918442,False,0.45287870109011946
4,14,11.16,4,afa,0.5912736758531413,False,0.26990712555141655
5,14,11.16,4,afa,0.5938595243303924,False,0.2724929740286676
6,14,11.16,4,afa,0.6552583940677079,True,0.3338918437659832
7,14,11.16,4,afa,0.18230874582401005,False,-0.13905780447771468
8,14,11.16,4,afa,0.3585251628621128,False,0.03715861256038805
9,14,11.16,4,afa,0.4390343496354362,False,0.11766779933371146
10,14,11.16,4,afa,0.2775209428999072,False,-0.04384560740181753
11,14,11.16,4,afa,0.5366609573378076,True,0.21529440703608288
12,14,11.16,4,afa,0.47643934473704386,False,0.15507279443531913
13,14,11.16,4,afa,0.44569121447373866,True,0.12432466417201393
14,14,11.16,4,afa,0.41241124177139826,True,0.09104469146967353
15,14,11.16,4,afa,0.4698030360409578,False,0.14843648573923307
16,14,11.16,4,afa,0.5184588437318789,False,0.19709229343015416
17,14,11.16,4,afa,0.6423350047900217,True,0.320968454488297
18,14,11.16,4,afa,0.5345538546982407,False,0.21318730439651595
19,14,11.16,4,afa,0.37291058438110525,False,0.05154403407938052
20,14,11.16,4,afa,0.2591585149032628,True,-0.062208035398461925
21,14,11.16,4,afa,0.645727004690057,False,0.3243604543883322
22,14,11.16,4,afa,0.6407080326579058,False,0.31934148235618104
23,14,11.16,4,afa,0.5711092330145322,True,0.24974268271280747
24,14,11.16,4,afa,0.44014118410984276,False,0.11877463380811804
25,14,11.16,4,afa,0.5250180837213195,False,0.2036515334195948
26,14,11.16,4,afa,0.2410818254113674,True,-0.08028472489035732
27,14,11.16,4,afa,0.7661147560714072,False,0.4447482057696825
28,14,11.16,4,afa,0.5978264715248333,False,0.27645992122310853
29,14,11.16,4,afa,0.6588297767991831,False,0.33746322649745836
30,14,11.16,4,afa,0.1649853896494379,False,-0.15638116065228683
31,14,11.16,4,afa,0.507507243996222,False,0.18614069369449732
32,14,11.16,4,afa,0.08464584943950915,True,-0.23672070086221558
33,14,11.16,4,afa,0.8193308213113039,False,0.49796427100957913
34,14,11.16,4,afa,0.655600062424822,False,0.3342335121230973
35,14,11.16,4,afa,0.4553254022000896,False,0.13395885189836487
36,14,11.16,4,afa,0.32960353015387545,False,0.008236979852150716
37,14,11.16,4,afa,0.4136744333286374,True,0.09230788302691267
38,14,11.16,4,afa,0.328354798695742,False,0.0069882483940172935
39,14,11.16,4,afa,0.29332288970131637,True,-0.02804366060040836
40,14,11.16,4,afa,0.8440686067101115,False,0.5227020564083869
41,14,11.16,4,afa,0.45125470369367565,True,0.12988815339195092
42,14,11.16,4,afa,0.6985774131278089,False,0.3772108628260841
43,14,11.16,4,afa,0.301525814686973,False,-0.019840735614751748
44,14,11.16,4,afa,0.594421187643254,False,0.2730546373415293
45,14,11.16,4,afa,0.4820850379022096,False,0.16071848760048485
46,14,11.16,4,afa,0.955895255050938,False,0.6345287047492132
47,14,11.16,4,afa,0.4774834648214593,False,0.15611691451973458
48,14,11.16,4,afa,0.3522761374311284,False,0.03090958712940367
49,14,11.16,4,afa,0.9527462997670039,False,0.6313797494652791
50,14,11.16,4,afa,0.6243206348756491,False,0.3029540845739244
51,14,11.16,4,afa,0.6774384719610785,False,0.3560719216593538
52,14,11.16,4,afa,0.8325514266789243,True,0.5111848763771996
53,14,11.16,4,afa,0.33883754847658887,False,0.01747099817486414
54,14,11.16,4,afa,0.7855384511939928,False,0.46417190089226806
55,14,11.16,4,afa,0.7904348515148476,False,0.4690683012131229
56,14,11.16,4,afa,0.5510877252695325,False,0.2297211749678078
57,14,11.16,4,afa,0.6031192462347637,True,0.2817526959330389
58,14,11.16,4,afa,0.5984294214472392,False,0.2770628711455145
59,14,11.16,4,afa,0.2100650243630482,True,-0.11130152593867654
60,14,11.16,4,afa,0.17384634138805893,False,-0.1475202089136658
61,14,11.16,4,afa,0.5749844643735388,True,0.25361791407181405
62,14,11.16,4,afa,0.6276011027275737,False,0.306234552425849
63,14,11.16,4,afa,0.2471263964970664,False,-0.07424015380465834
64,14,11.16,4,afa,0.28445198540931294,False,-0.036914564892411794
65,14,11.16,4,afa,0.5084857717888898,False,0.18711922148716503
1,15,11.16,4,afa,0.9403202400287791,False,0.6189536897270544
2,15,11.16,4,afa,0.9016338305278321,False,0.5802672802261073
3,15,11.16,4,afa,0.7422161763571394,False,0.4208496260554147
4,15,11.16,4,afa,0.8679005763034621,True,0.5465340260017373
5,15,11.16,4,afa,0.9694397386009929,False,0.6480731882992681
6,15,11.16,4,afa,0.9070257458106139,False,0.5856591955088892
7,15,11.16,4,afa,0.8623183888756815,False,0.5409518385739567
8,15,11.16,4,afa,0.9834656223814171,False,0.6620990720796924
9,15,11.16,4,afa,0.8057962090703803,True,0.48442965876865557
10,15,11.16,4,afa,0.8010986604690322,False,0.4797321101673075
11,15,11.16,4,afa,0.8481921197306225,False,0.5268255694288977
12,15,11.16,4,afa,0.7873638671377611,False,0.46599731683603635
13,15,11.16,4,afa,0.7797971298017398,False,0.45843057950001503
14,15,11.16,4,afa,0.7614363897661839,False,0.44006983946445916
15,15,11.16,4,afa,0.8916764401576616,False,0.5703098898559369
16,15,11.16,4,afa,0.9276025336211633,True,0.6062359833194386
17,15,11.16,4,afa,0.9143820236889685,False,0.5930154733872437
18,15,11.16,4,afa,0.7137001650646816,True,0.39233361476295686
19,15,11.16,4,afa,0.6793306031323747,False,0.35796405283064997
20,15,11.16,4,afa,0.9384172772911148,False,0.6170507269893901
21,15,11.16,4,afa,0.8642830458425937,False,0.542916495540869
22,15,11.16,4,afa,0.6821246987791707,True,0.360758148477446
23,15,11.16,4,afa,0.9680159027005804,False,0.6466493523988557
24,15,11.16,4,afa,0.8771616633755673,True,0.5557951130738426
25,15,11.16,4,afa,0.5059173049262646,False,0.1845507546245399
26,15,11.16,4,afa,0.5459991931379976,True,0.22463264283627288
27,15,11.16,4,afa,0.950322623462576,True,0.6289560731608512
28,15,11.16,4,afa,0.43193124816183887,False,0.11056469786011414
29,15,11.16,4,afa,0.9107674389049297,False,0.5894008886032049
30,15,11.16,4,afa,0.626779474824047,False,0.3054129245223222
31,15,11.16,4,afa,0.4895998039919009,False,0.16823325369017617
32,15,11.16,4,afa,0.9007983438615913,False,0.5794317935598665
33,15,11.16,4,afa,0.9052472623494815,False,0.5838807120477567
34,15,11.16,4,afa,0.4701282625394299,False,0.14876171223770518
35,15,11.16,4,afa,0.7917394209817776,False,0.4703728706800529
36,15,11.16,4,afa,0.5560229466815458,False,0.2346563963798211
37,15,11.16,4,afa,0.20430739917737145,True,-0.11705915112435328
38,15,11.16,4,afa,0.8038475058427895,False,0.4824809555410648
39,15,11.16,4,afa,0.5743519363423297,False,0.252985386040605
40,15,11.16,4,afa,0.9469709648608271,False,0.6256044145591024
41,15,11.16,4,afa,0.8774687618397412,False,0.5561022115380165
42,15,11.16,4,afa,0.8437411767988385,False,0.5223746264971139
43,15,11.16,4,afa,0.695365479960448,False,0.3739989296587232
44,15,11.16,4,afa,0.9029472508419858,False,0.5815807005402611
45,15,11.16,4,afa,0.7173868053893673,True,0.39602025508764255
46,15,11.16,4,afa,0.8812488476772804,False,0.5598822973755557
47,15,11.16,4,afa,0.9816119663329896,False,0.660245416031265
48,15,11.16,4,afa,0.8380267338103315,False,0.5166601835086069
49,15,11.16,4,afa,0.9553362866673669,False,0.6339697363656422
50,15,11.16,4,afa,0.9336878581041932,False,0.6123213078024685
51,15,11.16,4,afa,0.8785987596871371,True,0.5572322093854123
52,15,11.16,4,afa,0.7542676378751262,True,0.43290108757340146
53,15,11.16,4,afa,0.9175999026409375,False,0.5962333523392127
54,15,11.16,4,afa,0.582804910813009,False,0.2614383605112843
55,15,11.16,4,afa,0.83662768204122,True,0.5152611317394953
56,15,11.16,4,afa,0.9074755249804143,False,0.5861089746786896
57,15,11.16,4,afa,0.9108605028542817,True,0.5894939525525569
58,15,11.16,4,afa,0.8870025044787129,True,0.5656359541769882
59,15,11.16,4,afa,0.9657594820973626,False,0.6443929317956378
60,15,11.16,4,afa,0.8300373196612746,False,0.5086707693595498
61,15,11.16,4,afa,0.7051375161853404,False,0.38377096588361564
62,15,11.16,4,afa,0.8737988359582565,False,0.5524322856565318
1,16,11.16,4,afa,0.8095331969111541,True,0.4881666466094294
2,16,11.16,4,afa,0.6730240510942461,True,0.3516575007925214
3,16,11.16,4,afa,0.5600070646896412,True,0.2386405143879165
4,16,11.16,4,afa,0.24072432757436113,True,-0.0806422227273636
5,16,11.16,4,afa,0.6129004461519181,False,0.29153389585019335
6,16,11.16,4,afa,0.7834040879716317,True,0.462037537669907
7,16,11.16,4,afa,0.8238527966325414,False,0.5024862463308166
8,16,11.16,4,afa,0.5207748082230078,True,0.19940825792128308
9,16,11.16,4,afa,0.591784311179654,True,0.2704177608779293
10,16,11.16,4,afa,0.6004401805723301,False,0.27907363027060533
11,16,11.16,4,afa,0.5207803600305536,False,0.19941380972882888
12,16,11.16,4,afa,0.7392844276712556,False,0.41791787736953084
13,16,11.16,4,afa,0.865457513280545,False,0.5440909629788202
14,16,11.16,4,afa,0.5424997317442969,True,0.22113318144257216
15,16,11.16,4,afa,0.6585825708865236,False,0.3372160205847989
16,16,11.16,4,afa,0.8745658431840312,False,0.5531992928823064
17,16,11.16,4,afa,0.742348610721514,True,0.4209820604197893
18,16,11.16,4,afa,0.8137656252347959,True,0.49239907493307117
19,16,11.16,4,afa,0.6951347574826979,True,0.3737682071809732
20,16,11.16,4,afa,0.5523717059824838,False,0.23100515568075902
21,16,11.16,4,afa,0.6762100759519728,False,0.35484352565024807
22,16,11.16,4,afa,0.9582635802619833,False,0.6368970299602585
23,16,11.16,4,afa,0.5315732939594794,True,0.21020674365775466
24,16,11.16,4,afa,0.6972612639409823,False,0.3758947136392576
25,16,11.16,4,afa,0.7727820598359073,False,0.4514155095341826
26,16,11.16,4,afa,0.07685852176938941,False,-0.24450802853233533
27,16,11.16,4,afa,0.6089626034087625,True,0.2875960531070378
28,16,11.16,4,afa,0.4590075128751855,False,0.13764096257346076
29,16,11.16,4,afa,0.5388865460439074,False,0.21751999574218267
30,16,11.16,4,afa,0.7954556893676092,True,0.4740891390658845
31,16,11.16,4,afa,0.7412254910870608,True,0.4198589407853361
32,16,11.16,4,afa,0.4624048086837232,True,0.14103825838199846
33,16,11.16,4,afa,0.8037374075191579,False,0.48237085721743317
34,16,11.16,4,afa,0.4522280776293318,False,0.13086152732760709
35,16,11.16,4,afa,0.8509578342600485,True,0.5295912839583237
36,16,11.16,4,afa,0.3856180461542728,False,0.06425149585254808
37,16,11.16,4,afa,0.6379949441728183,False,0.3166283938710936
38,16,11.16,4,afa,0.3149584634321655,False,-0.0064080868695592375
39,16,11.16,4,afa,0.9667269387524648,False,0.6453603884507402
40,16,11.16,4,afa,0.14812066044877542,False,-0.1732458898529493
41,16,11.16,4,afa,0.45948143605136577,False,0.13811488574964104
42,16,11.16,4,afa,0.8228219837110728,False,0.5014554334093482
43,16,11.16,4,afa,0.5656827274578211,False,0.24431617715609638
44,16,11.16,4,afa,0.5475626513128654,True,0.22619610101114068
45,16,11.16,4,afa,0.9045170057184417,False,0.5831504554167171
46,16,11.16,4,afa,0.5948246890487038,False,0.27345813874697905
47,16,11.16,4,afa,0.5004540916615605,False,0.1790875413598358
48,16,11.16,4,afa,0.6938193586645945,False,0.3724528083628698
49,16,11.16,4,afa,0.510554043130218,False,0.1891874928284933
50,16,11.16,4,afa,0.4373308266815684,False,0.11596427637984369
51,16,11.16,4,afa,0.7442216809294673,False,0.42285513062774255
52,16,11.16,4,afa,0.3412520302558993,True,0.019885479954174556
53,16,11.16,4,afa,0.5584050264312178,False,0.23703847612949308
54,16,11.16,4,afa,0.460467774668787,False,0.1391012243670623
55,16,11.16,4,afa,0.7032564626089691,True,0.3818899123072444
56,16,11.16,4,afa,0.708373555943845,False,0.38700700564212026
57,16,11.16,4,afa,0.597785965727567,False,0.2764194154258423
58,16,11.16,4,afa,0.5568590207075843,True,0.23549247040585958
59,16,11.16,4,afa,0.806235811942581,False,0.48486926164085625
60,16,11.16,4,afa,0.8569233638454108,False,0.5355568135436861
61,16,11.16,4,afa,0.643910203433226,False,0.3225436531315013
62,16,11.16,4,afa,0.7195991567436023,False,0.3982326064418776
63,16,11.16,4,afa,0.582467601677131,False,0.26110105137540623
64,16,11.16,4,afa,0.5957351964148135,False,0.2743686461130888
65,16,11.16,4,afa,0.26155080962774135,False,-0.059815740673983375
66,16,11.16,4,afa,0.8161907503812934,False,0.4948242000795687
67,16,11.16,4,afa,0.7945849997153056,False,0.4732184494135809
68,16,11.16,4,afa,0.5947563242236316,False,0.27338977392190683
69,16,11.16,4,afa,0.7693863951541159,False,0.44801984485239116
70,16,11.16,4,afa,0.6809039510234856,False,0.3595374007217608
71,16,11.16,4,afa,0.7690542706580434,True,0.4476877203563187
1,17,11.16,4,afa,0.6607151747616403,True,0.3393486244599156
2,17,11.16,4,afa,0.7362070010763799,False,0.4148404507746552
3,17,11.16,4,afa,0.9065563774060665,False,0.5851898271043419
4,17,11.16,4,afa,0.6543787155304372,True,0.3330121652287125
5,17,11.16,4,afa,0.8665174593387175,True,0.5451509090369928
6,17,11.16,4,afa,0.444670830123101,True,0.12330427982137626
7,17,11.16,4,afa,0.7509312177731876,True,0.4295646674714629
8,17,11.16,4,afa,0.4831542165655315,False,0.16178766626380675
9,17,11.16,4,afa,0.7798184945194411,True,0.45845194421771635
10,17,11.16,4,afa,0.6504509197588154,False,0.3290843694570907
11,17,11.16,4,afa,0.797687661696912,False,0.47632111139518724
12,17,11.16,4,afa,0.869061156079813,True,0.5476946057780883
13,17,11.16,4,afa,0.40807707995722203,False,0.0867105296554973
14,17,11.16,4,afa,0.8045539084871403,False,0.4831873581854155
15,17,11.16,4,afa,0.8015701619651763,False,0.48020361166345155
16,17,11.16,4,afa,0.6724791597422133,False,0.35111260944048855
17,17,11.16,4,afa,0.25922138205533035,True,-0.06214516824639438
18,17,11.16,4,afa,0.5798433183753418,True,0.258476768073617
19,17,11.16,4,afa,0.8055001235512224,False,0.48413357324949763
20,17,11.16,4,afa,0.7102469562232878,True,0.3888804059215631
21,17,11.16,4,afa,0.821551965170969,True,0.5001854148692442
22,17,11.16,4,afa,0.6559616769664955,True,0.3345951266647708
23,17,11.16,4,afa,0.9337872953690776,False,0.6124207450673529
24,17,11.16,4,afa,0.4993708875574079,False,0.17800433725568315
25,17,11.16,4,afa,0.5120187575586093,False,0.19065220725688453
26,17,11.16,4,afa,0.5853613875193601,False,0.26399483721763534
27,17,11.16,4,afa,0.5449431571504366,False,0.2235766068487119
28,17,11.16,4,afa,0.2997121397023969,False,-0.021654410599327822
29,17,11.16,4,afa,0.6669727053116851,False,0.34560615500996034
30,17,11.16,4,afa,0.274305878196209,True,-0.04706067210551573
31,17,11.16,4,afa,0.6094175372399022,False,0.2880509869381775
32,17,11.16,4,afa,0.6869432807620228,False,0.3655767304602981
33,17,11.16,4,afa,0.514253868738999,False,0.1928873184372743
34,17,11.16,4,afa,0.520276442285857,True,0.19890989198413228
35,17,11.16,4,afa,0.7678044471190673,True,0.4464378968173425
36,17,11.16,4,afa,0.785413564834467,False,0.4640470145327423
37,17,11.16,4,afa,0.5801094307523508,True,0.25874288045062604
38,17,11.16,4,afa,0.9511530015711314,True,0.6297864512694067
39,17,11.16,4,afa,0.3356737616006041,False,0.014307211298879352
40,17,11.16,4,afa,0.7479005200145539,False,0.42653396971282914
41,17,11.16,4,afa,0.39535065302487993,False,0.0739841027231552
42,17,11.16,4,afa,0.7536898300830188,True,0.4323232797812941
43,17,11.16,4,afa,0.8868456730109232,False,0.5654791227091984
44,17,11.16,4,afa,0.7939182933767468,True,0.47255174307502207
45,17,11.16,4,afa,0.7737518443134929,False,0.45238529401176814
1,18,11.16,4,afa,0.8816506476255931,False,0.5602840973238683
2,18,11.16,4,afa,0.7660362037322697,False,0.44466965343054493
3,18,11.16,4,afa,0.9145280055492897,True,0.593161455247565
4,18,11.16,4,afa,0.9634334356368374,False,0.6420668853351126
5,18,11.16,4,afa,0.6193164450446363,True,0.2979498947429116
6,18,11.16,4,afa,0.8628559357833229,True,0.5414893854815981
7,18,11.16,4,afa,0.7140717234136599,False,0.39270517311193515
8,18,11.16,4,afa,0.9881211261411635,False,0.6667545758394389
9,18,11.16,4,afa,0.8213088805558362,True,0.49994233025411144
10,18,11.16,4,afa,0.23186624501767977,True,-0.08950030528404496
11,18,11.16,4,afa,0.8724063244763174,True,0.5510397741745927
12,18,11.16,4,afa,0.8501147861142332,False,0.5287482358125084
13,18,11.16,4,afa,0.7024803152451271,False,0.3811137649434024
14,18,11.16,4,afa,0.9473038835294092,False,0.6259373332276845
15,18,11.16,4,afa,0.9800077585631403,False,0.6586412082614155
16,18,11.16,4,afa,0.9724365755545481,False,0.6510700252528234
17,18,11.16,4,afa,0.9827965816674201,False,0.6614300313656953
18,18,11.16,4,afa,0.9890396638662564,False,0.6676731135645317
19,18,11.16,4,afa,0.7344976627962515,False,0.4131311124945268
20,18,11.16,4,afa,0.6485579468684411,False,0.3271913965667164
21,18,11.16,4,afa,0.9328897150285718,True,0.6115231647268471
22,18,11.16,4,afa,0.9103837582141192,False,0.5890172079123945
1,19,11.16,4,afa,0.5630980303495761,False,0.24173148004785133
2,19,11.16,4,afa,0.7987396294638216,False,0.47737307916209687
3,19,11.16,4,afa,0.4915392333228878,True,0.17017268302116306
4,19,11.16,4,afa,0.5548091916983712,False,0.23344264139664644
5,19,11.16,4,afa,0.5555338682836215,False,0.23416731798189677
6,19,11.16,4,afa,0.830145870361731,False,0.5087793200600064
7,19,11.16,4,afa,0.5367207301150873,False,0.21535417981336252
8,19,11.16,4,afa,0.7802980408003127,False,0.458931490498588
9,19,11.16,4,afa,0.6316030349376901,False,0.31023648463596537
10,19,11.16,4,afa,0.8323378591218346,False,0.5109713088201098
11,19,11.16,4,afa,0.763511199555855,False,0.4421446492541303
12,19,11.16,4,afa,0.7744497368830378,False,0.453083186581313
13,19,11.16,4,afa,0.5271160811701673,False,0.20574953086844255
14,19,11.16,4,afa,0.6081695718975736,False,0.28680302159584886
15,19,11.16,4,afa,0.45358435623840165,False,0.13221780593667692
16,19,11.16,4,afa,0.46068081658701665,False,0.13931426628529192
17,19,11.16,4,afa,0.626564624799367,False,0.3051980744976423
18,19,11.16,4,afa,0.746403659129645,False,0.4250371088279203
19,19,11.16,4,afa,0.2245198858620981,True,-0.09684666443962664
20,19,11.16,4,afa,0.4946049100839855,False,0.17323835978226076
21,19,11.16,4,afa,0.6928127094298346,False,0.3714461591281099
22,19,11.16,4,afa,0.6799378961707555,False,0.3585713458690308
23,19,11.16,4,afa,0.8773519159835261,False,0.5559853656818015
24,19,11.16,4,afa,0.653116645778946,False,0.3317500954772213
25,19,11.16,4,afa,0.3521677805608453,True,0.03080123025912057
26,19,11.16,4,afa,0.7048748482471889,False,0.3835082979454642
27,19,11.16,4,afa,0.621274441338253,False,0.2999078910365283
28,19,11.16,4,afa,0.4540982083625574,False,0.13273165806083265
29,19,11.16,4,afa,0.7847247217885892,True,0.4633581714868645
30,19,11.16,4,afa,0.9017471457328761,False,0.5803805954311514
31,19,11.16,4,afa,0.8600615917644839,False,0.5386950414627591
32,19,11.16,4,afa,0.8112246274397503,True,0.4898580771380256
33,19,11.16,4,afa,0.1475210990508539,False,-0.17384545125087084
34,19,11.16,4,afa,0.659215770447753,True,0.3378492201460283
35,19,11.16,4,afa,0.5635869356363067,True,0.24222038533458196
36,19,11.16,4,afa,0.3962561250562191,False,0.07488957475449437
37,19,11.16,4,afa,0.8210335581439988,False,0.4996670078422741
38,19,11.16,4,afa,0.29421939918119067,False,-0.027147151120534063
39,19,11.16,4,afa,0.4940746527472134,True,0.17270810244548868
40,19,11.16,4,afa,0.809979242188696,True,0.48861269188697126
41,19,11.16,4,afa,0.45779358857832764,True,0.1364270382766029
1,2,11.16,4,afa,0.8405223815827523,True,0.5191558312810276
2,2,11.16,4,afa,0.672777450921979,True,0.3514109006202543
3,2,11.16,4,afa,0.7272374530793504,True,0.40587090277762566
4,2,11.16,4,afa,0.6685703984508687,True,0.347203848149144
5,2,11.16,4,afa,0.9326188298528972,False,0.6112522795511726
6,2,11.16,4,afa,0.705476543179222,False,0.3841099928774973
7,2,11.16,4,afa,0.8443446712367931,False,0.5229781209350683
8,2,11.16,4,afa,0.7626008966558228,False,0.44123434635409803
9,2,11.16,4,afa,0.46402427834928356,False,0.14265772804755883
10,2,11.16,4,afa,0.594355271089466,False,0.2729887207877412
11,2,11.16,4,afa,0.37838920703380574,True,0.05702265673208101
12,2,11.16,4,afa,0.56454879123986,True,0.24318224093813529
13,2,11.16,4,afa,0.706725258907276,False,0.38535870860555127
14,2,11.16,4,afa,0.9169220761420618,False,0.5955555258403371
15,2,11.16,4,afa,0.6825685144772893,True,0.36120196417556455
16,2,11.16,4,afa,0.8257494595290409,False,0.5043829092273162
17,2,11.16,4,afa,0.8905695273713119,False,0.5692029770695872
18,2,11.16,4,afa,0.3753722124261101,False,0.054005662124385345
19,2,11.16,4,afa,0.8303726330498368,False,0.509006082748112
20,2,11.16,4,afa,0.8915829963047764,False,0.5702164460030517
21,2,11.16,4,afa,0.8089253065948364,False,0.4875587562931117
22,2,11.16,4,afa,0.39346506918619184,False,0.07209851888446711
23,2,11.16,4,afa,0.5011820069711221,False,0.1798154566693974
24,2,11.16,4,afa,0.8563443003832217,False,0.534977750081497
25,2,11.16,4,afa,0.8032230706743823,False,0.4818565203726575
26,2,11.16,4,afa,0.8380983825781039,False,0.5167318322763792
27,2,11.16,4,afa,0.5839008610598191,False,0.26253431075809436
28,2,11.16,4,afa,0.7330087286918961,False,0.4116421783901714
29,2,11.16,4,afa,0.4369694947604087,False,0.11560294445868396
30,2,11.16,4,afa,0.9378603384089587,True,0.6164937881072339
31,2,11.16,4,afa,0.7334786532265556,False,0.41211210292483086
32,2,11.16,4,afa,0.2100449208901251,False,-0.11132162941159962
33,2,11.16,4,afa,0.7294628892039887,False,0.408096338902264
34,2,11.16,4,afa,0.6967178411543414,False,0.3753512908526167
35,2,11.16,4,afa,0.28120514292364024,False,-0.04016140737808449
36,2,11.16,4,afa,0.5422633173551319,False,0.22089676705340716
37,2,11.16,4,afa,0.8713351692279329,False,0.5499686189262081
38,2,11.16,4,afa,0.8501175083271514,True,0.5287509580254266
39,2,11.16,4,afa,0.8457433320519095,False,0.5243767817501848
40,2,11.16,4,afa,0.5969119548234796,False,0.27554540452175486
1,20,11.16,4,afa,0.4955288769775805,False,0.1741623266758558
2,20,11.16,4,afa,0.6448236311792457,False,0.32345708087752095
3,20,11.16,4,afa,0.8485693209904301,False,0.5272027706887055
4,20,11.16,4,afa,0.7484825971749564,False,0.4271160468732316
5,20,11.16,4,afa,0.5193560763592491,True,0.19798952605752435
6,20,11.16,4,afa,0.7086317036253207,True,0.38726515332359596
7,20,11.16,4,afa,0.6940252797247805,True,0.3726587294230557
8,20,11.16,4,afa,0.32673597310813596,True,0.005369422806411228
9,20,11.16,4,afa,0.9125017479572968,False,0.5911351976555721
10,20,11.16,4,afa,0.8533935282481092,True,0.5320269779463844
11,20,11.16,4,afa,0.8067487552695212,False,0.48538220496779644
12,20,11.16,4,afa,0.760710239473719,True,0.43934368917199423
13,20,11.16,4,afa,0.9264749316529892,False,0.6051083813512645
14,20,11.16,4,afa,0.8521494071923582,False,0.5307828568906334
15,20,11.16,4,afa,0.7767054664357572,False,0.4553389161340325
16,20,11.16,4,afa,0.9077785529645999,False,0.5864120026628752
17,20,11.16,4,afa,0.5590524018974158,True,0.23768585159569106
18,20,11.16,4,afa,0.46647684899234576,False,0.14511029869062103
19,20,11.16,4,afa,0.8273789060074043,False,0.5060123557056795
20,20,11.16,4,afa,0.5937035180562642,False,0.27233696775453947
21,20,11.16,4,afa,0.7718207685138068,False,0.45045421821208204
22,20,11.16,4,afa,0.7341308682869847,True,0.41276431798526
23,20,11.16,4,afa,0.8819503322158637,False,0.560583781914139
24,20,11.16,4,afa,0.690426732460108,False,0.36906018215838327
25,20,11.16,4,afa,0.8631905044025874,True,0.5418239541008627
26,20,11.16,4,afa,0.8112904119461852,False,0.4899238616444605
27,20,11.16,4,afa,0.8935490814268,False,0.5721825311250752
28,20,11.16,4,afa,0.7944993542903347,False,0.47313280398860996
29,20,11.16,4,afa,0.8977884615531657,False,0.576421911251441
30,20,11.16,4,afa,0.6267775691235943,True,0.30541101882186955
31,20,11.16,4,afa,0.7888530586791375,False,0.46748650837741274
32,20,11.16,4,afa,0.8733625279640578,False,0.5519959776623331
33,20,11.16,4,afa,0.5446422173625044,False,0.22327566706077967
34,20,11.16,4,afa,0.9207852912329179,True,0.5994187409311931
35,20,11.16,4,afa,0.8261367436243171,True,0.5047701933225923
36,20,11.16,4,afa,0.8961770505448605,False,0.5748105002431358
37,20,11.16,4,afa,0.42807536186185147,True,0.10670881156012674
38,20,11.16,4,afa,0.713825329937434,False,0.39245877963570924
39,20,11.16,4,afa,0.8799849986583851,True,0.5586184483566603
40,20,11.16,4,afa,0.7758414745570141,True,0.4544749242552894
1,21,11.16,4,afa,0.5487786777614765,False,0.22741212745975176
2,21,11.16,4,afa,0.5098356137232118,False,0.18846906342148712
3,21,11.16,4,afa,0.8052052240790829,True,0.4838386737773582
4,21,11.16,4,afa,0.17526985631532072,True,-0.146096693986404
5,21,11.16,4,afa,0.3486401613622945,True,0.027273611060569747
6,21,11.16,4,afa,0.535140520354863,True,0.2137739700531383
7,21,11.16,4,afa,0.4603820692521561,False,0.13901551895043135
8,21,11.16,4,afa,0.6530309149132627,False,0.331664364611538
9,21,11.16,4,afa,0.7512181350209216,True,0.4298515847191969
10,21,11.16,4,afa,0.7026537919175277,True,0.381287241615803
11,21,11.16,4,afa,0.7764396865234806,False,0.4550731362217559
12,21,11.16,4,afa,0.5375252455538192,True,0.21615869525209447
13,21,11.16,4,afa,0.4706460908246871,False,0.14927954052296238
14,21,11.16,4,afa,0.40830847113509894,False,0.08694192083337421
15,21,11.16,4,afa,0.5655504977961032,False,0.2441839474943785
16,21,11.16,4,afa,0.2374477793765654,False,-0.08391877092515934
17,21,11.16,4,afa,0.23096080133281371,False,-0.09040574896891101
18,21,11.16,4,afa,0.4662786223100849,False,0.14491207200836015
19,21,11.16,4,afa,0.843725367176473,True,0.5223588168747482
20,21,11.16,4,afa,0.7268177419142977,False,0.405451191612573
21,21,11.16,4,afa,0.432530326861828,True,0.11116377656010329
22,21,11.16,4,afa,0.20708236588771117,False,-0.11428418441401356
23,21,11.16,4,afa,0.6426359684616993,False,0.3212694181599746
24,21,11.16,4,afa,0.14658061067489409,False,-0.17478593962683064
25,21,11.16,4,afa,0.37763831501236844,False,0.05627176471064371
26,21,11.16,4,afa,0.20465911515681717,False,-0.11670743514490756
27,21,11.16,4,afa,0.4258259577064839,False,0.10445940740475917
28,21,11.16,4,afa,0.29281954650046266,False,-0.028547003801262072
29,21,11.16,4,afa,0.6869242960638624,True,0.3655577457621377
30,21,11.16,4,afa,0.31064728052867885,False,-0.01071926977304588
31,21,11.16,4,afa,0.5070444258400932,False,0.1856778755383685
32,21,11.16,4,afa,0.7062753455408283,True,0.38490879523910354
33,21,11.16,4,afa,0.12562309891713994,True,-0.1957434513845848
34,21,11.16,4,afa,0.5290982459436023,True,0.2077316956418776
35,21,11.16,4,afa,0.2903015739711049,True,-0.03106497633061983
36,21,11.16,4,afa,0.76862901013022,False,0.4472624598284953
37,21,11.16,4,afa,0.8176384683858995,True,0.49627191808417476
38,21,11.16,4,afa,0.28155221285484855,False,-0.03981433744687618
39,21,11.16,4,afa,0.5339325943982283,True,0.21256604409650354
40,21,11.16,4,afa,0.3732276537592473,False,0.051861103457522595
1,3,11.16,4,afa,0.9450986745844598,True,0.6237321242827352
2,3,11.16,4,afa,0.7616540555712351,False,0.4402875052695104
3,3,11.16,4,afa,0.9105346214541304,False,0.5891680711524057
4,3,11.16,4,afa,0.9127476143932187,True,0.591381064091494
5,3,11.16,4,afa,0.7387820598395793,True,0.4174155095378546
6,3,11.16,4,afa,0.9754378594775484,False,0.6540713091758237
7,3,11.16,4,afa,0.8601664254450114,False,0.5387998751432868
8,3,11.16,4,afa,0.4843068744839372,True,0.1629403241822125
9,3,11.16,4,afa,0.7060544324742681,True,0.3846878821725434
10,3,11.16,4,afa,0.8653247189663709,True,0.5439581686646462
11,3,11.16,4,afa,0.8359003341524247,False,0.5145337838507
12,3,11.16,4,afa,0.7706191388959182,False,0.4492525885941934
13,3,11.16,4,afa,0.7994509613278413,True,0.4780844110261166
14,3,11.16,4,afa,0.3698782266812257,False,0.04851167637950099
15,3,11.16,4,afa,0.8058785041787401,False,0.48451195387701534
16,3,11.16,4,afa,0.5955722403455767,True,0.2742056900438519
17,3,11.16,4,afa,0.44114481892779966,True,0.11977826862607494
18,3,11.16,4,afa,0.5608322970294057,True,0.239465746727681
19,3,11.16,4,afa,0.35488562220462494,True,0.03351907190290021
20,3,11.16,4,afa,0.5783511635118531,True,0.2569846132101284
21,3,11.16,4,afa,0.8650611464639972,False,0.5436945961622726
22,3,11.16,4,afa,0.8992415724948584,False,0.5778750221931337
23,3,11.16,4,afa,0.8079733230929493,False,0.4866067727912246
24,3,11.16,4,afa,0.6657537113298778,False,0.3443871610281531
1,4,11.16,4,afa,0.8136929419360914,False,0.4923263916343667
2,4,11.16,4,afa,0.6631812436862188,False,0.34181469338449405
3,4,11.16,4,afa,0.3066092987566951,False,-0.014757251545029604
4,4,11.16,4,afa,0.8528271173421761,False,0.5314605670404513
5,4,11.16,4,afa,0.4335072952056949,False,0.11214074490397019
6,4,11.16,4,afa,0.7238473622234541,False,0.4024808119217294
7,4,11.16,4,afa,0.5985274495876309,False,0.2771608992859062
8,4,11.16,4,afa,0.6766379825252659,False,0.35527143222354113
9,4,11.16,4,afa,0.5026016945520604,False,0.18123514425033566
10,4,11.16,4,afa,0.6970565437863754,False,0.37568999348465065
11,4,11.16,4,afa,0.895392930331518,False,0.5740263800297933
12,4,11.16,4,afa,0.47499771513566885,True,0.15363116483394412
13,4,11.16,4,afa,0.5625621996565547,True,0.24119564935483
1,5,11.16,4,afa,0.4912174958307437,False,0.16985094552901897
2,5,11.16,4,afa,0.8062101859815265,False,0.48484363567980177
3,5,11.16,4,afa,0.19998598328531542,True,-0.12138056701640931
4,5,11.16,4,afa,0.3358461672776266,False,0.014479616975901888
5,5,11.16,4,afa,0.4294100588015203,True,0.10804350849979555
6,5,11.16,4,afa,0.4615673980405807,True,0.140200847738856
7,5,11.16,4,afa,0.4190550446333757,True,0.09768849433165094
8,5,11.16,4,afa,0.30204294524009695,True,-0.01932360506162778
9,5,11.16,4,afa,0.761182419725215,False,0.4398158694234903
10,5,11.16,4,afa,0.2457403074088524,True,-0.07562624289287234
11,5,11.16,4,afa,0.17113197525298451,False,-0.15023457504874022
12,5,11.16,4,afa,0.29653019920206436,False,-0.02483635109966037
13,5,11.16,4,afa,0.6432955458084766,False,0.32192899550675186
14,5,11.16,4,afa,0.23907556460681545,False,-0.08229098569490928
15,5,11.16,4,afa,0.6948472276679578,False,0.3734806773662331
16,5,11.16,4,afa,0.562554995575815,False,0.24118844527409028
17,5,11.16,4,afa,0.390800481097485,False,0.06943393079576027
18,5,11.16,4,afa,0.10320408003857048,True,-0.21816247026315425
19,5,11.16,4,afa,0.37363983818844415,False,0.05227328788671942
20,5,11.16,4,afa,0.38086099307684657,False,0.059494442775121836
21,5,11.16,4,afa,0.4233983710723536,False,0.10203182077062889
22,5,11.16,4,afa,0.47263033528402243,False,0.1512637849822977
23,5,11.16,4,afa,0.3037518355407804,False,-0.01761471476094434
24,5,11.16,4,afa,0.5985634789700136,True,0.2771969286682889
1,6,11.16,4,afa,0.5675886972402182,True,0.24622214693849348
2,6,11.16,4,afa,0.6949078121459209,True,0.37354126184419617
3,6,11.16,4,afa,0.7147851207672127,False,0.39341857046548795
4,6,11.16,4,afa,0.6175041080703947,True,0.29613755776866996
5,6,11.16,4,afa,0.49784739516755677,True,0.17648084486583204
6,6,11.16,4,afa,0.5647477177685782,False,0.2433811674668535
7,6,11.16,4,afa,0.6982746436015196,True,0.37690809329979486
8,6,11.16,4,afa,0.6971821599684842,False,0.3758156096667595
9,6,11.16,4,afa,0.7720969470454868,True,0.4507303967437621
10,6,11.16,4,afa,0.7416137502867294,False,0.42024719998500465
11,6,11.16,4,afa,0.8544851990281181,False,0.5331186487263935
12,6,11.16,4,afa,0.6841613914259332,False,0.3627948411242085
13,6,11.16,4,afa,0.8874352724595422,False,0.5660687221578176
14,6,11.16,4,afa,0.42179914238418137,False,0.10043259208245664
15,6,11.16,4,afa,0.635260851736724,False,0.31389430143499925
16,6,11.16,4,afa,0.7096226840974746,False,0.3882561337957499
17,6,11.16,4,afa,0.6742273528672422,False,0.3528608025655175
18,6,11.16,4,afa,0.7876994789543594,False,0.4663329286526347
19,6,11.16,4,afa,0.741395743474466,False,0.4200291931727413
20,6,11.16,4,afa,0.27639329826453196,True,-0.04497325203719277
21,6,11.16,4,afa,0.652780218431632,False,0.3314136681299073
22,6,11.16,4,afa,0.7680343279096495,False,0.4466677776079248
23,6,11.16,4,afa,0.8240256710622956,False,0.5026591207605708
24,6,11.16,4,afa,0.29175937389169304,False,-0.029607176410031688
25,6,11.16,4,afa,0.6193342271938324,False,0.2979676768921076
26,6,11.16,4,afa,0.6498281764291461,True,0.3284616261274214
27,6,11.16,4,afa,0.7650520883770466,False,0.4436855380753219
28,6,11.16,4,afa,0.33437013889295486,True,0.01300358859123013
29,6,11.16,4,afa,0.6808941222244943,False,0.3595275719227696
30,6,11.16,4,afa,0.8223581438635048,False,0.5009915935617801
31,6,11.16,4,afa,0.7974344661847875,False,0.4760679158830628
32,6,11.16,4,afa,0.4337521733287824,True,0.11238562302705768
33,6,11.16,4,afa,0.5476371437184844,True,0.22627059341675965
34,6,11.16,4,afa,0.43454040506755465,True,0.11317385476582992
35,6,11.16,4,afa,0.6142775479780118,True,0.2929109976762871
1,7,11.16,4,afa,0.8903601038822032,True,0.5689935535804784
2,7,11.16,4,afa,0.16316849392390817,False,-0.15819805637781656
3,7,11.16,4,afa,0.9454471136583613,False,0.6240805633566366
4,7,11.16,4,afa,0.9503298422783522,True,0.6289632919766275
5,7,11.16,4,afa,0.6055304099172293,False,0.28416385961550455
6,7,11.16,4,afa,0.6716990189452701,False,0.35033246864354534
7,7,11.16,4,afa,0.40978340872707514,False,0.08841685842535041
8,7,11.16,4,afa,0.3933056705245545,True,0.07193912022282978
9,7,11.16,4,afa,0.7659276412927981,True,0.4445610909910734
10,7,11.16,4,afa,0.840255746022742,False,0.5188891957210173
11,7,11.16,4,afa,0.4587941749281736,False,0.13742762462644886
12,7,11.16,4,afa,0.5089855926657566,False,0.18761904236403187
13,7,11.16,4,afa,0.6229626833794447,False,0.30159613307772
14,7,11.16,4,afa,0.6703458722527363,True,0.3489793219510116
15,7,11.16,4,afa,0.3633028896228012,False,0.04193633932107649
16,7,11.16,4,afa,0.6429731676106176,False,0.3216066173088929
17,7,11.16,4,afa,0.4108958665440829,False,0.08952931624235816
18,7,11.16,4,afa,0.7113912321186454,False,0.3900246818169207
19,7,11.16,4,afa,0.5674279988123367,True,0.246061448510612
20,7,11.16,4,afa,0.4616136571503783,False,0.14024710684865355
21,7,11.16,4,afa,0.5365084976356223,True,0.21514194733389752
22,7,11.16,4,afa,0.6392510233459695,False,0.3178844730442448
23,7,11.16,4,afa,0.8404707150900188,True,0.5191041647882941
24,7,11.16,4,afa,0.72762777818522,False,0.4062612278834952
25,7,11.16,4,afa,0.8714542306617264,False,0.5500876803600017
1,8,11.16,4,afa,0.7325768651627419,True,0.41121031486101717
2,8,11.16,4,afa,0.7642004330579569,True,0.4428338827562322
3,8,11.16,4,afa,0.8470166880554117,False,0.5256501377536871
4,8,11.16,4,afa,0.5506687568628642,True,0.22930220656113948
5,8,11.16,4,afa,0.799623163352984,False,0.47825661305125927
6,8,11.16,4,afa,0.715514587820205,False,0.3941480375184803
7,8,11.16,4,afa,0.8004673068674094,False,0.4791007565656847
8,8,11.16,4,afa,0.8220320149064012,False,0.5006654646046764
9,8,11.16,4,afa,0.5242487932659945,False,0.20288224296426977
10,8,11.16,4,afa,0.6566826218085756,True,0.3353160715068509
11,8,11.16,4,afa,0.8144536786421639,False,0.49308712834043916
12,8,11.16,4,afa,0.7651162193619429,True,0.4437496690602181
13,8,11.16,4,afa,0.7968411643020603,False,0.4754746140003356
14,8,11.16,4,afa,0.5932024779711209,False,0.2718359276693962
15,8,11.16,4,afa,0.4283013874782952,True,0.10693483717657049
16,8,11.16,4,afa,0.669637069802303,False,0.34827051950057825
17,8,11.16,4,afa,0.0666313411124605,False,-0.25473520918926423
18,8,11.16,4,afa,0.8954884360947546,True,0.5741218857930299
19,8,11.16,4,afa,0.5672304790372158,False,0.24586392873549107
20,8,11.16,4,afa,0.8713783691353217,False,0.550011818833597
21,8,11.16,4,afa,0.6803208330759737,False,0.35895428277424896
22,8,11.16,4,afa,0.676418743248995,False,0.35505219294727025
23,8,11.16,4,afa,0.5232758390898395,False,0.20190928878811482
24,8,11.16,4,afa,0.8134179922282158,True,0.49205144192649103
25,8,11.16,4,afa,0.9317443516899914,False,0.6103778013882666
26,8,11.16,4,afa,0.76387118922701,False,0.4425046389252853
27,8,11.16,4,afa,0.6551910314268177,False,0.33382448112509294
28,8,11.16,4,afa,0.6775274016973251,False,0.35616085139560033
29,8,11.16,4,afa,0.9062359058471549,False,0.5848693555454301
30,8,11.16,4,afa,0.4373585455122043,False,0.11599199521047959
31,8,11.16,4,afa,0.8252688798855328,True,0.5039023295838081
32,8,11.16,4,afa,0.8764056761381831,False,0.5550391258364584
33,8,11.16,4,afa,0.7558589894249821,False,0.43449243912325736
34,8,11.16,4,afa,0.5221132998298341,False,0.2007467495281094
35,8,11.16,4,afa,0.6545523021758536,True,0.33318575187412885
36,8,11.16,4,afa,0.7504262644065038,True,0.4290597141047791
37,8,11.16,4,afa,0.5843512830020362,False,0.2629847327003115
38,8,11.16,4,afa,0.8815589877532712,False,0.5601924374515466
39,8,11.16,4,afa,0.7445462955399486,False,0.4231797452382238
1,9,11.16,4,afa,0.7969497827585472,False,0.4755832324568225
2,9,11.16,4,afa,0.6589435779251531,False,0.3375770276234284
3,9,11.16,4,afa,0.8989697237780417,False,0.577603173476317
4,9,11.16,4,afa,0.5359127346958692,False,0.21454618439414447
5,9,11.16,4,afa,0.7934501139404181,False,0.47208356363869336
6,9,11.16,4,afa,0.5264684801720938,False,0.20510192987036907
7,9,11.16,4,afa,0.6653454822494708,False,0.34397893194774604
8,9,11.16,4,afa,0.37151818076339715,False,0.050151630461672425
9,9,11.16,4,afa,0.48019652166357735,True,0.15882997136185262
10,9,11.16,4,afa,0.5066945337044014,False,0.1853279834026767
11,9,11.16,4,afa,0.26767363744478606,False,-0.05369291285693867
12,9,11.16,4,afa,0.6913445463144773,False,0.36997799601275255
13,9,11.16,4,afa,0.49391546743181836,True,0.17254891713009363
14,9,11.16,4,afa,0.17440754053937496,True,-0.14695900976234977
15,9,11.16,4,afa,0.5761942786851566,False,0.2548277283834319
16,9,11.16,4,afa,0.6353601871417602,False,0.3139936368400355
17,9,11.16,4,afa,0.5942114531544804,True,0.2728449028527557
18,9,11.16,4,afa,0.6391351772836933,True,0.31776862698196856
19,9,11.16,4,afa,0.34439259813206036,False,0.023026047830335628
20,9,11.16,4,afa,0.7637989864873358,False,0.44243243618561107
21,9,11.16,4,afa,0.6646896373930115,False,0.3433230870912867
22,9,11.16,4,afa,0.7006060043272802,False,0.3792394540255554
23,9,11.16,4,afa,0.5046263332812575,True,0.18325978297953277
24,9,11.16,4,afa,0.3924734237498093,False,0.07110687344808458
25,9,11.16,4,afa,0.6431672952091273,False,0.32180074490740257
26,9,11.16,4,afa,0.1931477673971398,False,-0.12821878290458494
27,9,11.16,4,afa,0.5882849131625487,False,0.266918362860824
28,9,11.16,4,afa,0.5341633189628051,True,0.21279676866108038
29,9,11.16,4,afa,0.6721439711307384,False,0.3507774208290137
30,9,11.16,4,afa,0.38800160227155606,False,0.06663505196983133
31,9,11.16,4,afa,0.3050051713825555,False,-0.016361378919169223
32,9,11.16,4,afa,0.8797964012990098,True,0.5584298509972851
33,9,11.16,4,afa,0.7440912669889898,True,0.422724716687265
34,9,11.16,4,afa,0.5981383043260066,False,0.27677175402428184
1,0,0.0,4,control,0.15235181715000293,False,-0.1690147331517218
2,0,0.0,4,control,0.1288265440500686,False,-0.19254000625165613
3,0,0.0,4,control,0.6998653397585338,False,0.3784987894568091
4,0,0.0,4,control,0.09610424113945652,True,-0.2252623091622682
5,0,0.0,4,control,0.27385322415414265,False,-0.04751332614758208
6,0,0.0,4,control,0.1809062327097225,False,-0.14046031759200223
7,0,0.0,4,control,0.23815843840686038,False,-0.08320811189486435
8,0,0.0,4,control,0.16114249527975666,True,-0.16022405502196807
9,0,0.0,4,control,0.03847834809069495,False,-0.2828882022110298
10,0,0.0,4,control,0.13295726466798347,False,-0.18840928563374126
11,0,0.0,4,control,0.18132949366250062,False,-0.1400370566392241
12,0,0.0,4,control,0.21384912238727088,True,-0.10751742791445384
13,0,0.0,4,control,0.10987831791145715,True,-0.2114882323902676
14,0,0.0,4,control,0.11547351516408519,False,-0.20589303513763954
15,0,0.0,4,control,0.2436768654210167,False,-0.07768968488070804
16,0,0.0,4,control,0.08859393708545563,False,-0.2327726132162691
17,0,0.0,4,control,0.3150526218590225,True,-0.006313928442702232
18,0,0.0,4,control,0.12282059040222655,False,-0.1985459598994982
19,0,0.0,4,control,0.15006282978863686,False,-0.17130372051308787
20,0,0.0,4,control,0.17945574957966628,True,-0.14191080072205844
21,0,0.0,4,control,0.15789250572301552,False,-0.1634740445787092
22,0,0.0,4,control,0.03996940086621168,False,-0.281397149435513
23,0,0.0,4,control,0.0623288700387518,True,-0.2590376802629729
24,0,0.0,4,control,0.06494841994714609,True,-0.2564181303545786
25,0,0.0,4,control,0.10325452636180528,True,-0.21811202393991946
26,0,0.0,4,control,0.17390212551740303,False,-0.1474644247843217
27,0,0.0,4,control,0.07190536854684453,True,-0.2494611817548802
28,0,0.0,4,control,0.043038043228727285,False,-0.27832850707299744
29,0,0.0,4,control,0.20858636981567882,False,-0.1127801804860459
30,0,0.0,4,control,0.18979376223305386,False,-0.13157278806867087
31,0,0.0,4,control,0.44694628952859305,False,0.12557973922686833
32,0,0.0,4,control,0.3033962251617825,False,-0.017970325139942234
33,0,0.0,4,control,0.1853570645988643,False,-0.13600948570286042
34,0,0.0,4,control,0.04572470466283094,False,-0.27564184563889377
35,0,0.0,4,control,0.19557925065622744,False,-0.12578729964549729
36,0,0.0,4,control,0.2005356554542203,True,-0.12083089484750442
37,0,0.0,4,control,0.18231654609263934,False,-0.1390500042090854
1,1,0.0,4,control,0.47200004645568433,False,0.1506334961539596
2,1,0.0,4,control,0.2989518264122467,False,-0.022414723889478017
3,1,0.0,4,control,0.3537124832299082,False,0.032345932928183496
4,1,0.0,4,control,0.5884972555707846,False,0.26713070526905985
5,1,0.0,4,control,0.5367939861954616,False,0.21542743589373686
6,1,0.0,4,control,0.4255154755532241,False,0.10414892525149938
7,1,0.0,4,control,0.20519273920650338,False,-0.11617381109522135
8,1,0.0,4,control,0.4083985326636402,True,0.08703198236191545
9,1,0.0,4,control,0.44223657088462903,False,0.1208700205829043
10,1,0.0,4,control,0.3298362896652038,False,0.008469739363479056
11,1,0.0,4,control,0.3883340325898726,False,0.06696748228814786
12,1,0.0,4,control,0.034046186533982614,False,-0.2873203637677421
13,1,0.0,4,control,0.29299587248500203,True,-0.0283706778167227
14,1,0.0,4,control,0.23357862378573455,True,-0.08778792651599018
15,1,0.0,4,control,0.6375690615572631,False,0.3162025112555384
16,1,0.0,4,control,0.6928948047637862,False,0.37152825446206145
17,1,0.0,4,control,0.6582428878992476,True,0.33687633759752283
18,1,0.0,4,control,0.37167075619407675,False,0.050304205892352016
19,1,0.0,4,control,0.46103272665208267,True,0.13966617635035794
1,10,0.0,4,control,0.300511303612701,True,-0.02085524668902372
2,10,0.0,4,control,0.06005137389373094,False,-0.2613151764079938
3,10,0.0,4,control,0.34356156326142956,False,0.02219501295970483
4,10,0.0,4,control,0.5775269907473026,False,0.2561604404455779
5,10,0.0,4,control,0.020217237881351234,False,-0.3011493124203735
6,10,0.0,4,control,0.38792501061963636,False,0.06655846031791163
7,10,0.0,4,control,0.5101719869105875,False,0.1888054366088628
8,10,0.0,4,control,0.09791247642829035,False,-0.22345407387343438
9,10,0.0,4,control,0.17778517646985467,False,-0.14358137383187006
10,10,0.0,4,control,0.06746658069062646,True,-0.2538999696110983
11,10,0.0,4,control,0.14101238815056172,False,-0.180354162151163
12,10,0.0,4,control,0.09419174878472243,False,-0.2271748015170023
13,10,0.0,4,control,0.12518553604553723,False,-0.1961810142561875
14,10,0.0,4,control,0.008586387563288023,True,-0.31278016273843673
15,10,0.0,4,control,0.15175251225660685,True,-0.16961403804511788
16,10,0.0,4,control,0.022775786191281334,False,-0.2985907641104434
17,10,0.0,4,control,0.2839426088889615,True,-0.03742394141276323
18,10,0.0,4,control,0.3579519651712495,False,0.03658541486952477
19,10,0.0,4,control,0.19661360065798572,False,-0.12475294964373901
20,10,0.0,4,control,0.32732288798125764,False,0.005956337679532908
21,10,0.0,4,control,0.8268920061419143,True,0.5055254558401896
22,10,0.0,4,control,0.0997186478331773,True,-0.22164790246854743
23,10,0.0,4,control,0.016968408348539254,False,-0.3043981419531855
24,10,0.0,4,control,0.2149659740552882,False,-0.10640057624643653
25,10,0.0,4,control,0.018171223717770822,False,-0.30319532658395393
26,10,0.0,4,control,0.3060985678409267,False,-0.015267982460798024
27,10,0.0,4,control,0.15570497734705832,True,-0.1656615729546664
28,10,0.0,4,control,0.08785929473947382,True,-0.2335072555622509
29,10,0.0,4,control,0.07727484815999988,False,-0.24409170214172485
30,10,0.0,4,control,0.7166867236574378,False,0.39532017335571307
31,10,0.0,4,control,0.3121786089260678,False,-0.009187941375656927
32,10,0.0,4,control,0.4263339090045262,False,0.1049673587028015
33,10,0.0,4,control,0.45744196220425815,True,0.13607541190253342
34,10,0.0,4,control,0.16857835888347175,False,-0.15278819141825298
35,10,0.0,4,control,0.059642275481256404,False,-0.26172427482046834
36,10,0.0,4,control,0.03225677918885983,False,-0.2891097711128649
37,10,0.0,4,control,0.3359178717878448,False,0.014551321486120095
38,10,0.0,4,control,0.01952469671864778,False,-0.30184185358307697
39,10,0.0,4,control,0.060309977546545636,False,-0.2610565727551791
40,10,0.0,4,control,0.07844760896962508,False,-0.24291894133209965
41,10,0.0,4,control,0.32960991564372344,False,0.00824336534199871
42,10,0.0,4,control,0.276117934159546,True,-0.04524861614217873
43,10,0.0,4,control,0.06024502883480465,True,-0.2611215214669201
44,10,0.0,4,control,0.1452217806347657,False,-0.17614476966695902
45,10,0.0,4,control,0.34132689671001887,False,0.01996034640829414
46,10,0.0,4,control,0.19403589687153913,False,-0.1273306534301856
47,10,0.0,4,control,0.012682664657555165,False,-0.30868388564416954
48,10,0.0,4,control,0.16531600425176382,False,-0.1560505460499609
49,10,0.0,4,control,0.18679347199587779,False,-0.13457307830584694
50,10,0.0,4,control,0.023536162412072726,False,-0.297830387889652
51,10,0.0,4,control,0.07205596986233384,False,-0.2493105804393909
52,10,0.0,4,control,0.14504865906676984,False,-0.1763178912349549
53,10,0.0,4,control,0.1024219856271211,False,-0.21894456467460363
54,10,0.0,4,control,0.23276376612410724,True,-0.0886027841776175
55,10,0.0,4,control,0.1588673082245869,False,-0.16249924207713784
56,10,0.0,4,control,0.1433962483292451,False,-0.17797030197247962
57,10,0.0,4,control,0.16531093963252064,False,-0.1560556106692041
58,10,0.0,4,control,0.3153666610581856,False,-0.005999889243539114
59,10,0.0,4,control,0.06707263948023394,True,-0.2542939108214908
60,10,0.0,4,control,0.2796633679224591,True,-0.041703182379265624
61,10,0.0,4,control,0.1754756367718739,False,-0.14589091352985084
62,10,0.0,4,control,0.730616885277658,True,0.40925033497593327
63,10,0.0,4,control,0.34878015648429905,False,0.027413606182574324
64,10,0.0,4,control,0.36253074914382505,True,0.04116419884210032
65,10,0.0,4,control,0.15864766451023316,False,-0.16271888579149157
66,10,0.0,4,control,0.4579137596138677,False,0.13654720931214298
67,10,0.0,4,control,0.2078167880931749,True,-0.11354976220854984
68,10,0.0,4,control,0.40703653294539216,True,0.08566998264366743
69,10,0.0,4,control,0.05740324688802893,False,-0.2639633034136958
70,10,0.0,4,control,0.3595392617182336,False,0.03817271141650885
71,10,0.0,4,control,0.009171340290469999,True,-0.3121952100112547
72,10,0.0,4,control,0.24762864377923446,False,-0.07373790652249027
73,10,0.0,4,control,0.04111941512577037,True,-0.28024713517595434
74,10,0.0,4,control,0.26793428922460716,False,-0.05343226107711757
75,10,0.0,4,control,0.0380617657589867,False,-0.28330478454273805
76,10,0.0,4,control,0.019915692375112815,False,-0.3014508579266119
77,10,0.0,4,control,0.025076123435920295,False,-0.2962904268658044
78,10,0.0,4,control,0.06275984235414207,True,-0.25860670794758267
79,10,0.0,4,control,0.019620072998731586,False,-0.30174647730299314
80,10,0.0,4,control,0.02721638746496826,False,-0.2941501628367565
1,11,0.0,4,control,0.7372387486554814,False,0.4158721983537567
2,11,0.0,4,control,0.3798880491658366,False,0.0585214988641119
3,11,0.0,4,control,0.05415708462678661,False,-0.26720946567493814
4,11,0.0,4,control,0.6375576982749388,True,0.31619114797321407
5,11,0.0,4,control,0.5154612633269974,False,0.19409471302527265
6,11,0.0,4,control,0.43293214171605243,False,0.1115655914143277
7,11,0.0,4,control,0.07379340753377459,True,-0.24757314276795014
8,11,0.0,4,control,0.5996694332771229,False,0.2783028829753981
9,11,0.0,4,control,0.0919459222845131,False,-0.22942062801721164
10,11,0.0,4,control,0.22820368534021512,True,-0.0931628649615096
11,11,0.0,4,control,0.12685898423441141,False,-0.19450756606731331
12,11,0.0,4,control,0.052383321861969014,False,-0.2689832284397557
13,11,0.0,4,control,0.34778786975443465,True,0.026421319452709924
14,11,0.0,4,control,0.41301518895564426,False,0.09164863865391953
15,11,0.0,4,control,0.1111605492061312,True,-0.2102060010955935
16,11,0.0,4,control,0.5468797939924992,False,0.22551324369077447
17,11,0.0,4,control,0.5411342225530493,False,0.2197676722513246
18,11,0.0,4,control,0.2847444458035645,False,-0.036622104498160224
19,11,0.0,4,control,0.6833796345115066,False,0.3620130842097819
20,11,0.0,4,control,0.35019408392599594,True,0.028827533624271207
21,11,0.0,4,control,0.2210385096602963,False,-0.10032804064142842
22,11,0.0,4,control,0.10626686438272756,False,-0.21509968591899717
23,11,0.0,4,control,0.5370225387254408,False,0.21565598842371608
24,11,0.0,4,control,0.21298185464174849,False,-0.10838469565997624
25,11,0.0,4,control,0.4281923221710729,False,0.10682577186934816
26,11,0.0,4,control,0.5789653923351925,False,0.2575988420334678
27,11,0.0,4,control,0.31631017960779273,False,-0.005056370693932
28,11,0.0,4,control,0.08285637759695266,False,-0.23851017270477207
29,11,0.0,4,control,0.1389537611945519,False,-0.18241278910717282
30,11,0.0,4,control,0.2286594273783486,True,-0.09270712292337613
31,11,0.0,4,control,0.34280966207654284,False,0.021443111774818113
32,11,0.0,4,control,0.3339123637370889,False,0.01254581343536415
33,11,0.0,4,control,0.08434803919317387,False,-0.23701851110855088
34,11,0.0,4,control,0.46082764073032123,False,0.1394610904285965
35,11,0.0,4,control,0.044545212750065954,False,-0.2768213375516588
36,11,0.0,4,control,0.10268259223531598,True,-0.21868395806640875
37,11,0.0,4,control,0.29193732060823,False,-0.029429229693494707
38,11,0.0,4,control,0.0709210245432416,True,-0.2504455257584831
39,11,0.0,4,control,0.5105094138089701,False,0.18914286350724535
40,11,0.0,4,control,0.4679482030806173,True,0.14658165277889257
41,11,0.0,4,control,0.16118061318412064,True,-0.1601859371176041
42,11,0.0,4,control,0.13832134102229804,False,-0.1830452092794267
43,11,0.0,4,control,0.14345522113038817,False,-0.17791132917133656
44,11,0.0,4,control,0.1552030351720713,True,-0.16616351512965344
45,11,0.0,4,control,0.04227543933951392,False,-0.2790911109622108
46,11,0.0,4,control,0.2557758004776608,True,-0.06559074982406393
47,11,0.0,4,control,0.11730649199714185,False,-0.20406005830458288
48,11,0.0,4,control,0.3718412668807891,True,0.05047471657906438
49,11,0.0,4,control,0.6850289062962377,False,0.36366235599451296
50,11,0.0,4,control,0.23822362940358519,False,-0.08314292089813954
51,11,0.0,4,control,0.04045974207609493,False,-0.2809068082256298
52,11,0.0,4,control,0.3432653834820649,False,0.021898833180340194
53,11,0.0,4,control,0.1619558766006184,False,-0.15941067370110634
54,11,0.0,4,control,0.43493930351791316,False,0.11357275321618843
55,11,0.0,4,control,0.03512755274703035,False,-0.2862389975546944
56,11,0.0,4,control,0.3559767917317399,False,0.034610241430015176
57,11,0.0,4,control,0.0867146872254071,False,-0.23465186307631763
58,11,0.0,4,control,0.6607353312285327,True,0.33936878092680794
59,11,0.0,4,control,0.05121775404243449,False,-0.2701487962592902
60,11,0.0,4,control,0.2220873337111393,True,-0.09927921659058542
61,11,0.0,4,control,0.5522664845287352,True,0.23089993422701044
62,11,0.0,4,control,0.30843809018056867,False,-0.01292846012115606
63,11,0.0,4,control,0.38804637131720626,False,0.06667982101548153
64,11,0.0,4,control,0.20706698598750634,False,-0.1142995643142184
65,11,0.0,4,control,0.4754894607613981,True,0.15412291045967336
66,11,0.0,4,control,0.32960754174824985,False,0.008240991446525125
67,11,0.0,4,control,0.08662681317482915,False,-0.23473973712689558
68,11,0.0,4,control,0.16481132486788466,True,-0.15655522543384007
69,11,0.0,4,control,0.28462888155509625,False,-0.03673766874662848
70,11,0.0,4,control,0.13848347167758435,False,-0.18288307862414038
71,11,0.0,4,control,0.28291953419337446,False,-0.038447016108350274
72,11,0.0,4,control,0.24976878777876318,False,-0.07159776252296154
73,11,0.0,4,control,0.06592997045941824,False,-0.2554365798423065
74,11,0.0,4,control,0.2018897379397203,False,-0.11947681236200444
75,11,0.0,4,control,0.19704347458983104,False,-0.12432307571189369
76,11,0.0,4,control,0.18404151971112442,False,-0.1373250305906003
77,11,0.0,4,control,0.25812798463613323,False,-0.0632385656655915
78,11,0.0,4,control,0.09770645742575393,False,-0.2236600928759708
79,11,0.0,4,control,0.18039328230260138,False,-0.14097326799912335
80,11,0.0,4,control,0.1856970579219576,True,-0.13566949237976714
1,12,0.0,4,control,0.6675421112772996,False,0.34617556097557484
2,12,0.0,4,control,0.2488111858882657,True,-0.07255536441345903
3,12,0.0,4,control,0.1449318198576015,True,-0.17643473044412322
4,12,0.0,4,control,0.7601556854031695,False,0.43878913510144474
5,12,0.0,4,control,0.06754755730001454,False,-0.2538189930017102
6,12,0.0,4,control,0.26869092063406275,True,-0.05267562966766198
7,12,0.0,4,control,0.3142077480687628,False,-0.007158802232961947
8,12,0.0,4,control,0.13003066224569443,True,-0.1913358880560303
9,12,0.0,4,control,0.26970598703593657,False,-0.05166056326578816
10,12,0.0,4,control,0.1259972962523262,False,-0.19536925404939853
11,12,0.0,4,control,0.4614552079845655,True,0.1400886576828408
12,12,0.0,4,control,0.40210746450707885,False,0.08074091420535412
13,12,0.0,4,control,0.47643736378474755,True,0.15507081348302282
14,12,0.0,4,control,0.5337837887730601,False,0.21241723847133537
15,12,0.0,4,control,0.19767982476281745,False,-0.12368672553890728
16,12,0.0,4,control,0.18978864662003256,False,-0.13157790368169217
17,12,0.0,4,control,0.3669295248386318,False,0.04556297453690705
18,12,0.0,4,control,0.09169889160086833,False,-0.2296676587008564
19,12,0.0,4,control,0.3879453488325385,True,0.06657879853081378
20,12,0.0,4,control,0.28837824470593404,False,-0.03298830559579069
21,12,0.0,4,control,0.09445680361457184,False,-0.22690974668715289
22,12,0.0,4,control,0.2911218024230055,False,-0.030244747878719225
23,12,0.0,4,control,0.23244546202482624,True,-0.08892108827689849
24,12,0.0,4,control,0.3938245648765327,False,0.072458014574808
25,12,0.0,4,control,0.14757016304872977,False,-0.17379638725299495
26,12,0.0,4,control,0.13380343886102486,False,-0.18756311144069987
27,12,0.0,4,control,0.16595383034450212,False,-0.1554127199572226
28,12,0.0,4,control,0.39077639250660007,False,0.06940984220487534
29,12,0.0,4,control,0.15500223665138985,False,-0.16636431365033488
30,12,0.0,4,control,0.172148521960898,False,-0.14921802834082673
31,12,0.0,4,control,0.04156167874697121,False,-0.27980487155475353
32,12,0.0,4,control,0.10215871967286894,False,-0.2192078306288558
33,12,0.0,4,control,0.22604482134362397,False,-0.09532172895810076
34,12,0.0,4,control,0.8019623289646965,False,0.4805957786629718
35,12,0.0,4,control,0.24641683000916662,True,-0.07494972029255811
36,12,0.0,4,control,0.3342437988564367,False,0.01287724855471195
37,12,0.0,4,control,0.08076646989795358,False,-0.24060008040377115
38,12,0.0,4,control,0.4525392597772731,True,0.13117270947554838
39,12,0.0,4,control,0.06595332375738976,False,-0.25541322654433496
40,12,0.0,4,control,0.05599686196005917,False,-0.2653696883416656
41,12,0.0,4,control,0.3744933565863056,False,0.053126806284580885
42,12,0.0,4,control,0.3278512422497666,True,0.006484691948041854
43,12,0.0,4,control,0.15534859940617873,True,-0.166017950895546
44,12,0.0,4,control,0.3702916249399183,True,0.048925074638193566
45,12,0.0,4,control,0.3800776888747214,False,0.058711138572996646
46,12,0.0,4,control,0.22059560794601601,False,-0.10077094235570871
47,12,0.0,4,control,0.4335349933751752,False,0.11216844307345047
48,12,0.0,4,control,0.1768500108694338,False,-0.14451653943229092
49,12,0.0,4,control,0.34942787265810765,False,0.028061322356382923
50,12,0.0,4,control,0.4268548037175033,False,0.10548825341577855
51,12,0.0,4,control,0.3250503754059365,True,0.0036838251042117798
52,12,0.0,4,control,0.12748549053987537,False,-0.19388105976184936
53,12,0.0,4,control,0.1172026289673761,False,-0.20416392133434863
54,12,0.0,4,control,0.2533980263843212,False,-0.06796852391740354
55,12,0.0,4,control,0.2820130020432445,False,-0.03935354825848025
56,12,0.0,4,control,0.025405252057275396,False,-0.29596129824444933
57,12,0.0,4,control,0.34227771553994113,True,0.0209111652382164
58,12,0.0,4,control,0.2486319401867804,False,-0.07273461011494434
59,12,0.0,4,control,0.216149251443548,False,-0.10521729885817674
60,12,0.0,4,control,0.3397659212313253,False,0.01839937092960059
61,12,0.0,4,control,0.3274778863144129,False,0.006111336012688151
62,12,0.0,4,control,0.2623105303750003,False,-0.059056019926724435
63,12,0.0,4,control,0.1793201345554319,False,-0.14204641574629284
64,12,0.0,4,control,0.3703463033792184,False,0.04897975307749369
65,12,0.0,4,control,0.27831224823447837,False,-0.043054302067246364
66,12,0.0,4,control,0.21536128429790075,False,-0.10600526600382398
67,12,0.0,4,control,0.3497976086907126,False,0.02843105838898785
68,12,0.0,4,control,0.33379003421149156,True,0.01242348390976683
1,13,0.0,4,control,0.1672973402222364,True,-0.15406921007948832
2,13,0.0,4,control,0.08149815443944866,False,-0.23986839586227607
3,13,0.0,4,control,0.5560865334755631,False,0.2347199831738384
4,13,0.0,4,control,0.25073772854459586,True,-0.07062882175712887
5,13,0.0,4,control,0.17427649420389169,False,-0.14709005609783304
6,13,0.0,4,control,0.16702573978420146,True,-0.15434081051752327
7,13,0.0,4,control,0.2040091999906033,False,-0.11735735031112143
8,13,0.0,4,control,0.3183232609026354,True,-0.0030432893990893217
9,13,0.0,4,control,0.16599658130202644,True,-0.1553699689996983
10,13,0.0,4,control,0.2301110399901949,True,-0.09125551031152984
11,13,0.0,4,control,0.26790725512925534,False,-0.05345929517246939
12,13,0.0,4,control,0.25435015852242415,False,-0.06701639177930058
13,13,0.0,4,control,0.22292309892437148,True,-0.09844345137735325
14,13,0.0,4,control,0.426386504783996,False,0.10501995448227125
15,13,0.0,4,control,0.15572569436309688,False,-0.16564085593862785
16,13,0.0,4,control,0.05359523138636446,True,-0.26777131891536027
17,13,0.0,4,control,0.0488617686433074,False,-0.27250478165841735
18,13,0.0,4,control,0.38392002823530785,False,0.06255347793358312
19,13,0.0,4,control,0.08446818552812634,True,-0.23689836477359838
20,13,0.0,4,control,0.18934819598976405,False,-0.13201835431196068
21,13,0.0,4,control,0.10544637685559599,False,-0.21592017344612874
22,13,0.0,4,control,0.4762374598150251,False,0.15487090951330035
23,13,0.0,4,control,0.03494768783399214,True,-0.28641886246773257
24,13,0.0,4,control,0.1406054028391694,True,-0.18076114746255534
25,13,0.0,4,control,0.2644224326687154,False,-0.05694411763300933
26,13,0.0,4,control,0.06680177790156032,False,-0.2545647724001644
27,13,0.0,4,control,0.602031810955696,True,0.2806652606539713
28,13,0.0,4,control,0.14802332998301362,False,-0.1733432203187111
29,13,0.0,4,control,0.33901305690055683,False,0.0176465065988321
30,13,0.0,4,control,0.1662869259584965,False,-0.15507962434322822
31,13,0.0,4,control,0.10053003885035217,False,-0.22083651145137256
32,13,0.0,4,control,0.29569103830379695,False,-0.02567551199792778
33,13,0.0,4,control,0.47092673594905515,False,0.14956018564733042
34,13,0.0,4,control,0.29231814707322945,False,-0.02904840322849528
35,13,0.0,4,control,0.017790588029233435,False,-0.3035759622724913
36,13,0.0,4,control,0.17051895080223836,False,-0.15084759949948637
37,13,0.0,4,control,0.13476953043566378,True,-0.18659701986606095
38,13,0.0,4,control,0.021985464398647302,True,-0.29938108590307744
39,13,0.0,4,control,0.4995923062396638,True,0.17822575593793905
40,13,0.0,4,control,0.307659810322601,False,-0.01370673997912375
41,13,0.0,4,control,0.43393850338049483,True,0.1125719530787701
42,13,0.0,4,control,0.3496708865542893,False,0.028304336252564566
43,13,0.0,4,control,0.17458480411721905,False,-0.14678174618450568
44,13,0.0,4,control,0.14396790811270052,False,-0.1773986421890242
45,13,0.0,4,control,0.3519881987472202,True,0.030621648445495475
46,13,0.0,4,control,0.2264347290816448,False,-0.09493182122007993
47,13,0.0,4,control,0.13767817876317884,False,-0.1836883715385459
48,13,0.0,4,control,0.13650502183440788,True,-0.18486152846731685
49,13,0.0,4,control,0.15723360555691984,False,-0.1641329447448049
50,13,0.0,4,control,0.1940857795875797,False,-0.12728077071414504
51,13,0.0,4,control,0.29072261820511314,True,-0.030643932096611592
52,13,0.0,4,control,0.10253104422511387,False,-0.21883550607661084
53,13,0.0,4,control,0.15671249493103362,True,-0.1646540553706911
54,13,0.0,4,control,0.15985606912729436,False,-0.16151048117443037
55,13,0.0,4,control,0.48880586058970765,False,0.16743931028798292
56,13,0.0,4,control,0.14001177783650756,False,-0.18135477246521717
57,13,0.0,4,control,0.204662800123858,True,-0.11670375017786672
58,13,0.0,4,control,0.19140089285474543,True,-0.1299656574469793
59,13,0.0,4,control,0.051420523747995196,False,-0.2699460265537295
60,13,0.0,4,control,0.20251732855836196,False,-0.11884922174336277
61,13,0.0,4,control,0.30469607620272987,False,-0.01667047409899486
62,13,0.0,4,control,0.08761960382640555,False,-0.23374694647531918
63,13,0.0,4,control,0.20229648385986027,False,-0.11907006644186446
64,13,0.0,4,control,0.1387709127596174,False,-0.18259563754210734
65,13,0.0,4,control,0.11118552392891416,True,-0.21018102637281055
66,13,0.0,4,control,0.2671877015168473,False,-0.05417884878487744
67,13,0.0,4,control,0.27325458969999084,False,-0.048111960601733894
68,13,0.0,4,control,0.3821181485637969,False,0.06075159826207216
69,13,0.0,4,control,0.28121202532522294,True,-0.04015452497650179
70,13,0.0,4,control,0.43757008510709455,False,0.11620353480536982
71,13,0.0,4,control,0.19762272686023513,False,-0.1237438234414896
72,13,0.0,4,control,0.2208016506992104,True,-0.10056489960251433
73,13,0.0,4,control,0.12475905698893089,False,-0.19660749331279384
74,13,0.0,4,control,0.16850953410473504,True,-0.1528570161969897
75,13,0.0,4,control,0.22010336488886661,True,-0.10126318541285811
76,13,0.0,4,control,0.5173637623182781,False,0.19599721201655335
77,13,0.0,4,control,0.162803843315119,False,-0.15856270698660574
78,13,0.0,4,control,0.05131170365852424,False,-0.2700548466432005
1,14,0.0,4,control,0.5071316841784412,False,0.1857651338767165
2,14,0.0,4,control,0.3323935544473679,False,0.011027004145643171
3,14,0.0,4,control,0.20663345779278255,False,-0.11473309250894217
4,14,0.0,4,control,0.06491702696816862,True,-0.2564495233335561
5,14,0.0,4,control,0.09523274631278697,False,-0.22613380398893776
6,14,0.0,4,control,0.2583592759470273,False,-0.06300727435469744
7,14,0.0,4,control,0.1360024221466925,False,-0.18536412815503223
8,14,0.0,4,control,0.15308154128674056,False,-0.16828500901498417
9,14,0.0,4,control,0.22919154579514486,True,-0.09217500450657987
10,14,0.0,4,control,0.06360117994832244,False,-0.2577653703534023
11,14,0.0,4,control,0.28258538588233073,False,-0.038781164419394
12,14,0.0,4,control,0.43801276565168495,False,0.11664621534996023
13,14,0.0,4,control,0.13720840857850453,False,-0.1841581417232202
14,14,0.0,4,control,0.21583506221076237,False,-0.10553148809096236
15,14,0.0,4,control,0.16011402255937282,False,-0.1612525277423519
16,14,0.0,4,control,0.29950724051668765,False,-0.021859309785037084
17,14,0.0,4,control,0.4869699674125593,False,0.1656034171108346
18,14,0.0,4,control,0.44490366582853785,False,0.12353711552681312
19,14,0.0,4,control,0.19110920725234276,True,-0.13025734304938197
20,14,0.0,4,control,0.2894817620600455,True,-0.03188478824167923
21,14,0.0,4,control,0.33527583313622544,False,0.013909282834500714
22,14,0.0,4,control,0.03195013109596123,True,-0.2894164192057635
23,14,0.0,4,control,0.23819770669180373,True,-0.083168843609921
24,14,0.0,4,control,0.0918284267576649,False,-0.22953812354405984
25,14,0.0,4,control,0.08464398086038938,False,-0.23672256944133535
26,14,0.0,4,control,0.20418877361828258,False,-0.11717777668344215
27,14,0.0,4,control,0.078054098266554,False,-0.2433124520351707
28,14,0.0,4,control,0.30549976077064345,False,-0.015866789531081282
29,14,0.0,4,control,0.10629011228597307,True,-0.21507643801575166
30,14,0.0,4,control,0.48096181709947927,False,0.15959526679775454
31,14,0.0,4,control,0.11085978730050619,False,-0.21050676300121854
32,14,0.0,4,control,0.33381210351636365,True,0.012445553214638916
33,14,0.0,4,control,0.1711943898196823,False,-0.15017216048204243
34,14,0.0,4,control,0.44479137074096115,False,0.12342482043923642
35,14,0.0,4,control,0.17962904753718498,False,-0.14173750276453975
36,14,0.0,4,control,0.12763092548235971,False,-0.19373562481936502
37,14,0.0,4,control,0.20297639904870785,False,-0.11839015125301688
38,14,0.0,4,control,0.16953464592158182,False,-0.1518319043801429
39,14,0.0,4,control,0.07656972614171079,False,-0.24479682416001394
40,14,0.0,4,control,0.25014465972165845,False,-0.07122189058006628
41,14,0.0,4,control,0.3109256427469892,False,-0.010440907554735535
42,14,0.0,4,control,0.13896812315986434,False,-0.1823984271418604
43,14,0.0,4,control,0.11277455849691195,False,-0.20859199180481278
44,14,0.0,4,control,0.1352850841888021,False,-0.18608146611292262
45,14,0.0,4,control,0.36062315795814415,False,0.03925660765641942
46,14,0.0,4,control,0.11597620464526351,False,-0.20539034565646122
47,14,0.0,4,control,0.07639417372877659,False,-0.24497237657294813
48,14,0.0,4,control,0.18690227369424672,False,-0.134464276607478
49,14,0.0,4,control,0.06269080322154548,False,-0.25867574708017926
50,14,0.0,4,control,0.22540110863176643,False,-0.0959654416699583
51,14,0.0,4,control,0.2414402340513344,False,-0.07992631625039032
52,14,0.0,4,control,0.04378945131753422,False,-0.27757709898419053
53,14,0.0,4,control,0.06892673085551564,True,-0.2524398194462091
54,14,0.0,4,control,0.207366020393262,False,-0.11400052990846274
55,14,0.0,4,control,0.19924346182684402,False,-0.12212308847488071
56,14,0.0,4,control,0.08428576193090351,False,-0.23708078837082122
57,14,0.0,4,control,0.0722596154730581,False,-0.24910693482866664
58,14,0.0,4,control,0.13255179520405957,True,-0.18881475509766515
59,14,0.0,4,control,0.09134171540677036,False,-0.23002483489495437
60,14,0.0,4,control,0.293252748145574,False,-0.028113802156150725
61,14,0.0,4,control,0.06884369306953615,False,-0.2525228572321886
62,14,0.0,4,control,0.32006287113977094,False,-0.0013036791619537857
63,14,0.0,4,control,0.21241861940689946,False,-0.10894793089482527
64,14,0.0,4,control,0.07149203346885366,False,-0.24987451683287107
65,14,0.0,4,control,0.3877008624926121,False,0.06633431219088737
66,14,0.0,4,control,0.38036049891877466,False,0.05899394861704993
67,14,0.0,4,control,0.42821613516414825,True,0.10684958486242352
68,14,0.0,4,control,0.3672237532732632,False,0.04585720297153845
69,14,0.0,4,control,0.1595337513796664,False,-0.16183279892205832
70,14,0.0,4,control,0.3424709456745324,False,0.02110439537280767
71,14,0.0,4,control,0.1375134610376225,False,-0.18385308926410224
72,14,0.0,4,control,0.26839451299778266,False,-0.052972037303942066
73,14,0.0,4,control,0.08090184327348164,False,-0.24046470702824307
74,14,0.0,4,control,0.24594395647918726,False,-0.07542259382253746
75,14,0.0,4,control,0.5702342407090033,False,0.24886769040727857
76,14,0.0,4,control,0.4530349747365018,True,0.13166842443477705
77,14,0.0,4,control,0.1725185722080315,False,-0.14884797809369324
78,14,0.0,4,control,0.40389493527319154,False,0.0825283849714668
79,14,0.0,4,control,0.1458947581666791,True,-0.17547179213504563
1,15,0.0,4,control,0.5454977996123287,False,0.22413124931060396
2,15,0.0,4,control,0.6488462373589472,False,0.32747968705722247
3,15,0.0,4,control,0.248194996793558,False,-0.07317155350816673
4,15,0.0,4,control,0.5438071426343012,False,0.22244059233257646
5,15,0.0,4,control,0.22947692005121256,False,-0.09188963025051217
6,15,0.0,4,control,0.7141573331797211,False,0.39279078287799635
7,15,0.0,4,control,0.5277496876555028,False,0.20638313735377806
8,15,0.0,4,control,0.4618654346762687,False,0.140498884374544
9,15,0.0,4,control,0.4844324264361582,False,0.16306587613443346
10,15,0.0,4,control,0.6244915881906203,True,0.3031250378888956
11,15,0.0,4,control,0.4631789287107765,False,0.14181237840905175
12,15,0.0,4,control,0.6034983504488834,True,0.2821318001471587
13,15,0.0,4,control,0.51665274201056,False,0.19528619170883527
14,15,0.0,4,control,0.2760944121672383,False,-0.04527213813448644
15,15,0.0,4,control,0.6930269503990386,False,0.3716604000973139
16,15,0.0,4,control,0.45742622593610316,False,0.13605967563437843
17,15,0.0,4,control,0.570048498102389,False,0.24868194780066427
18,15,0.0,4,control,0.1792677924562987,False,-0.14209875784542603
19,15,0.0,4,control,0.7207299012468262,False,0.3993633509451015
20,15,0.0,4,control,0.3417194532024176,False,0.02035290290069286
21,15,0.0,4,control,0.4215023801714458,False,0.10013582986972108
22,15,0.0,4,control,0.4577218426473756,False,0.13635529234565086
23,15,0.0,4,control,0.7091498260483584,False,0.3877832757466337
24,15,0.0,4,control,0.12199650338350913,False,-0.19937004691821558
25,15,0.0,4,control,0.7145761337056404,False,0.3932095834039157
26,15,0.0,4,control,0.5026466609590472,False,0.18128011065732247
27,15,0.0,4,control,0.2447561181390537,False,-0.07661043216267102
28,15,0.0,4,control,0.45476628863034446,False,0.13339973832861973
29,15,0.0,4,control,0.3634971470835736,False,0.042130596781848884
30,15,0.0,4,control,0.4316240144769948,False,0.11025746417527005
31,15,0.0,4,control,0.46160898767730146,True,0.14024243737557673
32,15,0.0,4,control,0.2868577866612794,False,-0.034508763640445306
33,15,0.0,4,control,0.47619858414045363,True,0.1548320338387289
34,15,0.0,4,control,0.5517154450459916,False,0.23034889474426684
35,15,0.0,4,control,0.42049935628431945,False,0.09913280598259472
36,15,0.0,4,control,0.8095432568009704,False,0.48817670649924566
37,15,0.0,4,control,0.05776322194858734,False,-0.2636033283531374
38,15,0.0,4,control,0.4019260108657411,False,0.08055946056401636
39,15,0.0,4,control,0.35555993510642897,False,0.03419338480470424
40,15,0.0,4,control,0.3919733571905727,False,0.07060680688884796
41,15,0.0,4,control,0.5826655876904361,False,0.26129903738871135
42,15,0.0,4,control,0.8005303048142359,True,0.4791637545125112
43,15,0.0,4,control,0.7094326870315137,False,0.388066136729789
44,15,0.0,4,control,0.7559848355999578,False,0.43461828529823304
45,15,0.0,4,control,0.34295387584777864,False,0.021587325546053915
46,15,0.0,4,control,0.8003071912392297,True,0.47894064093750494
47,15,0.0,4,control,0.7720880467849744,False,0.4507214964832497
48,15,0.0,4,control,0.39932557426682813,False,0.0779590239651034
49,15,0.0,4,control,0.2042732741716983,False,-0.11709327613002643
50,15,0.0,4,control,0.5072829131199533,True,0.1859163628182286
51,15,0.0,4,control,0.5709942210106568,False,0.24962767070893205
52,15,0.0,4,control,0.6235663213318416,False,0.3021997710301169
53,15,0.0,4,control,0.5389453921006118,False,0.21757884179888703
54,15,0.0,4,control,0.6315095589265223,True,0.31014300862479754
55,15,0.0,4,control,0.616954296209937,False,0.2955877459082123
56,15,0.0,4,control,0.1769524719998027,True,-0.14441407830192202
57,15,0.0,4,control,0.534086475504053,False,0.21271992520232824
58,15,0.0,4,control,0.5701514716256675,False,0.24878492132394275
59,15,0.0,4,control,0.506352668232149,False,0.18498611793042424
60,15,0.0,4,control,0.6479568276523364,False,0.3265902773506117
61,15,0.0,4,control,0.37217872118371376,True,0.05081217088198903
62,15,0.0,4,control,0.26929600289147393,True,-0.0520705474102508
63,15,0.0,4,control,0.6351320718946779,False,0.3137655215929532
64,15,0.0,4,control,0.36889724133423557,False,0.04753069103251084
65,15,0.0,4,control,0.44023620903760097,False,0.11886965873587624
66,15,0.0,4,control,0.5642522404910754,False,0.24288569018935063
67,15,0.0,4,control,0.2600059510067463,False,-0.061360599294978446
68,15,0.0,4,control,0.7877150744135397,False,0.466348524111815
69,15,0.0,4,control,0.43333032519352593,False,0.1119637748918012
70,15,0.0,4,control,0.4095913026915946,False,0.08822475238986988
71,15,0.0,4,control,0.5335629244335532,True,0.2121963741318285
72,15,0.0,4,control,0.43056698992892084,False,0.10920043962719611
1,16,0.0,4,control,0.37820781258957387,False,0.05684126228784914
2,16,0.0,4,control,0.7989163994170696,False,0.47754984911534487
3,16,0.0,4,control,0.6909189548696376,False,0.3695524045679129
4,16,0.0,4,control,0.48448865334958774,False,0.163122103047863
5,16,0.0,4,control,0.6283195372160123,True,0.3069529869142876
6,16,0.0,4,control,0.26471805245208635,False,-0.05664849784963838
7,16,0.0,4,control,0.6676958849248917,True,0.346329334623167
8,16,0.0,4,control,0.7660810294376457,False,0.44471447913592094
9,16,0.0,4,control,0.7150075469282161,False,0.3936409966264914
10,16,0.0,4,control,0.4213507049403719,False,0.09998415463864718
11,16,0.0,4,control,0.37506251628757975,False,0.05369596598585502
12,16,0.0,4,control,0.48152006806667114,False,0.1601535177649464
13,16,0.0,4,control,0.5730573658744055,True,0.25169081557268075
14,16,0.0,4,control,0.6146466633057568,False,0.29328011300403206
15,16,0.0,4,control,0.2444436661521392,False,-0.07692288414958554
16,16,0.0,4,control,0.816748853864957,False,0.49538230356323226
17,16,0.0,4,control,0.3215534398303769,False,0.00018688952865214548
18,16,0.0,4,control,0.6689400450658758,False,0.34757349476415106
19,16,0.0,4,control,0.4575577597909682,False,0.13619120948924346
20,16,0.0,4,control,0.17311032322751202,False,-0.1482562270742127
21,16,0.0,4,control,0.5358604046756789,False,0.21449385437395413
22,16,0.0,4,control,0.41236515724118644,True,0.09099860693946171
23,16,0.0,4,control,0.5341306611719008,True,0.21276411087017605
24,16,0.0,4,control,0.43703188101647295,False,0.11566533071474822
25,16,0.0,4,control,0.4639271894760144,False,0.14256063917428968
26,16,0.0,4,control,0.43797995245449944,True,0.11661340215277471
27,16,0.0,4,control,0.6280244504637424,True,0.3066579001620177
28,16,0.0,4,control,0.479486578373259,False,0.15812002807153425
29,16,0.0,4,control,0.3721477795300029,False,0.05078122922827816
30,16,0.0,4,control,0.6819519859508546,False,0.36058543564912987
31,16,0.0,4,control,0.6587475638462363,False,0.3373810135445116
32,16,0.0,4,control,0.6737923109353755,False,0.3524257606336508
33,16,0.0,4,control,0.6775685573163124,True,0.35620200701458765
34,16,0.0,4,control,0.6015343400485813,False,0.2801677897468566
35,16,0.0,4,control,0.42192607381956926,True,0.10055952351784453
36,16,0.0,4,control,0.607876842705996,False,0.2865102924042712
37,16,0.0,4,control,0.3616700093286421,False,0.04030345902691734
38,16,0.0,4,control,0.6104299250032418,False,0.28906337470151705
39,16,0.0,4,control,0.6746287559286158,False,0.3532622056268911
40,16,0.0,4,control,0.5994021526611413,False,0.27803560235941654
41,16,0.0,4,control,0.6812909305739974,True,0.35992438027227264
42,16,0.0,4,control,0.19331256275224523,True,-0.1280539875494795
43,16,0.0,4,control,0.633629735035641,False,0.3122631847339163
44,16,0.0,4,control,0.345380116499301,False,0.024013566197576275
45,16,0.0,4,control,0.8357336122083131,True,0.5143670619065883
46,16,0.0,4,control,0.6929398977422841,True,0.3715733474405594
47,16,0.0,4,control,0.4620042023610148,False,0.14063765205929007
48,16,0.0,4,control,0.33782350966808783,False,0.0164569593663631
49,16,0.0,4,control,0.5719514658086948,False,0.2505849155069701
50,16,0.0,4,control,0.624168516987839,False,0.3028019666861143
51,16,0.0,4,control,0.7137703664712737,False,0.39240381616954895
1,17,0.0,4,control,0.09957111896647164,False,-0.2217954313352531
2,17,0.0,4,control,0.6767470381755567,False,0.355380487873832
3,17,0.0,4,control,0.47381986107130813,False,0.1524533107695834
4,17,0.0,4,control,0.2731363129868066,False,-0.048230237314918156
5,17,0.0,4,control,0.5066437933909173,False,0.18527724308919252
6,17,0.0,4,control,0.3315459887658835,False,0.010179438464158752
7,17,0.0,4,control,0.37895606023106226,True,0.057589509929337535
8,17,0.0,4,control,0.42913074629255316,True,0.10776419599082843
9,17,0.0,4,control,0.35235382879317073,True,0.030987278491446002
10,17,0.0,4,control,0.18230647890276905,False,-0.13906007139895568
11,17,0.0,4,control,0.17157322672654868,True,-0.14979332357517605
12,17,0.0,4,control,0.5941357287045352,False,0.2727691784028105
13,17,0.0,4,control,0.2536639002797446,True,-0.06770265002198012
14,17,0.0,4,control,0.18364548218491183,True,-0.1377210681168129
15,17,0.0,4,control,0.502508733383667,False,0.18114218308194224
16,17,0.0,4,control,0.37107386894246197,False,0.04970731864073724
17,17,0.0,4,control,0.19594000479041976,True,-0.12542654551130497
18,17,0.0,4,control,0.27182722354962674,False,-0.04953932675209799
19,17,0.0,4,control,0.3719819053767199,False,0.05061535507499515
20,17,0.0,4,control,0.13914868520238402,True,-0.1822178650993407
21,17,0.0,4,control,0.40466205884319406,True,0.08329550854146933
22,17,0.0,4,control,0.20756971931500895,False,-0.11379683098671578
23,17,0.0,4,control,0.19794777118871254,False,-0.12341877911301219
24,17,0.0,4,control,0.3032687111583814,True,-0.01809783914334334
25,17,0.0,4,control,0.2277195395726998,False,-0.09364701072902493
26,17,0.0,4,control,0.1917937151872286,True,-0.12957283511449613
27,17,0.0,4,control,0.3751007593583945,False,0.05373420905666976
28,17,0.0,4,control,0.28620523749988835,False,-0.035161312801836375
29,17,0.0,4,control,0.3599255754774774,False,0.03855902517575266
30,17,0.0,4,control,0.2549655020227958,False,-0.06640104827892895
31,17,0.0,4,control,0.4591167823328526,True,0.13775023203112785
32,17,0.0,4,control,0.21468324731909502,False,-0.10668330298262971
33,17,0.0,4,control,0.2882027515326924,False,-0.033163798769032304
34,17,0.0,4,control,0.37394276716625546,False,0.052576216864530734
35,17,0.0,4,control,0.3632850345812579,False,0.04191848427953315
36,17,0.0,4,control,0.904398808337681,True,0.5830322580359564
37,17,0.0,4,control,0.5760018416396309,False,0.25463529133790613
38,17,0.0,4,control,0.6931748610309059,False,0.37180831072918114
39,17,0.0,4,control,0.2613304320663226,False,-0.060036118235402114
40,17,0.0,4,control,0.8608025242230081,True,0.5394359739212833
41,17,0.0,4,control,0.6923993362831842,True,0.37103278598145945
42,17,0.0,4,control,0.6558648958507532,False,0.3344983455490285
43,17,0.0,4,control,0.7247971056937258,False,0.40343055539200107
44,17,0.0,4,control,0.33735663770273766,False,0.01599008740101293
45,17,0.0,4,control,0.5893669919558848,False,0.2680004416541601
1,18,0.0,4,control,0.37190013210965245,True,0.05053358180792772
2,18,0.0,4,control,0.8495954021365464,True,0.5282288518348217
3,18,0.0,4,control,0.8074560555445215,True,0.48608950524279676
4,18,0.0,4,control,0.5426783214341584,False,0.22131177113243367
5,18,0.0,4,control,0.8588295598285918,True,0.5374630095268671
6,18,0.0,4,control,0.5273901107064903,False,0.2060235604047656
7,18,0.0,4,control,0.657204594807483,False,0.3358380445057582
8,18,0.0,4,control,0.5109414665701195,False,0.1895749162683948
9,18,0.0,4,control,0.48465909464199325,False,0.16329254434026852
10,18,0.0,4,control,0.36229734612859027,False,0.04093079582686554
11,18,0.0,4,control,0.7992469319955965,True,0.47788038169387176
12,18,0.0,4,control,0.7692488490675317,False,0.44788229876580693
13,18,0.0,4,control,0.24246645586412238,False,-0.07890009443760235
14,18,0.0,4,control,0.8000895139649883,False,0.47872296366326356
15,18,0.0,4,control,0.20968261478554137,True,-0.11168393551618336
16,18,0.0,4,control,0.6304369566950403,True,0.30907040639331557
17,18,0.0,4,control,0.5360189284498548,False,0.21465237814813004
18,18,0.0,4,control,0.5141880745898435,False,0.19282152428811877
19,18,0.0,4,control,0.2719974766734753,False,-0.04936907362824944
20,18,0.0,4,control,0.5872298945999436,False,0.26586334429821884
21,18,0.0,4,control,0.4770198788554879,True,0.15565332855376318
22,18,0.0,4,control,0.24391884497178432,False,-0.07744770532994041
23,18,0.0,4,control,0.5310639089665223,False,0.2096973586647976
24,18,0.0,4,control,0.8343842187657706,False,0.513017668464046
25,18,0.0,4,control,0.6179944015710969,False,0.29662785126937213
26,18,0.0,4,control,0.35019172179614577,False,0.028825171494421042
27,18,0.0,4,control,0.558031257711679,False,0.23666470740995432
28,18,0.0,4,control,0.5677376352236083,False,0.2463710849218836
29,18,0.0,4,control,0.8102765920779629,False,0.48891004177623815
30,18,0.0,4,control,0.6312202485114944,False,0.30985369820976966
31,18,0.0,4,control,0.5527376180608818,False,0.2313710677591571
32,18,0.0,4,control,0.7006272726104223,False,0.3792607223086976
33,18,0.0,4,control,0.6222999390408942,False,0.30093338873916947
34,18,0.0,4,control,0.7548262212969854,False,0.43345967099526067
35,18,0.0,4,control,0.4973287089575118,False,0.17596215865578707
36,18,0.0,4,control,0.47267338795445807,False,0.15130683765273334
1,19,0.0,4,control,0.37370843239093626,True,0.05234188208921153
2,19,0.0,4,control,0.687304052201263,False,0.3659375018995383
3,19,0.0,4,control,0.6617171680024028,False,0.34035061770067804
4,19,0.0,4,control,0.5260712441038263,False,0.2047046938021016
5,19,0.0,4,control,0.0815304264350964,True,-0.23983612386662834
6,19,0.0,4,control,0.4975390888504362,True,0.17617253854871145
7,19,0.0,4,control,0.6331372876190442,False,0.31177073731731947
8,19,0.0,4,control,0.6545639504979496,False,0.33319740019622485
9,19,0.0,4,control,0.28461672316121306,False,-0.03674982714051167
10,19,0.0,4,control,0.4865232401679912,True,0.16515668986626647
11,19,0.0,4,control,0.5633691786165201,False,0.2420026283147954
12,19,0.0,4,control,0.282107836743514,False,-0.039258713558210756
13,19,0.0,4,control,0.4012666530449799,False,0.07990010274325515
14,19,0.0,4,control,0.48809638064083394,False,0.1667298303391092
15,19,0.0,4,control,0.3453580958834806,False,0.02399154558175587
16,19,0.0,4,control,0.23223714962885947,False,-0.08912940067286526
17,19,0.0,4,control,0.33926475769575964,False,0.017898207394034915
18,19,0.0,4,control,0.39885418595057665,False,0.07748763564885192
19,19,0.0,4,control,0.37151352678920035,False,0.050146976487475625
20,19,0.0,4,control,0.5885559580296027,False,0.26718940772787797
21,19,0.0,4,control,0.33272033847960814,False,0.011353788177883406
22,19,0.0,4,control,0.4653717017254969,False,0.14400515142377218
23,19,0.0,4,control,0.3790767176981845,False,0.05771016739645979
24,19,0.0,4,control,0.49793718426984385,False,0.17657063396811912
25,19,0.0,4,control,0.16425927517759975,False,-0.15710727512412498
26,19,0.0,4,control,0.34349862207073534,True,0.02213207176901061
27,19,0.0,4,control,0.49500261222193587,False,0.17363606192021114
28,19,0.0,4,control,0.6415063132671477,False,0.32013976296542296
29,19,0.0,4,control,0.6608358705272069,False,0.3394693202254822
30,19,0.0,4,control,0.5355159453517537,True,0.214149395050029
31,19,0.0,4,control,0.471510916274299,False,0.15014436597257425
32,19,0.0,4,control,0.4709921233905231,True,0.14962557308879837
33,19,0.0,4,control,0.33822178306394535,False,0.016855232762220618
34,19,0.0,4,control,0.7563862143705096,True,0.43501966406878484
35,19,0.0,4,control,0.4401393539093033,False,0.11877280360757858
1,2,0.0,4,control,0.04815788271148602,False,-0.2732086675902387
2,2,0.0,4,control,0.28136680799456093,False,-0.0399997423071638
3,2,0.0,4,control,0.2365930677951292,False,-0.08477348250659553
4,2,0.0,4,control,0.24891702799769524,False,-0.07244952230402948
5,2,0.0,4,control,0.4808497767398105,False,0.15948322643808577
6,2,0.0,4,control,0.3541816951398407,True,0.032815144838115984
7,2,0.0,4,control,0.5064353759879335,False,0.1850688256862088
8,2,0.0,4,control,0.655230839258217,False,0.3338642889564923
9,2,0.0,4,control,0.2626969830992349,True,-0.058669567202489836
10,2,0.0,4,control,0.05979807963499826,False,-0.26156847066672645
11,2,0.0,4,control,0.10874640682083951,False,-0.2126201434808852
12,2,0.0,4,control,0.17966009311381897,True,-0.14170645718790575
13,2,0.0,4,control,0.08958284994419914,False,-0.2317837003575256
14,2,0.0,4,control,0.0717725532053877,False,-0.24959399709633703
15,2,0.0,4,control,0.4544812955288009,False,0.13311474522707617
16,2,0.0,4,control,0.23156013341831586,False,-0.08980641688340887
17,2,0.0,4,control,0.4790923423529822,False,0.15772579205125747
18,2,0.0,4,control,0.3137114862308444,False,-0.007655064070880346
19,2,0.0,4,control,0.35303677636244607,False,0.03167022606072134
20,2,0.0,4,control,0.18236352259961078,False,-0.13900302770211395
21,2,0.0,4,control,0.17432012420392498,False,-0.14704642609779975
22,2,0.0,4,control,0.5286792531560023,False,0.20731270285427755
23,2,0.0,4,control,0.05178545814257503,False,-0.2695810921591497
24,2,0.0,4,control,0.28961782669517666,False,-0.03174872360654807
25,2,0.0,4,control,0.48463451449268125,False,0.16326796419095652
26,2,0.0,4,control,0.3380080252881898,False,0.016641474986465066
27,2,0.0,4,control,0.2341260338646019,True,-0.08724051643712283
28,2,0.0,4,control,0.3792384316936587,True,0.057871881391933944
29,2,0.0,4,control,0.2889976930911705,False,-0.032368857210554214
30,2,0.0,4,control,0.4791039226239535,True,0.15773737232222879
31,2,0.0,4,control,0.4666210173270494,True,0.14525446702532469
32,2,0.0,4,control,0.21950916984769134,True,-0.10185738045403339
33,2,0.0,4,control,0.45114441477840206,False,0.12977786447667733
34,2,0.0,4,control,0.20959982936062937,False,-0.11176672094109535
35,2,0.0,4,control,0.1771467695426841,True,-0.14421978075904063
36,2,0.0,4,control,0.008024779124040315,False,-0.3133417711776844
1,20,0.0,4,control,0.8567932526694101,True,0.5354267023676853
2,20,0.0,4,control,0.3089228989955837,False,-0.012443651306141057
3,20,0.0,4,control,0.8385934736746894,False,0.5172269233729647
4,20,0.0,4,control,0.5265715382273328,False,0.2052049879256081
5,20,0.0,4,control,0.6750857367794699,True,0.3537191864777452
6,20,0.0,4,control,0.610653499871804,False,0.2892869495700792
7,20,0.0,4,control,0.4119092451705916,True,0.09054269486886685
8,20,0.0,4,control,0.7448756671389313,False,0.42350911683720655
9,20,0.0,4,control,0.7992235689313333,False,0.47785701862960855
10,20,0.0,4,control,0.09120470327137761,True,-0.23016184703034712
11,20,0.0,4,control,0.2346543931339579,False,-0.08671215716776684
12,20,0.0,4,control,0.7221901903180403,False,0.4008236400163156
13,20,0.0,4,control,0.3316465521667914,False,0.010280001865066668
14,20,0.0,4,control,0.7527309477660333,False,0.4313643974643086
15,20,0.0,4,control,0.5539438405368164,False,0.23257729023509172
16,20,0.0,4,control,0.7704234609308667,False,0.44905691062914194
17,20,0.0,4,control,0.6667692634557074,False,0.3454027131539827
18,20,0.0,4,control,0.4980832740058208,True,0.17671672370409608
19,20,0.0,4,control,0.5838569236688176,True,0.26249037336709286
20,20,0.0,4,control,0.7869869292821049,False,0.46562037898038017
21,20,0.0,4,control,0.9055467139324836,True,0.5841801636307589
22,20,0.0,4,control,0.8496711639414457,False,0.5283046136397209
23,20,0.0,4,control,0.824996368596096,False,0.5036298182943713
24,20,0.0,4,control,0.5141487850210287,True,0.19278223471930395
25,20,0.0,4,control,0.7194463922997365,True,0.3980798419980118
26,20,0.0,4,control,0.2919899767768886,False,-0.029376573524836136
27,20,0.0,4,control,0.5695061330089184,False,0.24813958270719366
28,20,0.0,4,control,0.674883770222655,False,0.35351721992093027
29,20,0.0,4,control,0.4439695517912927,True,0.12260300148956799
30,20,0.0,4,control,0.7753142389177243,True,0.4539476886159996
31,20,0.0,4,control,0.41623955471159435,False,0.09487300440986962
32,20,0.0,4,control,0.8842884470056553,False,0.5629218967039307
1,3,0.0,4,control,0.5639393937797238,False,0.24257284347799907
2,3,0.0,4,control,0.1747452515644215,True,-0.14662129873730323
3,3,0.0,4,control,0.26271405768347594,False,-0.058652492618248786
4,3,0.0,4,control,0.013319721286120445,False,-0.30804682901560426
5,3,0.0,4,control,0.1739433047071301,True,-0.14742324559459463
6,3,0.0,4,control,0.11901986299712024,False,-0.20234668730460448
7,3,0.0,4,control,0.025233973508784223,False,-0.2961325767929405
8,3,0.0,4,control,0.1721943526314042,False,-0.14917219767032053
9,3,0.0,4,control,0.19801148086223958,False,-0.12335506943948515
10,3,0.0,4,control,0.16732017107131453,False,-0.1540463792304102
11,3,0.0,4,control,0.645691560814958,False,0.3243250105132333
12,3,0.0,4,control,0.2017121637508891,False,-0.11965438655083563
13,3,0.0,4,control,0.09673470381512794,True,-0.2246318464865968
14,3,0.0,4,control,0.08282663596627729,False,-0.23853991433544744
15,3,0.0,4,control,0.12052779077403201,False,-0.2008387595276927
16,3,0.0,4,control,0.3436381629219992,False,0.022271612620274495
17,3,0.0,4,control,0.22186097152561324,False,-0.09950557877611149
18,3,0.0,4,control,0.17225608816959267,False,-0.14911046213213205
19,3,0.0,4,control,0.29798638401388033,True,-0.023380166287844395
20,3,0.0,4,control,0.13193475724908146,True,-0.18943179305264327
21,3,0.0,4,control,0.2155352858092579,False,-0.10583126449246683
1,4,0.0,4,control,0.7412254090811597,False,0.419858858779435
2,4,0.0,4,control,0.43772403769392654,False,0.11635748739220181
3,4,0.0,4,control,0.7891802260752817,False,0.467813675773557
4,4,0.0,4,control,0.3413719395593783,False,0.02000538925765355
5,4,0.0,4,control,0.08368339444575201,False,-0.23768315585597272
6,4,0.0,4,control,0.4588345669445781,False,0.13746801664285335
7,4,0.0,4,control,0.6701508417013692,False,0.34878429139964445
8,4,0.0,4,control,0.44909676605620164,False,0.1277302157544769
9,4,0.0,4,control,0.07172527303067829,False,-0.24964127727104646
10,4,0.0,4,control,0.2863795355990647,False,-0.034987014702660024
11,4,0.0,4,control,0.5235116688486352,False,0.20214511854691047
12,4,0.0,4,control,0.7293005995894141,False,0.40793404928768934
13,4,0.0,4,control,0.4813938932151321,True,0.16002734291340737
14,4,0.0,4,control,0.4631141541881303,False,0.14174760388640556
15,4,0.0,4,control,0.4583398714223291,False,0.1369733211206044
16,4,0.0,4,control,0.39239140762535685,False,0.07102485732363212
17,4,0.0,4,control,0.835444514214846,False,0.5140779639131212
18,4,0.0,4,control,0.33700131550982076,False,0.015634765208096035
19,4,0.0,4,control,0.5788248683574717,True,0.257458318055747
20,4,0.0,4,control,0.5470642165857628,False,0.22569766628403803
21,4,0.0,4,control,0.674866342536608,True,0.3534997922348833
22,4,0.0,4,control,0.8220773936824741,True,0.5007108433807494
23,4,0.0,4,control,0.5303048189938308,False,0.20893826869210602
24,4,0.0,4,control,0.1542006636141165,False,-0.16716588668760823
25,4,0.0,4,control,0.7636171336682679,False,0.44225058336654316
26,4,0.0,4,control,0.5974820613721906,False,0.2761155110704659
27,4,0.0,4,control,0.3927105977262514,True,0.07134404742452666
1,5,0.0,4,control,0.565753790715855,False,0.24438724041413024
2,5,0.0,4,control,0.5429071716631475,False,0.22154062136142277
3,5,0.0,4,control,0.6418679021847897,True,0.320501351883065
4,5,0.0,4,control,0.3756291359007519,False,0.05426258559902719
5,5,0.0,4,control,0.6647962193806569,False,0.3434296690789322
6,5,0.0,4,control,0.6075283920571124,True,0.28616184175538767
7,5,0.0,4,control,0.6624447329417935,False,0.3410781826400688
8,5,0.0,4,control,0.159081121688844,False,-0.16228542861288073
9,5,0.0,4,control,0.6658187176422459,False,0.34445216734052114
10,5,0.0,4,control,0.6892394412348228,False,0.3678728909330981
11,5,0.0,4,control,0.2877352338841452,True,-0.03363131641757955
12,5,0.0,4,control,0.2421883671475719,False,-0.07917818315415284
13,5,0.0,4,control,0.742028610530215,True,0.42066206022849023
14,5,0.0,4,control,0.6774557819239283,False,0.3560892316222036
15,5,0.0,4,control,0.34695472469710936,True,0.025588174395384633
16,5,0.0,4,control,0.6495018078165283,False,0.3281352575148036
17,5,0.0,4,control,0.2991943052616352,True,-0.022172245040089522
18,5,0.0,4,control,0.8369848556859216,False,0.515618305384197
19,5,0.0,4,control,0.23216114915193656,False,-0.08920540114978817
20,5,0.0,4,control,0.36081588003551585,False,0.039449329733791116
21,5,0.0,4,control,0.30647677554252767,True,-0.01488977475919706
22,5,0.0,4,control,0.06624189587991931,False,-0.25512465442180543
23,5,0.0,4,control,0.6534666478379157,False,0.332100097536191
24,5,0.0,4,control,0.16249487856063935,False,-0.15887167174108538
25,5,0.0,4,control,0.06756381010591153,False,-0.25380274019581317
26,5,0.0,4,control,0.48748203118306055,False,0.16611548088133582
27,5,0.0,4,control,0.7095457900599257,False,0.38817923975820096
28,5,0.0,4,control,0.13879994081477715,False,-0.18256660948694758
29,5,0.0,4,control,0.11649126794242529,False,-0.20487528235929944
30,5,0.0,4,control,0.6585966361714087,False,0.337230085869684
31,5,0.0,4,control,0.36307067639598906,True,0.04170412609426433
32,5,0.0,4,control,0.3478712240014091,False,0.026504673699684345
1,6,0.0,4,control,0.2421724789292563,True,-0.07919407137246842
2,6,0.0,4,control,0.3978124686376961,True,0.07644591833597136
3,6,0.0,4,control,0.7854340324081285,False,0.46406748210640375
4,6,0.0,4,control,0.21342051589561767,False,-0.10794603440610706
5,6,0.0,4,control,0.17453752504881256,True,-0.14682902525291217
6,6,0.0,4,control,0.2664686886176343,False,-0.05489786168409044
7,6,0.0,4,control,0.19266774359426048,False,-0.12869880670746425
8,6,0.0,4,control,0.18383419292760056,False,-0.13753235737412417
9,6,0.0,4,control,0.3225169949778529,True,0.0011504446761281817
10,6,0.0,4,control,0.47121685569446947,True,0.14985030539274474
11,6,0.0,4,control,0.2408757630026593,False,-0.08049078729906542
12,6,0.0,4,control,0.27348603815951666,True,-0.047880512142208065
13,6,0.0,4,control,0.13390710129764988,False,-0.18745944900407485
14,6,0.0,4,control,0.49705993108161345,True,0.17569338077988872
15,6,0.0,4,control,0.33463582032705114,True,0.013269270025326407
16,6,0.0,4,control,0.22369866662729326,True,-0.09766788367443147
17,6,0.0,4,control,0.6262148224954798,False,0.30484827219375504
18,6,0.0,4,control,0.35476401907311517,False,0.03339746877139044
19,6,0.0,4,control,0.8093379803468709,True,0.48797143004514615
20,6,0.0,4,control,0.2538567646960543,False,-0.06750978560567045
21,6,0.0,4,control,0.5128154670789776,False,0.1914489167772529
22,6,0.0,4,control,0.15369405442790296,True,-0.16767249587382177
23,6,0.0,4,control,0.1425718819593595,True,-0.17879466834236524
24,6,0.0,4,control,0.3653983005482078,False,0.04403175024648309
25,6,0.0,4,control,0.22292353247749572,False,-0.09844301782422901
26,6,0.0,4,control,0.4825896908857598,False,0.16122314058403509
27,6,0.0,4,control,0.33943583890384393,False,0.018069288602119205
28,6,0.0,4,control,0.6641801262928712,False,0.3428135759911464
1,7,0.0,4,control,0.1237060229734114,False,-0.19766052732831332
2,7,0.0,4,control,0.11808445110768706,False,-0.20328209919403767
3,7,0.0,4,control,0.14720995034525552,True,-0.1741565999564692
4,7,0.0,4,control,0.13640335847550483,False,-0.1849631918262199
5,7,0.0,4,control,0.07316699783842977,False,-0.24819955246329495
6,7,0.0,4,control,0.12901423195865938,False,-0.19235231834306535
7,7,0.0,4,control,0.20720254961015697,False,-0.11416400069156776
8,7,0.0,4,control,0.2015330391497107,False,-0.11983351115201402
9,7,0.0,4,control,0.6105217702353968,False,0.28915521993367205
10,7,0.0,4,control,0.15807528933962428,False,-0.16329126096210045
11,7,0.0,4,control,0.14616537738483826,True,-0.17520117291688647
12,7,0.0,4,control,0.47293174442414837,False,0.15156519412242364
13,7,0.0,4,control,0.05065003905893821,False,-0.2707165112427865
14,7,0.0,4,control,0.019433826522152954,False,-0.30193272377957175
15,7,0.0,4,control,0.10726051815676571,True,-0.21410603214495902
16,7,0.0,4,control,0.11315216998944166,False,-0.20821438031228306
17,7,0.0,4,control,0.08576633082441065,False,-0.23560021947731408
18,7,0.0,4,control,0.1728734978254028,True,-0.14849305247632194
19,7,0.0,4,control,0.04898768977768923,False,-0.2723788605240355
20,7,0.0,4,control,0.34329156121603366,False,0.02192501091430893
21,7,0.0,4,control,0.20487060698526066,False,-0.11649594331646407
22,7,0.0,4,control,0.157871403920609,False,-0.16349514638111573
23,7,0.0,4,control,0.3159474793547621,False,-0.005419070946962645
24,7,0.0,4,control,0.10314261413500063,False,-0.2182239361667241
25,7,0.0,4,control,0.16821842074765528,False,-0.15314812955406945
26,7,0.0,4,control,0.31762371727296307,False,-0.0037428330287616607
27,7,0.0,4,control,0.32119310587096506,True,-0.00017344443075967275
28,7,0.0,4,control,0.16157868436291964,False,-0.1597878659388051
29,7,0.0,4,control,0.20586597446644098,False,-0.11550057583528375
30,7,0.0,4,control,0.5162914344446724,False,0.19492488414294767
31,7,0.0,4,control,0.06765488793583485,False,-0.2537116623658899
32,7,0.0,4,control,0.31612743428680734,False,-0.005239116014917389
33,7,0.0,4,control,0.3010341128167853,True,-0.020332437484939403
34,7,0.0,4,control,0.18899469335511634,False,-0.13237185694660838
1,8,0.0,4,control,0.21168105616072977,False,-0.10968549414099496
2,8,0.0,4,control,0.4322282874970725,False,0.11086173719534775
3,8,0.0,4,control,0.38902023037477146,False,0.06765368007304673
4,8,0.0,4,control,0.2053235858650538,True,-0.11604296443667092
5,8,0.0,4,control,0.16059510799278973,True,-0.160771442308935
6,8,0.0,4,control,0.09966446086980447,True,-0.22170208943192027
7,8,0.0,4,control,0.16867715906851635,True,-0.15268939123320838
8,8,0.0,4,control,0.11445378025946754,False,-0.2069127700422572
9,8,0.0,4,control,0.46654981873959933,False,0.1451832684378746
10,8,0.0,4,control,0.18820956809030676,False,-0.13315698221141797
11,8,0.0,4,control,0.31158613490413856,False,-0.009780415397586173
12,8,0.0,4,control,0.09267763350211507,False,-0.22868891679960968
13,8,0.0,4,control,0.3847838360406144,True,0.06341728573888966
14,8,0.0,4,control,0.3334618953680818,False,0.012095345066357066
15,8,0.0,4,control,0.059584772855239485,False,-0.26178177744648523
16,8,0.0,4,control,0.010950942758760785,False,-0.31041560754296393
17,8,0.0,4,control,0.16190944956426262,False,-0.1594571007374621
18,8,0.0,4,control,0.24332838390894204,False,-0.07803816639278269
19,8,0.0,4,control,0.1479502055661846,True,-0.17341634473554013
20,8,0.0,4,control,0.0863903838151995,True,-0.23497616648652522
21,8,0.0,4,control,0.19176272499185704,False,-0.1296038253098677
22,8,0.0,4,control,0.05839886838550425,False,-0.2629676819162205
23,8,0.0,4,control,0.06428967544046209,True,-0.2570768748612626
24,8,0.0,4,control,0.20195636839475933,False,-0.1194101819069654
25,8,0.0,4,control,0.13642848407867297,True,-0.18493806622305176
26,8,0.0,4,control,0.18176593467519095,False,-0.13960061562653378
27,8,0.0,4,control,0.10960528893678963,True,-0.21176126136493512
28,8,0.0,4,control,0.2278346084637377,False,-0.09353194183798702
29,8,0.0,4,control,0.48934831965998227,False,0.16798176935825754
30,8,0.0,4,control,0.13399180069792263,False,-0.1873747496038021
31,8,0.0,4,control,0.07193787812267542,True,-0.2494286721790493
32,8,0.0,4,control,0.4232226233997246,False,0.10185607309799988
33,8,0.0,4,control,0.26773552330864653,True,-0.0536310269930782
34,8,0.0,4,control,0.07488099611626006,True,-0.24648555418546467
35,8,0.0,4,control,0.4296666446242803,False,0.10830009432255555
1,9,0.0,4,control,0.04254807673307972,False,-0.27881847356864503
2,9,0.0,4,control,0.03928218626837117,True,-0.2820843640333536
3,9,0.0,4,control,0.03955455080297239,False,-0.28181199949875235
4,9,0.0,4,control,0.17060883433375537,True,-0.15075771596796936
5,9,0.0,4,control,0.237754957640239,False,-0.08361159266148574
6,9,0.0,4,control,0.12750124996066234,False,-0.1938653003410624
7,9,0.0,4,control,0.10393877916466014,False,-0.21742777113706457
8,9,0.0,4,control,0.24817977450661105,True,-0.07318677579511368
9,9,0.0,4,control,0.0738399375938142,False,-0.24752661270791054
10,9,0.0,4,control,0.2210177184034238,True,-0.10034883189830093
11,9,0.0,4,control,0.7993475721083597,False,0.477981021806635
12,9,0.0,4,control,0.143234409973634,False,-0.17813214032809072
13,9,0.0,4,control,0.5491308798252467,True,0.22776432952352194
14,9,0.0,4,control,0.16675053688508126,True,-0.15461601341664347
15,9,0.0,4,control,0.2546677052871608,False,-0.06669884501456391
16,9,0.0,4,control,0.25320371630766025,False,-0.06816283399406448
17,9,0.0,4,control,0.023907439525443143,False,-0.29745911077628157
18,9,0.0,4,control,0.27880005242519684,True,-0.04256649787652789
19,9,0.0,4,control,0.2000476835125251,False,-0.12131886678919962
20,9,0.0,4,control,0.2629503692127678,True,-0.05841618108895691
21,9,0.0,4,control,0.002466037199985216,True,-0.3189005131017395
22,9,0.0,4,control,0.11195336031192145,False,-0.2094131899898033
23,9,0.0,4,control,0.05042698235296446,False,-0.2709395679487603
24,9,0.0,4,control,0.8310586205601449,False,0.5096920702584202
25,9,0.0,4,control,0.12306411844788805,True,-0.19830243185383667
26,9,0.0,4,control,0.21644977268571436,True,-0.10491677761601037
27,9,0.0,4,control,0.07186355120492909,False,-0.24950299909679563
28,9,0.0,4,control,0.03596919465243731,True,-0.2853973556492874
29,9,0.0,4,control,0.06797980000098228,True,-0.2533867503007424
30,9,0.0,4,control,0.14320414067434312,True,-0.1781624096273816
31,9,0.0,4,control,0.07155965167790543,False,-0.2498068986238193
32,9,0.0,4,control,0.0885672674329685,False,-0.23279928286875623
33,9,0.0,4,control,0.11267291581047298,False,-0.20869363449125175
34,9,0.0,4,control,0.09266706068672474,False,-0.22869948961499997
35,9,0.0,4,control,0.04778304055989731,True,-0.27358350974182744
36,9,0.0,4,control,0.23905509371357928,True,-0.08231145658814545
37,9,0.0,4,control,0.3494470903727572,True,0.028080540071032445
38,9,0.0,4,control,0.030977811987804294,False,-0.2903887383139204
39,9,0.0,4,control,0.0653114942060536,True,-0.25605505609567114
40,9,0.0,4,control,0.2021547956599421,False,-0.11921175464178263
41,9,0.0,4,control,0.017593062781503944,False,-0.30377348752022076
42,9,0.0,4,control,0.04132606917032098,False,-0.28004048113140373
43,9,0.0,4,control,0.15208155188501732,False,-0.1692849984167074
44,9,0.0,4,control,0.05858496433448248,True,-0.26278158596724227
45,9,0.0,4,control,0.1555968340747052,True,-0.16576971622701953
46,9,0.0,4,control,0.09450020010474199,False,-0.22686635019698276
47,9,0.0,4,control,0.05021204158610073,False,-0.271154508715624
48,9,0.0,4,control,0.07467589112352127,False,-0.24669065917820346
49,9,0.0,4,control,0.02140330758498965,True,-0.2999632427167351
50,9,0.0,4,control,0.08857236980630916,False,-0.23279418049541556
51,9,0.0,4,control,0.03665577871958074,False,-0.284710771582144
52,9,0.0,4,control,0.1090745108430208,False,-0.21229203945870392
53,9,0.0,4,control,0.09490264846909191,False,-0.22646390183263282
54,9,0.0,4,control,0.18031193534862305,False,-0.14105461495310168
55,9,0.0,4,control,0.04597645686349168,True,-0.27539009343823306
56,9,0.0,4,control,0.3046944239652608,False,-0.01667212633646392
57,9,0.0,4,control,0.2884264179990569,False,-0.032940132302667846
58,9,0.0,4,control,0.015734937036970664,False,-0.3056316132647541
59,9,0.0,4,control,0.21422939356679488,False,-0.10713715673492985
60,9,0.0,4,control,0.08856287348411493,False,-0.2328036768176098
61,9,0.0,4,control,0.1072893871062073,False,-0.21407716319551742
62,9,0.0,4,control,0.06363636229112568,False,-0.25773018801059905
63,9,0.0,4,control,0.14708442685939055,True,-0.17428212344233418
64,9,0.0,4,control,0.072107744837494,False,-0.24925880546423074
65,9,0.0,4,control,0.12789084733087347,False,-0.19347570297085126
66,9,0.0,4,control,0.042665345284755164,True,-0.27870120501696954
67,9,0.0,4,control,0.06422234267590046,False,-0.25714420762582424
68,9,0.0,4,control,0.13483010089799824,False,-0.1865364494037265
69,9,0.0,4,control,0.11064192160768864,False,-0.21072462869403608
70,9,0.0,4,control,0.11077018954972843,False,-0.21059636075199628
71,9,0.0,4,control,0.11045931696306403,False,-0.21090723333866068
