ObjectNumber,Metadata_site,Metadata_concentration,Metadata_hour,Metadata_treatment,Predicted_Probability,Is_Test,S
1,0,6.06,4,gef,0.9933417588161862,True,0.9820184846895642
2,0,6.06,4,gef,0.9933960700503508,False,0.9820727959237288
3,0,6.06,4,gef,0.9886475191653197,True,0.9773242450386976
4,0,6.06,4,gef,0.9958791471561461,True,0.9845558730295241
5,0,6.06,4,gef,0.9935070202355979,True,0.9821837461089759
6,0,6.06,4,gef,0.9936007238644633,True,0.9822774497378413
7,0,6.06,4,gef,0.9906469659043587,True,0.9793236917777367
8,0,6.06,4,gef,0.9968027346923332,True,0.9854794605657111
9,0,6.06,4,gef,0.994994996613863,False,0.983671722487241
10,0,6.06,4,gef,0.9858638586297106,True,0.9745405845030886
11,0,6.06,4,gef,0.9880538742008065,False,0.9767306000741844
12,0,6.06,4,gef,0.9844507065676185,False,0.9731274324409964
13,0,6.06,4,gef,0.9952597235322387,True,0.9839364494056166
14,0,6.06,4,gef,0.9829534953575687,False,0.9716302212309467
15,0,6.06,4,gef,0.9861320870530967,True,0.9748088129264747
16,0,6.06,4,gef,0.9792969920207014,False,0.9679737178940794
17,0,6.06,4,gef,0.9914316664862535,False,0.9801083923596314
18,0,6.06,4,gef,0.9967504387493703,False,0.9854271646227483
19,0,6.06,4,gef,0.9940951185183347,False,0.9827718443917126
20,0,6.06,4,gef,0.9899411157056962,False,0.9786178415790742
21,0,6.06,4,gef,0.9335920894086562,False,0.9222688152820342
22,0,6.06,4,gef,0.9854600083638634,False,0.9741367342372413
23,0,6.06,4,gef,0.9953375202105292,True,0.9840142460839072
24,0,6.06,4,gef,0.9245377758500245,False,0.9132145017234025
25,0,6.06,4,gef,0.9876910478294783,True,0.9763677737028562
26,0,6.06,4,gef,0.9944191921716017,True,0.9830959180449796
27,0,6.06,4,gef,0.9915160321948424,False,0.9801927580682204
28,0,6.06,4,gef,0.9926665557778032,True,0.9813432816511811
29,0,6.06,4,gef,0.9948846706596299,False,0.9835613965330079
30,0,6.06,4,gef,0.9700424891915,False,0.958719215064878
31,0,6.06,4,gef,0.9781290622154464,False,0.9668057880888243
32,0,6.06,4,gef,0.9592226194437641,False,0.947899345317142
33,0,6.06,4,gef,0.9932788636098863,False,0.9819555894832642
34,0,6.06,4,gef,0.9957878282777199,True,0.9844645541510979
35,0,6.06,4,gef,0.995550865103662,False,0.9842275909770399
36,0,6.06,4,gef,0.9954360670907783,False,0.9841127929641562
37,0,6.06,4,gef,0.968330285132932,False,0.9570070110063099
38,0,6.06,4,gef,0.9469952810287057,False,0.9356720069020836
39,0,6.06,4,gef,0.989716378906213,True,0.978393104779591
40,0,6.06,4,gef,0.9869315684679532,True,0.9756082943413311
41,0,6.06,4,gef,0.9955577559302169,False,0.9842344818035949
42,0,6.06,4,gef,0.993872763012136,True,0.982549488885514
43,0,6.06,4,gef,0.990060351466521,False,0.978737077339899
44,0,6.06,4,gef,0.992347201302642,False,0.9810239271760199
45,0,6.06,4,gef,0.9920583648143915,False,0.9807350906877694
46,0,6.06,4,gef,0.9652826449517338,True,0.9539593708251117
47,0,6.06,4,gef,0.9853598695635268,True,0.9740365954369048
48,0,6.06,4,gef,0.9955349847141374,True,0.9842117105875153
49,0,6.06,4,gef,0.9780777500664835,False,0.9667544759398614
50,0,6.06,4,gef,0.9857180297653818,False,0.9743947556387598
51,0,6.06,4,gef,0.993738186975845,True,0.982414912849223
52,0,6.06,4,gef,0.9959747471901442,False,0.9846514730635222
53,0,6.06,4,gef,0.9902879261487149,False,0.9789646520220928
54,0,6.06,4,gef,0.9937542744432205,False,0.9824310003165985
55,0,6.06,4,gef,0.9933742506186597,False,0.9820509764920377
56,0,6.06,4,gef,0.9969197695050458,True,0.9855964953784238
57,0,6.06,4,gef,0.9966550332264437,False,0.9853317590998216
58,0,6.06,4,gef,0.9915769844232285,False,0.9802537102966065
59,0,6.06,4,gef,0.9625019381680074,False,0.9511786640413854
60,0,6.06,4,gef,0.9891465916337555,False,0.9778233175071335
61,0,6.06,4,gef,0.9847125466614355,True,0.9733892725348134
62,0,6.06,4,gef,0.9946265014457302,False,0.9833032273191081
63,0,6.06,4,gef,0.9952466555708515,False,0.9839233814442294
64,0,6.06,4,gef,0.9947711075258379,False,0.9834478333992158
65,0,6.06,4,gef,0.9953934134865751,False,0.984070139359953
66,0,6.06,4,gef,0.9896126497151766,False,0.9782893755885546
67,0,6.06,4,gef,0.9969852910964153,True,0.9856620169697933
68,0,6.06,4,gef,0.9804545190394469,False,0.9691312449128249
69,0,6.06,4,gef,0.9929849831448697,False,0.9816617090182477
70,0,6.06,4,gef,0.9933286122518574,False,0.9820053381252354
71,0,6.06,4,gef,0.9961841826051983,False,0.9848609084785762
72,0,6.06,4,gef,0.9958724392571827,False,0.9845491651305607
73,0,6.06,4,gef,0.9924341831242908,True,0.9811109089976687
74,0,6.06,4,gef,0.9588483769935037,False,0.9475251028668816
75,0,6.06,4,gef,0.9822412510676101,True,0.970917976940988
76,0,6.06,4,gef,0.9924766955783282,False,0.9811534214517061
77,0,6.06,4,gef,0.9921575537638715,False,0.9808342796372495
78,0,6.06,4,gef,0.9943830179342321,True,0.9830597438076101
79,0,6.06,4,gef,0.994879642518289,False,0.9835563683916669
80,0,6.06,4,gef,0.9972833304936983,False,0.9859600563670763
81,0,6.06,4,gef,0.989873179199433,False,0.9785499050728109
82,0,6.06,4,gef,0.9943990629073227,False,0.9830757887807007
83,0,6.06,4,gef,0.9909535725408946,False,0.9796302984142725
84,0,6.06,4,gef,0.9829163841117008,False,0.9715931099850788
85,0,6.06,4,gef,0.9951075497901762,False,0.9837842756635542
86,0,6.06,4,gef,0.997715962452828,True,0.986392688326206
87,0,6.06,4,gef,0.9872825694528279,False,0.9759592953262058
88,0,6.06,4,gef,0.9957168863487865,False,0.9843936122221645
89,0,6.06,4,gef,0.988625072870229,True,0.977301798743607
90,0,6.06,4,gef,0.9939809287724264,True,0.9826576546458043
1,1,6.06,4,gef,0.9923481656408797,False,0.9810248915142576
2,1,6.06,4,gef,0.9782037303597436,False,0.9668804562331216
3,1,6.06,4,gef,0.9929539615061191,True,0.9816306873794971
4,1,6.06,4,gef,0.988318378968561,False,0.976995104841939
5,1,6.06,4,gef,0.9943655253459263,True,0.9830422512193042
6,1,6.06,4,gef,0.9934140808677107,False,0.9820908067410886
7,1,6.06,4,gef,0.9969151556531692,True,0.9855918815265472
8,1,6.06,4,gef,0.9914892890535713,False,0.9801660149269492
9,1,6.06,4,gef,0.9937431521291362,False,0.9824198780025142
10,1,6.06,4,gef,0.993995243564255,False,0.9826719694376329
11,1,6.06,4,gef,0.9608459587686278,False,0.9495226846420057
12,1,6.06,4,gef,0.9635642967282969,False,0.9522410226016749
13,1,6.06,4,gef,0.9870017958336295,False,0.9756785217070074
14,1,6.06,4,gef,0.9836756087334854,True,0.9723523346068633
15,1,6.06,4,gef,0.9971694326154662,False,0.9858461584888442
16,1,6.06,4,gef,0.997151821612605,False,0.9858285474859829
17,1,6.06,4,gef,0.9916863182205429,True,0.9803630440939208
18,1,6.06,4,gef,0.993439085455693,False,0.982115811329071
19,1,6.06,4,gef,0.9866132602456865,True,0.9752899861190645
20,1,6.06,4,gef,0.9972287768756143,False,0.9859055027489922
21,1,6.06,4,gef,0.9964428483361928,True,0.9851195742095707
22,1,6.06,4,gef,0.9883099289560093,False,0.9769866548293873
23,1,6.06,4,gef,0.9922111690027513,True,0.9808878948761293
24,1,6.06,4,gef,0.9931762541252667,False,0.9818529799986446
25,1,6.06,4,gef,0.9861611600629734,False,0.9748378859363513
26,1,6.06,4,gef,0.9971736977480775,False,0.9858504236214555
27,1,6.06,4,gef,0.9913564092641834,False,0.9800331351375614
28,1,6.06,4,gef,0.9835512375374555,True,0.9722279634108335
29,1,6.06,4,gef,0.995286312772604,False,0.983963038645982
30,1,6.06,4,gef,0.9817594876803387,False,0.9704362135537167
31,1,6.06,4,gef,0.9814712771188617,True,0.9701480029922397
32,1,6.06,4,gef,0.9957313793795697,False,0.9844081052529476
33,1,6.06,4,gef,0.9878210837758294,False,0.9764978096492074
34,1,6.06,4,gef,0.9930052393320956,False,0.9816819652054736
35,1,6.06,4,gef,0.9975324135386655,False,0.9862091394120435
36,1,6.06,4,gef,0.9904100306314157,True,0.9790867565047937
37,1,6.06,4,gef,0.9974227199612853,False,0.9860994458346632
38,1,6.06,4,gef,0.9916374966162843,False,0.9803142224896623
39,1,6.06,4,gef,0.99427855210032,False,0.982955277973698
40,1,6.06,4,gef,0.9952337857748461,False,0.9839105116482241
41,1,6.06,4,gef,0.9790102734611832,False,0.9676869993345611
42,1,6.06,4,gef,0.9948754741818024,True,0.9835522000551804
43,1,6.06,4,gef,0.9977058633111409,False,0.9863825891845188
44,1,6.06,4,gef,0.956611913036242,False,0.94528863890962
45,1,6.06,4,gef,0.9875313589485432,False,0.9762080848219211
46,1,6.06,4,gef,0.9948282034185711,False,0.9835049292919491
47,1,6.06,4,gef,0.9959385745637906,True,0.9846153004371686
48,1,6.06,4,gef,0.976950530713727,False,0.9656272565871049
49,1,6.06,4,gef,0.9903422588729078,True,0.9790189847462858
50,1,6.06,4,gef,0.9946647446585644,True,0.9833414705319423
51,1,6.06,4,gef,0.9952587860506492,False,0.9839355119240272
52,1,6.06,4,gef,0.9935245122093723,False,0.9822012380827503
53,1,6.06,4,gef,0.9862108542248507,True,0.9748875800982286
54,1,6.06,4,gef,0.9911265945820134,False,0.9798033204553913
55,1,6.06,4,gef,0.9862193875936625,True,0.9748961134670404
56,1,6.06,4,gef,0.9936833462872249,True,0.9823600721606028
57,1,6.06,4,gef,0.9673555783688407,False,0.9560323042422186
58,1,6.06,4,gef,0.9895630181971811,False,0.978239744070559
59,1,6.06,4,gef,0.987579205338862,False,0.97625593121224
60,1,6.06,4,gef,0.986749284352374,False,0.9754260102257519
61,1,6.06,4,gef,0.9946980431890673,False,0.9833747690624453
62,1,6.06,4,gef,0.9882415832756303,False,0.9769183091490082
63,1,6.06,4,gef,0.9942000030756797,False,0.9828767289490576
64,1,6.06,4,gef,0.9949788034989838,False,0.9836555293723618
65,1,6.06,4,gef,0.9921604400786965,False,0.9808371659520745
66,1,6.06,4,gef,0.9857941663520986,False,0.9744708922254766
67,1,6.06,4,gef,0.9837928739249746,True,0.9724695997983526
68,1,6.06,4,gef,0.991748610047732,False,0.9804253359211099
69,1,6.06,4,gef,0.98871023647585,True,0.977386962349228
70,1,6.06,4,gef,0.9847621631750068,False,0.9734388890483847
71,1,6.06,4,gef,0.9975858268092844,False,0.9862625526826624
72,1,6.06,4,gef,0.9855088737695705,False,0.9741855996429485
73,1,6.06,4,gef,0.9981321644616697,False,0.9868088903350477
74,1,6.06,4,gef,0.9939320846661047,False,0.9826088105394827
75,1,6.06,4,gef,0.9856588604633967,True,0.9743355863367746
76,1,6.06,4,gef,0.9899003476970168,False,0.9785770735703948
1,10,6.06,4,gef,0.9836948915718999,False,0.9723716174452779
2,10,6.06,4,gef,0.992235222201099,True,0.980911948074477
3,10,6.06,4,gef,0.9965127441267068,False,0.9851894700000847
4,10,6.06,4,gef,0.99583720064916,False,0.984513926522538
5,10,6.06,4,gef,0.9941487107568756,False,0.9828254366302536
6,10,6.06,4,gef,0.9955063618613055,True,0.9841830877346834
7,10,6.06,4,gef,0.995892223771887,True,0.984568949645265
8,10,6.06,4,gef,0.9951741580176503,False,0.9838508838910283
9,10,6.06,4,gef,0.9969377658664685,False,0.9856144917398465
10,10,6.06,4,gef,0.9968337812189164,False,0.9855105070922944
11,10,6.06,4,gef,0.9960978040028138,False,0.9847745298761917
12,10,6.06,4,gef,0.9965713133237214,False,0.9852480391970994
13,10,6.06,4,gef,0.9936146486791273,True,0.9822913745525053
14,10,6.06,4,gef,0.9935763828823377,False,0.9822531087557157
15,10,6.06,4,gef,0.9942816680972169,False,0.9829583939705948
16,10,6.06,4,gef,0.99701494992332,False,0.9856916757966979
17,10,6.06,4,gef,0.9963670354383705,False,0.9850437613117484
18,10,6.06,4,gef,0.998151325440481,False,0.986828051313859
19,10,6.06,4,gef,0.9875764998037025,False,0.9762532256770805
20,10,6.06,4,gef,0.9835199134870127,False,0.9721966393603907
21,10,6.06,4,gef,0.9958600506697017,False,0.9845367765430797
22,10,6.06,4,gef,0.9936127184205137,False,0.9822894442938916
1,11,6.06,4,gef,0.9967272965183808,False,0.9854040223917587
2,11,6.06,4,gef,0.9965100005562462,False,0.9851867264296241
3,11,6.06,4,gef,0.9930998176215514,False,0.9817765434949294
4,11,6.06,4,gef,0.9888466190674112,True,0.9775233449407892
5,11,6.06,4,gef,0.9965404858738192,False,0.9852172117471971
6,11,6.06,4,gef,0.9951789255903958,True,0.9838556514637737
7,11,6.06,4,gef,0.9966747611761404,False,0.9853514870495184
8,11,6.06,4,gef,0.9945109752230964,True,0.9831877010964744
9,11,6.06,4,gef,0.9935759606924945,False,0.9822526865658725
10,11,6.06,4,gef,0.9927120275490617,True,0.9813887534224397
11,11,6.06,4,gef,0.9980565791891103,False,0.9867333050624882
12,11,6.06,4,gef,0.9902102291029632,False,0.9788869549763412
13,11,6.06,4,gef,0.9944614809025929,False,0.9831382067759709
14,11,6.06,4,gef,0.9971762629806324,False,0.9858529888540104
15,11,6.06,4,gef,0.9955091294952794,False,0.9841858553686573
16,11,6.06,4,gef,0.9967114256515452,False,0.9853881515249232
17,11,6.06,4,gef,0.9956757065677481,False,0.984352432441126
18,11,6.06,4,gef,0.9980487607618,False,0.986725486635178
19,11,6.06,4,gef,0.9983094015787664,False,0.9869861274521443
20,11,6.06,4,gef,0.994660982001782,False,0.98333770787516
21,11,6.06,4,gef,0.9977319931958867,False,0.9864087190692646
22,11,6.06,4,gef,0.9968860532261287,False,0.9855627790995066
23,11,6.06,4,gef,0.9951075561355737,False,0.9837842820089516
24,11,6.06,4,gef,0.9933742667377141,True,0.9820509926110921
25,11,6.06,4,gef,0.9981901206303714,False,0.9868668465037493
26,11,6.06,4,gef,0.9943768309219744,True,0.9830535567953523
27,11,6.06,4,gef,0.9965375938108678,False,0.9852143196842458
28,11,6.06,4,gef,0.9976378700741018,True,0.9863145959474797
1,12,6.06,4,gef,0.9950113425154654,False,0.9836880683888434
2,12,6.06,4,gef,0.9964411437026875,False,0.9851178695760655
3,12,6.06,4,gef,0.9910388660413894,False,0.9797155919147673
4,12,6.06,4,gef,0.9967814419741418,False,0.9854581678475197
5,12,6.06,4,gef,0.977342374975972,False,0.9660191008493499
6,12,6.06,4,gef,0.9981976116233643,False,0.9868743374967422
7,12,6.06,4,gef,0.9935316093784408,True,0.9822083352518187
8,12,6.06,4,gef,0.9908633823960358,False,0.9795401082694137
9,12,6.06,4,gef,0.947688755816283,True,0.9363654816896609
10,12,6.06,4,gef,0.9960129198869321,False,0.98468964576031
11,12,6.06,4,gef,0.9861599538181745,False,0.9748366796915524
12,12,6.06,4,gef,0.9906151404716248,True,0.9792918663450028
13,12,6.06,4,gef,0.9910164232506237,True,0.9796931491240016
14,12,6.06,4,gef,0.9904321194446087,False,0.9791088453179867
15,12,6.06,4,gef,0.9742081820632542,True,0.9628849079366322
16,12,6.06,4,gef,0.9924914431157672,False,0.9811681689891452
17,12,6.06,4,gef,0.9890041217465162,True,0.9776808476198942
18,12,6.06,4,gef,0.994854264957427,False,0.983530990830805
19,12,6.06,4,gef,0.9840693390531383,False,0.9727460649265163
20,12,6.06,4,gef,0.9920022541478529,True,0.9806789800212309
21,12,6.06,4,gef,0.994622566454782,False,0.9832992923281599
22,12,6.06,4,gef,0.995880953491041,False,0.984557679364419
23,12,6.06,4,gef,0.995574532168727,True,0.984251258042105
24,12,6.06,4,gef,0.9964381165640767,False,0.9851148424374546
25,12,6.06,4,gef,0.982971916312666,False,0.971648642186044
26,12,6.06,4,gef,0.996652916220129,False,0.9853296420935069
27,12,6.06,4,gef,0.9887067889546012,True,0.9773835148279791
28,12,6.06,4,gef,0.9921661720450501,False,0.980842897918428
29,12,6.06,4,gef,0.9940851701997288,False,0.9827618960731067
30,12,6.06,4,gef,0.9969643673082486,False,0.9856410931816265
31,12,6.06,4,gef,0.9935768086014883,False,0.9822535344748663
32,12,6.06,4,gef,0.9967297696847878,False,0.9854064955581657
1,13,6.06,4,gef,0.9899351982864217,True,0.9786119241597997
2,13,6.06,4,gef,0.9719526361959145,False,0.9606293620692925
3,13,6.06,4,gef,0.9927167502549004,False,0.9813934761282783
4,13,6.06,4,gef,0.9863125669925425,False,0.9749892928659205
5,13,6.06,4,gef,0.9888916335182136,True,0.9775683593915916
6,13,6.06,4,gef,0.926751891592988,True,0.915428617466366
7,13,6.06,4,gef,0.9877400861057177,False,0.9764168119790957
8,13,6.06,4,gef,0.9668137367783229,False,0.9554904626517009
9,13,6.06,4,gef,0.9606983562904328,True,0.9493750821638107
10,13,6.06,4,gef,0.9858969920072875,False,0.9745737178806655
11,13,6.06,4,gef,0.9941926804495695,True,0.9828694063229475
12,13,6.06,4,gef,0.9900905989280583,False,0.9787673248014362
13,13,6.06,4,gef,0.9166712641749241,True,0.905347990048302
14,13,6.06,4,gef,0.979487410617123,False,0.9681641364905009
15,13,6.06,4,gef,0.9442109815413795,False,0.9328877074147575
16,13,6.06,4,gef,0.9860641778600101,False,0.9747409037333881
17,13,6.06,4,gef,0.9869906806541142,False,0.9756674065274922
18,13,6.06,4,gef,0.9906007303442479,False,0.9792774562176259
19,13,6.06,4,gef,0.9138729784057242,False,0.9025497042791022
20,13,6.06,4,gef,0.990204467287079,False,0.978881193160457
21,13,6.06,4,gef,0.9798377844853011,False,0.9685145103586791
22,13,6.06,4,gef,0.9869755657790946,True,0.9756522916524726
23,13,6.06,4,gef,0.9820266346344649,False,0.9707033605078429
24,13,6.06,4,gef,0.9868293953455363,False,0.9755061212189142
25,13,6.06,4,gef,0.9894860857275287,True,0.9781628116009067
26,13,6.06,4,gef,0.9766789413950274,True,0.9653556672684054
27,13,6.06,4,gef,0.9647111754352474,False,0.9533879013086254
28,13,6.06,4,gef,0.9741981176553477,False,0.9628748435287257
29,13,6.06,4,gef,0.7120331068265944,True,0.7007098326999723
30,13,6.06,4,gef,0.9934367240013783,False,0.9821134498747562
31,13,6.06,4,gef,0.9865880437418703,False,0.9752647696152482
32,13,6.06,4,gef,0.9931145585489229,False,0.9817912844223009
33,13,6.06,4,gef,0.986942744255705,False,0.975619470129083
34,13,6.06,4,gef,0.9860411082607385,True,0.9747178341341165
1,14,6.06,4,gef,0.9938601887859864,False,0.9825369146593643
2,14,6.06,4,gef,0.9962965026954291,False,0.9849732285688071
3,14,6.06,4,gef,0.9775972302866911,False,0.9662739561600691
4,14,6.06,4,gef,0.9924161358790163,False,0.9810928617523943
5,14,6.06,4,gef,0.9966051399961593,False,0.9852818658695373
6,14,6.06,4,gef,0.9885799756719734,False,0.9772567015453514
7,14,6.06,4,gef,0.9971438578791492,True,0.9858205837525271
8,14,6.06,4,gef,0.9908240832355227,False,0.9795008091089007
9,14,6.06,4,gef,0.8593617305831321,True,0.8480384564565101
10,14,6.06,4,gef,0.9850627514230801,False,0.973739477296458
11,14,6.06,4,gef,0.9939261135110258,False,0.9826028393844037
12,14,6.06,4,gef,0.9834862519701757,False,0.9721629778435537
13,14,6.06,4,gef,0.997693447592239,True,0.986370173465617
14,14,6.06,4,gef,0.9871514116989303,True,0.9758281375723082
15,14,6.06,4,gef,0.9856369686835549,False,0.9743136945569328
16,14,6.06,4,gef,0.9908604743006484,False,0.9795372001740263
17,14,6.06,4,gef,0.9865320664986423,False,0.9752087923720203
18,14,6.06,4,gef,0.99511669850223,True,0.9837934243756079
19,14,6.06,4,gef,0.9910743974023319,False,0.9797511232757099
20,14,6.06,4,gef,0.9914874170641521,False,0.9801641429375301
21,14,6.06,4,gef,0.9965168404415522,True,0.9851935663149302
22,14,6.06,4,gef,0.9940970595459037,False,0.9827737854192816
23,14,6.06,4,gef,0.9948768924763012,False,0.9835536183496791
24,14,6.06,4,gef,0.9961603256659014,False,0.9848370515392794
25,14,6.06,4,gef,0.9960308802508445,False,0.9847076061242225
26,14,6.06,4,gef,0.98839305950286,False,0.977069785376238
27,14,6.06,4,gef,0.9800842699738853,False,0.9687609958472633
28,14,6.06,4,gef,0.9876198390508932,False,0.9762965649242712
29,14,6.06,4,gef,0.9889375175740289,False,0.9776142434474069
30,14,6.06,4,gef,0.993694865805379,True,0.982371591678757
31,14,6.06,4,gef,0.9868481337491257,False,0.9755248596225037
32,14,6.06,4,gef,0.9873431373949492,False,0.9760198632683271
1,15,6.06,4,gef,0.997051784383365,True,0.9857285102567429
2,15,6.06,4,gef,0.9970686982688509,False,0.9857454241422289
3,15,6.06,4,gef,0.9971062413377633,False,0.9857829672111412
4,15,6.06,4,gef,0.9781241161173938,True,0.9668008419907718
5,15,6.06,4,gef,0.9932885389016282,True,0.9819652647750061
6,15,6.06,4,gef,0.9911313506360161,True,0.979808076509394
7,15,6.06,4,gef,0.9914464357684336,True,0.9801231616418116
8,15,6.06,4,gef,0.9953349780796212,True,0.9840117039529992
9,15,6.06,4,gef,0.9677957138954035,False,0.9564724397687815
10,15,6.06,4,gef,0.9951325541599084,False,0.9838092800332864
11,15,6.06,4,gef,0.9952448074153425,False,0.9839215332887205
12,15,6.06,4,gef,0.9950880241297657,True,0.9837647500031437
13,15,6.06,4,gef,0.9981380176014637,False,0.9868147434748417
14,15,6.06,4,gef,0.9896555636478871,False,0.978332289521265
15,15,6.06,4,gef,0.9955451150726174,True,0.9842218409459954
16,15,6.06,4,gef,0.9979176037724657,False,0.9865943296458437
17,15,6.06,4,gef,0.9971972444967496,False,0.9858739703701276
18,15,6.06,4,gef,0.9960798801866246,False,0.9847566060600026
19,15,6.06,4,gef,0.9973121838005753,False,0.9859889096739533
20,15,6.06,4,gef,0.9968975052072194,True,0.9855742310805974
21,15,6.06,4,gef,0.9895984196869421,False,0.97827514556032
22,15,6.06,4,gef,0.9956260374923203,False,0.9843027633656982
23,15,6.06,4,gef,0.9946671461972297,True,0.9833438720706077
24,15,6.06,4,gef,0.9920612202788213,False,0.9807379461521992
25,15,6.06,4,gef,0.9972087486512426,False,0.9858854745246206
26,15,6.06,4,gef,0.9905422084854905,False,0.9792189343588684
27,15,6.06,4,gef,0.9959070456891139,False,0.9845837715624919
1,16,6.06,4,gef,0.9896537520964392,False,0.9783304779698172
2,16,6.06,4,gef,0.9927949212561128,False,0.9814716471294908
3,16,6.06,4,gef,0.9857703410689886,False,0.9744470669423666
4,16,6.06,4,gef,0.9949506420848501,False,0.983627367958228
5,16,6.06,4,gef,0.8381462639568757,True,0.8268229898302537
6,16,6.06,4,gef,0.9569315132169773,False,0.9456082390903553
7,16,6.06,4,gef,0.9898126857555323,False,0.9784894116289102
8,16,6.06,4,gef,0.997125880077362,True,0.98580260595074
9,16,6.06,4,gef,0.9954227012596183,True,0.9840994271329963
10,16,6.06,4,gef,0.9876675022099086,False,0.9763442280832866
11,16,6.06,4,gef,0.9977793182212522,False,0.9864560440946302
12,16,6.06,4,gef,0.9527755469358322,False,0.9414522728092102
13,16,6.06,4,gef,0.9941682686682298,False,0.9828449945416078
14,16,6.06,4,gef,0.9906892710437841,False,0.9793659969171621
1,2,6.06,4,gef,0.9903292406886681,False,0.9790059665620461
2,2,6.06,4,gef,0.9844717994639918,False,0.9731485253373697
3,2,6.06,4,gef,0.9872987143612899,False,0.9759754402346679
4,2,6.06,4,gef,0.9857849564697279,False,0.9744616823431058
5,2,6.06,4,gef,0.9707252857544111,False,0.959402011627789
6,2,6.06,4,gef,0.9893221032064583,False,0.9779988290798363
7,2,6.06,4,gef,0.9901995432046679,False,0.9788762690780458
8,2,6.06,4,gef,0.9776264354137003,True,0.9663031612870783
9,2,6.06,4,gef,0.992764227145622,False,0.9814409530189999
10,2,6.06,4,gef,0.9607733615120383,True,0.9494500873854163
11,2,6.06,4,gef,0.9913560056511461,False,0.9800327315245241
12,2,6.06,4,gef,0.9940838903783173,False,0.9827606162516953
13,2,6.06,4,gef,0.9935831563973082,False,0.9822598822706862
14,2,6.06,4,gef,0.9928010770681788,True,0.9814778029415567
15,2,6.06,4,gef,0.9901181409253462,False,0.9787948667987242
16,2,6.06,4,gef,0.9948949475253887,False,0.9835716733987666
17,2,6.06,4,gef,0.9904238720515803,False,0.9791005979249583
18,2,6.06,4,gef,0.956613650185908,False,0.945290376059286
19,2,6.06,4,gef,0.9890488192981508,False,0.9777255451715288
20,2,6.06,4,gef,0.991193527170467,False,0.979870253043845
21,2,6.06,4,gef,0.9883259098111956,True,0.9770026356845736
22,2,6.06,4,gef,0.978611823808565,True,0.967288549681943
23,2,6.06,4,gef,0.9894681026829961,False,0.9781448285563741
24,2,6.06,4,gef,0.9914610730266565,True,0.9801377989000345
25,2,6.06,4,gef,0.9932846769304697,False,0.9819614028038477
26,2,6.06,4,gef,0.9802664947812373,False,0.9689432206546152
27,2,6.06,4,gef,0.9908722153839701,False,0.979548941257348
28,2,6.06,4,gef,0.9808871379341207,False,0.9695638638074987
29,2,6.06,4,gef,0.9902876587901364,False,0.9789643846635143
30,2,6.06,4,gef,0.9920370217402217,False,0.9807137476135996
31,2,6.06,4,gef,0.9964350187136782,True,0.9851117445870562
32,2,6.06,4,gef,0.9846314880358499,False,0.9733082139092278
33,2,6.06,4,gef,0.9839882955536966,False,0.9726650214270746
34,2,6.06,4,gef,0.9917420527564372,False,0.9804187786298152
35,2,6.06,4,gef,0.9934684169976704,False,0.9821451428710484
36,2,6.06,4,gef,0.9917940080745776,True,0.9804707339479556
37,2,6.06,4,gef,0.9667168378496485,True,0.9553935637230264
38,2,6.06,4,gef,0.9835350787521783,False,0.9722118046255562
39,2,6.06,4,gef,0.9974022538421192,True,0.9860789797154972
40,2,6.06,4,gef,0.9916038122634478,False,0.9802805381368258
41,2,6.06,4,gef,0.9925605161490612,False,0.9812372420224391
42,2,6.06,4,gef,0.9937691570366785,False,0.9824458829100564
43,2,6.06,4,gef,0.9926807872187545,False,0.9813575130921325
44,2,6.06,4,gef,0.9711760085755083,False,0.9598527344488863
45,2,6.06,4,gef,0.9905523299279798,False,0.9792290558013578
46,2,6.06,4,gef,0.9929078688895456,False,0.9815845947629236
47,2,6.06,4,gef,0.9866368972538989,True,0.9753136231272769
48,2,6.06,4,gef,0.9880736900318258,True,0.9767504159052037
49,2,6.06,4,gef,0.9932174223610684,False,0.9818941482344463
50,2,6.06,4,gef,0.9715783349828564,True,0.9602550608562344
51,2,6.06,4,gef,0.9814708408702628,False,0.9701475667436408
52,2,6.06,4,gef,0.9744271880953219,False,0.9631039139686999
53,2,6.06,4,gef,0.9917626501226982,False,0.9804393759960761
54,2,6.06,4,gef,0.9835979301805345,False,0.9722746560539125
55,2,6.06,4,gef,0.9953472648055202,True,0.9840239906788981
56,2,6.06,4,gef,0.9865148355468787,True,0.9751915614202566
57,2,6.06,4,gef,0.9843331279733583,False,0.9730098538467362
58,2,6.06,4,gef,0.9935366115349298,False,0.9822133374083077
59,2,6.06,4,gef,0.9924791448039467,False,0.9811558706773247
60,2,6.06,4,gef,0.9855184127848947,False,0.9741951386582727
61,2,6.06,4,gef,0.9732147539126274,False,0.9618914797860053
62,2,6.06,4,gef,0.9871695967356683,False,0.9758463226090462
63,2,6.06,4,gef,0.9753769494808303,False,0.9640536753542083
64,2,6.06,4,gef,0.9370792740018554,True,0.9257559998752334
65,2,6.06,4,gef,0.9943001806856028,True,0.9829769065589807
66,2,6.06,4,gef,0.9915417855429155,False,0.9802185114162935
67,2,6.06,4,gef,0.9798849926164592,True,0.9685617184898372
68,2,6.06,4,gef,0.9838490709648926,False,0.9725257968382706
69,2,6.06,4,gef,0.9928852173146658,False,0.9815619431880438
70,2,6.06,4,gef,0.984075824308117,True,0.972752550181495
71,2,6.06,4,gef,0.9798378837977963,False,0.9685146096711743
72,2,6.06,4,gef,0.9890630419241001,False,0.9777397677974781
73,2,6.06,4,gef,0.9878148818081431,False,0.9764916076815211
74,2,6.06,4,gef,0.9929446641835129,False,0.9816213900568909
75,2,6.06,4,gef,0.9944596656379161,False,0.9831363915112941
76,2,6.06,4,gef,0.9909095043385718,False,0.9795862302119498
77,2,6.06,4,gef,0.9883583217077854,False,0.9770350475811633
1,3,6.06,4,gef,0.9958727569812776,False,0.9845494828546556
2,3,6.06,4,gef,0.9963935048350201,False,0.985070230708398
3,3,6.06,4,gef,0.9611708336136868,True,0.9498475594870648
4,3,6.06,4,gef,0.9922209782690672,False,0.9808977041424451
5,3,6.06,4,gef,0.9967339635156549,True,0.9854106893890329
6,3,6.06,4,gef,0.9956395400955446,False,0.9843162659689225
7,3,6.06,4,gef,0.996449649079304,False,0.985126374952682
8,3,6.06,4,gef,0.9971142869979508,False,0.9857910128713288
9,3,6.06,4,gef,0.9985159480310684,True,0.9871926739044463
10,3,6.06,4,gef,0.9962661028258701,False,0.9849428286992481
11,3,6.06,4,gef,0.9984936547482922,True,0.9871703806216702
12,3,6.06,4,gef,0.9987340354759034,False,0.9874107613492814
13,3,6.06,4,gef,0.9968659020318972,False,0.9855426279052751
14,3,6.06,4,gef,0.9912105164696421,True,0.97988724234302
15,3,6.06,4,gef,0.9891156265118601,False,0.9777923523852381
16,3,6.06,4,gef,0.9929143040742765,True,0.9815910299476545
17,3,6.06,4,gef,0.9968258325697175,False,0.9855025584430954
18,3,6.06,4,gef,0.9945967306003322,False,0.9832734564737101
19,3,6.06,4,gef,0.9977252991753357,False,0.9864020250487137
20,3,6.06,4,gef,0.9979693373786829,False,0.9866460632520608
21,3,6.06,4,gef,0.9962447733299757,False,0.9849214992033537
22,3,6.06,4,gef,0.9950797386176413,False,0.9837564644910193
23,3,6.06,4,gef,0.9902560972901467,False,0.9789328231635247
24,3,6.06,4,gef,0.9812878856237148,False,0.9699646114970928
25,3,6.06,4,gef,0.9943732238523545,False,0.9830499497257325
26,3,6.06,4,gef,0.9979462487440713,False,0.9866229746174493
27,3,6.06,4,gef,0.9964334034621063,True,0.9851101293354843
28,3,6.06,4,gef,0.9953393925012088,False,0.9840161183745868
29,3,6.06,4,gef,0.9946604793323491,False,0.9833372052057271
30,3,6.06,4,gef,0.9947466904385591,False,0.9834234163119371
31,3,6.06,4,gef,0.9766994715947964,False,0.9653761974681744
32,3,6.06,4,gef,0.9909642233399827,False,0.9796409492133606
33,3,6.06,4,gef,0.9936867801029863,False,0.9823635059763642
34,3,6.06,4,gef,0.9940913707461366,True,0.9827680966195146
35,3,6.06,4,gef,0.9943989235031934,False,0.9830756493765713
36,3,6.06,4,gef,0.9975742545627055,True,0.9862509804360835
37,3,6.06,4,gef,0.9933091942896963,False,0.9819859201630743
38,3,6.06,4,gef,0.9925380778804376,True,0.9812148037538155
39,3,6.06,4,gef,0.9950968071962067,False,0.9837735330695847
40,3,6.06,4,gef,0.9970210867504496,False,0.9856978126238276
41,3,6.06,4,gef,0.9899015061112746,False,0.9785782319846525
42,3,6.06,4,gef,0.99599642333956,True,0.9846731492129379
43,3,6.06,4,gef,0.997785968688276,False,0.9864626945616539
44,3,6.06,4,gef,0.9952046296424555,False,0.9838813555158334
45,3,6.06,4,gef,0.9901477258969708,False,0.9788244517703487
46,3,6.06,4,gef,0.9970958400030925,True,0.9857725658764704
47,3,6.06,4,gef,0.9971110226970927,False,0.9857877485704707
48,3,6.06,4,gef,0.9972750372835673,False,0.9859517631569452
49,3,6.06,4,gef,0.9959396281373586,False,0.9846163540107365
50,3,6.06,4,gef,0.9913546490765848,False,0.9800313749499627
51,3,6.06,4,gef,0.9975220800512409,False,0.9861988059246188
52,3,6.06,4,gef,0.99687261521695,False,0.985549341090328
53,3,6.06,4,gef,0.9940638481737594,True,0.9827405740471373
54,3,6.06,4,gef,0.9947155886984419,False,0.9833923145718199
55,3,6.06,4,gef,0.9951398990805863,False,0.9838166249539643
56,3,6.06,4,gef,0.9987739617876044,False,0.9874506876609823
57,3,6.06,4,gef,0.9979125427136861,False,0.9865892685870641
58,3,6.06,4,gef,0.9964144660040815,False,0.9850911918774594
59,3,6.06,4,gef,0.9946188245100391,False,0.9832955503834171
60,3,6.06,4,gef,0.991273994677222,False,0.9799507205506
61,3,6.06,4,gef,0.9942178280666141,False,0.982894553939992
62,3,6.06,4,gef,0.9967509836645017,False,0.9854277095378796
63,3,6.06,4,gef,0.9956478317195776,False,0.9843245575929556
64,3,6.06,4,gef,0.9960200049997707,False,0.9846967308731487
65,3,6.06,4,gef,0.9987067076091216,False,0.9873834334824996
66,3,6.06,4,gef,0.9936431261094549,False,0.9823198519828329
67,3,6.06,4,gef,0.9932096261472504,False,0.9818863520206284
68,3,6.06,4,gef,0.9367549961954165,True,0.9254317220687944
69,3,6.06,4,gef,0.9963207764378998,False,0.9849975023112778
70,3,6.06,4,gef,0.9968350759334555,False,0.9855118018068335
71,3,6.06,4,gef,0.9989008751475312,True,0.9875776010209092
72,3,6.06,4,gef,0.9990672308625337,True,0.9877439567359116
73,3,6.06,4,gef,0.9970600982948563,False,0.9857368241682343
74,3,6.06,4,gef,0.9965899603481411,True,0.985266686221519
75,3,6.06,4,gef,0.9992447729005478,False,0.9879214987739258
76,3,6.06,4,gef,0.9974268116152076,True,0.9861035374885856
77,3,6.06,4,gef,0.9948607097434277,False,0.9835374356168056
78,3,6.06,4,gef,0.9966552972766918,False,0.9853320231500697
79,3,6.06,4,gef,0.998091002102955,True,0.9867677279763329
80,3,6.06,4,gef,0.9861683406912573,False,0.9748450665646352
1,4,6.06,4,gef,0.9746165478009269,True,0.9632932736743048
2,4,6.06,4,gef,0.989066448107582,False,0.97774317398096
3,4,6.06,4,gef,0.9880730772640822,False,0.9767498031374602
4,4,6.06,4,gef,0.9686398198687822,True,0.9573165457421602
5,4,6.06,4,gef,0.9776318877114724,True,0.9663086135848503
6,4,6.06,4,gef,0.9693690271245397,True,0.9580457529979176
7,4,6.06,4,gef,0.9785444888075074,False,0.9672212146808854
8,4,6.06,4,gef,0.9916503865168462,False,0.9803271123902242
9,4,6.06,4,gef,0.9868084170856355,False,0.9754851429590135
10,4,6.06,4,gef,0.9681158795478547,True,0.9567926054212327
11,4,6.06,4,gef,0.9911650045788403,False,0.9798417304522182
12,4,6.06,4,gef,0.987532992992249,True,0.9762097188656269
13,4,6.06,4,gef,0.9845238718302236,True,0.9732005977036016
14,4,6.06,4,gef,0.987209485288427,True,0.975886211161805
15,4,6.06,4,gef,0.9895785621638357,False,0.9782552880372136
16,4,6.06,4,gef,0.9907822966975048,False,0.9794590225708828
17,4,6.06,4,gef,0.9828507226657737,False,0.9715274485391516
18,4,6.06,4,gef,0.9803829325618624,False,0.9690596584352403
19,4,6.06,4,gef,0.9862911338574574,False,0.9749678597308353
20,4,6.06,4,gef,0.9919902049684574,True,0.9806669308418353
21,4,6.06,4,gef,0.9842293878894571,False,0.9729061137628351
22,4,6.06,4,gef,0.9782500514617183,True,0.9669267773350962
23,4,6.06,4,gef,0.9876970082705648,False,0.9763737341439428
24,4,6.06,4,gef,0.9759197593874418,False,0.9645964852608198
25,4,6.06,4,gef,0.9868015116655598,True,0.9754782375389378
26,4,6.06,4,gef,0.986404136095145,False,0.975080861968523
27,4,6.06,4,gef,0.9865229328661236,False,0.9751996587395015
28,4,6.06,4,gef,0.9855174676532787,False,0.9741941935266567
29,4,6.06,4,gef,0.9834535919134695,False,0.9721303177868474
30,4,6.06,4,gef,0.9942837535516904,False,0.9829604794250684
31,4,6.06,4,gef,0.981412458867922,True,0.9700891847413
32,4,6.06,4,gef,0.9937175608594544,False,0.9823942867328324
33,4,6.06,4,gef,0.9943297667257347,False,0.9830064925991127
34,4,6.06,4,gef,0.9979262072163697,True,0.9866029330897477
35,4,6.06,4,gef,0.9894435976631032,True,0.9781203235364812
36,4,6.06,4,gef,0.9933037546781354,True,0.9819804805515133
37,4,6.06,4,gef,0.9862292291150787,False,0.9749059549884567
38,4,6.06,4,gef,0.9928777477610031,True,0.9815544736343811
39,4,6.06,4,gef,0.9891368616913507,False,0.9778135875647287
40,4,6.06,4,gef,0.9880508131966806,False,0.9767275390700586
41,4,6.06,4,gef,0.9880039740374634,False,0.9766806999108414
42,4,6.06,4,gef,0.9868242931774663,True,0.9755010190508443
43,4,6.06,4,gef,0.9955248034182793,False,0.9842015292916573
44,4,6.06,4,gef,0.9949439694843578,False,0.9836206953577358
45,4,6.06,4,gef,0.9919732439385541,False,0.9806499698119321
46,4,6.06,4,gef,0.9886161109023442,False,0.9772928367757222
47,4,6.06,4,gef,0.9769738038635805,True,0.9656505297369584
48,4,6.06,4,gef,0.9943242501390062,False,0.9830009760123841
49,4,6.06,4,gef,0.9915711270347515,False,0.9802478529081294
50,4,6.06,4,gef,0.9963868448584137,False,0.9850635707317916
51,4,6.06,4,gef,0.9934590637979175,False,0.9821357896712954
52,4,6.06,4,gef,0.9920155673114438,False,0.9806922931848218
53,4,6.06,4,gef,0.9918628166640756,False,0.9805395425374536
54,4,6.06,4,gef,0.9959848346952367,False,0.9846615605686146
55,4,6.06,4,gef,0.9708417943230726,False,0.9595185201964506
56,4,6.06,4,gef,0.9911528372255626,False,0.9798295630989405
57,4,6.06,4,gef,0.9901624926209559,False,0.9788392184943339
58,4,6.06,4,gef,0.9897053176528443,False,0.9783820435262223
59,4,6.06,4,gef,0.9938877776200702,False,0.9825645034934481
60,4,6.06,4,gef,0.9938021836298565,True,0.9824789095032345
61,4,6.06,4,gef,0.9885763112468757,True,0.9772530371202537
62,4,6.06,4,gef,0.9880856842646419,True,0.9767624101380199
63,4,6.06,4,gef,0.9929431171291029,True,0.9816198430024808
64,4,6.06,4,gef,0.9973690983866497,False,0.9860458242600276
65,4,6.06,4,gef,0.9948524985812611,False,0.9835292244546391
66,4,6.06,4,gef,0.9941655550657783,False,0.9828422809391563
67,4,6.06,4,gef,0.994629549293798,True,0.983306275167176
68,4,6.06,4,gef,0.9911755895913099,True,0.9798523154646879
69,4,6.06,4,gef,0.9950792972763025,True,0.9837560231496805
70,4,6.06,4,gef,0.9883212338578946,True,0.9769979597312726
71,4,6.06,4,gef,0.993573761033996,False,0.9822504869073739
72,4,6.06,4,gef,0.9932882319357924,True,0.9819649578091704
73,4,6.06,4,gef,0.9896368896123423,False,0.9783136154857203
74,4,6.06,4,gef,0.9888205891919879,False,0.9774973150653659
1,5,6.06,4,gef,0.9931322832686146,False,0.9818090091419925
2,5,6.06,4,gef,0.9928679103990307,True,0.9815446362724086
3,5,6.06,4,gef,0.9693283788739103,True,0.9580051047472883
4,5,6.06,4,gef,0.9961527088179079,False,0.9848294346912858
5,5,6.06,4,gef,0.9946362951529302,False,0.9833130210263081
6,5,6.06,4,gef,0.9706217454600219,False,0.9592984713333998
7,5,6.06,4,gef,0.9776278691735607,False,0.9663045950469387
8,5,6.06,4,gef,0.9959046557500416,False,0.9845813816234196
9,5,6.06,4,gef,0.9926568460966128,True,0.9813335719699907
10,5,6.06,4,gef,0.9918987165552956,True,0.9805754424286736
11,5,6.06,4,gef,0.9944082888663839,False,0.9830850147397618
12,5,6.06,4,gef,0.9903063451179891,False,0.978983070991367
13,5,6.06,4,gef,0.9878130129998584,False,0.9764897388732363
14,5,6.06,4,gef,0.9878678252302777,False,0.9765445511036557
15,5,6.06,4,gef,0.9934390729237957,True,0.9821157987971737
16,5,6.06,4,gef,0.9888730915100148,False,0.9775498173833927
17,5,6.06,4,gef,0.9888154045368518,False,0.9774921304102298
18,5,6.06,4,gef,0.9855369715741296,True,0.9742136974475075
19,5,6.06,4,gef,0.9911261329330578,False,0.9798028588064358
20,5,6.06,4,gef,0.9828936131786963,True,0.9715703390520742
21,5,6.06,4,gef,0.9860259460450658,True,0.9747026719184437
22,5,6.06,4,gef,0.9885650459482743,False,0.9772417718216523
23,5,6.06,4,gef,0.9692398482407254,False,0.9579165741141034
24,5,6.06,4,gef,0.9866820981045785,False,0.9753588239779565
25,5,6.06,4,gef,0.9861404551986966,False,0.9748171810720746
26,5,6.06,4,gef,0.9836635767614759,False,0.9723403026348538
27,5,6.06,4,gef,0.995805289639411,True,0.9844820155127889
28,5,6.06,4,gef,0.9838523500708627,False,0.9725290759442407
29,5,6.06,4,gef,0.9825694476887532,False,0.9712461735621312
30,5,6.06,4,gef,0.9938152358644778,False,0.9824919617378558
31,5,6.06,4,gef,0.9940211907029901,False,0.9826979165763681
32,5,6.06,4,gef,0.9922567904913888,False,0.9809335163647668
33,5,6.06,4,gef,0.9906831347347842,False,0.9793598606081622
34,5,6.06,4,gef,0.9926607061783852,False,0.9813374320517632
35,5,6.06,4,gef,0.987977836282305,False,0.9766545621556829
36,5,6.06,4,gef,0.9862235940787738,False,0.9749003199521518
37,5,6.06,4,gef,0.9886633237900064,True,0.9773400496633844
38,5,6.06,4,gef,0.9885120448648884,True,0.9771887707382664
39,5,6.06,4,gef,0.9865613795900241,True,0.9752381054634021
40,5,6.06,4,gef,0.9974034795724218,True,0.9860802054457998
41,5,6.06,4,gef,0.9844075863669499,False,0.9730843122403279
42,5,6.06,4,gef,0.9926759888836421,False,0.98135271475702
43,5,6.06,4,gef,0.9813296359649574,True,0.9700063618383353
44,5,6.06,4,gef,0.9926868272402576,False,0.9813635531136355
45,5,6.06,4,gef,0.9782440848153694,True,0.9669208106887474
46,5,6.06,4,gef,0.9914712800685477,False,0.9801480059419256
47,5,6.06,4,gef,0.9895320471654993,False,0.9782087730388772
48,5,6.06,4,gef,0.9846326094991626,True,0.9733093353725406
49,5,6.06,4,gef,0.9818353939386896,False,0.9705121198120675
50,5,6.06,4,gef,0.9956083130284679,False,0.9842850389018458
51,5,6.06,4,gef,0.9892828255704567,False,0.9779595514438346
52,5,6.06,4,gef,0.9795514764643501,False,0.9682282023377281
53,5,6.06,4,gef,0.9157416145095396,True,0.9044183403829176
54,5,6.06,4,gef,0.9943391647985177,True,0.9830158906718957
55,5,6.06,4,gef,0.9915310827801264,False,0.9802078086535043
56,5,6.06,4,gef,0.9479182564602942,True,0.9365949823336721
57,5,6.06,4,gef,0.990586566046024,False,0.979263291919402
58,5,6.06,4,gef,0.989947597406724,False,0.978624323280102
1,6,6.06,4,gef,0.9845485351947815,True,0.9732252610681594
2,6,6.06,4,gef,0.9922638370922892,True,0.9809405629656671
3,6,6.06,4,gef,0.9877693622434689,False,0.9764460881168469
4,6,6.06,4,gef,0.9895091289430964,False,0.9781858548164744
5,6,6.06,4,gef,0.9817025421543957,False,0.9703792680277736
6,6,6.06,4,gef,0.9855918477338284,False,0.9742685736072063
7,6,6.06,4,gef,0.9905935048351019,False,0.9792702307084798
8,6,6.06,4,gef,0.98633883747189,False,0.975015563345268
9,6,6.06,4,gef,0.9925051174551391,False,0.9811818433285171
10,6,6.06,4,gef,0.9756599988235605,True,0.9643367246969384
11,6,6.06,4,gef,0.9919784116799549,True,0.9806551375533329
12,6,6.06,4,gef,0.9843511699651998,True,0.9730278958385777
13,6,6.06,4,gef,0.9890447538657611,False,0.977721479739139
14,6,6.06,4,gef,0.9811054378824599,False,0.9697821637558378
15,6,6.06,4,gef,0.977060212288508,False,0.965736938161886
16,6,6.06,4,gef,0.9898653123785905,False,0.9785420382519685
17,6,6.06,4,gef,0.981253710636157,False,0.9699304365095349
18,6,6.06,4,gef,0.982116640859128,True,0.9707933667325059
19,6,6.06,4,gef,0.9904448974694338,False,0.9791216233428117
20,6,6.06,4,gef,0.9895420343520401,True,0.9782187602254181
21,6,6.06,4,gef,0.9805732205279689,True,0.9692499464013469
22,6,6.06,4,gef,0.9933150657769609,True,0.9819917916503389
23,6,6.06,4,gef,0.9846159517692786,False,0.9732926776426566
24,6,6.06,4,gef,0.9633265415063696,False,0.9520032673797476
25,6,6.06,4,gef,0.9818142610620457,False,0.9704909869354237
26,6,6.06,4,gef,0.9880588472667832,False,0.9767355731401611
27,6,6.06,4,gef,0.9914445721913531,False,0.980121298064731
28,6,6.06,4,gef,0.9854913659460331,True,0.9741680918194111
29,6,6.06,4,gef,0.9864485374568671,False,0.9751252633302451
30,6,6.06,4,gef,0.9897404590829039,False,0.9784171849562818
31,6,6.06,4,gef,0.9915650070958334,True,0.9802417329692114
32,6,6.06,4,gef,0.9821225029754018,True,0.9707992288487798
33,6,6.06,4,gef,0.991805304548931,False,0.980482030422309
34,6,6.06,4,gef,0.9816039439317116,True,0.9702806698050895
35,6,6.06,4,gef,0.988379068255713,True,0.9770557941290909
36,6,6.06,4,gef,0.9795429789957311,False,0.968219704869109
37,6,6.06,4,gef,0.9872342331312763,False,0.9759109590046543
38,6,6.06,4,gef,0.9512412495029258,True,0.9399179753763037
39,6,6.06,4,gef,0.9922260512810792,False,0.9809027771544572
40,6,6.06,4,gef,0.9916559628904895,False,0.9803326887638675
41,6,6.06,4,gef,0.9814895461334846,False,0.9701662720068626
42,6,6.06,4,gef,0.9813745013474875,False,0.9700512272208655
43,6,6.06,4,gef,0.9879100232190854,False,0.9765867490924633
1,7,6.06,4,gef,0.9673881059406686,True,0.9560648318140466
2,7,6.06,4,gef,0.9921202813478109,False,0.9807970072211889
3,7,6.06,4,gef,0.9837402066336693,False,0.9724169325070473
4,7,6.06,4,gef,0.9681888315855212,False,0.9568655574588991
5,7,6.06,4,gef,0.9926222063373021,True,0.9812989322106801
6,7,6.06,4,gef,0.9898091189986655,True,0.9784858448720435
7,7,6.06,4,gef,0.9853629676837254,False,0.9740396935571034
8,7,6.06,4,gef,0.9894548726395044,False,0.9781315985128823
9,7,6.06,4,gef,0.9728838741512605,False,0.9615606000246385
10,7,6.06,4,gef,0.5981254581026739,True,0.5868021839760519
11,7,6.06,4,gef,0.9869232514807645,False,0.9755999773541425
12,7,6.06,4,gef,0.9826597225418162,True,0.9713364484151942
13,7,6.06,4,gef,0.909973587431917,True,0.898650313305295
14,7,6.06,4,gef,0.9540136581683267,False,0.9426903840417047
15,7,6.06,4,gef,0.9066186143329709,False,0.8952953402063488
16,7,6.06,4,gef,0.9904875521930316,False,0.9791642780664096
17,7,6.06,4,gef,0.9870657078500088,False,0.9757424337233868
18,7,6.06,4,gef,0.9825347322579002,True,0.9712114581312782
19,7,6.06,4,gef,0.989638406532609,False,0.978315132405987
20,7,6.06,4,gef,0.980222864706192,False,0.96889959057957
21,7,6.06,4,gef,0.9953138908755965,False,0.9839906167489745
22,7,6.06,4,gef,0.9850454075802638,True,0.9737221334536418
23,7,6.06,4,gef,0.9885344699576019,False,0.9772111958309798
24,7,6.06,4,gef,0.9961973807084356,True,0.9848741065818135
25,7,6.06,4,gef,0.9923341069694402,False,0.9810108328428182
26,7,6.06,4,gef,0.995782915506385,True,0.9844596413797629
27,7,6.06,4,gef,0.9934936982931987,True,0.9821704241665766
28,7,6.06,4,gef,0.9871644428622404,True,0.9758411687356183
29,7,6.06,4,gef,0.9731758769851439,False,0.9618526028585218
30,7,6.06,4,gef,0.9885605429868161,False,0.977237268860194
31,7,6.06,4,gef,0.9906298718734691,False,0.979306597746847
32,7,6.06,4,gef,0.9867643664206092,True,0.9754410922939871
33,7,6.06,4,gef,0.9949667559270914,False,0.9836434818004693
1,8,6.06,4,gef,0.9942563229155251,False,0.9829330487889031
2,8,6.06,4,gef,0.9881429252406677,True,0.9768196511140457
3,8,6.06,4,gef,0.9591662097526049,True,0.9478429356259829
4,8,6.06,4,gef,0.9859234057032564,False,0.9746001315766344
5,8,6.06,4,gef,0.9717902898242781,False,0.960467015697656
6,8,6.06,4,gef,0.9826510852715078,True,0.9713278111448858
7,8,6.06,4,gef,0.979424696616699,False,0.9681014224900769
8,8,6.06,4,gef,0.9270533555717689,False,0.9157300814451469
9,8,6.06,4,gef,0.9774546793435455,False,0.9661314052169234
10,8,6.06,4,gef,0.9924021632996801,True,0.9810788891730581
11,8,6.06,4,gef,0.9823063779803812,False,0.9709831038537592
12,8,6.06,4,gef,0.973228772374686,False,0.9619054982480639
13,8,6.06,4,gef,0.9862540136776895,True,0.9749307395510675
14,8,6.06,4,gef,0.9713181750573264,False,0.9599949009307044
15,8,6.06,4,gef,0.9822129394731057,False,0.9708896653464837
16,8,6.06,4,gef,0.991627869136712,False,0.9803045950100899
17,8,6.06,4,gef,0.9790897009011447,False,0.9677664267745226
18,8,6.06,4,gef,0.9899040091617431,True,0.9785807350351211
19,8,6.06,4,gef,0.9846987566583113,True,0.9733754825316893
20,8,6.06,4,gef,0.9526895660826173,True,0.9413662919559953
21,8,6.06,4,gef,0.9956916859561318,False,0.9843684118295097
22,8,6.06,4,gef,0.9797937986293617,False,0.9684705245027396
23,8,6.06,4,gef,0.9921485351695185,False,0.9808252610428965
24,8,6.06,4,gef,0.9890029097205867,False,0.9776796355939646
25,8,6.06,4,gef,0.982955184972741,False,0.971631910846119
26,8,6.06,4,gef,0.974843719264134,True,0.963520445137512
27,8,6.06,4,gef,0.9793173786509218,False,0.9679941045242998
28,8,6.06,4,gef,0.9875198541567698,False,0.9761965800301478
29,8,6.06,4,gef,0.989682258760998,False,0.978358984634376
30,8,6.06,4,gef,0.9861653323650683,True,0.9748420582384463
31,8,6.06,4,gef,0.9930497288420064,False,0.9817264547153843
32,8,6.06,4,gef,0.9874053883192163,False,0.9760821141925943
33,8,6.06,4,gef,0.9901216505391692,True,0.9787983764125472
34,8,6.06,4,gef,0.9876228718724713,False,0.9762995977458493
35,8,6.06,4,gef,0.9915449127730598,False,0.9802216386464377
36,8,6.06,4,gef,0.9843650837257384,False,0.9730418095991163
37,8,6.06,4,gef,0.9910671642743047,False,0.9797438901476827
38,8,6.06,4,gef,0.9874680410700734,True,0.9761447669434513
39,8,6.06,4,gef,0.9734513359351439,True,0.9621280618085218
40,8,6.06,4,gef,0.9749664652303922,False,0.9636431911037702
41,8,6.06,4,gef,0.9889070268787521,False,0.97758375275213
42,8,6.06,4,gef,0.9681139239936961,True,0.9567906498670741
43,8,6.06,4,gef,0.9845288904166092,True,0.9732056162899871
44,8,6.06,4,gef,0.9953128877522793,True,0.9839896136256573
45,8,6.06,4,gef,0.9886884017073669,True,0.9773651275807449
46,8,6.06,4,gef,0.9880745283242044,True,0.9767512541975824
47,8,6.06,4,gef,0.9783139464673368,False,0.9669906723407148
48,8,6.06,4,gef,0.9877594409128895,False,0.9764361667862674
49,8,6.06,4,gef,0.9919791712211135,False,0.9806558970944914
50,8,6.06,4,gef,0.9948570467910647,False,0.9835337726644426
51,8,6.06,4,gef,0.9927345231799425,False,0.9814112490533204
52,8,6.06,4,gef,0.9851530113982909,True,0.9738297372716689
53,8,6.06,4,gef,0.9932316144839746,False,0.9819083403573525
54,8,6.06,4,gef,0.9822154690891842,False,0.9708921949625622
55,8,6.06,4,gef,0.975214124850576,False,0.963890850723954
56,8,6.06,4,gef,0.9928297004165204,False,0.9815064262898984
57,8,6.06,4,gef,0.986743582512983,True,0.975420308386361
58,8,6.06,4,gef,0.9940395210786839,False,0.9827162469520618
59,8,6.06,4,gef,0.9898636078278384,False,0.9785403337012164
60,8,6.06,4,gef,0.9859134069932518,False,0.9745901328666298
61,8,6.06,4,gef,0.987178696653725,False,0.975855422527103
1,9,6.06,4,gef,0.9820744713934049,True,0.9707511972667828
2,9,6.06,4,gef,0.9854436103733416,True,0.9741203362467196
3,9,6.06,4,gef,0.9816976768676049,False,0.9703744027409829
4,9,6.06,4,gef,0.9841272056321309,False,0.9728039315055088
5,9,6.06,4,gef,0.9879637104707972,False,0.9766404363441752
6,9,6.06,4,gef,0.9703550583689793,False,0.9590317842423572
7,9,6.06,4,gef,0.9869983456176007,False,0.9756750714909787
8,9,6.06,4,gef,0.9711659681446388,True,0.9598426940180168
9,9,6.06,4,gef,0.9435350062254926,False,0.9322117320988705
10,9,6.06,4,gef,0.9674831086939039,True,0.9561598345672818
11,9,6.06,4,gef,0.9535423258816321,False,0.9422190517550101
12,9,6.06,4,gef,0.8988652733858675,False,0.8875419992592455
13,9,6.06,4,gef,0.9283992513010355,False,0.9170759771744135
14,9,6.06,4,gef,0.9744068122149969,False,0.9630835380883749
15,9,6.06,4,gef,0.9379078824217292,True,0.9265846082951071
16,9,6.06,4,gef,0.942367632134814,True,0.931044358008192
17,9,6.06,4,gef,0.9335843908920195,True,0.9222611167653975
18,9,6.06,4,gef,0.9650544661520414,False,0.9537311920254193
19,9,6.06,4,gef,0.9473629834790904,False,0.9360397093524684
20,9,6.06,4,gef,0.9317863861633633,False,0.9204631120367412
21,9,6.06,4,gef,0.9711204366882706,False,0.9597971625616486
22,9,6.06,4,gef,0.9652825014212063,False,0.9539592272945843
23,9,6.06,4,gef,0.9928692287923985,True,0.9815459546657764
24,9,6.06,4,gef,0.8840053989712144,False,0.8726821248445924
25,9,6.06,4,gef,0.9236333508727121,False,0.9123100767460901
26,9,6.06,4,gef,0.9670328082149219,False,0.9557095340882998
27,9,6.06,4,gef,0.9865834220372154,False,0.9752601479105933
28,9,6.06,4,gef,0.9407742953559867,False,0.9294510212293646
29,9,6.06,4,gef,0.9373276506876007,False,0.9260043765609787
30,9,6.06,4,gef,0.9864735067933065,False,0.9751502326666844
1,0,0.0,4,control,0.0029699238874087153,False,-0.008353350239213325
2,0,0.0,4,control,0.00560720484137678,False,-0.00571606928524526
3,0,0.0,4,control,0.002637446812788779,False,-0.008685827313833262
4,0,0.0,4,control,0.006044559623610239,True,-0.005278714503011802
5,0,0.0,4,control,0.004440061249987926,False,-0.006883212876634115
6,0,0.0,4,control,0.0014261701142155366,True,-0.009897104012406503
7,0,0.0,4,control,0.001239482381349578,False,-0.010083791745272462
8,0,0.0,4,control,0.006226755281659302,False,-0.005096518844962738
9,0,0.0,4,control,0.00784383726974478,False,-0.003479436856877261
10,0,0.0,4,control,0.003422774271418419,True,-0.007900499855203622
11,0,0.0,4,control,0.004377692706914095,False,-0.006945581419707946
12,0,0.0,4,control,0.004181337791502836,False,-0.007141936335119205
13,0,0.0,4,control,0.0030202556563344186,False,-0.008303018470287622
14,0,0.0,4,control,0.001684342237800212,False,-0.009638931888821829
15,0,0.0,4,control,0.012596083766791463,False,0.0012728096401694224
16,0,0.0,4,control,0.0014247562849374778,False,-0.009898517841684563
17,0,0.0,4,control,0.001221308916641673,True,-0.010101965209980367
18,0,0.0,4,control,0.0009912584543345238,False,-0.010332015672287517
19,0,0.0,4,control,0.0015618583582034259,False,-0.009761415768418614
20,0,0.0,4,control,0.0017569367450867637,True,-0.009566337381535277
21,0,0.0,4,control,0.003126056571597288,False,-0.008197217555024752
22,0,0.0,4,control,0.0032316186673277355,False,-0.008091655459294305
23,0,0.0,4,control,0.002741505346222956,False,-0.008581768780399084
24,0,0.0,4,control,0.005064020405990563,False,-0.0062592537206314774
25,0,0.0,4,control,0.003154246085225952,True,-0.008169028041396088
26,0,0.0,4,control,0.0015022411359117715,True,-0.00982103299071027
27,0,0.0,4,control,0.012184919274603774,False,0.0008616451479817339
28,0,0.0,4,control,0.0031400398961422037,False,-0.008183234230479838
29,0,0.0,4,control,0.0034140743662339156,False,-0.007909199760388124
30,0,0.0,4,control,0.0018882293200417955,False,-0.009435044806580245
31,0,0.0,4,control,0.002672384761870852,False,-0.00865088936475119
32,0,0.0,4,control,0.002254451729745288,False,-0.009068822396876753
33,0,0.0,4,control,0.006775701692158601,False,-0.00454757243446344
34,0,0.0,4,control,0.002790194848519992,False,-0.008533079278102049
35,0,0.0,4,control,0.0038397415597048908,False,-0.00748353256691715
36,0,0.0,4,control,0.003367848000460202,False,-0.00795542612616184
37,0,0.0,4,control,0.0056867394317837855,False,-0.005636534694838255
1,1,0.0,4,control,0.001917860877405557,False,-0.009405413249216484
2,1,0.0,4,control,0.0020661696833529477,False,-0.009257104443269094
3,1,0.0,4,control,0.009881726164716281,False,-0.0014415479619057595
4,1,0.0,4,control,0.0025575739211021725,False,-0.008765700205519868
5,1,0.0,4,control,0.0016050806043581948,False,-0.009718193522263845
6,1,0.0,4,control,0.003996352343125848,False,-0.0073269217834961925
7,1,0.0,4,control,0.0033528506843437207,True,-0.007970423442278319
8,1,0.0,4,control,0.0023388834424918894,False,-0.00898439068413015
9,1,0.0,4,control,0.00328799843366197,True,-0.008035275692960071
10,1,0.0,4,control,0.0022480301110574114,False,-0.009075244015564629
11,1,0.0,4,control,0.0007060849667548764,False,-0.010617189159867164
12,1,0.0,4,control,0.0033028202657512857,False,-0.008020453860870755
13,1,0.0,4,control,0.0015526414089041837,True,-0.009770632717717857
14,1,0.0,4,control,0.0028325141555699033,False,-0.008490759971052137
15,1,0.0,4,control,0.0015459454302708888,False,-0.009777328696351152
16,1,0.0,4,control,0.0027025118317454853,False,-0.008620762294876554
17,1,0.0,4,control,0.008560264852888263,True,-0.0027630092737337773
18,1,0.0,4,control,0.0011823796951702576,True,-0.010140894431451783
19,1,0.0,4,control,0.0022414655174987142,False,-0.009081808609123327
1,10,0.0,4,control,0.00802631832555776,True,-0.00329695580106428
2,10,0.0,4,control,0.006692391980355379,False,-0.004630882146266661
3,10,0.0,4,control,0.02097853381368291,False,0.00965525968706087
4,10,0.0,4,control,0.016696457107863237,False,0.005373182981241197
5,10,0.0,4,control,0.032790278679821636,False,0.021467004553199595
6,10,0.0,4,control,0.010180697289612125,True,-0.0011425768370099156
7,10,0.0,4,control,0.01734172219036917,False,0.006018448063747128
8,10,0.0,4,control,0.008922313875596197,False,-0.002400960251025843
9,10,0.0,4,control,0.006821950283785292,False,-0.004501323842836748
11,10,0.0,4,control,0.012222949268176164,True,0.0008996751415541234
12,10,0.0,4,control,0.017364067323372576,False,0.006040793196750535
13,10,0.0,4,control,0.005876754776728353,True,-0.005446519349893687
14,10,0.0,4,control,0.028703664836249577,False,0.017380390709627536
15,10,0.0,4,control,0.010803913186581604,False,-0.0005193609400404361
16,10,0.0,4,control,0.008827718774869717,False,-0.0024955553517523234
17,10,0.0,4,control,0.011198965194634793,False,-0.00012430893198724785
18,10,0.0,4,control,0.03891830152373642,True,0.027595027397114377
19,10,0.0,4,control,0.012664090901677189,True,0.0013408167750551484
20,10,0.0,4,control,0.004376973337443889,False,-0.0069463007891781515
21,10,0.0,4,control,0.009672566698277707,False,-0.0016507074283443335
22,10,0.0,4,control,0.011918897166416009,False,0.0005956230397939685
23,10,0.0,4,control,0.0013163207457324146,True,-0.010006953380889626
24,10,0.0,4,control,0.0031833461548817325,False,-0.008139927971740308
25,10,0.0,4,control,0.10322681082462722,False,0.09190353669800518
26,10,0.0,4,control,0.00407022823825255,False,-0.0072530458883694904
27,10,0.0,4,control,0.005268048756627645,True,-0.006055225369994395
28,10,0.0,4,control,0.004965286433881252,False,-0.006357987692740788
29,10,0.0,4,control,0.007941623952480983,True,-0.0033816501741410574
30,10,0.0,4,control,0.003393842634220609,False,-0.007929431492401431
31,10,0.0,4,control,0.008554859942587202,False,-0.002768414184034838
32,10,0.0,4,control,0.004794320488276048,False,-0.006528953638345992
33,10,0.0,4,control,0.017180816997936936,False,0.0058575428713148955
34,10,0.0,4,control,0.004874655612483131,True,-0.006448618514138909
35,10,0.0,4,control,0.0030040697464379282,True,-0.008319204380184112
36,10,0.0,4,control,0.007506364981708623,True,-0.0038169091449134175
37,10,0.0,4,control,0.005669844031953755,False,-0.0056534300946682855
38,10,0.0,4,control,0.0047146708997058,True,-0.00660860322691624
39,10,0.0,4,control,0.0029471709907912557,False,-0.008376103135830785
40,10,0.0,4,control,0.008588317577391206,False,-0.0027349565492308346
41,10,0.0,4,control,0.004716517385471144,False,-0.006606756741150897
42,10,0.0,4,control,0.006967699212050387,True,-0.004355574914571654
43,10,0.0,4,control,0.010176102372934264,False,-0.001147171753687776
45,10,0.0,4,control,0.005588954741654793,False,-0.005734319384967247
46,10,0.0,4,control,0.006483246950795873,False,-0.004840027175826167
47,10,0.0,4,control,0.0018143591874783195,False,-0.009508914939143721
48,10,0.0,4,control,0.005690240259827571,False,-0.0056330338667944695
49,10,0.0,4,control,0.046993617021542936,False,0.035670342894920895
50,10,0.0,4,control,0.0017071461429491858,False,-0.009616127983672855
51,10,0.0,4,control,0.008877550497529193,False,-0.0024457236290928476
52,10,0.0,4,control,0.005898637387949132,False,-0.0054246367386729085
53,10,0.0,4,control,0.008215510247459085,False,-0.0031077638791629555
54,10,0.0,4,control,0.0031004170031665194,False,-0.00822285712345552
55,10,0.0,4,control,0.003232091566685062,False,-0.008091182559936978
56,10,0.0,4,control,0.0076547204566542485,False,-0.003668553669967792
57,10,0.0,4,control,0.009535920557504667,False,-0.0017873535691173732
58,10,0.0,4,control,0.0031537548767916644,False,-0.008169519249830375
59,10,0.0,4,control,0.0039657811702331035,False,-0.007357492956388937
60,10,0.0,4,control,0.004826659080904068,False,-0.006496615045717973
61,10,0.0,4,control,0.002464214096934131,True,-0.00885906002968791
62,10,0.0,4,control,0.0033096696366254007,False,-0.00801360448999664
63,10,0.0,4,control,0.012004895268934734,True,0.0006816211423126932
64,10,0.0,4,control,0.02176282135376089,True,0.01043954722713885
65,10,0.0,4,control,0.005016118260325639,False,-0.006307155866296402
66,10,0.0,4,control,0.003986524337381757,False,-0.007336749789240283
67,10,0.0,4,control,0.008398957711761653,False,-0.002924316414860387
68,10,0.0,4,control,0.011416098736642353,False,9.282461002031207e-05
69,10,0.0,4,control,0.005416809307053001,True,-0.0059064648195690395
70,10,0.0,4,control,0.01094457516250363,False,-0.00037869896411841034
71,10,0.0,4,control,0.0038669820513727755,False,-0.007456292075249265
73,10,0.0,4,control,0.009335838624405096,False,-0.0019874355022169443
74,10,0.0,4,control,0.007671561591474285,False,-0.0036517125351477556
75,10,0.0,4,control,0.004996772312409384,False,-0.0063265018142126565
77,10,0.0,4,control,0.019469521711489156,False,0.008146247584867115
78,10,0.0,4,control,0.005564768004519325,False,-0.005758506122102715
79,10,0.0,4,control,0.0057120072385470405,False,-0.005611266888075
80,10,0.0,4,control,0.005656758257848424,False,-0.005666515868773617
1,11,0.0,4,control,0.010109034874052939,True,-0.0012142392525691017
2,11,0.0,4,control,0.03187048121556402,False,0.020547207088941977
3,11,0.0,4,control,0.018249826454940735,False,0.006926552328318694
4,11,0.0,4,control,0.012134624205640201,False,0.0008113500790181607
5,11,0.0,4,control,0.01195925960900156,False,0.0006359854823795204
6,11,0.0,4,control,0.014994097492508324,False,0.0036708233658862832
7,11,0.0,4,control,0.009232360691346388,False,-0.002090913435275652
8,11,0.0,4,control,0.0025507632848682073,False,-0.008772510841753834
9,11,0.0,4,control,0.014185289378692064,False,0.0028620152520700236
10,11,0.0,4,control,0.014445025791882189,False,0.003121751665260148
11,11,0.0,4,control,0.007283750201717754,False,-0.0040395239249042866
12,11,0.0,4,control,0.009996779908780692,True,-0.0013264942178413484
13,11,0.0,4,control,0.01876057900783078,True,0.00743730488120874
14,11,0.0,4,control,0.009628503017191106,False,-0.0016947711094309342
15,11,0.0,4,control,0.05679838319692131,True,0.045475109070299266
16,11,0.0,4,control,0.01215777517154972,True,0.0008345010449276793
17,11,0.0,4,control,0.009153622471877159,False,-0.0021696516547448814
18,11,0.0,4,control,0.0013353643132032879,True,-0.009987909813418752
19,11,0.0,4,control,0.01090869799887068,False,-0.00041457612775135967
20,11,0.0,4,control,0.007023550414406452,False,-0.004299723712215589
21,11,0.0,4,control,0.010138417861252478,False,-0.0011848562653695629
22,11,0.0,4,control,0.012959567958024821,False,0.0016362938314027804
23,11,0.0,4,control,0.0056343769212870865,False,-0.005688897205334954
24,11,0.0,4,control,0.007826133822071809,False,-0.0034971403045502315
25,11,0.0,4,control,0.09615444516041964,False,0.0848311710337976
26,11,0.0,4,control,0.006037186492185912,True,-0.005286087634436129
27,11,0.0,4,control,0.007293028529902805,True,-0.004030245596719236
28,11,0.0,4,control,0.03941785611210695,False,0.02809458198548491
29,11,0.0,4,control,0.004830995993883891,False,-0.006492278132738149
30,11,0.0,4,control,0.021847123076640485,False,0.010523848950018445
31,11,0.0,4,control,0.004783466972884215,False,-0.006539807153737825
32,11,0.0,4,control,0.1374403599933413,True,0.12611708586671927
33,11,0.0,4,control,0.015281961367699003,False,0.003958687241076963
34,11,0.0,4,control,0.011922729432094858,False,0.0005994553054728177
35,11,0.0,4,control,0.009567187217182851,False,-0.0017560869094391893
36,11,0.0,4,control,0.04260385899131019,True,0.03128058486468815
37,11,0.0,4,control,0.005783553864613973,False,-0.005539720262008068
38,11,0.0,4,control,0.023727893241379687,False,0.012404619114757647
39,11,0.0,4,control,0.0063290620293536045,False,-0.004994212097268436
40,11,0.0,4,control,0.003662408993958434,False,-0.007660865132663607
41,11,0.0,4,control,0.0022913610785445003,False,-0.009031913048077541
42,11,0.0,4,control,0.017897911581360344,False,0.006574637454738304
43,11,0.0,4,control,0.01405567141050657,False,0.0027323972838845297
44,11,0.0,4,control,0.013025734907384609,True,0.0017024607807625686
45,11,0.0,4,control,0.001559756991217897,True,-0.009763517135404144
46,11,0.0,4,control,0.01429993538719775,True,0.002976661260575709
47,11,0.0,4,control,0.004149719642527636,False,-0.007173554484094405
48,11,0.0,4,control,0.0030506623376478394,False,-0.008272611788974201
49,11,0.0,4,control,0.020124887701704924,False,0.008801613575082884
50,11,0.0,4,control,0.005809381153058416,True,-0.005513892973563624
51,11,0.0,4,control,0.00508225977876515,False,-0.0062410143478568905
52,11,0.0,4,control,0.010763971846245137,True,-0.0005593022803769034
53,11,0.0,4,control,0.009184450282719947,False,-0.002138823843902094
54,11,0.0,4,control,0.008525012394063705,True,-0.002798261732558335
55,11,0.0,4,control,0.006322106921587136,False,-0.005001167205034905
56,11,0.0,4,control,0.0036529638754158947,False,-0.007670310251206146
57,11,0.0,4,control,0.0017451571799953092,False,-0.009578116946626731
58,11,0.0,4,control,0.005452854516767254,False,-0.0058704196098547864
59,11,0.0,4,control,0.013688995367520825,False,0.0023657212408987847
60,11,0.0,4,control,0.029852608132632068,False,0.018529334006010027
61,11,0.0,4,control,0.00570304317800485,False,-0.00562023094861719
62,11,0.0,4,control,0.004866347549149241,False,-0.0064569265774728
63,11,0.0,4,control,0.005192922506445386,True,-0.006130351620176655
64,11,0.0,4,control,0.022649141002828603,True,0.011325866876206563
65,11,0.0,4,control,0.0036349791693907193,False,-0.007688294957231321
66,11,0.0,4,control,0.006185397195181295,True,-0.005137876931440745
67,11,0.0,4,control,0.0068551718540067665,True,-0.004468102272615274
68,11,0.0,4,control,0.008997801220762113,False,-0.0023254729058599273
69,11,0.0,4,control,0.012608276804085026,False,0.0012850026774629854
70,11,0.0,4,control,0.0049847909282289896,False,-0.006338483198393051
71,11,0.0,4,control,0.0055411029215638565,False,-0.005782171205058184
72,11,0.0,4,control,0.0197471960423765,False,0.00842392191575446
73,11,0.0,4,control,0.011402025164451119,True,7.875103782907858e-05
74,11,0.0,4,control,0.0078247893395757,False,-0.003498484787046341
75,11,0.0,4,control,0.012529115551623036,False,0.0012058414250009954
76,11,0.0,4,control,0.0037233023426299534,False,-0.007599971783992087
77,11,0.0,4,control,0.008207735062444297,True,-0.0031155390641777435
78,11,0.0,4,control,0.010131498877938457,True,-0.0011917752486835832
79,11,0.0,4,control,0.023835624011054168,False,0.012512349884432127
80,11,0.0,4,control,0.020177125475012613,True,0.008853851348390573
1,12,0.0,4,control,0.004140768168325973,False,-0.007182505958296067
2,12,0.0,4,control,0.005405884757725545,False,-0.005917389368896495
3,12,0.0,4,control,0.0062773045587192445,False,-0.005045969567902796
4,12,0.0,4,control,0.003251134592521324,False,-0.008072139534100718
5,12,0.0,4,control,0.0046575163556352665,False,-0.006665757770986774
6,12,0.0,4,control,0.008933466233558235,False,-0.002389807893063806
7,12,0.0,4,control,0.0031179705805981827,False,-0.008205303546023859
8,12,0.0,4,control,0.004393398292761254,False,-0.006929875833860786
9,12,0.0,4,control,0.004126675010745759,True,-0.007196599115876281
10,12,0.0,4,control,0.00204771568801205,False,-0.00927555843860999
11,12,0.0,4,control,0.029248499726752974,False,0.017925225600130934
12,12,0.0,4,control,0.0032444235379448004,False,-0.008078850588677241
13,12,0.0,4,control,0.01043564020866389,False,-0.000887633917958151
14,12,0.0,4,control,0.002536902124419217,True,-0.008786372002202824
15,12,0.0,4,control,0.006718146390941529,False,-0.004605127735680512
16,12,0.0,4,control,0.00423649884899549,False,-0.00708677527762655
17,12,0.0,4,control,0.006387414509517175,False,-0.004935859617104865
18,12,0.0,4,control,0.002148376558733722,True,-0.009174897567888318
19,12,0.0,4,control,0.009018439949723633,False,-0.0023048341768984078
20,12,0.0,4,control,0.007696800421610099,True,-0.003626473705011941
21,12,0.0,4,control,0.004702191670985156,False,-0.0066210824556368845
22,12,0.0,4,control,0.008644670821447261,False,-0.0026786033051747794
23,12,0.0,4,control,0.0067045188541908106,True,-0.00461875527243123
24,12,0.0,4,control,0.006667892973779335,False,-0.004655381152842706
25,12,0.0,4,control,0.005164518228923118,False,-0.006158755897698922
26,12,0.0,4,control,0.005028358040380139,True,-0.006294916086241902
27,12,0.0,4,control,0.0042533983532221,False,-0.00706987577339994
28,12,0.0,4,control,0.006318296945914986,False,-0.005004977180707054
29,12,0.0,4,control,0.003905146702499277,False,-0.007418127424122763
30,12,0.0,4,control,0.010032209564256964,False,-0.0012910645623650761
31,12,0.0,4,control,0.0063058200744328784,False,-0.005017454052189162
32,12,0.0,4,control,0.0022421625363092954,False,-0.009081111590312746
33,12,0.0,4,control,0.011309763170041075,False,-1.3510956580965044e-05
34,12,0.0,4,control,0.017480584611603227,False,0.006157310484981186
35,12,0.0,4,control,0.006891783060764026,False,-0.004431491065858014
36,12,0.0,4,control,0.010739027882607338,True,-0.0005842462440147026
37,12,0.0,4,control,0.006091144092266837,False,-0.005232130034355203
38,12,0.0,4,control,0.005693635725070351,True,-0.00562963840155169
39,12,0.0,4,control,0.008211998472270877,False,-0.0031112756543511637
40,12,0.0,4,control,0.004927406380300357,False,-0.006395867746321684
41,12,0.0,4,control,0.01553796206294492,False,0.00421468793632288
42,12,0.0,4,control,0.003948606513826126,False,-0.007374667612795914
43,12,0.0,4,control,0.012342771032375615,False,0.0010194969057535745
44,12,0.0,4,control,0.004562021072295224,False,-0.0067612530543268165
45,12,0.0,4,control,0.010805024631309671,False,-0.0005182494953123694
46,12,0.0,4,control,0.01250638246893008,False,0.00118310834230804
47,12,0.0,4,control,0.01343129910048041,True,0.002108024973858369
48,12,0.0,4,control,0.010028004650014029,False,-0.0012952694766080117
49,12,0.0,4,control,0.03011848004843176,False,0.01879520592180972
50,12,0.0,4,control,0.012567191695262006,False,0.0012439175686399656
51,12,0.0,4,control,0.0041891120606852945,True,-0.007134162065936746
52,12,0.0,4,control,0.012671601190747592,True,0.001348327064125552
53,12,0.0,4,control,0.008141516174276765,True,-0.003181757952345276
54,12,0.0,4,control,0.003089091142236506,False,-0.008234182984385535
55,12,0.0,4,control,0.005693006577769415,False,-0.005630267548852625
56,12,0.0,4,control,0.02166470102262799,False,0.01034142689600595
57,12,0.0,4,control,0.00416042546604965,True,-0.0071628486605723905
58,12,0.0,4,control,0.014892896703464997,False,0.003569622576842957
59,12,0.0,4,control,0.010266700328173521,False,-0.001056573798448519
60,12,0.0,4,control,0.004504980892262873,False,-0.006818293234359167
61,12,0.0,4,control,0.009103512596431131,False,-0.002219761530190909
62,12,0.0,4,control,0.006162405516764183,False,-0.005160868609857858
63,12,0.0,4,control,0.018340606240289763,False,0.007017332113667722
64,12,0.0,4,control,0.01994123942713613,True,0.008617965300514091
65,12,0.0,4,control,0.006389714753383506,False,-0.004933559373238534
66,12,0.0,4,control,0.00546794990326912,False,-0.005855324223352921
67,12,0.0,4,control,0.07721838121250288,False,0.06589510708588084
68,12,0.0,4,control,0.007317815725561344,False,-0.004005458401060697
1,13,0.0,4,control,0.023222907603262278,False,0.011899633476640237
2,13,0.0,4,control,0.008791863360203047,False,-0.002531410766418994
3,13,0.0,4,control,0.0033134301588660297,True,-0.00800984396775601
4,13,0.0,4,control,0.011092004016749585,True,-0.00023127010987245532
5,13,0.0,4,control,0.004376297336317838,False,-0.006946976790304203
6,13,0.0,4,control,0.0023160005016012774,True,-0.009007273625020764
7,13,0.0,4,control,0.007766920829555303,False,-0.0035563532970667375
8,13,0.0,4,control,0.003153845584125054,True,-0.008169428542496986
9,13,0.0,4,control,0.005460493079575642,False,-0.005862781047046398
10,13,0.0,4,control,0.0035240311788573425,False,-0.007799242947764698
11,13,0.0,4,control,0.007659602345311646,False,-0.0036636717813103943
12,13,0.0,4,control,0.002331342336403704,True,-0.008991931790218337
13,13,0.0,4,control,0.0041893294342614604,True,-0.00713394469236058
14,13,0.0,4,control,0.008302563533780496,False,-0.0030207105928415443
15,13,0.0,4,control,0.0028557869872115273,True,-0.008467487139410514
16,13,0.0,4,control,0.00896298210379811,False,-0.00236029202282393
17,13,0.0,4,control,0.01625698056500638,True,0.004933706438384339
18,13,0.0,4,control,0.0040773007983400614,False,-0.007245973328281979
19,13,0.0,4,control,0.006089174561593498,False,-0.005234099565028542
20,13,0.0,4,control,0.004395929291568343,False,-0.006927344835053697
21,13,0.0,4,control,0.005933509303938327,True,-0.005389764822683714
22,13,0.0,4,control,0.008783042971752381,False,-0.002540231154869659
23,13,0.0,4,control,0.008547641983401483,True,-0.002775632143220557
24,13,0.0,4,control,0.0038528411422813344,True,-0.007470432984340706
25,13,0.0,4,control,0.001253350301398387,True,-0.010069923825223653
26,13,0.0,4,control,0.025633788994044227,False,0.014310514867422186
27,13,0.0,4,control,0.004684744002858625,True,-0.0066385301237634154
28,13,0.0,4,control,0.008220393262479983,True,-0.003102880864142057
29,13,0.0,4,control,0.011393729931115103,False,7.045580449306296e-05
30,13,0.0,4,control,0.011216294066417814,False,-0.0001069800602042266
31,13,0.0,4,control,0.0032622724165150573,True,-0.008061001710106984
32,13,0.0,4,control,0.005818073343821629,False,-0.005505200782800411
33,13,0.0,4,control,0.0044224794470920994,False,-0.006900794679529941
34,13,0.0,4,control,0.006906027519022492,False,-0.0044172466075995485
35,13,0.0,4,control,0.008490344591103923,True,-0.0028329295355181174
36,13,0.0,4,control,0.003332312472154381,False,-0.007990961654467658
37,13,0.0,4,control,0.007985276963645923,True,-0.0033379971629761175
38,13,0.0,4,control,0.007401991962208665,False,-0.003921282164413375
39,13,0.0,4,control,0.00683398384973174,False,-0.0044892902768903006
40,13,0.0,4,control,0.006647387110442732,False,-0.004675887016179309
41,13,0.0,4,control,0.003549649181071668,False,-0.007773624945550372
42,13,0.0,4,control,0.006848219542234425,False,-0.004475054584387616
43,13,0.0,4,control,0.0026793254074482203,False,-0.00864394871917382
44,13,0.0,4,control,0.005512736644826342,True,-0.005810537481795698
45,13,0.0,4,control,0.004263193177953821,True,-0.007060080948668219
46,13,0.0,4,control,0.004292716441756715,False,-0.007030557684865326
47,13,0.0,4,control,0.010751100663247252,True,-0.0005721734633747887
48,13,0.0,4,control,0.004023132280275001,False,-0.00730014184634704
49,13,0.0,4,control,0.004634468814413388,False,-0.006688805312208652
50,13,0.0,4,control,0.0027348258193710937,True,-0.008588448307250947
51,13,0.0,4,control,0.0037769060074401783,False,-0.007546368119181862
52,13,0.0,4,control,0.007338405706131321,True,-0.003984868420490719
53,13,0.0,4,control,0.00801069099420213,False,-0.003312583132419911
54,13,0.0,4,control,0.011372549514786992,False,4.9275388164951237e-05
55,13,0.0,4,control,0.004523049453044374,False,-0.006800224673577666
56,13,0.0,4,control,0.005684584057372503,False,-0.0056386900692495375
57,13,0.0,4,control,0.0028486965168559573,True,-0.008474577609766084
58,13,0.0,4,control,0.005080840819137362,False,-0.006242433307484679
59,13,0.0,4,control,0.002323020509849641,False,-0.0090002536167724
60,13,0.0,4,control,0.0033874784241996274,False,-0.007935795702422413
61,13,0.0,4,control,0.004628441508026009,False,-0.0066948326185960316
62,13,0.0,4,control,0.005120685617603963,True,-0.006202588509018078
63,13,0.0,4,control,0.005614665567356106,True,-0.005708608559265934
64,13,0.0,4,control,0.005218525865710933,False,-0.006104748260911107
65,13,0.0,4,control,0.005250244687560622,False,-0.006073029439061418
66,13,0.0,4,control,0.0053383861691070214,False,-0.005984887957515019
67,13,0.0,4,control,0.009958386008582551,False,-0.0013648881180394895
68,13,0.0,4,control,0.006282544270867438,False,-0.0050407298557546025
69,13,0.0,4,control,0.010826239354114402,False,-0.0004970347725076381
70,13,0.0,4,control,0.00615498941867623,True,-0.005168284707945811
71,13,0.0,4,control,0.009862566478811898,False,-0.0014607076478101427
72,13,0.0,4,control,0.0042519665198296145,False,-0.007071307606792426
73,13,0.0,4,control,0.005297027642576169,False,-0.006026246484045872
74,13,0.0,4,control,0.005360531019825804,False,-0.005962743106796236
75,13,0.0,4,control,0.0070433810373140724,False,-0.004279893089307968
76,13,0.0,4,control,0.0023823495781740674,False,-0.008940924548447974
77,13,0.0,4,control,0.008183071787841646,False,-0.0031402023387803943
78,13,0.0,4,control,0.005126327218568516,False,-0.006196946908053525
1,14,0.0,4,control,0.02810214541651912,False,0.01677887128989708
2,14,0.0,4,control,0.01956759732958082,False,0.00824432320295878
3,14,0.0,4,control,0.0042177115539442835,False,-0.007105562572677757
4,14,0.0,4,control,0.006479748093133795,False,-0.004843526033488245
5,14,0.0,4,control,0.004179694061067231,False,-0.007143580065554809
6,14,0.0,4,control,0.010047707623475453,False,-0.0012755665031465874
7,14,0.0,4,control,0.017027771381754656,False,0.005704497255132616
8,14,0.0,4,control,0.004087600488281615,False,-0.007235673638340425
9,14,0.0,4,control,0.00549723923189672,False,-0.005826034894725321
10,14,0.0,4,control,0.0015041336621922116,True,-0.009819140464429828
11,14,0.0,4,control,0.004403406148416606,False,-0.006919867978205435
12,14,0.0,4,control,0.02190272872351113,False,0.010579454596889089
13,14,0.0,4,control,0.004332669145681299,False,-0.006990604980940741
14,14,0.0,4,control,0.00376548491539061,False,-0.0075577892112314304
15,14,0.0,4,control,0.012075654554469472,False,0.0007523804278474315
16,14,0.0,4,control,0.00971291848943601,True,-0.0016103556371860304
17,14,0.0,4,control,0.00847092880349173,True,-0.00285234532313031
18,14,0.0,4,control,0.007239457307802589,False,-0.004083816818819451
19,14,0.0,4,control,0.009797142337490499,False,-0.0015261317891315414
20,14,0.0,4,control,0.0062437374551620696,False,-0.005079536671459971
21,14,0.0,4,control,0.002825127001352719,False,-0.008498147125269322
22,14,0.0,4,control,0.002522188069663328,False,-0.008801086056958712
23,14,0.0,4,control,0.0062702725845253885,True,-0.005053001542096652
24,14,0.0,4,control,0.0045087437418483214,False,-0.006814530384773719
25,14,0.0,4,control,0.004473122262630634,False,-0.006850151863991407
26,14,0.0,4,control,0.005909510121259497,False,-0.0054137640053625435
27,14,0.0,4,control,0.005587995750770458,False,-0.005735278375851582
28,14,0.0,4,control,0.0051708126339216525,False,-0.006152461492700388
29,14,0.0,4,control,0.003034373050339434,False,-0.008288901076282607
30,14,0.0,4,control,0.010506247384938537,False,-0.000817026741683503
31,14,0.0,4,control,0.007146392922288437,False,-0.004176881204333603
32,14,0.0,4,control,0.009890695610378634,False,-0.001432578516243406
33,14,0.0,4,control,0.005023873417008613,True,-0.006299400709613427
34,14,0.0,4,control,0.006690603767728768,False,-0.004632670358893272
35,14,0.0,4,control,0.009675676548651868,False,-0.0016475975779701724
36,14,0.0,4,control,0.0023612264550246934,False,-0.008962047671597348
37,14,0.0,4,control,0.005312851224317076,False,-0.006010422902304965
38,14,0.0,4,control,0.006219839688662025,True,-0.005103434437960015
39,14,0.0,4,control,0.006165435584355358,False,-0.005157838542266683
40,14,0.0,4,control,0.001119160008108056,False,-0.010204114118513984
41,14,0.0,4,control,0.0105616457455805,True,-0.0007616283810415406
42,14,0.0,4,control,0.0018431391155431264,True,-0.009480135011078914
43,14,0.0,4,control,0.008605862412685555,True,-0.0027174117139364858
44,14,0.0,4,control,0.0016385175177992066,False,-0.009684756608822833
45,14,0.0,4,control,0.006486252188071957,False,-0.0048370219385500835
46,14,0.0,4,control,0.006571384736895868,False,-0.004751889389726173
47,14,0.0,4,control,0.0008395354826580458,False,-0.010483738643963994
48,14,0.0,4,control,0.006647696753677136,False,-0.004675577372944904
49,14,0.0,4,control,0.004462400310064013,False,-0.006860873816558028
50,14,0.0,4,control,0.009193648152933304,False,-0.002129625973688737
51,14,0.0,4,control,0.00954748678832872,False,-0.0017757873382933213
52,14,0.0,4,control,0.004849261442728356,False,-0.006474012683893684
53,14,0.0,4,control,0.0017172111747724556,False,-0.009606062951849586
54,14,0.0,4,control,0.014451212314638476,False,0.003127938188016436
55,14,0.0,4,control,0.015634955676546568,False,0.004311681549924527
56,14,0.0,4,control,0.00969182693441216,False,-0.001631447192209881
57,14,0.0,4,control,0.00908528245700652,True,-0.002237991669615521
58,14,0.0,4,control,0.002415754093573733,False,-0.008907520033048308
59,14,0.0,4,control,0.00416078550770929,True,-0.007162488618912751
60,14,0.0,4,control,0.012536420805755611,True,0.0012131466791335706
61,14,0.0,4,control,0.010938103104108952,False,-0.00038517102251308874
62,14,0.0,4,control,0.004400774676945404,False,-0.0069224994496766366
63,14,0.0,4,control,0.0061878893110727355,False,-0.005135384815549305
64,14,0.0,4,control,0.0025595123276112193,True,-0.008763761799010821
65,14,0.0,4,control,0.005255925161621723,False,-0.006067348965000318
66,14,0.0,4,control,0.009867234289545742,False,-0.0014560398370762982
67,14,0.0,4,control,0.003714089714104379,False,-0.007609184412517661
68,14,0.0,4,control,0.00288014167070163,False,-0.00844313245592041
69,14,0.0,4,control,0.009678448059756543,False,-0.0016448260668654978
70,14,0.0,4,control,0.011276282424359775,False,-4.69917022622654e-05
71,14,0.0,4,control,0.010124431594155882,True,-0.0011988425324661583
72,14,0.0,4,control,0.004861716610660287,False,-0.006461557515961753
73,14,0.0,4,control,0.017412639451226813,True,0.006089365324604773
74,14,0.0,4,control,0.0101067753364899,True,-0.0012164987901321402
75,14,0.0,4,control,0.003379707329412043,False,-0.007943566797209999
76,14,0.0,4,control,0.0064007284480533805,False,-0.00492254567856866
77,14,0.0,4,control,0.010290737727416916,False,-0.0010325363992051244
78,14,0.0,4,control,0.003215393033326704,False,-0.008107881093295338
79,14,0.0,4,control,0.0050861499175094745,False,-0.006237124209112566
1,15,0.0,4,control,0.015919452762388844,False,0.004596178635766803
2,15,0.0,4,control,0.015516128014158428,False,0.004192853887536388
3,15,0.0,4,control,0.009834564642466629,False,-0.0014887094841554115
4,15,0.0,4,control,0.010575508542587066,True,-0.0007477655840349741
5,15,0.0,4,control,0.047592959858298776,False,0.036269685731676736
6,15,0.0,4,control,0.005111418085298272,False,-0.006211856041323768
7,15,0.0,4,control,0.02505770621196849,True,0.01373443208534645
8,15,0.0,4,control,0.01710731058929186,False,0.0057840364626698185
9,15,0.0,4,control,0.02197311007718361,False,0.01064983595056157
10,15,0.0,4,control,0.04881125606131441,False,0.03748798193469237
11,15,0.0,4,control,0.06318333843864922,False,0.05186006431202718
12,15,0.0,4,control,0.015253553607523626,False,0.003930279480901586
13,15,0.0,4,control,0.03169648268419363,False,0.02037320855757159
14,15,0.0,4,control,0.03791280023821634,False,0.0265895261115943
15,15,0.0,4,control,0.013427296713341483,True,0.0021040225867194427
16,15,0.0,4,control,0.04114658649984317,False,0.029823312373221132
17,15,0.0,4,control,0.016255644317551957,False,0.004932370190929916
18,15,0.0,4,control,0.029127997510359403,False,0.017804723383737363
19,15,0.0,4,control,0.003211069966273649,False,-0.008112204160348392
20,15,0.0,4,control,0.0073463275678681455,False,-0.003976946558753895
21,15,0.0,4,control,0.03830157956945229,False,0.026978305442830253
22,15,0.0,4,control,0.01016093495209416,False,-0.00116233917452788
23,15,0.0,4,control,0.012514096275428276,False,0.0011908221488062358
24,15,0.0,4,control,0.004374163340968027,False,-0.006949110785654014
25,15,0.0,4,control,0.0027388186029109318,False,-0.008584455523711109
26,15,0.0,4,control,0.004449256805937494,False,-0.006874017320684546
27,15,0.0,4,control,0.003577510279641196,True,-0.007745763846980844
28,15,0.0,4,control,0.008367707149441562,True,-0.0029555669771804786
29,15,0.0,4,control,0.0064317696610272255,False,-0.004891504465594815
30,15,0.0,4,control,0.009569951511728314,False,-0.001753322614893726
31,15,0.0,4,control,0.002339211851465359,True,-0.008984062275156681
32,15,0.0,4,control,0.0032080257602998758,False,-0.008115248366322166
33,15,0.0,4,control,0.008808037635962145,True,-0.002515236490659895
34,15,0.0,4,control,0.03225536538398732,True,0.020932091257365282
35,15,0.0,4,control,0.021629615287471364,False,0.010306341160849324
36,15,0.0,4,control,0.06300518640328459,False,0.05168191227666255
37,15,0.0,4,control,0.003943342373403667,False,-0.007379931753218373
38,15,0.0,4,control,0.004138842710936063,False,-0.007184431415685978
39,15,0.0,4,control,0.028283699941268826,False,0.016960425814646785
40,15,0.0,4,control,0.019834657196739647,False,0.008511383070117607
41,15,0.0,4,control,0.00595008642912456,True,-0.0053731876974974805
42,15,0.0,4,control,0.019056689526112558,False,0.0077334153994905175
43,15,0.0,4,control,0.002099972510442702,False,-0.009223301616179338
44,15,0.0,4,control,0.004351558503568514,False,-0.006971715623053526
45,15,0.0,4,control,0.004073197433282242,False,-0.007250076693339798
46,15,0.0,4,control,0.014851008420476097,True,0.003527734293854057
47,15,0.0,4,control,0.023067218781710256,False,0.011743944655088216
48,15,0.0,4,control,0.007566116779269344,False,-0.0037571573473526966
49,15,0.0,4,control,0.002257086434775895,False,-0.009066187691846146
50,15,0.0,4,control,0.0013418564597709507,False,-0.00998141766685109
51,15,0.0,4,control,0.002319089028975066,False,-0.009004185097646975
52,15,0.0,4,control,0.040770217338766776,True,0.029446943212144736
53,15,0.0,4,control,0.006934695029273056,False,-0.004388579097348985
54,15,0.0,4,control,0.011683701122797869,False,0.0003604269961758281
55,15,0.0,4,control,0.010647291985126657,False,-0.0006759821414953834
56,15,0.0,4,control,0.006083594859814302,False,-0.005239679266807739
57,15,0.0,4,control,0.03702104492188389,True,0.02569777079526185
58,15,0.0,4,control,0.0035654693166201493,True,-0.007757804810001891
59,15,0.0,4,control,0.011918526533806765,False,0.0005952524071847244
60,15,0.0,4,control,0.005093812911046857,True,-0.006229461215575183
61,15,0.0,4,control,0.010924262012683619,False,-0.00039901211393842187
62,15,0.0,4,control,0.003120496274048935,False,-0.008202777852573106
63,15,0.0,4,control,0.004947543101496353,True,-0.006375731025125687
64,15,0.0,4,control,0.0069742757620026435,False,-0.004348998364619397
65,15,0.0,4,control,0.009598795686370568,False,-0.0017244784402514722
66,15,0.0,4,control,0.020176856003726037,False,0.008853581877103996
67,15,0.0,4,control,0.024688289508346485,False,0.013365015381724445
68,15,0.0,4,control,0.0026215972844261287,False,-0.008701676842195912
69,15,0.0,4,control,0.00931334471992019,False,-0.00200992940670185
70,15,0.0,4,control,0.005344839684308481,False,-0.005978434442313559
71,15,0.0,4,control,0.005454401613010971,False,-0.005868872513611069
72,15,0.0,4,control,0.011713969596204741,False,0.0003906954695827008
1,16,0.0,4,control,0.004372481953831092,False,-0.006950792172790948
2,16,0.0,4,control,0.010146569704321571,False,-0.0011767044223004695
3,16,0.0,4,control,0.004345295032587339,False,-0.0069779790940347015
4,16,0.0,4,control,0.0045603386538200785,False,-0.006762935472801962
5,16,0.0,4,control,0.00813548903001586,False,-0.00318778509660618
6,16,0.0,4,control,0.014042958156679644,True,0.002719684030057604
7,16,0.0,4,control,0.008996581265707012,True,-0.0023266928609150285
8,16,0.0,4,control,0.0049321172178798875,False,-0.006391156908742153
9,16,0.0,4,control,0.03182542174699281,True,0.020502147620370767
10,16,0.0,4,control,0.01556344851523026,True,0.00424017438860822
11,16,0.0,4,control,0.008953227323552509,False,-0.0023700468030695317
12,16,0.0,4,control,0.014953153692839411,False,0.0036298795662173707
13,16,0.0,4,control,0.015668661218134285,False,0.004345387091512245
14,16,0.0,4,control,0.009075017109823402,False,-0.002248257016798639
15,16,0.0,4,control,0.02550256351220843,True,0.01417928938558639
16,16,0.0,4,control,0.029160566820030476,True,0.017837292693408436
17,16,0.0,4,control,0.02061618813281591,False,0.009292914006193871
18,16,0.0,4,control,0.009745875808071125,False,-0.0015773983185509155
19,16,0.0,4,control,0.005064930812590632,True,-0.006258343314031408
20,16,0.0,4,control,0.01708074144237736,False,0.00575746731575532
21,16,0.0,4,control,0.008203092854363825,True,-0.0031201812722582156
22,16,0.0,4,control,0.01972475023396733,False,0.00840147610734529
23,16,0.0,4,control,0.019515417937643845,False,0.008192143811021804
24,16,0.0,4,control,0.006525666195436273,False,-0.004797607931185767
25,16,0.0,4,control,0.004031496626158302,True,-0.007291777500463738
26,16,0.0,4,control,0.035059478858948334,True,0.023736204732326294
27,16,0.0,4,control,0.003769606784822247,False,-0.007553667341799793
28,16,0.0,4,control,0.00817601143495701,False,-0.0031472626916650304
29,16,0.0,4,control,0.009104978806899752,False,-0.002218295319722289
30,16,0.0,4,control,0.007857970951392585,False,-0.0034653031752294554
31,16,0.0,4,control,0.004241303783788822,False,-0.007081970342833218
32,16,0.0,4,control,0.006021302319513169,False,-0.005301971807108872
33,16,0.0,4,control,0.002199597824920367,False,-0.009123676301701673
34,16,0.0,4,control,0.010185199806377606,False,-0.0011380743202444345
35,16,0.0,4,control,0.010011367192415428,False,-0.001311906934206613
36,16,0.0,4,control,0.006361688268979866,False,-0.004961585857642174
37,16,0.0,4,control,0.002940886685521617,True,-0.008382387441100423
38,16,0.0,4,control,0.006847799405504097,False,-0.004475474721117943
39,16,0.0,4,control,0.009475252861012026,False,-0.001848021265610015
40,16,0.0,4,control,0.01629425393100334,True,0.004970979804381298
41,16,0.0,4,control,0.0050602531321230545,False,-0.006263020994498986
42,16,0.0,4,control,0.006845049584736365,False,-0.0044782245418856755
43,16,0.0,4,control,0.005018444488014657,False,-0.006304829638607384
44,16,0.0,4,control,0.008754849943851149,False,-0.002568424182770892
45,16,0.0,4,control,0.0061695863481624575,False,-0.005153687778459583
46,16,0.0,4,control,0.006178576147300454,False,-0.005144697979321587
47,16,0.0,4,control,0.003492639672553971,False,-0.007830634454068069
48,16,0.0,4,control,0.007904879881272055,False,-0.003418394245349985
49,16,0.0,4,control,0.015482488265546612,True,0.004159214138924571
50,16,0.0,4,control,0.0028406551532234856,False,-0.008482618973398555
51,16,0.0,4,control,0.006581253744352684,True,-0.004742020382269356
1,17,0.0,4,control,0.005626939637965534,False,-0.005696334488656507
2,17,0.0,4,control,0.007098129753781823,False,-0.004225144372840217
3,17,0.0,4,control,0.009348339311071553,False,-0.0019749348155504876
4,17,0.0,4,control,0.005349330412897461,False,-0.005973943713724579
5,17,0.0,4,control,0.0028977316723997953,False,-0.008425542454222244
6,17,0.0,4,control,0.005151870126313339,False,-0.006171404000308701
7,17,0.0,4,control,0.0025158380916604547,False,-0.008807436034961586
8,17,0.0,4,control,0.0014594488042781735,False,-0.009863825322343867
9,17,0.0,4,control,0.011377097717725685,False,5.3823591103644916e-05
10,17,0.0,4,control,0.0033566474763319634,True,-0.007966626650290076
11,17,0.0,4,control,0.0037563331607735396,True,-0.007566940965848501
12,17,0.0,4,control,0.011649641690881627,True,0.00032636756425958625
13,17,0.0,4,control,0.005331863540354791,False,-0.005991410586267249
14,17,0.0,4,control,0.0014733266840961012,False,-0.009849947442525939
15,17,0.0,4,control,0.01023876348502363,False,-0.0010845106415984102
16,17,0.0,4,control,0.011509542679206466,False,0.00018626855258442598
17,17,0.0,4,control,0.008134497047125705,False,-0.003188777079496335
18,17,0.0,4,control,0.0033968163037928155,True,-0.007926457822829224
19,17,0.0,4,control,0.01244685951858617,False,0.0011235853919641294
20,17,0.0,4,control,0.0037946721427751144,False,-0.007528601983846926
21,17,0.0,4,control,0.010069399910816542,False,-0.0012538742158054988
22,17,0.0,4,control,0.0016243217262940028,True,-0.009698952400328038
23,17,0.0,4,control,0.0021047661459990845,False,-0.009218507980622955
24,17,0.0,4,control,0.0052177342064643716,False,-0.006105539920157669
25,17,0.0,4,control,0.006373422516611958,False,-0.004949851610010082
26,17,0.0,4,control,0.0069963428385095335,False,-0.004326931288112507
27,17,0.0,4,control,0.005950076212201863,False,-0.005373197914420177
28,17,0.0,4,control,0.004957362863946508,False,-0.0063659112626755325
29,17,0.0,4,control,0.011393325899674012,True,7.005177305197119e-05
30,17,0.0,4,control,0.00548281144961417,True,-0.00584046267700787
31,17,0.0,4,control,0.005266861171501241,False,-0.0060564129551208
32,17,0.0,4,control,0.0036721938662632363,False,-0.007651080260358804
33,17,0.0,4,control,0.018683968641496504,False,0.0073606945148744635
34,17,0.0,4,control,0.006225668918898057,False,-0.005097605207723984
35,17,0.0,4,control,0.007850519745696158,False,-0.0034727543809258826
36,17,0.0,4,control,0.03023064564286696,False,0.01890737151624492
37,17,0.0,4,control,0.011054766501415635,True,-0.00026850762520640517
38,17,0.0,4,control,0.008331382653457751,False,-0.002991891473164289
39,17,0.0,4,control,0.0259704649402553,True,0.014647190813633259
40,17,0.0,4,control,0.04689342095889217,True,0.03557014683227013
41,17,0.0,4,control,0.0072186809344724654,False,-0.004104593192149575
42,17,0.0,4,control,0.00783149720126758,False,-0.00349177692535446
43,17,0.0,4,control,0.015709226308728244,False,0.004385952182106204
44,17,0.0,4,control,0.002803761918581751,True,-0.00851951220804029
45,17,0.0,4,control,0.006605097779382635,False,-0.004718176347239406
1,18,0.0,4,control,0.11096859780380144,False,0.0996453236771794
2,18,0.0,4,control,0.07148286451296555,False,0.06015959038634351
3,18,0.0,4,control,0.020829428213346567,False,0.009506154086724526
4,18,0.0,4,control,0.026851985798256744,False,0.015528711671634703
5,18,0.0,4,control,0.06083971316630218,False,0.04951643903968014
6,18,0.0,4,control,0.019176773777379884,False,0.007853499650757843
7,18,0.0,4,control,0.014600583454305293,False,0.003277309327683253
8,18,0.0,4,control,0.023048118423437382,False,0.011724844296815341
9,18,0.0,4,control,0.03820162425106019,True,0.02687835012443815
10,18,0.0,4,control,0.0808108490615075,False,0.06948757493488546
11,18,0.0,4,control,0.027460672979562985,False,0.016137398852940944
12,18,0.0,4,control,0.04902540053572689,False,0.03770212640910485
13,18,0.0,4,control,0.013945771856214564,False,0.0026224977295925232
14,18,0.0,4,control,0.023556263117399594,False,0.012232988990777554
15,18,0.0,4,control,0.015194939770147372,False,0.003871665643525332
16,18,0.0,4,control,0.03707397345065109,False,0.02575069932402905
17,18,0.0,4,control,0.018445678715238962,False,0.007122404588616921
18,18,0.0,4,control,0.03427310917275357,False,0.02294983504613153
19,18,0.0,4,control,0.0315979376440957,True,0.02027466351747366
20,18,0.0,4,control,0.06698938945240891,False,0.05566611532578687
21,18,0.0,4,control,0.06036348738105437,True,0.04904021325443233
22,18,0.0,4,control,0.019548557582219427,False,0.008225283455597386
23,18,0.0,4,control,0.008904228289926621,False,-0.0024190458366954194
24,18,0.0,4,control,0.09068349012599557,False,0.07936021599937353
25,18,0.0,4,control,0.03516041882264652,False,0.02383714469602448
26,18,0.0,4,control,0.009417613966551285,True,-0.0019056601600707553
27,18,0.0,4,control,0.01248703102002207,True,0.0011637568934000295
28,18,0.0,4,control,0.043175806919477096,False,0.031852532792855055
29,18,0.0,4,control,0.02124572913690954,True,0.0099224550102875
30,18,0.0,4,control,0.0303217664089854,True,0.01899849228236336
31,18,0.0,4,control,0.02992462727020372,False,0.01860135314358168
32,18,0.0,4,control,0.06550348834995484,False,0.0541802142233328
33,18,0.0,4,control,0.010340134492910543,False,-0.0009831396337114974
34,18,0.0,4,control,0.010061982670721425,False,-0.0012612914559006153
35,18,0.0,4,control,0.013672633315479372,False,0.0023493591888573313
36,18,0.0,4,control,0.024260348653991674,False,0.012937074527369634
1,19,0.0,4,control,0.0030694094163407045,False,-0.008253864710281337
2,19,0.0,4,control,0.005232026360087542,False,-0.006091247766534498
3,19,0.0,4,control,0.006153320691610103,True,-0.005169953435011938
4,19,0.0,4,control,0.009185153141805371,False,-0.0021381209848166695
5,19,0.0,4,control,0.003429930848759601,True,-0.007893343277862439
6,19,0.0,4,control,0.009181133918642557,False,-0.0021421402079794833
7,19,0.0,4,control,0.008478602822180025,False,-0.002844671304442015
8,19,0.0,4,control,0.00474134768156621,False,-0.006581926445055831
9,19,0.0,4,control,0.0014812443678756872,False,-0.009842029758746353
10,19,0.0,4,control,0.003949752282706231,False,-0.00737352184391581
11,19,0.0,4,control,0.004937252160777274,True,-0.0063860219658447666
12,19,0.0,4,control,0.010239279029470943,True,-0.001083995097151097
13,19,0.0,4,control,0.008672606397051781,False,-0.002650667729570259
14,19,0.0,4,control,0.005990809324159132,False,-0.005332464802462908
15,19,0.0,4,control,0.004342339234827474,False,-0.006980934891794566
16,19,0.0,4,control,0.002357296784276093,False,-0.008965977342345947
17,19,0.0,4,control,0.00481198993594238,True,-0.00651128419067966
18,19,0.0,4,control,0.009494790766373452,True,-0.0018284833602485884
19,19,0.0,4,control,0.005647676427139974,False,-0.005675597699482066
20,19,0.0,4,control,0.005396181059775735,False,-0.005927093066846306
21,19,0.0,4,control,0.0045267551651086025,False,-0.006796518961513438
22,19,0.0,4,control,0.008897280756492244,False,-0.002425993370129796
23,19,0.0,4,control,0.004336138791621963,False,-0.006987135335000077
24,19,0.0,4,control,0.001991652505253812,False,-0.00933162162136823
25,19,0.0,4,control,0.006030262960318108,True,-0.005293011166303933
26,19,0.0,4,control,0.003983685266918026,True,-0.007339588859704015
27,19,0.0,4,control,0.0022974191088440473,True,-0.009025855017777994
28,19,0.0,4,control,0.001766541330012061,True,-0.00955673279660998
29,19,0.0,4,control,0.003632559495698113,True,-0.007690714630923927
30,19,0.0,4,control,0.00881509327813121,False,-0.00250818084849083
31,19,0.0,4,control,0.024995611835545186,False,0.013672337708923146
32,19,0.0,4,control,0.0027114403447940022,False,-0.008611833781828039
33,19,0.0,4,control,0.004530364457632263,True,-0.006792909668989777
34,19,0.0,4,control,0.008183067193602938,False,-0.0031402069330191025
35,19,0.0,4,control,0.0023028576143053854,False,-0.009020416512316654
1,2,0.0,4,control,0.025755980570637597,True,0.014432706444015557
2,2,0.0,4,control,0.010014991058393633,False,-0.0013082830682284077
3,2,0.0,4,control,0.00975606435370939,False,-0.0015672097729126505
4,2,0.0,4,control,0.006765016045467115,False,-0.004558258081154926
5,2,0.0,4,control,0.007831678622409913,False,-0.003491595504212127
6,2,0.0,4,control,0.005845352022508123,False,-0.005477922104113918
7,2,0.0,4,control,0.005374969569573345,True,-0.005948304557048695
8,2,0.0,4,control,0.006625473884803866,False,-0.004697800241818174
9,2,0.0,4,control,0.0027803545902719538,False,-0.008542919536350087
10,2,0.0,4,control,0.003926002021406348,False,-0.007397272105215693
11,2,0.0,4,control,0.011960668565117134,False,0.0006373944384950939
12,2,0.0,4,control,0.004080363731904927,False,-0.007242910394717113
13,2,0.0,4,control,0.003085929224884856,False,-0.008237344901737186
14,2,0.0,4,control,0.00981040462190826,True,-0.0015128695047137812
15,2,0.0,4,control,0.006341752273217938,False,-0.004981521853404103
16,2,0.0,4,control,0.007998951285322015,True,-0.0033243228413000255
17,2,0.0,4,control,0.007041501075433522,False,-0.004281773051188519
18,2,0.0,4,control,0.01089701003435473,False,-0.00042626409226731096
19,2,0.0,4,control,0.006109856380238478,False,-0.005213417746383562
20,2,0.0,4,control,0.005905189815004612,False,-0.005418084311617428
21,2,0.0,4,control,0.0016252214204259927,True,-0.009698052706196048
22,2,0.0,4,control,0.0031576216552937518,False,-0.008165652471328288
23,2,0.0,4,control,0.002114466239615562,False,-0.009208807887006478
24,2,0.0,4,control,0.0043088838953273196,False,-0.007014390231294721
25,2,0.0,4,control,0.0030338307268899497,False,-0.008289443399732092
26,2,0.0,4,control,0.003718725368806488,False,-0.0076045487578155525
27,2,0.0,4,control,0.006657447202794309,False,-0.004665826923827732
28,2,0.0,4,control,0.0031348500754623796,True,-0.008188424051159661
29,2,0.0,4,control,0.0030521036583822762,False,-0.008271170468239764
30,2,0.0,4,control,0.011013027089136363,False,-0.00031024703748567736
31,2,0.0,4,control,0.004004537487814764,False,-0.007318736638807276
32,2,0.0,4,control,0.0035755243061856533,False,-0.007747749820436387
33,2,0.0,4,control,0.004664242183548805,False,-0.006659031943073235
34,2,0.0,4,control,0.007006456471681762,True,-0.004316817654940279
35,2,0.0,4,control,0.005000491033005635,False,-0.006322783093616406
36,2,0.0,4,control,0.0025919841867465183,False,-0.008731289939875523
1,20,0.0,4,control,0.00436256704404136,False,-0.00696070708258068
2,20,0.0,4,control,0.027131031143503348,True,0.015807757016881308
3,20,0.0,4,control,0.016243740101383387,True,0.004920465974761347
4,20,0.0,4,control,0.0042084352558964516,True,-0.007114838870725589
5,20,0.0,4,control,0.024334571288877185,False,0.013011297162255145
6,20,0.0,4,control,0.014877258028206514,False,0.003553983901584474
7,20,0.0,4,control,0.030618736105986522,False,0.019295461979364482
8,20,0.0,4,control,0.009985513477478353,False,-0.001337760649143687
9,20,0.0,4,control,0.021997886770700133,True,0.010674612644078093
10,20,0.0,4,control,0.04696022815216293,False,0.03563695402554089
11,20,0.0,4,control,0.012409855139719175,False,0.0010865810130971341
12,20,0.0,4,control,0.04480734645564709,True,0.03348407232902505
13,20,0.0,4,control,0.012272079400288542,False,0.0009488052736665014
14,20,0.0,4,control,0.011242107386233467,False,-8.116674038857394e-05
15,20,0.0,4,control,0.005979846691454666,False,-0.005343427435167375
16,20,0.0,4,control,0.011867231414606239,False,0.0005439572879841984
17,20,0.0,4,control,0.01780056813671815,False,0.0064772940100961095
18,20,0.0,4,control,0.03166691643142713,False,0.020343642304805093
19,20,0.0,4,control,0.012328928273660104,False,0.001005654147038064
20,20,0.0,4,control,0.03371016254015251,False,0.022386888413530467
21,20,0.0,4,control,0.025500429372955342,False,0.014177155246333301
22,20,0.0,4,control,0.003932906519244104,True,-0.007390367607377936
23,20,0.0,4,control,0.007253461109285475,False,-0.004069813017336566
24,20,0.0,4,control,0.006761255210158417,False,-0.004562018916463624
25,20,0.0,4,control,0.019539535148076263,False,0.008216261021454223
26,20,0.0,4,control,0.009836723592491188,False,-0.001486550534130852
27,20,0.0,4,control,0.019488571987959905,False,0.008165297861337864
28,20,0.0,4,control,0.013770690365517169,False,0.0024474162388951285
29,20,0.0,4,control,0.00829838801011555,True,-0.003024886116506491
30,20,0.0,4,control,0.026961612037516448,False,0.015638337910894407
31,20,0.0,4,control,0.015450877334823357,False,0.004127603208201316
32,20,0.0,4,control,0.0040150447774941105,True,-0.00730822934912793
1,3,0.0,4,control,0.0060860579073761705,False,-0.00523721621924587
2,3,0.0,4,control,0.0032893492061578087,False,-0.008033924920464232
3,3,0.0,4,control,0.008033934778268682,False,-0.003289339348353359
4,3,0.0,4,control,0.011524897476752038,False,0.00020162335012999764
5,3,0.0,4,control,0.005095460810421437,False,-0.0062278133162006035
6,3,0.0,4,control,0.015358876540573158,False,0.004035602413951117
7,3,0.0,4,control,0.02773754453788015,False,0.01641427041125811
8,3,0.0,4,control,0.00811242284059571,True,-0.00321085128602633
9,3,0.0,4,control,0.003971406913369363,True,-0.0073518672132526774
10,3,0.0,4,control,0.020136077653224563,False,0.008812803526602523
11,3,0.0,4,control,0.00723192321963443,False,-0.0040913509069876106
12,3,0.0,4,control,0.004549166090754378,False,-0.006774108035867662
13,3,0.0,4,control,0.008736674822637756,False,-0.002586599303984284
14,3,0.0,4,control,0.010947243969429107,True,-0.00037603015719293344
15,3,0.0,4,control,0.009700198100696531,True,-0.0016230760259255093
16,3,0.0,4,control,0.009060673679214775,False,-0.0022626004474072658
17,3,0.0,4,control,0.011210230078955594,False,-0.00011304404766644682
18,3,0.0,4,control,0.009259767468260266,True,-0.0020635066583617745
19,3,0.0,4,control,0.018175166246430667,False,0.006851892119808627
20,3,0.0,4,control,0.044659817950965755,False,0.033336543824343715
21,3,0.0,4,control,0.0059114446232472004,False,-0.00541182950337484
1,4,0.0,4,control,0.005241120167722228,False,-0.006082153958899813
2,4,0.0,4,control,0.004356358260686091,False,-0.006966915865935949
3,4,0.0,4,control,0.0017986340352411467,False,-0.009524640091380893
4,4,0.0,4,control,0.0006867936600135576,False,-0.010636480466608483
5,4,0.0,4,control,0.00620717638664923,False,-0.0051160977399728105
6,4,0.0,4,control,0.0073406950905934645,False,-0.003982579036028576
7,4,0.0,4,control,0.0027330789253729843,False,-0.008590195201249056
8,4,0.0,4,control,0.179403386832615,False,0.16808011270599296
9,4,0.0,4,control,0.001056743629591017,False,-0.010266530497031023
10,4,0.0,4,control,0.0007773950221054814,True,-0.01054587910451656
11,4,0.0,4,control,0.009540926441378193,False,-0.0017823476852438479
12,4,0.0,4,control,0.0019212468316833664,False,-0.009402027294938674
13,4,0.0,4,control,0.0064367368049471855,True,-0.004886537321674855
14,4,0.0,4,control,0.0023244003716369273,False,-0.008998873754985114
15,4,0.0,4,control,0.022181448446778135,False,0.010858174320156094
16,4,0.0,4,control,0.002310735086060453,False,-0.009012539040561587
17,4,0.0,4,control,0.0015482759263719848,True,-0.009774998200250056
18,4,0.0,4,control,0.0010386842508937019,False,-0.010284589875728339
19,4,0.0,4,control,0.0017073042876286845,False,-0.009615969838993356
20,4,0.0,4,control,0.0017913927670860363,False,-0.009531881359536004
21,4,0.0,4,control,0.0036683793517715154,False,-0.007654894774850525
22,4,0.0,4,control,0.0010361052701181905,True,-0.01028716885650385
23,4,0.0,4,control,0.023465788795295785,True,0.012142514668673745
24,4,0.0,4,control,0.23700400504750893,False,0.2256807309208869
25,4,0.0,4,control,0.009300568158939168,False,-0.0020227059676828727
26,4,0.0,4,control,0.0022440429879183456,False,-0.009079231138703694
27,4,0.0,4,control,0.005192827083440564,False,-0.006130447043181476
1,5,0.0,4,control,0.004007122106840698,False,-0.007316152019781343
2,5,0.0,4,control,0.0034486088949196476,True,-0.007874665231702393
3,5,0.0,4,control,0.020065159100700135,False,0.008741884974078094
4,5,0.0,4,control,0.00503327076758584,False,-0.006290003359036201
5,5,0.0,4,control,0.005149145612715586,False,-0.006174128513906455
6,5,0.0,4,control,0.0022778119820522766,True,-0.009045462144569763
7,5,0.0,4,control,0.0052965833629810225,True,-0.006026690763641018
8,5,0.0,4,control,0.011618325364585052,False,0.00029505123796301144
9,5,0.0,4,control,0.0006554905262867806,False,-0.010667783600335259
10,5,0.0,4,control,0.03813592698739558,False,0.026812652860773542
11,5,0.0,4,control,0.010657938109108447,False,-0.0006653360175135938
12,5,0.0,4,control,0.012325940497988824,False,0.0010026663713667838
13,5,0.0,4,control,0.005246492197179918,False,-0.006076781929442122
14,5,0.0,4,control,0.03516884210770934,False,0.0238455679810873
15,5,0.0,4,control,0.021172799491745754,False,0.009849525365123714
16,5,0.0,4,control,0.008790368991749875,True,-0.0025329051348721657
17,5,0.0,4,control,0.009629652382208458,True,-0.0016936217444135822
18,5,0.0,4,control,0.049245955569889956,False,0.037922681443267915
19,5,0.0,4,control,0.0121515882276189,False,0.0008283141009968603
20,5,0.0,4,control,0.014685753300957116,False,0.0033624791743350757
21,5,0.0,4,control,0.007574470856439394,False,-0.0037488032701826464
22,5,0.0,4,control,0.0032867147930638794,False,-0.00803655933355816
23,5,0.0,4,control,0.011988676953786479,False,0.0006654028271644383
24,5,0.0,4,control,0.008615759336344318,False,-0.002707514790277723
25,5,0.0,4,control,0.044961813375731664,False,0.033638539249109624
26,5,0.0,4,control,0.004660682817414519,False,-0.006662591309207521
27,5,0.0,4,control,0.002928876510650119,False,-0.00839439761597192
28,5,0.0,4,control,0.006664378488622525,True,-0.004658895637999516
29,5,0.0,4,control,0.0032699558125353447,False,-0.008053318314086696
30,5,0.0,4,control,0.006304716401687155,False,-0.0050185577249348854
31,5,0.0,4,control,0.07930867052752193,False,0.06798539640089989
32,5,0.0,4,control,0.027813469177537443,True,0.016490195050915403
1,6,0.0,4,control,0.02476736233567007,True,0.013444088209048029
2,6,0.0,4,control,0.013676145698307916,False,0.002352871571685875
3,6,0.0,4,control,0.008603367692392793,False,-0.0027199064342292474
4,6,0.0,4,control,0.011792448561418641,False,0.0004691744347966008
5,6,0.0,4,control,0.003919091837648972,False,-0.007404182288973068
6,6,0.0,4,control,0.025250484050178518,False,0.013927209923556477
7,6,0.0,4,control,0.0958297277007077,True,0.08450645357408566
8,6,0.0,4,control,0.009842575626982892,False,-0.0014806984996391485
9,6,0.0,4,control,0.009744335381572884,False,-0.0015789387450491563
10,6,0.0,4,control,0.0070524025241319645,False,-0.004270871602490076
11,6,0.0,4,control,0.0030846396449031913,False,-0.008238634481718849
12,6,0.0,4,control,0.019305486269789958,False,0.007982212143167917
13,6,0.0,4,control,0.008206187389508408,False,-0.003117086737113632
14,6,0.0,4,control,0.0030628786337864406,False,-0.008260395492835599
15,6,0.0,4,control,0.01816110964275628,False,0.00683783551613424
16,6,0.0,4,control,0.07215453452116227,False,0.06083126039454023
17,6,0.0,4,control,0.015688295943572784,False,0.004365021816950743
18,6,0.0,4,control,0.01359783291238452,True,0.002274558785762479
19,6,0.0,4,control,0.007933403773085174,True,-0.003389870353536866
20,6,0.0,4,control,0.001274597403016048,False,-0.010048676723605992
21,6,0.0,4,control,0.04295442904433403,False,0.03163115491771199
22,6,0.0,4,control,0.01261298783648689,False,0.0012897137098648488
23,6,0.0,4,control,0.005086957382229473,True,-0.006236316744392567
24,6,0.0,4,control,0.010857350013105883,False,-0.0004659241135161578
25,6,0.0,4,control,0.022170706554274226,False,0.010847432427652185
26,6,0.0,4,control,0.02026065986036819,False,0.00893738573374615
27,6,0.0,4,control,0.004871053248602485,False,-0.006452220878019555
28,6,0.0,4,control,0.046937572448535456,True,0.035614298321913415
1,7,0.0,4,control,0.009086139832668351,False,-0.0022371342939536895
2,7,0.0,4,control,0.012419648326021273,False,0.0010963741993992322
3,7,0.0,4,control,0.0036264319661463594,False,-0.007696842160475681
4,7,0.0,4,control,0.005499072482082348,False,-0.005824201644539693
5,7,0.0,4,control,0.010091931764366395,False,-0.0012313423622556455
6,7,0.0,4,control,0.002514723488023004,True,-0.008808550638599037
7,7,0.0,4,control,0.005052827239050793,False,-0.006270446887571247
8,7,0.0,4,control,0.003644173384612843,True,-0.0076791007420091975
9,7,0.0,4,control,0.008336655835174433,False,-0.0029866182914476073
10,7,0.0,4,control,0.004327902843513817,False,-0.006995371283108224
11,7,0.0,4,control,0.017945781073057162,False,0.0066225069464351215
12,7,0.0,4,control,0.002789090645038393,True,-0.008534183481583647
13,7,0.0,4,control,0.01909482362516737,False,0.007771549498545329
14,7,0.0,4,control,0.0192479301643438,False,0.007924656037721758
15,7,0.0,4,control,0.005622779051770616,False,-0.005700495074851424
16,7,0.0,4,control,0.0288420792178817,True,0.017518805091259658
17,7,0.0,4,control,0.023370423760015153,False,0.012047149633393112
18,7,0.0,4,control,0.011538413688986091,False,0.00021513956236405077
19,7,0.0,4,control,0.006764198715822514,False,-0.0045590754107995264
20,7,0.0,4,control,0.010619213351260887,False,-0.0007040607753611532
21,7,0.0,4,control,0.004292132029779879,False,-0.007031142096842162
22,7,0.0,4,control,0.004575949413314119,False,-0.006747324713307921
23,7,0.0,4,control,0.01882741748404386,False,0.007504143357421819
24,7,0.0,4,control,0.0038903638982640738,False,-0.007432910228357967
25,7,0.0,4,control,0.005941160581195095,False,-0.005382113545426946
26,7,0.0,4,control,0.00900417550584031,False,-0.00231909862078173
27,7,0.0,4,control,0.006038678995606105,False,-0.0052845951310159355
28,7,0.0,4,control,0.00804107103548925,True,-0.0032822030911327897
29,7,0.0,4,control,0.00620916050827563,True,-0.0051141136183464105
30,7,0.0,4,control,0.00631559937347307,True,-0.00500767475314897
31,7,0.0,4,control,0.0045072107302927015,True,-0.006816063396329339
32,7,0.0,4,control,0.005505056711487019,True,-0.0058182174151350215
33,7,0.0,4,control,0.0032634824957949774,False,-0.008059791630827063
34,7,0.0,4,control,0.0036528003875929394,True,-0.007670473739029101
1,8,0.0,4,control,0.0030042519088030887,True,-0.008319022217818953
2,8,0.0,4,control,0.005425534758017653,False,-0.005897739368604387
3,8,0.0,4,control,0.008009533193961771,False,-0.0033137409326602692
4,8,0.0,4,control,0.00382435633860266,False,-0.0074989177880193806
5,8,0.0,4,control,0.006182992023414453,False,-0.005140282103207588
6,8,0.0,4,control,0.0035116906258219867,False,-0.007811583500800054
7,8,0.0,4,control,0.004149166440922472,True,-0.007174107685699568
8,8,0.0,4,control,0.010753798687126975,False,-0.0005694754394950652
9,8,0.0,4,control,0.0036349277966988536,False,-0.007688346329923186
10,8,0.0,4,control,0.008822796290383267,False,-0.0025004778362387736
11,8,0.0,4,control,0.0026430973513159027,True,-0.008680176775306138
12,8,0.0,4,control,0.003357707804518452,False,-0.007965566322103589
13,8,0.0,4,control,0.009304003369307179,False,-0.002019270757314862
14,8,0.0,4,control,0.005870097786069551,True,-0.0054531763405524895
15,8,0.0,4,control,0.01288397751551083,False,0.0015607033888887893
16,8,0.0,4,control,0.011204317231735286,True,-0.0001189568948867549
17,8,0.0,4,control,0.002830447114713288,True,-0.008492827011908753
18,8,0.0,4,control,0.006685496475127886,False,-0.004637777651494155
19,8,0.0,4,control,0.004515024693845027,False,-0.006808249432777014
20,8,0.0,4,control,0.007512648744159691,False,-0.0038106253824623498
21,8,0.0,4,control,0.004363752552453786,False,-0.006959521574168254
22,8,0.0,4,control,0.0022903698185512108,True,-0.00903290430807083
23,8,0.0,4,control,0.009369744598956533,False,-0.0019535295276655075
24,8,0.0,4,control,0.007888827392875539,False,-0.0034344467337465018
25,8,0.0,4,control,0.00982630677954593,False,-0.001496967347076111
26,8,0.0,4,control,0.00851948522135112,False,-0.0028037889052709205
27,8,0.0,4,control,0.005359297863273323,False,-0.005963976263348717
28,8,0.0,4,control,0.01428056154938793,True,0.0029572874227658894
29,8,0.0,4,control,0.006594892261295717,True,-0.004728381865326324
30,8,0.0,4,control,0.005008299831685814,False,-0.006314974294936227
31,8,0.0,4,control,0.005703478731365931,True,-0.0056197953952561094
32,8,0.0,4,control,0.0033081176891772133,True,-0.008015156437444828
33,8,0.0,4,control,0.0036766877473475763,False,-0.007646586379274465
34,8,0.0,4,control,0.004362501988685091,True,-0.00696077213793695
35,8,0.0,4,control,0.010936160366930769,False,-0.0003871137596912714
1,9,0.0,4,control,0.005548811900588127,True,-0.005774462226033913
2,9,0.0,4,control,0.009317526568954614,False,-0.0020057475576674266
3,9,0.0,4,control,0.009914661582482864,False,-0.0014086125441391765
4,9,0.0,4,control,0.007529933500263354,False,-0.0037933406263586864
5,9,0.0,4,control,0.004061178209809674,False,-0.007262095916812366
6,9,0.0,4,control,0.00543623738515674,False,-0.005887036741465301
7,9,0.0,4,control,0.0035367215766197134,True,-0.007786552550002327
8,9,0.0,4,control,0.006235530251214489,False,-0.005087743875407552
9,9,0.0,4,control,0.010730479984912951,False,-0.0005927941417090896
10,9,0.0,4,control,0.11101116605319934,True,0.0996878919265773
11,9,0.0,4,control,0.012472927214942909,False,0.0011496530883208685
12,9,0.0,4,control,0.006507814253915753,False,-0.004815459872706288
13,9,0.0,4,control,0.002676509687269524,False,-0.008646764439352517
14,9,0.0,4,control,0.08428390356062707,False,0.07296062943400503
15,9,0.0,4,control,0.01679305758965614,False,0.0054697834630340995
16,9,0.0,4,control,0.006207834184361195,False,-0.005115439942260845
17,9,0.0,4,control,0.002650598562452428,False,-0.008672675564169612
18,9,0.0,4,control,0.00755383525042163,False,-0.003769438876200411
19,9,0.0,4,control,0.010928122080889587,False,-0.0003951520457324536
20,9,0.0,4,control,0.009434472352475737,False,-0.0018888017741463033
21,9,0.0,4,control,0.013243841793355202,True,0.0019205676667331615
22,9,0.0,4,control,0.006318135365514578,False,-0.005005138761107463
23,9,0.0,4,control,0.013544601493707564,False,0.002221327367085524
24,9,0.0,4,control,0.004128448980979481,False,-0.00719482514564256
25,9,0.0,4,control,0.008417018380311165,False,-0.002906255746310876
26,9,0.0,4,control,0.006382270997164997,False,-0.004941003129457043
27,9,0.0,4,control,0.011700184536002165,False,0.0003769104093801247
28,9,0.0,4,control,0.003396480351526905,False,-0.007926793775095135
29,9,0.0,4,control,0.006245746961228215,False,-0.0050775271653938255
30,9,0.0,4,control,0.005172929521785233,False,-0.006150344604836808
31,9,0.0,4,control,0.017643335491469115,False,0.0063200613648470745
32,9,0.0,4,control,0.00931931274815736,True,-0.00200396137846468
33,9,0.0,4,control,0.003580772649857289,True,-0.0077425014767647515
34,9,0.0,4,control,0.04734645886664415,False,0.03602318474002211
35,9,0.0,4,control,0.0035973503384339883,False,-0.007725923788188052
36,9,0.0,4,control,0.014585062569232133,False,0.0032617884426100925
37,9,0.0,4,control,0.008314948180176227,False,-0.0030083259464458133
38,9,0.0,4,control,0.006670274211558721,True,-0.004652999915063319
39,9,0.0,4,control,0.012073289190111669,True,0.0007500150634896282
40,9,0.0,4,control,0.0043480741413127,False,-0.006975199985309341
41,9,0.0,4,control,0.003469897810532007,False,-0.007853376316090033
42,9,0.0,4,control,0.005889376859452438,False,-0.0054338972671696024
43,9,0.0,4,control,0.019974773360564458,False,0.008651499233942418
44,9,0.0,4,control,0.004950488205431159,True,-0.006372785921190881
45,9,0.0,4,control,0.010167011447918905,False,-0.0011562626787031353
46,9,0.0,4,control,0.006933047085080727,True,-0.004390227041541314
47,9,0.0,4,control,0.0066993993474201066,True,-0.004623874779201934
48,9,0.0,4,control,0.0041184778198369385,False,-0.007204796306785102
49,9,0.0,4,control,0.007795182624761485,True,-0.0035280915018605554
50,9,0.0,4,control,0.005370513335799311,False,-0.00595276079082273
51,9,0.0,4,control,0.003917679409048752,False,-0.007405594717573289
52,9,0.0,4,control,0.0025829455131728433,False,-0.008740328613449196
53,9,0.0,4,control,0.0029612493565331272,False,-0.008362024770088914
54,9,0.0,4,control,0.008121977265060525,False,-0.003201296861561516
55,9,0.0,4,control,0.00444455475963879,False,-0.00687871936698325
56,9,0.0,4,control,0.0020814717000064813,False,-0.00924180242661556
57,9,0.0,4,control,0.006982283528853441,False,-0.0043409905977686
58,9,0.0,4,control,0.005944189378259955,True,-0.005379084748362085
59,9,0.0,4,control,0.013155332866987422,False,0.001832058740365381
60,9,0.0,4,control,0.0024563897655191535,False,-0.008866884361102887
61,9,0.0,4,control,0.0037856634044381096,True,-0.007537610722183931
62,9,0.0,4,control,0.018273977049075223,False,0.006950702922453183
63,9,0.0,4,control,0.007978409950144098,True,-0.003344864176477943
64,9,0.0,4,control,0.0027676152366188267,False,-0.008555658890003214
65,9,0.0,4,control,0.005175505714442978,False,-0.006147768412179062
66,9,0.0,4,control,0.01612330109069216,False,0.004800026964070121
67,9,0.0,4,control,0.007329655300452549,False,-0.003993618826169491
68,9,0.0,4,control,0.004786289796315107,False,-0.006536984330306934
69,9,0.0,4,control,0.0047724208592826774,False,-0.006550853267339363
70,9,0.0,4,control,0.0029287229909418884,False,-0.008394551135680151
71,9,0.0,4,control,0.007968894714714183,False,-0.003354379411907858
