ObjectNumber,Metadata_site,Metadata_concentration,Metadata_hour,Metadata_treatment,Predicted_Probability,Is_Test,S
1,0,2.41,4,alm,0.8540501449657733,False,0.6033035116385526
2,0,2.41,4,alm,0.6901072822961128,True,0.43936064896889215
3,0,2.41,4,alm,0.7735638674492156,False,0.5228172341219949
4,0,2.41,4,alm,0.8082348307050895,False,0.5574881973778688
5,0,2.41,4,alm,0.7459431793647926,True,0.4951965460375719
6,0,2.41,4,alm,0.87904240443492,False,0.6282957711076993
7,0,2.41,4,alm,0.49911737744433415,False,0.24837074411711346
8,0,2.41,4,alm,0.4497059250259345,False,0.1989592916987138
9,0,2.41,4,alm,0.8148002503126539,True,0.5640536169854332
10,0,2.41,4,alm,0.5902155580230286,False,0.3394689246958079
11,0,2.41,4,alm,0.6647498615269407,False,0.41400322819972
12,0,2.41,4,alm,0.8437176010653454,False,0.5929709677381247
13,0,2.41,4,alm,0.5459346275576419,False,0.2951879942304212
14,0,2.41,4,alm,0.6753441160718007,True,0.42459748274458
15,0,2.41,4,alm,0.5729920730007589,True,0.32224543967353825
16,0,2.41,4,alm,0.6867431862644692,False,0.4359965529372485
17,0,2.41,4,alm,0.5428505876276701,False,0.29210395430044944
18,0,2.41,4,alm,0.7546589557572139,False,0.5039123224299932
19,0,2.41,4,alm,0.668398989155745,False,0.41765235582852434
20,0,2.41,4,alm,0.8751021867199429,False,0.6243555533927222
21,0,2.41,4,alm,0.7630505242906279,True,0.5123038909634072
22,0,2.41,4,alm,0.4702485623698044,True,0.2195019290425837
23,0,2.41,4,alm,0.8094766060391398,False,0.5587299727119192
24,0,2.41,4,alm,0.8093835643612832,False,0.5586369310340625
25,0,2.41,4,alm,0.8358194772697718,False,0.5850728439425511
26,0,2.41,4,alm,0.49205113553553553,False,0.24130450220831484
27,0,2.41,4,alm,0.6644897052113861,False,0.41374307188416537
28,0,2.41,4,alm,0.26684747683610033,True,0.016100843508879636
29,0,2.41,4,alm,0.7483678528280584,False,0.4976212195008377
30,0,2.41,4,alm,0.4237844580050282,False,0.17303782467780748
31,0,2.41,4,alm,0.8582714149523734,False,0.6075247816251527
32,0,2.41,4,alm,0.7454191773481809,False,0.49467254402096017
33,0,2.41,4,alm,0.8453411709408059,True,0.5945945376135852
34,0,2.41,4,alm,0.7325760734218939,False,0.4818294400946732
35,0,2.41,4,alm,0.8091844101525434,True,0.5584377768253227
36,0,2.41,4,alm,0.8339025381289085,True,0.5831559048016878
37,0,2.41,4,alm,0.5057878970949471,True,0.2550412637677264
38,0,2.41,4,alm,0.8478926832339747,False,0.597146049906754
39,0,2.41,4,alm,0.6955116359627691,False,0.4447650026355484
40,0,2.41,4,alm,0.7344012435489625,False,0.48365461022174183
41,0,2.41,4,alm,0.8618980007770611,True,0.6111513674498404
42,0,2.41,4,alm,0.6520804607651632,False,0.40133382743794255
43,0,2.41,4,alm,0.8392849772674207,False,0.5885383439402
44,0,2.41,4,alm,0.844641448377271,False,0.5938948150500503
45,0,2.41,4,alm,0.7767372024044741,False,0.5259905690772534
46,0,2.41,4,alm,0.8560976563976739,False,0.6053510230704532
47,0,2.41,4,alm,0.8520992064204472,False,0.6013525730932265
48,0,2.41,4,alm,0.8583001486301113,True,0.6075535153028906
49,0,2.41,4,alm,0.44616083075452906,False,0.19541419742730837
50,0,2.41,4,alm,0.8381516199539307,False,0.58740498662671
51,0,2.41,4,alm,0.8277332990375055,False,0.5769866657102848
52,0,2.41,4,alm,0.6668990070573211,False,0.4161523737301004
53,0,2.41,4,alm,0.7796187911361815,True,0.5288721578089608
54,0,2.41,4,alm,0.7958248445872829,False,0.5450782112600622
55,0,2.41,4,alm,0.7153835192978282,False,0.4646368859706075
56,0,2.41,4,alm,0.881259863359913,False,0.6305132300326923
57,0,2.41,4,alm,0.8389511510334173,False,0.5882045177061966
58,0,2.41,4,alm,0.650960693474233,False,0.40021406014701233
59,0,2.41,4,alm,0.8341003273928862,True,0.5833536940656655
60,0,2.41,4,alm,0.6637958808664779,False,0.4130492475392572
61,0,2.41,4,alm,0.780732659950431,False,0.5299860266232103
62,0,2.41,4,alm,0.8493981421128728,False,0.5986515087856521
63,0,2.41,4,alm,0.8696683506663124,True,0.6189217173390917
64,0,2.41,4,alm,0.8838050747629786,False,0.633058441435758
65,0,2.41,4,alm,0.4174640252924352,True,0.1667173919652145
66,0,2.41,4,alm,0.8204422380594723,False,0.5696956047322516
67,0,2.41,4,alm,0.8771153066369843,False,0.6263686733097636
68,0,2.41,4,alm,0.7516327230497016,False,0.5008860897224809
69,0,2.41,4,alm,0.8783544317177,False,0.6276077983904793
70,0,2.41,4,alm,0.6337364078663648,False,0.38298977453914407
71,0,2.41,4,alm,0.7333653204609134,False,0.4826186871336927
72,0,2.41,4,alm,0.8525151010238285,True,0.6017684676966079
73,0,2.41,4,alm,0.6091989584317664,False,0.3584523251045457
74,0,2.41,4,alm,0.7557438776245321,False,0.5049972442973114
75,0,2.41,4,alm,0.8625031111417577,False,0.611756477814537
76,0,2.41,4,alm,0.8907860498701863,False,0.6400394165429656
77,0,2.41,4,alm,0.8689312905573903,False,0.6181846572301696
78,0,2.41,4,alm,0.8549687888795399,False,0.6042221555523192
79,0,2.41,4,alm,0.8306187397759368,False,0.5798721064487161
80,0,2.41,4,alm,0.8832581044005053,False,0.6325114710732846
1,1,2.41,4,alm,0.8714435821528206,True,0.6206969488255999
2,1,2.41,4,alm,0.8870689028164787,False,0.636322269489258
3,1,2.41,4,alm,0.7595254369610845,False,0.5087788036338639
4,1,2.41,4,alm,0.8631810600892799,False,0.6124344267620592
5,1,2.41,4,alm,0.7361623470734905,False,0.4854157137462698
6,1,2.41,4,alm,0.8259441637545415,True,0.5751975304273208
7,1,2.41,4,alm,0.8499596607835626,False,0.5992130274563419
8,1,2.41,4,alm,0.8626541500819711,True,0.6119075167547504
9,1,2.41,4,alm,0.8968462853893083,False,0.6460996520620876
10,1,2.41,4,alm,0.823689350454687,False,0.5729427171274664
11,1,2.41,4,alm,0.8451580639219394,False,0.5944114305947187
12,1,2.41,4,alm,0.8880361189050164,True,0.6372894855777957
13,1,2.41,4,alm,0.8652018074266831,False,0.6144551740994624
14,1,2.41,4,alm,0.8073753035317616,False,0.5566286702045409
15,1,2.41,4,alm,0.7916141941290247,False,0.540867560801804
16,1,2.41,4,alm,0.8882344278893075,True,0.6374877945620868
17,1,2.41,4,alm,0.8512706356411576,False,0.6005240023139369
18,1,2.41,4,alm,0.8169968485441086,False,0.5662502152168879
19,1,2.41,4,alm,0.831893286760476,True,0.5811466534332553
20,1,2.41,4,alm,0.8010481015389146,True,0.5503014682116939
21,1,2.41,4,alm,0.8570872560295631,False,0.6063406227023425
22,1,2.41,4,alm,0.7498198457448201,False,0.4990732124175994
23,1,2.41,4,alm,0.6322127643100883,True,0.38146613098286763
24,1,2.41,4,alm,0.6913462854500781,False,0.44059965212285745
25,1,2.41,4,alm,0.8453507787318658,False,0.5946041454046451
26,1,2.41,4,alm,0.6156948121956629,True,0.3649481788684422
27,1,2.41,4,alm,0.852789127299696,True,0.6020424939724753
28,1,2.41,4,alm,0.6490398549663281,False,0.3982932216391074
29,1,2.41,4,alm,0.8247348953988884,False,0.5739882620716678
30,1,2.41,4,alm,0.7345616409063146,False,0.4838150075790939
31,1,2.41,4,alm,0.8955163429232881,False,0.6447697095960674
32,1,2.41,4,alm,0.8725449772190709,False,0.6217983438918502
33,1,2.41,4,alm,0.6199206214020127,True,0.36917398807479196
34,1,2.41,4,alm,0.4817003121746007,False,0.23095367884738
35,1,2.41,4,alm,0.6419981528806279,False,0.3912515195534072
36,1,2.41,4,alm,0.4272450534372956,False,0.17649842011007488
1,10,2.41,4,alm,0.6183826357519259,False,0.3676360024247052
2,10,2.41,4,alm,0.6195030134533629,False,0.3687563801261422
3,10,2.41,4,alm,0.17728852671807668,False,-0.07345810660914401
4,10,2.41,4,alm,0.43052978711666146,False,0.17978315378944076
5,10,2.41,4,alm,0.3410260291488479,False,0.0902793958216272
6,10,2.41,4,alm,0.8134520332234553,True,0.5627053998962346
7,10,2.41,4,alm,0.5476346862791459,True,0.2968880529519252
8,10,2.41,4,alm,0.670349929934896,True,0.41960329660767526
9,10,2.41,4,alm,0.5403150227549667,False,0.289568389427746
10,10,2.41,4,alm,0.2452706365320471,False,-0.005475996795173604
11,10,2.41,4,alm,0.8487228686459016,False,0.5979762353186809
12,10,2.41,4,alm,0.7579360802688813,False,0.5071894469416606
13,10,2.41,4,alm,0.7476391685448747,True,0.496892535217654
14,10,2.41,4,alm,0.5949581380445801,True,0.3442115047173594
15,10,2.41,4,alm,0.6872163478327862,True,0.4364697145055655
16,10,2.41,4,alm,0.7453211033702933,False,0.49457447004307264
17,10,2.41,4,alm,0.6189384523609988,False,0.36819181903377807
18,10,2.41,4,alm,0.4989186869797333,False,0.2481720536525126
19,10,2.41,4,alm,0.434731904533189,True,0.1839852712059683
20,10,2.41,4,alm,0.5180383722411989,False,0.26729173891397817
21,10,2.41,4,alm,0.5151144387067113,False,0.26436780537949056
22,10,2.41,4,alm,0.4466890897907231,False,0.1959424564635024
23,10,2.41,4,alm,0.35183440856248566,True,0.10108777523526497
24,10,2.41,4,alm,0.41745887096978135,False,0.16671223764256066
25,10,2.41,4,alm,0.5628077248199307,False,0.31206109149271
26,10,2.41,4,alm,0.6997061258006665,False,0.4489594924734458
27,10,2.41,4,alm,0.6478581039008864,False,0.3971114705736657
28,10,2.41,4,alm,0.4275335330878452,True,0.1767868997606245
29,10,2.41,4,alm,0.8126314031833178,False,0.5618847698560971
30,10,2.41,4,alm,0.5340144953862942,False,0.2832678620590735
31,10,2.41,4,alm,0.773995299813518,True,0.5232486664862973
32,10,2.41,4,alm,0.7842697539473649,True,0.5335231206201442
33,10,2.41,4,alm,0.7449749377958225,False,0.4942283044686018
34,10,2.41,4,alm,0.893583773893258,False,0.6428371405660374
35,10,2.41,4,alm,0.6855116627080203,True,0.43476502938079964
36,10,2.41,4,alm,0.7312092809177144,False,0.48046264759049373
37,10,2.41,4,alm,0.5849132853822349,False,0.33416665205501417
38,10,2.41,4,alm,0.8689402011724873,False,0.6181935678452666
39,10,2.41,4,alm,0.7956019755863526,False,0.5448553422591319
40,10,2.41,4,alm,0.5813853011291666,False,0.33063866780194595
41,10,2.41,4,alm,0.8237047105326564,True,0.5729580772054357
42,10,2.41,4,alm,0.8050034850267727,False,0.554256851699552
43,10,2.41,4,alm,0.8628247272834166,False,0.612078093956196
44,10,2.41,4,alm,0.853604234212477,True,0.6028576008852563
1,11,2.41,4,alm,0.8359514142985807,True,0.58520478097136
2,11,2.41,4,alm,0.851773826333287,True,0.6010271930060663
3,11,2.41,4,alm,0.8829683949324366,False,0.6322217616052159
4,11,2.41,4,alm,0.8321120267757574,False,0.5813653934485367
5,11,2.41,4,alm,0.8780247961851376,False,0.6272781628579169
6,11,2.41,4,alm,0.8696950108615067,False,0.618948377534286
7,11,2.41,4,alm,0.8289777778883124,True,0.5782311445610917
8,11,2.41,4,alm,0.8861073857591982,False,0.6353607524319775
9,11,2.41,4,alm,0.8602980525927189,False,0.6095514192654982
10,11,2.41,4,alm,0.835752694985513,False,0.5850060616582923
11,11,2.41,4,alm,0.6548802917846407,True,0.40413365845742
12,11,2.41,4,alm,0.8240754957466789,False,0.5733288624194582
13,11,2.41,4,alm,0.29509283623996696,False,0.04434620291274627
14,11,2.41,4,alm,0.6190412838290411,False,0.3682946505018204
15,11,2.41,4,alm,0.783262625900006,False,0.5325159925727853
16,11,2.41,4,alm,0.8818960587721895,False,0.6311494254449688
17,11,2.41,4,alm,0.7048445575686373,False,0.4540979242414166
18,11,2.41,4,alm,0.5946397375961391,False,0.3438931042689184
19,11,2.41,4,alm,0.860786244777275,False,0.6100396114500543
20,11,2.41,4,alm,0.8165483984718309,False,0.5658017651446102
21,11,2.41,4,alm,0.8108475473310914,False,0.5601009140038707
22,11,2.41,4,alm,0.8820620622340138,False,0.6313154289067932
23,11,2.41,4,alm,0.7876340274257958,False,0.5368873940985751
24,11,2.41,4,alm,0.8280610709611549,True,0.5773144376339342
25,11,2.41,4,alm,0.891188736582583,False,0.6404421032553623
26,11,2.41,4,alm,0.7423035931695848,False,0.49155695984236414
27,11,2.41,4,alm,0.4272539563080356,True,0.1765073229808149
28,11,2.41,4,alm,0.7769776872458867,True,0.526231053918666
29,11,2.41,4,alm,0.7822457432154855,False,0.5314991098882648
30,11,2.41,4,alm,0.7418447670188837,True,0.491098133691663
31,11,2.41,4,alm,0.8258999220092347,False,0.575153288682014
32,11,2.41,4,alm,0.7081168863450615,True,0.45737025301784084
1,12,2.41,4,alm,0.6427707038725439,False,0.3920240705453232
2,12,2.41,4,alm,0.7053976476261526,False,0.45465101429893195
3,12,2.41,4,alm,0.7778500192085531,False,0.5271033858813324
4,12,2.41,4,alm,0.6868256566116813,False,0.4360790232844606
5,12,2.41,4,alm,0.8823313092191338,False,0.6315846758919131
6,12,2.41,4,alm,0.7554342275280944,True,0.5046875942008737
7,12,2.41,4,alm,0.8419676410210872,False,0.5912210076938665
8,12,2.41,4,alm,0.8514451864261801,False,0.6006985530989594
9,12,2.41,4,alm,0.3613717715094476,True,0.11062513818222691
10,12,2.41,4,alm,0.5065774155157886,True,0.2558307821885679
11,12,2.41,4,alm,0.6851279915043786,True,0.43438135817715795
12,12,2.41,4,alm,0.7905635431831454,False,0.5398169098559247
13,12,2.41,4,alm,0.8269761526787709,False,0.5762295193515502
14,12,2.41,4,alm,0.8694004135859276,True,0.6186537802587069
15,12,2.41,4,alm,0.8201795707985298,True,0.5694329374713091
16,12,2.41,4,alm,0.8729690361231326,False,0.6222224027959119
17,12,2.41,4,alm,0.7215345024913544,False,0.47078786916413373
18,12,2.41,4,alm,0.5215807751697126,False,0.2708341418424919
19,12,2.41,4,alm,0.6649783749985051,False,0.4142317416712844
20,12,2.41,4,alm,0.6682993903804735,False,0.4175527570532528
21,12,2.41,4,alm,0.6455982314193276,False,0.3948515980921069
22,12,2.41,4,alm,0.8163018531575823,False,0.5655552198303616
23,12,2.41,4,alm,0.7411661878373463,True,0.49041955451012564
24,12,2.41,4,alm,0.6386815682975996,False,0.3879349349703789
25,12,2.41,4,alm,0.6927107240176438,True,0.4419640906904231
26,12,2.41,4,alm,0.7331863590958992,True,0.48243972576867855
27,12,2.41,4,alm,0.8160649500082208,False,0.5653183166810001
28,12,2.41,4,alm,0.8960592058634343,True,0.6453125725362137
29,12,2.41,4,alm,0.8537374094587926,False,0.6029907761315719
30,12,2.41,4,alm,0.7759605226361188,False,0.5252138893088981
31,12,2.41,4,alm,0.7953024098522838,False,0.5445557765250632
32,12,2.41,4,alm,0.5827385692051248,False,0.3319919358779041
33,12,2.41,4,alm,0.5210812461597312,True,0.2703346128325105
34,12,2.41,4,alm,0.595265027072746,False,0.3445183937455253
1,13,2.41,4,alm,0.8621831993976141,False,0.6114365660703934
2,13,2.41,4,alm,0.8904401495874709,False,0.6396935162602502
3,13,2.41,4,alm,0.7575866257708934,False,0.5068399924436727
4,13,2.41,4,alm,0.8208683867251969,False,0.5701217533979762
5,13,2.41,4,alm,0.47344805285435376,True,0.22270141952713307
6,13,2.41,4,alm,0.8642660370057234,False,0.6135194036785027
7,13,2.41,4,alm,0.8211495860919081,True,0.5704029527646874
8,13,2.41,4,alm,0.6218391150975403,True,0.3710924817703196
9,13,2.41,4,alm,0.8392439442801896,False,0.5884973109529689
10,13,2.41,4,alm,0.8995084132841136,False,0.6487617799568929
11,13,2.41,4,alm,0.8651698853736864,False,0.6144232520464658
12,13,2.41,4,alm,0.7217504085780007,False,0.47100377525077997
13,13,2.41,4,alm,0.6675444998948418,False,0.4167978665676211
14,13,2.41,4,alm,0.8938878299615045,False,0.6431411966342838
15,13,2.41,4,alm,0.7510125709698097,True,0.500265937642589
16,13,2.41,4,alm,0.68485805040531,True,0.4341114170780893
17,13,2.41,4,alm,0.8979012063473162,True,0.6471545730200955
18,13,2.41,4,alm,0.839632274608379,True,0.5888856412811583
19,13,2.41,4,alm,0.8614774773525173,False,0.6107308440252966
20,13,2.41,4,alm,0.7599855356883587,False,0.509238902361138
21,13,2.41,4,alm,0.8560583197432627,True,0.605311686416042
22,13,2.41,4,alm,0.8356555349768937,False,0.584908901649673
23,13,2.41,4,alm,0.8601986156418715,False,0.6094519823146508
24,13,2.41,4,alm,0.5042327839446286,False,0.25348615061740787
25,13,2.41,4,alm,0.8595511166759554,False,0.6088044833487347
26,13,2.41,4,alm,0.8950526996348621,True,0.6443060663076414
27,13,2.41,4,alm,0.8547166563034301,True,0.6039700229762094
28,13,2.41,4,alm,0.6731134398859973,True,0.42236680655877656
29,13,2.41,4,alm,0.8709345201300088,False,0.6201878868027881
30,13,2.41,4,alm,0.8723276394714595,False,0.6215810061442388
31,13,2.41,4,alm,0.7321313863429884,False,0.48138475301576766
32,13,2.41,4,alm,0.84959868408107,False,0.5988520507538493
33,13,2.41,4,alm,0.7475624407256035,True,0.4968158073983828
34,13,2.41,4,alm,0.8688562887051352,False,0.6181096553779145
35,13,2.41,4,alm,0.8684631774978152,False,0.6177165441705945
36,13,2.41,4,alm,0.8735831175567597,False,0.622836484229539
37,13,2.41,4,alm,0.9005262251797674,True,0.6497795918525467
38,13,2.41,4,alm,0.8971430548743282,False,0.6463964215471075
39,13,2.41,4,alm,0.8739917089723391,False,0.6232450756451184
40,13,2.41,4,alm,0.8643375282986779,False,0.6135908949714572
41,13,2.41,4,alm,0.8905204426047539,False,0.6397738092775332
42,13,2.41,4,alm,0.8985091006336443,True,0.6477624673064236
43,13,2.41,4,alm,0.8899084082805826,False,0.6391617749533619
44,13,2.41,4,alm,0.7255231215274665,True,0.47477648820024576
45,13,2.41,4,alm,0.8795952206391495,True,0.6288485873119288
1,14,2.41,4,alm,0.797078989953891,False,0.5463323566266703
2,14,2.41,4,alm,0.7649714786077798,False,0.5142248452805591
3,14,2.41,4,alm,0.8570662087374433,True,0.6063195754102226
4,14,2.41,4,alm,0.7716352953658346,False,0.520888662038614
5,14,2.41,4,alm,0.6961471690739381,False,0.44540053574671745
6,14,2.41,4,alm,0.8311858818837135,True,0.5804392485564928
7,14,2.41,4,alm,0.8991588166176319,False,0.6484121832904112
8,14,2.41,4,alm,0.8147237339394149,False,0.5639771006121942
9,14,2.41,4,alm,0.884259938884488,True,0.6335133055572673
10,14,2.41,4,alm,0.8248864419853627,False,0.574139808658142
11,14,2.41,4,alm,0.7920095027716035,False,0.5412628694443828
12,14,2.41,4,alm,0.8717679907328624,True,0.6210213574056417
13,14,2.41,4,alm,0.8859167725719754,False,0.6351701392447547
14,14,2.41,4,alm,0.7750262181975531,False,0.5242795848703324
15,14,2.41,4,alm,0.8563225417915923,False,0.6055759084643716
16,14,2.41,4,alm,0.7959988227933403,False,0.5452521894661196
17,14,2.41,4,alm,0.8368107369722237,False,0.586064103645003
18,14,2.41,4,alm,0.8916320709696262,True,0.6408854376424055
19,14,2.41,4,alm,0.8515382187811728,False,0.6007915854539521
20,14,2.41,4,alm,0.6613989928085874,False,0.4106523594813667
21,14,2.41,4,alm,0.8727404634037945,False,0.6219938300765738
22,14,2.41,4,alm,0.8160821864559284,False,0.5653355531287078
23,14,2.41,4,alm,0.8484070418124159,True,0.5976604084851952
24,14,2.41,4,alm,0.854460192235042,False,0.6037135589078213
25,14,2.41,4,alm,0.8680594267618134,True,0.6173127934345927
26,14,2.41,4,alm,0.8170146030129357,False,0.566267969685715
27,14,2.41,4,alm,0.8767303365220324,True,0.6259837031948117
28,14,2.41,4,alm,0.7280879692154709,False,0.47734133588825023
29,14,2.41,4,alm,0.7745365077465607,False,0.52378987441934
30,14,2.41,4,alm,0.6400586021550965,False,0.3893119688278758
31,14,2.41,4,alm,0.769255998214953,False,0.5185093648877324
32,14,2.41,4,alm,0.8950017728945273,False,0.6442551395673066
33,14,2.41,4,alm,0.7795901399524402,True,0.5288435066252195
34,14,2.41,4,alm,0.8969250254633072,False,0.6461783921360865
35,14,2.41,4,alm,0.8800559577219309,False,0.6293093243947102
36,14,2.41,4,alm,0.8913051847752002,False,0.6405585514479795
37,14,2.41,4,alm,0.8888687033543293,False,0.6381220700271086
38,14,2.41,4,alm,0.8696804883616359,True,0.6189338550344152
39,14,2.41,4,alm,0.8898756991564039,False,0.6391290658291832
40,14,2.41,4,alm,0.7492505942520677,False,0.49850396092484706
1,15,2.41,4,alm,0.22094458982193949,False,-0.029802043505281206
2,15,2.41,4,alm,0.7550680330923825,False,0.5043213997651618
3,15,2.41,4,alm,0.6856817522395178,True,0.4349351189122971
4,15,2.41,4,alm,0.675985117099432,False,0.4252384837722113
5,15,2.41,4,alm,0.7232074863181065,True,0.4724608529908858
6,15,2.41,4,alm,0.7014955022454482,False,0.4507488689182275
7,15,2.41,4,alm,0.3658182076961075,True,0.11507157436888682
8,15,2.41,4,alm,0.7202597068059841,False,0.46951307347876337
9,15,2.41,4,alm,0.831624249361003,False,0.5808776160337823
10,15,2.41,4,alm,0.7472111900353451,False,0.4964645567081244
11,15,2.41,4,alm,0.34323455902524597,False,0.09248792569802528
12,15,2.41,4,alm,0.14719879155592117,False,-0.10354784177129953
13,15,2.41,4,alm,0.4376422243791914,False,0.18689559105197073
1,16,2.41,4,alm,0.4622627893902961,False,0.2115161560630754
2,16,2.41,4,alm,0.7494923425416826,True,0.49874570921446193
3,16,2.41,4,alm,0.5144035529510046,False,0.2636569196237839
4,16,2.41,4,alm,0.8524013332517999,False,0.6016546999245792
5,16,2.41,4,alm,0.2658376744076598,False,0.015091041080439127
6,16,2.41,4,alm,0.8961184572787289,False,0.6453718239515082
7,16,2.41,4,alm,0.7530792832266227,True,0.502332649899402
8,16,2.41,4,alm,0.7140063920124877,False,0.46325975868526703
9,16,2.41,4,alm,0.8299132801359285,False,0.5791666468087078
10,16,2.41,4,alm,0.8852794131857504,False,0.6345327798585297
11,16,2.41,4,alm,0.827900346723921,False,0.5771537133967003
12,16,2.41,4,alm,0.7270431639611485,False,0.47629653063392785
13,16,2.41,4,alm,0.7388025082497941,False,0.4880558749225734
14,16,2.41,4,alm,0.7337651621760956,True,0.48301852884887486
15,16,2.41,4,alm,0.7959520916641147,False,0.545205458336894
16,16,2.41,4,alm,0.6869859326077259,True,0.4362392992805052
17,16,2.41,4,alm,0.8420721209114689,False,0.5913254875842482
18,16,2.41,4,alm,0.8638907706343607,False,0.61314413730714
19,16,2.41,4,alm,0.7672576464234022,False,0.5165110130961815
20,16,2.41,4,alm,0.5061059093068273,True,0.2553592759796066
21,16,2.41,4,alm,0.629269947192169,False,0.3785233138649483
22,16,2.41,4,alm,0.16523149017075617,True,-0.08551514315646452
23,16,2.41,4,alm,0.7153742032630734,False,0.46462756993585275
24,16,2.41,4,alm,0.5699187897586652,True,0.3191721564314445
25,16,2.41,4,alm,0.7424513801590056,True,0.4917047468317849
26,16,2.41,4,alm,0.594475178263995,False,0.3437285449367743
27,16,2.41,4,alm,0.8169165535766902,False,0.5661699202494695
28,16,2.41,4,alm,0.7079912295588006,False,0.45724459623157987
29,16,2.41,4,alm,0.8508438021143082,False,0.6000971687870875
30,16,2.41,4,alm,0.6812883038482797,False,0.43054167052105896
31,16,2.41,4,alm,0.6671144724454179,False,0.4163678391181972
32,16,2.41,4,alm,0.4092737659341904,False,0.1585271326069697
33,16,2.41,4,alm,0.7984361059300134,False,0.5476894726027927
34,16,2.41,4,alm,0.5283190793934143,False,0.2775724460661936
35,16,2.41,4,alm,0.8450241148702549,True,0.5942774815430342
36,16,2.41,4,alm,0.8771540208070265,False,0.6264073874798058
37,16,2.41,4,alm,0.8765677469162065,False,0.6258211135889858
38,16,2.41,4,alm,0.6544905827646699,False,0.4037439494374492
39,16,2.41,4,alm,0.764757232654475,False,0.5140105993272543
40,16,2.41,4,alm,0.8088555709329774,False,0.5581089376057567
41,16,2.41,4,alm,0.7815455596690224,False,0.5307989263418017
42,16,2.41,4,alm,0.7837010058529505,False,0.5329543725257299
43,16,2.41,4,alm,0.7487529397364115,True,0.49800630640919086
44,16,2.41,4,alm,0.8548455305064184,False,0.6040988971791977
45,16,2.41,4,alm,0.8683270293550411,False,0.6175803960278204
46,16,2.41,4,alm,0.8080496609214253,False,0.5573030275942046
47,16,2.41,4,alm,0.7383714377369692,False,0.48762480440974854
48,16,2.41,4,alm,0.8758540111035528,False,0.6251073777763321
49,16,2.41,4,alm,0.8562993826596342,True,0.6055527493324135
50,16,2.41,4,alm,0.6443859372528907,True,0.39363930392567004
51,16,2.41,4,alm,0.8897807535930375,False,0.6390341202658169
52,16,2.41,4,alm,0.6547621407660392,False,0.40401550743881853
53,16,2.41,4,alm,0.8158758273866663,True,0.5651291940594456
1,17,2.41,4,alm,0.8835787510560651,False,0.6328321177288444
2,17,2.41,4,alm,0.8464370439661957,True,0.595690410638975
3,17,2.41,4,alm,0.8704969610289488,True,0.6197503277017281
4,17,2.41,4,alm,0.8856946754592873,False,0.6349480421320666
5,17,2.41,4,alm,0.8760412301339027,False,0.625294596806682
6,17,2.41,4,alm,0.7748192738920459,False,0.5240726405648252
7,17,2.41,4,alm,0.8569300789328713,False,0.6061834456056506
8,17,2.41,4,alm,0.874686163783595,True,0.6239395304563743
9,17,2.41,4,alm,0.5858481403729873,True,0.3351015070457666
10,17,2.41,4,alm,0.8055065894932625,True,0.5547599561660418
11,17,2.41,4,alm,0.8775747093817188,True,0.6268280760544981
12,17,2.41,4,alm,0.7060898430948997,False,0.45534320976767906
13,17,2.41,4,alm,0.6514995454572056,True,0.4007529121299849
14,17,2.41,4,alm,0.8375421803086907,False,0.58679554698147
15,17,2.41,4,alm,0.8141493174561513,True,0.5634026841289306
16,17,2.41,4,alm,0.8366125614976874,True,0.5858659281704667
17,17,2.41,4,alm,0.8493305038298509,False,0.5985838705026302
18,17,2.41,4,alm,0.6695831391923741,False,0.4188365058651534
19,17,2.41,4,alm,0.8238032097846268,False,0.5730565764574062
20,17,2.41,4,alm,0.7331013787058736,False,0.48235474537865286
21,17,2.41,4,alm,0.7506504635079863,True,0.49990383018076556
22,17,2.41,4,alm,0.7889767320393002,False,0.5382300987120795
23,17,2.41,4,alm,0.8179597989690036,False,0.5672131656417829
24,17,2.41,4,alm,0.5796494764860279,True,0.32890284315880725
25,17,2.41,4,alm,0.7245657995419958,True,0.47381916621477516
26,17,2.41,4,alm,0.5986370856524935,True,0.3478904523252728
27,17,2.41,4,alm,0.8868417095192852,False,0.6360950761920645
28,17,2.41,4,alm,0.8646776662115505,False,0.6139310328843298
29,17,2.41,4,alm,0.7159067920729729,False,0.46516015874575223
30,17,2.41,4,alm,0.7472917664854616,True,0.4965451331582409
31,17,2.41,4,alm,0.8341126913013482,False,0.5833660579741275
32,17,2.41,4,alm,0.7618828635816695,False,0.5111362302544488
33,17,2.41,4,alm,0.8783062889496336,False,0.6275596556224129
34,17,2.41,4,alm,0.8533826792163236,True,0.6026360458891029
35,17,2.41,4,alm,0.8587920437369174,False,0.6080454104096967
36,17,2.41,4,alm,0.8574323150719506,False,0.6066856817447299
37,17,2.41,4,alm,0.8901585620307383,True,0.6394119287035176
38,17,2.41,4,alm,0.5848942930100154,True,0.3341476596827947
39,17,2.41,4,alm,0.8198032828301992,True,0.5690566495029785
40,17,2.41,4,alm,0.8923824555415416,False,0.6416358222143209
41,17,2.41,4,alm,0.880741956575226,False,0.6299953232480053
42,17,2.41,4,alm,0.8396918121108936,True,0.5889451787836729
43,17,2.41,4,alm,0.6317155189451666,False,0.38096888561794595
44,17,2.41,4,alm,0.7735955247259416,False,0.5228488913987209
45,17,2.41,4,alm,0.8863452095404016,False,0.6355985762131809
46,17,2.41,4,alm,0.8312001700111484,False,0.5804535366839277
47,17,2.41,4,alm,0.8460160096373063,False,0.5952693763100856
48,17,2.41,4,alm,0.8626787161035029,False,0.6119320827762822
49,17,2.41,4,alm,0.8174439827192369,False,0.5666973493920162
1,2,2.41,4,alm,0.8867392991540598,False,0.6359926658268391
2,2,2.41,4,alm,0.8696789268377149,True,0.6189322935104942
3,2,2.41,4,alm,0.8843514415868711,False,0.6336048082596504
4,2,2.41,4,alm,0.9006407044698317,False,0.649894071142611
5,2,2.41,4,alm,0.8765747135800129,False,0.6258280802527922
6,2,2.41,4,alm,0.841015128513597,False,0.5902684951863764
7,2,2.41,4,alm,0.8642104434834257,False,0.613463810156205
8,2,2.41,4,alm,0.8039223764774096,False,0.5531757431501889
9,2,2.41,4,alm,0.8676326949942876,False,0.6168860616670669
10,2,2.41,4,alm,0.7598442912389055,True,0.5090976579116848
11,2,2.41,4,alm,0.8362365061584445,False,0.5854898728312238
12,2,2.41,4,alm,0.8256911431862246,False,0.5749445098590039
13,2,2.41,4,alm,0.612798547995413,True,0.3620519146681923
14,2,2.41,4,alm,0.7672461079983488,False,0.5164994746711281
15,2,2.41,4,alm,0.8185006936808312,False,0.5677540603536105
16,2,2.41,4,alm,0.8966527292409449,True,0.6459060959137242
17,2,2.41,4,alm,0.8419302920104696,False,0.591183658683249
18,2,2.41,4,alm,0.8615308905563317,False,0.610784257229111
19,2,2.41,4,alm,0.5176845665287356,False,0.26693793320151493
20,2,2.41,4,alm,0.8779775741552905,False,0.6272309408280698
21,2,2.41,4,alm,0.7249241430089131,False,0.47417750968169237
22,2,2.41,4,alm,0.8846048296308071,False,0.6338581963035864
23,2,2.41,4,alm,0.8518895888869089,False,0.6011429555596882
24,2,2.41,4,alm,0.8742645078363738,False,0.6235178745091531
25,2,2.41,4,alm,0.8700896298647731,False,0.6193429965375524
26,2,2.41,4,alm,0.8475877262495197,False,0.596841092922299
27,2,2.41,4,alm,0.832893202120701,True,0.5821465687934803
28,2,2.41,4,alm,0.8705834483283448,False,0.6198368150011241
29,2,2.41,4,alm,0.8178270976467857,True,0.567080464319565
30,2,2.41,4,alm,0.6740412463569152,True,0.4232946130296945
1,3,2.41,4,alm,0.8549301474996378,False,0.6041835141724171
2,3,2.41,4,alm,0.7424598286501121,False,0.49171319532289137
3,3,2.41,4,alm,0.8110898097948624,True,0.5603431764676418
4,3,2.41,4,alm,0.7367349823285624,True,0.4859883490013417
5,3,2.41,4,alm,0.8210597501806285,True,0.5703131168534078
6,3,2.41,4,alm,0.8468027781379108,True,0.5960561448106901
7,3,2.41,4,alm,0.6880553642646429,False,0.4373087309374222
8,3,2.41,4,alm,0.8873104206990596,True,0.6365637873718389
9,3,2.41,4,alm,0.8902046524160729,False,0.6394580190888522
10,3,2.41,4,alm,0.8762880621130578,False,0.6255414287858371
11,3,2.41,4,alm,0.7872226878223284,True,0.5364760544951077
12,3,2.41,4,alm,0.6770105278184229,False,0.42626389449120217
13,3,2.41,4,alm,0.8936646260893173,False,0.6429179927620966
14,3,2.41,4,alm,0.8623960100640822,False,0.6116493767368615
15,3,2.41,4,alm,0.7137896024535901,False,0.46304296912636944
16,3,2.41,4,alm,0.7623189639067117,True,0.511572330579491
17,3,2.41,4,alm,0.7428139521117675,True,0.4920673187845468
18,3,2.41,4,alm,0.4751859787495404,False,0.2244393454223197
19,3,2.41,4,alm,0.8807770466294343,True,0.6300304133022137
20,3,2.41,4,alm,0.3437840290922242,True,0.09303739576500353
21,3,2.41,4,alm,0.5702897876672275,True,0.3195431543400068
22,3,2.41,4,alm,0.7542188695151826,False,0.5034722361879619
23,3,2.41,4,alm,0.7473090021025584,False,0.49656236877533766
24,3,2.41,4,alm,0.6011498771215932,False,0.3504032437943725
25,3,2.41,4,alm,0.8526147407422998,False,0.6018681074150791
26,3,2.41,4,alm,0.4340323487973469,False,0.18328571547012623
27,3,2.41,4,alm,0.2875059825064453,False,0.03675934917922463
28,3,2.41,4,alm,0.8012893242540245,False,0.5505426909268039
1,4,2.41,4,alm,0.7609176161708288,True,0.5101709828436081
2,4,2.41,4,alm,0.8453786953417974,False,0.5946320620145767
3,4,2.41,4,alm,0.6587105083782513,False,0.4079638750510306
4,4,2.41,4,alm,0.7992690122782841,False,0.5485223789510634
5,4,2.41,4,alm,0.8512095292996058,True,0.6004628959723851
6,4,2.41,4,alm,0.826673931188424,True,0.5759272978612033
7,4,2.41,4,alm,0.6152744923884167,False,0.364527859061196
8,4,2.41,4,alm,0.5274129622218998,True,0.2766663288946791
9,4,2.41,4,alm,0.24909098194995857,True,-0.0016556513772621184
10,4,2.41,4,alm,0.8543899548153672,False,0.6036433214881465
11,4,2.41,4,alm,0.7728853901278345,False,0.5221387568006138
12,4,2.41,4,alm,0.678773884557957,False,0.42802725123073626
13,4,2.41,4,alm,0.5341907273766479,True,0.28344409404942716
14,4,2.41,4,alm,0.7948287458276347,False,0.544082112500414
15,4,2.41,4,alm,0.8830060191245724,True,0.6322593857973517
16,4,2.41,4,alm,0.7245296532975589,False,0.4737830199703382
17,4,2.41,4,alm,0.8340695874099348,False,0.5833229540827141
18,4,2.41,4,alm,0.5894923565209748,False,0.33874572319375407
19,4,2.41,4,alm,0.6362696115012565,True,0.3855229781740358
20,4,2.41,4,alm,0.8472597072565392,False,0.5965130739293185
21,4,2.41,4,alm,0.6723696056094702,True,0.42162297228224954
22,4,2.41,4,alm,0.3310790816811859,True,0.08033244835396519
23,4,2.41,4,alm,0.8645592327703957,False,0.613812599443175
24,4,2.41,4,alm,0.688890233184597,False,0.4381435998573763
25,4,2.41,4,alm,0.239201230652425,True,-0.011545402674795702
26,4,2.41,4,alm,0.42846507786127275,True,0.17771844453405206
1,5,2.41,4,alm,0.8168094352588081,True,0.5660628019315874
2,5,2.41,4,alm,0.8379630176536489,False,0.5872163843264282
3,5,2.41,4,alm,0.8268624681534635,False,0.5761158348262428
4,5,2.41,4,alm,0.7412350757554202,False,0.49048844242819956
5,5,2.41,4,alm,0.8536967066804367,False,0.602950073353216
6,5,2.41,4,alm,0.7305177021992751,False,0.47977106887205445
7,5,2.41,4,alm,0.8897634825718208,False,0.6390168492446001
8,5,2.41,4,alm,0.8380274576674255,False,0.5872808243402048
9,5,2.41,4,alm,0.7014513440740658,False,0.45070471074684515
10,5,2.41,4,alm,0.7770302195013372,False,0.5262835861741165
11,5,2.41,4,alm,0.6993707502084147,True,0.44862411688119397
12,5,2.41,4,alm,0.8918198997475246,False,0.6410732664203039
13,5,2.41,4,alm,0.8900684047584658,False,0.6393217714312451
14,5,2.41,4,alm,0.8705907220584239,False,0.6198440887312032
15,5,2.41,4,alm,0.8507965536778561,True,0.6000499203506354
16,5,2.41,4,alm,0.8233945950598203,False,0.5726479617325996
17,5,2.41,4,alm,0.6619614949707524,False,0.4112148616435317
18,5,2.41,4,alm,0.843155180792851,False,0.5924085474656303
19,5,2.41,4,alm,0.8618471053963681,False,0.6111004720691474
20,5,2.41,4,alm,0.8650677565370746,False,0.6143211232098539
21,5,2.41,4,alm,0.8653874783028522,False,0.6146408449756315
22,5,2.41,4,alm,0.8749102766080308,False,0.6241636432808101
23,5,2.41,4,alm,0.8867870603943521,False,0.6360404270671314
24,5,2.41,4,alm,0.8936170510576321,False,0.6428704177304114
25,5,2.41,4,alm,0.880744951689751,False,0.6299983183625303
26,5,2.41,4,alm,0.7822207925638858,False,0.5314741592366651
27,5,2.41,4,alm,0.886981867837996,False,0.6362352345107753
28,5,2.41,4,alm,0.8696925059485949,False,0.6189458726213742
29,5,2.41,4,alm,0.8751641039984813,False,0.6244174706712606
30,5,2.41,4,alm,0.8397568245181457,False,0.589010191190925
31,5,2.41,4,alm,0.8555093457374552,True,0.6047627124102345
32,5,2.41,4,alm,0.8801582965252676,False,0.6294116631980469
33,5,2.41,4,alm,0.7477037366155614,False,0.49695710328834075
34,5,2.41,4,alm,0.8623857892009623,False,0.6116391558737416
35,5,2.41,4,alm,0.8781502945788325,False,0.6274036612516118
36,5,2.41,4,alm,0.8103076931032398,False,0.5595610597760191
37,5,2.41,4,alm,0.6495167936412258,True,0.39877016031400514
38,5,2.41,4,alm,0.8731184493637578,False,0.6223718160365371
39,5,2.41,4,alm,0.8119583743450768,False,0.5612117410178561
40,5,2.41,4,alm,0.8567251439242733,False,0.6059785105970527
41,5,2.41,4,alm,0.8678822255663444,True,0.6171355922391237
42,5,2.41,4,alm,0.8795370840814716,False,0.6287904507542509
43,5,2.41,4,alm,0.8911898596966937,False,0.640443226369473
44,5,2.41,4,alm,0.8735162093409731,True,0.6227695760137524
45,5,2.41,4,alm,0.754596679125912,False,0.5038500457986913
46,5,2.41,4,alm,0.8913094449094254,True,0.6405628115822047
47,5,2.41,4,alm,0.8779611569537703,True,0.6272145236265496
48,5,2.41,4,alm,0.8769180259710285,False,0.6261713926438078
49,5,2.41,4,alm,0.8830829520827702,False,0.6323363187555495
50,5,2.41,4,alm,0.8712892683658457,False,0.6205426350386251
51,5,2.41,4,alm,0.6741945740876318,True,0.42344794076041115
52,5,2.41,4,alm,0.6752530468025645,True,0.4245064134753438
53,5,2.41,4,alm,0.5287511378460498,True,0.2780045045188291
54,5,2.41,4,alm,0.8861872852213573,True,0.6354406518941366
55,5,2.41,4,alm,0.8934619001032977,True,0.642715266776077
56,5,2.41,4,alm,0.8190392607525017,True,0.568292627425281
57,5,2.41,4,alm,0.8884456830267424,True,0.6376990496995217
58,5,2.41,4,alm,0.8606038102308242,False,0.6098571769036035
59,5,2.41,4,alm,0.7765430404690833,False,0.5257964071418626
1,6,2.41,4,alm,0.7141262542411527,False,0.46337962091393203
2,6,2.41,4,alm,0.829456413318818,True,0.5787097799915973
3,6,2.41,4,alm,0.8620426290249439,True,0.6112959956977232
4,6,2.41,4,alm,0.6203535084672527,False,0.369606875140032
5,6,2.41,4,alm,0.7966577822567386,True,0.5459111489295179
6,6,2.41,4,alm,0.4225575768817639,True,0.17181094355454318
7,6,2.41,4,alm,0.6747627876162339,False,0.4240161542890132
8,6,2.41,4,alm,0.851632376216638,False,0.6008857428894173
9,6,2.41,4,alm,0.838619669556676,True,0.5878730362294553
10,6,2.41,4,alm,0.669955064633314,False,0.4192084313060933
11,6,2.41,4,alm,0.7317241733694615,False,0.4809775400422408
12,6,2.41,4,alm,0.7349714623686406,False,0.48422482904141995
13,6,2.41,4,alm,0.7217980758642529,False,0.47105144253703224
14,6,2.41,4,alm,0.8473976625016061,False,0.5966510291743854
15,6,2.41,4,alm,0.8278413188833349,False,0.5770946855561142
16,6,2.41,4,alm,0.892904414712949,True,0.6421577813857283
17,6,2.41,4,alm,0.6089366023211584,False,0.35818996899393774
18,6,2.41,4,alm,0.7027965783143888,False,0.4520499449871681
19,6,2.41,4,alm,0.7911722827363294,False,0.5404256494091088
20,6,2.41,4,alm,0.7800268921449864,False,0.5292802588177657
21,6,2.41,4,alm,0.33045876848451117,True,0.07971213515729048
22,6,2.41,4,alm,0.836186434439105,False,0.5854398011118843
23,6,2.41,4,alm,0.719299119531738,False,0.4685524862045173
24,6,2.41,4,alm,0.6501486790395706,True,0.39940204571234994
25,6,2.41,4,alm,0.8940523548808763,False,0.6433057215536556
26,6,2.41,4,alm,0.8613593020507336,False,0.6106126687235129
27,6,2.41,4,alm,0.829922805574069,False,0.5791761722468483
28,6,2.41,4,alm,0.3447994340400592,False,0.0940528007128385
29,6,2.41,4,alm,0.5577326524945964,False,0.30698601916737567
30,6,2.41,4,alm,0.8736570604044929,False,0.6229104270772722
31,6,2.41,4,alm,0.8194794925708664,False,0.5687328592436457
32,6,2.41,4,alm,0.6443271000236417,True,0.393580466696421
33,6,2.41,4,alm,0.7108146552991447,True,0.460068021971924
34,6,2.41,4,alm,0.865233434167118,False,0.6144868008398973
35,6,2.41,4,alm,0.8045152810616034,False,0.5537686477343827
36,6,2.41,4,alm,0.8374713308369287,False,0.586724697509708
37,6,2.41,4,alm,0.7973525557090324,True,0.5466059223818117
38,6,2.41,4,alm,0.660540379922319,False,0.40979374659509826
39,6,2.41,4,alm,0.8031748931564457,False,0.552428259829225
40,6,2.41,4,alm,0.8266584984473868,False,0.5759118651201661
41,6,2.41,4,alm,0.8566955238811731,False,0.6059488905539524
42,6,2.41,4,alm,0.8421930931274757,False,0.591446459800255
43,6,2.41,4,alm,0.8625554780454301,False,0.6118088447182094
44,6,2.41,4,alm,0.4310478462466788,True,0.1803012129194581
45,6,2.41,4,alm,0.7845128632365055,True,0.5337662299092848
46,6,2.41,4,alm,0.5858795438680844,True,0.3351329105408637
47,6,2.41,4,alm,0.8362655721710734,False,0.5855189388438528
48,6,2.41,4,alm,0.5921793046110823,False,0.34143267128386157
49,6,2.41,4,alm,0.7886328245426265,True,0.5378861912154058
50,6,2.41,4,alm,0.801193204678247,False,0.5504465713510263
51,6,2.41,4,alm,0.476692308035782,True,0.2259456747085613
52,6,2.41,4,alm,0.7795440905812032,False,0.5287974572539825
53,6,2.41,4,alm,0.6049373779616404,False,0.3541907446344197
54,6,2.41,4,alm,0.8809309722032703,False,0.6301843388760496
55,6,2.41,4,alm,0.7208903663825091,False,0.47014373305528845
56,6,2.41,4,alm,0.8442620724963232,False,0.5935154391691025
57,6,2.41,4,alm,0.8609568902023328,False,0.6102102568751121
58,6,2.41,4,alm,0.8641258788870234,False,0.6133792455598027
59,6,2.41,4,alm,0.8210680616598334,False,0.5703214283326127
60,6,2.41,4,alm,0.614843697440198,False,0.36409706411297726
61,6,2.41,4,alm,0.6847464981703608,False,0.4339998648431401
62,6,2.41,4,alm,0.7717079190223185,True,0.5209612856950978
63,6,2.41,4,alm,0.7887056803727295,False,0.5379590470455088
64,6,2.41,4,alm,0.6860073622831278,False,0.43526072895590706
65,6,2.41,4,alm,0.8503234308618935,False,0.5995767975346729
66,6,2.41,4,alm,0.2887679307012704,False,0.03802129737404969
67,6,2.41,4,alm,0.7301447064607105,True,0.4793980731334898
68,6,2.41,4,alm,0.7902221666178243,False,0.5394755332906036
69,6,2.41,4,alm,0.726346996149154,False,0.4756003628219333
70,6,2.41,4,alm,0.8538010178200632,False,0.6030543844928425
71,6,2.41,4,alm,0.6663008991955063,True,0.4155542658682856
72,6,2.41,4,alm,0.8869393701479664,False,0.6361927368207457
73,6,2.41,4,alm,0.5222513616583455,False,0.2715047283311248
74,6,2.41,4,alm,0.5292439230961927,True,0.27849728976897203
75,6,2.41,4,alm,0.8219294201227105,False,0.5711827867954898
76,6,2.41,4,alm,0.8132346542642492,False,0.5624880209370285
77,6,2.41,4,alm,0.8916696829926514,False,0.6409230496654307
78,6,2.41,4,alm,0.6892272754079537,True,0.438480642080733
79,6,2.41,4,alm,0.8903568099844176,True,0.6396101766571969
80,6,2.41,4,alm,0.44591907417720256,False,0.19517244084998187
81,6,2.41,4,alm,0.8713863781286657,False,0.620639744801445
82,6,2.41,4,alm,0.8785230349090453,False,0.6277764015818246
83,6,2.41,4,alm,0.7149460397268788,False,0.46419940639965807
84,6,2.41,4,alm,0.6710400365268143,False,0.42029340319959363
1,7,2.41,4,alm,0.74843891594254,False,0.4976922826153193
2,7,2.41,4,alm,0.8936943899263993,False,0.6429477565991786
3,7,2.41,4,alm,0.8701970206927463,False,0.6194503873655256
4,7,2.41,4,alm,0.8797417673937135,True,0.6289951340664928
5,7,2.41,4,alm,0.880614463694184,True,0.6298678303669633
6,7,2.41,4,alm,0.7629161342178028,True,0.5121695008905821
7,7,2.41,4,alm,0.8927829627041328,False,0.6420363293769121
8,7,2.41,4,alm,0.8710830484587889,False,0.6203364151315682
9,7,2.41,4,alm,0.8993764555991264,True,0.6486298222719057
10,7,2.41,4,alm,0.8731649152813054,False,0.6224182819540847
11,7,2.41,4,alm,0.8832974173321254,True,0.6325507840049047
12,7,2.41,4,alm,0.6016297895554162,False,0.35088315622819555
13,7,2.41,4,alm,0.13728677591048338,True,-0.11345985741673731
14,7,2.41,4,alm,0.8679756634938194,False,0.6172290301665987
15,7,2.41,4,alm,0.8762453449098176,False,0.625498711582597
16,7,2.41,4,alm,0.8037471860430833,False,0.5530005527158626
17,7,2.41,4,alm,0.7566318912404209,False,0.5058852579132002
18,7,2.41,4,alm,0.8275384979413172,False,0.5767918646140965
19,7,2.41,4,alm,0.6140935424831486,True,0.36334690915592793
20,7,2.41,4,alm,0.8674368034415059,False,0.6166901701142852
21,7,2.41,4,alm,0.8980712559070108,False,0.6473246225797901
22,7,2.41,4,alm,0.8023296985740582,False,0.5515830652468375
23,7,2.41,4,alm,0.6060249364186326,True,0.35527830309141195
24,7,2.41,4,alm,0.7342661417008559,False,0.4835195083736352
25,7,2.41,4,alm,0.7868359551072358,False,0.5360893217800151
26,7,2.41,4,alm,0.8884327909038878,False,0.6376861575766671
27,7,2.41,4,alm,0.57395135380609,False,0.3232047204788693
28,7,2.41,4,alm,0.8235310260385582,False,0.5727843927113375
29,7,2.41,4,alm,0.8784084912556157,True,0.627661857928395
30,7,2.41,4,alm,0.8408823707273838,False,0.5901357374001631
31,7,2.41,4,alm,0.8758386637842108,True,0.6250920304569901
32,7,2.41,4,alm,0.7213884554589064,False,0.4706418221316857
33,7,2.41,4,alm,0.7839870935845058,False,0.5332404602572851
34,7,2.41,4,alm,0.8358105908702271,True,0.5850639575430064
35,7,2.41,4,alm,0.42082703424901735,False,0.17008040092179666
36,7,2.41,4,alm,0.6662289405827814,True,0.4154823072555607
37,7,2.41,4,alm,0.8770886115563694,True,0.6263419782291487
38,7,2.41,4,alm,0.8921583160359283,False,0.6414116827087076
39,7,2.41,4,alm,0.8782438570848192,False,0.6274972237575985
40,7,2.41,4,alm,0.35304001886611663,True,0.10229338553889594
41,7,2.41,4,alm,0.8948926343908795,True,0.6441460010636588
42,7,2.41,4,alm,0.7135425133084428,False,0.46279587998122207
43,7,2.41,4,alm,0.8720188081133319,False,0.6212721747861112
44,7,2.41,4,alm,0.8627765195355093,False,0.6120298862082886
45,7,2.41,4,alm,0.770012637852456,False,0.5192660045252353
46,7,2.41,4,alm,0.856554317331109,True,0.6058076840038883
47,7,2.41,4,alm,0.8795458769138218,True,0.6287992435866011
48,7,2.41,4,alm,0.8672791789786377,True,0.616532545651417
49,7,2.41,4,alm,0.8301657484046263,False,0.5794191150774056
50,7,2.41,4,alm,0.8739735867260154,True,0.6232269533987947
51,7,2.41,4,alm,0.8232906985451536,False,0.5725440652179329
52,7,2.41,4,alm,0.7186354272210727,True,0.46788879389385196
53,7,2.41,4,alm,0.6733308716854891,False,0.4225842383582684
54,7,2.41,4,alm,0.7559718570927625,False,0.5052252237655418
55,7,2.41,4,alm,0.14583568663820057,True,-0.10491094668902012
56,7,2.41,4,alm,0.6669915133424947,False,0.41624488001527404
57,7,2.41,4,alm,0.8909487938292248,False,0.6402021605020041
58,7,2.41,4,alm,0.7145934707118136,False,0.46384683738459287
1,8,2.41,4,alm,0.7985741423104752,False,0.5478275089832545
2,8,2.41,4,alm,0.8149275461367038,False,0.5641809128094831
3,8,2.41,4,alm,0.8312507512525429,False,0.5805041179253222
4,8,2.41,4,alm,0.8423023774787822,False,0.5915557441515615
5,8,2.41,4,alm,0.893477622826061,True,0.6427309894988403
6,8,2.41,4,alm,0.7152530881442831,False,0.46450645481706243
7,8,2.41,4,alm,0.8916815737672635,True,0.6409349404400428
8,8,2.41,4,alm,0.8328994618568176,False,0.5821528285295969
9,8,2.41,4,alm,0.8839220822694301,False,0.6331754489422095
10,8,2.41,4,alm,0.6598478528594848,False,0.4091012195322641
11,8,2.41,4,alm,0.8739034917317096,True,0.6231568584044889
12,8,2.41,4,alm,0.8786359893044425,True,0.6278893559772218
13,8,2.41,4,alm,0.7555837727535609,False,0.5048371394263402
14,8,2.41,4,alm,0.8761417030085605,False,0.6253950696813398
15,8,2.41,4,alm,0.8466227353049772,False,0.5958761019777565
16,8,2.41,4,alm,0.8756369842403359,False,0.6248903509131152
17,8,2.41,4,alm,0.7292371492590817,True,0.478490515931861
18,8,2.41,4,alm,0.896403890315651,False,0.6456572569884304
19,8,2.41,4,alm,0.8834612424608856,False,0.632714609133665
20,8,2.41,4,alm,0.8000445823545433,False,0.5492979490273227
21,8,2.41,4,alm,0.7398952394560945,False,0.4891486061288738
22,8,2.41,4,alm,0.8774745860722923,True,0.6267279527450716
23,8,2.41,4,alm,0.8533616800795117,False,0.602615046752291
24,8,2.41,4,alm,0.8757045392937168,True,0.6249579059664961
25,8,2.41,4,alm,0.6089658819149149,False,0.35821924858769416
26,8,2.41,4,alm,0.6675406123376135,False,0.41679397901039283
27,8,2.41,4,alm,0.1515667968141201,True,-0.09917983651310058
28,8,2.41,4,alm,0.8823118745311849,True,0.6315652412039642
29,8,2.41,4,alm,0.8447754265161638,False,0.5940287931889431
30,8,2.41,4,alm,0.8072984622421465,False,0.5565518289149258
31,8,2.41,4,alm,0.8795901257900034,False,0.6288434924627827
32,8,2.41,4,alm,0.776826783654813,False,0.5260801503275923
33,8,2.41,4,alm,0.730523192159665,False,0.4797765588324443
34,8,2.41,4,alm,0.8286015515865582,False,0.5778549182593375
35,8,2.41,4,alm,0.8564569292618737,False,0.605710295934653
36,8,2.41,4,alm,0.749823981952668,False,0.4990773486254473
37,8,2.41,4,alm,0.76726665461193,False,0.5165200212847093
38,8,2.41,4,alm,0.6719864041263749,False,0.4212397707991542
1,9,2.41,4,alm,0.5419818733596424,True,0.29123524003242174
2,9,2.41,4,alm,0.6623848996337347,False,0.411638266306514
3,9,2.41,4,alm,0.7383315966059438,False,0.48758496327872314
4,9,2.41,4,alm,0.6743161295257594,True,0.4235694961985387
5,9,2.41,4,alm,0.8112281981518354,False,0.5604815648246148
6,9,2.41,4,alm,0.4194466367406086,True,0.16870000341338792
7,9,2.41,4,alm,0.6268731043055769,True,0.37612647097835616
8,9,2.41,4,alm,0.7768222008723819,True,0.5260755675451612
9,9,2.41,4,alm,0.8353271507906097,False,0.584580517463389
10,9,2.41,4,alm,0.7706427572534004,False,0.5198961239261797
11,9,2.41,4,alm,0.7396880800366075,False,0.4889414467093868
12,9,2.41,4,alm,0.6268114665848561,False,0.3760648332576354
13,9,2.41,4,alm,0.7767614701866837,True,0.526014836859463
14,9,2.41,4,alm,0.6741415797351658,False,0.42339494640794506
15,9,2.41,4,alm,0.37422078085011307,False,0.12347414752289237
16,9,2.41,4,alm,0.8343197066941048,False,0.5835730733668841
17,9,2.41,4,alm,0.8736926818730943,True,0.6229460485458737
18,9,2.41,4,alm,0.5166397328655661,True,0.2658930995383454
19,9,2.41,4,alm,0.8075235413773838,False,0.5567769080501631
20,9,2.41,4,alm,0.5129791074178695,False,0.26223247409064876
21,9,2.41,4,alm,0.7580881366998241,False,0.5073415033726034
22,9,2.41,4,alm,0.14371709130791438,True,-0.10702954201930631
23,9,2.41,4,alm,0.5789303706009622,False,0.3281837372737415
24,9,2.41,4,alm,0.47462565995268,False,0.22387902662545933
1,0,0.0,4,control,0.6451372285172206,False,0.39439059518999986
2,0,0.0,4,control,0.4222857192775719,False,0.17153908595035122
3,0,0.0,4,control,0.4143293982543038,True,0.16358276492708312
4,0,0.0,4,control,0.49865743407749924,True,0.24791080075027855
5,0,0.0,4,control,0.1426164017530572,False,-0.10813023157416349
6,0,0.0,4,control,0.23620662546723148,True,-0.014540007859989212
7,0,0.0,4,control,0.43307756588102475,False,0.18233093255380406
8,0,0.0,4,control,0.1639346454205667,True,-0.08681198790665398
9,0,0.0,4,control,0.4301338688038851,False,0.1793872354766644
10,0,0.0,4,control,0.17024880071890058,False,-0.08049783260832011
11,0,0.0,4,control,0.1551478631446612,False,-0.0955987701825595
12,0,0.0,4,control,0.12952834197176705,True,-0.12121829135545364
13,0,0.0,4,control,0.1580295340155442,False,-0.09271709931167649
14,0,0.0,4,control,0.23425170072781806,False,-0.01649493259940263
15,0,0.0,4,control,0.48071407057760285,False,0.22996743725038216
16,0,0.0,4,control,0.10772810700512028,False,-0.1430185263221004
17,0,0.0,4,control,0.17163716434428705,False,-0.07910946898293364
18,0,0.0,4,control,0.4123249751412573,False,0.16157834181403663
19,0,0.0,4,control,0.10920374132019009,False,-0.1415428920070306
20,0,0.0,4,control,0.29479862510061,False,0.04405199177338931
21,0,0.0,4,control,0.19477051339332221,False,-0.05597611993389848
22,0,0.0,4,control,0.2144686305358646,False,-0.036278002791356095
23,0,0.0,4,control,0.14564425876554954,True,-0.10510237456167115
24,0,0.0,4,control,0.20572716880278455,True,-0.04501946452443614
25,0,0.0,4,control,0.20883091095674908,False,-0.041915722370471614
26,0,0.0,4,control,0.1625304094590257,False,-0.088216223868195
27,0,0.0,4,control,0.15836630721566347,True,-0.09238032611155722
28,0,0.0,4,control,0.17679679938052378,False,-0.07394983394669691
29,0,0.0,4,control,0.1623352902743496,False,-0.0884113430528711
30,0,0.0,4,control,0.19873845980740387,False,-0.05200817351981682
31,0,0.0,4,control,0.21025049217118036,True,-0.04049614115604033
32,0,0.0,4,control,0.1230564611395076,True,-0.12769017218771309
33,0,0.0,4,control,0.14279997650117243,False,-0.10794665682604826
34,0,0.0,4,control,0.3963500552795247,False,0.14560342195230402
35,0,0.0,4,control,0.3710974989760905,False,0.12035086564886982
36,0,0.0,4,control,0.13158508021528356,False,-0.11916155311193713
37,0,0.0,4,control,0.2382985516016185,False,-0.01244808172560219
1,1,0.0,4,control,0.42534043823059375,False,0.17459380490337306
2,1,0.0,4,control,0.11937754461649712,False,-0.13136908871072356
3,1,0.0,4,control,0.2885200500581281,False,0.037773416730907394
4,1,0.0,4,control,0.2169549643452299,False,-0.03379166898199079
5,1,0.0,4,control,0.12971753153035406,False,-0.12102910179686663
6,1,0.0,4,control,0.2160254352642781,True,-0.034721198062942604
7,1,0.0,4,control,0.286734499649029,False,0.03598786632180828
8,1,0.0,4,control,0.1291734206667245,False,-0.1215732126604962
9,1,0.0,4,control,0.10852921102613418,False,-0.14221742230108653
10,1,0.0,4,control,0.12288752234846938,False,-0.1278591109787513
11,1,0.0,4,control,0.729453201524674,False,0.4787065681974533
12,1,0.0,4,control,0.14098505042280235,False,-0.10976158290441834
13,1,0.0,4,control,0.10392565173776805,False,-0.14682098158945264
14,1,0.0,4,control,0.10147079715928113,False,-0.14927583616793955
15,1,0.0,4,control,0.10773649730412516,False,-0.14301013602309554
16,1,0.0,4,control,0.12702709075793084,False,-0.12371954256928985
17,1,0.0,4,control,0.11737720883233656,True,-0.13336942449488415
18,1,0.0,4,control,0.10951125613513701,False,-0.14123537719208368
19,1,0.0,4,control,0.09906693921490899,False,-0.1516796941123117
1,10,0.0,4,control,0.105771328418468,False,-0.1449753049087527
2,10,0.0,4,control,0.11503980621728485,True,-0.13570682710993584
3,10,0.0,4,control,0.13433295107155305,False,-0.11641368225566764
4,10,0.0,4,control,0.11791354639358023,False,-0.13283308693364046
5,10,0.0,4,control,0.13806392196959266,True,-0.11268271135762803
6,10,0.0,4,control,0.1649524576560965,False,-0.08579417567112418
7,10,0.0,4,control,0.29795009048003324,False,0.047203457152812545
8,10,0.0,4,control,0.12078376394129131,False,-0.12996286938592938
9,10,0.0,4,control,0.10829591362424784,False,-0.14245071970297285
11,10,0.0,4,control,0.13020832502165333,False,-0.12053830830556736
12,10,0.0,4,control,0.11887465589619725,False,-0.13187197743102344
13,10,0.0,4,control,0.17343003175767363,False,-0.07731660156954706
14,10,0.0,4,control,0.15847926312518107,False,-0.09226737020203962
15,10,0.0,4,control,0.1113490668359084,False,-0.1393975664913123
16,10,0.0,4,control,0.14875241938294914,True,-0.10199421394427155
17,10,0.0,4,control,0.10962930654591294,False,-0.14111732678130776
18,10,0.0,4,control,0.18976229250266513,False,-0.06098434082455556
19,10,0.0,4,control,0.11033491455309838,False,-0.1404117187741223
20,10,0.0,4,control,0.10519328979285987,False,-0.14555334353436084
21,10,0.0,4,control,0.1027921720976144,True,-0.1479544612296063
22,10,0.0,4,control,0.21307808951477733,False,-0.03766854381244336
23,10,0.0,4,control,0.10135159545063852,True,-0.14939503787658218
24,10,0.0,4,control,0.10587969476601784,False,-0.14486693856120286
25,10,0.0,4,control,0.8046720756146447,True,0.553925442287424
26,10,0.0,4,control,0.10651904608493568,False,-0.14422758724228502
27,10,0.0,4,control,0.24917769677517798,False,-0.00156893655204271
28,10,0.0,4,control,0.11418526266300903,True,-0.13656137066421165
29,10,0.0,4,control,0.10668231306177751,False,-0.1440643202654432
30,10,0.0,4,control,0.12329541947149206,False,-0.12745121385572863
31,10,0.0,4,control,0.11897741129074291,False,-0.13176922203647778
32,10,0.0,4,control,0.10027946829974019,True,-0.1504671650274805
33,10,0.0,4,control,0.3495875938363637,False,0.09884096050914298
34,10,0.0,4,control,0.10664938431535395,True,-0.14409724901186674
35,10,0.0,4,control,0.11464353877787614,False,-0.13610309454934455
36,10,0.0,4,control,0.12064789133192311,False,-0.13009874199529758
37,10,0.0,4,control,0.13211195684283,False,-0.11863467648439069
38,10,0.0,4,control,0.11256557067619681,True,-0.13818106265102387
39,10,0.0,4,control,0.10076266848013482,True,-0.14998396484708587
40,10,0.0,4,control,0.1426831391810805,False,-0.1080634941461402
41,10,0.0,4,control,0.10089073538581894,False,-0.14985589794140175
42,10,0.0,4,control,0.1071608884144627,False,-0.143585744912758
43,10,0.0,4,control,0.10273291973628138,False,-0.14801371359093932
45,10,0.0,4,control,0.11192933155059315,False,-0.13881730177662754
46,10,0.0,4,control,0.13396628066018096,False,-0.11678035266703973
47,10,0.0,4,control,0.11343561761535785,False,-0.13731101571186283
48,10,0.0,4,control,0.11500112702115657,False,-0.13574550630606413
49,10,0.0,4,control,0.0994242567286985,False,-0.15132237659852218
50,10,0.0,4,control,0.10670086509317869,True,-0.144045768234042
51,10,0.0,4,control,0.10652682440389782,False,-0.14421980892332287
52,10,0.0,4,control,0.11605904602381342,False,-0.13468758730340727
53,10,0.0,4,control,0.10170116300275027,False,-0.1490454703244704
54,10,0.0,4,control,0.10744016309680005,True,-0.14330647023042065
55,10,0.0,4,control,0.12139212739541609,False,-0.1293545059318046
56,10,0.0,4,control,0.14542919022585615,True,-0.10531744310136454
57,10,0.0,4,control,0.12382554990467398,False,-0.1269210834225467
58,10,0.0,4,control,0.11591983062585401,False,-0.13482680270136668
59,10,0.0,4,control,0.11633260424702323,False,-0.13441402908019745
60,10,0.0,4,control,0.1018984742582834,False,-0.14884815906893728
61,10,0.0,4,control,0.1170189672563949,False,-0.13372766607082578
62,10,0.0,4,control,0.11917708997811469,True,-0.131569543349106
63,10,0.0,4,control,0.10755586788286972,True,-0.14319076544435097
64,10,0.0,4,control,0.19793497443859548,False,-0.05281165888862521
65,10,0.0,4,control,0.11681370946101752,False,-0.13393292386620317
66,10,0.0,4,control,0.136486374270421,False,-0.11426025905679968
67,10,0.0,4,control,0.11902130158457251,True,-0.13172533174264817
68,10,0.0,4,control,0.13646816407846127,False,-0.11427846924875942
69,10,0.0,4,control,0.11731158792704417,False,-0.13343504540017653
70,10,0.0,4,control,0.22165447417051903,False,-0.029092159156701658
71,10,0.0,4,control,0.11451023280450842,False,-0.13623640052271227
73,10,0.0,4,control,0.14515486703660546,True,-0.10559176629061523
74,10,0.0,4,control,0.1673837497714427,True,-0.08336288355577798
75,10,0.0,4,control,0.10979469306970353,False,-0.14095194025751717
77,10,0.0,4,control,0.20849208254766388,False,-0.04225455077955681
78,10,0.0,4,control,0.10868606537507937,True,-0.14206056795214134
79,10,0.0,4,control,0.15286248862521873,False,-0.09788414470200196
80,10,0.0,4,control,0.1345121017325365,False,-0.11623453159468419
1,11,0.0,4,control,0.24564958100003392,True,-0.0050970523271867685
2,11,0.0,4,control,0.21089592825979628,True,-0.03985070506742441
3,11,0.0,4,control,0.2337018087368717,False,-0.017044824590348978
4,11,0.0,4,control,0.2275574118459923,False,-0.0231892214812284
5,11,0.0,4,control,0.23042063851293726,False,-0.020325994814283432
6,11,0.0,4,control,0.2690169934322853,True,0.01827036010506461
7,11,0.0,4,control,0.24109362279366123,False,-0.009653010533559464
8,11,0.0,4,control,0.22801596907463986,True,-0.02273066425258083
9,11,0.0,4,control,0.1644023783975888,False,-0.08634425492963188
10,11,0.0,4,control,0.21278626171125162,False,-0.037960371615969074
11,11,0.0,4,control,0.13647413973621264,True,-0.11427249359100805
12,11,0.0,4,control,0.25268305771719196,True,0.0019364243899712696
13,11,0.0,4,control,0.16751926542081572,True,-0.08322736790640498
14,11,0.0,4,control,0.15384821998148945,False,-0.09689841334573124
15,11,0.0,4,control,0.48083603430122335,True,0.23008940097400266
16,11,0.0,4,control,0.30801024459356396,False,0.05726361126634327
17,11,0.0,4,control,0.37603343634801406,False,0.12528680302079337
18,11,0.0,4,control,0.2843489712072372,False,0.033602337880016486
19,11,0.0,4,control,0.1172476290393509,False,-0.1334990042878698
20,11,0.0,4,control,0.16117414698823304,False,-0.08957248633898765
21,11,0.0,4,control,0.18850781385410978,False,-0.06223881947311091
22,11,0.0,4,control,0.3199165802682475,False,0.0691699469410268
23,11,0.0,4,control,0.18026643658574118,False,-0.07048019674147951
24,11,0.0,4,control,0.20198604873703135,False,-0.04876058459018934
25,11,0.0,4,control,0.14534788133425677,False,-0.10539875199296392
26,11,0.0,4,control,0.1289281431329617,False,-0.121818490194259
27,11,0.0,4,control,0.1887116828373589,False,-0.062034950489861795
28,11,0.0,4,control,0.4889536167454981,False,0.2382069834182774
29,11,0.0,4,control,0.13152514190708087,False,-0.11922149142013982
30,11,0.0,4,control,0.39713578506352326,False,0.14638915173630257
31,11,0.0,4,control,0.17277053672712034,True,-0.07797609660010035
32,11,0.0,4,control,0.17505049493208985,False,-0.07569613839513084
33,11,0.0,4,control,0.31317734262640956,False,0.06243070929918887
34,11,0.0,4,control,0.10387418906087609,False,-0.1468724442663446
35,11,0.0,4,control,0.13862246747268775,False,-0.11212416585453294
36,11,0.0,4,control,0.36145509506418094,False,0.11070846173696025
37,11,0.0,4,control,0.12605682079165986,False,-0.12468981253556083
38,11,0.0,4,control,0.14804592063498945,True,-0.10270071269223124
39,11,0.0,4,control,0.17776077309011945,False,-0.07298586023710124
40,11,0.0,4,control,0.14014710711532644,False,-0.11059952621189426
41,11,0.0,4,control,0.16431950525687752,False,-0.08642712807034317
42,11,0.0,4,control,0.15705798457261866,True,-0.09368864875460203
43,11,0.0,4,control,0.382490441506223,True,0.13174380817900233
44,11,0.0,4,control,0.14299093823502096,False,-0.10775569509219973
45,11,0.0,4,control,0.12257634434767453,False,-0.12817028897954616
46,11,0.0,4,control,0.1578144749861286,False,-0.09293215834109209
47,11,0.0,4,control,0.24240829036694747,False,-0.00833834296027322
48,11,0.0,4,control,0.13571867869945708,False,-0.1150279546277636
49,11,0.0,4,control,0.4672651917720641,True,0.2165185584448434
50,11,0.0,4,control,0.1947575006186627,False,-0.05598913270855799
51,11,0.0,4,control,0.1828163535639118,True,-0.0679302797633089
52,11,0.0,4,control,0.14435339329656005,False,-0.10639324003066064
53,11,0.0,4,control,0.13467086589829913,False,-0.11607576742892156
54,11,0.0,4,control,0.48653075190833306,False,0.23578411858111237
55,11,0.0,4,control,0.1872317817980838,False,-0.06351485152913688
56,11,0.0,4,control,0.3091967692934408,False,0.05845013596622012
57,11,0.0,4,control,0.1819126737455135,True,-0.06883395958170718
58,11,0.0,4,control,0.4497965519768611,False,0.1990499186496404
59,11,0.0,4,control,0.2373394764199223,False,-0.013407156907298379
60,11,0.0,4,control,0.19559323355281913,False,-0.05515339977440156
61,11,0.0,4,control,0.20631900879923468,True,-0.044427624527986015
62,11,0.0,4,control,0.13388765184805762,False,-0.11685898147916307
63,11,0.0,4,control,0.16511381491878704,False,-0.08563281840843365
64,11,0.0,4,control,0.18961426489454397,False,-0.06113236843267672
65,11,0.0,4,control,0.23247496503365692,False,-0.018271668293563775
66,11,0.0,4,control,0.19716569491307717,False,-0.05358093841414352
67,11,0.0,4,control,0.34133336865875297,False,0.09058673533153228
68,11,0.0,4,control,0.19766482274100625,False,-0.053081810586214445
69,11,0.0,4,control,0.49340998417608334,False,0.24266335084886265
70,11,0.0,4,control,0.2813123495251705,False,0.030565716197949788
71,11,0.0,4,control,0.3079067734582468,False,0.057160140131026105
72,11,0.0,4,control,0.23250256890736462,True,-0.01824406441985607
73,11,0.0,4,control,0.122300051779807,False,-0.12844658154741367
74,11,0.0,4,control,0.18407509730388202,False,-0.06667153602333867
75,11,0.0,4,control,0.3131726668734515,False,0.06242603354623083
76,11,0.0,4,control,0.1304617764495086,False,-0.12028485687771209
77,11,0.0,4,control,0.570453031094918,False,0.31970639776769727
78,11,0.0,4,control,0.4239085464623392,False,0.17316191313511853
79,11,0.0,4,control,0.480200192784024,False,0.2294535594568033
80,11,0.0,4,control,0.3792200487193403,True,0.1284734153921196
1,12,0.0,4,control,0.11719089891847283,False,-0.13355573440874785
2,12,0.0,4,control,0.12099396242085803,True,-0.12975267090636267
3,12,0.0,4,control,0.15477897660687195,False,-0.09596765672034874
4,12,0.0,4,control,0.12958633489711696,False,-0.12116029843010373
5,12,0.0,4,control,0.1355078735560385,False,-0.1152387597711822
6,12,0.0,4,control,0.1297163774593053,False,-0.12103025586791538
7,12,0.0,4,control,0.14484527096244165,False,-0.10590136236477904
8,12,0.0,4,control,0.1891487812556309,True,-0.0615978520715898
9,12,0.0,4,control,0.10015394950627961,True,-0.1505926838209411
10,12,0.0,4,control,0.20883846969629855,False,-0.041908163630922146
11,12,0.0,4,control,0.21360663924295223,True,-0.03713999408426846
12,12,0.0,4,control,0.10723241695011076,False,-0.14351421637710993
13,12,0.0,4,control,0.10413069376244177,False,-0.14661593956477892
14,12,0.0,4,control,0.10869404282975141,True,-0.14205259049746927
15,12,0.0,4,control,0.11055705842658972,False,-0.14018957490063097
16,12,0.0,4,control,0.11609896377658653,True,-0.13464766955063417
17,12,0.0,4,control,0.3909440276657574,False,0.14019739433853673
18,12,0.0,4,control,0.15822993634416202,False,-0.09251669698305867
19,12,0.0,4,control,0.1213771075525187,False,-0.129369525774702
20,12,0.0,4,control,0.1066592722836625,False,-0.14408736104355818
21,12,0.0,4,control,0.13875583653162712,False,-0.11199079679559357
22,12,0.0,4,control,0.10665857487321433,False,-0.14408805845400635
23,12,0.0,4,control,0.13134255762008024,False,-0.11940407570714046
24,12,0.0,4,control,0.1272807798173985,False,-0.1234658535098222
25,12,0.0,4,control,0.13057664949278422,False,-0.12016998383443647
26,12,0.0,4,control,0.11640558010784914,True,-0.13434105321937156
27,12,0.0,4,control,0.12018867538403451,False,-0.1305579579431862
28,12,0.0,4,control,0.19712335950101806,False,-0.05362327382620263
29,12,0.0,4,control,0.10279624950597388,False,-0.1479503838212468
30,12,0.0,4,control,0.1057186514132945,False,-0.14502798191392618
31,12,0.0,4,control,0.12810237654345424,False,-0.12264425678376645
32,12,0.0,4,control,0.12824956445503538,False,-0.12249706887218531
33,12,0.0,4,control,0.34062424893863325,False,0.08987761561141255
34,12,0.0,4,control,0.14929485918434715,True,-0.10145177414287354
35,12,0.0,4,control,0.10875550680422894,True,-0.14199112652299176
36,12,0.0,4,control,0.13683819980678752,False,-0.11390843352043317
37,12,0.0,4,control,0.11775141588299098,True,-0.1329952174442297
38,12,0.0,4,control,0.106713854298091,True,-0.1440327790291297
39,12,0.0,4,control,0.10779409418467159,False,-0.1429525391425491
40,12,0.0,4,control,0.13154128970619747,False,-0.11920534362102322
41,12,0.0,4,control,0.48390223282963996,False,0.23315559950241926
42,12,0.0,4,control,0.1085462116771349,False,-0.14220042165008578
43,12,0.0,4,control,0.11469015901262467,False,-0.13605647431459603
44,12,0.0,4,control,0.14377751185150894,False,-0.10696912147571175
45,12,0.0,4,control,0.12945381800034322,False,-0.12129281532687747
46,12,0.0,4,control,0.1117622358755775,False,-0.1389843974516432
47,12,0.0,4,control,0.129490050547804,True,-0.1212565827794167
48,12,0.0,4,control,0.1168459338792994,False,-0.1339006994479213
49,12,0.0,4,control,0.10834100423433483,True,-0.14240562909288584
50,12,0.0,4,control,0.10873889465922175,False,-0.14200773866799893
51,12,0.0,4,control,0.16887192707795204,True,-0.08187470624926865
52,12,0.0,4,control,0.1648696561383734,False,-0.08587697718884729
53,12,0.0,4,control,0.3123179340730548,True,0.06157130074583411
54,12,0.0,4,control,0.3264886740077822,False,0.0757420406805615
55,12,0.0,4,control,0.10977388418488068,False,-0.14097274914234
56,12,0.0,4,control,0.3595333443863196,False,0.10878671105909893
57,12,0.0,4,control,0.12863089156056565,True,-0.12211574176665504
58,12,0.0,4,control,0.22029659862943413,False,-0.030450034697786565
59,12,0.0,4,control,0.12866726887856794,False,-0.12207936444865275
60,12,0.0,4,control,0.19870319630363134,False,-0.05204343702358935
61,12,0.0,4,control,0.13009290112544294,False,-0.12065373220177775
62,12,0.0,4,control,0.2040779732168975,False,-0.046668660110323196
63,12,0.0,4,control,0.22270326763648254,False,-0.028043365690738148
64,12,0.0,4,control,0.1420602729215889,False,-0.10868636040563179
65,12,0.0,4,control,0.1360406289163447,False,-0.114706004410876
66,12,0.0,4,control,0.11288858851975778,False,-0.13785804480746292
67,12,0.0,4,control,0.1351307148680391,False,-0.1156159184591816
68,12,0.0,4,control,0.17796663366989562,False,-0.07277999965732507
1,13,0.0,4,control,0.1456544764043371,True,-0.1050921569228836
2,13,0.0,4,control,0.13549614748875996,False,-0.11525048583846073
3,13,0.0,4,control,0.11728010467317909,False,-0.1334665286540416
4,13,0.0,4,control,0.11355987666290897,False,-0.13718675666431174
5,13,0.0,4,control,0.13341741236254617,False,-0.11732922096467452
6,13,0.0,4,control,0.11827739653228224,True,-0.13246923679493844
7,13,0.0,4,control,0.13541295517536805,False,-0.11533367815185264
8,13,0.0,4,control,0.1514976104034706,False,-0.0992490229237501
9,13,0.0,4,control,0.14410893638324557,False,-0.10663769694397512
10,13,0.0,4,control,0.1415613015311284,False,-0.1091853317960923
11,13,0.0,4,control,0.10803440272927259,False,-0.1427122305979481
12,13,0.0,4,control,0.10571772860124726,False,-0.14502890472597343
13,13,0.0,4,control,0.10876487980711151,False,-0.14198175352010917
14,13,0.0,4,control,0.11159408020957944,True,-0.13915255311764124
15,13,0.0,4,control,0.1045634713679116,False,-0.14618316195930908
16,13,0.0,4,control,0.1245113704653723,False,-0.12623526286184839
17,13,0.0,4,control,0.1421379826772878,True,-0.10860865064993289
18,13,0.0,4,control,0.10811426843576602,True,-0.14263236489145467
19,13,0.0,4,control,0.10758032850130998,False,-0.1431663048259107
20,13,0.0,4,control,0.16126602293525966,True,-0.08948061039196104
21,13,0.0,4,control,0.12510923221506304,True,-0.12563740111215765
22,13,0.0,4,control,0.12245558949240931,True,-0.12829104383481138
23,13,0.0,4,control,0.10737855282770899,False,-0.14336808049951172
24,13,0.0,4,control,0.1103611101586169,False,-0.1403855231686038
25,13,0.0,4,control,0.1111065222468349,False,-0.1396401110803858
26,13,0.0,4,control,0.1781727663543042,True,-0.07257386697291648
27,13,0.0,4,control,0.17417450215022612,True,-0.07657213117699457
28,13,0.0,4,control,0.10433577337828473,True,-0.14641085994893596
29,13,0.0,4,control,0.41366073929633823,False,0.16291410596911754
30,13,0.0,4,control,0.14104786817285178,True,-0.10969876515436891
31,13,0.0,4,control,0.1402707873683654,False,-0.11047584595885529
32,13,0.0,4,control,0.11639319450433658,True,-0.1343534388228841
33,13,0.0,4,control,0.11324182522368262,False,-0.13750480810353807
34,13,0.0,4,control,0.3737587850890307,False,0.12301215176181002
35,13,0.0,4,control,0.14827888824582516,False,-0.10246774508139553
36,13,0.0,4,control,0.10954313613662478,False,-0.1412034971905959
37,13,0.0,4,control,0.2065801111645884,True,-0.04416652216263228
38,13,0.0,4,control,0.11718229328326264,False,-0.13356434004395806
39,13,0.0,4,control,0.11925664421939237,False,-0.13148998910782833
40,13,0.0,4,control,0.18272850296414953,False,-0.06801813036307117
41,13,0.0,4,control,0.11236923247360701,False,-0.13837740085361366
42,13,0.0,4,control,0.14768125082793093,False,-0.10306538249928976
43,13,0.0,4,control,0.10961812858437148,False,-0.14112850474284921
44,13,0.0,4,control,0.12426291991843039,False,-0.1264837134087903
45,13,0.0,4,control,0.14111287263741668,False,-0.10963376068980402
46,13,0.0,4,control,0.11036282428739172,False,-0.14038380903982897
47,13,0.0,4,control,0.2975986390918936,False,0.04685200576467291
48,13,0.0,4,control,0.16526061167878997,True,-0.08548602164843072
49,13,0.0,4,control,0.13922410968006355,False,-0.11152252364715715
50,13,0.0,4,control,0.13531503910577294,False,-0.11543159422144775
51,13,0.0,4,control,0.11151272282712218,False,-0.1392339105000985
52,13,0.0,4,control,0.11153399430176639,False,-0.1392126390254543
53,13,0.0,4,control,0.13637292655320066,False,-0.11437370677402003
54,13,0.0,4,control,0.14587439677465558,True,-0.10487223655256511
55,13,0.0,4,control,0.11905662196840949,False,-0.1316900113588112
56,13,0.0,4,control,0.13089470338103276,True,-0.11985192994618793
57,13,0.0,4,control,0.13189487518823498,False,-0.11885175813898571
58,13,0.0,4,control,0.11493123891305812,False,-0.13581539441416257
59,13,0.0,4,control,0.1063393548438503,False,-0.14440727848337037
60,13,0.0,4,control,0.13400234754569368,False,-0.11674428578152701
61,13,0.0,4,control,0.14020157986582946,True,-0.11054505346139124
62,13,0.0,4,control,0.12472156216577168,False,-0.126025071161449
63,13,0.0,4,control,0.14031666346875912,False,-0.11042996985846157
64,13,0.0,4,control,0.27922335959571604,False,0.028476726268495345
65,13,0.0,4,control,0.3567019901906936,False,0.1059553568634729
66,13,0.0,4,control,0.17135461632279558,False,-0.07939201700442511
67,13,0.0,4,control,0.154735006692945,True,-0.0960116266342757
68,13,0.0,4,control,0.2209201731877025,False,-0.0298264601395182
69,13,0.0,4,control,0.2114976322318743,True,-0.0392490010953464
70,13,0.0,4,control,0.25789848584706043,False,0.007151852519839741
71,13,0.0,4,control,0.13768790035840084,False,-0.11305873296881985
72,13,0.0,4,control,0.1541067765629264,False,-0.09663985676429429
73,13,0.0,4,control,0.24368641712763325,True,-0.007060216199587438
74,13,0.0,4,control,0.1408346011225919,False,-0.10991203220462878
75,13,0.0,4,control,0.161084072387671,False,-0.08966256093954969
76,13,0.0,4,control,0.14731977013815228,False,-0.10342686318906841
77,13,0.0,4,control,0.10614222252799725,False,-0.14460441079922343
78,13,0.0,4,control,0.12643958366499825,False,-0.12430704966222245
1,14,0.0,4,control,0.7305405236195393,True,0.47979389029231856
2,14,0.0,4,control,0.16246076225356507,False,-0.08828587107365563
3,14,0.0,4,control,0.29497853713750855,True,0.044231903810287854
4,14,0.0,4,control,0.1465114006117274,False,-0.10423523271549329
5,14,0.0,4,control,0.1338345664323198,False,-0.11691206689490088
6,14,0.0,4,control,0.12575453169268908,True,-0.12499210163453162
7,14,0.0,4,control,0.16164578887208925,False,-0.08910084445513144
8,14,0.0,4,control,0.165283485609699,False,-0.0854631477175217
9,14,0.0,4,control,0.18641717869043703,False,-0.06432945463678366
10,14,0.0,4,control,0.16027869293022365,False,-0.09046794039699704
11,14,0.0,4,control,0.15608536591230418,False,-0.09466126741491651
12,14,0.0,4,control,0.5002739998377821,False,0.2495273665105614
13,14,0.0,4,control,0.1738991156339898,False,-0.0768475176932309
14,14,0.0,4,control,0.22968526279039353,False,-0.021061370536827162
15,14,0.0,4,control,0.32078542993804005,False,0.07003879661081935
16,14,0.0,4,control,0.18120212476502315,False,-0.06954450856219754
17,14,0.0,4,control,0.1177943173190363,False,-0.13295231600818438
18,14,0.0,4,control,0.22773912117414566,False,-0.023007512153075033
19,14,0.0,4,control,0.35934157452931476,False,0.10859494120209406
20,14,0.0,4,control,0.1644637596787304,False,-0.0862828736484903
21,14,0.0,4,control,0.19383192383088993,False,-0.05691470949633076
22,14,0.0,4,control,0.20557101955586204,False,-0.04517561377135865
23,14,0.0,4,control,0.10722274292000962,False,-0.14352389040721109
24,14,0.0,4,control,0.1180039858707926,False,-0.1327426474564281
25,14,0.0,4,control,0.13610433174772366,False,-0.11464230157949704
26,14,0.0,4,control,0.11136113154509568,False,-0.139385501782125
27,14,0.0,4,control,0.11541661839438344,False,-0.13533001493283725
28,14,0.0,4,control,0.13383533716718837,False,-0.11691129616003232
29,14,0.0,4,control,0.13062994665402475,False,-0.12011668667319594
30,14,0.0,4,control,0.18951467080806594,False,-0.06123196251915475
31,14,0.0,4,control,0.3254747616972461,True,0.0747281283700254
32,14,0.0,4,control,0.14975470885938444,False,-0.10099192446783625
33,14,0.0,4,control,0.30604613641191614,False,0.055299503084695445
34,14,0.0,4,control,0.7022990487441156,False,0.45155241541689495
35,14,0.0,4,control,0.11683324570381588,False,-0.13391338762340482
36,14,0.0,4,control,0.1614139824019844,False,-0.08933265092523629
37,14,0.0,4,control,0.19420552008783376,False,-0.05654111323938693
38,14,0.0,4,control,0.15063092781792053,False,-0.10011570550930016
39,14,0.0,4,control,0.23159643058532287,False,-0.019150202741897826
40,14,0.0,4,control,0.14700387486693056,False,-0.10374275846029013
41,14,0.0,4,control,0.17889580596158144,True,-0.07185082736563925
42,14,0.0,4,control,0.12099664520877518,False,-0.12974998811844551
43,14,0.0,4,control,0.11205281690325522,True,-0.13869381642396547
44,14,0.0,4,control,0.13225705324695794,False,-0.11848958008026275
45,14,0.0,4,control,0.12311880977969558,False,-0.1276278235475251
46,14,0.0,4,control,0.24404401043739346,True,-0.006702622889827231
47,14,0.0,4,control,0.1525880458320375,False,-0.09815858749518319
48,14,0.0,4,control,0.22546963350205837,False,-0.025276999825162322
49,14,0.0,4,control,0.14610363440259394,False,-0.10464299892462675
50,14,0.0,4,control,0.10522023413280804,True,-0.14552639919441265
51,14,0.0,4,control,0.1591750953445083,False,-0.09157153798271239
52,14,0.0,4,control,0.366213057581088,False,0.11546642425386733
53,14,0.0,4,control,0.14972915895274752,False,-0.10101747437447317
54,14,0.0,4,control,0.25080552334557427,True,5.889001835357455e-05
55,14,0.0,4,control,0.22513007229115595,True,-0.025616561036064744
56,14,0.0,4,control,0.12979121237775287,False,-0.12095542094946782
57,14,0.0,4,control,0.15372160391134443,False,-0.09702502941587626
58,14,0.0,4,control,0.17796695826000936,False,-0.07277967506721134
59,14,0.0,4,control,0.27624413532892256,True,0.025497502001701866
60,14,0.0,4,control,0.14201621105449125,False,-0.10873042227272944
61,14,0.0,4,control,0.11169132606367001,False,-0.1390553072635507
62,14,0.0,4,control,0.1159264588121364,True,-0.1348201745150843
63,14,0.0,4,control,0.26053746574795966,False,0.00979083242073897
64,14,0.0,4,control,0.11030041440276354,False,-0.14044621892445713
65,14,0.0,4,control,0.1701979467521638,False,-0.0805486865750569
66,14,0.0,4,control,0.20466492546401635,False,-0.04608170786320434
67,14,0.0,4,control,0.18225237560334576,False,-0.06849425772387494
68,14,0.0,4,control,0.36446680261984576,False,0.11372016929262507
69,14,0.0,4,control,0.1275289375782196,False,-0.1232176957490011
70,14,0.0,4,control,0.1533097211756466,False,-0.0974369121515741
71,14,0.0,4,control,0.4603182645902938,False,0.2095716312630731
72,14,0.0,4,control,0.12980919131996768,False,-0.12093744200725301
73,14,0.0,4,control,0.23001903983953298,False,-0.020727593487687712
74,14,0.0,4,control,0.29371974793612093,False,0.04297311460890024
75,14,0.0,4,control,0.23132207270756563,True,-0.019424560619655057
76,14,0.0,4,control,0.2726634298123426,True,0.021916796485121903
77,14,0.0,4,control,0.4650065191583275,True,0.21425988583110683
78,14,0.0,4,control,0.13603594941081668,False,-0.11471068391640402
79,14,0.0,4,control,0.27161755718890396,False,0.020870923861683266
1,15,0.0,4,control,0.12887474168980098,True,-0.12187189163741971
2,15,0.0,4,control,0.17257404493838532,False,-0.07817258838883537
3,15,0.0,4,control,0.16362693162291808,False,-0.08711970170430261
4,15,0.0,4,control,0.1353724549773077,True,-0.11537417834991298
5,15,0.0,4,control,0.14912685998411418,True,-0.10161977334310651
6,15,0.0,4,control,0.21133906817307394,True,-0.039407565154146756
7,15,0.0,4,control,0.1783083559007575,False,-0.0724382774264632
8,15,0.0,4,control,0.1213779121064186,False,-0.1293687212208021
9,15,0.0,4,control,0.27379433437031675,False,0.02304770104309606
10,15,0.0,4,control,0.1284275485976598,False,-0.12231908472956088
11,15,0.0,4,control,0.14627069476847618,False,-0.10447593855874451
12,15,0.0,4,control,0.14027337166303008,False,-0.11047326166419061
13,15,0.0,4,control,0.2629060456813058,False,0.01215941235408513
14,15,0.0,4,control,0.18476305007963478,True,-0.06598358324758591
15,15,0.0,4,control,0.25312417007928734,False,0.0023775367520666446
16,15,0.0,4,control,0.1607497763834304,False,-0.08999685694379028
17,15,0.0,4,control,0.23177843249223679,True,-0.018968200834983906
18,15,0.0,4,control,0.16557081198419,False,-0.0851758213430307
19,15,0.0,4,control,0.11073571175363528,False,-0.1400109215735854
20,15,0.0,4,control,0.11388033731743996,False,-0.13686629600978073
21,15,0.0,4,control,0.13148491221106348,False,-0.11926172111615721
22,15,0.0,4,control,0.2062060508928983,False,-0.04454058243432238
23,15,0.0,4,control,0.3521620475020053,False,0.10141541417478461
24,15,0.0,4,control,0.1299866676484475,False,-0.1207599656787732
25,15,0.0,4,control,0.10538503393336082,False,-0.14536159939385987
26,15,0.0,4,control,0.13430562253179884,False,-0.11644101079542185
27,15,0.0,4,control,0.13673567996563138,False,-0.11401095336158931
28,15,0.0,4,control,0.16834470022941198,False,-0.08240193309780872
29,15,0.0,4,control,0.11818569199464816,False,-0.1325609413325725
30,15,0.0,4,control,0.12342870554366181,False,-0.12731792778355888
31,15,0.0,4,control,0.14809271092355433,False,-0.10265392240366636
32,15,0.0,4,control,0.14825782854609015,True,-0.10248880478113054
33,15,0.0,4,control,0.13566628255268448,False,-0.11508035077453621
34,15,0.0,4,control,0.13211138993836063,True,-0.11863524338886006
35,15,0.0,4,control,0.14625180809183774,False,-0.10449482523538295
36,15,0.0,4,control,0.4532316694282034,False,0.20248503610098273
37,15,0.0,4,control,0.11459981261562784,True,-0.13614682071159284
38,15,0.0,4,control,0.12813484572833495,False,-0.12261178759888575
39,15,0.0,4,control,0.13995299483922158,False,-0.11079363848799911
40,15,0.0,4,control,0.15123574331069628,False,-0.09951089001652441
41,15,0.0,4,control,0.1092099341083547,False,-0.141536699218866
42,15,0.0,4,control,0.18918764778164152,False,-0.061558985545579176
43,15,0.0,4,control,0.12873340488567653,False,-0.12201322844154416
44,15,0.0,4,control,0.11312260928476196,False,-0.13762402404245871
45,15,0.0,4,control,0.1808307810404331,False,-0.0699158522867876
46,15,0.0,4,control,0.1483193459736833,False,-0.1024272873535374
47,15,0.0,4,control,0.2452424190135269,True,-0.0055042143136938
48,15,0.0,4,control,0.26311649031438333,False,0.012369856987162642
49,15,0.0,4,control,0.14322355981748366,False,-0.10752307350973703
50,15,0.0,4,control,0.30869344048149355,False,0.05794680715427286
51,15,0.0,4,control,0.3541591031211813,False,0.10341246979396063
52,15,0.0,4,control,0.49152858818097966,False,0.24078195485375897
53,15,0.0,4,control,0.20045556838280607,False,-0.050291064944414626
54,15,0.0,4,control,0.19071205534020638,False,-0.06003457798701431
55,15,0.0,4,control,0.11396633229077884,False,-0.13678030103644184
56,15,0.0,4,control,0.17416993160689345,False,-0.07657670172032724
57,15,0.0,4,control,0.24389349240380342,False,-0.006853140923417267
58,15,0.0,4,control,0.130303163302115,False,-0.12044347002510569
59,15,0.0,4,control,0.16407795868938618,False,-0.08666867463783451
60,15,0.0,4,control,0.11213390343992935,False,-0.13861272988729134
61,15,0.0,4,control,0.5374247828637045,False,0.28667814953648385
62,15,0.0,4,control,0.469607247685312,False,0.2188606143580913
63,15,0.0,4,control,0.1476099876775518,False,-0.1031366456496689
64,15,0.0,4,control,0.5124625194022745,False,0.2617158860750538
65,15,0.0,4,control,0.15653014326723028,True,-0.09421649005999042
66,15,0.0,4,control,0.6234510589332019,False,0.37270442560598116
67,15,0.0,4,control,0.442774998207196,False,0.19202836487997532
68,15,0.0,4,control,0.17564105926586931,False,-0.07510557406135138
69,15,0.0,4,control,0.14727901857696418,False,-0.10346761475025651
70,15,0.0,4,control,0.1034152813460664,True,-0.1473313519811543
71,15,0.0,4,control,0.3731839406854987,False,0.12243730735827801
72,15,0.0,4,control,0.1141505765647574,False,-0.13659605676246328
1,16,0.0,4,control,0.3271334650082697,False,0.07638683168104898
2,16,0.0,4,control,0.6669491553691129,False,0.41620252204189223
3,16,0.0,4,control,0.3482800447638218,True,0.0975334114366011
4,16,0.0,4,control,0.29778271158642694,True,0.04703607825920625
5,16,0.0,4,control,0.4180781751693443,False,0.16733154184212362
6,16,0.0,4,control,0.18441078915638506,False,-0.06633584417083563
7,16,0.0,4,control,0.12212829913526294,True,-0.12861833419195776
8,16,0.0,4,control,0.20320037918374564,False,-0.04754625414347505
9,16,0.0,4,control,0.20029774689957094,True,-0.05044888642764975
10,16,0.0,4,control,0.289609976752277,True,0.03886334342505632
11,16,0.0,4,control,0.25298236959466214,False,0.002235736267441446
12,16,0.0,4,control,0.33130268371926885,False,0.08055605039204816
13,16,0.0,4,control,0.16393103075226184,False,-0.08681560257495885
14,16,0.0,4,control,0.1289947100722706,True,-0.1217519232549501
15,16,0.0,4,control,0.31359050111557374,False,0.06284386778835305
16,16,0.0,4,control,0.3598505620272422,False,0.1091039287000215
17,16,0.0,4,control,0.4962535083381214,False,0.24550687501090068
18,16,0.0,4,control,0.4355725803255389,True,0.18482594699831822
19,16,0.0,4,control,0.11811729844569033,True,-0.13262933488153036
20,16,0.0,4,control,0.14514221079316722,False,-0.10560442253405347
21,16,0.0,4,control,0.12993109240950373,False,-0.12081554091771696
22,16,0.0,4,control,0.16964604215063198,False,-0.08110059117658872
23,16,0.0,4,control,0.17332272979492075,True,-0.07742390353229994
24,16,0.0,4,control,0.2493780789900364,False,-0.0013685543371843023
25,16,0.0,4,control,0.11504428946287089,True,-0.13570234386434982
26,16,0.0,4,control,0.1408439849068143,False,-0.1099026484204064
27,16,0.0,4,control,0.11031859953055785,True,-0.14042803379666285
28,16,0.0,4,control,0.27298572661757425,True,0.022239093290353562
29,16,0.0,4,control,0.139628193471583,False,-0.11111843985563769
30,16,0.0,4,control,0.1727494748581789,True,-0.07799715846904179
31,16,0.0,4,control,0.12408540788148925,True,-0.12666122544573144
32,16,0.0,4,control,0.5178480145364146,False,0.2671013812091939
33,16,0.0,4,control,0.14600863159437122,True,-0.10473800173284947
34,16,0.0,4,control,0.2475308777833774,False,-0.0032157555438432905
35,16,0.0,4,control,0.3220382574581303,False,0.07129162413090961
36,16,0.0,4,control,0.2050452287727662,False,-0.04570140455445448
37,16,0.0,4,control,0.12119332115786792,False,-0.12955331216935279
38,16,0.0,4,control,0.7494210542269278,False,0.49867442089970715
39,16,0.0,4,control,0.19815936435408504,False,-0.05258726897313565
40,16,0.0,4,control,0.23097838624818276,False,-0.01976824707903793
41,16,0.0,4,control,0.1361142721618676,False,-0.11463236116535308
42,16,0.0,4,control,0.6131766492912872,False,0.36243001596406654
43,16,0.0,4,control,0.11529363671573119,False,-0.13545299661148952
44,16,0.0,4,control,0.15143429768704522,False,-0.09931233564017547
45,16,0.0,4,control,0.19944528847485637,False,-0.05130134485236432
46,16,0.0,4,control,0.12094203568729318,False,-0.12980459763992752
47,16,0.0,4,control,0.4569211260228446,False,0.20617449269562393
48,16,0.0,4,control,0.128621606313737,False,-0.12212502701348368
49,16,0.0,4,control,0.23520102312164232,False,-0.015545610205578375
50,16,0.0,4,control,0.14762087503163598,False,-0.10312575829558471
51,16,0.0,4,control,0.16443645065479015,False,-0.08631018267243054
1,17,0.0,4,control,0.3549872388390346,False,0.10424060551181391
2,17,0.0,4,control,0.620899625927298,False,0.3701529926000773
3,17,0.0,4,control,0.3500188663750995,False,0.0992722330478788
4,17,0.0,4,control,0.5092921446278371,False,0.2585455113006164
5,17,0.0,4,control,0.18885166924030977,False,-0.06189496408691092
6,17,0.0,4,control,0.22486263705138443,False,-0.025883996275836263
7,17,0.0,4,control,0.12827242418016777,False,-0.12247420914705293
8,17,0.0,4,control,0.17613403593786142,False,-0.07461259738935927
9,17,0.0,4,control,0.6218833164702493,False,0.3711366831430286
10,17,0.0,4,control,0.18872530681200528,True,-0.062021326515215414
11,17,0.0,4,control,0.12911188368078458,True,-0.12163474964643611
12,17,0.0,4,control,0.30020433805612357,False,0.049457704728902874
13,17,0.0,4,control,0.24608776837211543,True,-0.0046588649551052574
14,17,0.0,4,control,0.17304780799880054,False,-0.07769882532842015
15,17,0.0,4,control,0.12009146128726347,False,-0.13065517203995722
16,17,0.0,4,control,0.40805927021755267,True,0.15731263689033198
17,17,0.0,4,control,0.12927947212903937,False,-0.12146716119818132
18,17,0.0,4,control,0.14485423375783496,False,-0.10589239956938573
19,17,0.0,4,control,0.16295442214573905,False,-0.08779221118148164
20,17,0.0,4,control,0.15899368636665873,False,-0.09175294696056197
21,17,0.0,4,control,0.11790858738671364,False,-0.13283804594050705
22,17,0.0,4,control,0.2236936105109983,False,-0.027053022816222405
23,17,0.0,4,control,0.2196878574373033,False,-0.0310587758899174
24,17,0.0,4,control,0.14374328514471485,True,-0.10700334818250584
25,17,0.0,4,control,0.12858083257730044,False,-0.12216580074992026
26,17,0.0,4,control,0.1860047830536704,True,-0.06474185027355028
27,17,0.0,4,control,0.1462515924659485,True,-0.1044950408612722
28,17,0.0,4,control,0.1442781313784437,False,-0.106468501948777
29,17,0.0,4,control,0.13589772440641928,False,-0.1148489089208014
30,17,0.0,4,control,0.19088992924663034,False,-0.05985670408059035
31,17,0.0,4,control,0.22378788671196928,False,-0.02695874661525141
32,17,0.0,4,control,0.12433315764522308,False,-0.12641347568199762
33,17,0.0,4,control,0.2651530314792006,False,0.014406398151979916
34,17,0.0,4,control,0.1486796311454153,False,-0.1020670021818054
35,17,0.0,4,control,0.13952320442694802,False,-0.11122342890027268
36,17,0.0,4,control,0.5233104438032701,False,0.2725638104760494
37,17,0.0,4,control,0.3415931549661185,True,0.09084652163889778
38,17,0.0,4,control,0.23684133155932124,True,-0.013905301767899447
39,17,0.0,4,control,0.13657203365628706,False,-0.11417459967093363
40,17,0.0,4,control,0.3583586739311997,True,0.107612040603979
41,17,0.0,4,control,0.3635161206271715,False,0.11276948729995079
42,17,0.0,4,control,0.3628584184193276,True,0.1121117850921069
43,17,0.0,4,control,0.15065136788422068,False,-0.10009526544300001
44,17,0.0,4,control,0.29137963635484265,False,0.04063300302762196
45,17,0.0,4,control,0.20730615930548826,True,-0.04344047402173243
1,18,0.0,4,control,0.260972000575128,False,0.010225367247907291
2,18,0.0,4,control,0.2537180278609118,True,0.0029713945336911074
3,18,0.0,4,control,0.2217354200704392,False,-0.029011213256781493
4,18,0.0,4,control,0.5676867991892233,True,0.3169401658620026
5,18,0.0,4,control,0.13227879498013312,False,-0.11846783834708757
6,18,0.0,4,control,0.20639872416495636,False,-0.04434790916226433
7,18,0.0,4,control,0.5657347584139504,False,0.3149881250867297
8,18,0.0,4,control,0.8116241519903807,False,0.56087751866316
9,18,0.0,4,control,0.14022704716623574,False,-0.11051958616098495
10,18,0.0,4,control,0.11943565265067342,False,-0.13131098067654728
11,18,0.0,4,control,0.2860693553836877,False,0.035322722056467026
12,18,0.0,4,control,0.6875201578225456,True,0.4367735244953249
13,18,0.0,4,control,0.3477725156229975,False,0.0970258822957768
14,18,0.0,4,control,0.4383723746919781,True,0.1876257413647574
15,18,0.0,4,control,0.26361187723767465,False,0.01286524391045396
16,18,0.0,4,control,0.1967054462692044,False,-0.054041187058016305
17,18,0.0,4,control,0.31825233219834737,False,0.06750569887112667
18,18,0.0,4,control,0.29520196930858633,False,0.04445533598136564
19,18,0.0,4,control,0.628646044841198,False,0.3778994115139773
20,18,0.0,4,control,0.6334454034300097,True,0.38269877010278897
21,18,0.0,4,control,0.8247769327840789,True,0.5740302994568582
22,18,0.0,4,control,0.20815388671197016,False,-0.04259274661525053
23,18,0.0,4,control,0.4176179106286699,False,0.16687127730144918
24,18,0.0,4,control,0.3985707492988766,False,0.1478241159716559
25,18,0.0,4,control,0.28176522775348156,False,0.03101859442626087
26,18,0.0,4,control,0.4628408426473255,True,0.2120942093201048
27,18,0.0,4,control,0.22169672447397604,True,-0.029049908853244655
28,18,0.0,4,control,0.16346771327538553,False,-0.08727892005183516
29,18,0.0,4,control,0.25115914639752723,False,0.0004125130703065416
30,18,0.0,4,control,0.7188485516941847,False,0.468101918366964
31,18,0.0,4,control,0.43390476746500817,True,0.18315813413778748
32,18,0.0,4,control,0.6297465550176493,True,0.3789999216904286
33,18,0.0,4,control,0.3249834974692337,False,0.07423686414201303
34,18,0.0,4,control,0.5967162043285678,False,0.34596957100134706
35,18,0.0,4,control,0.3691839250407552,False,0.11843729171353451
36,18,0.0,4,control,0.7979539499014976,True,0.5472073165742769
1,19,0.0,4,control,0.24164727387499765,True,-0.009099359452223038
2,19,0.0,4,control,0.3491690947101781,False,0.0984224613829574
3,19,0.0,4,control,0.5569320643017557,True,0.306185430974535
4,19,0.0,4,control,0.26795454427101834,False,0.017207910943797644
5,19,0.0,4,control,0.12389922288104305,False,-0.12684741044617764
6,19,0.0,4,control,0.3393415309134851,False,0.08859489758626443
7,19,0.0,4,control,0.1601943788195559,False,-0.0905522545076648
8,19,0.0,4,control,0.2583020574377267,True,0.007555424110506026
9,19,0.0,4,control,0.14847330556011906,False,-0.10227332776710163
10,19,0.0,4,control,0.16835294625763006,False,-0.08239368706959063
11,19,0.0,4,control,0.1674903354059862,True,-0.08325629792123448
12,19,0.0,4,control,0.46606426832356984,False,0.21531763499634915
13,19,0.0,4,control,0.2914003228631259,False,0.0406536895359052
14,19,0.0,4,control,0.18636292032203722,False,-0.06438371300518347
15,19,0.0,4,control,0.2442724573751785,True,-0.006474175952042194
16,19,0.0,4,control,0.30639875657429605,False,0.05565212324707536
17,19,0.0,4,control,0.7545956472293044,True,0.5038490139020837
18,19,0.0,4,control,0.13982279692456517,True,-0.11092383640265552
19,19,0.0,4,control,0.19058315931719244,False,-0.06016347401002825
20,19,0.0,4,control,0.11827663013798524,True,-0.13247000318923546
21,19,0.0,4,control,0.7358430052196374,False,0.4850963718924167
22,19,0.0,4,control,0.15977373800455574,False,-0.09097289532266495
23,19,0.0,4,control,0.36444000958565265,False,0.11369337625843196
24,19,0.0,4,control,0.13500001510939502,True,-0.11574661821782567
25,19,0.0,4,control,0.3879992298165547,False,0.13725259648933402
26,19,0.0,4,control,0.12716674306455875,False,-0.12357989026266195
27,19,0.0,4,control,0.16860978375805236,False,-0.08213684956916834
28,19,0.0,4,control,0.18500152550504387,False,-0.06574510782217682
29,19,0.0,4,control,0.23468921943671486,False,-0.01605741389050583
30,19,0.0,4,control,0.22950429454028912,False,-0.021242338786931575
31,19,0.0,4,control,0.37860972421086914,True,0.12786309088364844
32,19,0.0,4,control,0.15733101987012357,True,-0.09341561345709712
33,19,0.0,4,control,0.18252943916321948,False,-0.06821719416400121
34,19,0.0,4,control,0.30915473601820764,False,0.05840810269098695
35,19,0.0,4,control,0.4060473447762131,False,0.15530071144899243
1,2,0.0,4,control,0.5556444955165165,False,0.3048978621892958
2,2,0.0,4,control,0.5266061303148883,False,0.27585949698766765
3,2,0.0,4,control,0.2414643835859689,False,-0.009282249741251802
4,2,0.0,4,control,0.30595923993601637,False,0.05521260660879568
5,2,0.0,4,control,0.15548004216701644,False,-0.09526659116020425
6,2,0.0,4,control,0.4924883286847061,False,0.2417416953574854
7,2,0.0,4,control,0.3180458876018675,True,0.06729925427464684
8,2,0.0,4,control,0.16469032306018697,False,-0.08605631026703373
9,2,0.0,4,control,0.129905596172183,False,-0.12084103715503769
10,2,0.0,4,control,0.40353061652778655,True,0.15278398320056585
11,2,0.0,4,control,0.12627600826002286,False,-0.12447062506719783
12,2,0.0,4,control,0.5381373301335657,False,0.287390696806345
13,2,0.0,4,control,0.37590172642145064,True,0.12515509309422995
14,2,0.0,4,control,0.37791903302840363,False,0.12717239970118294
15,2,0.0,4,control,0.25388375535185415,False,0.003137122024633454
16,2,0.0,4,control,0.3478303319029566,False,0.0970836985757359
17,2,0.0,4,control,0.20032637356088984,False,-0.050420259766330855
18,2,0.0,4,control,0.14110066426796986,False,-0.10964596905925084
19,2,0.0,4,control,0.5002158105464254,True,0.2494691772192047
20,2,0.0,4,control,0.3908680885698903,True,0.1401214552426696
21,2,0.0,4,control,0.14925793607852436,False,-0.10148869724869633
22,2,0.0,4,control,0.18570299455605757,False,-0.06504363877116312
23,2,0.0,4,control,0.1399848102559934,False,-0.11076182307122728
24,2,0.0,4,control,0.4422002647916086,False,0.19145363146438793
25,2,0.0,4,control,0.14797449204589114,False,-0.10277214128132955
26,2,0.0,4,control,0.12514317768100772,False,-0.12560345564621297
27,2,0.0,4,control,0.5349418860945919,False,0.28419525276737123
28,2,0.0,4,control,0.17803782321991232,False,-0.07270881010730837
29,2,0.0,4,control,0.13807941760502035,False,-0.11266721572220034
30,2,0.0,4,control,0.134739331906918,True,-0.11600730142030269
31,2,0.0,4,control,0.15398277164037805,False,-0.09676386168684264
32,2,0.0,4,control,0.37151037905879286,True,0.12076374573157217
33,2,0.0,4,control,0.1945440302497506,True,-0.056202603077470104
34,2,0.0,4,control,0.49591534063663534,True,0.24516870730941465
35,2,0.0,4,control,0.23500202668610096,True,-0.015744606641119735
36,2,0.0,4,control,0.2591407195263928,False,0.00839408619917209
1,20,0.0,4,control,0.8116552536257492,False,0.5609086202985285
2,20,0.0,4,control,0.7779575603310478,False,0.5272109270038271
3,20,0.0,4,control,0.6950099108217627,False,0.444263277494542
4,20,0.0,4,control,0.6717611805798827,False,0.42101454725266196
5,20,0.0,4,control,0.610764735855558,False,0.3600181025283373
6,20,0.0,4,control,0.6175482824291824,False,0.36680164910196167
7,20,0.0,4,control,0.8266296952129984,True,0.5758830618857778
8,20,0.0,4,control,0.5484986004346138,False,0.29775196710739316
9,20,0.0,4,control,0.7776098587643998,False,0.5268632254371791
10,20,0.0,4,control,0.3877423825883945,False,0.1369957492611738
11,20,0.0,4,control,0.5561408308420666,False,0.30539419751484587
12,20,0.0,4,control,0.5615438580828164,True,0.3107972247555957
13,20,0.0,4,control,0.537680381756973,False,0.2869337484297523
14,20,0.0,4,control,0.7192730429674048,False,0.4685264096401841
15,20,0.0,4,control,0.3483831158778673,False,0.09763648255064661
16,20,0.0,4,control,0.6354301370246503,False,0.38468350369742965
17,20,0.0,4,control,0.43726211199926973,False,0.18651547867204904
18,20,0.0,4,control,0.5511027902151086,False,0.30035615688788786
19,20,0.0,4,control,0.2159060879927975,False,-0.034840545334423184
20,20,0.0,4,control,0.4850137396352957,False,0.234267106308075
21,20,0.0,4,control,0.28462037544647084,False,0.03387374211925015
22,20,0.0,4,control,0.33804739908671166,False,0.08730076575949097
23,20,0.0,4,control,0.24783290819297799,False,-0.002913725134242706
24,20,0.0,4,control,0.684497709709397,False,0.43375107638217636
25,20,0.0,4,control,0.7258733268093231,True,0.47512669348210246
26,20,0.0,4,control,0.19376084857310033,False,-0.05698578475412036
27,20,0.0,4,control,0.43288938515058356,False,0.18214275182336287
28,20,0.0,4,control,0.7221826701208915,True,0.47143603679367085
29,20,0.0,4,control,0.34409763799578,False,0.09335100466855933
30,20,0.0,4,control,0.4362263235069966,False,0.1854796901797759
31,20,0.0,4,control,0.35367667257843916,False,0.10293003925121846
32,20,0.0,4,control,0.5337567602785376,True,0.2830101269513169
1,3,0.0,4,control,0.19322883262755094,False,-0.05751780069966975
2,3,0.0,4,control,0.4277980934587906,False,0.17705146013156992
3,3,0.0,4,control,0.2467064316705327,False,-0.004040201656688003
4,3,0.0,4,control,0.42699615546480485,False,0.17624952213758416
5,3,0.0,4,control,0.25920216136272617,False,0.008455528035505477
6,3,0.0,4,control,0.1214588534662285,False,-0.12928777986099219
7,3,0.0,4,control,0.4798558178485696,False,0.22910918452134893
8,3,0.0,4,control,0.2159039767724496,False,-0.03484265655477109
9,3,0.0,4,control,0.1716826367888036,False,-0.07906399653841709
10,3,0.0,4,control,0.5366643750505048,True,0.2859177417232841
11,3,0.0,4,control,0.5147427138302766,False,0.2639960805030559
12,3,0.0,4,control,0.583680144635558,False,0.33293351130833726
13,3,0.0,4,control,0.1879159765729451,False,-0.0628306567542756
14,3,0.0,4,control,0.18681709071672614,False,-0.06392954261049455
15,3,0.0,4,control,0.16499223321822767,False,-0.08575440010899302
16,3,0.0,4,control,0.5570230918192874,True,0.30627645849206675
17,3,0.0,4,control,0.376117967761705,False,0.12537133443448428
18,3,0.0,4,control,0.26497414809097664,False,0.014227514763755944
19,3,0.0,4,control,0.36193672576079,False,0.11119009243356931
20,3,0.0,4,control,0.10225718903916894,False,-0.14848944428805175
21,3,0.0,4,control,0.11938421811530356,True,-0.13136241521191713
1,4,0.0,4,control,0.48235616928394,False,0.2316095359567193
2,4,0.0,4,control,0.8276337797815707,False,0.57688714645435
3,4,0.0,4,control,0.22778402766709135,False,-0.022962605660129337
4,4,0.0,4,control,0.3232378582097236,False,0.07249122488250292
5,4,0.0,4,control,0.7666941985387028,False,0.5159475652114821
6,4,0.0,4,control,0.25673352700833274,False,0.005986893681112049
7,4,0.0,4,control,0.4621981700983378,False,0.2114515367711171
8,4,0.0,4,control,0.7668840206453111,False,0.5161373873180904
9,4,0.0,4,control,0.34512920802309194,False,0.09438257469587125
10,4,0.0,4,control,0.5365975319890994,False,0.28585089866187874
11,4,0.0,4,control,0.4218448198130537,False,0.17109818648583303
12,4,0.0,4,control,0.5293199667905932,False,0.27857333346337254
13,4,0.0,4,control,0.4254724998263123,False,0.1747258664990916
14,4,0.0,4,control,0.4224094206050685,False,0.17166278727784778
15,4,0.0,4,control,0.22027485691715945,False,-0.03047177641006124
16,4,0.0,4,control,0.41809554746794503,True,0.16734891414072434
17,4,0.0,4,control,0.217587447413855,True,-0.033159185913365696
18,4,0.0,4,control,0.5695766443876437,False,0.31883001106042297
19,4,0.0,4,control,0.292111240320981,True,0.04136460699376032
20,4,0.0,4,control,0.7894765277528591,True,0.5387298944256385
21,4,0.0,4,control,0.17477806996788478,False,-0.07596856335933591
22,4,0.0,4,control,0.42557565384895746,False,0.17482902052173677
23,4,0.0,4,control,0.33776250346302633,False,0.08701587013580564
24,4,0.0,4,control,0.9038638961018816,True,0.6531172627746609
25,4,0.0,4,control,0.2720824051049684,False,0.021335771777747703
26,4,0.0,4,control,0.5612845343551236,True,0.3105379010279029
27,4,0.0,4,control,0.1553903123887632,False,-0.0953563209384575
1,5,0.0,4,control,0.38209246501745503,False,0.13134583169023434
2,5,0.0,4,control,0.7336985186655842,False,0.48295188533836353
3,5,0.0,4,control,0.8635059888410787,False,0.612759355513858
4,5,0.0,4,control,0.23937083808447004,False,-0.011375795242750647
5,5,0.0,4,control,0.7660728147949537,False,0.515326181467733
6,5,0.0,4,control,0.3859498364986635,False,0.1352032031714428
7,5,0.0,4,control,0.5800417851830368,False,0.32929515185581615
8,5,0.0,4,control,0.4048824651288715,False,0.1541358318016508
9,5,0.0,4,control,0.3513834926886653,True,0.10063685936144462
10,5,0.0,4,control,0.4911569236992829,False,0.24041029037206219
11,5,0.0,4,control,0.2453813762297549,False,-0.005365257097465798
12,5,0.0,4,control,0.49834394022835865,False,0.24759730690113796
13,5,0.0,4,control,0.5095417190076363,False,0.25879508568041565
14,5,0.0,4,control,0.4883637048000048,False,0.2376170714727841
15,5,0.0,4,control,0.4514386603946292,False,0.20069202706740852
16,5,0.0,4,control,0.5588936698372045,False,0.30814703650998376
17,5,0.0,4,control,0.3817498157586427,False,0.131003182431422
18,5,0.0,4,control,0.39112140184961974,False,0.14037476852239905
19,5,0.0,4,control,0.5870445070802901,False,0.3362978737530694
20,5,0.0,4,control,0.34976970086348286,False,0.09902306753626217
21,5,0.0,4,control,0.31787307052708885,False,0.06712643719986816
22,5,0.0,4,control,0.32310457603440235,True,0.07235794270718165
23,5,0.0,4,control,0.6460274259565709,False,0.39528079262935023
24,5,0.0,4,control,0.31506577864330365,False,0.06431914531608296
25,5,0.0,4,control,0.7014723536700347,False,0.450725720342814
26,5,0.0,4,control,0.20257013374006094,False,-0.04817649958715975
27,5,0.0,4,control,0.24964463782667048,False,-0.001101995500550207
28,5,0.0,4,control,0.3554625234269198,False,0.10471589009969912
29,5,0.0,4,control,0.19227920476382343,True,-0.05846742856339726
30,5,0.0,4,control,0.3522106883676064,False,0.10146405504038569
31,5,0.0,4,control,0.12637212008161877,True,-0.12437451324560192
32,5,0.0,4,control,0.2884154116046902,True,0.037668778277469506
1,6,0.0,4,control,0.12171334308259252,False,-0.12903329024462817
2,6,0.0,4,control,0.12528926449792524,False,-0.12545736882929545
3,6,0.0,4,control,0.22647381078820245,True,-0.024272822539018246
4,6,0.0,4,control,0.33020632441282644,False,0.07945969108560574
5,6,0.0,4,control,0.24166209476516604,False,-0.009084538562054656
6,6,0.0,4,control,0.19679017010798966,False,-0.05395646321923103
7,6,0.0,4,control,0.2568566060724045,False,0.006109972745183823
8,6,0.0,4,control,0.27748263161257786,False,0.026735998285357165
9,6,0.0,4,control,0.18352347590433046,True,-0.06722315742289023
10,6,0.0,4,control,0.790015845939272,True,0.5392692126120513
11,6,0.0,4,control,0.2169179737946104,False,-0.0338286595326103
12,6,0.0,4,control,0.3051612197369612,False,0.054414586409740506
13,6,0.0,4,control,0.5503133710982677,True,0.29956673777104703
14,6,0.0,4,control,0.5055628679056527,True,0.25481623457843205
15,6,0.0,4,control,0.6301879204737277,False,0.37944128714650704
16,6,0.0,4,control,0.4821648090568244,False,0.23141817572960371
17,6,0.0,4,control,0.566477294109659,False,0.3157306607824383
18,6,0.0,4,control,0.6282739005398991,True,0.3775272672126784
19,6,0.0,4,control,0.818849806143259,True,0.5681031728160383
20,6,0.0,4,control,0.31371676643622115,False,0.06297013310900046
21,6,0.0,4,control,0.7496666645519747,False,0.49892003122475403
22,6,0.0,4,control,0.6679512087588406,True,0.41720457543161993
23,6,0.0,4,control,0.5741648043364025,True,0.3234181710091818
24,6,0.0,4,control,0.22891238148873844,False,-0.021834251838482255
25,6,0.0,4,control,0.14800885601908073,True,-0.10273777730813996
26,6,0.0,4,control,0.2258151499507382,False,-0.02493148337648249
27,6,0.0,4,control,0.18810410267844418,False,-0.0626425306487765
28,6,0.0,4,control,0.3376008177169286,False,0.08685418438970793
1,7,0.0,4,control,0.16288298719465105,False,-0.08786364613256964
2,7,0.0,4,control,0.2663986223535951,False,0.015651989026374435
3,7,0.0,4,control,0.35119574171046597,False,0.10044910838324528
4,7,0.0,4,control,0.2600991501076601,False,0.009352516780439413
5,7,0.0,4,control,0.2965504522696018,False,0.045803818942381114
6,7,0.0,4,control,0.15294390730597363,False,-0.09780272602124707
7,7,0.0,4,control,0.16257075071402322,False,-0.08817588261319748
8,7,0.0,4,control,0.6605502675963729,True,0.40980363426915223
9,7,0.0,4,control,0.7330168123985775,False,0.48227017907135683
10,7,0.0,4,control,0.33274423640189565,False,0.08199760307467496
11,7,0.0,4,control,0.6231238108339175,False,0.37237717750669685
12,7,0.0,4,control,0.5279619305312904,False,0.2772152972040697
13,7,0.0,4,control,0.3802437381750206,True,0.12949710484779992
14,7,0.0,4,control,0.3611912189294405,False,0.11044458560221981
15,7,0.0,4,control,0.7038833745752353,False,0.4531367412480146
16,7,0.0,4,control,0.5360731864407173,False,0.28532655311349664
17,7,0.0,4,control,0.3966323741827877,True,0.145885740855567
18,7,0.0,4,control,0.2841329492729944,False,0.03338631594577368
19,7,0.0,4,control,0.12161038430388169,False,-0.129136249023339
20,7,0.0,4,control,0.6893475220598824,False,0.4386008887326617
21,7,0.0,4,control,0.11392691786751927,False,-0.13681971545970142
22,7,0.0,4,control,0.3745615197515296,True,0.12381488642430893
23,7,0.0,4,control,0.12331505623263897,False,-0.12743157709458172
24,7,0.0,4,control,0.2111795799105351,False,-0.039567053416685594
25,7,0.0,4,control,0.10982170227209957,False,-0.1409249310551211
26,7,0.0,4,control,0.1659378450366022,False,-0.0848087882906185
27,7,0.0,4,control,0.15200103283393415,False,-0.09874560049328654
28,7,0.0,4,control,0.13666945359965174,True,-0.11407717972756895
29,7,0.0,4,control,0.12645055596816263,True,-0.12429607735905807
30,7,0.0,4,control,0.2715803275674088,True,0.020833694240188105
31,7,0.0,4,control,0.1636378565765168,False,-0.08710877675070389
32,7,0.0,4,control,0.11780063508011998,True,-0.1329459982471007
33,7,0.0,4,control,0.11043768326383889,False,-0.1403089500633818
34,7,0.0,4,control,0.12721133274903262,False,-0.12353530057818807
1,8,0.0,4,control,0.20883079847708128,False,-0.041915834850139416
2,8,0.0,4,control,0.25407574661798915,False,0.0033291132907684595
3,8,0.0,4,control,0.5891291079290519,True,0.33838247460183124
4,8,0.0,4,control,0.1697801798181809,False,-0.0809664535090398
5,8,0.0,4,control,0.29177051712685775,False,0.04102388379963706
6,8,0.0,4,control,0.12546217219269606,False,-0.12528446113452463
7,8,0.0,4,control,0.3968933701491083,False,0.1461467368218876
8,8,0.0,4,control,0.12601458458484732,False,-0.12473204874237337
9,8,0.0,4,control,0.16382400116301893,False,-0.08692263216420176
10,8,0.0,4,control,0.16129606421600834,True,-0.08945056911121235
11,8,0.0,4,control,0.17725670061585458,False,-0.07348993271136611
12,8,0.0,4,control,0.27884750203143344,False,0.028100868704212745
13,8,0.0,4,control,0.15608881595618238,False,-0.09465781737103832
14,8,0.0,4,control,0.33392032246943026,True,0.08317368914220957
15,8,0.0,4,control,0.564629071438089,True,0.31388243811086836
16,8,0.0,4,control,0.38271506559653223,False,0.13196843226931154
17,8,0.0,4,control,0.1711146951492348,False,-0.07963193817798589
18,8,0.0,4,control,0.13177414227003123,False,-0.11897249105718946
19,8,0.0,4,control,0.10916731060562423,True,-0.14157932272159646
20,8,0.0,4,control,0.11568360526646426,False,-0.13506302806075643
21,8,0.0,4,control,0.16114721915140579,True,-0.0895994141758149
22,8,0.0,4,control,0.27356337620056814,False,0.02281674287334745
23,8,0.0,4,control,0.11354179502425862,False,-0.13720483830296207
24,8,0.0,4,control,0.1526233050432278,True,-0.0981233282839929
25,8,0.0,4,control,0.1386988422528961,False,-0.11204779107432458
26,8,0.0,4,control,0.14558649689147404,False,-0.10516013643574665
27,8,0.0,4,control,0.1370415222589848,False,-0.11370511106823589
28,8,0.0,4,control,0.41246232947614203,False,0.16171569614892134
29,8,0.0,4,control,0.20496905996317358,False,-0.045777573364047114
30,8,0.0,4,control,0.1481682771697082,False,-0.10257835615751248
31,8,0.0,4,control,0.11613938435423707,False,-0.13460724897298362
32,8,0.0,4,control,0.2743664243496888,True,0.023619791022468084
33,8,0.0,4,control,0.13319650846398629,False,-0.1175501248632344
34,8,0.0,4,control,0.10095844519833008,True,-0.1497881881288906
35,8,0.0,4,control,0.3426626426555989,False,0.09191600932837823
1,9,0.0,4,control,0.14435194384638547,False,-0.10639468948083522
2,9,0.0,4,control,0.12477638303459937,False,-0.12597025029262132
3,9,0.0,4,control,0.15227097716964752,False,-0.09847565615757317
4,9,0.0,4,control,0.11784909189326372,False,-0.132897541433957
5,9,0.0,4,control,0.1658570008105559,False,-0.08488963251666479
6,9,0.0,4,control,0.1083519127249695,False,-0.1423947206022512
7,9,0.0,4,control,0.12941117406806213,False,-0.12133545925915856
8,9,0.0,4,control,0.17157531103750617,False,-0.07917132228971452
9,9,0.0,4,control,0.1405421900654733,False,-0.11020444326174739
10,9,0.0,4,control,0.11626242055346574,False,-0.13448421277375494
11,9,0.0,4,control,0.14590791593705954,False,-0.10483871739016115
12,9,0.0,4,control,0.22019491155311513,False,-0.03055172177410556
13,9,0.0,4,control,0.11312652063428423,True,-0.13762011269293645
14,9,0.0,4,control,0.13105778410742475,False,-0.11968884921979595
15,9,0.0,4,control,0.13046401694589974,False,-0.12028261638132096
16,9,0.0,4,control,0.1900972920269142,False,-0.0606493413003065
17,9,0.0,4,control,0.1459860986285631,False,-0.10476053469865759
18,9,0.0,4,control,0.1953583587964338,False,-0.0553882745307869
19,9,0.0,4,control,0.1784700201462722,False,-0.0722766131809485
20,9,0.0,4,control,0.3412626801644604,False,0.09051604683723968
21,9,0.0,4,control,0.13088248107240458,True,-0.11986415225481611
22,9,0.0,4,control,0.13327389797097652,False,-0.11747273535624417
23,9,0.0,4,control,0.2296730306299958,True,-0.021073602697224886
24,9,0.0,4,control,0.2189390160565316,True,-0.03180761727068909
25,9,0.0,4,control,0.31547387995525394,False,0.06472724662803325
26,9,0.0,4,control,0.13613810650170516,False,-0.11460852682551553
27,9,0.0,4,control,0.1282827377625863,False,-0.12246389556463438
28,9,0.0,4,control,0.22911629112500015,False,-0.021630342202220543
29,9,0.0,4,control,0.681480490777127,False,0.43073385744990633
30,9,0.0,4,control,0.2107959013938132,True,-0.03995073193340748
31,9,0.0,4,control,0.3820679331470754,False,0.1313212998198547
32,9,0.0,4,control,0.15576064527961797,False,-0.09498598804760272
33,9,0.0,4,control,0.1266392602370023,False,-0.12410737309021838
34,9,0.0,4,control,0.12401963850459918,False,-0.1267269948226215
35,9,0.0,4,control,0.2255094436460924,False,-0.025237189681128286
36,9,0.0,4,control,0.2080179816042497,False,-0.042728651722970995
37,9,0.0,4,control,0.1812238188661644,True,-0.06952281446105629
38,9,0.0,4,control,0.17245972670682358,False,-0.07828690662039711
39,9,0.0,4,control,0.43650826668901405,False,0.18576163336179335
40,9,0.0,4,control,0.19801992502358254,False,-0.05272670830363815
41,9,0.0,4,control,0.43354154161095726,False,0.18279490828373657
42,9,0.0,4,control,0.40418296852305036,False,0.15343633519582967
43,9,0.0,4,control,0.17400528079447408,True,-0.07674135253274661
44,9,0.0,4,control,0.1623475828578391,False,-0.0883990504693816
45,9,0.0,4,control,0.23987238302829583,False,-0.010874250298924859
46,9,0.0,4,control,0.29262711593871216,False,0.041880482611491465
47,9,0.0,4,control,0.16352636550962724,False,-0.08722026781759346
48,9,0.0,4,control,0.15775915111896716,False,-0.09298748220825354
49,9,0.0,4,control,0.29991560615534274,False,0.04916897282812205
50,9,0.0,4,control,0.1331249150534994,False,-0.11762171827372128
51,9,0.0,4,control,0.36328445463097647,True,0.11253782130375578
52,9,0.0,4,control,0.2976727828100361,False,0.04692614948281543
53,9,0.0,4,control,0.4921296885513236,True,0.24138305522410292
54,9,0.0,4,control,0.21073068130206796,False,-0.040015952025152735
55,9,0.0,4,control,0.1256738402831975,False,-0.1250727930440232
56,9,0.0,4,control,0.30564589030383704,True,0.05489925697661635
57,9,0.0,4,control,0.25596253605723146,True,0.0052159027300107685
58,9,0.0,4,control,0.21386045035375614,False,-0.03688618297346455
59,9,0.0,4,control,0.13111004407814628,False,-0.11963658924907442
60,9,0.0,4,control,0.19309949364467655,False,-0.057647139682544146
61,9,0.0,4,control,0.1646103987764667,True,-0.086136234550754
62,9,0.0,4,control,0.1944085548526232,False,-0.056338078474597486
63,9,0.0,4,control,0.3802483624510662,True,0.1295017291238455
64,9,0.0,4,control,0.2826875103854928,False,0.03194087705827209
65,9,0.0,4,control,0.3646803964709052,False,0.11393376314368453
66,9,0.0,4,control,0.5529871545188054,False,0.30224052119158473
67,9,0.0,4,control,0.33829402956630544,False,0.08754739623908475
68,9,0.0,4,control,0.2649146877122526,False,0.01416805438503188
69,9,0.0,4,control,0.1496846243989187,False,-0.101062008928302
70,9,0.0,4,control,0.15627681655891498,False,-0.09446981676830571
71,9,0.0,4,control,0.16831977988817606,False,-0.08242685343904463
