Metadata_cell,Metadata_hour,Metadata_treatment,Metadata_site,Metadata_dish,Metadata_concentration,ObjectNumber,Ed_mean,Ed_variance,Ed_not_zero_mean,Ed_not_zero_variance,Ed_region_mean,Ed_region_variance,Ed_region_max,Ed_region_min,Ed_region_top_50,Ed_region_top_25,Fp_region_ratio_mean,Fp_non_region_ratio_mean,Fp_cell_ratio_mean,Fp_region_pixels,Fp_non_region_pixels,Fp_cell_pixels,Fp_cell_MCC,Fp_region_PCC,Fp_cell_PCC,Fp_region_MOC,Fp_cell_MOC,Rc_cell_mean,Rc_cell_max,Rc_cell_min,Rc_cell_var,Rc_region_mean,Rc_region_max,Rc_region_min,Rc_region_var,Rc_non_region_mean,Rc_non_region_max,Rc_non_region_min,Rc_non_region_var,FRET_Judge,Near_Ed,Ed_diff
A549,2,ALM,0,1,6,1,0.5208472609519958,0.0323354601860046,0.5493054986000061,0.0184699464589357,,,,,,,0.7554430365562439,1.1954951,1.1840223,1797,67130,68927,0.76923037,0.2643969655036926,0.20124076,0.9673198461532592,0.863154,6.6721873,14.670752,0.0,6.0501156,6.178431034088135,9.2441987991333,2.265614748001098,0.9669718742370604,6.685405,14.670752,0.0,6.179484,,,
A549,2,ALM,0,1,6,2,0.4894812405109405,0.0248609390109777,0.514426052570343,0.0132956225425004,,,,,,,0.5629109740257263,0.7756193,0.7722444,1478,91673,93151,0.51652116,0.0521351099014282,0.4412186,0.9679980278015136,0.8712675,5.910326,13.070824,0.0,4.5829353,5.120520114898682,8.094511032104492,3.159456491470337,0.6243458986282349,5.9230604,13.070824,0.0,4.636538,,,
A549,2,ALM,0,1,6,3,0.3441983759403229,0.0177300069481134,0.3765020072460174,0.0072316243313252,,,,,,,1.225456953048706,0.98594856,0.9900221,200,11559,11759,0.66248584,0.2049466967582702,0.4481495,0.9852779507637024,0.9431172,6.7131977,13.431208,0.0,5.5298405,7.154414176940918,10.052495002746582,5.557531356811523,0.7105295658111572,6.705564,13.431208,0.0,5.609793,,,
A549,2,ALM,1,1,6,1,0.2969357669353485,0.0294581837952137,0.3685257136821747,0.010177694261074,0.2850839793682098,0.0028702192939817,0.4256750643253326,0.1370324045419693,0.3275980651378631,0.3522149622440338,0.7674124240875244,1.4084933,1.3999951,400,29775,30175,0.45564303,-0.061907619,0.1002222,0.9787973761558532,0.8932356,2.7109225,7.3679843,0.0,2.544982,2.249101161956787,3.3457565307617188,1.3121800422668457,0.1382364779710769,2.7171264,7.3679843,0.0,2.5744097,control,0.30800276231198426,0.0
A549,2,ALM,1,1,6,2,0.217689037322998,0.0105016315355896,0.2389170080423355,0.006453972775489,0.1684708446264267,0.0022953054867684,0.2988407611846924,0.0143989520147442,0.2069949954748153,0.2290571630001068,0.4991082549095154,0.9629219,0.95274943,526,23457,23983,0.45835274,0.2983248233795166,0.025873855,0.9859989881515504,0.9122072,1.4730197,4.510831,0.0,0.5032399,0.9737866520881652,1.3979228734970093,0.6143529415130615,0.0175800714641809,1.4842142,4.510831,0.0,0.50841606,control,0.21951917638484597,0.0
A549,2,ALM,1,1,6,3,0.1055465042591095,0.0241124406456947,0.3113710284233093,0.0070459228008985,0.2210409939289093,0.0031407105270773,0.4093737006187439,0.0685266032814979,0.2665454149246216,0.2923752963542938,0.5211936235427856,1.4926977,1.4822105,400,36655,37055,0.44836587,-0.245308399,-0.13185115,0.980394184589386,0.889177,1.1066455,6.818078,0.0,2.6834185,1.7363795042037964,2.716090679168701,1.06261944770813,0.0862643271684646,1.0997736,6.818078,0.0,2.707385,ALM,0.16524520447640464,0.11709789441284477
A549,2,ALM,1,1,6,4,0.1524702161550521,0.0120705747976899,0.2038750946521759,0.005659956485033,0.1647203266620636,0.0031923262868076,0.3148995339870453,0.05794657766819,0.2122553884983062,0.2391171753406524,0.71036696434021,0.9597111,0.95446956,226,10525,10751,0.72516376,0.3128186464309692,0.28496444,0.9743613600730896,0.9312954,0.6318595,1.9523903,0.0,0.17874132,0.6236546635627747,1.077285885810852,0.0,0.0194831043481826,0.6320357,1.9523903,0.0,0.18215922,control,0.17090680878231446,0.0
A549,2,ALM,10,1,6,1,0.0566867403686046,0.0072530498728156,0.1532349735498428,0.0048118024133145,0.0930991470813751,0.0025023710913956,0.2248239666223526,0.0,0.1341396421194076,0.1576243788003921,1.13166081905365,1.6770201,1.6679173,873,51430,52303,0.89341104,-0.098353408,0.3071025,0.9655526876449584,0.93043274,0.9347706,5.386875,0.0,1.6150064,1.803569793701172,4.388691425323486,0.0,0.4430301189422607,0.92002356,5.386875,0.0,1.6218698,ALM,0.1716394708795397,0.1146006034279782
A549,2,ALM,10,1,6,2,0.306018978357315,0.0148286260664463,0.3061390519142151,0.0147976912558078,0.1245326623320579,0.0007446214440278,0.2214592695236206,0.0521319769322872,0.1457659155130386,0.1594768762588501,0.7710602283477783,3.839033,3.7778594,966,47481,48447,0.8060619,0.0054971724748611,0.232274,0.9722290635108948,0.75629836,3.2115345,8.489387,0.0,1.8667665,1.0562124252319336,1.7570785284042358,0.5460702776908875,0.0438226200640201,3.2553837,8.489387,0.0,1.8074219,ALM,0.10051606676732883,0.12803968129248894
A549,2,ALM,10,1,6,3,0.0503321550786495,0.0085537647828459,0.2001319676637649,0.0040319603867828,0.1611286550760269,0.0032672132365405,0.3219746947288513,0.0332122184336185,0.2065294831991195,0.2377226948738098,0.9692460894584656,1.3052373,1.2983482,1015,48488,49503,0.7696545,0.1028173416852951,0.08643122,0.9872359037399292,0.91663414,0.41004303,3.4977572,0.0,0.5399393,1.304849624633789,2.2321999073028564,0.0,0.2330575436353683,0.39131236,3.4977572,0.0,0.52925205,ALM,0.12417800516047976,0.12772115758869584
A549,2,ALM,10,1,6,4,0.2410821169614792,0.0041342205367982,0.241308331489563,0.0040835067629814,0.1453689634799957,0.0013953750021755,0.2659651041030884,0.0444494895637035,0.1752824634313583,0.1950956881046295,1.128844141960144,2.3174212,2.2939034,1625,80502,82127,0.87508535,-0.433094561,0.34943268,0.9641279578208924,0.92368394,1.8112936,4.0387964,0.0,0.21351762,1.055530309677124,1.8082973957061768,0.5507948398590088,0.0542823299765586,1.8265492,4.0387964,0.0,0.2049696,ALM,0.10045115219994413,0.12803278751048172
A549,2,ALM,10,1,6,5,0.0924563854932785,0.0073370062746107,0.1431687474250793,0.0041009308770298,0.111926332116127,0.0014109346084296,0.2431601136922836,0.0,0.1416008621454239,0.1606725305318832,0.8954524993896484,0.9460858,0.94561106,1455,153744,155199,0.8305915,0.4191823601722717,0.6084887,0.9624838829040528,0.87204087,0.44465283,4.15413,0.0,0.23039591,0.5329517722129822,1.1091866493225098,0.2222453653812408,0.0218974631279706,0.44381717,4.15413,0.0,0.23229465,control,0.15469214939036657,0.0
A549,2,ALM,10,1,6,6,0.0756475999951362,0.0085790138691663,0.1591397076845169,0.0047607449814677,0.0976516902446746,0.0016218231758102,0.2346922755241394,0.0,0.1296997368335724,0.1500541418790817,1.2073742151260376,0.99306774,0.9959925,2325,168042,170367,0.8255667,0.2414819896221161,0.6618569,0.9566199779510498,0.8709214,0.6544388,5.955186,0.0,0.6946121,1.0672283172607422,2.5777060985565186,0.0,0.1092182099819183,0.6487276,5.955186,0.0,0.7003214,ALM,0.1015644109377037,0.12814445073994418
A549,2,ALM,11,1,6,1,0.1317199021577835,0.0079598324373364,0.1650926023721695,0.0044669574126601,0.1211790740489959,0.0005721533671021,0.1899732649326324,0.0348800085484981,0.1403112262487411,0.1514521837234497,0.7261905670166016,1.5952365,1.5873475,600,65495,66095,0.9691379,0.4419859051704407,0.44058704,0.9917568564414978,0.88239306,1.022035,4.1173654,0.0,0.48464683,0.5080954432487488,0.8172378540039062,0.3224728405475616,0.0041242036968469,1.0267432,4.1173654,0.0,0.486607,control,0.14990817855424984,0.0
A549,2,ALM,11,1,6,2,0.120712324976921,0.033933188766241,0.3846368789672851,0.0066093648783862,0.2754682004451751,0.0032710111699998,0.4447520971298218,0.1114105135202407,0.3216971755027771,0.349255621433258,0.6845384240150452,1.4301052,1.4257245,317,53634,53951,0.80160296,-0.285462677,0.11524933,0.9837331771850586,0.92166424,1.0310991,6.8716583,0.0,2.4611845,2.0561110973358154,3.330864191055298,1.3836129903793335,0.1318908184766769,1.0250409,6.8716583,0.0,2.4687045,control,0.299354846856311,0.0
A549,2,ALM,11,1,6,3,0.2272372990846634,0.0142908925190567,0.2630597352981567,0.0071203205734491,0.1603527218103408,0.0021864564623683,0.2954742610454559,0.0593453161418437,0.1985747069120407,0.2191513776779174,0.936532199382782,2.8068743,2.779713,408,27687,28095,0.975493,-0.315312684,0.31238213,0.9607870578765868,0.8646064,1.2643048,3.6642115,0.0,0.48702747,0.5039271116256714,0.9836443662643432,0.3059398233890533,0.0248089581727981,1.2755094,3.6642115,0.0,0.4851932,control,0.14909043806467956,0.0
A549,2,ALM,11,1,6,4,0.2054783999919891,0.046727005392313,0.4091047644615173,0.009728331118822,0.2889715731143951,0.0034853320103138,0.4370627701282501,0.1364348977804184,0.3357684314250946,0.3675855100154876,1.013226866722107,1.259927,1.2575653,774,80073,80847,0.8677201,0.0375448912382125,0.41429448,0.9691199660301208,0.9143625,2.094774,9.004747,0.0,5.0167255,3.198160409927368,5.048215389251709,1.6798334121704102,0.4676147103309631,2.0841088,9.004747,0.0,5.048816,ALM,0.30435781441057774,0.034603448480154786
A549,2,ALM,11,1,6,5,0.1738999634981155,0.0318877510726451,0.329096257686615,0.0092713376507163,0.1833796203136444,0.0019984112586826,0.3178196251392364,0.0914474055171012,0.2198188304901123,0.2412986606359481,1.1164212226867676,1.7842183,1.777749,571,58372,58943,0.8630895,0.3644528985023498,0.32561687,0.9679586291313172,0.9166602,3.0670733,12.970535,0.0,9.784746,3.794402837753296,7.466348648071289,0.0,1.5211181640625,3.059959,12.970535,0.0,9.860356,control,0.35214195396047676,0.0
A549,2,ALM,11,1,6,6,0.2631454765796661,0.0189926736056804,0.3011480271816253,0.0102911330759525,0.1444532424211502,0.0015311320312321,0.2524403035640716,0.0335478596389293,0.1748364418745041,0.1972704529762268,1.1909456253051758,2.3463686,2.3222816,542,25457,25999,0.930229,-0.04649885,0.4089833,0.9683327674865724,0.9259381,5.5133524,15.145629,0.0,6.9618425,3.5180583000183105,5.308972835540772,1.9356602430343628,0.4860941171646118,5.5558314,15.145629,0.0,7.013147,ALM,0.33480138514593233,0.011664163639896585
A549,2,ALM,12,1,6,1,0.1459251642227172,0.02835906855762,0.3170543015003204,0.0073590520769357,0.1217597872018814,0.0011809857096523,0.19905886054039,0.0325497947633266,0.1477731317281723,0.1617148965597152,1.4787616729736328,1.6062689,1.6039681,705,38366,39071,0.92513436,0.0450556278228759,0.5633311,0.9677762985229492,0.927386,2.4354992,10.935812,0.0,7.712148,4.282999038696289,6.459940433502197,1.5922259092330933,0.8066096305847168,2.4015512,10.935812,0.0,7.775168,control,0.3607250483276607,0.0
A549,2,ALM,12,1,6,2,0.2731808423995971,0.0366446822881698,0.3819686770439148,0.0096840187907218,,,,,,,0.8822641372680664,1.167309,1.1616486,692,34155,34847,0.8722928,0.0928812623023986,0.48768055,0.9914254546165466,0.9377798,2.9845657,7.446378,0.0,4.0741315,3.3263893127441406,4.40131950378418,2.269559860229492,0.1200348883867263,2.9776404,7.446378,0.0,4.1518254,,,
A549,2,ALM,13,1,6,1,0.1759849786758422,0.0098629035055637,0.2059918344020843,0.0053634364157915,0.1345956772565841,0.0016026768134906,0.2655325829982757,0.0204951278865337,0.1658509671688079,0.1867090314626693,0.5139338970184326,0.87799835,0.8685224,1064,39815,40879,0.3399869,0.5773429870605469,0.5170145,0.9739906787872314,0.8899559,1.684912,5.9704657,0.0,0.8788975,1.1175525188446045,1.8811098337173464,0.529420018196106,0.0641310438513755,1.7000736,5.9704657,0.0,0.89183867,ALM,0.10635359035424508,0.12847047713777238
A549,2,ALM,13,1,6,2,0.3325208127498626,0.0180094260722398,0.3390069603919983,0.0161618813872337,0.2345778197050094,0.0027591069228947,0.363918125629425,0.0551031045615673,0.2750981450080871,0.2938256561756134,0.6794545650482178,1.2029037,1.189181,1747,64891,66638,0.7115848,0.3836499452590942,0.35380843,0.968924880027771,0.8634266,3.213736,9.361322,0.0,2.0683014,2.2962231636047363,3.4454848766326904,1.1305500268936155,0.2164704203605651,3.2384365,9.361322,0.0,2.0948818,ALM,0.2185235804008817,0.09143691168000989
A549,2,ALM,13,1,6,3,0.2572936117649078,0.0058929845690727,0.2635601162910461,0.0043848995119333,0.1757715940475464,0.0021716605406254,0.2994179427623749,0.0476343482732772,0.2131422609090805,0.2321798801422119,1.6141663789749146,2.6177828,2.5944214,1210,50773,51983,0.9755901,-0.206720054,0.6371897,0.938448429107666,0.94833565,2.1967125,5.816888,0.0,0.39450803,1.479856014251709,2.402116060256958,0.6144931316375732,0.150816261768341,2.2137961,5.816888,0.0,0.38777724,ALM,0.14083275521199634,0.1246900644746774
A549,2,ALM,13,1,6,4,0.2291023135185241,0.0198706779628992,0.2844621241092682,0.0089244218543171,0.1432577818632125,0.0024016164243221,0.2878574430942535,0.0350125059485435,0.1834578812122345,0.2110488712787628,1.293703556060791,3.0710425,3.0375211,1249,64974,66223,0.6197741,-0.204516426,0.4439242,0.9179208874702454,0.8617947,2.2143407,6.8924675,0.0,1.8804151,1.16560161113739,2.508159875869751,0.3114197254180908,0.2259369492530822,2.2345006,6.8924675,0.0,1.89067,ALM,0.11092625552427525,0.12855990876647594
A549,2,ALM,13,1,6,5,0.1025997102260589,0.0134713090956211,0.207750454545021,0.0054324562661349,0.1168925240635871,0.0013983936514705,0.2325770407915115,0.005392494611442,0.1469379365444183,0.1652591377496719,1.262112736701965,2.9550202,2.9371045,786,73485,74271,0.99089247,0.0586795061826705,0.5578411,0.9813898801803588,0.92144686,0.7788895,4.016294,0.0,0.7618705,0.6862059831619263,1.1385577917099,0.4016216397285461,0.0174496695399284,0.7798808,4.016294,0.0,0.7697398,ALM,0.06530383923906079,0.11576875736309807
A549,2,ALM,15,1,6,1,0.0877877846360206,0.0171448830515146,0.2567991912364959,0.0067506749182939,0.1734413504600525,0.0022983308881521,0.31809002161026,0.0310232043266296,0.2117363065481186,0.2341522276401519,0.8187446594238281,1.1710392,1.166028,1054,73041,74095,0.70598733,0.0918116122484207,0.26708347,0.9814292192459106,0.8924927,0.64197344,4.7996235,0.0,0.9137592,1.2484771013259888,2.1753828525543213,0.0,0.0813059508800506,0.6332216,4.7996235,0.0,0.92038685,ALM,0.1188132279799752,0.1282459358478768
A549,2,ALM,15,1,6,2,0.2973917722702026,0.0216684769839048,0.3377918004989624,0.01096529699862,0.1811010092496872,0.0029899303335696,0.3479065895080566,0.0663445144891738,0.2258712649345398,0.2537611126899719,1.621850848197937,3.1755865,3.155585,987,75684,76671,0.8292999,-0.000978947,0.27379245,0.868513286113739,0.867144,3.5309904,10.414247,0.0,3.6946845,2.1578152179718018,4.620442867279053,0.7245678305625916,0.9040772318840028,3.5488985,10.414247,0.0,3.7061648,ALM,0.20535177710448146,0.09869219197525184
A549,2,ALM,15,1,6,3,0.3926411867141723,0.0613343715667724,0.5304063558578491,0.0097830984741449,0.2714711725711822,0.0018516327254474,0.4169835150241852,0.1407670378684997,0.3060638904571533,0.325798362493515,1.2708820104599,2.3343291,2.3062963,1760,65007,66767,0.96737164,0.2292982339859008,0.58100635,0.951474666595459,0.9208006,4.2564635,10.0380745,0.0,7.5014853,3.540783166885376,6.535073280334473,1.5246098041534424,0.8910301327705383,4.27584,10.0380745,0.0,7.666212,ALM,0.3369640317695857,0.009994381595892665
A549,2,ALM,15,1,6,4,0.135244071483612,0.0431543141603469,0.4262593984603882,0.0119648473337292,0.2277283519506454,0.0031957277096807,0.4264437556266784,0.0583429113030433,0.272368311882019,0.2985879778861999,1.024182677268982,2.0611253,2.0524771,846,100593,101439,0.65710914,0.0654930919408798,0.30545935,0.9439429044723512,0.8827014,1.4464297,9.181555,0.0,4.9921794,2.662761926651001,5.729349613189697,1.1566203832626345,0.7511736750602722,1.4362005,9.181555,0.0,5.0153,ALM,0.2534058009646874,0.0700630772632817
A549,2,ALM,16,1,6,1,0.2876303195953369,0.0112012699246406,0.2967720925807953,0.0088442647829651,0.1977748870849609,0.0019050057744607,0.3512471318244934,0.0729791894555091,0.2321135252714157,0.2551397979259491,1.0291802883148191,1.7176037,1.7012696,2367,97392,99759,0.8305466,0.1612669974565506,0.39275756,0.9622792601585388,0.8935921,2.4422085,6.6655827,0.0,1.0525634,1.6359872817993164,2.8051342964172363,0.614849865436554,0.1483085453510284,2.4618027,6.6655827,0.0,1.0583588,ALM,0.15569122547647635,0.12045904161990856
A549,2,ALM,17,1,6,1,0.3650712370872497,0.0275262501090765,0.3857164084911346,0.0211197230964899,0.2555174231529236,0.0006165090599097,0.3261567652225494,0.198574349284172,0.2756269872188568,0.2888009250164032,0.7908998131752014,1.0197023,1.0180075,1029,137898,138927,0.79463965,-0.391137183,0.39535043,0.9423152208328248,0.83847785,4.2166977,12.997231,0.0,4.027379,3.7862257957458496,6.642507553100586,2.34981107711792,0.8951326012611389,4.21991,12.997231,0.0,4.0493584,control,0.3519833998961804,0.0
A549,2,ALM,17,1,6,2,0.2026324719190597,0.0177100859582424,0.2525699734687805,0.0094619076699018,0.1594129502773285,0.0019255860242992,0.3219583928585052,0.0258634984493255,0.1919812113046646,0.2181331366300583,0.9778907299041748,1.7571189,1.7505634,676,79675,80351,0.9189697,-0.24603796,0.475985,0.8972122669219971,0.8968851,1.902575,5.8418117,0.0,1.4003389,1.1190367937088013,2.5135669708251958,0.0756696015596389,0.2132460474967956,1.9092232,5.8418117,0.0,1.4051576,ALM,0.10649484363605334,0.12847640443252445
A549,2,ALM,17,1,6,3,0.0643882155418396,0.0112068215385079,0.1969495266675949,0.0081713432446122,0.1616253554821014,0.0032006402034312,0.3512643277645111,0.0,0.2065915614366531,0.2337391972541809,1.0389431715011597,1.1330479,1.1319822,1773,154802,156575,0.33386672,-0.575830579,-0.041375734,0.8196365237236023,0.77780986,0.6495267,6.7850466,0.0,1.3088267,1.299956440925598,3.0732645988464355,0.0,0.5563961267471313,0.64207715,6.7850466,0.0,1.3125432,ALM,0.12371233786802262,0.1277761121462344
A549,2,ALM,18,1,6,1,0.1506785899400711,0.0221246816217899,0.2548002004623413,0.0108830295503139,0.1173583716154098,0.0011847233399748,0.2440341860055923,0.0218237470835447,0.1445002555847168,0.1622837334871292,0.9761991500854492,2.6180198,2.5961168,1200,88750,89950,0.95682895,-0.167634934,0.50037485,0.9661739468574524,0.86288583,1.8920878,9.074729,0.0,3.506591,1.1363366842269895,2.179877519607544,0.5618390440940857,0.0868980959057807,1.9023062,9.074729,0.0,3.5450015,ALM,0.10814121410931475,0.12853040623027384
A549,2,ALM,18,1,6,2,0.164444625377655,0.0438261106610298,0.4107460975646972,0.0083005130290985,0.282967060804367,0.005282009486109,0.4789845645427704,0.0687500163912773,0.3416343629360199,0.3765096068382263,1.0457850694656372,1.2013677,1.198299,1208,60038,61246,0.77814835,0.022896621376276,0.5335626,0.9533235430717468,0.924794,1.4471438,6.338698,0.0,3.3739247,3.057790756225586,5.0774431228637695,0.0,0.8300879001617432,1.4147376,6.338698,0.0,3.3718612,ALM,0.29099932217309354,0.04429559506795672
A549,2,ALM,18,1,6,3,0.0483398213982582,0.0081169744953513,0.190584659576416,0.004892311990261,,,,,,,0.6281864643096924,3.2543116,3.2536423,33,129374,129407,0.9990255,0.3774847686290741,0.32088694,0.9941548109054564,0.8876882,0.3077589,3.3227534,0.0,0.3320717,0.1620099544525146,0.1979611217975616,0.1228353753685951,0.000359542609658,0.30779606,3.3227534,0.0,0.33215082,,,
A549,2,ALM,18,1,6,4,0.1131821200251579,0.0215452089905738,0.2711949944496155,0.008772044442594,0.1099769249558448,0.0024630220141261,0.2870307564735412,0.0,0.1502189040184021,0.1726899594068527,1.6608349084854126,1.9935288,1.98765,1344,74719,76063,0.9005594,-0.416055799,0.43986732,0.9132261276245116,0.9158066,2.330296,13.254604,0.0,8.56967,4.099426746368408,10.148825645446776,0.0,3.07829213142395,2.2984743,13.254604,0.0,8.611135,control,0.3576931537453781,0.0
A549,2,ALM,18,1,6,5,0.2605180144309997,0.0530489087104797,0.4282499551773071,0.0153727252036333,0.1787987649440765,0.0019296492682769,0.3372308015823364,0.0661021471023559,0.2130657881498336,0.2360923886299133,1.123220920562744,3.5588937,3.5384128,677,79834,80511,1.0,-0.159074873,0.4252895,0.9730365872383118,0.8504004,2.311623,7.277817,0.0,4.2883563,1.3599239587783811,2.259892702102661,0.7510235905647278,0.0840012580156326,2.3196933,7.277817,0.0,4.316263,ALM,0.12941923818879636,0.12698516013558403
A549,2,ALM,18,1,6,6,0.2818059623241424,0.0132702253758907,0.2930684089660644,0.0104999123141169,0.1900173872709274,0.000585705100093,0.2538794875144958,0.1414699405431747,0.2090638279914856,0.2224930822849273,0.7704092860221863,0.945172,0.9428943,934,70729,71663,0.7273974,0.4241098463535309,0.6469179,0.9810283184051514,0.8889951,5.2780857,13.139297,0.0,4.349694,4.378082752227783,6.695547580718994,2.4508607387542725,0.5909495949745178,5.289971,13.139297,0.0,4.388491,control,0.36221409043126046,0.0
A549,2,ALM,2,1,6,1,0.1030068546533584,0.0143681792542338,0.2137205153703689,0.0061495783738791,0.1502598971128463,0.0035765641368925,0.3054540455341339,0.0,0.1979455351829528,0.2267413437366485,0.7092058658599854,1.0830443,1.0811019,236,45186,45422,0.45446777,0.4436213374137878,0.06586703,0.9662463068962096,0.93465555,0.78126705,3.7939863,0.0,0.76203626,1.138986587524414,1.830248475074768,0.6546784043312073,0.0471231490373611,0.7793988,3.7939863,0.0,0.7650982,ALM,0.10839339619921244,0.12853624874495734
A549,2,ALM,2,1,6,2,0.1698115617036819,0.019192986190319,0.2502265572547912,0.0081599429249763,0.1153519973158836,0.0025627198629081,0.2532338500022888,0.0,0.1560461670160293,0.1817887872457504,0.8196071982383728,1.7709898,1.7620536,269,28370,28639,0.88879675,0.2913342118263244,0.32339472,0.9817768931388856,0.92518604,1.9698919,7.416434,0.0,2.3256495,1.3441736698150637,2.109394788742065,0.7171346545219421,0.0502502359449863,1.9758246,7.416434,0.0,2.343476,ALM,0.12792033791152127,0.12721725594021524
A549,2,ALM,2,1,6,3,0.0814900919795036,0.0115005811676383,0.1873086094856262,0.0066138813272118,0.1129220575094223,0.0032926904968917,0.3062944114208221,0.0,0.1587845683097839,0.1875886768102646,0.9413670301437378,1.504693,1.495809,381,23778,24159,0.85133636,-0.220585033,0.31458816,0.9836974143981934,0.9407043,1.0245051,4.848524,0.0,1.5107282,1.4857088327407837,2.3136470317840576,0.0,0.0796606242656707,1.0171156,4.848524,0.0,1.530195,ALM,0.14138974761236098,0.12455554335350946
A549,2,ALM,2,1,6,4,0.2950313687324524,0.0171435438096523,0.3050948679447174,0.0146579965949058,0.151821568608284,0.0039438572712242,0.3023456335067749,0.0,0.2029642462730407,0.2254872769117355,1.9702973365783687,4.6099706,4.5645766,1026,58637,59663,0.95234865,0.042382501065731,0.3476664,0.8788840770721436,0.8474576,3.9759197,11.5790825,0.0,3.1504567,1.9715123176574707,3.418926239013672,0.5999030470848083,0.3593937158584595,4.0109916,11.5790825,0.0,3.1277645,ALM,0.18762197737898575,0.1075878528145662
A549,2,ALM,3,1,6,1,0.1702080965042114,0.0570358783006668,0.473455548286438,0.0150784105062484,0.2758049368858337,0.0019493694417178,0.3617634773254394,0.1846748739480972,0.3105778992176056,0.3357407748699188,0.7817966938018799,1.1101367,1.1077935,915,127292,128207,0.5719912,0.2229977548122406,0.3276538,0.9644630551338196,0.8709819,2.04781,11.616735,0.0,8.354711,4.451709747314453,7.431416034698486,1.9672672748565676,0.8899635672569275,2.0305307,11.616735,0.0,8.36653,control,0.3633314314053127,0.0
A549,2,ALM,3,1,6,2,0.1070425361394882,0.0165243688970804,0.2235563099384308,0.0084634441882371,0.0926844030618667,0.0020810218993574,0.1762607395648956,0.0,0.131775364279747,0.1507691293954849,1.3082422018051147,1.5008897,1.4975855,1046,59945,60991,0.8843326,0.2597174644470215,0.5813853,0.9650654792785645,0.932034,2.7789526,13.420763,0.0,9.304747,4.35663652420044,10.277894973754885,0.0,2.090278625488281,2.7514236,13.420763,0.0,9.386442,control,0.36188285246025836,0.0
A549,2,ALM,4,1,6,1,0.1484586745500564,0.0071181328967213,0.1708356291055679,0.004368255380541,0.1217221245169639,0.001365567673929,0.2450706213712692,0.0103134578093886,0.1510225385427475,0.1709591299295425,0.6683579087257385,0.8118741,0.8087461,3434,154117,157551,0.65940034,0.1582011133432388,0.6429676,0.9623597860336304,0.8905497,0.9920831,4.010173,0.0,0.36560014,0.8168330788612366,1.5533853769302368,0.4066074192523956,0.0440138168632984,0.9959881,4.010173,0.0,0.37206596,ALM,0.07773516608133958,0.12230957711326514
A549,2,ALM,4,1,6,2,0.1189334020018577,0.0178937595337629,0.2381333708763122,0.0074421339668333,0.151947483420372,0.0041505438275635,0.3183334469795227,0.0,0.2047284990549087,0.2339320182800293,0.9570134282112122,1.2579373,1.2553385,324,37195,37519,0.865435,0.4586700201034546,0.69285274,0.9804220795631408,0.9249142,1.7437791,7.908464,0.0,3.5210562,2.063817262649536,3.166886568069458,1.2828272581100464,0.1746562868356704,1.7409912,7.908464,0.0,3.5493054,ALM,0.19640631828629868,0.10331472590520874
A549,2,ALM,5,1,6,1,0.2453610450029373,0.0288977865129709,0.321793258190155,0.0133043369278311,0.2076826244592666,0.0024796302895992,0.3622317612171173,0.0760339498519897,0.2471277415752411,0.2739719748497009,0.8126435875892639,1.3601141,1.3502445,1469,80018,81487,0.58259875,-0.090873688,0.20429607,0.9558191299438475,0.8620179,3.358161,12.396075,0.0,5.558248,2.751744031906128,4.858726978302002,1.3302052021026611,0.4765195250511169,3.3692935,12.396075,0.0,5.6446633,ALM,0.2618739187592284,0.06447613448453382
A549,2,ALM,5,1,6,2,0.1162354573607444,0.0172642860561609,0.235322967171669,0.0069281547330319,0.1646222472190857,0.0027878279797732,0.3338097333908081,0.0,0.2065939903259277,0.2339735925197601,0.9181246161460876,1.3658948,1.3558176,947,41132,42079,0.8862474,-0.110102296,0.33803245,0.9607618451118468,0.9198712,1.4912562,7.446288,0.0,2.6618834,1.9635367393493648,3.757035255432129,1.002813696861267,0.3180882334709167,1.4803829,7.446288,0.0,2.7105906,ALM,0.18686296930203608,0.10794388117404599
A549,2,ALM,5,1,6,3,0.0681326910853385,0.0132387783378362,0.2386542856693267,0.005676900036633,0.1590399891138076,0.0037068361416459,0.3413495719432831,0.0,0.2074846178293228,0.2390174567699432,0.6063058376312256,0.8320924,0.82912105,1654,124025,125679,0.40769413,0.3507773876190185,0.13599518,0.956498920917511,0.88518924,0.5457563,5.7784505,0.0,0.9124396,1.082955241203308,3.03795862197876,0.0,0.4047811329364776,0.5385923,5.7784505,0.0,0.91530985,ALM,0.10306108764713413,0.1282728896266484
A549,2,ALM,6,1,6,1,0.0832780972123146,0.0142558375373482,0.219770610332489,0.0076240645721554,0.1348654329776764,0.0026786078233271,0.307382196187973,0.0,0.1767241358757019,0.2010335028171539,0.9336403608322144,1.4160674,1.4097506,1372,103411,104783,0.5991634,0.5536450147628784,0.2928818,0.9804555773735046,0.88183844,0.69471794,4.789846,0.0,0.95053977,1.0663113594055176,2.367226839065552,0.0,0.126053899526596,0.6897879,4.789846,0.0,0.95962214,ALM,0.10147714724453294,0.1281361988961114
A549,2,ALM,6,1,6,2,0.1663907915353775,0.0148823112249374,0.2283836454153061,0.0062689166516065,0.1162460148334503,0.0023019856307655,0.287586361169815,0.0,0.1541676074266433,0.1770131587982177,1.1070343255996704,2.559922,2.5402498,586,42693,43279,0.8793563,0.3364711701869964,0.4052834,0.9283851981163024,0.917648,1.6053897,4.9396076,0.0,1.2931845,0.9571654200553894,1.8594176769256592,0.0,0.1070202887058258,1.6142868,4.9396076,0.0,1.3036188,ALM,0.09109010741711263,0.12651461765651184
A549,2,ALM,6,1,6,3,0.1399186998605728,0.0081178108230233,0.1715442091226577,0.0045274901203811,0.1087200194597244,0.0013966033002361,0.2776276469230652,0.0093101216480135,0.1383461058139801,0.157758742570877,1.3866320848464966,2.2725272,2.2561517,800,42479,43279,0.99428463,0.0337130390107631,0.5757593,0.9534364342689514,0.9415616,1.947748,5.4355125,0.0,1.240907,1.3550796508789062,2.5237841606140137,0.5925794839859009,0.1567534953355789,1.9589089,5.4355125,0.0,1.2545846,ALM,0.1289582222372389,0.12705835003055505
A549,2,ALM,6,1,6,4,0.2509284913539886,0.0095976972952485,0.2617359161376953,0.0071823787875473,0.1158290654420852,0.0010455057490617,0.2489180266857147,0.0166077297180891,0.1414433568716049,0.1582531630992889,1.152256727218628,3.1284916,3.0871034,1339,62596,63935,0.94693553,-0.108719006,0.5418677,0.9566763043403624,0.8875769,2.579968,7.18561,0.0,1.0236406,1.062829613685608,2.1828646659851074,0.6052404642105103,0.1059403494000434,2.6124208,7.18561,0.0,0.99298245,ALM,0.10114580160147023,0.1281040927720653
A549,2,ALM,6,1,6,5,0.0751597061753273,0.0123339546844363,0.2094352096319198,0.0062469914555549,0.1252970993518829,0.0029185484163463,0.2605316042900085,0.0,0.1693384796380996,0.1956667900085449,1.3380695581436155,1.3386364,1.3386339,305,65342,65647,0.5688566,-0.099381343,0.4426159,0.9419105052947998,0.8787125,0.71238345,5.117382,0.0,1.0795778,1.1834973096847534,2.170494318008423,0.4593180418014526,0.179327517747879,0.71018445,5.117382,0.0,1.0827392,ALM,0.11262932697757669,0.12854077603457958
A549,2,ALM,6,1,6,6,0.1009092256426811,0.0124383363872766,0.1906223148107528,0.0063952901400625,0.0975332632660865,0.0019641604740172,0.2404878735542297,0.0,0.1323494017124176,0.1513179093599319,1.3346868753433228,2.8112361,2.790707,864,61279,62143,0.8625731,-0.175790533,0.47684142,0.955123245716095,0.88422346,0.91296923,4.915079,0.0,1.0112392,0.6435002684593201,1.5274722576141355,0.2772862911224365,0.0446200557053089,0.9167685,4.915079,0.0,1.0238295,ALM,0.06123968474906693,0.11297622297081183
A549,2,ALM,7,1,6,1,0.0801962614059448,0.0084272259846329,0.1535363346338272,0.0048736222088336,0.1152649819850921,0.0016676030354574,0.2620433270931244,0.0,0.1471370160579681,0.1676949113607406,1.018601417541504,1.4371386,1.4299223,600,34199,34799,0.99336964,0.0463302433490753,0.7553688,0.993821918964386,0.9631756,1.2431556,5.83586,0.0,1.638556,1.4457635879516602,1.9323532581329343,1.008027195930481,0.0268631391227245,1.2396011,5.83586,0.0,1.6660988,ALM,0.13758829745295847,0.1254334523610668
A549,2,ALM,7,1,6,2,0.1207624599337577,0.012064715847373,0.1834632605314254,0.0068255187943577,0.1142740845680236,0.0010016949381679,0.2015625238418579,0.0361288301646709,0.1399207264184951,0.1552175432443618,0.4793638586997986,1.0167782,1.0121833,400,46383,46783,0.97504044,0.0496064163744449,0.4704561,0.9943947196006776,0.90910107,1.5419729,8.4472475,0.0,1.9559156,1.0181236267089844,1.4034754037857056,0.7555488348007202,0.011973145417869,1.5464903,8.4472475,0.0,1.9702924,ALM,0.09689128814897524,0.12758041619213734
A549,2,ALM,7,1,6,3,0.4148712456226349,0.0156305022537708,0.4214445352554321,0.0131078781560063,0.238927274942398,0.0033676484599709,0.4474173486232757,0.1268621236085891,0.284730851650238,0.3228373825550079,0.9004495739936829,2.6808376,2.641249,1591,69960,71551,0.6926724,-0.278187186,0.27888104,0.93214350938797,0.8382582,2.8509395,6.254666,0.0,0.95991147,1.295512080192566,2.786611795425415,0.7441283464431763,0.199505940079689,2.886312,6.254666,0.0,0.9209337,control,0.25111389211264656,0.0
A549,2,ALM,7,1,6,4,0.6507606506347656,0.0074563543312251,0.6510918736457825,0.0072445608675479,0.4830546975135803,0.0014693544944748,0.575770378112793,0.3645414710044861,0.5129978060722351,0.5272855162620544,0.9197990894317628,1.9923553,1.9757469,883,56140,57023,0.95802134,0.5978245139122009,0.6037052,0.9809878468513488,0.94506174,4.446314,6.588394,0.0,0.45060375,3.105829954147339,4.428744792938232,2.3351454734802246,0.1264721751213073,4.467397,6.588394,0.0,0.4269952,control,0.3365778798383636,0.0
A549,2,ALM,7,1,6,5,0.3128049373626709,0.0081431455910205,0.3128096461296081,0.0081417867913842,0.2393277883529663,0.0010413706768304,0.3459742963314056,0.118443876504898,0.2645525336265564,0.2779456675052643,0.459794133901596,0.7969623,0.7872072,1910,64105,66015,0.657966,0.570091187953949,0.33391544,0.985862135887146,0.89044493,1.6985798,4.269256,0.52067906,0.39488783,1.2152286767959597,1.6820935010910034,0.7528966665267944,0.0294779017567634,1.712981,4.269256,0.52067906,0.39860678,control,0.24408905137747833,0.0
A549,2,ALM,7,1,6,6,0.2302518337965011,0.028587732464075,0.3127401471138,0.0130319604650139,0.1746049970388412,0.0019460468320176,0.3049123287200928,0.0104242218658328,0.2095607221126556,0.22919262945652,0.6988208889961243,1.6297362,1.6165487,976,67919,68895,0.7469198,0.3510158658027649,0.16528381,0.9822984337806702,0.88324076,1.8090283,6.7897706,0.0,1.8268082,1.0979641675949097,1.7356913089752195,0.665144145488739,0.0353806093335151,1.819246,6.7897706,0.0,1.8451807,control,0.23286217827010136,0.0
A549,2,ALM,7,1,6,7,0.2292744815349578,0.0359113924205303,0.3614533245563507,0.0088381674140691,,,,,,,0.9352608323097228,1.1833439,1.1802806,1253,100218,101471,0.9575161,0.1816551089286804,0.605307,0.9833430051803588,0.9344587,3.5367186,12.243893,0.0,8.534073,4.017192363739014,6.908864498138428,2.319908142089844,0.4842327535152435,3.530712,12.243893,0.0,8.631795,,,
A549,2,ALM,8,1,6,1,0.1029116883873939,0.0262999273836612,0.3316403925418854,0.0088977459818124,0.2420857399702072,0.0039346064440906,0.4258695542812347,0.0831240490078926,0.2934478521347046,0.3257290720939636,0.9686841368675232,1.2383319,1.2359977,787,90124,90911,0.775132,0.4047525227069855,0.46568874,0.9801409244537354,0.8846641,0.7934609,6.0191245,0.0,1.5783819,1.801719307899475,2.895282506942749,1.058549880981445,0.1566474884748459,0.7846564,6.0191245,0.0,1.5818421,control,0.28613525081703767,0.0
A549,2,ALM,9,1,6,1,0.2332881838083267,0.0154954250901937,0.2630349993705749,0.0096468022093176,0.0991829484701156,0.0006308684824034,0.1813549697399139,0.0320226438343524,0.1193198412656784,0.1326082646846771,1.065788984298706,5.333856,5.3174844,248,64407,64655,0.87751627,0.0745865851640701,0.33023483,0.9595234394073486,0.77862674,3.8768826,12.516047,0.0,4.352791,0.9533444046974182,1.4797139167785645,0.4713689386844635,0.051620103418827,3.8881397,12.516047,0.0,4.3363156,ALM,0.09072647466136609,0.1264335359208309
A549,2,ALM,9,1,6,2,0.5052559971809387,0.0273741912096738,0.5387582778930664,0.0111396741122007,0.2761376798152923,0.0020265118218958,0.4566456377506256,0.1788550913333892,0.3113542199134826,0.3390265107154846,0.7409589886665344,2.029506,2.0041604,1059,52780,53839,0.96746176,-0.227626547,0.3776594,0.9503601789474488,0.9086139,4.3000135,9.740405,0.0,1.9444221,2.404671192169189,4.385998725891113,1.480493426322937,0.3633517324924469,4.338042,9.740405,0.0,1.9026222,control,0.3142601978093023,0.0
A549,2,ALM,9,1,6,3,0.120127834379673,0.0238519515842199,0.2858616709709167,0.0093822386115789,0.1848762333393097,0.0040604230016469,0.3861479461193084,0.0,0.2372389137744903,0.2651372849941253,0.8331979513168335,1.6139758,1.5987005,1279,64096,65375,0.3513792,0.2126346975564956,0.18812235,0.9408794641494752,0.87774,1.100679,6.5502973,0.0,1.9543725,1.757984280586243,3.1485157012939453,0.0,0.2379265427589416,1.087563,6.5502973,0.0,1.9798293,ALM,0.16730125598031906,0.11631561143972322
A549,4,ALM,0,1,6,1,0.4697003960609436,0.0502666942775249,0.5486827492713928,0.0153830153867602,,,,,,,0.630859375,1.1563767,1.1406221,2063,66752,68815,0.5960146,-0.184707463,-0.06958984,0.96416175365448,0.8455727,6.4969873,15.383257,0.0,10.007351,6.128565311431885,10.06532859802246,3.5531094074249268,0.8903754353523254,6.5083733,15.383257,0.0,10.284785,,,
A549,4,ALM,0,1,6,2,0.1173333153128624,0.0320280939340591,0.3611072301864624,0.0105417519807815,0.2071173042058944,0.0020172523800283,0.33002969622612,0.1112756803631782,0.2432573735713958,0.2662669420242309,0.5273444652557373,1.5539685,1.5406562,600,45671,46271,0.13777706,0.3572342693805694,0.030990338,0.9917821288108826,0.8098969,1.8020757,14.388586,0.0,7.7157397,3.1367764472961426,4.4685773849487305,2.2609543800354004,0.1539614647626876,1.7845415,14.388586,0.0,7.791369,ALM,0.2985161159615857,0.03887245848770948
A549,4,ALM,0,1,6,3,0.1462691724300384,0.027184884995222,0.2963960468769073,0.0105897253379225,0.1962730288505554,0.0028137224726378,0.294815182685852,0.0544634759426116,0.2394581735134124,0.2573970258235931,0.7039809823036194,1.1895638,1.1810846,542,30497,31039,0.44386637,0.1832713782787323,0.070784256,0.976723611354828,0.8692106,2.2464552,11.563834,0.0,6.1016974,3.401834487915039,5.064838409423828,1.9585943222045896,0.3131096065044403,2.2259223,11.563834,0.0,6.1804247,ALM,0.323740768760208,0.02012451010813443
A549,4,ALM,1,1,6,1,0.1940235495567321,0.0026663306634873,0.1940235495567321,0.0026663306634873,0.1445430517196655,0.0008250490063801,0.2288486361503601,0.0816719308495521,0.1679955273866653,0.1828584522008896,1.210874080657959,2.1640012,2.1387415,1119,41104,42223,0.9638687,-0.706335247,0.46248448,0.9424713253974916,0.90392053,1.9381368,4.2542915,0.65432924,0.42419365,1.2970515489578247,2.4001095294952397,0.6861570477485657,0.1294656544923782,1.9555892,4.2542915,0.65432924,0.42072403,ALM,0.12343588939230955,0.12780790878086407
A549,4,ALM,1,1,6,2,0.3688922226428985,0.0087119489908218,0.3700186312198639,0.0083217723295092,0.2627038955688476,0.0030193666461855,0.4397285878658294,0.1306926310062408,0.3071388304233551,0.3371962010860443,0.7593907713890076,1.2992761,1.2868044,2398,101409,103807,0.9604365,0.1166160553693771,0.49506897,0.9652338027954102,0.91265947,2.9764078,6.7625947,0.0,0.69884545,2.036828756332397,3.67401385307312,1.1588243246078491,0.1799263209104538,2.9986253,6.7625947,0.0,0.6897471,control,0.29843040591115744,0.0
A549,4,ALM,1,1,6,3,0.2193677276372909,0.0074495514854788,0.2201308161020279,0.0073074838146567,0.1492954939603805,0.0018186868401244,0.2925964891910553,0.0,0.1833197921514511,0.2021871656179428,0.7862841486930847,1.1951154,1.182627,2106,66837,68943,0.22327995,0.0026693642139434,0.25913298,0.9363213777542114,0.8375849,3.4925263,13.797304,0.0,3.0150604,2.630293846130371,5.455284595489502,1.2548773288726809,0.5778387188911438,3.5196946,13.797304,0.0,3.0676913,ALM,0.2503159265497921,0.07206648853331954
A549,4,ALM,1,1,6,4,0.2417736053466797,0.0056562186218798,0.2423902750015258,0.0055211661383509,0.1395513117313385,0.0019004561472684,0.3000509738922119,0.0187211669981479,0.1737834960222244,0.1978205144405365,1.2244484424591064,2.609761,2.5752988,1936,75887,77823,0.9276621,0.3158360719680786,0.4789886,0.9576222896575928,0.9178918,3.248371,8.374304,0.0,0.8720426,1.7935291528701782,3.460946559906006,1.0272703170776367,0.2216851711273193,3.285486,8.374304,0.0,0.8332603,ALM,0.17068393797721343,0.11498570193140795
A549,4,ALM,1,1,6,5,0.2543635666370392,0.0057966252788901,0.2577017247676849,0.00501245027408,0.164980873465538,0.0014979746192693,0.3122629523277282,0.061767604202032,0.1953818351030349,0.2135574370622635,0.9903550744056702,1.6368612,1.6190673,801,28302,29103,0.958643,-0.071401715,0.6067728,0.981121838092804,0.9537907,3.3935716,7.784922,0.0,0.78741753,2.1990811824798584,3.4848766326904297,1.420774221420288,0.136018231511116,3.4273765,7.784922,0.0,0.7643301,ALM,0.2092789155707793,0.09658261402944854
A549,4,ALM,1,1,6,6,0.1977001428604126,0.0060248202644288,0.1990943849086761,0.005789722315967,0.0970271974802017,0.0012886581243947,0.2122278660535812,0.0,0.1249264553189277,0.1440557688474655,1.2777867317199707,3.471956,3.4362564,927,56048,56975,0.95491344,0.1140814423561096,0.30177838,0.9310035109519958,0.8425688,2.5062237,8.129916,0.0,1.093623,1.060788631439209,1.740552544593811,0.4131051003932953,0.0778731405735015,2.53013,8.129916,0.0,1.0752964,ALM,0.10095156841234171,0.12808470135520922
A549,4,ALM,1,1,6,7,0.1775098741054535,0.0205018781125545,0.2573446333408355,0.0091775143519043,0.1487701684236526,0.0032131150364875,0.2859445512294769,0.0,0.1945285946130752,0.2196609824895858,1.0203479528427124,1.946884,1.9256102,1191,50680,51871,0.4808847,-0.405634701,0.09553381,0.9389303922653198,0.8858475,2.210449,8.161885,0.0,3.1960282,1.8596111536026,4.221456527709961,0.0,0.3876314461231231,2.2186937,8.161885,0.0,3.2590647,ALM,0.17697273238926572,0.11237761961330758
A549,4,ALM,10,1,6,1,0.0458506755530834,0.0071135102771222,0.1697288006544113,0.0053069153800606,0.0993520319461822,0.0034666070714592,0.3403719365596771,0.0,0.1458031982183456,0.1790946274995803,0.864098310470581,1.5233092,1.5119655,704,40207,40911,0.8770758,-0.152684838,0.48257354,0.9720007181167604,0.93740135,0.38288665,3.1604865,0.0,0.4465991,0.7568444609642029,1.937245726585388,0.0,0.1273483335971832,0.37633902,3.1604865,0.0,0.4496974,ALM,0.07202625774266526,0.11965611565111119
A549,4,ALM,10,1,6,2,0.0849491581320762,0.0120010003447532,0.1971048712730407,0.0057391077280044,0.118192620575428,0.0020176714751869,0.2589178681373596,0.0075312843546271,0.1534004211425781,0.1763936132192611,0.5886581540107727,1.175685,1.1617011,1499,61427,62926,0.30361402,0.1410641521215438,0.022720572,0.9806864857673644,0.87899905,0.3873261,2.916124,0.0,0.2674449,0.5099043250083923,0.9050157070159912,0.0,0.0194207821041345,0.38433486,2.916124,0.0,0.27312163,control,0.15026163896485417,0.0
A549,4,ALM,10,1,6,3,0.1696613430976867,0.0208322331309318,0.2553869783878326,0.0094650238752365,0.132625937461853,0.001701220870018,0.2955460846424103,0.0159030649811029,0.1657113879919052,0.1849161088466644,0.8211706280708313,1.570011,1.5579551,1307,79876,81183,0.93575096,0.4026914834976196,0.21614994,0.9774445295333862,0.8516381,1.5137345,7.386353,0.0,1.8792248,1.2374718189239502,2.2802894115448,0.6968890428543091,0.0742504671216011,1.5182549,7.386353,0.0,1.90749,ALM,0.11776589349091757,0.12831993161024718
A549,4,ALM,11,1,6,1,0.2268155515193939,0.025560013949871,0.3087228238582611,0.009503555484116,0.2065417468547821,0.0033207691740244,0.3741532862186432,0.075620524585247,0.2534347772598266,0.2808087766170501,0.8156775236129761,1.2619898,1.2584811,362,45685,46047,0.6942331,-0.192586511,0.20634404,0.9816698431968688,0.92887884,2.5528007,7.4750137,0.0,2.8776135,2.3695831298828125,3.3850114345550537,1.2607946395874023,0.1513169854879379,2.5542524,7.4750137,0.0,2.8989475,ALM,0.22550499350709172,0.08739433352273021
A549,4,ALM,11,1,6,2,0.1437162011861801,0.0018194689182564,0.1437324434518814,0.0018173411954194,0.0911818742752075,0.0008157764095813,0.1908293813467025,0.0196370724588632,0.1139261648058891,0.1294943243265152,1.047369122505188,2.112331,2.0885642,988,43283,44271,0.80725163,-0.004907094,0.4109639,0.9548280835151672,0.91314894,1.5500494,3.4112535,0.50766695,0.20633098,0.8936429023742676,1.602882742881775,0.5076669454574585,0.0606437623500824,1.5650325,3.4112535,0.54273605,0.19959691,ALM,0.08504489011429366,0.12493358668870992
A549,4,ALM,11,1,6,3,0.205187976360321,0.0034724636934697,0.2052216082811355,0.0034661313984543,0.1163382604718208,0.0018987007206305,0.2559916377067566,0.023827988654375,0.1515966355800628,0.1779362708330154,1.1802014112472534,2.6723857,2.6277611,2190,71041,73231,0.84629357,-0.316759408,0.38602316,0.9271788597106934,0.8979968,2.544841,6.0281315,0.0,0.43871275,1.3887336254119873,2.5314223766326904,0.6346440315246582,0.1865812093019485,2.5804803,6.0281315,0.0,0.40401235,ALM,0.13216095406498685,0.12651739658632916
A549,4,ALM,11,1,6,4,0.2499137073755264,0.0044348514638841,0.2499137073755264,0.0044348514638841,0.1287057101726532,0.00087324262131,0.247215062379837,0.0419172383844852,0.1518479883670807,0.163634642958641,1.0441728830337524,2.6743362,2.6252675,1400,45111,46511,0.9451549,-0.123917349,0.59144163,0.965935468673706,0.90297234,3.5238988,7.0016623,0.7519812,0.8258452,1.7127057313919067,2.7941861152648926,0.7519811987876892,0.1267735511064529,3.5801072,7.0016623,1.0624311,0.74257654,ALM,0.16299225377089488,0.11793179636421147
A549,4,ALM,11,1,6,5,0.1653652787208557,0.0029467493295669,0.1653652787208557,0.0029467493295669,0.1123479455709457,0.0004872585705015,0.1970987319946289,0.0681456699967384,0.1293894946575164,0.1431120485067367,0.7190853357315063,1.4695009,1.4547825,600,29991,30591,0.7563152,-0.27269125,0.37922388,0.9761110544204712,0.86808383,1.7017756,3.5781398,0.657521,0.36603087,1.0993441343307495,1.7620234489440918,0.8264117240905762,0.0360726080834865,1.7138274,3.5781398,0.657521,0.3652261,ALM,0.10462076166391988,0.12838082719788968
A549,4,ALM,12,1,6,1,0.1582007706165313,0.0033067106269299,0.1593081057071685,0.0031534507870674,0.0879222378134727,0.0004510692087933,0.1520311087369918,0.0020490624010562,0.1049523502588272,0.1151384562253952,1.0189253091812134,2.3493567,2.3239443,1003,51508,52511,0.9591759,-0.328902632,0.51041126,0.9868668913841248,0.9220124,1.9183341,4.380852,0.0,0.33652294,0.9821879863739014,1.4700180292129517,0.6996236443519592,0.0203029010444879,1.9365631,4.380852,0.0,0.3252832,ALM,0.09347141811435153,0.1270032173089721
A549,4,ALM,12,1,6,2,0.3320956528186798,0.0144431348890066,0.3321750164031982,0.0144202234223485,0.1642089933156967,0.0008919143583625,0.2757610976696014,0.0728663727641105,0.1877591758966446,0.2038598209619522,0.7668188214302063,2.5783684,2.517774,1400,40455,41855,0.3975122,-0.005640399,0.13174137,0.9854761362075806,0.8080216,4.057444,10.17555,0.0,2.2027366,1.9431072473526,3.151308536529541,1.376725435256958,0.0770962834358215,4.130612,10.17555,0.0,2.116241,ALM,0.18491876552965716,0.10884588746631799
A549,4,ALM,12,1,6,3,0.3033440411090851,0.0074063278734683,0.3033660352230072,0.0074001913890242,0.1526728868484497,0.000583620450925,0.2219214439392089,0.0748806223273277,0.171189934015274,0.1833434104919433,0.965506374835968,2.5502808,2.5338485,429,40945,41374,0.8876126,-0.3373577,0.2812296,0.9766042232513428,0.88805276,4.952886,12.560963,1.9022076,1.9618202,2.775308132171631,4.029672622680664,1.9574544429779053,0.2184785902500152,4.9757004,12.560963,1.9022076,1.9298846,ALM,0.26411643230954873,0.06297386359989621
A549,4,ALM,13,1,6,1,0.2930475175380707,0.0179220512509346,0.2964999973773956,0.0171095356345176,0.1416464447975158,0.0015116821741685,0.2882792055606842,0.0411026738584041,0.1720694452524185,0.1946742981672287,0.7342916131019592,2.348545,2.3037536,1394,48845,50239,0.7316606,-0.513338625,0.08442534,0.9538925290107728,0.799811,4.4542155,11.956871,0.0,3.5331674,1.8561148643493648,3.3916940689086914,0.9080871343612672,0.2446928024291992,4.5283613,11.956871,0.0,3.4288788,ALM,0.176640002688667,0.11251987625408358
A549,4,ALM,13,1,6,2,0.2979775965213775,0.0117560802027583,0.2979775965213775,0.0117560802027583,0.1803308576345443,0.0005427100113593,0.2286396324634552,0.1176052093505859,0.1993918418884277,0.2096382230520248,0.7635084390640259,1.3830583,1.3671166,1000,37863,38863,0.7748207,0.5248552560806274,0.21017261,0.9852742552757264,0.8618399,4.324768,9.531774,1.3224341,2.4669685,3.2939348220825195,4.682194709777832,2.2670462131500244,0.1771776974201202,4.351993,9.531774,1.3224341,2.4986374,ALM,0.31347233245336154,0.027852910847581958
A549,4,ALM,13,1,6,3,0.1976536959409713,0.0062616434879601,0.2009718418121338,0.0056999046355485,0.1014866232872009,0.0022475195582956,0.2672293186187744,0.0,0.1369045227766037,0.1650076508522033,0.5103101134300232,1.0459043,1.0331674,772,31691,32463,0.32828456,-0.090345964,0.4960626,0.90993332862854,0.89501065,2.6268854,7.065774,0.0,0.8482253,1.3249619007110596,3.068026065826416,0.4800876975059509,0.255413144826889,2.6585994,7.065774,0.0,0.8203707,ALM,0.12609202059594668,0.12747712357769156
A549,4,ALM,13,1,6,4,0.1675995290279388,0.0034530085977166,0.1680366247892379,0.0033885629381984,0.092212975025177,0.000905264634639,0.1744719445705413,0.0200631767511367,0.116933636367321,0.1329580247402191,1.9796075820922847,3.7003682,3.6624954,643,28572,29215,0.9575985,-0.459088475,0.5187067,0.9300016760826112,0.9085515,3.9945765,9.551641,1.1274846,1.268148,2.456389904022217,3.8464863300323486,1.1274845600128174,0.4478770792484283,4.0291915,9.551641,1.3332523,1.2321646,ALM,0.23376609259739714,0.08244960895010114
A549,4,ALM,13,1,6,5,0.2720051407814026,0.0245637856423854,0.3041883409023285,0.0176803842186927,0.1279581934213638,0.0026384536176919,0.3018489480018616,0.0,0.167796790599823,0.1910219937562942,0.7895400524139404,2.3288205,2.2997081,988,51251,52239,0.8985581,0.6156612634658813,0.27561355,0.9624568819999696,0.82906026,3.1923277,9.459624,0.0,3.2243145,1.472158908843994,3.032525062561035,0.6316775679588318,0.1557662785053253,3.225488,9.459624,0.0,3.2253268,ALM,0.14010024843344074,0.12486392943821081
A549,4,ALM,13,1,6,6,0.4638860523700714,0.0597915537655353,0.5707289576530457,0.0125844944268465,,,,,,,0.7534147500991821,1.5929812,1.5831525,475,40100,40575,0.8332624,0.2478914260864257,0.34455323,0.9915698766708374,0.90383875,7.668078,17.537142,0.0,16.553679,5.945842742919922,7.389006614685059,4.565989017486572,0.2818337678909302,7.688478,17.537142,0.0,16.710875,,,
A549,4,ALM,13,1,6,7,0.5956025123596191,0.0083871213719248,0.596649169921875,0.0077773672528564,,,,,,,0.8724031448364258,1.7714589,1.7647464,183,24328,24511,0.96434945,-0.181229487,0.58289117,0.990246832370758,0.955974,12.802418,29.719395,0.0,3.118854,9.34467601776123,11.487754821777344,7.517992973327637,0.589317262172699,12.828427,29.719395,0.0,3.047273,,,
A549,4,ALM,14,1,6,1,0.6246801018714905,0.0244034565985202,0.6500017642974854,0.0089335339143872,,,,,,,0.8465785384178162,1.2387199,1.2363404,200,32759,32959,0.76125956,0.0184720549732446,0.5312099,0.9957218766212464,0.90909046,7.565081,13.757806,0.0,3.67489,6.573665618896484,7.58703088760376,5.602317810058594,0.1238351240754127,7.5711336,13.757806,0.0,3.690532,,,
A549,4,ALM,14,1,6,2,0.3244295418262481,0.0090544922277331,0.3244295418262481,0.0090544922277331,0.2031376808881759,0.0001948151038959,0.2449338436126709,0.1737943142652511,0.2143059968948364,0.2206624001264572,0.6641237735748291,1.6690582,1.651747,600,34231,34831,0.10060182,-0.425663233,-0.32813084,0.9672613143920898,0.8178203,5.238152,10.266151,2.0892076,2.790586,3.4560258388519287,4.932254791259766,2.200013399124145,0.323172926902771,5.2693872,10.266151,2.0892076,2.777191,ALM,0.3288979713445158,0.016196606226965782
A549,4,ALM,14,1,6,3,0.3357521295547485,0.0082672107964754,0.3404667377471924,0.0067781507968902,0.1946375519037246,0.0006600623601116,0.266226202249527,0.1185692772269249,0.2154797613620758,0.2276341766119003,1.1478893756866455,2.1895108,2.1739173,600,39479,40079,0.9845015,0.1875087171792984,0.8092573,0.9941154718399048,0.95166004,3.2662742,7.001985,0.0,0.5988629,1.8856474161148071,2.4348509311676025,1.4478126764297483,0.0278493985533714,3.2872567,7.001985,0.0,0.57813215,ALM,0.17945051303123652,0.11130374244567823
A549,4,ALM,14,1,6,4,0.3534345626831054,0.0106935538351535,0.3571548759937286,0.0094773704186081,0.1593634337186813,0.0026331921108067,0.2951632738113403,0.0483146160840988,0.2009880989789962,0.228156104683876,0.8495067954063416,1.3085836,1.299707,1730,87741,89471,0.72618777,-0.051861633,0.55534935,0.9326826930046082,0.9139621,4.615662,10.533124,0.0,1.4265735,3.3483660221099854,5.97899866104126,1.3033503293991089,0.75365149974823,4.64065,10.533124,0.0,1.4075508,ALM,0.31865236064227925,0.02396998792525995
A549,4,ALM,14,1,6,5,0.3092215061187744,0.0199159551411867,0.3367751240730285,0.0124112153425812,0.2389994263648986,0.0031049821991473,0.3918158710002899,0.0762064456939697,0.2845869064331054,0.3087796866893768,0.972687840461731,1.5765302,1.5612757,888,34263,35151,0.8076856,0.3644526898860931,0.44234347,0.9754238128662108,0.9210801,3.1414857,7.7297416,0.0,1.704261,2.3080039024353027,3.578800678253174,1.3730250597000122,0.1896747797727584,3.1630864,7.7297416,0.0,1.725043,ALM,0.21964471238396896,0.09079650697145789
A549,4,ALM,15,1,6,1,0.350955992937088,0.0152640109881758,0.3518049418926239,0.0150022692978382,0.1715315729379654,0.00126877380535,0.3172059953212738,0.0783330053091049,0.1998813599348068,0.219627171754837,0.7855744361877441,2.2362773,2.2017944,1379,56636,58015,0.65910596,0.2098405361175537,0.26181823,0.9647675156593324,0.82336336,3.6098487,8.871722,0.0,1.7107848,1.712294578552246,3.726921558380127,0.9878248572349548,0.160845473408699,3.6560504,8.871722,0.0,1.6587179,ALM,0.1629531257836684,0.11794606025919754
A549,4,ALM,15,1,6,2,0.2382737845182418,0.0064095016568899,0.2383567541837692,0.0063919583335518,0.1362841725349426,0.0010984817054122,0.2365951091051101,0.0574829131364822,0.1634792536497116,0.181054875254631,1.3676782846450806,3.0797653,3.038247,1254,50457,51711,0.97181493,0.1390139013528823,0.476301,0.9661877751350404,0.9123709,2.86368,6.5469,0.96695405,0.650773,1.666818141937256,2.615391969680786,0.9669540524482728,0.1373558342456817,2.8934247,6.5469,1.1274618,0.6270474,ALM,0.1586252913159677,0.11947642738190017
A549,4,ALM,15,1,6,3,0.2111323326826095,0.0039294506423175,0.2112233191728592,0.003911935724318,0.137664794921875,0.0016097072511911,0.2576579451560974,0.0377457104623317,0.1700098514556884,0.1917342692613601,1.1078335046768188,2.003846,1.9858749,1351,66008,67359,0.8724042,-0.009076975,0.35472423,0.9637793302536012,0.93159014,1.8856773,4.0692906,0.0,0.22493462,1.2565983533859253,2.3444929122924805,0.7666542530059814,0.074987880885601,1.8985524,4.0692906,0.0,0.21973823,ALM,0.11958609932175253,0.12818524341672705
A549,4,ALM,15,1,6,4,0.2668615877628326,0.009823041036725,0.2739753127098083,0.0081359054893255,0.1442874372005462,0.0012838784605264,0.2742680013179779,0.0500967763364315,0.1730125695466995,0.1894809901714325,0.8786761164665222,2.0408165,2.022169,592,36302,36894,0.9694529,0.0445840544998645,0.5106522,0.9831777811050416,0.92162335,2.3720028,6.196307,0.0,0.67196167,1.2470307350158691,1.7914825677871704,0.8056453466415405,0.0382079631090164,2.3903475,6.196307,0.0,0.66132236,ALM,0.11867558232354763,0.1282562048989553
A549,4,ALM,15,1,6,5,0.1884882450103759,0.0022236707154661,0.1884882450103759,0.0022236707154661,0.1255443096160888,0.0005886030266992,0.195487380027771,0.0617985464632511,0.14521324634552,0.1575488448143005,1.0865423679351809,1.9612393,1.9486017,589,40178,40767,0.83351964,0.3883330821990967,0.4843662,0.983008086681366,0.92744184,2.1217086,4.107257,0.83125335,0.30710822,1.4278626441955566,1.914109826087952,1.0324430465698242,0.043974507600069,2.1318803,4.107257,0.83125335,0.3038048,ALM,0.1358847268313654,0.12579566037675868
A549,4,ALM,16,1,6,1,0.4101834297180176,0.0091202966868877,0.4121183753013611,0.0083658713847398,,,,,,,1.1823110580444336,1.9432452,1.9268636,486,22089,22575,0.9164403,0.4489476680755615,0.40283775,0.9880425930023192,0.940354,7.174188,13.166114,0.0,1.9093997,5.369683265686035,7.179688930511475,4.183922290802002,0.3867296874523163,7.213889,13.166114,0.0,1.8696835,,,
A549,4,ALM,16,1,6,2,0.2052613794803619,0.0136902695521712,0.2327158451080322,0.0091322995722293,0.1266301870346069,0.00192490988411,0.2729780972003937,0.0120743717998266,0.1613660752773285,0.1839618533849716,0.9075965881347656,1.6552422,1.6428943,858,51093,51951,0.9243941,0.3139531910419464,0.29035154,0.9863247871398926,0.9091212,1.893584,6.678543,0.0,1.0602765,1.1449211835861206,1.7677994966506958,0.7061449289321899,0.0364704392850399,1.9061561,6.678543,0.0,1.0678985,ALM,0.10895817108703354,0.12854702062492027
A549,4,ALM,16,1,6,3,0.2114784121513366,0.009437090717256,0.2238282114267349,0.0072239590808749,0.1249920204281807,0.0020156835671514,0.277254581451416,0.0170275885611772,0.1609068363904953,0.1842782199382782,0.3643268048763275,0.7165023,0.71097594,587,36820,37407,0.6529773,-0.169682354,0.23950817,0.9682204723358154,0.9286758,1.9712553,5.3325877,0.0,0.55033237,1.2255429029464722,1.9488825798034668,0.7164235711097717,0.0676039606332779,1.9831433,5.3325877,0.0,0.54902166,ALM,0.11663066000359068,0.1283892655208992
A549,4,ALM,16,1,6,4,0.36356121301651,0.0156132820993661,0.36356121301651,0.0156132820993661,0.214243471622467,0.0004488731501623,0.2744807004928589,0.1621019542217254,0.231374979019165,0.2412447780370712,0.7138312458992004,1.8943471,1.8694403,800,37118,37918,0.82061636,0.6264246702194214,0.119972944,0.9895142316818236,0.832537,5.0445104,11.364807,1.7364582,2.6932456,3.1731319427490234,4.329442024230957,2.405601024627685,0.1208048462867736,5.0848417,11.364807,1.7364582,2.671584,ALM,0.3019759421490107,0.0363496650164154
A549,4,ALM,16,1,6,5,0.2013860642910003,0.0053063239902257,0.2020779103040695,0.0051847524009644,0.1257006376981735,0.0031112257856875,0.2727810740470886,0.0248650219291448,0.1701245456933975,0.2084406912326812,1.090375304222107,1.7940762,1.785262,600,47303,47903,0.9370527,-0.57055068,0.55226326,0.885222852230072,0.8823597,2.2321432,6.4590364,0.0,0.8287684,1.524033784866333,3.1017630100250244,0.719096302986145,0.52410489320755,2.2411249,6.4590364,0.0,0.826192,ALM,0.14503700014857354,0.1236262633074516
A549,4,ALM,17,1,6,1,0.2768639624118805,0.0077290129847824,0.2772772312164306,0.0076259640045464,0.1661350429058075,0.0011753955623134,0.2816989719867706,0.0684600099921226,0.1932935118675232,0.2108708173036575,0.8939273953437805,2.035539,2.0134418,1000,50663,51663,0.9789141,-0.035471279,0.33967635,0.9797313809394836,0.8931672,2.7516284,8.042687,0.0,0.8777938,1.6217669248580933,2.46559739112854,1.032454013824463,0.063953660428524,2.7739296,8.042687,0.0,0.868163,ALM,0.15433792351409378,0.12089679380392046
A549,4,ALM,17,1,6,2,0.3114855289459228,0.0158561617136001,0.3119196593761444,0.0157428476959466,0.1329476684331894,0.0008095756056718,0.2085129916667938,0.0576321817934513,0.1558017879724502,0.168849840760231,0.5825028419494629,1.3209728,1.3089924,1119,67856,68975,0.37576574,0.0540685504674911,0.30697626,0.9555020332336426,0.8082678,6.2529116,18.311947,0.0,6.1774583,3.575115442276001,6.4833831787109375,2.1480278968811035,0.8467478156089783,6.2970705,18.311947,0.0,6.1451674,ALM,0.3402313151332335,0.007462422030335758
A549,4,ALM,17,1,6,3,0.1865298449993133,0.0065637431107461,0.1876928061246872,0.0063863890245556,0.0803879126906395,0.000519759429153,0.1456410139799118,0.0224453210830688,0.098796509206295,0.1110953837633133,0.9422244429588318,2.3738055,2.3547397,518,38377,38895,0.94529676,0.1908878684043884,0.5057803,0.9923205375671388,0.8748141,1.5895642,5.0824885,0.0,0.5510652,0.7282021045684814,0.9461714625358582,0.5125958919525146,0.0063375900499522,1.6011903,5.0824885,0.0,0.54826814,ALM,0.06930046420050563,0.11818441836400086
A549,4,ALM,17,1,6,4,0.1612158566713333,0.0115431444719433,0.1928732842206955,0.0077039618045091,0.0967985838651657,0.0018413567449897,0.2503072321414947,0.0,0.1314742416143417,0.152314230799675,0.7555227279663086,1.6240833,1.5999231,2037,71194,73231,0.58968455,0.363649845123291,0.1593896,0.9795553088188172,0.8971825,1.3870873,5.168787,0.0,0.7072499,0.8844305872917175,1.650732159614563,0.4711426496505737,0.0287489611655473,1.4014692,5.168787,0.0,0.7192269,ALM,0.08416818609548235,0.12466160978282492
A549,4,ALM,18,1,6,1,0.2717747986316681,0.013291222974658,0.2827013731002807,0.0107366312295198,0.1595689505338668,0.0020024282857775,0.3019920587539673,0.0440001375973224,0.195093959569931,0.2199245244264602,1.5419758558273315,2.843845,2.8205535,1303,71528,72831,0.9625047,-0.200834721,0.51871496,0.951087236404419,0.90603244,3.0710826,8.325762,0.0,1.3911109,1.8458831310272217,3.5595040321350098,0.8885952234268188,0.2447894513607025,3.0934017,8.325762,0.0,1.3841497,ALM,0.1756662841778966,0.11293349506956013
A549,4,ALM,18,1,6,2,0.0565688870847225,0.0073790266178548,0.1403357237577438,0.0065503637306392,0.0561150647699832,0.0016945638926699,0.1928510963916778,0.0,0.0894623845815658,0.1120407357811927,1.1433491706848145,1.9594991,1.954557,603,98980,99583,0.8353246,0.3370355665683746,0.48155826,0.985276222229004,0.9280132,1.4869597,9.252474,0.0,3.5992153,1.7401052713394165,2.6885769367218018,0.0,0.0896353423595428,1.4854174,9.252474,0.0,3.6202033,ALM,0.16559977278976384,0.11696442215039332
A549,4,ALM,18,1,6,3,0.1379131972789764,0.0152651090174913,0.1996747702360153,0.0097690420225262,0.1005416512489318,0.0011176745174452,0.2180090397596359,0.0,0.1273703426122665,0.1442601978778839,0.6124119758605957,1.0622017,1.0589042,600,81239,81839,0.44183525,0.0065397024154663,0.32439145,0.9927897453308104,0.8635228,1.8924197,9.691264,0.0,2.6601365,1.3039395809173584,1.8367173671722408,0.8554193377494812,0.0241983886808156,1.8967656,9.691264,0.0,2.677027,ALM,0.12409139946187529,0.12773151020058965
A549,4,ALM,18,1,6,4,0.1890469491481781,0.0052214213646948,0.189729556441307,0.005110764876008,0.0901060923933982,0.0015496948035433,0.222318485379219,0.0128569789230823,0.1217602044343948,0.144941508769989,0.9149134159088136,2.7596495,2.7268233,1370,75621,76991,0.992687,0.2649106383323669,0.5296304,0.9589876532554626,0.84782964,1.6050701,3.931696,0.0,0.30644974,0.6088638305664062,1.4418201446533203,0.3226171433925628,0.0457576587796211,1.6231182,3.931696,0.0,0.29286757,ALM,0.057943455296869326,0.11044400331140593
A549,4,ALM,18,1,6,5,0.4032913446426391,0.0396251119673252,0.4744020700454712,0.0128769800066947,,,,,,,0.9556952714920044,1.8491094,1.8311834,1113,54358,55471,0.9442952,0.3433021605014801,0.47137585,0.98079913854599,0.93010455,6.070381,16.116781,0.0,8.63992,4.237839221954346,6.958082675933838,2.8414342403411865,0.5829765796661377,6.1079035,16.116781,0.0,8.734717,,,
A549,4,ALM,18,1,6,6,0.1980505436658859,0.009413655847311,0.2078061252832412,0.0078500807285308,0.0770856514573097,0.0020744050852954,0.2652054131031036,0.0,0.1135201752185821,0.1387596279382705,1.0762959718704224,2.6704783,2.6283243,2431,89504,91935,0.713647,0.1721699386835098,0.43438724,0.9382421970367432,0.8710055,2.2952216,6.8989162,0.0,0.9979488,1.0512299537658691,2.592939138412476,0.3607635200023651,0.144785076379776,2.3290088,6.8989162,0.0,0.9779482,ALM,0.10004190226917944,0.1279882264389127
A549,4,ALM,18,1,6,7,0.1713602393865585,0.0178674831986427,0.2404810041189193,0.0084523698315024,0.1155300438404083,0.0032614471856504,0.2906850576400757,0.0,0.1612682789564132,0.1912088841199875,1.035935878753662,2.067294,2.0560532,539,48916,49455,0.900142,0.1315581947565078,0.37698367,0.967117190361023,0.93569815,2.1943922,6.986482,0.0,2.3826096,1.6935458183288574,3.475065231323242,0.952398419380188,0.1554069966077804,2.1999109,6.986482,0.0,2.4043558,ALM,0.16116887141456748,0.1185884353638636
A549,4,ALM,19,1,6,1,0.4379087388515472,0.0382211245596408,0.4907333552837372,0.0169088877737522,0.2511875033378601,0.0011476743966341,0.3606133460998535,0.1648003458976745,0.2774122059345245,0.2944298982620239,0.9099943041801452,1.6908072,1.6855803,410,60837,61247,0.8318155,0.6646409034729004,0.5471566,0.9557880163192748,0.8720578,4.4854875,10.895945,0.0,3.7233496,3.105639696121216,4.373795509338379,1.6426010131835938,0.4457978904247284,4.4947863,10.895945,0.0,3.73252,ALM,0.295552939534903,0.04101991838046409
A549,4,ALM,19,1,6,2,0.1846333891153335,0.0158770959824323,0.2045138627290725,0.0135208386927843,0.096547320485115,0.0006798278773203,0.1480515450239181,0.0205568298697471,0.1174888834357261,0.126016229391098,0.8357782959938049,1.8155496,1.8106916,400,80271,80671,0.9623629,0.645412266254425,0.65492034,0.9942886233329772,0.89462864,3.8603926,16.663698,0.0,6.998506,1.8083844184875488,2.298189401626587,1.3033608198165894,0.0270481891930103,3.8706176,16.663698,0.0,7.012159,ALM,0.17209766199235568,0.11441449654802002
A549,4,ALM,19,1,6,3,0.600805938243866,0.0455044098198413,0.6584126949310303,0.0119385020807385,,,,,,,0.758817732334137,1.4027147,1.3984059,200,29687,29887,0.8874899,-0.035321418,0.38628533,0.99569571018219,0.8849444,6.937752,15.842225,0.0,6.228872,5.610528469085693,6.333132266998291,4.747767925262451,0.0922775492072105,6.946693,15.842225,0.0,6.258265,,,
A549,4,ALM,19,1,6,4,0.149532288312912,0.0271668657660484,0.2859349250793457,0.0129460664466023,0.167099267244339,0.0042106676846742,0.342820942401886,0.0293068196624517,0.2186890542507171,0.2565237581729889,0.2744665443897247,0.5059901,0.50466835,367,63920,64287,0.19861579,-0.046783939,0.068549976,0.9076034426689148,0.83473873,1.6047554,7.976993,0.0,2.8384573,1.8197026252746584,3.735810279846192,0.9968056082725524,0.326128214597702,1.6035212,7.976993,0.0,2.8526149,ALM,0.17317477640790493,0.11397333746885366
A549,4,ALM,19,1,6,5,0.1007883921265602,0.0193535238504409,0.2518224120140075,0.0103215239942073,0.1012483388185501,0.0010198323288932,0.182540014386177,0.0,0.1270977556705474,0.1421033442020416,0.6149057745933533,1.764458,1.7600118,200,51511,51711,0.545044,-0.032595813,0.22900958,0.9936994910240172,0.8717976,1.2173202,8.211832,0.0,2.7156126,1.193953514099121,1.7513535022735596,0.8917239308357239,0.019846249371767,1.2174112,8.211832,0.0,2.7260766,ALM,0.11362440762228376,0.12851688233825068
A549,4,ALM,19,1,6,6,0.2835908532142639,0.0210126582533121,0.2891595065593719,0.0198150407522916,0.1674573570489883,0.0014773805160075,0.2923793196678161,0.04659378901124,0.1982705146074295,0.2164351642131805,0.7270228862762451,1.7780474,1.7401476,1732,46299,48031,0.38500646,0.4169158935546875,-0.053142313,0.9865037798881532,0.8077642,3.5444047,11.157262,0.0,2.9540167,2.057170152664185,2.8775930404663086,1.2899824380874634,0.0660630762577056,3.6000392,11.157262,0.0,2.9762125,ALM,0.195773735923948,0.10363154671400784
A549,4,ALM,19,1,6,7,0.4655152857303619,0.007609817199409,0.4655266106128692,0.007604724727571,,,,,,,1.087214112281799,1.4773979,1.4697758,802,40253,41055,0.8487829,0.4887689650058746,0.5152347,0.983948290348053,0.9441712,7.990294,13.118179,0.0,2.0284703,6.903325080871582,8.628778457641602,5.248876094818115,0.3643220365047455,8.0119505,13.118179,0.0,2.037617,,,
A549,4,ALM,2,1,6,1,0.1886812597513198,0.0475971288979053,0.4084998369216919,0.0132531691342592,0.2335063070058822,0.0035984036512672,0.4295781254768371,0.0853168964385986,0.2821023762226105,0.3136078715324402,0.8068892955780029,1.9476916,1.9280522,2268,129475,131743,0.8745303,0.0184934064745903,0.30147272,0.9500696659088136,0.881071,1.7645723,8.844608,0.0,4.3017783,2.026201009750366,3.801512479782105,0.8614748120307922,0.2729848027229309,1.7599891,8.844608,0.0,4.371129,ALM,0.19282651019313085,0.10508934051961977
A549,4,ALM,2,1,6,2,0.2088482975959777,0.0100209321826696,0.2175922095775604,0.0085378801450133,0.1563199758529663,0.000981971505098,0.2525873780250549,0.0551798976957798,0.1812278628349304,0.1975956559181213,0.950805127620697,1.4869698,1.4763908,1145,56886,58031,0.8439986,0.6037617921829224,0.38608366,0.9883794784545898,0.892053,2.747716,8.988452,0.0,1.829418,1.937349915504456,3.107581853866577,1.36920964717865,0.0740103498101234,2.7640266,8.988452,0.0,1.8512665,ALM,0.1843708602611477,0.10909746770011583
A549,4,ALM,2,1,6,3,0.1631034612655639,0.0059139896184206,0.1714487373828888,0.0047857938334345,0.1120949760079383,0.0034902791958302,0.2851365506649017,0.0002156685950467,0.1583426147699356,0.1997258365154266,0.9726234674453736,2.569305,2.5570803,705,91374,92079,0.93369776,0.3076116442680359,0.38516298,0.926004946231842,0.7894606,1.6311983,5.8518476,0.0,0.8255023,0.6740433573722839,2.39342999458313,0.2843046486377716,0.1727496832609176,1.6385834,5.8518476,0.0,0.8234157,ALM,0.0641463644009199,0.11500906993754444
A549,4,ALM,2,1,6,4,0.2314472198486328,0.0248682163655757,0.2941836714744568,0.0131529970094561,0.1420434862375259,0.0025575831532478,0.2956814765930176,0.0,0.1803283095359802,0.2071076184511184,0.8303199410438538,1.3319056,1.3253942,1250,95037,96287,0.94022876,0.3953939378261566,0.5141322,0.943308651447296,0.86674106,2.8517706,10.267605,0.0,3.861642,1.9219863414764404,4.781482219696045,0.7264790534973145,0.5698193311691284,2.8639994,10.267605,0.0,3.893418,ALM,0.1829087623006492,0.10976309965283995
A549,4,ALM,3,1,6,1,0.402788370847702,0.0140168778598308,0.4040403962135315,0.0135545833036303,0.3055748343467712,0.0014261800097301,0.4044661521911621,0.1908217668533325,0.3351285457611084,0.3508259952068329,0.9609448313713074,1.5462184,1.5334306,1248,55871,57119,0.88084114,0.0382902808487415,0.38199866,0.9732240438461304,0.87636614,3.5876658,8.314607,0.0,1.5727603,2.665210485458374,4.067886829376221,1.6381800174713137,0.1954149156808853,3.608271,8.314607,0.0,1.5840943,control,0.32355003257401704,0.0
A549,4,ALM,3,1,6,2,0.1121968999505043,0.0251473560929298,0.3130144774913788,0.0072989915497601,0.272765189409256,0.0047785947099328,0.4739964604377746,0.0661369413137435,0.3284565806388855,0.360442966222763,1.0288430452346802,0.98326415,0.9843336,1261,52482,53743,0.7830126,0.1271021217107772,0.5143753,0.9881418347358704,0.9107252,1.1023719,6.765462,0.0,2.3962634,2.67977237701416,5.2582688331604,0.0,0.4462534487247467,1.0644721,6.765462,0.0,2.381896,ALM,0.2550246264240359,0.06900581032407271
A549,4,ALM,3,1,6,3,0.0791146159172058,0.0133346151560544,0.2156054973602295,0.0069117005914449,0.1364688724279403,0.0026675164699554,0.2871886193752289,0.0,0.1784943789243698,0.2027749568223953,1.114201545715332,1.3420314,1.3369778,1646,72561,74207,0.8751469,0.1850074529647827,0.5270518,0.9788452982902528,0.9024081,1.1143411,8.461692,0.0,2.498826,2.1362669467926025,4.3511176109313965,0.0,0.2295572608709335,1.0911596,8.461692,0.0,2.5260751,ALM,0.2033011030044364,0.0997747631040721
A549,4,ALM,3,1,6,4,0.4428169727325439,0.0119836265221238,0.4429747760295868,0.0119179878383874,0.3205180764198303,0.000370321504306,0.3618230521678924,0.2764984965324402,0.3353243470191955,0.3462724685668945,0.6127973794937134,0.8534805,0.8436805,1600,37695,39295,0.81192744,0.2818987071514129,0.50319207,0.9880101084709167,0.8975765,4.594272,10.216671,0.0,1.7247144,3.8532776832580566,4.867048263549805,2.7236366271972656,0.1321647316217422,4.6257234,10.216671,0.0,1.7680154,control,0.3532677739961203,0.0
A549,4,ALM,4,1,6,1,0.2498183101415634,0.0212982036173343,0.286106675863266,0.0140096135437488,0.1679988354444503,0.0024202719796448,0.3223090171813965,0.0211224723607301,0.2082257568836212,0.2304532974958419,1.0872807502746582,2.161497,2.1430728,972,55699,56671,0.6036423,-0.404108346,0.23017107,0.9244067072868348,0.8601491,2.9542546,9.048231,0.0,2.86152,1.7339285612106323,3.144361019134521,0.6078580021858215,0.2657246887683868,2.9755502,9.048231,0.0,2.8803773,ALM,0.16501195674738867,0.11718536864424722
A549,4,ALM,4,1,6,2,0.1391923278570175,0.0101146129891276,0.1690031886100769,0.0072427308186888,0.0823433771729469,0.0016437842277809,0.2126518636941909,0.0,0.1139212921261787,0.1354049742221832,0.8685178756713867,2.7022066,2.6666827,1397,70714,72111,0.9012204,-0.157428026,0.24158606,0.9221639037132264,0.8433665,1.7395916,7.9781857,0.0,1.4702435,0.636620819568634,1.7028542757034302,0.2239317297935485,0.0900525748729705,1.7613811,7.9781857,0.0,1.4730017,ALM,0.060584991500342106,0.11249290995549799
A549,4,ALM,4,1,6,3,0.0934700816869735,0.0045687113888561,0.1194948554039001,0.0027309467550367,0.0820195078849792,0.0008966972818598,0.1716268807649612,0.0108218537643551,0.1058990731835365,0.1211480274796485,1.2413997650146484,1.9668058,1.957421,539,41124,41663,0.9328979,0.4196490049362182,0.74398565,0.9717482328414916,0.94965196,1.0575231,3.6580656,0.0,0.40805626,0.7607413530349731,1.2249866724014282,0.3990515470504761,0.0225233323872089,1.0614129,3.6580656,0.0,0.41193968,ALM,0.07239711142154014,0.11984579131830221
A549,4,ALM,4,1,6,4,0.234698012471199,0.0152904205024242,0.255049467086792,0.0114256683737039,0.1399809271097183,0.0009224186069332,0.2361908257007599,0.0361154489219188,0.1641937345266342,0.1803407520055771,0.6937803030014038,1.7974591,1.7901505,600,90007,90607,0.90818816,0.7066677808761597,0.3164426,0.9911778569221495,0.8401503,4.223904,14.113953,0.0,5.190722,1.8392642736434937,2.8580191135406494,1.3763389587402344,0.0651221722364425,4.2398,14.113953,0.0,5.18673,ALM,0.17503639051748054,0.11319891267699278
A549,4,ALM,4,1,6,5,0.4306843876838684,0.0032655352260917,0.4306843876838684,0.0032655352260917,0.3541739583015442,0.0004644891887437,0.4086372554302215,0.2897250354290008,0.3718231618404388,0.3809107840061188,1.1100248098373413,1.602907,1.5962361,615,44824,45439,0.93173647,0.5777468681335449,0.6811437,0.9918975830078124,0.9648562,3.4914083,5.665304,2.0533662,0.2374141,2.8360934257507324,3.477998971939087,2.151356935501098,0.0504564568400383,3.5003989,5.665304,2.0533662,0.23400645,control,0.32895781820093895,0.0
A549,4,ALM,4,1,6,6,0.5079101324081421,0.005845368374139,0.5083593726158142,0.0056221550330519,,,,,,,1.101958990097046,1.821341,1.8059063,874,39861,40735,0.9510315,0.0336000807583332,0.6737018,0.9819806218147278,0.9541545,4.6925507,8.3315325,0.0,0.49195147,3.588090419769287,4.646830081939697,2.6683921813964844,0.1524483263492584,4.7167673,8.3315325,0.0,0.47206318,,,
A549,4,ALM,4,1,6,7,0.3264940083026886,0.0117214880883693,0.3269745707511902,0.0115816202014684,0.2473677545785904,0.0012514314148575,0.3829461932182312,0.1257604658603668,0.2752232849597931,0.2909307479858398,0.7554588913917542,1.3796166,1.3663793,2511,115888,118399,0.7182806,0.564338743686676,0.09498355,0.9737637639045716,0.8712141,3.7897794,9.998528,0.0,1.9556917,2.6968250274658203,4.127148151397705,1.2088128328323364,0.2592783570289612,3.8134608,9.998528,0.0,1.9660053,ALM,0.2566474679191855,0.0679407333609845
A549,4,ALM,5,1,6,1,0.1085968017578125,0.0156778004020452,0.2129884213209152,0.0085143093019723,0.1130663529038429,0.0022760780993849,0.2491169571876526,0.0,0.1510960310697555,0.1758287698030471,0.8168859481811523,1.7046771,1.6893833,1054,60129,61183,0.94352674,-0.095078021,0.42683986,0.957207202911377,0.8809128,0.87326247,4.7726564,0.0,1.000634,0.7183722853660583,1.6682672500610352,0.3517105281352997,0.0677734985947609,0.8759776,4.7726564,0.0,1.0165578,ALM,0.06836499446008427,0.11764709210514913
A549,4,ALM,5,1,6,2,0.2130983769893646,0.0103593412786722,0.2341534793376922,0.0064527629874646,0.1189571693539619,0.0012704179389402,0.2562239468097687,0.0370059087872505,0.1474459320306778,0.1664614081382751,1.1174808740615845,2.6415718,2.6166887,908,54707,55615,0.9919378,0.354555070400238,0.5384915,0.9627037644386292,0.8982803,1.579168,4.8888335,0.0,0.58930314,0.7637163996696472,1.4858185052871704,0.4185688495635986,0.0426638461649417,1.5927023,4.8888335,0.0,0.5871562,ALM,0.07268023627315429,0.11998893013240342
A549,4,ALM,5,1,6,3,0.2134058475494384,0.0131422374397516,0.2278298288583755,0.0107442960143089,0.1230046674609184,0.0011412632884457,0.2436383217573166,0.0134242353960871,0.1493598818778991,0.1665531694889068,0.6521754860877991,1.748348,1.7239604,1400,61527,62927,0.5353955,0.5046390295028687,0.20278351,0.9834905862808228,0.8328294,1.6425446,6.224779,0.0,0.89045227,0.7445529699325562,1.1869094371795654,0.3973718583583832,0.014820922166109,1.6629771,6.224779,0.0,0.8916103,ALM,0.0708565192471768,0.11904143880106736
A549,4,ALM,5,1,6,4,0.0435557328164577,0.0078979674726724,0.1865953505039215,0.0071448381058871,0.0708324611186981,0.0015865596942603,0.1978311836719513,0.0,0.1032436788082122,0.1229396685957908,0.509763777256012,1.0521947,1.0417851,1931,98692,100623,0.13822079,0.313500702381134,0.091438554,0.9735828638076782,0.8415468,0.404228,6.2840643,0.0,0.74307114,0.7171522974967957,1.8908371925354004,0.0,0.1013234704732894,0.39810538,6.2840643,0.0,0.75367385,ALM,0.06824889245333576,0.1175792278039482
A549,4,ALM,6,1,6,1,0.1807575076818466,0.0069263614714145,0.1857091039419174,0.0061965459026396,0.1471302956342697,0.0008552141371183,0.2545277774333954,0.0511393919587135,0.1694403439760208,0.1830071657896042,1.835761785507202,2.5669532,2.5543873,961,54958,55919,0.8261434,-0.090932839,0.6620575,0.941679835319519,0.9099759,1.9630582,7.447716,0.0,0.836776,1.4979239702224731,2.191413640975952,0.5046706199645996,0.0898778215050697,1.9711916,7.447716,0.0,0.8459869,ALM,0.1425522198057855,0.1242684131123227
A549,4,ALM,6,1,6,2,0.1009601503610611,0.0133977085351943,0.2005881071090698,0.0066344495862722,0.124880701303482,0.0026424501556903,0.3083610236644745,0.0,0.1656560152769088,0.1921491771936416,0.7291327714920044,1.4502947,1.433352,948,39403,40351,0.82954407,0.166939377784729,0.1287762,0.9785456657409668,0.88028926,1.1118478,6.2638016,0.0,1.5301944,1.1941144466400146,2.1491634845733643,0.0,0.0967920199036598,1.1098685,6.2638016,0.0,1.5645132,ALM,0.11363972301305086,0.1285164422574736
A549,4,ALM,6,1,6,3,0.1804648637771606,0.0310867521911859,0.3229398429393768,0.0096185458824038,0.1689386814832687,0.0014186582993716,0.2870474755764007,0.0701315701007843,0.1987908631563186,0.2189027070999145,1.3279777765274048,1.8502363,1.8415598,1038,61441,62479,0.97151023,-0.220723465,0.5971715,0.9668707847595216,0.9347747,3.1511002,12.245818,0.0,9.018519,3.6588828563690186,6.777928829193115,1.9092544317245483,0.8359169363975525,3.1425216,12.245818,0.0,9.152328,ALM,0.34820316888798486,0.0012392070989664106
A549,4,ALM,6,1,6,4,0.1790914386510849,0.0092366887256503,0.1998680830001831,0.0061556622385978,0.11212670058012,0.0015882063889876,0.2407455593347549,0.0,0.1438525915145874,0.1629974842071533,0.95645672082901,1.60543,1.5905788,1384,59095,60479,0.9189076,0.2038056552410125,0.38921124,0.9728643298149108,0.91004825,1.6980937,5.4591637,0.0,0.8490532,1.0894768238067627,1.89362108707428,0.5167660713195801,0.0545316934585571,1.7123473,5.4591637,0.0,0.85878235,ALM,0.10368172400468649,0.12831897461260572
A549,4,ALM,6,1,6,5,0.1395594030618667,0.0240336135029792,0.2762865424156189,0.0098036127164959,0.1663412898778915,0.006322065833956,0.4880301654338836,0.0,0.228602185845375,0.2738515436649322,0.8566641211509705,1.5634624,1.5528542,937,61494,62431,0.7408901,0.0583909600973129,0.2124684,0.9536405801773072,0.8986286,1.3866619,6.902428,0.0,2.236613,1.658533811569214,3.9165310859680176,0.0,0.290076196193695,1.3825195,6.902428,0.0,2.2651293,ALM,0.15783690037821305,0.11974490532095214
A549,4,ALM,7,1,6,1,0.2911589443683624,0.025150628760457,0.3365703821182251,0.0137891732156276,0.1766161322593689,0.0017116630915552,0.3299026191234588,0.0113469576463103,0.2088070511817932,0.2287723571062088,1.079080581665039,2.9355733,2.9068558,717,45634,46351,0.7870358,0.2458412647247314,0.21624175,0.9676556587219238,0.8661063,3.8092484,10.689774,0.0,4.324632,2.119466781616211,3.5707876682281494,1.1085669994354248,0.1745949834585189,3.8357975,10.689774,0.0,4.344269,ALM,0.2017022896556903,0.10060951371497792
A549,4,ALM,7,1,6,2,0.3242091834545135,0.0498270504176616,0.45790696144104,0.0091536482796072,,,,,,,1.019582748413086,1.6001776,1.585231,444,16803,17247,0.751808,-0.206057474,0.33886674,0.9487025141716005,0.9292871,4.0516086,9.526459,0.0,7.678076,4.29791259765625,6.75152587890625,2.582369327545166,0.779531717300415,4.0451,9.526459,0.0,7.8587074,,,
A549,4,ALM,7,1,6,3,0.2756161987781524,0.0092928307130932,0.2758095562458038,0.0092460177838802,0.1702533960342407,0.0013298162957653,0.2821884751319885,0.0660071521997451,0.199882686138153,0.2170415222644806,1.166606068611145,2.59729,2.5461342,1377,37134,38511,0.79810673,-0.224379227,0.23489927,0.938368022441864,0.8608093,3.683873,11.746219,0.0,2.6280282,2.21323823928833,4.412365913391113,1.118554949760437,0.4751217663288116,3.738405,11.746219,0.0,2.6246886,ALM,0.21062619347946016,0.09584812890379207
A549,4,ALM,8,1,6,1,0.2353122532367706,0.0124405911192297,0.2464283257722854,0.0102889686822891,0.1414297223091125,0.0029181418940424,0.2968838214874267,0.0,0.1839664131402969,0.2126507610082626,1.243802189826965,2.5891454,2.5734723,836,70923,71759,0.64017355,-0.226044267,0.073649876,0.91484272480011,0.8541149,3.4294295,10.564521,0.0,2.769781,1.8547096252441408,3.472893238067627,0.6511451005935669,0.4120092093944549,3.4479911,10.564521,0.0,2.7679987,ALM,0.17650627096543553,0.11257692102594224
A549,4,ALM,8,1,6,2,0.1965932846069336,0.0055682426318526,0.1989351212978363,0.0051686987280845,0.136065661907196,0.0004813613777514,0.2042252868413925,0.0741747841238975,0.1536545157432556,0.1636771559715271,0.7550990581512451,1.3286345,1.3186289,1150,64769,65919,0.81867164,0.6651699542999268,0.340038,0.9895588755607604,0.89994884,2.3669677,6.609401,0.0,0.878244,1.497950792312622,2.360224723815918,1.016882300376892,0.047816913574934,2.3823972,6.609401,0.0,0.8793418,ALM,0.14255477237091335,0.12426777320985055
A549,4,ALM,8,1,6,3,0.1630987375974655,0.0088429441675543,0.1879758536815643,0.005515441764146,0.1338337063789367,0.0027691593859344,0.2999537885189056,0.0092830834910273,0.175130233168602,0.2052463740110397,1.5708495378494265,1.9562321,1.9476371,729,31958,32687,0.9065343,0.2818532586097717,0.6462487,0.9449280500411988,0.93165225,2.040633,5.9492044,0.0,1.0500169,1.7445961236953735,3.4469480514526367,0.8414299488067627,0.3064236640930176,2.047386,5.9492044,0.0,1.064934,ALM,0.1660271516053032,0.11680274356975393
A549,4,ALM,8,1,6,4,0.1860965192317962,0.0073405285365879,0.1911154836416244,0.0065792938694357,0.1070796027779579,0.0016797423595562,0.2424908280372619,0.0,0.1388098895549774,0.1610095053911209,0.9517828822135924,2.1464605,2.125352,1098,61045,62143,0.7508318,-0.112742804,0.18625152,0.9455934166908264,0.8565587,2.8759665,9.262407,0.0,1.9552826,1.4555022716522217,3.247849941253662,0.7501125335693359,0.2698510587215423,2.9015157,9.262407,0.0,1.948653,ALM,0.1385150941443121,0.1252281855159815
A549,4,ALM,8,1,6,5,0.1821004599332809,0.0054734824225306,0.1827493160963058,0.005374405067414,0.1289886236190796,0.0010689664632081,0.2275298833847046,0.0149839725345373,0.1551454216241836,0.1685566157102584,0.5628320574760437,1.0870218,1.0581486,2420,41515,43935,0.440756,0.0996007695794105,0.006507721,0.9607675075531006,0.8362126,3.552298,10.309341,0.0,3.090685,2.406442880630493,4.342862129211426,1.3057035207748413,0.2906831502914428,3.6190903,10.309341,0.0,3.1729033,ALM,0.22901280791892029,0.08531536030585388
A549,4,ALM,8,1,6,6,0.1712331622838974,0.0223568249493837,0.271427720785141,0.0082430122420191,0.2007746249437332,0.0025595584884285,0.3644392192363739,0.0182962678372859,0.2410341054201126,0.2656393349170685,1.0079439878463743,1.6075172,1.5999211,495,38576,39071,0.7810754,-0.25173223,0.23221454,0.9840261340141296,0.90928274,2.00863,8.90705,0.0,3.002952,2.18483567237854,3.327434539794922,1.346272110939026,0.1410631835460662,2.006369,8.90705,0.0,3.0392704,ALM,0.20792321986954349,0.09731618914843754
A549,4,ALM,9,1,6,1,0.1443539559841156,0.0382747985422611,0.3895177841186523,0.0077832164242863,,,,,,,0.9027668237686156,1.0984032,1.0956242,400,27759,28159,0.69917095,-0.134514898,0.22397284,0.973063826560974,0.9106611,2.109547,11.1429825,0.0,8.082414,5.212058067321777,7.886537075042725,3.3143303394317627,0.6660119891166687,2.0648422,11.1429825,0.0,8.048582,,,
A549,4,ALM,9,1,6,2,0.3187406957149505,0.0598111934959888,0.4938662350177765,0.0061846445314586,,,,,,,1.0614222288131714,1.4976391,1.4919529,200,15143,15343,0.8250587,0.1088055148720741,0.5005665,0.993656575679779,0.93691593,3.7252333,10.13642,0.0,8.291257,4.414912700653076,5.716145992279053,3.599689483642578,0.1334539651870727,3.7161248,10.13642,0.0,8.392629,,,
A549,4,ALM,9,1,6,3,0.2844341695308685,0.0077709057368338,0.2884839475154876,0.0067132441326975,0.2098894268274307,0.0013949266867712,0.3487712144851684,0.1106355264782905,0.2397106140851974,0.2590888440608978,1.2257038354873655,1.4415932,1.4346007,1735,51832,53567,0.7961826,-0.066567019,0.6444155,0.9406687021255492,0.92272943,3.4821284,8.724616,0.0,1.4344804,3.0616955757141118,5.591576099395752,1.4937944412231443,0.7083829045295715,3.496201,8.724616,0.0,1.4526705,ALM,0.2913709302767729,0.044029404485201484
A549,4,ALM,9,1,6,4,0.1093478575348854,0.0233895294368267,0.3035027384757995,0.0059927534312009,,,,,,,0.7205325365066528,5.4673696,5.4491577,200,51927,52127,0.83417976,0.1370630860328674,0.12943298,0.9955039024353028,0.72405964,0.43233347,4.7216325,0.0,0.5688949,0.2503714859485626,0.3102802634239197,0.1930667608976364,0.0004559762892313,0.4330343,4.7216325,0.0,0.57095623,,,
A549,4,ALM,9,1,6,5,0.0662154182791709,0.0124352741986513,0.2276158928871154,0.0060090171173214,0.1435185521841049,0.0031937453895807,0.2897905707359314,0.0,0.1881573945283889,0.2174117118120193,0.9318488836288452,1.4609448,1.4581758,191,36304,36495,0.88467616,0.2866714596748352,0.397999,0.9915756583213806,0.9538118,0.7188844,4.6566615,0.0,1.3468982,1.4828705787658691,2.327439069747925,0.0,0.0644137561321258,0.714865,4.6566615,0.0,1.3505585,ALM,0.14111964084289885,0.12462102649899526
A549,6,ALM,0,1,6,1,0.1309571266174316,0.0035409536212682,0.1361384391784668,0.0029756757430732,0.1053751707077026,0.000883420696482,0.2069678902626037,0.0011893719201907,0.1289742141962051,0.1428446173667907,1.2290260791778564,1.530012,1.5246192,1692,92739,94431,0.93571997,-0.145751104,0.76936185,0.9757578372955322,0.9678571,0.9642341,3.6883242,0.0,0.12366826,0.7162029147148132,1.0999300479888916,0.3397096991539001,0.0169939454644918,0.96875936,3.6883242,0.0,0.12447162,ALM,0.06815854299254379,0.11752623549714322
A549,6,ALM,0,1,6,2,0.0962088033556938,0.0072284745983779,0.1222774684429168,0.0059994868934154,0.0624337904155254,0.0005700811161659,0.1318959295749664,0.0072386274114251,0.0815413296222686,0.0909501165151596,1.1837078332901,3.5913665,3.5619376,1147,92692,93839,0.94372094,-0.015644826,0.35735124,0.9624345898628236,0.8180344,0.7686489,6.136102,0.0,0.72418463,0.3691251575946808,0.7972484230995178,0.1764588057994842,0.012463497929275,0.77359265,6.136102,0.0,0.73099196,ALM,0.03512835874671732,0.08483244025731834
A549,6,ALM,0,1,6,3,0.1739146411418914,0.0226806160062551,0.267824113368988,0.0097763445228338,0.1698438823223114,0.0026065125130116,0.344044417142868,0.0,0.2105330526828766,0.2355788499116897,0.7308220863342285,1.2777709,1.2693199,1200,76463,77663,0.7052611,0.5299118757247925,0.27404395,0.986666202545166,0.8646287,2.4050374,10.440022,0.0,4.461302,2.2616915702819824,3.844380617141724,1.4357281923294067,0.1326119601726532,2.4072871,10.440022,0.0,4.5289073,ALM,0.2152373286421505,0.0932940523979987
A549,6,ALM,1,1,6,1,0.3226997554302215,0.0271452032029628,0.3668998181819916,0.0146462833508849,0.1948348730802536,0.0014954396756365,0.272905558347702,0.1194801405072212,0.2256228625774383,0.2507206797599792,0.8050108551979065,1.5656983,1.5550382,600,42215,42815,0.6141934,-0.213141724,0.13252999,0.9765017032623292,0.8725699,5.621936,14.831852,0.0,8.386611,3.8925817012786874,5.652327060699463,2.46549654006958,0.400632232427597,5.646515,14.831852,0.0,8.457004,control,0.3540042737026513,0.0
A549,6,ALM,1,1,6,2,0.1537972539663314,0.0159283485263586,0.2263471037149429,0.0070206797681748,0.1342307776212692,0.0021122645121067,0.280483216047287,0.0077691068872809,0.170342817902565,0.1940051764249801,0.9913525581359864,1.4523827,1.4477826,705,69950,70655,0.81960326,-0.017610792,0.4179383,0.9773913621902466,0.9312106,1.3560457,4.945726,0.0,1.1205885,1.208298921585083,2.1710400581359863,0.6889347434043884,0.0867740958929061,1.3575348,4.945726,0.0,1.1307857,ALM,0.11498961021052907,0.12846913678919636
A549,6,ALM,1,1,6,3,0.4760967493057251,0.0319556295871734,0.4841904938220978,0.0285799857228994,0.166243314743042,0.0029075630009174,0.3728001415729522,0.0385840460658073,0.2067691683769226,0.2376110106706619,0.7209668159484863,0.79904246,0.79717845,2325,95066,97391,0.7061315,0.2408394515514373,0.6755103,0.8954566121101379,0.87569326,5.720027,17.582409,0.0,4.5906544,5.265296459197998,8.627747535705566,1.2915761470794678,3.3273184299468994,5.7311473,17.582409,0.0,4.61637,control,0.37392978367313834,0.0
A549,6,ALM,1,1,6,4,0.13355553150177,0.0176428519189357,0.2252700626850128,0.0090979179367423,0.0824376866221427,0.0015842503635212,0.2170131951570511,0.0,0.1143778413534164,0.1336544007062912,1.395756721496582,1.8910198,1.881672,1381,71786,73167,0.8942016,-0.321460128,0.39710125,0.9387994408607484,0.92783946,3.5416667,14.922876,0.0,10.564316,3.783046245574951,7.436193466186523,1.344806432723999,1.6810362339019775,3.5370233,14.922876,0.0,10.734064,control,0.35192160156119373,0.0
A549,6,ALM,10,1,6,1,0.5904290676116943,0.0314700864255428,0.6144724488258362,0.0179776325821876,0.3146267235279083,0.0005484340945258,0.3804824352264404,0.2525916695594787,0.3334197402000427,0.3439200818538666,0.7825325131416321,2.0572934,2.0332801,1321,68806,70127,0.6643922,0.2761853039264679,0.18587232,0.965879499912262,0.80171484,5.5488205,11.295824,0.0,2.5870416,3.745903730392456,6.2308502197265625,2.381498336791992,0.520261824131012,5.5834336,11.295824,0.0,2.563118,control,0.3511935591820199,0.0
A549,6,ALM,10,1,6,2,0.6633603572845459,0.014720001257956,0.6637174487113953,0.0144909117370843,,,,,,,0.5868641138076782,0.86612046,0.86121434,1600,89471,91071,0.77070934,0.5178368091583252,0.5596783,0.959084451198578,0.9052923,7.2148185,11.183689,0.0,1.8201429,6.507125377655029,8.12678050994873,3.540651321411133,1.10283100605011,7.227474,11.183689,0.0,1.8238541,,,
A549,6,ALM,10,1,6,3,0.0897641330957412,0.013419116847217,0.2025831490755081,0.0074295485392212,0.1458705216646194,0.0042185904458165,0.3588360548019409,0.0,0.1973475217819214,0.2317664474248886,0.8218159079551697,1.1823169,1.1766483,986,61717,62703,0.6279459,0.2911959588527679,0.32698622,0.9759795665740968,0.93001807,1.6941394,8.857545,0.0,3.996009,2.7873871326446533,4.642818927764893,1.4657062292099,0.3415857851505279,1.6766738,8.857545,0.0,4.0349917,ALM,0.26526594881685767,0.062200225822206634
A549,6,ALM,10,1,6,4,0.5309265851974487,0.0122172953560948,0.5403304100036621,0.0073525160551071,,,,,,,1.317882776260376,1.6829125,1.6802537,303,41296,41599,0.9179299,-0.473104566,0.5317304,0.9812243580818176,0.953797,7.400082,13.318918,0.0,2.2593875,6.410290718078613,8.278356552124023,4.2588090896606445,0.6238194108009338,7.4073434,13.318918,0.0,2.2641473,,,
A549,6,ALM,10,1,6,5,0.3281193077564239,0.0292972866445779,0.3815929889678955,0.0136666754260659,0.1325817853212356,0.0010332075180485,0.2151956409215927,0.0717037916183471,0.1597644388675689,0.1723847836256027,0.9854426980018616,1.7778127,1.7672651,994,73677,74671,0.72712207,-0.163387269,0.3096559,0.9335543513298036,0.8907008,5.90664,17.331331,0.0,9.370323,4.275135040283203,7.147861480712891,1.8417515754699707,1.210323452949524,5.928651,17.331331,0.0,9.4440155,control,0.36059949212893744,0.0
A549,6,ALM,10,1,6,6,0.3877429962158203,0.022461911663413,0.4067309498786926,0.0158388782292604,,,,,,,1.2684952020645142,2.112189,2.1037276,513,50638,51151,0.8096097,-0.446884573,0.18995947,0.964186668395996,0.89671713,9.307152,21.608503,0.0,10.819979,6.948186874389648,9.65148639678955,4.107637882232666,1.5753676891326904,9.331049,21.608503,0.0,10.856689,,,
A549,6,ALM,10,1,6,7,0.1561741083860397,0.0240429267287254,0.2759742438793182,0.0094243418425321,0.1235472783446312,0.0037896917201578,0.3449399173259735,0.0,0.1719375252723693,0.204321876168251,1.3626253604888916,2.0300884,2.0178,1494,79657,81151,0.75674623,-0.063054986,0.49727145,0.9207690358161926,0.92219007,2.291295,10.02231,0.0,4.7309785,2.596278429031372,5.719171524047852,0.0,0.8865855932235718,2.285575,10.02231,0.0,4.8013034,ALM,0.2470787974888547,0.07414433432508882
A549,6,ALM,10,1,6,8,0.3057218492031097,0.0350829139351844,0.3671853840351105,0.0195676144212484,0.1084902808070182,0.0011395307956263,0.2201496511697769,0.025512209162116,0.1354708224534988,0.1533727794885635,0.82474285364151,1.8852715,1.8708588,1132,82163,83295,0.57567674,-0.057002611,0.303661,0.935797154903412,0.8420015,8.000138,31.971474,0.0,22.142395,4.573086261749268,11.54222011566162,2.137810468673706,3.205293655395508,8.047355,31.971474,0.0,22.239256,control,0.3651089535740884,0.0
A549,6,ALM,11,1,6,1,0.3097954988479614,0.0750136598944664,0.5321066975593567,0.0105506591498851,0.2861011624336242,0.0021121427416801,0.3855512142181396,0.2012268900871276,0.3243122100830078,0.3496130108833313,1.2165234088897705,2.3727033,2.3593984,466,40029,40495,0.9117464,0.2958233058452606,0.37033856,0.974420726299286,0.93374646,3.6905956,11.860293,0.0,10.8061285,3.97870683670044,5.966391563415527,2.049856185913086,0.6639829277992249,3.6872416,11.860293,0.0,10.923217,control,0.3555774744057801,0.0
A549,6,ALM,11,1,6,2,0.1764328628778457,0.0065163453109562,0.1812721788883209,0.0058178505860269,0.115749180316925,0.001401477609761,0.2171839326620102,0.0157391782850027,0.1460648328065872,0.1636566668748855,0.7824012041091919,1.3019795,1.2901492,800,34335,35135,0.88570917,0.1909513175487518,0.2775111,0.9861136078834534,0.9134151,2.0520508,7.1006165,0.0,0.5899521,1.417783498764038,2.2097487449646,0.9037631154060364,0.0386927984654903,2.0668285,7.1006165,0.0,0.59320444,ALM,0.13492552957998893,0.12599086169904095
A549,6,ALM,11,1,6,3,0.2360523790121078,0.0837990120053291,0.5745103359222412,0.0095045920461416,0.3025029897689819,0.0058262031525373,0.4655180275440216,0.1329272389411926,0.3651378452777862,0.4009568095207214,0.8147440552711487,1.7519199,1.7413753,647,56856,57503,0.8315628,0.7061530351638794,0.28119412,0.949126660823822,0.92722476,2.762054,11.427652,0.0,11.561381,4.64779806137085,7.691664695739746,0.0,2.3188905715942383,2.7405956,11.427652,0.0,11.625629,control,0.36616509755280946,0.0
A549,6,ALM,11,1,6,4,0.2358854860067367,0.0098375910893082,0.2359478324651718,0.0098254764452576,0.1498302072286605,0.0010822311742231,0.3128601312637329,0.0558271370828151,0.1753199398517608,0.1937992572784423,0.7797863483428955,1.8397785,1.8041185,1400,40215,41615,0.5760556,0.3821790218353271,0.25157404,0.978011965751648,0.83017075,2.1540325,6.4567666,0.5842272,0.96134216,1.3029793500900269,2.202270746231079,0.8498706221580505,0.0570267252624034,2.1836593,6.4567666,0.5842272,0.9667314,ALM,0.12400001763029828,0.12774236839749786
A549,6,ALM,11,1,6,5,0.1509806513786316,0.0100603178143501,0.1807386428117752,0.0066647659987211,0.087395004928112,0.0019341476727277,0.2237964272499084,0.0,0.1229362189769744,0.1447271108627319,1.247112512588501,1.9369209,1.924494,1195,65139,66334,0.8496493,0.0127825289964675,0.60412014,0.9612805843353271,0.92223644,2.6814237,10.413533,0.0,2.6004262,1.8999289274215696,3.428940773010254,0.891716480255127,0.2716977596282959,2.69576,10.413533,0.0,2.6317368,ALM,0.18080963484211057,0.11070398882963764
A549,6,ALM,12,1,6,1,0.2673898339271545,0.0206142105162143,0.2859935760498047,0.0167279038578271,0.150776520371437,0.001843943609856,0.3311332762241363,0.0347971580922603,0.1831900030374527,0.207704871892929,0.736307680606842,1.6061128,1.5924885,1837,115441,117278,0.6929115,0.555169939994812,0.34111863,0.9709284901618958,0.85192776,2.8886828,9.651501,0.0,2.4877179,1.4494117498397827,3.1204466819763184,0.6628509163856506,0.1583678871393203,2.911585,9.651501,0.0,2.491296,ALM,0.13793548034454778,0.12535723040630525
A549,6,ALM,12,1,6,2,0.291189432144165,0.0220711510628461,0.3455029726028442,0.0074224462732672,0.2702277302742004,0.0029140217229723,0.382940411567688,0.1391200125217437,0.3152456283569336,0.3402220904827118,1.3567523956298828,1.5175298,1.5159633,548,55691,56239,0.89329493,0.5209243893623352,0.78864986,0.9806501865386964,0.9665045,2.757841,7.165019,0.0,1.7793925,2.64581298828125,4.126601696014404,1.6650724411010742,0.2147303223609924,2.7589436,7.165019,0.0,1.7946638,ALM,0.25179282938803216,0.07111130919486292
A549,6,ALM,12,1,6,3,0.3310649693012237,0.0136418379843235,0.3511721789836883,0.0074092661961913,0.1939888149499893,0.0020216426346451,0.3531182110309601,0.093739815056324,0.2305297404527664,0.2559523284435272,1.0607091188430786,1.9110543,1.8987783,917,62602,63519,0.96019536,0.0381520763039588,0.6297338,0.9541207551956176,0.9282814,3.342715,8.789971,0.0,1.4869459,2.195422410964966,3.772340774536133,1.2597202062606812,0.3577357232570648,3.3595204,8.789971,0.0,1.4839233,ALM,0.20893072299787277,0.0967715525081532
A549,6,ALM,12,1,6,4,0.2039908170700073,0.0449731275439262,0.4015350937843323,0.0092040486633777,0.2105059176683426,0.003482281928882,0.336330771446228,0.1113683655858039,0.264136254787445,0.2853443622589111,1.096579670906067,1.2806807,1.2777742,1001,62406,63407,0.7664501,-0.27708143,0.53203523,0.970590114593506,0.9315811,2.4756172,9.641901,0.0,6.605377,4.030875205993652,6.89606237411499,2.0365476608276367,0.7932234406471252,2.4506712,9.641901,0.0,6.659184,control,0.35650421037117097,0.0
A549,6,ALM,12,1,6,5,0.1958862841129303,0.0060082213021814,0.1969863176345825,0.005825272295624,0.0902650952339172,0.0008029432501643,0.1788846105337143,0.0024128982331603,0.1126290038228035,0.127916544675827,1.1100175380706787,2.801052,2.7784126,923,68020,68943,0.9855811,-0.294704378,0.31077313,0.9771041870117188,0.8705024,2.0953846,6.440845,0.0,0.6535688,0.9633237719535828,1.5471657514572144,0.613533079624176,0.0396718941628932,2.1107461,6.440845,0.0,0.64427304,ALM,0.09167617637046695,0.12664165438636682
A549,6,ALM,13,1,6,1,0.2429356426000595,0.01203587744385,0.2512039840221405,0.0103684775531291,0.1022786423563957,0.001563943689689,0.2922950387001037,0.0,0.1319178938865661,0.1542933136224746,0.6466963887214661,1.8741304,1.8446436,1883,76500,78383,0.54287696,0.2091908454895019,0.31796938,0.9505943655967712,0.84760267,2.446782,6.80613,0.0,1.0601755,0.9235454797744752,2.541128396987915,0.4906552135944366,0.0914303213357925,2.4842749,6.80613,0.0,1.0255039,ALM,0.08789061451089358,0.12574058693593804
A549,6,ALM,13,1,6,2,0.7132911086082458,0.0238835383206605,0.7290960550308228,0.0128894951194524,,,,,,,0.6585105657577515,1.3731385,1.3663601,487,50856,51343,0.2783913,-0.717845559,0.003238691,0.9095012545585632,0.84741145,6.321117,9.950388,0.0,1.9139699,5.205608367919922,6.5470733642578125,3.440313577651977,0.485121339559555,6.331799,9.950388,0.0,1.9156224,,,
A549,6,ALM,13,1,6,3,0.4790330827236175,0.0514161735773086,0.5690314769744873,0.0098640639334917,0.2882272601127624,0.0011183685855939,0.3552447259426117,0.2176848202943802,0.3161660730838775,0.3335193395614624,0.8296183943748474,1.0573593,1.0518329,1143,45960,47103,0.8032697,-0.395087123,0.4301408,0.9251841902732848,0.92893606,4.013486,7.9101553,0.0,3.6565228,3.790667533874512,6.049296379089356,1.7881132364273071,0.6409043669700623,4.019027,7.9101553,0.0,3.7302523,control,0.3520695930138524,0.0
A549,6,ALM,13,1,6,4,0.148427128791809,0.011190079152584,0.1862113028764724,0.0070028328336775,0.0905685350298881,0.0020826952531933,0.2797416746616363,0.0,0.1265659481287002,0.1494630426168441,1.2051206827163696,1.7983437,1.7915158,723,62092,62815,0.7506441,-0.339003444,0.29705188,0.9392568469047546,0.93840426,2.327064,7.7326765,0.0,1.8871256,1.8481602668762207,3.2888076305389404,0.8179472088813782,0.3656338453292846,2.3326402,7.7326765,0.0,1.90214,ALM,0.17588299128488408,0.11284178977516143
A549,6,ALM,13,1,6,5,0.1993347853422165,0.0028657033108174,0.1993893086910247,0.0028556147590279,0.1320272237062454,0.0010646155569702,0.2390994429588318,0.048711460083723,0.1587715148925781,0.1737765967845916,1.4679794311523438,2.3037205,2.2797742,1362,46173,47535,0.91621864,0.3001613616943359,0.7336247,0.9660420417785645,0.951622,2.2779448,4.614063,0.0,0.27872062,1.5851452350616455,2.5205328464508057,0.92295104265213,0.1097384318709373,2.2983804,4.614063,0.0,0.26912975,ALM,0.15085276453586663,0.12197776598799445
A549,6,ALM,13,1,6,6,0.315273106098175,0.0109045878052711,0.3271662592887878,0.0074249049648642,0.1914101690053939,0.0020394178573042,0.3128196895122528,0.0882674530148506,0.2278822511434555,0.2494876384735107,1.3464903831481934,1.9510636,1.939937,606,32321,32927,0.8939676,-0.215717375,0.6262015,0.957362711429596,0.9461382,4.0305862,9.64309,0.0,1.7238587,2.972832441329956,4.9158854484558105,1.5078314542770386,0.5311771035194397,4.0504174,9.64309,0.0,1.7248496,ALM,0.28291413452666564,0.050035879900615865
A549,6,ALM,13,1,6,7,0.328185886144638,0.0075906398706138,0.3299891054630279,0.0070373034104704,0.1618126183748245,0.000632423965726,0.2267304360866546,0.09356639534235,0.1817793548107147,0.1930136680603027,1.0493285655975342,2.3709583,2.3679175,128,55503,55631,0.96393657,-0.16260764,0.5879313,0.9944445490837096,0.93827313,3.27302,9.440339,0.0,0.7576142,1.748232126235962,2.095190525054932,1.3765560388565063,0.0206707008183002,3.2765367,9.440339,0.0,0.7539395,ALM,0.16637317733403453,0.11667120494000541
A549,6,ALM,13,1,6,8,0.2717333436012268,0.0405703522264957,0.3946759700775146,0.0104034133255481,0.2393222004175186,0.0045454869978129,0.4421484172344208,0.0870069190859794,0.2933702766895294,0.3305745124816894,1.2386999130249023,2.0645332,2.053062,1003,71204,72207,0.8711817,0.186573177576065,0.32228088,0.967124879360199,0.9245295,3.4800577,10.66067,0.0,6.6200213,3.4684345722198486,5.781463623046875,1.7199195623397827,0.5932436585426331,3.4802213,10.66067,0.0,6.704912,ALM,0.3300788673857965,0.015292999544816221
A549,6,ALM,13,1,6,9,0.4330277740955353,0.0143763618543744,0.4416000843048095,0.0108754215762019,,,,,,,1.2952452898025513,2.8565285,2.836619,628,48619,49247,0.99600136,0.1473815441131591,0.573041,0.9755068421363832,0.92587364,9.035792,24.892288,0.0,6.2760487,5.161072254180908,7.505526542663574,3.246206760406494,0.7119556665420532,9.085841,24.892288,0.0,6.151491,,,
A549,6,ALM,13,1,6,10,0.1981175243854522,0.0053361090831458,0.1994691789150238,0.0051029012538492,0.125886932015419,0.0036142622120678,0.2986656427383423,0.011408569291234,0.1719159483909607,0.2121455669403076,1.3387269973754885,2.2792728,2.261751,800,42143,42943,0.9449285,-0.528942645,0.6822291,0.8739172220230103,0.9207231,2.246172,4.741405,0.0,0.3379986,1.3869366645812988,3.2493109703063965,0.6235361099243164,0.5046399831771851,2.2624824,4.741405,0.0,0.32055473,ALM,0.13198994354615481,0.12654817777899788
A549,6,ALM,14,1,6,1,0.2110365927219391,0.0235200114548206,0.2867784798145294,0.0102402865886688,0.1698766499757766,0.0045865713618695,0.4274871945381164,0.0,0.2238465249538421,0.2587564289569855,0.9412747025489808,1.7497642,1.7225313,1537,44094,45631,0.5780308,0.4129282236099243,0.2501784,0.967645525932312,0.9155073,2.169596,7.4331713,0.0,2.2399387,1.754685878753662,3.9351980686187744,0.7525362968444824,0.2777969539165497,2.1840584,7.4331713,0.0,2.3021226,ALM,0.1669873585379969,0.11643633493714689
A549,6,ALM,14,1,6,2,0.283595323562622,0.1063153371214866,0.6475299000740051,0.0070900619029998,,,,,,,0.9394943714141846,1.0211471,1.020457,200,23463,23663,0.62083113,0.0318693630397319,0.39826584,0.9924632906913756,0.904788,4.854022,16.831413,0.0,31.221941,10.770988464355469,14.204150199890137,8.207545280456543,0.9449163675308228,4.803588,16.831413,0.0,31.179054,,,
A549,6,ALM,14,1,6,3,0.4546465873718261,0.0115048727020621,0.459238588809967,0.009512242861092,,,,,,,0.8318361639976501,1.1741519,1.1721051,296,49207,49503,0.8093964,0.6851080656051636,0.5110732,0.9908090233802797,0.9313112,7.185596,13.81496,0.0,2.9787157,5.843076705932617,7.989991188049316,4.60089111328125,0.4853718876838684,7.1936717,13.81496,0.0,2.982807,,,
A549,6,ALM,14,1,6,4,0.5572509169578552,0.0155086359009146,0.5589881539344788,0.014585867524147,,,,,,,0.9388176202774048,1.3292538,1.3191564,907,34164,35071,0.48758963,0.0321255475282669,0.25120705,0.9650417566299438,0.8769532,6.5127716,10.905046,0.0,1.9338655,5.777196407318115,8.528847694396973,3.829635620117188,0.6607857346534729,6.5322995,10.905046,0.0,1.9529171,,,
A549,6,ALM,14,1,6,5,0.4276093542575836,0.1106904596090316,0.6680805087089539,0.0122844344004988,,,,,,,,2.79663,2.79663,0,39583,39583,0.7293313,,0.08638093,,0.88799334,4.3546376,10.412517,0.0,11.639724,,,,,4.3546376,10.412517,0.0,11.639724,,,
A549,6,ALM,14,1,6,6,0.2520909607410431,0.0030957162380218,0.2521558105945587,0.0030801682732999,0.1113109365105629,0.0005552555667236,0.1710216999053955,0.0735920965671539,0.1304795295000076,0.1443446427583694,0.7817907929420471,1.8092138,1.8069499,60,27171,27231,0.9349479,-0.018334311,0.7366897,0.9928236603736876,0.95443606,2.2411876,4.8697824,0.0,0.20541644,1.1594732999801636,1.4085850715637207,0.9791728854179382,0.0118626030161976,2.2435763,4.8697824,0.0,0.20325433,ALM,0.11034304544386414,0.128560045407784
A549,6,ALM,14,1,6,7,0.2985192537307739,0.0179588012397289,0.2999360561370849,0.0176190827041864,0.1144819483160972,0.0008592368103563,0.2179030478000641,0.0294025707989931,0.1375318020582199,0.1525959223508834,0.5610361099243164,2.359871,2.3258197,1647,85360,87007,0.32992652,0.0420659407973289,0.06753243,0.9738039970397948,0.75490636,6.0109425,17.041723,0.0,8.535682,2.09622859954834,3.9773902893066406,1.1043002605438232,0.1959742754697799,6.086475,17.041723,0.0,8.395199,ALM,0.1994907926078568,0.10175048377103602
A549,6,ALM,14,1,6,8,0.3584840893745422,0.0361283048987388,0.4275944530963897,0.0135420970618724,0.2772263288497925,0.0035457105841487,0.4055304825305938,0.086297795176506,0.326120376586914,0.3494158387184143,1.0549167394638062,1.8302107,1.8120095,1214,50497,51711,0.7066892,0.1763980984687805,0.33631313,0.9655122756958008,0.9105091,3.2642016,7.77204,0.0,2.8851097,2.688930988311768,3.79004168510437,1.367993950843811,0.2053621858358383,3.2780318,7.77204,0.0,2.941385,ALM,0.2558962196402246,0.06843442146889361
A549,6,ALM,15,1,6,1,0.241665169596672,0.007168686017394,0.2424108237028122,0.0070100501179695,0.1297152042388916,0.001079621259123,0.2517812252044678,0.0384332723915576,0.1551505178213119,0.1748721897602081,1.0837851762771606,2.7624846,2.702895,1304,35431,36735,0.7459945,-0.007026743,0.2563975,0.9630197286605836,0.871713,2.5984735,6.0224414,0.0,0.7404134,1.3179223537445068,2.2919065952301025,0.7290147542953491,0.1013420671224594,2.6456017,6.0224414,0.0,0.70136225,ALM,0.12542209136959206,0.12756583509061845
A549,6,ALM,15,1,6,2,0.1376958489418029,0.0040843579918146,0.1417650878429412,0.0036281812936067,0.0811859518289566,0.0011967093450948,0.2187165021896362,0.0,0.107234738767147,0.1285269856452942,1.2909979820251465,2.4189098,2.397044,1009,51038,52047,0.9770054,-0.141223431,0.50653,0.9645161032676696,0.9321032,2.116685,5.7042565,0.0,0.50439745,1.2189990282058716,2.5345170497894287,0.688851535320282,0.1272192299365997,2.1344314,5.7042565,0.0,0.4956082,ALM,0.11600790218079873,0.12842243247349425
A549,6,ALM,15,1,6,3,0.5025102496147156,0.0107362307608127,0.5025102496147156,0.0107362307608127,,,,,,,1.1258820295333862,1.8988082,1.8821069,772,34955,35727,0.5316831,0.7742053866386414,0.109304935,0.9866060614585876,0.8961205,5.253235,7.524995,2.5941224,0.9108395,4.488678932189941,5.625527858734131,3.2575156688690186,0.1847801059484481,5.2701197,7.524995,2.5941224,0.9136798,,,
A549,6,ALM,15,1,6,4,0.5826999545097351,0.0090807992964982,0.5826999545097351,0.0090807992964982,,,,,,,0.6313077807426453,1.5808034,1.5755908,200,36231,36431,0.6370459,-0.024344645,-0.09391717,0.9964208006858826,0.86626655,5.9271545,9.483068,0.0,1.2154796,4.398010730743408,4.850841045379639,3.898771286010742,0.0317294336855411,5.9355955,9.483068,0.0,1.2090354,,,
A549,6,ALM,15,1,6,5,0.2946372628211975,0.0060151163488626,0.2948331236839294,0.0059613678604364,0.146479383111,0.0029718040022999,0.3241765201091766,0.0283578764647245,0.1912094950675964,0.2208855301141739,1.4791606664657593,2.8238032,2.7941062,1629,72130,73759,0.95439273,-0.081564493,0.5515886,0.9033488035202026,0.90619177,3.8010104,7.378586,0.0,0.9823958,2.31420636177063,4.045087814331055,0.971587598323822,0.6726822853088379,3.8345883,7.378586,0.0,0.9383394,ALM,0.22023497888886687,0.09045796597156072
A549,6,ALM,15,1,6,6,0.1133825555443763,0.0026501899119466,0.1154142618179321,0.0024631898850202,0.0602044649422168,0.0010643212590366,0.2078455835580825,0.0,0.0861327797174453,0.1031070128083229,1.1771258115768433,2.1654766,2.1340208,2099,63852,65951,0.98130727,0.453225702047348,0.790925,0.977494180202484,0.9442019,1.6924208,4.801426,0.0,0.23085266,0.9696692824363708,1.7730612754821775,0.527003824710846,0.0430958457291126,1.7161793,4.801426,0.0,0.21928865,ALM,0.09228005655604671,0.1267678873731268
A549,6,ALM,16,1,6,1,0.1381233185529709,0.0067496043629944,0.1588966399431228,0.0044639129191637,,,,,,,1.084932565689087,0.9027893,0.9086913,1000,29861,30861,0.9105768,0.193437248468399,0.93631524,0.9907700419425964,0.9780319,4.933369,14.1644335,0.0,3.4280133,4.376900672912598,6.157286643981934,2.983647108078003,0.2588220536708832,4.952002,14.1644335,0.0,3.5234182,,,
A549,6,ALM,16,1,6,2,0.2510736286640167,0.0074763214215636,0.2528287470340729,0.0070848404429852,0.1288424283266067,0.0012270690640434,0.2625172436237335,0.0334412902593612,0.1571333259344101,0.1741620451211929,1.5196332931518557,3.551423,3.4961097,1200,42879,44079,0.9999126,-0.477506608,0.45313054,0.9514433145523072,0.87978464,3.6496673,8.795887,0.0,1.4688033,1.8653969764709477,3.4764676094055176,0.8896117210388184,0.2524382472038269,3.6996,8.795887,0.0,1.4112562,ALM,0.17752334904917774,0.11214118561035427
A549,6,ALM,16,1,6,3,0.2704863250255584,0.0103650046512484,0.2791934609413147,0.0082676848396658,0.1683312952518463,0.0015433836961165,0.2930552065372467,0.0546290092170238,0.1994907855987548,0.2189165949821472,0.9099735617637634,1.422177,1.4114411,1160,54183,55343,0.83537793,0.0941555947065353,0.40318742,0.9630143642425536,0.9329313,4.22232,11.286172,0.0,2.2290547,2.9655914306640625,4.819543361663818,1.552195429801941,0.4336456954479217,4.2492256,11.286172,0.0,2.2329557,ALM,0.28222503270001736,0.05052047866000764
A549,6,ALM,16,1,6,4,0.3193921446800232,0.0138877425342798,0.3193921446800232,0.0138877425342798,0.1854988932609558,0.0038024040404707,0.353988379240036,0.0912973657250404,0.2359489500522613,0.2767125070095062,1.022460699081421,2.340641,2.3164196,680,36327,37007,0.21802537,-0.743804336,-0.08616656,0.8829121589660645,0.7920686,3.3394148,7.1444855,1.2263662,1.4395137,2.188135862350464,4.002175807952881,1.22636616230011,0.5349143743515015,3.3609648,7.1444855,1.4979131,1.4311719,ALM,0.20823728748287415,0.09714674006609739
A549,6,ALM,16,1,6,5,0.4227831959724426,0.0117429830133914,0.4275163412094116,0.0098509462550282,0.2233940809965133,0.0016206358559429,0.3283016383647918,0.0917938798666,0.2560271322727203,0.2765903174877167,0.7935213446617126,1.5508063,1.5386853,652,40083,40735,0.47476974,0.4495885670185089,0.22428712,0.941892147064209,0.9007623,5.233921,10.470589,0.0,2.4051895,3.6535756587982178,5.651849269866943,1.9243147373199463,0.7790154218673706,5.259627,10.470589,0.0,2.390356,ALM,0.34769810133468765,0.0016353551769420216
A549,6,ALM,16,1,6,6,0.3419142365455627,0.0112425154075026,0.3419142365455627,0.0112425154075026,0.2191091030836105,0.0018587500089779,0.35096076130867,0.1200897172093391,0.2539675831794739,0.2760229110717773,0.8248040080070496,1.8259256,1.8068136,1077,55338,56415,0.55129135,0.1518758237361908,0.21075243,0.963821828365326,0.8585451,3.1328456,6.7776184,0.9680333,1.0692189,1.966542363166809,3.13129997253418,1.2403783798217771,0.1475203484296798,3.155544,6.7776184,0.9680333,1.0601684,ALM,0.18714900407789603,0.10780996509926088
A549,6,ALM,16,1,6,7,0.3595424592494964,0.0107528017833828,0.3596556782722473,0.0107154780998826,0.2691802084445953,0.0010821494506672,0.3262433409690857,0.1909300237894058,0.2965392172336578,0.3149824440479278,1.700770616531372,2.736392,2.7339802,37,15850,15887,0.25941935,-0.029248897,-0.19508709,0.9901083707809448,0.8362619,3.354062,6.818951,0.0,0.98940337,2.8361597061157227,3.339489221572876,2.4187240600585938,0.0684386938810348,3.3552713,6.818951,0.0,0.9909256,ALM,0.2699074651769364,0.05905235707095069
A549,6,ALM,16,1,6,8,0.4952161908149719,0.0040988838300108,0.4952161908149719,0.0040988838300108,,,,,,,0.6508616209030151,0.69432503,0.6914741,1400,19943,21343,0.7958726,-0.112801231,0.7193942,0.9582946300506592,0.95581675,4.703264,7.4119773,2.9227223,0.31643388,4.539546012878418,6.270528793334961,3.216963768005371,0.3296221792697906,4.714756,7.4119773,2.9227223,0.31349453,,,
A549,6,ALM,17,1,6,1,0.5306095480918884,0.0247213747352361,0.5487172603607178,0.0156290289014577,,,,,,,1.269274353981018,1.8110152,1.8063562,258,29741,29999,0.5670891,0.1913984417915344,0.3888741,0.9782434701919556,0.8615968,5.050834,8.66113,0.0,1.833205,4.470502853393555,6.173018455505371,2.77775502204895,0.3152288794517517,5.0558686,8.66113,0.0,1.8434261,,,
A549,6,ALM,17,1,6,2,0.223013237118721,0.0091065568849444,0.2310028076171875,0.0075871907174587,0.1391370743513107,0.0017756978049874,0.2466571927070617,0.0,0.1722288727760315,0.1913889497518539,0.8096275329589844,1.4374816,1.4256788,200,10439,10639,0.6674722,-0.063155271,0.2179814,0.9822604060173036,0.9211354,2.4524658,5.540958,0.0,0.60680354,1.7340508699417114,2.3576924800872803,1.2814698219299316,0.0429106093943119,2.4662285,5.540958,0.0,0.60752934,ALM,0.16502359644437167,0.11718100963764536
A549,6,ALM,17,1,6,3,0.2497226595878601,0.0059916251339018,0.2497226595878601,0.0059916251339018,0.1572592109441757,0.0009326026774942,0.2445227652788162,0.0687260627746582,0.1818406581878662,0.1973467171192169,1.0203866958618164,2.3453524,2.3029475,1104,33391,34495,0.92256737,-0.097851694,0.2050738,0.9723942875862122,0.85995483,2.7915409,6.3347945,1.1201578,0.8299635,1.7227091789245603,2.6906661987304688,1.1285293102264404,0.0913724452257156,2.8268785,6.3347945,1.1201578,0.815364,ALM,0.16394424711624384,0.11758243838251953
A549,6,ALM,17,1,6,4,0.5223476886749268,0.0700680837035179,0.6421514749526978,0.0092064579948782,,,,,,,0.7628843188285828,1.5867339,1.579736,282,32917,33199,0.11343141,0.740486741065979,-0.16948272,0.9877010583877563,0.85803616,6.281216,13.072042,0.0,10.568923,5.979683876037598,8.35960578918457,4.497705936431885,0.3851912021636963,6.2837987,13.072042,0.0,10.655378,,,
A549,6,ALM,17,1,6,5,0.4116854071617126,0.0618881247937679,0.5407356023788452,0.0115060415118932,,,,,,,0.6313886642456055,1.5919304,1.5801749,383,30912,31295,0.31903374,0.2320834100246429,-0.038852286,0.9552190899848938,0.8645176,7.1363645,16.251095,0.0,18.750586,5.961389541625977,8.877169609069824,3.852739572525024,0.8333685994148254,7.1509213,16.251095,0.0,18.955257,,,
A549,6,ALM,2,1,6,1,0.3893449008464813,0.0142061719670891,0.4007119536399841,0.0100660100579261,0.2348255515098571,0.0008232326945289,0.3102952539920807,0.1558729708194732,0.257792055606842,0.2709117531776428,0.9825666546821594,1.7056627,1.696133,400,29951,30351,0.9099974,-0.539630353,0.41979238,0.9865311980247498,0.9337101,4.701855,10.535997,0.0,2.2033737,3.1059789657592773,4.407714844,2.197211265563965,0.1647345423698425,4.7231674,10.535997,0.0,2.1961327,ALM,0.29558522664758685,0.040996586076149644
A549,6,ALM,2,1,6,2,0.6095802783966064,0.0047316243872046,0.6097095012664795,0.0046539003960788,,,,,,,1.0618078708648682,1.1516552,1.1497523,800,36975,37775,0.89304364,0.0817590206861496,0.8465413,0.990555703639984,0.973636,8.404456,14.3768,0.0,1.1122507,7.978277683258057,9.446532249450684,6.709478378295898,0.2224674373865127,8.413677,14.3768,0.0,1.1274873,,,
A549,6,ALM,2,1,6,3,0.1899866312742233,0.0233215205371379,0.282291054725647,0.0085954936221241,0.2225166410207748,0.0032547879964113,0.4072156250476837,0.0950690135359764,0.2687086760997772,0.2964000403881073,1.0723401308059692,1.2633888,1.260654,677,46618,47295,0.8821819,0.201386883854866,0.5489048,0.9907979369163512,0.93221426,1.656623,5.4194684,0.0,1.6734747,1.809233903884888,2.657292127609253,1.248841643333435,0.0612272433936595,1.6544068,5.4194684,0.0,1.6965444,ALM,0.1721785045661382,0.1143815633284388
A549,6,ALM,2,1,6,4,0.265265017747879,0.0636673420667648,0.4855311214923858,0.0095882611349225,0.2537539005279541,0.0024852203205227,0.3571678698062897,0.159916341304779,0.2955751419067383,0.3204224407672882,1.151188611984253,1.4189235,1.4114338,1712,59487,61199,0.87520784,-0.227131426,0.53980917,0.978566586971283,0.9403668,2.9930186,9.9800825,0.0,8.032167,4.408209323883057,6.781625270843506,2.247537136077881,0.4835030436515808,2.9522908,9.9800825,0.0,8.190113,control,0.3626749595353157,0.0
A549,6,ALM,3,1,6,1,0.4864226877689361,0.0116589181125164,0.4864226877689361,0.0116589181125164,,,,,,,1.4992369413375854,2.3971555,2.3897543,247,29719,29966,0.8041907,-0.90925467,-0.09347334,0.9010536074638368,0.8466889,6.548845,11.465366,2.7683146,1.9153099,5.786869525909424,7.1063232421875,3.361363887786865,1.1803003549575806,6.555177,11.465366,2.7683146,1.9165531,,,
A549,6,ALM,3,1,6,2,0.2442315518856048,0.006972165312618,0.2443820685148239,0.0069396775215864,0.1405445337295532,0.0014037312939763,0.2851609587669372,0.0412802137434482,0.1708554178476333,0.1901663243770599,0.9781363010406494,2.2202172,2.1935463,1255,57191,58446,0.9216555,-0.623535216,0.43750829,0.9526838064193726,0.8611783,2.2841804,5.6789656,0.0,0.60644704,1.2665857076644895,2.234766721725464,0.5956140756607056,0.1007100194692611,2.3065102,5.6789656,0.0,0.5943237,ALM,0.12053656112802477,0.12810360778858568
A549,6,ALM,3,1,6,3,0.5682962536811829,0.0176695492118597,0.5703423023223877,0.0165662076324224,,,,,,,0.4713464081287384,1.670181,1.6640805,400,78207,78607,0.7619962,0.1560414433479309,0.19498931,0.9756079912185668,0.85073864,7.4056854,17.802025,0.0,2.9413197,4.000202178955078,5.55105447769165,2.584705114364624,0.3547940552234649,7.4231033,17.802025,0.0,2.8949301,,,
A549,6,ALM,3,1,6,4,0.0417721793055534,0.0044447532854974,0.1054932847619056,0.0045028245076537,0.0468066930770874,0.0013881465420126,0.1794444024562835,0.0,0.0770760774612426,0.0988106653094291,0.8047310709953308,1.7676094,1.7583147,400,41039,41439,0.9690238,0.2228375971317291,0.2658715,0.9878528118133544,0.90799594,1.2028986,7.8213954,0.0,2.5007198,1.2201370000839231,1.9791914224624636,0.7499460577964783,0.0500929579138755,1.2027307,7.8213954,0.0,2.5246024,ALM,0.11611619901062295,0.12841691443308884
A549,6,ALM,3,1,6,5,0.3566897511482239,0.0513987056910991,0.4669752120971679,0.0157901961356401,,,,,,,1.0854973793029783,1.9394989,1.9329057,556,71459,72015,0.97777504,-0.142190441,0.5539498,0.980102241039276,0.9199879,6.8005195,17.575987,0.0,17.947521,5.280714988708496,8.266742706298828,3.632325172424317,1.0305439233779907,6.812345,17.575987,0.0,18.061033,,,
A549,6,ALM,3,1,6,6,0.3658649325370788,0.0075644487515091,0.369151771068573,0.0064190621487796,0.2189717888832092,0.0009875454707071,0.3126307725906372,0.1379348337650299,0.2444801181554794,0.2601978182792663,0.7224298715591431,1.287123,1.2694339,1263,39056,40319,0.9878923,0.0341636054217815,0.6946888,0.98446786403656,0.95191145,4.438929,8.497719,0.0,0.89930147,2.9821712970733643,4.230207443237305,1.963172554969788,0.1531568318605423,4.4860363,8.497719,0.0,0.85258627,ALM,0.28380288098051343,0.04940978642863725
A549,6,ALM,3,1,6,7,0.2463294118642807,0.0049665654078125,0.2463905215263366,0.004952740855515,0.1280794292688369,0.0018757821526378,0.2665706574916839,0.03187270835042,0.1617902964353561,0.1907989233732223,0.7101978063583374,1.578824,1.5520511,1367,42984,44351,0.9844729,-0.333571494,0.5764985,0.940678596496582,0.90640175,3.0464582,6.411398,0.0,0.77778536,1.6539075374603271,3.3995089530944824,0.9083881378173828,0.2186947911977768,3.0907438,6.411398,0.0,0.7319343,ALM,0.15739663394496148,0.11989342083007917
A549,6,ALM,4,1,6,1,0.3283045589923858,0.011912802234292,0.3284607231616974,0.011867182329297,0.1604757457971573,0.0002951445640064,0.2037292569875717,0.1068575531244278,0.1738674044609069,0.1822329461574554,0.8039485216140747,1.9126731,1.8878754,988,43186,44174,0.8277269,0.580509603023529,0.217796,0.9721291661262512,0.8332261,6.1766124,17.271845,0.0,5.5817633,3.5326974391937256,5.535984039306641,2.1456570625305176,0.4534496366977691,6.2370973,17.271845,0.0,5.535508,ALM,0.33619454115851105,0.010589072591922766
A549,6,ALM,4,1,6,2,0.4468005895614624,0.0167626570910215,0.4565756320953369,0.0126663455739617,0.2377987504005432,0.0016133348690345,0.340727686882019,0.1285507678985595,0.2709179222583771,0.2875721752643585,1.145923137664795,2.4353952,2.4093332,725,35146,35871,0.9616015,-0.282053769,0.36889568,0.959932267665863,0.90316963,4.648563,9.497168,0.0,1.8580291,2.928591728210449,4.810689449310303,1.6251118183135986,0.4040290713310241,4.6840415,9.497168,0.0,1.8257401,ALM,0.2787038995705884,0.05298488620750569
A549,6,ALM,4,1,6,3,0.4640084505081177,0.1352167427539825,0.7499057650566101,0.0041340556927025,,,,,,,0.9734547138214112,1.4266589,1.4220341,536,51991,52527,0.9108738,0.3706916868686676,0.44836825,0.9887294769287108,0.9633439,4.673495,11.80442,0.0,13.781359,6.520602226257324,8.154532432556152,5.071517467498779,0.239149808883667,4.654452,11.80442,0.0,13.885434,,,
A549,6,ALM,5,1,6,1,0.270697683095932,0.0076710036955773,0.2708675265312195,0.0076298178173601,0.1801660358905792,0.0015937308780848,0.2859205901622772,0.0792916193604469,0.2134871184825897,0.2328896224498748,1.322562575340271,2.3381803,2.3213391,767,45488,46255,0.95328647,-0.022255734,0.5690373,0.972226619720459,0.8994494,2.3705583,5.822274,0.0,0.6092466,1.6129491329193115,2.4488565921783447,1.0731357336044312,0.0941426381468772,2.3833325,5.822274,0.0,0.6080909,ALM,0.15349876489212966,0.12116323068881563
A549,6,ALM,5,1,6,2,0.3922498226165771,0.0051350714638829,0.3922498226165771,0.0051350714638829,,,,,,,0.7884102463722229,0.9087102,0.90611374,701,31778,32479,0.8902224,0.1543833464384079,0.6994615,0.9842267632484436,0.9603305,6.1807766,12.805173,2.6506224,1.0910519,5.65898323059082,7.450322151184082,4.235771179199219,0.4817973673343658,6.192287,12.805173,2.6506224,1.0983528,,,
A549,6,ALM,5,1,6,3,0.2684405148029327,0.0065186265856027,0.268647164106369,0.0064681288786232,0.1466783136129379,0.0017707002116367,0.2763870358467102,0.0224269162863492,0.1806621253490448,0.201428011059761,0.4675237536430359,0.68999857,0.68383485,2161,75838,77999,0.3641117,0.5466091632843018,0.6384897,0.90561044216156,0.8749596,4.031444,9.150197,0.0,1.3997271,2.81957483291626,6.651684761047363,0.9928651452064514,0.8896942138671875,4.0659757,9.150197,0.0,1.37122,ALM,0.2683291404176166,0.060127054478962716
A549,6,ALM,5,1,6,4,0.488668292760849,0.0177391991019248,0.4928399324417114,0.015834679827094,,,,,,,1.6723484992980957,2.7990618,2.7794433,938,52933,53871,0.8154017,-0.769223809,0.22576708,0.8783808350563049,0.88580406,10.399532,19.72932,0.0,7.134005,7.339950084686279,12.982137680053713,3.4204530715942383,5.895866870880127,10.453749,19.72932,0.0,6.987127,,,
A549,6,ALM,6,1,6,1,0.2061119973659515,0.0051428279839456,0.2063987702131271,0.0050907921977341,0.1151877343654632,0.0012855840614065,0.2234889715909958,0.0415785126388073,0.1439408808946609,0.166258230805397,1.154812932014465,2.5247567,2.4982831,751,38112,38863,0.936958,-0.298882902,0.3712433,0.9416691064834596,0.89717823,3.40531,9.20093,0.0,1.4093088,1.8355058431625368,3.05864691734314,0.9023364782333374,0.3065796792507171,3.4362423,9.20093,0.0,1.3815231,ALM,0.17467871374703237,0.11334886911343306
A549,6,ALM,6,1,6,2,0.5050633549690247,0.0142909586429595,0.5072559118270874,0.0132408272475004,,,,,,,0.6274430155754089,1.1540954,1.1439329,1000,50823,51823,0.8479505,0.1219858676195144,0.23346168,0.9717808365821838,0.87712485,5.820365,16.712551,0.0,2.5239255,4.223559379577637,6.312379837036133,2.7197582721710205,0.5292325019836426,5.8517833,16.712551,0.0,2.5120165,,,
A549,6,ALM,6,1,6,3,0.1651871353387832,0.0071593704633414,0.1774809658527374,0.0055102761834859,0.0570751801133155,0.0010899724438786,0.1765707582235336,0.0,0.0837178751826286,0.100279189646244,0.5094769597053528,1.4370117,1.4223034,991,61504,62495,0.4239166,0.438724935054779,0.57689005,0.8795756101608276,0.8738367,2.3534615,7.80444,0.0,1.1574425,0.8745453357696533,2.135735034942627,0.356081485748291,0.148059606552124,2.3772905,7.80444,0.0,1.1378973,ALM,0.08322744105379677,0.12435720822780515
A549,6,ALM,6,1,6,4,0.2319888472557068,0.0052361767739057,0.23219034075737,0.0051939403638243,0.1750473529100418,0.0013140799710527,0.2847792506217956,0.063634917140007,0.2037152796983719,0.222645029425621,0.8569894433021545,1.2744546,1.2622017,1522,50333,51855,0.7206961,0.4247260391712188,0.4179146,0.9714620113372804,0.9278312,2.0310078,5.30164,0.0,0.36876658,1.5880324840545654,2.368752241134644,0.8755951523780823,0.0885729268193245,2.0444024,5.30164,0.0,0.37112615,ALM,0.15112753399096227,0.12189501297722341
A549,6,ALM,6,1,6,5,0.3402976393699646,0.007982762530446,0.340815007686615,0.0078185657039284,0.2423734366893768,0.0026921222452074,0.3774521648883819,0.0895359218120575,0.2859866321086883,0.3082168400287628,1.0148699283599854,1.7173901,1.7043873,573,30385,30958,0.7465665,0.2692266702651977,0.34773657,0.9605923891067504,0.9135199,2.964123,7.3966494,0.0,0.6069308,2.1511800289154053,3.2138864994049072,1.2552775144577026,0.1570046842098236,2.9794528,7.3966494,0.0,0.60271806,ALM,0.20472032921552094,0.09902695032914946
A549,6,ALM,6,1,6,6,0.323352962732315,0.015761774033308,0.34454146027565,0.0094942906871438,0.1258228570222854,0.0018710842123255,0.2467820048332214,0.0,0.1585216969251632,0.1782528907060623,0.8965811133384705,1.8522013,1.8381337,749,50130,50879,0.8455915,-0.020412594,0.63829523,0.9267316460609436,0.92276716,5.862721,13.677272,0.0,5.2056437,3.2851927280426025,7.519813060760498,1.112330675125122,1.756891846656799,5.901232,13.677272,0.0,5.156425,ALM,0.31264037773742487,0.02847346870860412
A549,6,ALM,6,1,6,7,0.1966003477573394,0.0087863784283399,0.2024648934602737,0.0078611122444272,0.0809090062975883,0.0008763548103161,0.1650136858224868,0.008936776779592,0.1044648811221122,0.1192445755004882,1.015298843383789,2.936314,2.922651,316,44114,44430,0.9716505,0.0045800656080245,0.3976508,0.9704341888427734,0.8389652,2.2162154,6.286388,0.0,1.0392184,0.9624050259590148,1.3909777402877808,0.5584238767623901,0.0369793251156806,2.2251964,6.286388,0.0,1.0350562,ALM,0.09158874250628765,0.1266229862088066
A549,6,ALM,7,1,6,1,0.3621434867382049,0.0084165893495082,0.3625266849994659,0.0082865683361887,,,,,,,1.1674679517745972,0.95929325,0.9611271,200,22503,22703,0.77194583,0.5352741479873657,0.68332773,0.9908728003501892,0.9164695,3.729521,8.025111,0.0,0.9094122,4.313116550445557,5.365624904632568,3.2244229316711426,0.1407836079597473,3.7243345,8.025111,0.0,0.9131894,,,
A549,6,ALM,7,1,6,2,0.4117989242076874,0.0147033687680959,0.4117989242076874,0.0147033687680959,0.1930766254663467,0.0006385463057085,0.2469515353441238,0.1164294779300689,0.2130054086446762,0.2256489396095276,0.6885144114494324,1.6805896,1.6537988,919,33112,34031,0.29854357,0.4701794981956482,-0.31630674,0.9821180701255798,0.8184469,4.687277,9.249396,1.8339438,1.814512,3.4241857528686523,4.557905673980713,2.2116055488586426,0.1231705918908119,4.722332,9.249396,1.8339438,1.8159461,ALM,0.32586786098781395,0.01850809206043963
A549,6,ALM,7,1,6,3,0.1397189944982528,0.001849221996963,0.1397359520196914,0.0018470794893801,0.0915325731039047,0.000828550371807,0.1836163252592086,0.027067432180047,0.1155137866735458,0.129419207572937,1.5628889799118042,2.6037645,2.57235,747,24004,24751,0.98919487,0.0067365765571594,0.6848222,0.9226716160774232,0.9238422,1.2834347,2.4597287,0.4012884,0.09366331,0.8405166268348694,1.5619418621063232,0.4012883901596069,0.0673110410571098,1.2972177,2.4597287,0.48751566,0.088188656,ALM,0.07998904705502928,0.1232070766510739
A549,6,ALM,7,1,6,4,0.1187000796198844,0.0010954039171338,0.1187000796198844,0.0010954039171338,0.0894829630851745,0.0003554835275281,0.1635986715555191,0.0392605066299438,0.1041334122419357,0.1135650426149368,0.9752470254898072,1.448518,1.4295175,774,18505,19279,0.8932325,0.1144652441143989,0.7323268,0.9841219186782836,0.94199145,1.1472535,2.1503882,0.5428752,0.10497087,0.8905971050262451,1.3158668279647827,0.5972551107406616,0.0173472575843334,1.1579882,2.1503882,0.5428752,0.10576536,ALM,0.08475503216310892,0.12484490376089405
A549,6,ALM,7,1,6,5,0.3839420974254608,0.0144353369250893,0.3965576291084289,0.009906867519021,,,,,,,1.307689547538757,1.6474923,1.6390802,968,38134,39102,0.9221556,0.5798658132553101,0.7423748,0.9730800986289978,0.9488388,6.8244505,16.544388,0.0,3.446632,5.814808368682861,8.022509574890137,2.948792695999145,0.7410888671875,6.8500786,16.544388,0.0,3.488775,,,
A549,6,ALM,7,1,6,6,0.1177850738167762,0.0212912801653146,0.2703900337219238,0.0076138786971569,0.1993340700864792,0.0031799804419279,0.4078873991966247,0.0706542655825614,0.2449800074100494,0.2748012840747833,0.8506799340248108,1.3533916,1.3486453,400,41967,42367,0.5816438,0.0272807963192462,0.24036661,0.9872617125511168,0.90760195,1.0670515,6.070818,0.0,1.6625987,1.6943250894546509,2.87839937210083,1.10501229763031,0.0739239752292633,1.061073,6.070818,0.0,1.6739541,ALM,0.16124303194008194,0.11856205230048356
A549,6,ALM,7,1,6,7,0.2554583549499511,0.0105726150795817,0.2623336017131805,0.0090535460039973,0.1303095370531082,0.0026019718497991,0.293009877204895,0.011564003303647,0.1718370467424392,0.1963141411542892,0.8714818954467773,1.3598641,1.3510251,752,40799,41551,0.8073875,0.0477245226502418,0.35748175,0.9139986038208008,0.9157793,5.296952,13.553378,0.0,3.2549312,3.640362977981568,6.145491123199463,1.75649893283844,0.9294801950454712,5.3274856,13.553378,0.0,3.246279,ALM,0.346440696407975,0.0026205143802393582
A549,6,ALM,8,1,6,1,0.384082019329071,0.0120698604732751,0.3845937252044678,0.0118891410529613,0.1868956536054611,0.0019954068120568,0.3423856794834137,0.0853887051343917,0.2234178036451339,0.2468813806772232,1.040266752243042,2.1109202,2.0882556,1241,57382,58623,0.81613654,-0.435840636,0.3213009,0.9146267771720886,0.85119116,4.6976304,10.634997,0.0,2.12033,2.9886720180511475,5.159528255462647,1.43272864818573,0.81375652551651,4.734589,10.634997,0.0,2.0840597,ALM,0.284421532009633,0.0489732405028242
A549,6,ALM,8,1,6,2,0.5606337189674377,0.0269787870347499,0.5606463551521301,0.0269722938537597,,,,,,,0.7369171380996704,1.739002,1.7299414,400,43839,44239,0.48111424,0.938376784324646,0.28251374,0.9872836470603944,0.84462994,6.2841887,11.81001,0.0,5.630668,4.9504876136779785,6.371538639068604,4.06427526473999,0.3009254038333893,6.2963576,11.81001,0.0,5.662919,,,
A549,6,ALM,8,1,6,3,0.4215850234031677,0.049579381942749,0.5244946479797363,0.0077062430791556,,,,,,,1.107060194015503,1.5513941,1.5406723,654,26449,27103,0.873607,0.2213176041841507,0.46803597,0.9685766696929932,0.942731,3.8113396,7.8234057,0.0,3.9914918,3.958761930465698,6.072066783905029,2.4474165439605717,0.5118016600608826,3.8076944,7.8234057,0.0,4.0769796,,,
A549,6,ALM,8,1,6,4,0.1997229903936386,0.0124062793329358,0.2297269105911255,0.007377338130027,0.1131489425897598,0.0031172954477369,0.3057248294353485,0.0,0.1580588817596435,0.186378538608551,1.2506946325302124,1.990921,1.9770703,1158,60729,61887,0.7558734,-0.500339746,0.37211162,0.8894235491752625,0.921045,2.3103302,8.716772,0.0,1.3988092,1.693658709526062,3.346102237701416,0.4222444295883178,0.3924005925655365,2.3220887,8.716772,0.0,1.4106096,ALM,0.16117961487757224,0.11858461502305453
A549,6,ALM,8,1,6,5,0.2098965644836425,0.002036788733676,0.2098965644836425,0.002036788733676,0.144591748714447,0.00115645036567,0.253985583782196,0.0634541884064674,0.171857550740242,0.1910102516412735,1.3595856428146362,2.1234498,2.095189,1130,29413,30543,0.99193394,0.4955904483795166,0.7632687,0.9618086814880372,0.94923276,2.142681,3.7803497,0.921564,0.1387341,1.5138064622879028,2.5289177894592285,0.921563982963562,0.1102941408753395,2.1668403,3.7803497,1.0040244,0.1240497,ALM,0.14406370139295746,0.12388235623983654
A549,6,ALM,8,1,6,6,0.1956281960010528,0.0031491834670305,0.1958251595497131,0.0031137859914451,0.1262920051813125,0.0013008465757593,0.2336141765117645,0.0239268951117992,0.1555068790912628,0.1724889725446701,0.9705886840820312,1.3677635,1.3561599,1220,40539,41759,0.7844047,-0.10841547,0.7501782,0.958797574043274,0.9478338,1.9585326,4.75215,0.0,0.19011408,1.4072604179382324,2.2036612033843994,0.6640461087226868,0.1144269481301307,1.9751223,4.75215,0.0,0.18297106,ALM,0.1339240845395631,0.1261878341019533
A549,6,ALM,9,1,6,1,0.3672141432762146,0.0167320929467678,0.3792689740657806,0.01270935498178,0.1279432922601699,0.001489506685175,0.2477154433727264,0.0179341156035661,0.1593318581581115,0.1796123534440994,1.311922311782837,3.772321,3.7460034,1051,97204,98255,0.87087536,-0.173761547,0.23783821,0.9027891159057616,0.83232063,5.5605683,13.317121,0.0,4.036897,2.40540075302124,5.685420036315918,0.9931219220161438,1.2300704717636108,5.5946827,13.317121,0.0,3.9584448,ALM,0.22891363225515285,0.08537456355182163
A549,6,ALM,9,1,6,2,0.2538543939590454,0.00905726198107,0.2559728920459747,0.0085905669257044,0.1399202644824981,0.0026050475426018,0.3111910223960876,0.0197040326893329,0.1806283295154571,0.2088702321052551,1.1929426193237305,2.3014915,2.2834816,1007,60976,61983,0.83504957,0.0870613604784011,0.54718196,0.9332438111305236,0.88813937,2.6978066,7.396589,0.0,0.8461439,1.581042766571045,2.899232149124145,0.6483900547027588,0.2321175336837768,2.7162492,7.396589,0.0,0.8353478,ALM,0.1504623468633785,0.12209461020158718
A549,6,ALM,9,1,6,3,0.7009202241897583,0.0205163937062025,0.7151221632957458,0.010775988921523,,,,,,,0.4164721071720123,0.8313761,0.8198893,1355,47588,48943,0.690697,0.1431573331356048,0.2510905,0.980465829372406,0.902429,15.690284,39.652046,0.0,10.769254,12.928808212280272,16.500755310058594,9.683064460754396,0.9509496092796326,15.76891,39.652046,0.0,10.8255,,,
A549,6,ALM,9,1,6,4,0.2784202396869659,0.010224943049252,0.2789815962314605,0.0100889410823583,0.1449190825223922,0.0011654744157567,0.2943656742572784,0.0760552659630775,0.1706735342741012,0.1923504471778869,1.0073970556259155,2.2394676,2.2151604,1000,49687,50687,0.59377295,-0.018084601,0.33826336,0.9551807641983032,0.8610228,3.9027228,9.8761835,0.0,1.8503786,2.223271369934082,3.946991443634033,1.2738580703735352,0.3954928517341614,3.936523,9.8761835,0.0,1.8217514,ALM,0.21158101166355062,0.0953243387612129
A549,2,OSI,0,3,12,1,0.0509104579687118,0.00874899700284,0.1836035996675491,0.0071894666180014,0.1062431782484054,0.0038955193012952,0.3095269501209259,0.0,0.1563682407140731,0.1893655508756637,0.9349265694618224,1.3229644,1.3158482,1066,57061,58127,0.8200571,-0.061902035,0.43167883,0.968926191329956,0.95418215,1.2091142,8.683484,0.0,4.017177,2.7653486728668213,6.520297527313232,0.0,2.4907445907592773,1.1800414,8.683484,0.0,3.999604,OSI,0.1546346020967238,0.17214395777246688
A549,2,OSI,0,3,12,2,0.2188314199447631,0.0074576679617166,0.2216730117797851,0.0069246040657162,0.0924942046403884,0.0012187452521175,0.2536967396736145,0.0151865882799029,0.1184687837958335,0.139787495136261,1.352746844291687,4.145757,4.0962677,1356,75171,76527,0.9898142,-0.298108459,0.42519832,0.9287487268447876,0.8404127,3.9084198,13.794386,0.0,2.4134424,1.333684325218201,4.128232479095459,0.4641821384429931,0.4602102935314178,3.9548647,13.794386,0.0,2.3269362,OSI,0.07457784509284057,0.17970659891547677
A549,2,OSI,0,3,12,3,0.206200286746025,0.0139415888115763,0.2426951974630355,0.0075519410893321,0.1058955416083335,0.0011250301031395,0.2265933603048324,0.0,0.1321345120668411,0.1490330249071121,1.244312763214111,3.1030107,3.080937,776,64566,65342,0.98924756,0.1343187093734741,0.6405802,0.9683555364608764,0.9141374,2.0290332,7.8557653,0.0,1.1549594,0.9486052393913268,1.78556227684021,0.5243825316429138,0.0483612082898616,2.0420182,7.8557653,0.0,1.154061,OSI,0.05304473724395682,0.16356127555908845
A549,2,OSI,1,3,12,1,0.2527225315570831,0.0141048030927777,0.2671937346458435,0.0110458489507436,0.1189760938286781,0.0014615422114729,0.308758795261383,0.0,0.1489324867725372,0.1700236797332763,0.8426091074943542,2.237635,2.2073512,2150,96889,99039,0.72545385,0.0670090615749359,0.31897396,0.946866512298584,0.8496148,2.577711,8.714142,0.0,1.597127,1.0602821111679075,2.19225811958313,0.5039775371551514,0.0990992337465286,2.6113827,8.714142,0.0,1.5781397,OSI,0.05928955866558089,0.16969362931383314
A549,2,OSI,1,3,12,2,0.201572984457016,0.0070691346190869,0.2050377875566482,0.0064802290871739,0.0787524208426475,0.0008519309922121,0.159188911318779,0.0123338354751467,0.1013131365180015,0.1188789010047912,1.1575616598129272,4.6513147,4.6287513,459,70612,71071,0.8761483,0.886381983757019,0.4482797,0.9661883115768432,0.83632797,2.6225252,8.705965,0.0,1.2735736,0.7247581481933594,1.3792551755905151,0.3873189389705658,0.0342916510999202,2.6348612,8.705965,0.0,1.2580665,OSI,0.04052750705973485,0.14644328005310742
A549,2,OSI,1,3,12,3,0.090569831430912,0.0127866175025701,0.1957843750715255,0.0070414082147181,0.1574844717979431,0.0053211492486298,0.4066621959209442,0.0,0.2163610607385635,0.2558687627315521,1.428084135055542,1.4478741,1.4477391,437,63626,64063,0.82907456,-0.46628499,0.5299314,0.9527922868728638,0.95729226,1.5180676,6.6956296,0.0,2.8917012,2.550414085388184,4.340908527374268,0.0,0.4673441052436828,1.5109774,6.6956296,0.0,2.9009824,OSI,0.14261574720956535,0.17700910881116136
A549,2,OSI,1,3,12,4,0.1194895952939987,0.0191345624625682,0.2439979165792465,0.0086930384859442,0.1730188876390457,0.004633015487343,0.3718622922897339,0.0,0.2276937514543533,0.262532114982605,0.9219090342521667,1.7252259,1.7116617,1233,71789,73022,0.5376626,-0.302164137,0.0497059,0.9407035708427428,0.9091369,2.3794188,12.385568,0.0,6.8485312,3.218547344207764,6.188579082489014,0.0,0.7946423292160034,2.3650072,12.385568,0.0,6.9402056,OSI,0.17997686613061825,0.15949659587266263
A549,2,OSI,1,3,12,5,0.4407566487789154,0.0118551719933748,0.4549194574356079,0.0057931719347834,,,,,,,1.1639800071716309,1.2828722,1.2796812,800,29007,29807,0.8902487,0.1594352424144745,0.77434754,0.9916110634803772,0.9683024,5.7189627,10.858827,0.0,1.7323335,5.146170616149902,7.043739318847656,3.950955629348755,0.1724167764186859,5.73476,10.858827,0.0,1.7660561,,,
A549,2,OSI,10,3,12,1,0.2283751368522644,0.0477368645370006,0.4090870320796966,0.0115838795900344,0.2335009574890136,0.0029507162980735,0.4281663596630096,0.0780099257826805,0.2770299911499023,0.3048990368843078,1.1711384057998655,1.6996158,1.6930338,983,77944,78927,0.803864,-0.232178211,0.34584585,0.9169548153877258,0.90301913,2.4955351,11.755806,0.0,5.7513824,3.243441343307495,7.441783905029297,1.4213647842407229,1.2172555923461914,2.4861028,11.755806,0.0,5.801421,OSI,0.18136890529123245,0.15872331694412284
A549,2,OSI,10,3,12,2,0.2212089300155639,0.0320675522089004,0.3358199894428253,0.0101934662088751,0.1748057007789611,0.002434131456539,0.3291222155094147,0.031608585268259,0.2144950777292251,0.2386222332715988,1.2781271934509275,1.8622435,1.8497404,1673,76486,78159,0.84172916,0.1243077665567398,0.55143404,0.955238938331604,0.92173076,2.09344,7.877006,0.0,2.728822,1.9839993715286253,3.299187660217285,0.9891639351844788,0.2542255818843841,2.0958338,7.877006,0.0,2.7826805,OSI,0.11094259338314343,0.18489383996670444
A549,2,OSI,10,3,12,3,0.1592563390731811,0.0171784628182649,0.2094491720199585,0.0120797548443079,0.078825905919075,0.0016895366134122,0.2322545945644378,0.0,0.1112168356776237,0.1341115236282348,0.619165301322937,1.1331543,1.1260748,2464,176431,178895,0.35670826,0.1879296749830246,0.3917766,0.9008288979530334,0.79304975,3.1734293,17.238775,0.0,6.5897017,1.865242838859558,6.164008140563965,0.6964606642723083,0.5985562205314636,3.1916988,17.238775,0.0,6.649139,OSI,0.10430188678587009,0.18535429432040834
A549,2,OSI,10,3,12,4,0.2458375692367553,0.0582532696425914,0.4547972083091736,0.0127337472513318,0.2578518688678741,0.0030628610402345,0.4227422773838043,0.1259471774101257,0.3021356463432312,0.3271792829036712,1.0370726585388184,1.4620763,1.4529656,1482,67653,69135,0.75667006,0.4324486851692199,0.5486882,0.9678804874420166,0.9187442,2.606921,9.253472,0.0,6.4428515,3.6039538383483887,5.866396903991699,1.9165292978286743,0.4300753772258758,2.5850801,9.253472,0.0,6.5523124,OSI,0.20152828221484922,0.1467746367767205
A549,2,OSI,10,3,12,5,0.1630029529333114,0.0318174436688423,0.3299286961555481,0.0093270000070333,,,,,,,1.0792508125305176,1.1839936,1.1831743,200,25367,25567,0.823151,-0.022339679,0.7210701,0.9932597875595092,0.9411155,2.3667824,9.267964,0.0,6.185315,3.605937004089356,4.542726993560791,2.59517240524292,0.1533429622650146,2.357013,9.267964,0.0,6.2206707,,,
A549,2,OSI,10,3,12,6,0.2491934895515442,0.0488744974136352,0.4165493249893188,0.0119861597195267,0.1891661882400512,0.0011932859197258,0.2566122710704803,0.117744855582714,0.219156727194786,0.235508844256401,1.528822898864746,1.7913837,1.7890184,626,68861,69487,0.8809109,0.2384715676307678,0.69411725,0.9585819840431212,0.9475407,3.7553697,12.312291,0.0,10.530809,4.838810920715332,7.754048824310303,2.4349701404571533,1.2411388158798218,3.7455206,12.312291,0.0,10.60449,OSI,0.2705798399629632,0.09816257489101549
A549,2,OSI,11,3,12,1,0.1385562866926193,0.0052602239884436,0.1441862881183624,0.0046621947549283,0.1188248470425605,0.0021028721239417,0.2755798995494842,0.0127909872680902,0.1549223959445953,0.176702544093132,1.125181794166565,0.8972827,0.9001488,200,15703,15903,0.8099609,0.1608112454414367,0.69650584,0.9926882982254028,0.96887094,2.3296185,5.2804174,0.0,0.32627198,2.26802134513855,2.984107732772827,1.6111177206039429,0.0682238861918449,2.3304024,5.2804174,0.0,0.32950944,OSI,0.12682472257243138,0.1819708806907822
A549,2,OSI,11,3,12,2,0.2488788068294525,0.0235472731292247,0.3101855218410492,0.0103312563151121,0.1425536125898361,0.0013713175430893,0.2573793530464172,0.0310498625040054,0.1722897142171859,0.1909322142601013,0.7027674317359924,1.4190305,1.4130293,1636,193627,195263,0.8903753,-0.017945472,0.4815483,0.978439450263977,0.8837678,2.2417336,8.347376,0.0,1.9540888,1.2806005477905271,2.0514285564422607,0.7834154367446899,0.0550674945116043,2.2498546,8.347376,0.0,1.9622626,OSI,0.07160947120174294,0.1782370541151963
A549,2,OSI,11,3,12,3,0.4344092905521393,0.0114390477538108,0.4345528185367584,0.0113804368302226,,,,,,,0.3794909417629242,0.67138344,0.6697761,400,72239,72639,0.86108774,0.5038420557975769,0.5511929,0.9964298605918884,0.8952077,5.877096,28.070894,0.0,3.1174393,4.351643562316895,5.146267414093018,3.711251735687256,0.0663233771920204,5.885542,28.070894,0.0,3.1213775,,,
A549,2,OSI,12,3,12,1,0.2118055522441864,0.0254079066216945,0.3058220744132995,0.0079336771741509,0.2594511806964874,0.0034053865820169,0.3962050378322601,0.101719856262207,0.3065242767333984,0.3345619142055511,1.0677365064620972,1.1780777,1.1766942,200,15751,15951,0.73211557,-0.040316589,0.5708936,0.9893550872802734,0.95623183,2.0817926,6.0158396,0.0,2.1355546,2.602292537689209,3.742164373397827,1.7553226947784424,0.1233507171273231,2.0751839,6.0158396,0.0,2.1576197,control,0.32142969258154913,0.0
A549,2,OSI,12,3,12,2,0.342088907957077,0.0102378968149423,0.3446627855300903,0.0094278044998645,0.1734042912721634,0.0009927115170285,0.28970867395401,0.0815807953476905,0.1983687281608581,0.215234026312828,1.052904486656189,1.8178687,1.8090605,902,77433,78335,0.91219354,-0.360775709,0.44612837,0.9289957284927368,0.90255636,4.26382,9.545388,0.0,1.6318338,2.512705087661743,4.995120048522949,1.374517560005188,0.6958577632904053,4.2842174,9.545388,0.0,1.6066011,OSI,0.14050711045207126,0.1777724021863325
A549,2,OSI,12,3,12,3,0.3357438743114471,0.018451489508152,0.360528826713562,0.0108779091387987,0.1923832297325134,0.0032055003102868,0.3755466639995575,0.0621975399553775,0.2378393411636352,0.2713358998298645,1.234025478363037,2.3539884,2.3351052,1293,75394,76687,0.9260012,-0.469438225,0.40965503,0.9426721930503844,0.9111458,3.358169,8.6215,0.0,1.910936,2.011611223220825,3.9676766395568848,1.0565088987350464,0.3704181909561157,3.3812623,8.6215,0.0,1.9057261,OSI,0.1124866112285136,0.18471694248658033
A549,2,OSI,12,3,12,4,0.2514485418796539,0.0091463979333639,0.2597063779830932,0.0073021636344492,0.0871520563960075,0.0009803718421608,0.1971723288297653,0.0044089956209063,0.1114945337176323,0.1285073161125183,0.968817174434662,3.4237945,3.4065251,521,73542,74063,0.95250064,0.7009121179580688,0.637265,0.9733416438102722,0.9084722,3.5295742,8.946021,0.0,1.2387697,1.2032878398895264,2.4058990478515625,0.6774894595146179,0.0919607356190681,3.5460544,8.946021,0.0,1.208285,OSI,0.06728624789880314,0.1757142398507195
A549,2,OSI,12,3,12,5,0.1994219720363617,0.0042879632674157,0.2000807225704193,0.0041703227907419,0.1034521386027336,0.0020413715392351,0.265113890171051,0.0053040878847241,0.1399420648813247,0.1636864989995956,1.4989426136016846,3.3183901,3.2815943,1425,69038,70463,0.8901778,-0.295695066,0.5932734,0.9290984272956848,0.9094718,2.0927007,4.816096,0.0,0.333194,1.069779872894287,2.1168179512023926,0.4801408648490906,0.1312337070703506,2.1138146,4.816096,0.0,0.31531924,OSI,0.05982066080824329,0.1701535399941378
A549,2,OSI,12,3,12,6,0.1756372600793838,0.0351452939212322,0.3391810953617096,0.0123996948823332,0.141321450471878,0.0020894226618111,0.2645191848278045,0.0,0.1776471585035324,0.2003595829010009,1.1892144680023191,2.3695116,2.353569,1038,75809,76847,0.86417353,0.3916685283184051,0.44802755,0.9724024534225464,0.91441303,3.243673,15.379407,0.0,11.521653,3.334639549255371,6.347198009490967,1.8751293420791624,0.6332811117172241,3.2424276,15.379407,0.0,11.670625,OSI,0.18646858708798214,0.15582972886290924
A549,2,OSI,13,3,12,1,0.7216968536376953,0.0085019171237945,0.724300742149353,0.0066466047428548,,,,,,,0.7689445614814758,1.1603105,1.1502948,961,36590,37551,0.71663153,0.5189075469970703,0.34044552,0.9595122337341307,0.928323,6.6143966,9.794322,0.0,0.7985258,5.986544609069824,7.609780311584473,3.769900798797608,0.3475358188152313,6.630886,9.794322,0.0,0.79974544,,,
A549,2,OSI,13,3,12,2,0.1522553116083145,0.0319358333945274,0.3310196101665497,0.0102574853226542,0.1852186173200607,0.0041752094402909,0.3935076296329498,0.0,0.2370955795049667,0.2683305442333221,0.7570832967758179,0.9613983,0.95778334,1281,71118,72399,0.6361903,-0.150204763,0.34005144,0.91058611869812,0.9083604,2.1353216,10.541711,0.0,6.0667596,3.540603876113892,7.529829502105713,1.4427021741867063,1.427585244178772,2.1100097,10.541711,0.0,6.114109,OSI,0.19798583698937308,0.14896870716512453
A549,2,OSI,13,3,12,3,0.2452744990587234,0.0288337171077728,0.3068102896213531,0.0171878654509782,0.0942232757806778,0.0032174766529351,0.2958101332187652,0.0,0.1377996504306793,0.1738546937704086,1.091861605644226,2.8663626,2.8459442,1077,92522,93599,0.36351627,-0.298480392,0.10258885,0.8879055380821228,0.838762,4.3761573,14.427364,0.0,8.181294,2.3123602867126465,4.663577079772949,0.860133707523346,0.8821068406105042,4.4001803,14.427364,0.0,8.216103,OSI,0.12930409692944236,0.18131402390124116
A549,2,OSI,13,3,12,4,0.7124074101448059,0.0061421999707818,0.7124074101448059,0.0061421999707818,,,,,,,0.7840408086776733,0.8661219,0.8634561,1178,35093,36271,0.7334742,-0.145822316,0.5262074,0.9655014872550964,0.93323183,7.2187614,9.465684,4.4193773,0.6112191,7.156869411468506,8.377355575561523,5.579477310180664,0.2746601104736328,7.220839,9.465684,4.4193773,0.62238336,,,
A549,2,OSI,14,3,12,1,0.1504867821931839,0.0139832198619842,0.2035601437091827,0.0081111686304211,0.1073893532156944,0.0014488104498013,0.2384620904922485,0.0,0.137501373887062,0.1554271578788757,0.9284611344337464,1.2080765,1.2030169,1493,81018,82511,0.8518468,0.1745398193597793,0.657179,0.9807787537574768,0.93425393,2.6109097,11.696704,0.0,3.3092153,2.245239734649658,3.62977933883667,1.014628767967224,0.1820805072784423,2.617648,11.696704,0.0,3.3643324,OSI,0.12555080535987959,0.18228900982788762
A549,2,OSI,14,3,12,2,0.4253049492835998,0.0115757938474416,0.4253049492835998,0.0115757938474416,,,,,,,0.4164385199546814,1.0651603,1.0454953,1035,33108,34143,0.11523957,-0.207323208,-0.34718266,0.9596757292747498,0.81158054,10.575228,24.690012,0.0,6.4934707,7.883246898651123,10.595815658569336,6.029157161712647,0.841102659702301,10.659381,24.690012,0.0,6.436548,,,
A549,2,OSI,15,3,12,1,0.167715847492218,0.0236318670213222,0.2569001317024231,0.0132868541404604,0.084884375333786,0.0023079293314367,0.3164568841457367,0.0,0.1208668574690818,0.1513940095901489,1.6488186120986938,4.974257,4.9380136,1741,158002,159743,0.94037,-0.099975288,0.36539826,0.9197766780853271,0.822168,1.8018808,7.6123776,0.0,2.5264964,0.7976623773574829,2.333805084228516,0.2841641306877136,0.150829330086708,1.8129464,7.6123776,0.0,2.541439,OSI,0.04460421412332384,0.15282882658590324
A549,2,OSI,15,3,12,2,0.167215034365654,0.0104324594140052,0.1945586651563644,0.006818473804742,0.0957600697875022,0.0022942267823964,0.2883144617080688,0.0,0.1325307637453079,0.1601790636777877,1.201671123504639,2.174293,2.158727,866,53245,54111,0.9484106,-0.037406005,0.5518574,0.9549916982650756,0.9312248,1.8677236,6.13334,0.0,0.90778977,1.1623903512954712,2.3729984760284424,0.5639885067939758,0.1386406421661377,1.8791955,6.13334,0.0,0.9120764,OSI,0.06499931499318122,0.17418172861825626
A549,2,OSI,15,3,12,3,0.3055482804775238,0.03483771905303,0.3848962187767029,0.0133440224453806,0.1815020143985748,0.0025922206696122,0.3551715314388275,0.050617080181837,0.2216863632202148,0.2463466674089431,0.6769781112670898,1.4901396,1.4781694,1074,71885,72959,0.7764365,0.5936019420623779,0.47042525,0.962022602558136,0.8928283,3.8573525,11.02545,0.0,5.5203333,2.499021053314209,4.8503851890563965,1.3176647424697876,0.3528478741645813,3.8776464,11.02545,0.0,5.5695596,OSI,0.13974191753908674,0.1780422193237465
A549,2,OSI,15,3,12,4,0.1094145849347114,0.0122479554265737,0.1710302829742431,0.0086071183905005,0.0580660626292228,0.0015465116593986,0.2240308225154876,0.0,0.0894284918904304,0.1107911318540573,0.9273167848587036,1.8576193,1.8496366,1236,142811,144047,0.9735266,0.4917722642421722,0.41428244,0.971078872680664,0.875369,1.7657927,9.10974,0.0,2.6268435,1.1034759283065796,2.340614318847656,0.5284098982810974,0.0859315991401672,1.7715245,9.10974,0.0,2.645005,OSI,0.061704899194539524,0.17171300876216303
A549,2,OSI,16,3,12,1,0.2646159827709198,0.0067734667100012,0.2655577361583709,0.0065474906004965,0.1148504018783569,0.0010145568521693,0.2247943133115768,0.030602203682065,0.1403444558382034,0.1569199711084365,1.232774019241333,3.3104122,3.287307,1361,121022,122383,0.99555326,-0.108911805,0.56291956,0.9598779678344728,0.89673007,3.2934532,8.314321,0.0,0.79481435,1.3705003261566162,2.895425319671631,0.6247533559799194,0.1245863661170005,3.3150785,8.314321,0.0,0.7602998,OSI,0.07663654666337437,0.1806090673312193
A549,2,OSI,16,3,12,2,0.2943463325500488,0.0181136168539524,0.3137907683849334,0.0132087031379342,0.1171290799975395,0.001559465075843,0.268351674079895,0.0,0.1485793441534042,0.1682104617357254,0.8675301671028137,2.2721043,2.2399879,1414,60425,61839,0.59486765,-0.454230845,0.18399766,0.928065061569214,0.8500911,5.22197,16.169577,0.0,6.0889215,2.5313072204589844,5.683622360229492,1.0588853359222412,0.8490580916404724,5.2849336,16.169577,0.0,6.038161,OSI,0.14154731685767788,0.17739945472384608
A549,2,OSI,17,3,12,1,0.5212505459785461,0.0187849849462509,0.5387334227561951,0.0099964747205376,,,,,,,0.8155983090400696,1.4853358,1.4722687,1372,68947,70319,0.8984776,0.3613025248050689,0.48227024,0.9547858834266664,0.89029807,8.317373,19.242369,0.0,5.6804075,5.890206813812256,8.856310844421387,3.637962579727173,1.3551191091537476,8.365672,19.242369,0.0,5.646916,,,
A549,2,OSI,17,3,12,2,0.2321224212646484,0.0063511924818158,0.2329154014587402,0.006188191473484,0.0995107591152191,0.0012724763946607,0.2508167922496795,0.0061288923025131,0.1262242347002029,0.1467626988887787,1.0055077075958252,2.8304121,2.793358,2469,119129,121598,0.71940917,0.4086968600749969,0.44270182,0.965118169784546,0.86024445,1.9466596,4.735439,0.0,0.403667,0.831505298614502,1.7607810497283936,0.4179227650165558,0.0534796267747879,1.969771,4.735439,0.0,0.38461742,OSI,0.046496665051381524,0.15550999893704637
A549,2,OSI,17,3,12,3,0.2659854590892792,0.0045823049731552,0.2664518058300018,0.0044660768471658,0.1362535208463668,0.0016218100208789,0.2842298746109009,0.0238325837999582,0.1680985391139984,0.1889328062534332,1.250818967819214,2.7350025,2.709861,2497,144910,147407,0.9797172,-0.16127561,0.6307881,0.9499163031578064,0.93181163,2.6753924,6.5005145,0.0,0.41705215,1.3304443359375,2.5868937969207764,0.6824996471405029,0.1264472156763076,2.6985676,6.5005145,0.0,0.3903532,OSI,0.07439666922227688,0.17962269806780057
A549,2,OSI,18,3,12,1,0.3161218464374542,0.0036168657243251,0.316237062215805,0.0035817485768347,0.2166800051927566,0.0009888532804325,0.313688188791275,0.1473186165094375,0.2415412813425064,0.2596231997013092,1.0313891172409058,1.7997367,1.7921021,600,59783,60383,0.96636385,-0.131005019,0.65749365,0.9842045903205872,0.9460141,3.574177,8.367464,0.0,0.5220458,2.2684531211853027,3.1353237628936768,1.6570271253585815,0.1060371622443199,3.5872815,8.367464,0.0,0.5089385,OSI,0.12684886691192812,0.18196472258597454
A549,2,OSI,18,3,12,2,0.3027487099170685,0.009082868695259,0.3109289705753326,0.0067848092876374,0.209338903427124,0.0032046588603407,0.3979486525058746,0.0118437409400939,0.2542456686496734,0.2844812870025635,0.7343046069145203,0.86454225,0.8602299,2590,75633,78223,0.7596488,0.2405963093042373,0.67516583,0.9446513652801514,0.94141245,3.6744142,8.002049,0.0,0.9693744,2.9101994037628174,5.251979351043701,1.2167043685913086,0.4080689549446106,3.7005835,8.002049,0.0,0.9679115,OSI,0.16273446138582426,0.16842159130451018
A549,2,OSI,18,3,12,3,0.5202242732048035,0.0038470192812383,0.5202932953834534,0.003811608068645,,,,,,,0.6800348162651062,1.283528,1.2795238,200,29943,30143,0.8628453,-0.050776102,0.74459904,0.996273398399353,0.9596637,8.478825,14.741093,0.0,0.8972922,6.106707572937012,6.840325832366943,5.382246017456055,0.0811525359749794,8.494668,14.741093,0.0,0.8649093,,,
A549,2,OSI,18,3,12,4,0.2011784166097641,0.0170359686017036,0.2480237483978271,0.009384112432599,0.0950564220547676,0.0013358097057789,0.2071840316057205,0.0,0.1242579743266105,0.1428128033876419,1.0601822137832642,1.8488873,1.8401308,1147,102164,103311,0.9483864,-0.564913392,0.5388768,0.9317631125450134,0.89539945,1.8385215,6.869051,0.0,1.2193482,1.1287964582443235,3.171273708343506,0.5590012073516846,0.2082437872886657,1.8464895,6.869051,0.0,1.2249813,OSI,0.06312078938958755,0.17281311464906918
A549,2,OSI,18,3,12,5,0.221313402056694,0.0303860958665609,0.3238188028335571,0.0112668043002486,0.1578741818666458,0.0023970450274646,0.3153629004955292,0.002572312252596,0.1964137405157089,0.2215655893087387,0.8442351222038269,1.3460125,1.3357782,2235,107347,109582,0.6886857,-0.163524806,0.46262145,0.9342299103736876,0.9009677,2.4066875,9.800789,0.0,3.5089293,2.131389856338501,5.357343673706055,0.8060106039047241,0.5312669277191162,2.4124193,9.800789,0.0,3.5693133,OSI,0.11918447231690925,0.18367043081891454
A549,2,OSI,18,3,12,6,0.0696712583303451,0.0087198438122868,0.1499032080173492,0.0067344056442379,0.0767676904797554,0.0026693565305322,0.2236685752868652,0.0,0.1194505915045738,0.1452932506799698,0.7984718084335327,1.1928362,1.1895148,482,56749,57231,0.74950373,-0.027271442,0.3510661,0.9907068014144896,0.9051074,1.8720818,11.731192,0.0,4.6563354,2.1931798458099365,3.2247865200042725,1.3571757078170776,0.1078335791826248,1.8693546,11.731192,0.0,4.6940837,OSI,0.12263968595026664,0.18296479779437286
A549,2,OSI,18,3,12,7,0.187786266207695,0.0147316241636872,0.2214615792036056,0.0099156256765127,0.1255156993865966,0.0010987491114065,0.2347785234451294,0.0476416386663913,0.1522760093212127,0.169427216053009,0.736029863357544,0.9781001,0.9768798,400,78943,79343,0.806906,0.8246058821678162,0.618974,0.994071125984192,0.8736821,3.8667243,14.699744,0.0,4.8855157,2.8463025093078613,3.7769834995269775,2.082358121871948,0.0977430716156959,3.8718953,14.699744,0.0,4.904473,OSI,0.15916143244151568,0.17010425266001591
A549,2,OSI,2,3,12,1,0.2698023319244385,0.0228322986513376,0.3033106327056885,0.0155045473948121,0.1602307707071304,0.0013123842654749,0.3618470132350921,0.0591962188482284,0.1881658881902694,0.2081031799316406,1.0212851762771606,2.93932,2.905889,1200,67647,68847,0.9399061,0.6800139546394348,0.46481586,0.984944760799408,0.8246669,2.896928,10.772896,0.0,3.6428056,1.2818914651870728,2.2591822147369385,0.788369357585907,0.0444463714957237,2.925577,10.772896,0.0,3.6595466,OSI,0.07168165757733934,0.17827524080391755
A549,2,OSI,3,3,12,1,0.2442907392978668,0.0208306312561035,0.2845404744148254,0.0128100411966443,0.1975440829992294,0.0020733964629471,0.3355385959148407,0.0950125306844711,0.2329308837652206,0.2617768049240112,0.9287201762199402,1.4419191,1.4391105,740,134475,135215,0.9298198,0.6116377115249634,0.49909365,0.9810468554496764,0.86455387,2.9303625,11.631893,0.0,3.4065375,2.001328945159912,3.553196907043457,1.2655125856399536,0.1753419339656829,2.935475,11.631893,0.0,3.4195433,OSI,0.11191163998087385,0.1847857562117995
A549,2,OSI,3,3,12,2,0.0907058790326118,0.0153299467638134,0.2176778465509414,0.0091501409187912,0.0806568413972854,0.0014935224317014,0.2222825735807418,0.0,0.111212745308876,0.1307224184274673,0.7321223020553589,1.6712236,1.6601875,1636,137579,139215,0.84365875,0.3209438323974609,0.3878292,0.9403241872787476,0.8601133,1.426653,11.757043,0.0,3.6757913,1.1801356077194214,3.04567289352417,0.0,0.2399828135967254,1.4295843,11.757043,0.0,3.7159154,OSI,0.06599160601714717,0.174864278391831
A549,2,OSI,4,3,12,1,0.2853327691555023,0.0164353251457214,0.3207969665527344,0.0071012708358466,0.2098070532083511,0.0023673409596085,0.3849231600761413,0.0625174865126609,0.2484135329723358,0.2741350531578064,1.2098073959350586,1.8739324,1.8644277,1242,85541,86783,0.96144706,0.2646212577819824,0.7626644,0.964326560497284,0.948569,2.8420105,8.543969,0.0,1.5610924,1.8369927406311035,3.1065917015075684,0.9016498327255248,0.191928893327713,2.856603,8.543969,0.0,1.5660931,control,0.2881098262699204,0.0
A549,2,OSI,4,3,12,2,0.365686684846878,0.0441006310284137,0.4628055393695831,0.0108656929805874,0.2797191441059112,0.0032524825073778,0.4602596759796142,0.1116090565919876,0.325148344039917,0.3513932526111603,0.8167944550514221,1.1597488,1.1549348,2057,144486,146543,0.88910276,0.0531762428581714,0.63616014,0.9573377966880798,0.91702974,3.413899,10.582146,0.0,3.9017837,2.911322832107544,5.185697078704834,1.473714828491211,0.4236672520637512,3.4210544,10.582146,0.0,3.9476535,control,0.331188736424077,0.0
A549,2,OSI,5,3,12,1,0.1168946251273155,0.0089711686596274,0.15373295545578,0.0061350902542471,0.0734896659851074,0.0019331926014274,0.2124497592449188,0.0,0.108534850180149,0.1319286227226257,1.0464433431625366,2.1891258,2.1616123,1237,50138,51375,0.92332816,0.5815316438674927,0.424993,0.963789403438568,0.8796309,1.856053,9.860504,0.0,1.9285324,1.020606279373169,2.2290117740631104,0.0,0.0958193838596344,1.8766646,9.860504,0.0,1.9561033,OSI,0.05707093917552014,0.1676716566504066
A549,2,OSI,6,3,12,1,0.1684697270393371,0.027265690267086,0.2984291315078735,0.0095150666311383,0.1795308738946914,0.004275410901755,0.39534792304039,0.0,0.2326228022575378,0.2671655118465423,1.449081301689148,2.4614613,2.4497197,872,74311,75183,0.9046694,0.4198237061500549,0.48087308,0.9659497141838074,0.93341625,1.8949308,8.152815,0.0,3.2295206,1.9658763408660889,3.771443128585816,0.8594229221343994,0.2711585462093353,1.8940983,8.152815,0.0,3.264175,OSI,0.1099291777286239,0.18499610974631556
A549,2,OSI,6,3,12,2,0.3775359392166137,0.013079690746963,0.3873969316482544,0.0096012083813548,0.216708093881607,0.0028040877077728,0.3733462989330292,0.0811015591025352,0.2595131695270538,0.2873204350471496,1.5509130954742432,3.5911324,3.555404,840,47127,47967,0.8682079,0.3880017399787903,0.49107224,0.9472606778144836,0.9068461,4.6650996,9.734875,0.0,1.7275921,2.5730180740356445,4.700874328613281,1.2922987937927246,0.3529125452041626,4.7023883,9.734875,0.0,1.6726924,OSI,0.14387973204612314,0.1765379533164505
A549,2,OSI,7,3,12,1,0.182125985622406,0.0161447674036026,0.233118787407875,0.0087777078151702,0.1199116855859756,0.004248475190252,0.2789376080036163,0.0,0.1745440512895584,0.2031542509794235,1.0274624824523926,1.6282356,1.6129401,1519,58144,59663,0.6816345,-0.11499624,0.4216078,0.9121654629707336,0.9181184,2.0704544,6.3445244,0.0,1.7044775,1.6111876964569092,2.9033217430114746,0.502890408039093,0.257997453212738,2.0824523,6.3445244,0.0,1.7366117,OSI,0.09009546274917425,0.184451662786782
A549,2,OSI,7,3,12,2,0.08317631483078,0.0123782260343432,0.1956447213888168,0.0071118255145847,0.1319141685962677,0.0039362525567412,0.3077851235866546,0.0,0.1825367212295532,0.2135709971189499,0.9946898221969604,1.1685437,1.1656972,1314,78941,80255,0.7659384,0.1638747453689575,0.51050955,0.9545998573303224,0.94220144,1.0801165,5.5485873,0.0,1.7482514,1.954569935798645,4.115249156951904,0.0,0.3425323069095611,1.0655609,5.5485873,0.0,1.7587099,OSI,0.10929693866745117,0.18505425074438814
A549,2,OSI,7,3,12,3,0.2206815481185913,0.0118195135146379,0.2387424409389495,0.0084749422967433,0.0816592872142791,0.0013370289234444,0.2224133610725402,0.0092728063464164,0.1107001230120658,0.1328585296869278,1.439064860343933,3.785698,3.7523694,1228,85235,86463,0.9893588,0.1102218255400657,0.5869693,0.9477505087852478,0.87671936,2.6069548,7.7635713,0.0,1.2966566,0.9746904969215392,2.629441022872925,0.464286744594574,0.1221672296524047,2.6304712,7.7635713,0.0,1.2746398,OSI,0.05450338998397216,0.16511896829380182
A549,2,OSI,7,3,12,4,0.1884576827287674,0.029121646657586,0.3105440139770508,0.0100740166381001,0.1658197939395904,0.0031385270413011,0.3803422451019287,0.0426226332783699,0.2098189741373062,0.2392864823341369,1.635857105255127,2.5927086,2.58368,848,89023,89871,0.74229014,0.2942067980766296,0.31306306,0.9604204297065736,0.9157138,3.0294275,11.042983,0.0,7.08468,3.212463855743408,5.48201322555542,1.558666110038757,0.5785186886787415,3.027684,11.042983,0.0,7.1463327,OSI,0.1796366855858371,0.1596844544891801
A549,2,OSI,8,3,12,1,0.2569007575511932,0.0070258434861898,0.2591098546981811,0.0065138572826981,0.1128932759165763,0.002022371860221,0.2774608433246612,0.006426066160202,0.1476753950119018,0.1742212027311325,1.6583813428878784,4.2511353,4.197326,1553,73277,74830,0.9775039,0.2410309016704559,0.7039853,0.9460907578468324,0.90174454,2.0876424,5.0535803,0.0,0.3512195,0.9389128088951112,1.994957447052002,0.4525967836380005,0.0899761468172073,2.1119874,5.0535803,0.0,0.3281975,OSI,0.05250274948384603,0.16296180671607025
A549,2,OSI,8,3,12,2,0.3875230848789215,0.1123184338212013,0.6621541380882263,0.0100684994831681,,,,,,,0.7043420672416687,1.8306973,1.824074,372,62891,63263,0.6651028,0.6975606083869934,0.43934286,0.9885391592979432,0.8942341,6.515146,18.130146,0.0,32.06964,6.493863582611084,8.25448989868164,4.530086040496826,0.3771986663341522,6.5152717,18.130146,0.0,32.2571,,,
A549,2,OSI,8,3,12,3,0.277400255203247,0.0216867793351411,0.3267150521278381,0.0094302697107195,0.1586903184652328,0.0026996373198926,0.3331723809242248,0.0,0.1997270286083221,0.2249409705400467,1.0545222759246826,2.7508407,2.7314215,883,76252,77135,0.8361425,0.2613807320594787,0.39152274,0.9415429830551147,0.89355975,3.3287294,9.540381,0.0,3.1091228,1.7997493743896484,3.47261643409729,0.7476590871810913,0.2981273233890533,3.3464346,9.540381,0.0,3.114289,OSI,0.10063957978002651,0.18538392898469924
A549,2,OSI,8,3,12,4,0.3392008244991302,0.0098652299493551,0.3476511836051941,0.0071732173673808,0.2558296918869018,0.0054907463490962,0.4266915321350097,0.0809398218989372,0.3173511624336242,0.3452554941177368,1.624418020248413,1.8955252,1.891428,567,36950,37517,0.9085789,-0.549598098,0.50830454,0.9258566498756408,0.93741846,3.0208056,6.3725543,0.0,0.6665157,2.637899875640869,3.840259313583374,1.1472983360290527,0.3446685075759887,3.0266807,6.3725543,0.0,0.6691699,control,0.3226386712582685,0.0
A549,2,OSI,8,3,12,5,0.2093003839254379,0.0067665576934814,0.2120601832866668,0.0062705348245799,0.0872518196702003,0.0014802659861743,0.2216697782278061,0.0,0.1169798299670219,0.1396274268627166,0.9534260630607604,2.5688741,2.561446,701,151746,152447,0.90048295,0.6223568916320801,0.4416606,0.9688412547111512,0.82888144,2.154401,6.8539333,0.0,1.0313716,0.9041608572006226,1.5584276914596558,0.5170270800590515,0.0468047559261322,2.1601765,6.8539333,0.0,1.0286658,OSI,0.05055946678857897,0.16071690166462785
A549,2,OSI,8,3,12,6,0.3041942417621612,0.0161785688251256,0.33307546377182,0.0080949962139129,0.1880662441253662,0.0021488820202648,0.3245384991168976,0.0865021646022796,0.2258936017751693,0.2480359971523285,0.9445366859436036,1.5665793,1.5608195,244,26107,26351,0.9516242,0.4516833424568176,0.5576822,0.9867703318595886,0.9353206,2.7685804,6.3815866,0.0,1.2213596,1.9089734554290767,2.607139110565185,1.2324347496032717,0.0800122693181037,2.776614,6.3815866,0.0,1.2250562,OSI,0.10674724442160775,0.1852434333696687
A549,2,OSI,8,3,12,7,0.3618492186069488,0.0078015783801674,0.3618492186069488,0.0078015783801674,,,,,,,0.4200912415981293,0.6281616,0.6277461,200,99943,100143,0.8707232,0.0505793243646621,0.6932041,0.9975059032440186,0.9023459,6.5010023,24.34542,2.2258701,3.5609593,5.153435230255127,6.107545852661133,4.647304534912109,0.0654060766100883,6.5036983,24.34542,2.2258701,3.564313,,,
A549,2,OSI,8,3,12,8,0.1810160875320434,0.0151131087914109,0.2308434396982193,0.0077708959579467,0.1101051643490791,0.0025687862653285,0.2836447656154632,0.0,0.1502497494220733,0.1761192828416824,0.985871195793152,1.2309474,1.2219403,3066,80357,83423,0.8593363,0.1657921373844146,0.66283643,0.9293996095657348,0.94988084,3.2292154,9.894863,0.0,3.66168,2.9281649589538574,5.332831859588623,1.0288535356521606,0.7212546467781067,3.2407017,9.894863,0.0,3.77028,OSI,0.1637390712224324,0.16793740973279345
A549,2,OSI,9,3,12,1,0.0781533420085907,0.012592195533216,0.195050835609436,0.008625959046185,0.069431222975254,0.001748061273247,0.2099459022283554,0.0,0.1028654724359512,0.1250183582305908,1.1922417879104614,2.2634382,2.2501228,1028,81674,82702,0.8760685,0.03550735861063,0.49485275,0.9657387137413024,0.939933,1.6694293,9.304579,0.0,4.5342984,1.9683033227920528,4.323760509490967,0.0,0.3729619085788727,1.6656678,9.304579,0.0,4.5855355,OSI,0.11006489131443667,0.18498305930091227
A549,2,OSI,9,3,12,2,0.3546617329120636,0.062886044383049,0.507087230682373,0.0126199992373585,0.2285708785057068,0.0041961600072681,0.3782419860363006,0.0881970897316932,0.2833195924758911,0.3105225265026092,1.222949743270874,2.0353737,2.0241222,807,57464,58271,0.6894704,-0.190150246,0.4501461,0.8867734670639038,0.9258479,3.2509692,8.783779,0.0,5.1439695,3.169257640838623,5.955331802368164,1.279516339302063,1.2721935510635376,3.2521164,8.783779,0.0,5.198247,OSI,0.17722065179036614,0.16100587640890499
A549,2,OSI,9,3,12,3,0.4767493903636932,0.0294551458209753,0.5243532657623291,0.0074350507929921,,,,,,,1.162524700164795,1.8144634,1.8022621,1228,64387,65615,0.7993185,0.066746786236763,0.50023764,0.9633363485336304,0.9495781,4.7404876,9.496961,0.0,2.9747262,3.9407453536987305,6.003014087677002,2.2920517921447754,0.5196630358695984,4.75574,9.496961,0.0,3.009118,,,
A549,2,OSI,9,3,12,4,0.1624272614717483,0.0283985529094934,0.3030940890312195,0.0103572569787502,0.1537971347570419,0.0039873328059911,0.3435251712799072,0.0,0.2035063803195953,0.2364714741706848,0.9976235628128052,1.8767759,1.863299,790,50745,51535,0.81431746,-0.529836297,0.43993378,0.9366231560707092,0.9200744,2.374973,9.583425,0.0,5.671018,2.517233371734619,5.323023796081543,1.1173372268676758,0.6799301505088806,2.3727584,9.583425,0.0,5.748399,OSI,0.14076032604569988,0.17768226619504712
A549,4,OSI,0,3,12,1,0.440327525138855,0.0197588540613651,0.4707074761390686,0.0068220025859773,,,,,,,1.0528786182403564,0.8498903,0.85289437,725,48266,48991,0.81857806,0.6989003419876099,0.7391213,0.982261836528778,0.9260964,6.3926578,12.236588,0.0,3.8190222,6.043433666229248,7.869239807128906,4.077318668365479,0.3251096606254577,6.397903,12.236588,0.0,3.8696437,,,
A549,4,OSI,0,3,12,2,0.5008836984634399,0.0080160042271018,0.5008836984634399,0.0080160042271018,0.2887856662273407,0.0001561685785418,0.3103843033313751,0.2561589181423187,0.2986157238483429,0.3031825125217438,0.6276159286499023,1.2192274,1.2112298,932,68011,68943,0.6839442,-0.2570225,0.56121373,0.9505236148834229,0.8724963,6.098253,15.007051,0.0,2.054455,4.171576023101807,6.559469223022461,2.7414743900299072,0.7996737360954285,6.1246552,15.007051,0.0,2.0200844,OSI,0.23326895619995758,0.1256414945856753
A549,4,OSI,0,3,12,3,0.3143332600593567,0.0101895229890942,0.3181752562522888,0.0090916380286216,0.1826855093240738,0.0019717903342097,0.319143533706665,0.0167708192020654,0.2176414430141449,0.2384033650159835,0.9464352130889891,1.0358437,1.0335498,1413,53658,55071,0.50616574,-0.32629019,0.5437198,0.8507347702980042,0.87923914,3.4267726,8.306631,0.0,1.0113326,2.856658935546875,5.387284755706787,1.0668305158615112,1.2299550771713257,3.4417853,8.306631,0.0,0.9967911,OSI,0.1597405499561811,0.16983577995344246
A549,4,OSI,0,3,12,4,0.2492866963148117,0.0194894280284643,0.2805792987346649,0.0131558552384376,0.1279291361570358,0.002020921325311,0.2998256385326385,0.003021543379873,0.163527563214302,0.1861125975847244,0.6994171738624573,2.0762305,2.0464146,905,40885,41790,0.37719896,0.4878834187984466,0.1628689,0.9723560214042664,0.828039,2.5353658,7.523614,0.0,1.8269794,1.261747121810913,2.006885528564453,0.689160943031311,0.0678669363260269,2.5635562,7.523614,0.0,1.8292172,OSI,0.07055521281721333,0.17766499301749925
A549,4,OSI,0,3,12,5,0.2233177721500396,0.0076887076720595,0.2236720323562622,0.0076216706074774,0.1053582653403282,0.0005626445636153,0.1578576862812042,0.0408040024340152,0.1243412718176841,0.1352226138114929,0.700688898563385,2.028486,2.021087,190,33905,34095,0.4833373,0.1231096982955932,0.22308266,0.9944957494735718,0.86787087,4.8783355,11.319757,0.0,2.603041,2.21818470954895,2.821707248687744,1.843138694763184,0.0413835570216178,4.893243,11.319757,0.0,2.5775194,OSI,0.12403792451334689,0.18264923645522568
A549,4,OSI,0,3,12,6,0.1293572634458542,0.0029554618522524,0.1302709132432937,0.0028573120944201,0.089156724512577,0.0007786967908032,0.1667880564928054,0.0073095387779176,0.1110994592308998,0.1240293085575103,1.091992974281311,1.5353439,1.524427,1622,64249,65871,0.7739077,-0.269956112,0.5756857,0.943812370300293,0.9028344,3.353169,8.37019,0.0,1.5662143,2.487600803375244,4.536120414733887,1.1284949779510498,0.5558342933654785,3.3750205,8.37019,0.0,1.5723301,OSI,0.13910331242484406,0.1782644240368835
A549,4,OSI,1,3,12,1,0.2464183419942855,0.0176824368536472,0.2817828953266144,0.010254992172122,0.1821279078722,0.0021067161578685,0.3312388062477112,0.0645443499088287,0.2193144708871841,0.2406365275382995,1.1632728576660156,1.7138923,1.7034891,1315,68284,69599,0.83229005,0.3873077034950256,0.63491255,0.973235547542572,0.9326646,3.2921367,9.641092,0.0,2.5069199,2.39163875579834,4.075407981872559,1.3076099157333374,0.2392252832651138,3.309478,9.641092,0.0,2.5346735,OSI,0.13373724297073145,0.18002078606558578
A549,4,OSI,1,3,12,2,0.2830914855003357,0.0274173375219106,0.3377631902694702,0.0142461927607655,0.1522902250289917,0.0006654550670646,0.2116440832614898,0.0795916020870208,0.1729197055101394,0.18624909222126,1.3914997577667236,2.5484977,2.530389,1196,75219,76415,0.97523546,0.611152708530426,0.56371284,0.965904712677002,0.9127698,5.973652,17.044205,0.0,10.09028,4.020330429077148,6.835124492645264,2.069662570953369,0.940524697303772,6.004709,17.044205,0.0,10.17413,OSI,0.22481150471097783,0.13150693787458462
A549,4,OSI,1,3,12,3,0.2296768575906753,0.0123454984277486,0.2425200343132019,0.0099211139604449,0.1089840531349182,0.001122853369452,0.2251083701848983,0.0,0.1347931623458862,0.1487086564302444,1.0121160745620728,2.1519644,2.1350584,645,42842,43487,0.82905984,0.4110368192195892,0.44818956,0.9759120941162108,0.9234745,5.842954,14.648454,0.0,3.7446404,3.171682357788086,5.423185348510742,2.1583542823791504,0.3970942199230194,5.88317,14.648454,0.0,3.6859927,OSI,0.17735623872171996,0.1609323192141826
A549,4,OSI,1,3,12,4,0.2086696624755859,0.0342381484806537,0.3438762426376343,0.0099282683804631,,,,,,,0.8666445016860962,1.2683729,1.2653906,198,26473,26671,0.7771081,0.31775563955307,0.19911593,0.9911316633224488,0.9290559,3.3137972,11.491802,0.0,7.993918,3.742620944976807,4.967581272125244,2.741760492324829,0.1891176849603653,3.3105905,11.491802,0.0,8.050904,,,
A549,4,OSI,1,3,12,5,0.1460568606853485,0.0293617229908704,0.3086718916893005,0.0118574388325214,0.2248729616403579,0.0009988133097067,0.2862603962421417,0.1511348038911819,0.2504006326198578,0.2619749903678894,1.4351657629013062,1.7097472,1.7079207,715,106772,107487,0.9471278,0.101608008146286,0.58598983,0.9261014461517334,0.91758585,4.379514,21.846102,0.0,23.948122,5.741966247558594,12.861322402954102,2.1258208751678467,6.501928329467773,4.3703904,21.846102,0.0,24.05244,OSI,0.32108307883777765,0.057867798031467965
A549,4,OSI,1,3,12,6,0.0967925712466239,0.0031337663531303,0.1009731590747833,0.002846990711987,0.0581947527825832,0.0005531453061848,0.1171409115195274,0.0037259545642882,0.0767993032932281,0.0902024954557418,0.7466563582420349,1.4588195,1.4525591,200,22551,22751,0.8222418,0.1096002608537674,0.5544579,0.9925715923309326,0.9201011,1.1930246,4.4107223,0.0,0.1978967,0.6736065745353699,0.8472135066986084,0.5169806480407715,0.0045011304318904,1.197631,4.4107223,0.0,0.19719794,OSI,0.037667179421186324,0.14141888768853766
A549,4,OSI,1,3,12,7,0.2341768741607666,0.0311138238757848,0.3163854777812958,0.0160268377512693,,,,,,,0.9198787212371826,1.5054891,1.4941298,1193,60310,61503,0.8737807,0.1904452592134475,0.4457364,0.9613634943962096,0.8887177,6.5278544,22.02642,0.0,19.846033,5.161966323852539,11.017471313476562,2.504941940307617,2.179532289505005,6.554873,22.02642,0.0,20.157856,,,
A549,4,OSI,1,3,12,8,0.2992481589317322,0.0328216552734375,0.3520513474941253,0.0200236830860376,0.1506316512823104,0.0007875469163991,0.2260942906141281,0.0934581756591796,0.1726560145616531,0.1873950064182281,0.7494667768478394,2.0983849,2.0926669,200,46983,47183,0.8352683,0.2203920781612396,0.24158978,0.9946658611297609,0.8196158,5.3402953,16.018719,0.0,10.258303,2.242260694503784,2.901941537857056,1.805113673210144,0.052376240491867,5.353483,16.018719,0.0,10.260717,OSI,0.12538422141619562,0.18232961699414604
A549,4,OSI,1,3,12,9,0.1979482322931289,0.0176830068230628,0.234548881649971,0.0123679572716355,,,,,,,1.0893874168395996,1.3633227,1.3547657,1154,35789,36943,0.8253836,-0.31660676,0.503939,0.9539840817451476,0.9173882,6.554567,20.52847,0.0,10.855754,5.463075160980225,9.451066970825195,2.6888537406921387,1.8562527894973757,6.589761,20.52847,0.0,11.106277,,,
A549,4,OSI,10,3,12,1,0.1514262557029724,0.017532791942358,0.2257945537567138,0.0093515189364552,0.1111310273408889,0.0024447254836559,0.290126770734787,0.0,0.1499585807323455,0.1753780543804168,1.3277981281280518,1.8795656,1.8737457,997,93530,94527,0.8616029,-0.285009891,0.58445686,0.9585627913475036,0.934725,2.865827,10.621899,0.0,4.8589053,2.562775135040283,5.332783222198486,1.2340004444122314,0.5733060836791992,2.8690574,10.621899,0.0,4.903598,OSI,0.14330696058645523,0.17675270269276108
A549,4,OSI,10,3,12,2,0.2113798111677169,0.0210493803024292,0.2575653195381164,0.0137527901679277,0.1125895902514457,0.0022133828606456,0.2816390097141266,0.0,0.1493019610643386,0.1721971780061721,0.8456231951713562,1.2888533,1.2788996,1457,63422,64879,0.7554497,0.4349732995033264,0.4849794,0.9505967497825624,0.8830557,4.585951,15.317384,0.0,7.7254353,3.316367149353028,7.201952934265137,1.2234293222427368,0.8426280617713928,4.615117,15.317384,0.0,7.845673,OSI,0.18544681890519388,0.1564169537251227
A549,4,OSI,10,3,12,3,0.2670510709285736,0.0159982349723577,0.2814790606498718,0.0128013957291841,0.1679240614175796,0.0017041196115314,0.2977386116981506,0.0434783585369586,0.2013564109802246,0.2216361165046692,0.5305755138397217,0.5979974,0.59617376,1600,57551,59151,0.18466102,-0.284406006,0.3253194,0.7903545498847961,0.83817303,2.4619339,6.8825097,0.0,1.1950053,2.061962366104126,4.95468282699585,0.9456775188446044,1.108368158340454,2.4730532,6.8825097,0.0,1.1928427,OSI,0.1153021798478598,0.184330888013868
A549,4,OSI,10,3,12,4,0.427472323179245,0.0059589794836938,0.427472323179245,0.0059589794836938,0.331238180398941,0.0004118334909435,0.3850196003913879,0.2920077443122864,0.3485094308853149,0.3582316040992737,0.6129820942878723,0.95823556,0.9558577,200,28839,29039,0.91047037,0.0005164593458175,0.57158184,0.9962453246116638,0.9485279,3.9105566,7.64908,2.171034,0.44363183,3.037905693054199,3.5969667434692383,2.635129451751709,0.0284961387515068,3.916608,7.64908,2.171034,0.44119313,control,0.3347549219036211,0.0
A549,4,OSI,10,3,12,5,0.2606586217880249,0.0042746397666633,0.2606586217880249,0.0042746397666633,0.191640704870224,0.0010025486117228,0.2951974272727966,0.0820809304714202,0.2166096121072769,0.230121448636055,0.7674620151519775,1.1741737,1.16411,734,28929,29663,0.64921,0.2614226639270782,0.5055353,0.9745023250579834,0.916367,3.040942,5.996003,1.2960895,0.5388231,2.3391568660736084,3.713443994522095,1.29608952999115,0.123242549598217,3.058747,5.996003,1.6171958,0.53655446,OSI,0.13080252583560265,0.18089358273900902
A549,4,OSI,11,3,12,1,0.2216416448354721,0.0131314694881439,0.248161107301712,0.0081215519458055,0.133359745144844,0.0017139671836048,0.2924769520759582,0.0122404480352997,0.1668826639652252,0.1896171271800995,1.278046727180481,2.176278,2.1590228,1574,80361,81935,0.96775484,-0.125873208,0.63130975,0.9580355286598206,0.90792036,2.3306532,7.151696,0.0,1.3824726,1.3967852592468262,2.662718772888184,0.6736189723014832,0.147418275475502,2.3489444,7.151696,0.0,1.3892471,OSI,0.07810636499385272,0.1811977286908723
A549,4,OSI,11,3,12,2,0.222149446606636,0.005410558078438,0.2231340855360031,0.0052148322574794,0.1187786012887954,0.0012463930761441,0.2543005347251892,0.0388317815959453,0.1465064436197281,0.1675354987382888,1.19067120552063,2.4063904,2.3822393,1184,58415,59599,0.99223685,0.2736811935901642,0.6375643,0.9745696783065796,0.9241381,2.7196538,7.873556,0.0,0.6974418,1.4629926681518557,2.5891501903533936,0.8511850237846375,0.1164678856730461,2.7451243,7.873556,0.0,0.6765607,OSI,0.08180859481837272,0.18248575919965104
A549,4,OSI,11,3,12,3,0.2470003962516784,0.0279649309813976,0.323062926530838,0.0120036154985427,0.1593717187643051,0.0022098172921687,0.2821610271930694,0.0,0.1974871903657913,0.2174646854400634,0.9586868286132812,1.1909351,1.1870406,1737,101846,103583,0.82363623,0.1356934159994125,0.55889606,0.9683863520622252,0.91856617,4.330499,13.345567,0.0,7.6934223,3.7968499660491934,8.385159492492676,2.009530544281006,0.9081094264984132,4.3396006,13.345567,0.0,7.804206,OSI,0.21231477588405073,0.13987452316539933
A549,4,OSI,11,3,12,4,0.2493429481983184,0.0096818543970584,0.2650189101696014,0.0061361268162727,0.1404784917831421,0.0009823178406804,0.2495445162057876,0.044840469956398,0.1657731831073761,0.1802156269550323,1.1323668956756592,2.0166888,2.001799,955,55764,56719,0.9508452,0.1734089404344558,0.66796213,0.979012668132782,0.9391444,4.104308,10.333819,0.0,2.1348662,2.3471622467041016,3.425605058670044,1.166793704032898,0.167481780052185,4.1344,10.333819,0.0,2.1147773,OSI,0.13125017602184327,0.18076462902415683
A549,4,OSI,11,3,12,5,0.2975886464118957,0.0258692540228366,0.351675808429718,0.0115498891100287,,,,,,,0.8592661619186401,1.0891533,1.08453,1132,55155,56287,0.7670986,0.5163499116897583,0.5507449,0.9807197451591492,0.922093,4.94333,13.335931,0.0,6.5277057,4.4939470291137695,6.533166408538818,2.649311065673828,0.4313850700855255,4.952553,13.335931,0.0,6.6485944,,,
A549,4,OSI,12,3,12,1,0.1867787092924118,0.0097486488521099,0.1960638016462326,0.0084127960726618,0.1274555474519729,0.0016605802811682,0.3005748391151428,0.0211121048778295,0.1583667248487472,0.1815147995948791,0.8037815690040588,1.3755676,1.3657248,1828,104363,106191,0.7520495,-0.52055943,0.46158797,0.9539422392845154,0.8591581,1.8064103,6.432902,0.0,0.8004032,1.1212594509124756,2.641352891921997,0.549591600894928,0.116959773004055,1.818411,6.432902,0.0,0.80400765,OSI,0.06269933001225986,0.17249193141683933
A549,4,OSI,12,3,12,2,0.1974869966506958,0.0201548375189304,0.2546761035919189,0.0114266593009233,0.126002550125122,0.0029020458459854,0.2932528853416443,0.0,0.1694638580083847,0.1981194466352462,0.9009979963302612,2.113462,2.0883195,1000,47223,48223,0.57751185,0.124640479683876,0.17822988,0.9393531680107116,0.864781,2.353148,8.454413,0.0,2.739165,1.4536921977996826,3.0695600509643555,0.5302648544311523,0.2288744002580642,2.3721945,8.454413,0.0,2.7748282,OSI,0.08128852494569018,0.18232108139675485
A549,4,OSI,12,3,12,3,0.4038648903369903,0.0226163901388645,0.4196310341358185,0.0168833415955305,,,,,,,0.6683344841003418,1.220419,1.2174056,367,66864,67231,0.7614391,-0.616116524,0.3947348,0.9788751602172852,0.86953187,8.731946,21.174902,0.0,9.636647,5.690951824188232,7.91672420501709,3.99019718170166,0.8369321823120117,8.748637,21.174902,0.0,9.633912,,,
A549,4,OSI,12,3,12,4,0.1117670089006424,0.0212428793311119,0.2586727142333984,0.0111638568341732,0.1230687424540519,0.0017824945971369,0.2429900765419006,0.0442688204348087,0.1570732295513153,0.1797114312648773,1.029597520828247,1.590455,1.5854295,800,88479,89279,0.85208076,0.0563423261046409,0.4666038,0.9704605340957642,0.89920926,2.8378823,18.526962,0.0,12.718945,3.920982360839844,8.138020515441895,2.15299391746521,1.1280560493469238,2.8280892,18.526962,0.0,12.813044,OSI,0.21925609350670922,0.13527304492120418
A549,4,OSI,12,3,12,5,0.2231515794992447,0.0654688403010368,0.4777238667011261,0.0185407232493162,0.2011899948120117,0.0018695490434765,0.3147762715816498,0.1022934988141059,0.2339968234300613,0.2594788074493408,0.7279233932495117,1.1940081,1.1861529,1396,81435,82831,0.35822585,0.3143831789493561,0.38471398,0.9460557103157043,0.8451569,3.2300458,15.253281,0.0,13.842151,4.831042289733887,9.397443771362305,2.350114107131958,1.774425387382507,3.2026017,15.253281,0.0,14.004326,OSI,0.2701454285006984,0.09849545907481205
A549,4,OSI,12,3,12,6,0.2352619767189026,0.0672198832035064,0.4998485743999481,0.0105652464553713,,,,,,,0.9091736078262328,1.0374792,1.0350127,983,50152,51135,0.70187074,0.2798585891723633,0.59211123,0.9691081047058104,0.90727097,2.5956323,10.408655,0.0,8.177521,4.627527236938477,7.181956768035889,2.317129611968994,0.7991478443145752,2.5558066,10.408655,0.0,8.239631,,,
A549,4,OSI,12,3,12,7,0.1765449941158294,0.0392942242324352,0.3691665232181549,0.0110572492703795,,,,,,,0.828181266784668,0.9522546,0.95113075,552,60391,60943,0.6217738,-0.204293221,0.46776897,0.974013090133667,0.90477514,2.540784,11.648516,0.0,7.9309072,4.413599014282227,7.003045082092285,2.473268747329712,0.7164508700370789,2.5236654,11.648516,0.0,7.9644976,,,
A549,4,OSI,12,3,12,8,0.1694656312465667,0.0363897606730461,0.3346862196922302,0.01657092012465,0.1281579583883285,0.000902039813809,0.196448341012001,0.0773582160472869,0.1538654267787933,0.167611613869667,0.8772899508476257,1.6717733,1.6683878,297,69398,69695,0.8147479,0.8592554926872253,0.37777263,0.9750836491584778,0.850442,3.907139,22.21104,0.0,18.712362,4.543052673339844,8.39605712890625,2.431556463241577,1.6336311101913452,3.9044178,22.21104,0.0,18.78371,OSI,0.2540414340293923,0.1106349346912141
A549,4,OSI,13,3,12,1,0.4587312042713165,0.0119346557185053,0.4600305557250976,0.0113707249984145,0.2927364408969879,0.0023638592101633,0.3949570953845978,0.186489924788475,0.3336468040943146,0.3565687835216522,0.9517751336097716,1.2951161,1.2837131,2387,69484,71871,0.6695207,-0.040722899,0.3023342,0.9280381798744202,0.9139157,5.0556993,9.207995,0.0,1.5136455,4.355205059051514,6.625677108764648,2.079885005950928,0.9411099553108216,5.079763,9.207995,0.0,1.5158782,OSI,0.2435372464832406,0.11832340248153944
A549,4,OSI,13,3,12,2,0.2632599771022796,0.0078317364677786,0.2648018002510071,0.0074693197384476,0.1781485378742218,0.0021217411849647,0.34340301156044,0.0360211804509162,0.2152539491653442,0.2380668669939041,0.9050065279006958,1.3183298,1.3132163,1158,92441,93599,0.79624915,0.4083023369312286,0.48161724,0.9671868681907654,0.8966436,3.1997023,8.658376,0.0,1.1636336,2.337346315383911,3.5558652877807617,1.2910829782485962,0.2500954568386078,3.2105043,8.658376,0.0,1.165645,OSI,0.1307012822607058,0.18092253577773051
A549,4,OSI,13,3,12,3,0.197463572025299,0.0051457127556204,0.1980693936347961,0.0050415052101016,0.1110705658793449,0.0016832977999001,0.2512345612049103,0.0061408365145325,0.1442687064409256,0.1658944636583328,1.332206130027771,2.8345292,2.8004837,1178,50804,51982,0.9298795,-0.193607152,0.44563997,0.9495221972465516,0.88798654,2.8043866,8.567884,0.0,1.0283184,1.53694748878479,2.9336042404174805,0.8145142197608948,0.1999281346797943,2.8337743,8.567884,0.0,1.0094154,OSI,0.08594404955285752,0.18361654566040364
A549,4,OSI,13,3,12,4,0.2946748733520508,0.0079783322289586,0.2986410856246948,0.0069012376479804,0.2026167660951614,0.001565508893691,0.3194524943828583,0.0892120450735092,0.2347230762243271,0.2521060705184936,1.709439396858215,2.4606273,2.4477353,712,40775,41487,0.8348971,-0.258775353,0.37734804,0.9833210706710817,0.928466,3.0218594,6.759916,0.0,0.6015262,2.1769466400146484,2.953052759170532,1.4518030881881714,0.0891488194465637,3.0366127,6.759916,0.0,0.5977901,OSI,0.12173194677670836,0.18316053720430775
A549,4,OSI,13,3,12,5,0.3107574880123138,0.0098736081272363,0.3110523819923401,0.0097912615165114,0.1501702964305877,0.0035613307263702,0.3069662749767303,0.034327708184719,0.198845237493515,0.2375657856464386,1.0905214548110962,2.568157,2.5546207,1005,108706,109711,0.5679001,-0.293856412,0.23141477,0.8676323890686035,0.87221104,3.842733,9.347013,0.0,1.6936455,1.98841404914856,4.268900394439697,0.8119726181030273,0.6739986538887024,3.859876,9.347013,0.0,1.6709893,OSI,0.11118945625575044,0.18486725368834284
A549,4,OSI,13,3,12,6,0.2045538872480392,0.0043481159955263,0.2048081904649734,0.0043014362454414,0.1004596203565597,0.0010177382500842,0.1857704520225525,0.0172581933438777,0.1267879754304886,0.1419621706008911,0.994079291820526,1.9153228,1.8919564,1103,42384,43487,0.81685066,-0.341438323,0.52441823,0.916690707206726,0.9240988,4.2140965,9.161188,0.0,1.266956,2.487633228302002,4.908149242401123,1.1926127672195437,0.7404118776321411,4.2590256,9.161188,0.0,1.2010725,OSI,0.13910512558341476,0.1782637970028304
A549,4,OSI,13,3,12,7,0.2219640165567398,0.0053422031924128,0.2227537482976913,0.0051852958276867,0.1145464703440666,0.0015635705785825,0.2391585260629654,0.0,0.1459167599678039,0.1655273884534835,1.1477540731430054,1.7708821,1.7419726,2434,50029,52463,0.79601955,0.2528155446052551,0.6273974,0.903932809829712,0.90826696,4.021123,9.507701,0.0,1.5556827,2.7543535232543945,6.544300556182861,0.9239166975021362,1.1805425882339478,4.0827527,9.507701,0.0,1.4920652,OSI,0.15401976802462505,0.1724127173167019
A549,4,OSI,13,3,12,8,0.2569311559200287,0.002542310161516,0.2569311559200287,0.002542310161516,,,,,,,0.8727855086326599,1.0796874,1.0737345,400,13503,13903,0.9558383,-0.054501511,0.89432335,0.988220751285553,0.9825099,5.442745,8.9879875,2.7338238,0.41142145,4.438856601715088,5.748291969299316,3.2529759407043457,0.1927907317876815,5.4724817,8.9879875,2.7338238,0.38716158,,,
A549,4,OSI,13,3,12,9,0.1609950959682464,0.0228602159768342,0.269351989030838,0.0090600252151489,,,,,,,0.9659671187400818,1.2767029,1.2751442,200,39671,39871,0.81827426,-0.003205641,0.39922264,0.991443932056427,0.9399001,3.5476117,12.884996,0.0,9.495194,4.031352996826172,5.318462371826172,2.89193058013916,0.2925604581832886,3.5451732,12.884996,0.0,9.540403,,,
A549,4,OSI,14,3,12,1,0.1765746772289276,0.0051372232846915,0.178812637925148,0.0048021585680544,0.1176044046878814,0.0011642674217,0.2216695994138717,0.0,0.1440697312355041,0.1605284214019775,1.2371934652328491,1.9246589,1.9134496,624,37647,38271,0.97486305,0.3961487710475921,0.6145593,0.9705873131752014,0.9354638,2.6697943,6.773135,0.0,0.6556286,1.6631454229354858,2.7060322761535645,0.8404513597488403,0.1155748888850212,2.686479,6.773135,0.0,0.64750576,OSI,0.09300086937608465,0.18487075374295836
A549,4,OSI,14,3,12,2,0.2152039259672165,0.0025409292429685,0.2152197659015655,0.0025377066340297,0.1691242009401321,0.0011985911987721,0.2727098762989044,0.0679062083363533,0.1973976790904998,0.2137113362550735,1.129732608795166,1.4321555,1.4237509,755,26412,27167,0.8616075,0.1184856295585632,0.6280949,0.9834536910057068,0.96254957,2.0121503,3.5946481,1.001344,0.10926792,1.7004297971725464,2.2221519947052,1.123146653175354,0.0428547449409961,2.0210607,3.5946481,1.001344,0.10830936,OSI,0.09508576175553138,0.18509265072586703
A549,4,OSI,14,3,12,3,0.2229039669036865,0.0039893575012683,0.2231708765029907,0.0039345687255263,0.1653046905994415,0.0028660141397267,0.3046798408031463,0.0126768117770552,0.2095592767000198,0.2334401905536651,1.3111281394958496,1.7939632,1.7814916,1339,50500,51839,0.82566005,-0.14711386,0.72001207,0.9321755170822144,0.9524551,2.1304553,6.316297,0.0,0.19881926,1.664328932762146,2.7520251274108887,0.7296093702316284,0.1960156410932541,2.1428142,6.316297,0.0,0.19297998,OSI,0.09306704966391556,0.1848787895331644
A549,4,OSI,14,3,12,4,0.2353059202432632,0.0040401229634881,0.2360619306564331,0.0038746402133256,0.1518345177173614,0.0011330113047733,0.2498084604740142,0.0659442469477653,0.1793695539236068,0.1961678862571716,1.3413578271865845,2.0503087,2.042428,774,68857,69631,0.9950843,0.3935496211051941,0.8133249,0.978969395160675,0.9627199,2.5829475,5.412108,0.0,0.2571183,1.6963751316070557,2.789720296859741,1.1006920337677002,0.0934873446822166,2.592913,5.412108,0.0,0.25002316,OSI,0.09485903027587861,0.18507161108246428
A549,4,OSI,14,3,12,5,0.137638047337532,0.01533211953938,0.2103821039199829,0.0081313587725162,0.1939426362514495,0.0007681176648475,0.2517170011997223,0.1283474713563919,0.2161327600479126,0.2293025255203247,0.7712889909744263,4.6588173,4.6426997,200,48039,48239,0.99472153,0.1680286526679992,0.3062805,0.9924721121788024,0.7839184,2.5571406,12.899471,0.0,5.715424,0.5413922071456909,0.8019892573356628,0.4262710213661194,0.0051519535481929,2.5655324,12.899471,0.0,5.72221,control,0.1562815450782903,0.0
A549,4,OSI,15,3,12,1,0.1135968938469886,0.0100956344977021,0.1564728021621704,0.0071972082369029,0.0593685805797576,0.0014100449625402,0.277224063873291,0.0,0.0878510028123855,0.1091521009802818,1.0946083068847656,2.3767214,2.345764,1667,67372,69039,0.84120387,-0.12869662,0.46488053,0.9345553517341614,0.8614019,2.201479,11.203205,0.0,3.0376735,1.1087669134140017,3.540843725204468,0.425978273153305,0.2563954293727875,2.2285159,11.203205,0.0,3.0762155,OSI,0.06200076401072478,0.171947880828148
A549,4,OSI,15,3,12,2,0.3214485645294189,0.0150469616055488,0.3305407166481018,0.0124672232195734,0.2207847535610199,0.0009944242192432,0.3043569028377533,0.1309759020805359,0.2462667971849441,0.2596476376056671,0.901235044002533,1.5645944,1.5579284,400,39407,39807,0.90248436,-0.070946857,0.5043781,0.992988348007202,0.9076411,3.0117383,7.626179,0.0,1.0321233,2.023073434829712,2.4313175678253174,1.5538111925125122,0.0340997539460659,3.0217733,7.626179,0.0,1.0322313,control,0.297763736390006,0.0
A549,4,OSI,15,3,12,3,0.0748579502105712,0.0089617846533656,0.1544113457202911,0.0062017482705414,0.0677755251526832,0.0018709950381889,0.212639644742012,0.0,0.1026187762618064,0.1262264847755432,0.8780072331428528,1.4616858,1.4534045,1256,87271,88527,0.6902478,0.5089105367660522,0.4548825,0.9530054330825806,0.9219054,0.76325506,4.9800897,0.0,0.792178,0.7632055878639221,1.5626404285430908,0.0,0.0984798893332481,0.7632557,4.9800897,0.0,0.80216163,OSI,0.04267743650386958,0.14991864324860693
A549,4,OSI,15,3,12,4,0.2779651582241058,0.0116497604176402,0.2789413034915924,0.0114183761179447,0.1882110089063644,0.0025540734641253,0.3371209502220154,0.077487476170063,0.2302068620920181,0.2561088502407074,0.8424464464187622,1.6019142,1.5968059,246,36328,36574,0.38577187,0.7804036736488342,0.107932635,0.97653728723526,0.83374304,2.6470017,8.230772,0.0,1.1979467,1.8755639791488647,2.522554874420166,1.243236780166626,0.0864476114511489,2.652225,8.230772,0.0,1.2014159,OSI,0.10487903115738502,0.1853345308273281
A549,4,OSI,15,3,12,5,0.1545942276716232,0.007498484570533,0.1669210940599441,0.0060387784615159,0.0954521670937538,0.0015874267555773,0.2056439965963363,0.0,0.1271363049745559,0.14644755423069,1.074684977531433,1.8298764,1.8228787,663,70888,71551,0.60570705,-0.126180246,0.41657507,0.8973632454872131,0.87986904,1.0723548,4.8538365,0.0,0.29892153,0.6526666879653931,1.115483283996582,0.230703666806221,0.0431315563619136,1.0762799,4.8538365,0.0,0.2996511,OSI,0.03649624894884844,0.1392212562532768
A549,4,OSI,15,3,12,6,0.3173516094684601,0.0164071079343557,0.3257769048213959,0.014097936451435,0.2172156721353531,0.0029888306744396,0.3662428557872772,0.0520789697766304,0.2619111239910126,0.2876484990119934,0.976560115814209,1.3026565,1.2963351,1727,87360,89087,0.6737225,0.0773293375968933,0.3519895,0.8487161993980408,0.86298347,2.8375497,7.910988,0.0,1.5174505,2.274044752120972,5.639716148376465,0.6096372604370117,1.194972038269043,2.8486893,7.910988,0.0,1.517424,OSI,0.12716154344103742,0.18188454473188165
A549,4,OSI,15,3,12,7,0.1058239340782165,0.0119828227907419,0.170405313372612,0.0082905953750014,0.0881363004446029,0.0018756213830783,0.2498479634523391,0.0,0.122643195092678,0.1462147086858749,1.244627833366394,1.9089655,1.9018661,654,60545,61199,0.9375075,0.589812695980072,0.594342,0.9785488843917848,0.9075383,2.2379208,12.677333,0.0,4.3155513,1.9303538799285889,3.23297381401062,1.0778274536132812,0.1885825842618942,2.241243,12.677333,0.0,4.359098,OSI,0.10794280918621793,0.18516387157392664
A549,4,OSI,15,3,12,8,0.221729040145874,0.0103050367906689,0.2370714545249939,0.0073808361776173,0.1672036945819854,0.005066112615168,0.3685103058815002,0.0,0.2246001958847046,0.2569754719734192,0.6530999541282654,0.8636677,0.8571627,1338,41973,43311,0.75139964,0.2695651948451996,0.53821486,0.9255262613296508,0.9214231,2.0353181,6.3795166,0.0,0.6149352,1.572881817817688,3.048996686935425,0.4572956562042236,0.1804120987653732,2.050059,6.3795166,0.0,0.6217524,OSI,0.087953449208726,0.1840567003505882
A549,4,OSI,16,3,12,1,0.1875652074813842,0.0092895533889532,0.2027423232793808,0.0069641876034438,0.1454017460346222,0.0023030212614685,0.2924458384513855,0.0386052653193473,0.1847854852676391,0.2102492302656173,1.3493329286575315,1.7050319,1.6982112,844,43171,44015,0.9337992,-0.010850154,0.6918387,0.9590778946876526,0.93898207,2.4311714,7.402546,0.0,0.96878517,1.8297433853149412,2.909430503845215,1.0222151279449463,0.2002266198396682,2.4429295,7.402546,0.0,0.9766006,OSI,0.10231680478612641,0.18539122793109225
A549,4,OSI,16,3,12,2,0.5002326369285583,0.0475250408053398,0.5651223063468933,0.0170193370431661,,,,,,,0.5343654751777649,0.92885226,0.9268481,327,64040,64367,0.69591796,0.5732078552246094,0.37508246,0.9849799871444702,0.8674811,8.083168,21.499544,0.0,13.602172,6.681059837341309,8.834166526794434,4.945188045501709,0.6129820346832275,8.090327,21.499544,0.0,13.658407,,,
A549,4,OSI,16,3,12,3,0.2929072678089142,0.0069683119654655,0.2934462428092956,0.0068229734897613,0.180101528763771,0.0019284699810668,0.3105143308639526,0.040005162358284,0.2156482636928558,0.2350240647792816,1.1061320304870603,1.9201137,1.9052682,705,37950,38655,0.88896203,-0.008147944,0.54242206,0.9723591208457948,0.9407592,2.534747,5.490294,0.0,0.38259235,1.513870358467102,2.3479127883911133,0.8359341621398926,0.0989086404442787,2.5537112,5.490294,0.0,0.3681423,control,0.26795055656064987,0.0
A549,4,OSI,16,3,12,4,0.2641133964061737,0.0132652958855032,0.268334686756134,0.0123445885255932,0.1157933995127677,0.0012055434053763,0.2207064032554626,0.0200272519141435,0.1426982581615448,0.1619586497545242,0.8770438432693481,1.8247771,1.8056437,1137,55182,56319,0.3563699,0.1009265482425689,0.27860937,0.9568760395050048,0.84644884,6.3417563,17.270378,0.0,6.179554,3.5377392768859863,6.608773231506348,1.969876766204834,0.9128252863883972,6.399531,17.270378,0.0,6.122731,OSI,0.1978256524288798,0.14906703035034322
A549,4,OSI,16,3,12,5,0.1361259222030639,0.0030194567516446,0.1367080956697464,0.0029527815058827,0.0817037373781204,0.0009168334072455,0.1726400703191757,0.0,0.1060472875833511,0.1191225722432136,0.748762845993042,1.4145406,1.3941424,1000,31639,32639,0.8100764,0.3669291734695434,0.43308288,0.984848141670227,0.9021141,1.5126796,3.7732763,0.60015875,0.23114634,0.9162725806236268,1.3234214782714844,0.6001587510108948,0.0153415538370609,1.5315294,3.7732763,0.6438566,0.2263695,OSI,0.05123673817594446,0.1615165397674394
A549,4,OSI,16,3,12,6,0.1653719842433929,0.0033334803301841,0.1657802760601043,0.0032740233000367,0.1097908243536949,0.0012731066672131,0.2208344489336013,0.0,0.1384165436029434,0.1563475430011749,1.465704083442688,2.397683,2.3520405,1372,26643,28015,0.893171,-0.243392542,0.51058376,0.9569185972213744,0.9210318,2.0369487,4.2431064,0.7055217,0.30668887,1.414137601852417,2.231378555297852,0.7055217027664185,0.1001077517867088,2.0690198,4.2431064,0.75544363,0.29632387,OSI,0.07907668480219711,0.18156177751191577
A549,4,OSI,17,3,12,1,0.2992798984050751,0.0183177683502435,0.3109975755214691,0.0153907891362905,0.1739857047796249,0.0013846463989466,0.2910168170928955,0.0517589412629604,0.2036920636892318,0.2207803726196289,0.7450302839279175,1.6313413,1.6132002,1382,66137,67519,0.5594709,0.5474823713302612,0.36664566,0.9786892533302308,0.8413088,3.0065992,9.422519,0.0,1.9105093,1.60379159450531,2.7798893451690674,0.9876721501350404,0.0775593668222427,3.0359116,9.422519,0.0,1.9068311,OSI,0.08968188261240015,0.18438121832588408
A549,4,OSI,17,3,12,2,0.4111118614673614,0.0854164734482765,0.59212726354599,0.0158417616039514,,,,,,,0.5540090799331665,1.1814151,1.1775261,228,36555,36783,0.3147853,0.3511849343776703,0.11139707,0.9845824241638184,0.8455763,7.1887684,19.130878,0.0,26.068,7.340973377227783,9.609411239624023,5.466582775115967,0.6113706827163696,7.187819,19.130878,0.0,26.226627,,,
A549,4,OSI,17,3,12,3,0.2746641635894775,0.0143002299591898,0.2937744855880737,0.0096810702234506,0.1822737157344818,0.0023330103140324,0.3829206526279449,0.0473178811371326,0.2196677923202514,0.2451976090669632,1.3782856464385986,2.237013,2.220965,967,50776,51743,0.90074414,0.0751530677080154,0.45425534,0.9719379544258118,0.9116493,2.9979508,8.358931,0.0,1.5308036,2.075087785720825,3.563868999481201,1.002766728401184,0.1683252155780792,3.0155258,8.358931,0.0,1.5402224,OSI,0.11603613577164452,0.1842171791078009
A549,4,OSI,17,3,12,4,0.3916988372802734,0.0537656769156456,0.499778538942337,0.0145850852131843,,,,,,,0.8658218383789062,1.8959135,1.8840289,400,34270,34670,0.8126114,0.2517153322696686,0.17506151,0.9897505640983582,0.87904286,5.7938056,16.92471,0.0,12.637488,4.7372589111328125,6.241908550262451,3.0685853958129883,0.2839688956737518,5.8061366,16.92471,0.0,12.768491,,,
A549,4,OSI,17,3,12,5,0.0865846201777458,0.0053449529223144,0.1066233217716217,0.0044453698210418,0.0540221557021141,0.0008061041589826,0.1533665657043457,0.0,0.0766507908701896,0.0908360034227371,1.1342592239379885,2.0786502,2.063902,2347,147940,150287,0.9328059,0.2197761982679367,0.45869398,0.974828600883484,0.8733167,0.8625327,7.000436,0.0,0.5535338,0.5492077469825745,1.0496827363967896,0.2794635891914367,0.0185955613851547,0.86750335,7.000436,0.0,0.5604381,OSI,0.030710963234536974,0.12702686228617754
A549,4,OSI,18,3,12,1,0.2934715747833252,0.0222590994089841,0.3256318569183349,0.014225953258574,0.1869718879461288,0.0024226801469922,0.3394185304641723,0.0691730380058288,0.2266198098659515,0.2518557608127594,0.7776688933372498,1.1101785,1.1022278,1264,51599,52863,0.6263347,-0.039537963,0.45104465,0.9477256536483764,0.87883055,3.530624,11.402517,0.0,2.978087,2.7516579627990723,4.594121932983398,1.3361719846725464,0.4513238966464996,3.5497057,11.402517,0.0,3.024755,OSI,0.15386903588638648,0.17247829653797978
A549,4,OSI,18,3,12,2,0.1348676234483719,0.0039555761031806,0.1374711543321609,0.0036740247160196,0.0573750026524066,0.0007982275565154,0.1393910050392151,0.0,0.0799745917320251,0.0945292711257934,0.7947972416877747,1.9939609,1.9793556,600,48663,49263,0.9703116,0.3986650705337524,0.5755615,0.989698886871338,0.9055085,1.1617292,4.214962,0.0,0.211887,0.5460432171821594,0.7968425750732422,0.387591004371643,0.0055799875408411,1.1693205,4.214962,0.0,0.20969936,OSI,0.030534006957264676,0.1266159411766917
A549,4,OSI,18,3,12,3,0.0666018947958946,0.0052000219002366,0.0996635779738426,0.0044863065704703,0.0517434142529964,0.0011517435777932,0.2325212061405182,0.0,0.0791738033294677,0.0967472717165947,1.0388846397399902,1.4759812,1.4675063,1490,75357,76847,0.9377254,0.5217838287353516,0.5388416,0.9840301275253296,0.9302676,1.7956921,10.542298,0.0,2.0434983,1.2761521339416504,2.7816162109375,0.7202404141426086,0.0866247788071632,1.8059645,10.542298,0.0,2.0767474,OSI,0.07136072184429952,0.17810450634939884
A549,4,OSI,18,3,12,4,0.0484899245202541,0.0068060588091611,0.1483951210975647,0.0060033369809389,0.0679631158709526,0.002084108069539,0.2034313678741455,0.0,0.1053563207387924,0.1290805041790008,0.7924233675003052,1.1725357,1.1692423,1591,182040,183631,0.6109046,0.5158815383911133,0.36178035,0.980476140975952,0.9044442,0.59292823,6.615646,0.0,0.9439076,0.9379923343658448,2.092491388320923,0.0,0.0779527649283409,0.5899125,6.615646,0.0,0.95042616,OSI,0.05245127777831758,0.16290428248793126
A549,4,OSI,2,3,12,1,0.5566415786743164,0.0805733203887939,0.6885976791381836,0.0088091902434825,,,,,,,1.0667142868041992,1.5303786,1.5276331,400,67151,67551,0.7914207,0.7976887822151184,0.5069536,0.9898154735565186,0.9092141,7.7268667,16.479189,0.0,16.408417,7.943386077880859,10.912028312683104,6.13222599029541,0.6345298290252686,7.725577,16.479189,0.0,16.502098,,,
A549,4,OSI,3,3,12,1,0.3477453589439392,0.01638806425035,0.3555926382541656,0.0139674451202154,0.2159575968980789,0.0014307940145954,0.3615375161170959,0.1003027930855751,0.2445027977228164,0.2631987333297729,0.7960392236709595,0.9669038,0.96326125,2417,110958,113375,0.570883,0.000485710799694,0.38142973,0.959319829940796,0.8800929,4.953229,12.271378,0.0,3.4003375,4.261648654937744,7.545583724975586,2.091715812683105,0.9113911986351012,4.9682937,12.271378,0.0,3.4439087,OSI,0.2383056973966167,0.12207759806601168
A549,4,OSI,3,3,12,2,0.2535754442214966,0.0292807482182979,0.3338922262191772,0.0117379128932952,0.2344756573438644,0.0021254159510135,0.3428204655647278,0.0685208812355995,0.2708227634429931,0.2910756468772888,0.8201414942741394,1.1938542,1.19112,801,108686,109487,0.68243366,0.2576892077922821,0.31339452,0.9826704859733582,0.9095569,2.4492652,8.19309,0.0,2.6182323,2.3664560317993164,3.8911325931549072,1.4325509071350098,0.1687147915363311,2.4498756,8.19309,0.0,2.6362336,control,0.31277666751667943,0.0
A549,4,OSI,3,3,12,3,0.4908029437065124,0.0108196521177887,0.4977745115756988,0.0075030764564871,,,,,,,0.771981954574585,1.036298,1.029799,1336,52999,54335,0.8891227,0.4136880040168762,0.6903026,0.9842576384544371,0.9523138,6.5957146,12.976929,0.0,1.8790736,5.580506324768066,7.462836265563965,3.882047653198242,0.3864637017250061,6.621306,12.976929,0.0,1.8900636,,,
A549,4,OSI,3,3,12,4,0.1918259859085083,0.031553279608488,0.3199605345726013,0.0116320243105292,0.2015851736068725,0.0019895136356353,0.2669156193733215,0.1034724861383438,0.2381280660629272,0.2579319775104522,0.964075207710266,1.3041866,1.2973036,1551,75088,76639,0.71900743,0.1302507668733596,0.3484383,0.9737535119056702,0.9193857,3.5647814,14.936472,0.0,10.000723,4.594768524169922,8.724040031433105,0.0,1.181280493736267,3.5435064,14.936472,0.0,10.160526,OSI,0.25693331529328806,0.10848504914816981
A549,4,OSI,3,3,12,5,0.453745424747467,0.011314277537167,0.4662796258926391,0.0057823844254016,,,,,,,0.8620933294296265,1.1449181,1.1401883,400,23519,23919,0.8193212,0.5855055451393127,0.65876675,0.9889943599700928,0.9454477,5.4363093,9.851968,0.0,1.5012738,4.444856643676758,5.663095951080322,3.3706440925598145,0.1241694539785385,5.453171,9.851968,0.0,1.5076922,,,
A549,4,OSI,4,3,12,1,0.2366096526384353,0.0058837505057454,0.239798367023468,0.0051983944140374,0.1300208121538162,0.0019811342936009,0.2998606562614441,0.0167199783027172,0.1619017571210861,0.1915336847305297,1.140088677406311,2.1395729,2.1210663,1068,56611,57679,0.9804742,0.3576021492481231,0.6785311,0.9739708304405212,0.92324656,2.2121549,5.288516,0.0,0.47837666,1.2972520589828491,2.6231844425201416,0.7729589939117432,0.119556151330471,2.2294147,5.288516,0.0,0.46905687,OSI,0.07254060145406821,0.17872010368027808
A549,4,OSI,4,3,12,2,0.1784245371818542,0.0065985540859401,0.184812918305397,0.0056541571393609,0.1516445726156234,0.0023110259789973,0.2983752191066742,0.0133541552349925,0.1902734935283661,0.2173473536968231,0.8402793407440186,0.8881403,0.88700664,1946,80213,82159,0.5716624,0.0035441750660538,0.68131113,0.9458564519882202,0.9097774,1.5032214,4.2302027,0.0,0.34539667,1.4100908041000366,2.941343069076538,0.7054475545883179,0.1425558924674987,1.5054809,4.2302027,0.0,0.35010207,OSI,0.0788503932801387,0.18147859449192677
A549,4,OSI,5,3,12,1,0.3489063382148742,0.0517197325825691,0.4419220685958862,0.0244021024554967,0.1940973550081253,0.0008022192632779,0.2639098167419433,0.1211253702640533,0.2174704819917678,0.2311112582683563,0.680543839931488,1.4206932,1.4096998,1400,92855,94255,0.9598749,0.2652193009853363,0.3886347,0.9837915301322936,0.83247054,5.556103,15.55324,0.0,12.301103,3.530318021774292,5.634304523468018,2.114044427871704,0.3509180545806885,5.5866466,15.55324,0.0,12.41847,OSI,0.1974106657610086,0.14932139022578625
A549,4,OSI,5,3,12,2,0.3233413100242615,0.0127851581200957,0.3353198170661926,0.0092421686276793,0.2455530017614364,0.0017718236194923,0.3760645985603332,0.115067645907402,0.278787612915039,0.3005980849266052,0.6242058873176575,0.7847243,0.7814503,1400,67239,68639,0.65940046,-0.060387291,0.5403024,0.9414401054382324,0.9079819,3.0230742,10.349788,0.0,1.1610657,2.51714301109314,4.486987590789795,1.534901142120361,0.3681537210941314,3.0336084,10.349788,0.0,1.1721344,control,0.3184393421390709,0.0
A549,4,OSI,5,3,12,3,0.5656530261039734,0.0782532393932342,0.6773772239685059,0.0180299188941717,0.2738734781742096,0.0021592509001493,0.3815648853778839,0.1802301257848739,0.311147540807724,0.3341299295425415,0.6219662427902222,0.7356277,0.73304635,1400,60247,61647,0.6082756,-0.342124671,0.49807703,0.8949360251426697,0.84737724,6.7683587,15.728318,0.0,11.960331,7.154087543487549,11.406964302062988,2.323692321777344,4.024857044219971,6.7593956,15.728318,0.0,12.1411915,control,0.39038015795961417,0.0
A549,4,OSI,5,3,12,4,0.2431203722953796,0.0270216055214405,0.3305394649505615,0.0078423460945487,,,,,,,1.1436253786087036,1.0573468,1.0577269,200,45191,45391,0.95599806,0.180972933769226,0.91199476,0.9953494668006896,0.97258323,4.4443007,11.900189,0.0,7.899033,5.088235855102539,6.433785438537598,4.171321868896484,0.1810367256402969,4.441451,11.900189,0.0,7.931346,,,
A549,4,OSI,5,3,12,5,0.2155646234750747,0.023866256698966,0.2685543000698089,0.0155023951083421,0.1222815737128257,0.0009031524532474,0.2159063816070556,0.0357900522649288,0.1463073939085006,0.1608636528253555,0.6222677230834961,1.4383373,1.4343724,600,122887,123487,0.5396059,0.7278503179550171,0.35518637,0.99276602268219,0.794997,3.072676,12.495181,0.0,4.342983,1.5201828479766846,2.010030746459961,1.1558979749679563,0.0268934126943349,3.0802562,12.495181,0.0,4.352231,OSI,0.08500659324360724,0.18338730094752817
A549,4,OSI,5,3,12,6,0.2132454663515091,0.0468427538871765,0.4104113578796386,0.0092342421412467,,,,,,,1.1161378622055054,1.1566476,1.1558456,870,43080,43950,0.8201928,0.0054938066750764,0.53891814,0.9896093606948853,0.9412952,2.3062673,9.036821,0.0,5.3674397,4.074300765991211,6.1704630851745605,2.635638475418091,0.2674427032470703,2.2705636,9.036821,0.0,5.4060287,,,
A549,4,OSI,5,3,12,7,0.1440145522356033,0.0155331017449498,0.21396104991436,0.0081115504726767,0.1300223916769027,0.0034349733032286,0.3082950115203857,0.0,0.1780941784381866,0.2036059647798538,1.0976510047912598,1.512679,1.5045865,1407,70752,72159,0.8848413,-0.026721783,0.39337376,0.9780709147453308,0.95115244,2.2045226,7.765896,0.0,2.7330859,2.457047462463379,4.552303314208984,1.3782943487167358,0.3032885491847992,2.199501,7.765896,0.0,2.7801118,OSI,0.1373948104333994,0.17884537696170588
A549,4,OSI,5,3,12,8,0.2029182016849517,0.0078093805350363,0.2079841494560241,0.0069507109001278,0.1345599889755249,0.0005593907553702,0.1863781064748764,0.0857260450720787,0.1534514129161834,0.1672020554542541,0.8629657030105591,1.2220422,1.2186974,200,21271,21471,0.96079856,-0.031264924,0.80975837,0.9960122108459472,0.951622,4.659718,12.146318,0.0,1.9646528,3.0357205867767334,3.846018552780152,2.611250877380371,0.0473278649151325,4.6749864,12.146318,0.0,1.9576497,OSI,0.16975343818991198,0.16494182084134343
A549,4,OSI,5,3,12,9,0.1173003390431404,0.0201573017984628,0.2544559240341186,0.0088265361264348,0.1665104925632476,0.004655335098505,0.3661818206310272,0.0,0.2207635343074798,0.2521939277648926,0.914886236190796,1.185288,1.1816227,823,59896,60719,0.7461466,-0.137622356,0.48388895,0.9798315167427064,0.933987,1.6503496,8.3872795,0.0,3.5374103,2.735421657562256,5.369592666625977,1.538964033126831,0.3271209299564361,1.6354403,8.3872795,0.0,3.5651207,OSI,0.15296112339620013,0.17287070365918342
A549,4,OSI,5,3,12,10,0.1814538538455963,0.0318740680813789,0.3125855326652527,0.0139187071472406,,,,,,,0.861461877822876,0.9663497,0.96428895,927,46256,47183,0.6946572,-0.340111375,0.43335116,0.9695764780044556,0.89776164,3.620565,14.388205,0.0,11.240924,5.037856101989746,9.109992980957031,2.392354965209961,1.3317561149597168,3.5921617,14.388205,0.0,11.398444,,,
A549,4,OSI,6,3,12,1,0.2496211975812912,0.0093011325225234,0.2545654773712158,0.0082267131656408,0.1506583392620086,0.001198464888148,0.2676939666271209,0.0512834526598453,0.1784049272537231,0.1956336796283722,0.7063055038452148,1.2556914,1.241306,1460,54298,55758,0.9153625,0.384945273399353,0.5305088,0.9809897541999816,0.89797854,2.5211341,7.651342,0.0,1.0551444,1.630130648612976,2.6737160682678223,1.0007747411727903,0.0717141255736351,2.5450912,7.651342,0.0,1.0596668,OSI,0.0911547273178458,0.18461967100533583
A549,4,OSI,6,3,12,2,0.3697077333927154,0.0155165698379278,0.392259806394577,0.007616801187396,,,,,,,0.982125997543335,1.3076521,1.3017246,400,21567,21967,0.97294,-0.462162763,0.7169138,0.96958589553833,0.9635586,10.231996,30.982542,0.0,10.516575,7.955243587493896,11.030308723449709,5.298356056213379,1.959294080734253,10.27422,30.982542,0.0,10.577361,,,
A549,4,OSI,6,3,12,3,0.3219004869461059,0.0095371305942535,0.3298348188400268,0.0071551874279975,,,,,,,1.0683467388153076,1.6663791,1.6557187,887,48872,49759,0.9457746,-0.110080868,0.7018284,0.9722890257835388,0.9403486,7.6506925,18.140825,0.0,4.9605036,5.1591901779174805,9.564135551452637,3.150789499282837,1.322559118270874,7.6959114,18.140825,0.0,4.9118223,,,
A549,4,OSI,6,3,12,4,0.1932168453931808,0.0444404669106006,0.3824800550937652,0.015582182444632,0.1558294296264648,0.0016303380252793,0.3066565096378326,0.0618997439742088,0.1878814399242401,0.2104293256998062,0.6914818286895752,2.0605752,2.0517344,526,80929,81455,0.96701396,0.7036093473434448,0.36915725,0.9904556274414062,0.8649761,2.1332712,9.527922,0.0,5.459377,1.5738035440444946,2.5431509017944336,1.0861016511917114,0.0600370839238166,2.1369076,9.527922,0.0,5.492422,OSI,0.08800499090750809,0.1840670907177665
A549,4,OSI,6,3,12,5,0.4211476147174835,0.0098977759480476,0.4279877245426178,0.0071310549974441,,,,,,,1.1378023624420166,1.4296582,1.428488,73,18134,18207,0.79932994,0.1016923710703849,0.34886855,0.9966422319412231,0.9359465,8.352057,15.09306,0.0,3.0502834,6.860852718353272,7.9918107986450195,6.0100531578063965,0.1773155480623245,8.35806,15.09306,0.0,3.0528607,,,
A549,4,OSI,6,3,12,6,0.2533540725708008,0.0123450057581067,0.2653762102127075,0.0097404047846794,,,,,,,0.6691173911094666,1.7801304,1.7752028,196,43995,44191,0.72842544,0.964846134185791,0.41486976,0.9869204163551332,0.91302526,7.2286067,22.801998,0.0,6.32015,3.625939130783081,4.812403202056885,2.732239961624145,0.168729156255722,7.2446556,22.801998,0.0,6.289475,,,
A549,4,OSI,6,3,12,7,0.2505801022052765,0.0261477846652269,0.3353509902954101,0.0065655349753797,,,,,,,1.0974855422973633,1.0522044,1.0524013,200,45799,45999,0.9439235,-0.033921711,0.87310845,0.9941032528877258,0.96187043,3.5635877,9.473652,0.0,4.8152246,3.760250806808472,4.511140823364258,2.705888271331787,0.122444212436676,3.5627286,9.473652,0.0,4.8355474,,,
A549,4,OSI,6,3,12,8,0.1127570122480392,0.015394102782011,0.1982432305812835,0.0101180067285895,,,,,,,1.135570049285889,1.3489215,1.3450838,693,37834,38527,0.63476056,-0.09708716,0.56770325,0.9555625915527344,0.9057119,4.503441,21.934336,0.0,17.005478,5.677328586578369,9.679508209228516,2.5159568786621094,2.1050329208374023,4.48194,21.934336,0.0,17.252699,,,
A549,4,OSI,6,3,12,9,0.4660229682922363,0.0097798574715852,0.4660229682922363,0.0097798574715852,,,,,,,0.8743539452552795,1.6704332,1.660551,400,31823,32223,0.7016711,0.4030801951885223,0.40153307,0.942189633846283,0.9096748,10.84168,17.06017,3.7360225,6.089186,7.664969444274902,10.970996856689451,4.660033226013184,3.189274311065674,10.881609,17.06017,3.7360225,5.9972005,,,
A549,4,OSI,6,3,12,10,0.1597769260406494,0.012024687603116,0.194804698228836,0.0078372759744524,0.068941630423069,0.0015947483479976,0.2261238992214203,0.0,0.1003885567188263,0.1198081597685813,1.430190920829773,2.209897,2.203959,608,79231,79839,0.95111984,0.0131740719079971,0.62918013,0.9667593836784364,0.94995767,5.219129,16.65386,0.0,8.049183,3.4411509037017822,5.2630486488342285,1.9093244075775144,0.5820013284683228,5.2327724,16.65386,0.0,8.08204,OSI,0.19242455968384622,0.1523355759696152
A549,4,OSI,7,3,12,1,0.2785428166389465,0.0104610305279493,0.2904159426689148,0.0074587990529835,0.1922284066677093,0.002214883454144,0.341829776763916,0.0635178238153457,0.2301644831895828,0.2519546747207641,1.1997984647750854,1.6115156,1.6009737,1220,46427,47647,0.93265235,-0.060764972,0.57504004,0.9685959815979004,0.9497363,3.479679,8.071606,0.0,1.2102718,2.750041246414185,4.3583855628967285,1.374358892440796,0.3014188706874847,3.4988525,8.071606,0.0,1.219797,OSI,0.15377863126676897,0.1725175702604219
A549,4,OSI,7,3,12,2,0.1115270853042602,0.0189489871263504,0.2342672795057296,0.0110491262748837,0.1404425054788589,0.0030330216977745,0.322183609008789,0.0040259826928377,0.1829072535037994,0.2161132991313934,0.7527320384979248,1.1351744,1.1329631,352,60527,60879,0.57586056,0.4800188243389129,0.30130187,0.9817817807197572,0.85928637,1.9314977,11.44544,0.0,5.2921124,2.4696028232574463,4.080594539642334,1.4254605770111084,0.3370826542377472,1.9283682,11.44544,0.0,5.3192353,OSI,0.13809688942966525,0.17860904805556838
A549,4,OSI,7,3,12,3,0.1785690635442733,0.0143262948840856,0.2017394602298736,0.0115108313038945,0.1132183447480201,0.0024326499551534,0.2697155773639679,0.0,0.1524682939052581,0.179390549659729,0.8128136992454529,1.163383,1.1556073,1329,58590,59919,0.42849436,-0.318016946,0.20606717,0.9337055683135986,0.8450089,3.3749676,16.35505,0.0,4.504178,2.630011320114136,5.60085916519165,1.1419332027435305,0.7031623125076294,3.391865,16.35505,0.0,4.577522,OSI,0.14706671819945033,0.175306157560931
A549,4,OSI,7,3,12,4,0.6218754053115845,0.0275181643664836,0.6425602436065674,0.0151421828195452,,,,,,,0.6571782827377319,1.454475,1.4427009,400,26686,27086,0.5661309,0.5467654466629028,-0.035038933,0.9633674025535583,0.885201,16.412388,33.20513,0.0,16.25626,13.932687759399414,18.003036499023438,9.963861465454102,1.980309009552002,16.449553,33.20513,0.0,16.376686,,,
A549,4,OSI,7,3,12,5,0.2181647717952728,0.0289393700659275,0.303613543510437,0.0143306655809283,0.1367473155260086,0.0030269231647253,0.3420526087284088,0.0124313877895474,0.1795859038829803,0.2132778912782669,0.7030053734779358,1.5807511,1.5702149,856,70455,71311,0.8470003,0.0441423058509826,0.26144832,0.967850923538208,0.8823472,2.4461668,8.311762,0.0,3.2884347,1.5530022382736206,3.32095718383789,0.8657279014587402,0.2584203779697418,2.4570181,8.311762,0.0,3.3154378,OSI,0.08684180968825274,0.1838217200074459
A549,4,OSI,8,3,12,1,0.2330829799175262,0.0046176621690392,0.2330899089574813,0.0046161860227584,0.2100090086460113,0.0012528254883363,0.3152148425579071,0.1131841465830802,0.2387736141681671,0.2573290169239044,0.8331688642501831,0.9292341,0.9276704,1644,99363,101007,0.7724295,0.3644989728927612,0.6837137,0.9672167897224426,0.89321005,2.2799888,6.1570435,0.0,0.8418626,2.110306978225708,3.338359832763672,1.1960176229476929,0.2027382403612136,2.2827964,6.1570435,0.0,0.85195285,control,0.30189174331375945,0.0
A549,4,OSI,8,3,12,2,0.3045565485954284,0.045327354222536,0.4126048386096954,0.016827005892992,,,,,,,0.5242108702659607,0.7779163,0.7748002,891,71652,72543,0.2389814,0.1461546719074249,0.14314169,0.9808596968650818,0.864141,5.6642013,19.462988,0.0,14.986791,6.360235214233398,9.959805488586426,3.5520191192626958,1.1018846035003662,5.655547,19.462988,0.0,15.153348,,,
A549,4,OSI,8,3,12,3,0.2657771706581116,0.0196590013802051,0.3132791519165039,0.0082912510260939,0.2160375118255615,0.002598556689918,0.3500807881355285,0.0595093630254268,0.2574062943458557,0.2762782871723175,1.1206411123275757,1.5299373,1.5224442,814,43649,44463,0.6980575,0.1660656780004501,0.3982898,0.9654988050460817,0.93608576,2.300421,6.070526,0.0,1.3141028,2.025209665298462,3.2705886363983154,0.930113971233368,0.1455364227294922,2.3055532,6.070526,0.0,1.3344558,control,0.29786766922741265,0.0
A549,4,OSI,8,3,12,4,0.1832712292671203,0.0246595162898302,0.2842475473880768,0.0095438081771135,0.1708492487668991,0.0032763110939413,0.3301166594028473,0.0066858455538749,0.2178891152143478,0.2419654279947281,0.8546469211578369,1.6506346,1.637389,1606,94905,96511,0.60181636,0.4395417869091034,0.009108558,0.9805389642715454,0.89060754,2.890804,12.933512,0.0,6.5337577,2.8297808170318604,4.952204704284668,1.5029516220092771,0.2439607083797454,2.8918371,12.933512,0.0,6.6401296,OSI,0.1582375614894974,0.17052907135250372
A549,4,OSI,8,3,12,5,0.4096637964248657,0.0168979726731777,0.4299825727939605,0.0089993700385093,,,,,,,1.539445400238037,2.0345478,2.026531,650,39493,40143,0.86716574,0.2143529802560806,0.4761542,0.9824128746986388,0.9370544,4.35405,9.360569,0.0,1.9588228,3.6874845027923584,5.059225559234619,2.5085887908935547,0.2368944138288498,4.3650208,9.360569,0.0,1.9797298,,,
A549,4,OSI,8,3,12,6,0.3114301562309265,0.030083280056715,0.3848809003829956,0.0089086424559354,,,,,,,0.9591896533966064,1.0898929,1.0879837,516,34811,35327,0.7354757,0.0476572848856449,0.29592368,0.9918246865272522,0.93307316,3.2555735,8.381466,0.0,3.0814373,3.572359561920166,4.850670337677002,2.4812557697296143,0.1658619791269302,3.2508779,8.381466,0.0,3.123144,,,
A549,4,OSI,8,3,12,7,0.2936137020587921,0.007701851427555,0.3023287057876587,0.0052956598810851,0.2261995077133178,0.0014623333700001,0.3336206674575805,0.1096183955669403,0.2569636106491089,0.2746334373950958,1.037580966949463,1.3044943,1.297093,1287,45128,46415,0.9412798,0.2262763082981109,0.83258146,0.9849551916122437,0.9693394,3.3804333,9.096308,0.0,0.7825552,2.5225720405578613,3.5337131023406982,1.7567592859268188,0.1037032157182693,3.4048977,9.096308,0.0,0.78032905,OSI,0.14105885727154796,0.17757546086122913
A549,4,OSI,9,3,12,1,0.3135451674461365,0.0199042726308107,0.3524682223796844,0.0086560109630227,0.2226143628358841,0.0024448225740343,0.3296481668949127,0.1023971065878868,0.2619158625602722,0.2819153368473053,0.96111661195755,1.5148897,1.5013397,487,19416,19903,0.8812665,-0.041847393,0.25487468,0.9841357469558716,0.9495831,4.08594,9.343615,0.0,3.0062413,3.215791702270508,4.353841781616211,1.8540351390838623,0.2077115178108215,4.107764,9.343615,0.0,3.0569646,OSI,0.17982277431620453,0.15958174478377596
A549,4,OSI,9,3,12,2,0.2156833112239837,0.0032289896626025,0.2157012522220611,0.0032253884710371,0.150745004415512,0.0013013012940064,0.2407297492027282,0.0386337153613567,0.1799648255109787,0.1956077963113784,0.9695107340812684,1.5882429,1.5762012,468,23579,24047,0.8477594,-0.136205077,0.48618224,0.9772976040840148,0.94720745,2.2387075,5.1293535,1.0320317,0.24248266,1.6693272590637207,2.4414427280426025,1.0718625783920288,0.0562718473374843,2.2500079,5.1293535,1.0320317,0.23961638,OSI,0.09334654939079531,0.18491200126612292
A549,4,OSI,9,3,12,3,0.1886317729949951,0.0029687273781746,0.1886317729949951,0.0029687273781746,0.092129997909069,0.0005628187791444,0.1651933789253235,0.0412855260074138,0.1117628887295723,0.1246779263019561,0.8749664425849915,2.912056,2.8729646,342,17480,17822,0.93404096,0.019534820690751,0.31365424,0.9904916286468506,0.8623236,1.991475,3.9870908,0.7700975,0.32568315,1.0080689191818235,1.2651996612548828,0.7700974941253662,0.0098096309229731,2.0107136,3.9870908,0.8542617,0.3125733,OSI,0.056369866748902,0.16699788120568854
A549,4,OSI,9,3,12,4,0.0828269645571708,0.0160804744809865,0.2405443340539932,0.0087625570595264,0.1727267652750015,0.0045505808666348,0.3737289011478424,0.0,0.2260746210813522,0.2593426406383514,0.6635984182357788,0.84062153,0.83876526,1010,95309,96319,0.32360727,0.1754170954227447,0.31459194,0.9859566688537598,0.8629741,1.161215,10.713916,0.0,3.1447487,2.571977138519287,4.338091373443604,0.0,0.2683022022247314,1.146265,10.713916,0.0,3.1539166,OSI,0.14382152432318404,0.17655987088648492
A549,4,OSI,9,3,12,5,0.2176214754581451,0.0095255160704255,0.227783590555191,0.0076555586419999,0.1424314081668853,0.0037341353017836,0.3039798438549042,0.0,0.1933037787675857,0.2238034009933471,1.1520025730133057,1.6495857,1.6437473,450,37901,38351,0.9111795,-0.133740395,0.3052894,0.9348784685134888,0.93639725,2.436497,6.7980514,0.0,0.83071417,1.8136415481567385,3.2150301933288574,0.8058009743690491,0.3367791175842285,2.443892,6.7980514,0.0,0.8319179,OSI,0.1014164115711892,0.1853917745806053
A549,4,OSI,9,3,12,6,0.2079854756593704,0.0218803863972425,0.265942633152008,0.0125642912462353,,,,,,,1.043811917304993,1.7756308,1.765241,676,46939,47615,0.86675674,0.3314288258552551,0.5707058,0.972585141658783,0.9229241,6.3425508,23.222382,0.0,16.0787,4.455838203430176,8.478118896484375,2.561630249023437,1.4075582027435305,6.369722,23.222382,0.0,16.23798,,,
A549,6,OSI,0,3,12,1,0.1359099000692367,0.0129270069301128,0.1828134804964065,0.0088136158883571,0.1134280115365982,0.0015132861444726,0.2704817950725555,0.0,0.1443239152431488,0.1635970920324325,1.0499225854873655,1.3476562,1.3428452,2641,160798,163439,0.8671538,-0.031348377,0.67725486,0.9364561438560486,0.91192085,2.588063,9.659665,0.0,3.1547713,2.240969181060791,5.013545513153076,1.0090242624282837,0.5778377652168274,2.5937636,9.659665,0.0,3.1950846,OSI,0.12531200171047846,0.18234714959237297
A549,6,OSI,0,3,12,2,0.2067206650972366,0.0099082253873348,0.2220161855220794,0.0072454893961548,0.1280266493558883,0.0025754724629223,0.2905730605125427,0.0,0.1691107302904129,0.1969422399997711,0.9867522716522216,1.7883961,1.7673808,2132,79195,81327,0.8561233,-0.417617351,0.5855657,0.9374083280563354,0.9229064,2.0517554,6.2708626,0.0,0.7712218,1.203888773918152,2.3309483528137207,0.5524592995643616,0.1447473913431167,2.07458,6.2708626,0.0,0.76821333,OSI,0.0673198513265787,0.17573570130862196
A549,6,OSI,0,3,12,3,0.0969589576125145,0.0040281997062265,0.108395978808403,0.0032636283431202,0.0777612924575805,0.0011458690278232,0.1900770366191864,0.0,0.1044146940112114,0.1216929107904434,1.4157201051712036,2.0817304,2.054622,1251,29484,30735,0.9512664,0.120852306485176,0.68137246,0.965339183807373,0.9497463,0.86879814,3.149341,0.0,0.15773375,0.6358574032783508,1.0362905263900757,0.2815799415111542,0.0199565719813108,0.8786814,3.149341,0.0,0.16117948,OSI,0.03555629621355135,0.13739473003563699
A549,6,OSI,0,3,12,4,0.2233988493680954,0.0086983190849423,0.2250203639268875,0.0083965742960572,0.0859900116920471,0.000578380189836,0.1708647757768631,0.0153519352898001,0.1043425127863884,0.116822525858879,1.2171953916549685,2.0324106,2.0198927,782,50145,50927,0.37938485,-0.315177262,0.2508033,0.8851374983787537,0.8749659,5.7538805,15.488673,0.0,4.121889,3.838874101638794,6.69516134262085,1.5958930253982544,1.7525755167007446,5.783744,15.488673,0.0,4.100757,OSI,0.21466470938398072,0.13833016690313102
A549,6,OSI,1,3,12,1,0.0399685278534889,0.0061053680256009,0.144566997885704,0.0069617568515241,0.0820425525307655,0.0027564861811697,0.2158038467168808,0.0,0.1255030632019043,0.1520604491233825,0.8272626996040344,1.199068,1.1914346,1061,50618,51679,0.41547817,-0.158373564,0.31138992,0.9426910281181335,0.882857,1.0482295,10.535188,0.0,3.2197924,2.4568471908569336,5.001697540283203,0.0,0.6518241763114929,1.0187042,10.535188,0.0,3.231156,OSI,0.13738361151281558,0.1788491192502556
A549,6,OSI,1,3,12,2,0.7078406810760498,0.0069576380774378,0.7083036303520203,0.0066342521458864,,,,,,,0.8325907588005066,1.6456963,1.6211646,600,19287,19887,0.5157593,-0.401293874,0.055158086,0.9555404782295228,0.8895709,9.851997,20.692575,0.0,1.9490895,8.1578950881958,10.273545265197754,5.560052394866943,1.050045371055603,9.904697,20.692575,0.0,1.8850013,,,
A549,6,OSI,1,3,12,3,0.2656373083591461,0.0039594168774783,0.2656373083591461,0.0039594168774783,0.202704519033432,0.0029594134539365,0.3090956807136535,0.0791104212403297,0.2456389516592025,0.2612138092517853,0.9052718281745912,1.3279159,1.3192806,1067,51156,52223,0.6294738,-0.76579845,0.58932364,0.9254087209701538,0.9350106,3.0405202,8.078136,1.0667652,0.44622013,2.306203603744507,3.330852508544922,1.081451654434204,0.3419661521911621,3.0558357,8.078136,1.0667652,0.43691325,OSI,0.12895982344582882,0.18140815431138405
A549,6,OSI,1,3,12,4,0.7333462834358215,0.0071301744319498,0.7333462834358215,0.0071301744319498,,,,,,,1.0491935014724731,1.515218,1.5118035,200,27095,27295,0.70217675,-0.027039429,0.41564867,0.9951339960098268,0.911757,9.449183,14.987965,5.024875,1.1255808,8.73442268371582,9.686285018920898,8.009360313415527,0.0769659802317619,9.454459,14.987965,5.024875,1.129522,,,
A549,6,OSI,1,3,12,5,0.1400800049304962,0.0080993855372071,0.1602265834808349,0.0060362354852259,0.085813283920288,0.0014672995312139,0.1942110508680343,0.0,0.1164194643497467,0.1355358213186264,1.134656310081482,1.6097924,1.5981753,1325,52866,54191,0.9247263,0.270149290561676,0.7318148,0.9694615006446838,0.9470763,3.146963,12.081749,0.0,2.746718,2.28149938583374,4.056785106658936,1.0293831825256348,0.2666133046150207,3.1686544,12.081749,0.0,2.7896338,OSI,0.12757839659567255,0.18177642114533893
A549,6,OSI,10,3,12,1,0.3223857879638672,0.0081745088100433,0.3228119015693664,0.008047760464251,0.1626369953155517,0.0006200257339514,0.2353629022836685,0.083641342818737,0.1821980476379394,0.1946776360273361,1.0005189180374146,1.4417676,1.4329454,1651,80924,82575,0.7258792,-0.138635024,0.53677076,0.9176288843154908,0.9043754,5.085294,11.524744,0.0,1.672837,3.882468938827514,6.817844867706299,1.881088376045227,1.1270514726638794,5.1098332,11.524744,0.0,1.6538527,OSI,0.21710247441820352,0.1367134339048931
A549,6,OSI,10,3,12,2,0.3881679773330688,0.0145997228100895,0.3881774544715881,0.0145964073017239,0.2480612397193908,0.000922397011891,0.3607302904129028,0.1648906469345092,0.2722808420658111,0.2873006463050842,0.5863054394721985,1.4649069,1.4434812,1000,40007,41007,0.031223258,-0.393481255,-0.07083385,0.978868007659912,0.8195285,4.2434864,9.116203,1.9709626,1.6034395,2.820415735244751,4.021904468536377,2.0333056449890137,0.1514981091022491,4.279056,9.116203,1.9709626,1.5878474,control,0.32848183553071514,0.0
A549,6,OSI,10,3,12,3,0.2922990620136261,0.0035182987339794,0.2922990620136261,0.0035182987339794,,,,,,,1.087315559387207,1.3220227,1.3197823,336,34862,35198,0.8689033,0.6035736203193665,0.6706453,0.9933173060417176,0.95128256,4.3154125,7.8467107,2.1108518,0.5448972,3.780954360961914,4.772014617919922,2.965724229812622,0.1039687991142273,4.320563,7.8467107,2.1108518,0.54636717,,,
A549,6,OSI,10,3,12,4,0.3954636752605438,0.0048572635278105,0.3955426812171936,0.0048269932158291,,,,,,,1.1180499792099,1.4542149,1.4438908,769,24270,25039,0.85141635,0.0514484755694866,0.5317642,0.980900228023529,0.9442589,4.3343587,7.9594717,0.0,0.4567914,3.5636239051818848,4.857961177825928,2.45922327041626,0.1506323963403701,4.3587785,7.9594717,0.0,0.44707415,,,
A549,6,OSI,10,3,12,5,0.5772448182106018,0.0276904106140136,0.6017675399780273,0.0141098089516162,,,,,,,0.6957817673683167,1.0434065,1.0368733,1170,61085,62255,0.38247597,-0.203152105,0.1686575,0.9521504640579224,0.86378336,8.623253,18.075369,0.0,6.1992188,7.556605339050293,11.91228199005127,5.054728984832764,1.1438846588134766,8.6436825,18.075369,0.0,6.2738366,,,
A549,6,OSI,11,3,12,1,0.1513122171163559,0.0070947748608887,0.1672781705856323,0.0051726354286074,0.151185393333435,0.0029637580737471,0.2926546335220337,0.0,0.1957510411739349,0.2198668867349624,1.698635220527649,1.6557939,1.6571102,1622,51161,52783,0.77596086,-0.460714042,0.7155076,0.9354287385940552,0.9217032,2.2316177,5.767462,0.0,0.88514614,2.1388723850250244,3.6941635608673096,0.7506714463233948,0.400523841381073,2.2345579,5.767462,0.0,0.90022886,OSI,0.11960288532119719,0.18359074218632082
A549,6,OSI,11,3,12,2,0.2159749865531921,0.0403932556509971,0.3492173254489898,0.0187827069312334,,,,,,,0.5922242403030396,0.41070014,0.4139058,1786,99349,101135,0.4013505,0.0720416903495788,0.6741209,0.9632360339164734,0.81939906,4.4470563,20.448675,0.0,15.173012,6.86983060836792,11.420409202575684,3.630583763122559,1.4406760931015017,4.4035025,20.448675,0.0,15.31246,,,
A549,6,OSI,11,3,12,3,0.1703240126371383,0.0035138786770403,0.172087624669075,0.0032467693090438,0.1111109927296638,0.0011490284232422,0.2501118779182434,0.0291541833430528,0.1374700218439102,0.1574003547430038,1.0789477825164795,2.0355198,2.0079045,1200,40367,41567,0.9956744,-0.022140548,0.71772355,0.9701629877090454,0.92649,1.911345,5.034283,0.0,0.30976814,1.0945050716400146,2.017081022262573,0.6820390820503235,0.0702378004789352,1.9356266,5.034283,0.0,0.29646465,OSI,0.06120326087865117,0.17130865623130315
A549,6,OSI,11,3,12,4,0.2601454257965088,0.0330852568149566,0.3382709324359894,0.0165936574339866,0.1352584511041641,0.0041824891231954,0.3006612956523895,0.0,0.1885423511266708,0.2214881181716919,0.6903318762779236,1.2097051,1.2076482,324,81483,81807,0.34942517,0.8929225206375122,0.3034667,0.9878963232040404,0.8439856,4.1930223,14.131481,0.0,8.05476,3.441153049468994,5.492025375366211,2.3073716163635254,0.329950213432312,4.1960115,14.131481,0.0,8.083219,OSI,0.19242467967228105,0.1523355043872911
A549,6,OSI,11,3,12,5,0.4294577538967132,0.0097571369260549,0.4350655972957611,0.0074447835795581,,,,,,,1.1116621494293213,1.2409385,1.2396573,519,51848,52367,0.80598295,0.0236388873308897,0.7086454,0.9843223094940186,0.95514333,4.5401998,8.075025,0.0,0.8502231,4.17634391784668,5.641188621520996,2.923412084579468,0.2143335044384002,4.5438414,8.075025,0.0,0.85524976,,,
A549,6,OSI,12,3,12,1,0.2804823815822601,0.005729810334742,0.280492216348648,0.0057272571139037,0.1740235239267349,0.0017306922236457,0.3048727512359619,0.0738198533654213,0.2066568285226822,0.2305350452661514,1.219557523727417,2.309293,2.2818732,719,27856,28575,0.6809595,-0.321459949,0.299313,0.9465762376785278,0.9084162,3.5529604,6.991954,1.424201,0.699131,2.392127990722656,4.258844375610352,1.4242010116577148,0.3380477428436279,3.5829217,6.991954,1.6894686,0.6727727,OSI,0.13376460033387186,0.18001234971992994
A549,6,OSI,12,3,12,2,0.2282420694828033,0.0063947802409529,0.229733720421791,0.0060938908718526,0.0984443426132202,0.0008102247375063,0.1967042237520218,0.0224878918379545,0.1206577718257904,0.1351005882024765,1.1546655893325806,3.0066216,2.9686356,954,45557,46511,0.9454638,-0.170241445,0.50578856,0.961029291152954,0.8833594,4.413088,11.465766,0.0,2.0114594,1.7032814025878906,3.1360838413238525,0.7586226463317871,0.1755913347005844,4.4698324,11.465766,0.0,1.8929173,OSI,0.0952452197193915,0.18510700251312306
A549,6,OSI,12,3,12,3,0.4538070559501648,0.0143674202263355,0.4538070559501648,0.0143674202263355,,,,,,,1.0423216819763184,1.8363408,1.8271419,400,34127,34527,0.43354017,0.4010655581951141,0.009569854,0.9679388999938964,0.86360085,4.383639,8.4371605,1.7619557,1.0822066,3.680840730667114,4.950263023376465,2.588427782058716,0.2693971693515777,4.3918767,8.4371605,1.7619557,1.0858761,,,
A549,6,OSI,12,3,12,4,0.6029424071311951,0.0024203720968216,0.6029424071311951,0.0024203720968216,,,,,,,1.2160191535949707,1.3648227,1.3596413,600,16631,17231,0.9470257,-0.269473881,0.76499164,0.9844700694084167,0.97727436,6.1373596,9.101287,3.4686897,0.21945286,5.767101287841797,6.944628715515137,4.543125152587891,0.1329935640096664,6.150717,9.101287,3.4686897,0.21744788,,,
A549,6,OSI,13,3,12,1,0.4795028269290924,0.0245015397667884,0.4993984401226043,0.0155823389068245,,,,,,,0.5099144577980042,0.7143454,0.71200514,737,63646,64383,0.2788189,0.0519085973501205,0.39275658,0.981699764728546,0.8675965,6.2140765,12.612524,0.0,3.3650675,5.312833786010742,7.3756937980651855,3.773723125457764,0.3391627073287964,6.224512,12.612524,0.0,3.3905916,,,
A549,6,OSI,13,3,12,2,0.1781105101108551,0.0401507802307605,0.3389874696731567,0.0218813866376876,,,,,,,0.4934273660182953,0.80851704,0.80627674,631,88120,88751,0.37700972,0.5809137225151062,0.23504868,0.9728034138679504,0.8439389,5.591895,27.999004,0.0,33.46769,7.489604473114014,16.315814971923828,0.0,3.040118455886841,5.578306,27.999004,0.0,33.659603,,,
A549,6,OSI,13,3,12,3,0.2173298150300979,0.02821496874094,0.3109864890575409,0.0112480437383055,0.1984518021345138,0.0020798642653971,0.3502260148525238,0.082514539361,0.2346991747617721,0.2577405273914337,0.5449775457382202,0.7874476,0.78380674,813,53330,54143,0.9149757,0.3854653239250183,0.6239647,0.9812145233154296,0.9349959,2.7813625,29.2546,0.0,4.0441365,2.579848289489746,4.373877048492432,1.5949827432632446,0.2750398516654968,2.7844343,29.2546,0.0,4.100966,OSI,0.14426166856622386,0.17639361514794227
A549,6,OSI,13,3,12,4,0.1975131332874298,0.0710097551345825,0.5153385400772095,0.0214864052832126,,,,,,,0.6217072606086731,0.87709063,0.8742163,882,77485,78367,0.24170563,-0.184589535,0.20113245,0.9797925353050232,0.8231525,4.925204,26.157568,0.0,42.71322,10.849488258361816,18.93458747863769,0.0,7.095948219299316,4.8577695,26.157568,0.0,42.714592,,,
A549,6,OSI,14,3,12,1,0.0930192023515701,0.0033903836738318,0.0993962958455085,0.0029889591969549,0.0676995888352394,0.0006877034320496,0.1723780632019043,0.0,0.0881718695163726,0.1015228778123855,0.9722006916999816,1.6262497,1.6097417,1644,63491,65135,0.81799626,0.2499350309371948,0.47873712,0.9689095616340636,0.88852924,1.4291193,4.856915,0.0,0.5130385,0.9051222801208496,1.812322974205017,0.381408542394638,0.0470967814326286,1.4426873,4.856915,0.0,0.51780957,OSI,0.05061322827340535,0.1607810627230366
A549,6,OSI,14,3,12,2,0.0647139623761177,0.0027788430452346,0.075397104024887,0.0024321030359715,0.0503617972135543,0.0006238011410459,0.1113150343298912,0.0,0.070958636701107,0.0816816017031669,0.7949261665344238,1.877775,1.8584355,1331,73195,74526,0.7944703,0.3915863633155823,0.32638744,0.9765568375587464,0.85698825,0.93351704,4.851569,0.0,0.4124423,0.4688669443130493,0.8434183597564697,0.234639897942543,0.0105417473241686,0.9419661,4.851569,0.0,0.4157531,OSI,0.026218412918972575,0.11581025474436936
A549,6,OSI,14,3,12,3,0.4008657038211822,0.010689191520214,0.4010677337646484,0.0106135495007038,0.19667649269104,0.0013764352770522,0.3001002669334411,0.1292065531015396,0.2258748114109039,0.2492283582687378,0.6667811274528503,2.0622902,2.053804,169,27622,27791,0.44563943,-0.46372503,0.14325598,0.9452066421508788,0.8608195,4.7175922,10.452346,0.0,1.6253538,2.363316297531128,3.4250271320343018,1.5267716646194458,0.3060251176357269,4.731996,10.452346,0.0,1.5993078,OSI,0.1321534889553613,0.18049979392376633
A549,6,OSI,14,3,12,4,0.3537074625492096,0.0196657534688711,0.37543585896492,0.0127162123098969,0.138999193906784,0.001877088448964,0.2262927889823913,0.0342151746153831,0.1737090647220611,0.1915055364370346,1.177403211593628,2.1484947,2.13621,692,54011,54703,0.92996705,-0.400314152,0.4844474,0.9229643940925598,0.9053505,5.589423,15.299965,0.0,4.71259,3.690270185470581,6.029013633728027,1.4832888841629028,1.2434982061386108,5.6137547,15.299965,0.0,4.710234,OSI,0.20635497699032057,0.1437265206980004
A549,6,OSI,14,3,12,5,0.294901043176651,0.0353774428367614,0.3739414513111114,0.0153029421344399,,,,,,,0.932295560836792,1.1111633,1.1054984,1470,44945,46415,0.7599638,0.1995071470737457,0.28539735,0.987643301486969,0.9011775,3.2259994,8.931381,0.0,3.9607813,3.503675699234009,5.525513172149658,2.047768831253052,0.2696381509304046,3.2169175,8.931381,0.0,4.0788994,,,
A549,6,OSI,14,3,12,6,0.1581793278455734,0.0217123236507177,0.2616257965564728,0.0088475374504923,0.1961708217859268,0.0060648405924439,0.4325125813484192,0.0,0.2577596604824066,0.2994922697544098,0.9080944657325744,1.1311283,1.1257706,663,26936,27599,0.6606755,-0.033427317,0.19576633,0.9417684674263,0.91338354,1.8332167,6.92888,0.0,2.6137738,2.581261396408081,5.041849613189697,0.0,0.4844817817211151,1.8148053,6.92888,0.0,2.6520703,OSI,0.1443406876165812,0.17636363979838193
A549,6,OSI,14,3,12,7,0.1536262184381485,0.0130202518776059,0.1922120302915573,0.0088738529011607,0.0628410130739212,0.001407497213222,0.2111523896455764,0.0,0.093095988035202,0.1118067055940628,0.7459573149681091,1.9688903,1.9539826,1281,103805,105086,0.65720123,0.3869861662387848,0.4336078,0.9701988101005554,0.8412184,1.570905,8.177512,0.0,1.3244715,0.7049118876457214,1.4729255437850952,0.3642149567604065,0.0327481888234615,1.5815914,8.177512,0.0,1.3310428,OSI,0.039417730693013485,0.14455004212618627
A549,6,OSI,15,3,12,1,0.2589033842086792,0.02453582175076,0.3205530643463135,0.0106162680312991,0.1806634068489074,0.0020959889516234,0.2915431261062622,0.081563577055931,0.2185656577348709,0.2418321222066879,1.2577255964279177,1.5297649,1.5267993,278,25224,25502,0.77627325,-0.606063485,0.38594395,0.944963037967682,0.9342296,3.3142824,8.524259,0.0,3.276164,3.373730182647705,5.0724639892578125,1.6866462230682373,0.5935672521591187,3.3136277,8.524259,0.0,3.3056881,OSI,0.18865448306545607,0.15456127059190844
A549,6,OSI,15,3,12,2,0.2148903906345367,0.0074925427325069,0.2184921950101852,0.0068311570212244,0.1164948940277099,0.0019911313429474,0.2462945431470871,0.0,0.151755079627037,0.1751002371311187,0.7420638203620911,1.5086087,1.501824,422,47257,47679,0.6658116,0.5552937984466553,0.32298052,0.982807755470276,0.9270034,2.471893,6.845917,0.0,0.5597785,1.4013930559158323,2.1259922981262207,0.9212509393692015,0.0544969104230403,2.4814525,6.845917,0.0,0.553966,OSI,0.07836402682559407,0.18129627987635422
A549,6,OSI,15,3,12,3,0.6608409881591797,0.022834101691842,0.6739383935928345,0.0144598381593823,,,,,,,0.4663704931735992,1.0155497,1.0070112,400,25327,25727,0.35950926,0.5466508865356445,-0.13521409,0.9541104435920716,0.8484077,7.7131085,16.391624,0.0,2.7955043,6.442234039306641,8.209074020385742,4.336792469024658,0.5948960781097412,7.73318,16.391624,0.0,2.804348,,,
A549,6,OSI,15,3,12,4,0.1328478753566742,0.0192491505295038,0.2396595925092697,0.0091273058205842,,,,,,,1.1852883100509644,1.4120566,1.4106643,427,69124,69551,0.76179487,0.1722129583358764,0.51941204,0.9903428554534912,0.94494,3.636523,14.92417,0.0,11.667038,4.614415645599365,7.0875983238220215,2.9078588485717773,0.4224250912666321,3.6304824,14.92417,0.0,11.730555,,,
A549,6,OSI,15,3,12,5,0.234993115067482,0.009678921662271,0.2422206103801727,0.0082259690389037,0.142517939209938,0.0011586379259824,0.2337779998779297,0.0544279217720031,0.1696947813034057,0.1854844540357589,1.3769205808639526,2.03084,2.01758,632,30535,31167,0.9157465,0.224559336900711,0.6123772,0.9854981899261476,0.93733424,4.31116,12.156372,0.0,2.2305534,3.0362625122070312,4.460543155670166,1.939149260520935,0.2085795849561691,4.337547,12.156372,0.0,2.2380657,OSI,0.1697837419357298,0.1649263200325519
A549,6,OSI,16,3,12,1,0.4406168758869171,0.0142982108518481,0.4432972073554992,0.0131970047950744,,,,,,,0.5977938175201416,0.966227,0.96313304,400,47231,47631,0.7309622,0.7106654644012451,0.46891642,0.988126575946808,0.9107142,8.378806,17.80494,0.0,4.871834,6.149209022521973,8.107038497924805,4.395916938781738,0.51984041929245,8.397688,17.80494,0.0,4.8662343,,,
A549,6,OSI,16,3,12,2,0.2776941061019897,0.0260897669941186,0.3342524468898773,0.0124987438321113,0.1754339039325714,0.0037425674963742,0.3762125372886657,0.0031806761398911,0.2244750708341598,0.2546920478343963,0.7887020707130432,1.1349902,1.1288366,1841,101758,103599,0.7262566,0.2668163478374481,0.67144483,0.9028878808021544,0.87793595,3.1132839,8.851549,0.0,3.104146,2.4304120540618896,5.589435577392578,0.7938635945320129,0.8404399156570435,3.1256385,8.851549,0.0,3.1365118,OSI,0.1359053939918994,0.17933544578115726
A549,6,OSI,16,3,12,3,0.1507246643304824,0.0107261789962649,0.1824197322130203,0.0071999249048531,0.1034613028168678,0.0024695037864148,0.2973812818527221,0.0,0.1424121707677841,0.1699498146772384,1.3529398441314695,2.170456,2.1520648,1114,48405,49519,0.93768114,-0.15149498,0.50200313,0.9730237722396852,0.94089967,3.1706498,10.930404,0.0,3.1535468,2.3588907718658447,4.503957748413086,1.24878990650177,0.2820454239845276,3.1893315,10.930404,0.0,3.2041173,OSI,0.13190601947455602,0.180572958291946
A549,6,OSI,16,3,12,4,0.2213781923055648,0.0054934318177402,0.2242826372385025,0.0049140923656523,0.2079269737005233,0.0021109038498252,0.341876745223999,0.0699402242898941,0.2451567649841308,0.2681907117366791,1.0145756006240845,0.9150726,0.91610396,1083,103396,104479,0.7246968,0.3193832039833069,0.7862994,0.9739505052566528,0.93920547,2.1040676,5.7567377,0.0,0.3029607,2.048443555831909,3.4357118606567383,1.173674464225769,0.1415517777204513,2.1046503,5.7567377,0.0,0.3046186,control,0.2989886474006233,0.0
A549,6,OSI,17,3,12,1,0.1948059350252151,0.0051258723251521,0.1950880885124206,0.0050782524049282,0.1020033657550811,0.001319917384535,0.2298334687948227,0.0090061668306589,0.1304946094751358,0.150102213025093,1.1241101026535034,2.6206105,2.5882993,1045,47354,48399,0.6105975,0.5808446407318115,0.42798454,0.96055805683136,0.887526,1.8135818,4.316156,0.0,0.32905865,0.939115047454834,1.640961766242981,0.5478431582450867,0.0493974350392818,1.832879,4.316156,0.0,0.31798294,OSI,0.05251405839382841,0.1629744315677846
A549,6,OSI,17,3,12,2,0.1948719322681427,0.0054986057803034,0.1951425224542617,0.0054534361697733,0.0901595503091812,0.00135925761424,0.2038142085075378,0.0,0.1197439357638359,0.138119950890541,0.8028632998466492,2.2005224,2.1667593,1202,48556,49758,0.7512797,-0.048204459,0.4122671,0.9322247505187988,0.87704986,2.3668637,6.552635,0.0,0.71103483,1.0706799030303955,1.8965150117874143,0.4710866212844848,0.1027065142989158,2.3989491,6.552635,0.0,0.683475,OSI,0.059870989290628805,0.17019665064010256
A549,6,OSI,17,3,12,3,0.1880895942449569,0.0023757310118526,0.1880895942449569,0.0023757310118526,0.1279798150062561,0.0013439127942547,0.218839481472969,0.0389661453664302,0.1592223048210144,0.1745773553848266,1.1371791362762451,1.9415866,1.9276643,859,48772,49631,0.86152583,0.222208559513092,0.604795,0.9441567659378052,0.9187275,2.2796464,5.1089067,0.8661057,0.33664274,1.5459606647491455,2.349780559539795,0.8661056756973267,0.131304383277893,2.292568,5.1089067,0.87460405,0.33061165,OSI,0.08644805430732162,0.18373344359019306
A549,6,OSI,17,3,12,4,0.125827670097351,0.0014933525817468,0.1258859634399414,0.0014867075951769,0.0819754973053932,0.0011915090726688,0.1859167516231537,0.0,0.110299676656723,0.1254761070013046,0.8275693655014038,1.4632,1.4288108,1636,28603,30239,0.81917965,0.3815150856971741,0.72512555,0.927418291568756,0.9390734,2.4474685,4.4087,0.7269687,0.30000186,1.637495040893555,3.006317377090454,0.7269687056541443,0.2515895366668701,2.4937947,4.4087,1.0455205,0.26310167,OSI,0.09156653429219413,0.18468022803503253
A549,6,OSI,17,3,12,5,0.150643765926361,0.0019363129977136,0.150643765926361,0.0019363129977136,0.1018044799566268,0.0007718960405327,0.1818777620792389,0.0180089585483074,0.1237716153264045,0.137140467762947,0.8574497103691101,1.3496392,1.3322375,1249,34078,35327,0.46493387,0.2117409408092498,0.5861901,0.9516963958740234,0.8959666,2.7299547,7.861308,0.90353656,0.84747905,1.9844586849212649,3.844874620437622,0.9035365581512452,0.1408841609954834,2.7572773,7.861308,1.0362184,0.8522605,OSI,0.11096827757422045,0.18489110424189287
A549,6,OSI,18,3,12,1,0.2962628304958343,0.034674122929573,0.3907548487186432,0.0088101094588637,,,,,,,,1.0535766,1.0535766,0,22735,22735,0.86730856,,0.78001153,,0.9579549,3.5827672,9.015875,0.0,4.5209794,,,,,3.5827672,9.015875,0.0,4.5209794,,,
A549,6,OSI,18,3,12,2,0.3309005498886108,0.0453577525913715,0.4451743364334106,0.0101499268785119,,,,,,,1.192967653274536,1.6220266,1.6183301,314,36133,36447,0.8758044,0.5341641902923584,0.62030286,0.9905424118041992,0.94887483,4.431873,11.275222,0.0,7.7642727,4.386414527893066,5.514836311340332,3.2614667415618896,0.1914338916540146,4.4322677,11.275222,0.0,7.8300605,,,
A549,6,OSI,18,3,12,3,0.3679774701595306,0.0108060482889413,0.3689325451850891,0.0104817366227507,0.2324766665697097,0.0015672229928895,0.3698294460773468,0.1401088982820511,0.2644009292125702,0.2869333922863006,1.2124677896499634,1.9329346,1.9226869,1000,69303,70303,0.9718482,0.3839502334594726,0.49649513,0.9646612405776978,0.90423477,4.2326937,9.586482,0.0,1.3677845,3.147513628005981,4.719602584838867,1.95125412940979,0.3059456050395965,4.248352,9.586482,0.0,1.3658688,OSI,0.17600475565207704,0.1616622700932663
A549,6,OSI,18,3,12,4,0.1381921768188476,0.0031732518691569,0.1390011608600616,0.003079377580434,0.0781205296516418,0.0007602184196002,0.1671646833419799,0.0,0.0997993946075439,0.1139484420418739,1.0660158395767212,2.063111,2.0366824,1011,37132,38143,0.8977532,0.1180600672960281,0.6194183,0.9751468896865844,0.92121774,2.0514562,5.099223,0.0,0.409367,1.1786513328552246,1.9861164093017576,0.3996846079826355,0.0587576851248741,2.0752196,5.099223,0.0,0.39760736,OSI,0.06590860735036809,0.17480823315642752
A549,6,OSI,18,3,12,5,0.2940914928913116,0.0308804363012313,0.3747428357601166,0.0091255418956279,0.2567591369152069,0.0045325136743485,0.4171160757541656,0.1033559963107109,0.3109663426876068,0.3420707881450653,0.9757058024406432,1.2523282,1.2429575,1381,39386,40767,0.80601144,0.3946062922477722,0.57270145,0.987722873687744,0.95296997,3.2553926,8.548397,0.0,3.4310014,3.344741106033325,4.940387725830078,2.1634974479675293,0.1649141460657119,3.2522604,8.548397,0.0,3.5452282,OSI,0.18703345264299986,0.1555035236573461
A549,6,OSI,18,3,12,6,0.0654084831476211,0.0008696005679666,0.066557690501213,0.0008083906723186,0.0516822561621665,0.0005817619967274,0.1389971524477005,0.0,0.070760078728199,0.0826180502772331,0.9449465274810792,1.5829195,1.5645638,1433,48373,49806,0.7310443,0.3031973242759704,0.5350534,0.975602388381958,0.9339659,0.9786662,2.230347,0.0,0.080288485,0.660149335861206,1.1129094362258911,0.3987099528312683,0.0143877314403653,0.9881015,2.230347,0.0,0.07914631,OSI,0.03691466861916053,0.14001631410262186
A549,6,OSI,18,3,12,7,0.3891180753707886,0.0108093218877911,0.3952750563621521,0.008546644821763,0.2018668800592422,0.0020707866642624,0.3244069516658783,0.0699652284383773,0.2382478564977646,0.2594876885414123,1.1161365509033203,1.9736884,1.9600998,1471,91360,92831,0.868094,0.5261181592941284,0.69109046,0.9711732268333436,0.9537562,5.4860806,13.72417,0.0,1.8817437,3.597637891769409,6.250764846801758,2.0487589836120605,0.4932086169719696,5.5164866,13.72417,0.0,1.8457564,OSI,0.2011751029229619,0.14699505168633434
A549,6,OSI,19,3,12,1,0.403163343667984,0.0120884152129292,0.4121902883052826,0.0086382525041699,0.18692347407341,0.001737693673931,0.3128500580787658,0.0741350054740905,0.2210990786552429,0.2392057031393051,0.8365933299064636,1.4918022,1.4799399,1884,102179,104063,0.93309116,0.2945694923400879,0.66471213,0.947403073310852,0.93936634,5.833468,12.678585,0.0,2.5344338,3.874754667282105,6.714541435241699,1.5717302560806274,0.9856330752372742,5.8695827,12.678585,0.0,2.4909477,OSI,0.2166711026629544,0.13700059029818776
A549,6,OSI,19,3,12,2,0.1547286212444305,0.0101610952988266,0.1607304066419601,0.0095905642956495,0.0652324184775352,0.0004366311186458,0.1375630795955658,0.001913663581945,0.0815477594733238,0.0913481339812278,0.7940207123756409,2.610925,2.600207,200,33703,33903,0.58051085,0.2471185028553009,0.174733,0.9955499172210692,0.7844896,3.6567235,13.262053,0.0,3.9047084,1.2512764930725098,1.4734678268432615,0.9462642669677734,0.0099041601642966,3.6709974,13.262053,0.0,3.8932815,OSI,0.06996970925140548,0.1773355226261744
A549,6,OSI,2,3,12,1,0.1226942241191864,0.0236500818282365,0.2407695204019546,0.0179809127002954,0.125943511724472,0.0015060624573379,0.2762172818183899,0.0235227886587381,0.1565020680427551,0.1775071322917938,0.936318039894104,1.7873152,1.7741543,919,58504,59423,0.7165655,0.1521946042776107,0.2953991,0.9546815752983092,0.8228783,2.7855272,17.818764,0.0,10.248992,2.8846147060394287,7.514283657073975,1.2144923210144043,1.556218504905701,2.7839708,17.818764,0.0,10.385384,OSI,0.16130379928124428,0.1691028040540966
A549,6,OSI,2,3,12,2,0.0795151069760322,0.0110375247895717,0.1658550351858139,0.0087024932727217,0.0655082017183303,0.0031044883653521,0.3170901834964752,0.0,0.1090881749987602,0.1429074108600616,1.1334247589111328,1.9202639,1.8948809,1455,43648,45103,0.7840819,-0.443099171,0.30371228,0.9234737157821656,0.9104509,1.8408468,10.347194,0.0,4.2261434,2.082608222961426,6.856968879699707,0.0,1.171469807624817,1.8327879,10.347194,0.0,4.3259544,OSI,0.1164566685716144,0.18414964743775225
A549,6,OSI,2,3,12,3,0.2670593559741974,0.0176619365811347,0.2778987884521484,0.0153665347024798,0.1567636132240295,0.0010057762265205,0.243322804570198,0.0663403421640396,0.1823325008153915,0.1967481523752212,1.1108368635177612,1.9312086,1.9140599,1000,46839,47839,0.92696613,-0.367036998,0.44242918,0.9565911889076232,0.8691587,4.969836,14.913611,0.0,4.765473,3.0114541053771973,6.0538010597229,1.746403694152832,0.6784132122993469,5.0116463,14.913611,0.0,4.7691007,OSI,0.1683964889804603,0.16563182086632058
A549,6,OSI,2,3,12,4,0.172879159450531,0.0232243128120899,0.2510148882865906,0.0141077106818556,0.136050671339035,0.0018398626707494,0.2746959030628204,0.0,0.169581726193428,0.1907278895378112,0.6579352021217346,1.2564795,1.2506343,600,60839,61439,0.6831234,0.6754536628723145,0.39335138,0.9838553071022034,0.87327784,1.8958931,8.37385,0.0,2.4444683,1.3702669143676758,2.225733518600464,0.7647943496704102,0.0548110641539096,1.901077,8.37385,0.0,2.4652834,OSI,0.07662349458807492,0.18060363547425273
A549,6,OSI,2,3,12,5,0.1071319878101348,0.0152387833222746,0.1930822432041168,0.0108691416680812,0.0903139486908912,0.0022121074143797,0.2375022172927856,0.0,0.1282544136047363,0.1504407525062561,0.7716731429100037,1.2102505,1.2026857,1971,112300,114271,0.8905932,0.4621812105178833,0.46222007,0.9802597761154176,0.8699239,2.747935,16.510092,0.0,7.985005,2.4343297481536865,4.660200119018555,1.1475160121917725,0.2302105128765106,2.7534392,16.510092,0.0,8.119354,OSI,0.13612446620979576,0.1792643358706181
A549,6,OSI,2,3,12,6,0.1631200164556503,0.0146837942302227,0.1934777796268463,0.0115429982542991,0.0939715355634689,0.0020202375017106,0.2383034378290176,0.0,0.1300540715456009,0.1505606472492218,0.6914797425270081,1.1249768,1.1176742,1850,107973,109823,0.7460801,0.4190174043178558,0.36966485,0.9639212489128112,0.855908,4.1343265,18.212776,0.0,6.805253,2.6703782081604004,5.36545991897583,0.975630819797516,0.52824866771698,4.15941,18.212776,0.0,6.875452,OSI,0.1493239806315493,0.1743969740812126
A549,6,OSI,3,3,12,1,0.2959409356117248,0.0108214803040027,0.3019546568393707,0.0092255119234323,0.1343176513910293,0.0022180832456797,0.3315519988536834,0.0348804369568824,0.1722467243671417,0.2002660036087036,1.3005298376083374,3.7839344,3.7287505,1639,72120,73759,0.96266073,-0.674385667,0.513814,0.9251915812492372,0.8739447,3.3423297,8.382366,0.0,1.2663523,1.3562047481536863,2.894221544265747,0.5829043984413147,0.2057126611471176,3.3874662,8.382366,0.0,1.198773,OSI,0.0758371570464643,0.18026963054279255
A549,6,OSI,3,3,12,2,0.1694816350936889,0.0305384341627359,0.3117501735687256,0.0118211898952722,,,,,,,0.9021914601325988,1.1765206,1.172999,800,61519,62319,0.68409866,0.4762241244316101,0.3699348,0.9862595200538636,0.8801899,3.836833,19.50436,0.0,15.071535,5.425471305847168,9.315661430358888,3.166947841644287,1.0468708276748655,3.8161743,19.50436,0.0,15.220661,,,
A549,6,OSI,3,3,12,3,0.5389191508293152,0.0228252653032541,0.5659158825874329,0.0086908340454101,,,,,,,0.6081457734107971,0.6710968,0.6698772,800,40495,41295,0.9539185,0.5331481099128723,0.78716505,0.9902158975601196,0.95645887,4.913809,10.162616,0.0,1.9446646,4.649940013885498,5.95548152923584,3.634565114974976,0.1479339748620987,4.919021,10.162616,0.0,1.9787565,,,
A549,6,OSI,3,3,12,4,0.1857641637325287,0.0168499909341335,0.2306834608316421,0.0105623165145516,0.142133742570877,0.001747028902173,0.2759451270103454,0.0147122368216514,0.1753606796264648,0.1965821385383606,0.5812214612960815,0.59776187,0.5974258,2936,141607,144543,0.56908375,0.1568573415279388,0.6234982,0.9590393900871276,0.84782076,2.8170416,14.629324,0.0,3.8067002,2.8915457725524902,6.044229984283447,1.521672248840332,0.558256208896637,2.8154967,14.629324,0.0,3.8739338,OSI,0.16169137525778182,0.16891923214597637
A549,6,OSI,3,3,12,5,0.1659045219421386,0.0168671738356351,0.2246545404195785,0.0096417088061571,0.1023889482021331,0.0024086206685751,0.2799863517284393,0.0,0.1406549662351608,0.1658704429864883,0.8730102777481079,1.334123,1.327717,864,61327,62191,0.7056127,0.3091733455657959,0.5227298,0.9698395133018494,0.91544056,3.2934537,12.947868,0.0,5.566062,2.558224678039551,4.94448184967041,1.1696958541870115,0.4452092349529266,3.3038116,12.947868,0.0,5.6304827,OSI,0.1430525051123334,0.17684744449668469
A549,6,OSI,4,3,12,1,0.1953096836805343,0.0380039066076278,0.3395063281059265,0.0171064231544733,,,,,,,0.7212579846382141,0.90534294,0.9025731,994,65069,66063,0.4602557,0.2034754455089569,0.24293692,0.9770801663398744,0.8631868,4.16721,19.027254,0.0,15.564412,6.066195011138916,10.07627773284912,2.8688104152679443,1.555206537246704,4.138201,19.027254,0.0,15.7224865,,,
A549,6,OSI,4,3,12,2,0.2779375612735748,0.013124905526638,0.2932600378990173,0.0093550076708197,0.1632010787725448,0.0024075245019048,0.3352885246276855,0.0475516319274902,0.2024885714054107,0.2300871163606643,1.1283432245254517,2.0520062,2.0275702,1760,64767,66527,0.839447,0.4889396429061889,0.5676886,0.9651849269866944,0.92600864,3.1365116,8.596414,0.0,1.453103,1.9899793863296509,3.8225057125091553,0.9808101058006288,0.2459849566221237,3.1676676,8.596414,0.0,1.4492131,OSI,0.11127698781895627,0.18485767063054875
A549,6,OSI,4,3,12,3,0.2960866391658783,0.0059782909229397,0.2965053915977478,0.0058625731617212,0.2003638595342636,0.0017054765485227,0.3930610418319702,0.0768417492508888,0.2332496643066406,0.2545073330402374,1.0204427242279053,1.5937694,1.5805045,1507,63628,65135,0.75986505,0.5420280694961548,0.67517257,0.9707399010658264,0.91822857,3.5099287,8.837317,0.0,0.80289537,2.5165445804595947,3.953782796859741,1.3569021224975586,0.2281549274921417,3.5334563,8.837317,0.0,0.7925823,OSI,0.14072180975812063,0.17769600374485542
A549,6,OSI,4,3,12,4,0.1351145952939987,0.0032570618204772,0.1377589702606201,0.002956518670544,0.077699139714241,0.0015578985912725,0.2153352946043014,0.0,0.1091291084885597,0.1291081756353378,1.209918975830078,1.9164805,1.8900349,2057,52901,54958,0.86537844,0.0251026675105094,0.6178242,0.946198046207428,0.9544407,1.406522,3.410585,0.0,0.13535398,0.9732741117477416,1.8726061582565308,0.2856030464172363,0.076542928814888,1.4233679,3.410585,0.0,0.13005854,OSI,0.0544241876179505,0.1650364357492634
A549,6,OSI,4,3,12,5,0.1224692985415458,0.0153244761750102,0.2001288682222366,0.0095000276342034,0.0820480659604072,0.0039182282052934,0.2902742028236389,0.0,0.1306107640266418,0.1683510839939117,0.746794581413269,0.9292123,0.9258085,1267,66636,67903,0.67575234,0.3736675381660461,0.49572363,0.9275736808776855,0.918301,4.175369,16.959284,0.0,12.277476,4.645535945892334,9.054542541503906,0.0,2.3267996311187744,4.166429,16.959284,0.0,12.46239,OSI,0.2597721616689906,0.1063613684492134
A549,6,OSI,5,3,12,1,0.4591973721981048,0.0246176738291978,0.4779427647590637,0.0166633985936641,0.216115728020668,0.0010394079145044,0.3211727142333984,0.1385815888643264,0.2422852665185928,0.2578565180301666,0.5303083062171936,1.210894,1.2022494,1082,84101,85183,0.47299424,-0.017917097,0.26741567,0.9662848114967346,0.84517443,5.7762947,18.397335,0.0,4.0602865,3.293531656265259,4.781548976898193,1.9480113983154297,0.371106207370758,5.8082356,18.397335,0.0,4.0274253,OSI,0.18416988864972308,0.1571456244361278
A549,6,OSI,5,3,12,2,0.4909411072731018,0.0122633706778287,0.4911979138851166,0.0121436482295393,,,,,,,0.785251259803772,1.1708705,1.1656678,800,58495,59295,0.7182179,0.5397545099258423,0.47468975,0.9648022651672364,0.8932777,6.7096524,13.164418,0.0,2.0793793,5.392630100250244,7.230637550354004,3.8141276836395264,0.7037280201911926,6.7276645,13.164418,0.0,2.0741467,,,
A549,6,OSI,5,3,12,3,0.2870756387710571,0.005433359183371,0.2870756387710571,0.005433359183371,0.2264110147953033,0.001562752877362,0.3285167813301086,0.1158145889639854,0.2595438361167907,0.2774663269519806,0.6152970194816589,0.93599576,0.9239927,1200,30862,32062,0.29912153,-0.195847929,0.30356407,0.9651551246643066,0.89729416,2.8247218,7.1819777,1.3968234,0.5344644,2.230379343032837,3.2882769107818604,1.3968234062194824,0.1467757225036621,2.8478303,7.1819777,1.4911422,0.5352695,control,0.3072090919961081,0.0
A549,6,OSI,5,3,12,4,0.2960221767425537,0.0015849422197788,0.2960221767425537,0.0015849422197788,,,,,,,1.187882423400879,1.1595718,1.1601971,200,8855,9055,0.9009395,0.2337376028299331,0.90439016,0.9948810935020448,0.9856013,3.3850706,5.9617496,2.4681194,0.12426909,3.2987678050994877,3.855816841125488,2.8755545616149902,0.0326340347528457,3.3870199,5.9617496,2.4681194,0.12616652,,,
A549,6,OSI,5,3,12,5,0.3465272188186645,0.0141890328377485,0.3607020378112793,0.0096565578132867,0.194676861166954,0.0018303141696378,0.3355516493320465,0.0795502737164497,0.2294755578041076,0.2503410279750824,0.4933181703090668,0.8211983,0.81382525,848,36863,37711,0.37367103,-0.277311802,0.5245578,0.9341962337493896,0.89798284,4.0384784,9.102605,0.0,1.8622516,2.663764238357544,4.963903903961182,1.3867790699005127,0.5228530168533325,4.0701017,9.102605,0.0,1.8485895,OSI,0.14895413627926943,0.17454797540016578
A549,6,OSI,5,3,12,6,0.3236144483089447,0.0183401685208082,0.3543481528759002,0.0091914981603622,0.2073535919189453,0.0022188895381987,0.3433165550231933,0.0568720959126949,0.2449773401021957,0.2658421993255615,0.9675944447517396,1.516623,1.5043986,871,38248,39119,0.9111538,0.391744315624237,0.4137718,0.9839775562286376,0.94777715,3.640232,9.340569,0.0,2.0609148,2.480674743652344,3.645890951156616,1.345518708229065,0.1495853662490844,3.6666372,9.340569,0.0,2.0731235,OSI,0.13871601642132111,0.17839785384401327
A549,6,OSI,5,3,12,7,0.1635722815990448,0.0103614339604973,0.1792930364608764,0.0085386345162987,0.0685189813375473,0.0016259395051747,0.2336814552545547,0.0,0.100964568555355,0.1198242753744125,0.8230116367340088,1.8801976,1.8626462,1368,81031,82399,0.72392327,0.1319913566112518,0.31996396,0.9421169757843018,0.87981004,3.6857285,13.9556265,0.0,3.8628974,1.6565462350845337,4.001479148864746,0.6710343956947327,0.323290467262268,3.7199852,13.9556265,0.0,3.8519664,OSI,0.09263185161080023,0.1848247342502619
A549,6,OSI,5,3,12,8,0.152440458536148,0.0293093789368867,0.314778596162796,0.0094211865216493,0.1587092131376266,0.0018621381605044,0.2609613537788391,0.0458342842757701,0.1931790560483932,0.2140860557556152,0.8671148419380188,1.4868141,1.481131,427,46132,46559,0.5873393,-0.612996697,0.075028464,0.9499216079711914,0.8983621,1.7890275,8.566709,0.0,3.9370544,2.588764905929565,5.036062717437744,1.3547919988632202,0.656460702419281,1.7816252,8.566709,0.0,3.961444,OSI,0.14476027384112075,0.17620382552853472
A549,6,OSI,5,3,12,9,0.3208101987838745,0.0210566036403179,0.3605299592018127,0.0093434834852814,0.1989164650440216,0.0020527355372905,0.298491507768631,0.1054117158055305,0.2368190884590149,0.2536290287971496,0.8689572811126709,1.2564634,1.2499157,940,54691,55631,0.4729372,-0.098207399,0.28481123,0.9683659672737122,0.9305433,4.198808,11.527988,0.0,3.446267,3.585855484008789,6.135234832763672,2.101824760437012,0.448291003704071,4.209343,11.527988,0.0,3.4912248,OSI,0.20051624642733018,0.14740525857583292
A549,6,OSI,5,3,12,10,0.0617820918560028,0.0087438635528087,0.1600998491048813,0.006917871069163,0.0773495659232139,0.0028330632485449,0.2315748184919357,0.0,0.1208147034049034,0.1495121866464615,0.720875084400177,1.0838566,1.0803438,1047,107144,108191,0.4996097,0.5271311402320862,0.42537823,0.9778894186019896,0.8990174,1.2646688,11.159333,0.0,3.2036853,1.8316584825515747,3.6132149696350098,0.0,0.2817603349685669,1.2591282,11.159333,0.0,3.2290661,OSI,0.10242389446420898,0.18539048195089347
A549,6,OSI,6,3,12,1,0.214687317609787,0.0101900119334459,0.2321214228868484,0.006970684044063,0.1329297125339508,0.0023613614030182,0.2966938316822052,0.0168532356619834,0.1723463088274002,0.1990153342485427,0.9607305526733398,1.383581,1.3724229,1666,61469,63135,0.72592103,0.207419067621231,0.6682024,0.9484601616859436,0.91614306,2.5827882,7.6937194,0.0,1.2208245,1.5841658115386963,3.2177155017852783,0.7102858424186707,0.2331309914588928,2.6098533,7.6937194,0.0,1.2198331,OSI,0.08858443505735719,0.1841808614586155
A549,6,OSI,6,3,12,2,0.1766976416110992,0.0334346145391464,0.3098660111427307,0.0173682868480682,0.2516793310642242,0.0025616744533181,0.4202005863189697,0.0362096242606639,0.2911701202392578,0.3156779408454895,0.7302324771881104,0.6980323,0.6982846,1169,148076,149245,0.5156811,0.7014310359954834,0.42740506,0.9767794013023376,0.79760796,1.6721063,8.663888,0.0,3.1233761,2.4988908767700195,4.03006649017334,0.0,0.4776727259159088,1.6655792,8.663888,0.0,3.1388235,control,0.31777940573546964,0.0
A549,6,OSI,6,3,12,3,0.2084159255027771,0.011946989223361,0.219192087650299,0.0102026620879769,0.1199886053800582,0.0012539670569822,0.2332233786582946,0.0348502397537231,0.1484137624502182,0.1664778292179107,1.121282935142517,1.4574693,1.4524815,1365,90634,91999,0.82619137,0.1485550999641418,0.5107377,0.953661561012268,0.9029958,5.0276985,18.574177,0.0,5.0461707,3.78032898902893,7.246986865997314,2.142941474914551,1.2332147359848022,5.0464845,18.574177,0.0,5.0798097,OSI,0.21139094492817742,0.14047777837588668
A549,6,OSI,6,3,12,4,0.198231890797615,0.0133633250370621,0.2299547791481018,0.0082070110365748,0.1003150418400764,0.0018245159881189,0.267615795135498,0.0,0.133050188422203,0.1552996933460235,0.993152379989624,1.7509388,1.7374748,871,48152,49023,0.9495099,0.5518617033958435,0.5883064,0.9710777401924132,0.9314281,3.6047997,11.583993,0.0,3.3501666,2.290519952774048,4.381535530090332,1.2454882860183716,0.4803578853607178,3.6285727,11.583993,0.0,3.3702664,OSI,0.1280828146436344,0.1816437144564279
A549,6,OSI,7,3,12,1,0.290818452835083,0.0057801203802227,0.290818452835083,0.0057801203802227,0.1875702738761901,0.0013437188463285,0.2910301387310028,0.0869738385081291,0.2175541520118713,0.234248399734497,0.769532322883606,1.3514605,1.3385872,1580,69843,71423,0.74155885,0.1049903631210327,0.60730004,0.9518671035766602,0.91235673,3.766294,7.448808,1.3496951,0.8366459,2.546074628829956,4.980323791503906,1.403861165046692,0.3590914607048034,3.7938974,7.448808,1.3496951,0.8130047,OSI,0.1423730905982014,0.17709840357883244
A549,6,OSI,7,3,12,2,0.2741614580154419,0.0076931598596274,0.2753615379333496,0.007396372500807,0.1318230926990509,0.0016201281687244,0.2426600456237793,0.0233974680304527,0.1637037247419357,0.1852354854345321,1.0378468036651611,2.6276844,2.6022677,851,52380,53231,0.96729594,-0.0257283,0.40219265,0.9650993943214417,0.8894672,3.4813604,8.144576,0.0,1.0886319,1.7044888734817505,2.7558388710021973,0.8167612552642822,0.1334583759307861,3.5102282,8.144576,0.0,1.0520223,OSI,0.09531273987807798,0.18511296910939662
A549,6,OSI,7,3,12,3,0.1608577221632003,0.0264812055975198,0.296585202217102,0.008570578880608,0.2856536507606506,0.0052889115177094,0.409770667552948,0.0830995962023735,0.3431618213653564,0.371533989906311,1.1818053722381592,1.1988161,1.1986609,400,43455,43855,0.5198202,0.178332433104515,0.15740258,0.9835031628608704,0.91166526,1.7783822,7.0791764,0.0,3.006312,3.3544552326202397,5.811172962188721,1.9701604843139648,0.4600044190883636,1.7638747,7.0791764,0.0,3.0066743,control,0.3427654387771243,0.0
A549,6,OSI,7,3,12,4,0.2659066319465637,0.0076951808296144,0.2691715359687805,0.0069108544848859,0.1259976774454116,0.0019755286630243,0.2959349751472473,0.0127468733116984,0.160021886229515,0.1867581009864807,0.8425017595291138,1.9245955,1.9025745,1614,77697,79311,0.9525172,-0.204551816,0.49008286,0.9617467522621156,0.9140804,3.3019984,8.733897,0.0,0.9500973,1.5733871459960938,3.130123853683472,0.9029216766357422,0.1788004636764526,3.3379064,8.733897,0.0,0.90275884,OSI,0.08798170648512761,0.18406240227069642
A549,6,OSI,7,3,12,5,0.3440428078174591,0.0286251027137041,0.3974257409572601,0.0118509326130151,0.2332914322614669,0.0041508399881422,0.3753690719604492,0.0987164676189422,0.2870416045188904,0.3182694911956787,1.15802001953125,1.6080468,1.5999866,1295,71008,72303,0.575889,0.1453874111175537,0.28337866,0.9375643730163574,0.90264297,4.562534,13.470445,0.0,4.9562206,4.081145763397217,6.90770959854126,1.8018043041229248,0.9671457409858704,4.5713134,13.470445,0.0,5.024666,OSI,0.2282122169308274,0.12916701218684598
A549,6,OSI,7,3,12,6,0.2765282094478607,0.0103112207725644,0.277464896440506,0.0100862523540854,0.1194798573851585,0.0012395308585837,0.2409417778253555,0.0209276266396045,0.1466781795024871,0.1658650785684585,0.9557411670684814,2.3797054,2.3584065,638,42017,42655,0.62126535,0.4189602136611938,0.23079553,0.9579663872718812,0.88631517,5.495877,14.038498,0.0,3.0617127,2.928144693374634,4.683234214782715,1.755115985870361,0.4044953882694244,5.534866,14.038498,0.0,3.0004277,OSI,0.1637379379983257,0.167937958583173
A549,6,OSI,7,3,12,7,0.2465694844722747,0.0047191516496241,0.2475042045116424,0.0045056939125061,,,,,,,0.8820751905441284,1.1464697,1.1409707,782,36817,37599,0.9697519,0.3925808072090149,0.82647467,0.9834994077682496,0.9746596,5.8470726,12.461591,0.0,1.0052185,4.578075885772705,6.121009349822998,2.935945987701416,0.3359951078891754,5.8740263,12.461591,0.0,0.98450273,,,
A549,6,OSI,7,3,12,8,0.1706781089305877,0.021304914727807,0.2583763599395752,0.0095927016809582,,,,,,,0.9784011244773864,1.0662905,1.0644506,909,42514,43423,0.776515,0.6931359767913818,0.597618,0.9699474573135376,0.9321085,4.2190423,14.332957,0.0,10.604337,5.072230339050293,9.08362865447998,2.546947479248047,1.0985716581344604,4.2008004,14.332957,0.0,10.79168,,,
A549,6,OSI,8,3,12,1,0.1752734929323196,0.0370919480919837,0.3618549406528473,0.0090614920482039,0.3387150168418884,0.0036636863369494,0.4756722152233124,0.1976832896471023,0.3887207806110382,0.4170713722705841,0.94129079580307,0.7531701,0.75523484,432,38927,39359,0.6467576,0.3388067781925201,0.5516152,0.9866227507591248,0.9383843,1.6392974,6.8435726,0.0,3.0700583,3.1311159133911133,4.238203048706055,1.9581607580184937,0.1648477464914322,1.6227422,6.8435726,0.0,3.077328,control,0.3372411950377704,0.0
A549,6,OSI,8,3,12,2,0.4794846773147583,0.0173995103687047,0.491436094045639,0.0119598358869552,,,,,,,0.7872774600982666,1.042381,1.0391812,704,55423,56127,0.7840778,0.5882842540740967,0.5483483,0.9937702417373656,0.91327965,4.1888328,8.507052,0.0,1.546162,3.5433104038238525,4.547458648681641,2.776627779006958,0.0769986435770988,4.1970325,8.507052,0.0,1.5594631,,,
A549,6,OSI,8,3,12,3,0.1504611372947693,0.0174291599541902,0.2345128953456878,0.0074543501250445,0.153369516134262,0.0044257030822336,0.3318769931793213,0.0,0.2069556713104248,0.2423706352710724,0.6038945913314819,1.0060354,1.0023475,487,52616,53103,0.2943922,0.214167907834053,0.06532244,0.9755460023880004,0.8901228,1.2135079,5.500234,0.0,1.0779965,1.1805379390716553,2.0795938968658447,0.0,0.0913243815302848,1.213813,5.500234,0.0,1.0871187,OSI,0.06601410384867712,0.17487943754798782
A549,6,OSI,8,3,12,4,0.3512802422046661,0.0443603806197643,0.4462448060512543,0.0139752523973584,0.2894504964351654,0.0043403119780123,0.4744949340820312,0.1535232216119766,0.3410432338714599,0.3750035762786865,1.511987328529358,1.9088693,1.903792,689,53166,53855,0.7905035,-0.144465178,0.3153327,0.9562736749649048,0.9005416,3.3414652,8.936515,0.0,4.190785,3.577220678329468,5.512329578399658,1.6929415464401243,0.5111160278320312,3.33841,8.936515,0.0,4.2377405,control,0.34773846786884094,0.0
A549,6,OSI,8,3,12,5,0.2674424946308136,0.0514930598437786,0.4213553369045257,0.0162752512842416,0.188662514090538,0.0053763496689498,0.3718134760856628,0.0117540610954165,0.247324526309967,0.2832886576652527,0.5896354913711548,0.85936004,0.85384756,860,41219,42079,0.58945197,0.0355548933148384,0.26602477,0.8988751173019409,0.8968408,4.0184364,14.72952,0.0,11.539319,4.872842311859131,8.99920654296875,0.0,2.9082748889923096,4.0006104,14.72952,0.0,11.703847,OSI,0.2724828298752131,0.09670117149722418
A549,6,OSI,8,3,12,6,0.1464040726423263,0.0338789112865924,0.3556715846061706,0.0078743444755673,0.2623607516288757,0.0039179166778922,0.453109472990036,0.0887452214956283,0.3132901489734649,0.3410558104515075,0.9944139122962952,1.558117,1.5508904,329,25334,25663,0.83732617,-0.235211685,0.3721946,0.9854943156242372,0.9401242,1.286388,6.200913,0.0,2.5424647,2.216709852218628,3.0536651611328125,1.5091546773910522,0.1117683798074722,1.2743069,6.200913,0.0,2.5626442,control,0.3066237687414613,0.0
A549,6,OSI,9,3,12,1,0.2426816076040268,0.0205286350101232,0.291215717792511,0.0105002913624048,0.1522644758224487,0.0021352227777242,0.2792879343032837,0.0174971744418144,0.1898469179868698,0.2118006944656372,1.43792986869812,2.154309,2.141845,1800,101655,103455,0.8621258,-0.034815967,0.5548046,0.9605458378791808,0.9408663,3.2875946,10.238627,0.0,3.1994686,2.506920099258423,5.030685424804688,1.1748080253601074,0.4741789400577545,3.3014174,10.238627,0.0,3.2367423,OSI,0.1401836216317793,0.17788694032758914
A549,6,OSI,9,3,12,2,0.2140312045812606,0.0066886623390018,0.2142452895641327,0.0066494885832071,0.1303914189338684,0.0004939145874232,0.1984787434339523,0.0692724660038948,0.1482758522033691,0.1598829627037048,0.6245105266571045,1.5430112,1.5338334,600,59447,60047,0.5971535,0.2548481225967407,0.39386398,0.9888166189193726,0.8424076,2.0909133,5.6232243,0.0,0.72992766,1.0190848112106323,1.3432257175445557,0.713266909122467,0.0176028851419687,2.101731,5.6232243,0.0,0.7254053,OSI,0.05698586070920408,0.1675908010855825
A549,6,OSI,9,3,12,3,0.1596973538398742,0.016474213451147,0.2155879437923431,0.0101904952898621,0.0992104560136795,0.0018279969226568,0.2121858894824981,0.0,0.1318850815296173,0.1551489830017089,0.802359938621521,0.8651764,0.8637694,1778,77597,79375,0.7173855,0.2135347425937652,0.59510136,0.9687041640281676,0.907448,3.8873231,15.349411,0.0,7.0459394,4.226642608642578,7.362248420715332,1.70047128200531,0.7600821852684021,3.8795483,15.349411,0.0,7.1872683,OSI,0.23634820607085893,0.12346871022741368
A549,6,OSI,9,3,12,4,0.2280109971761703,0.0063487291336059,0.2284037768840789,0.0062699541449546,0.1178559735417366,0.0014040739042684,0.2354707717895507,0.0,0.148162379860878,0.1654172390699386,1.1927282810211182,2.9337225,2.8935182,1598,67601,69199,0.9311692,0.5263296365737915,0.5240306,0.9604994654655457,0.8877336,2.3479893,6.569406,0.0,0.5763552,1.1475701332092283,2.042572021484375,0.5788953304290771,0.0671881884336471,2.3763652,6.569406,0.0,0.55352277,OSI,0.06417058820395612,0.17359047615398998
A549,2,VIN,0,4,40,1,0.0683574005961418,0.0141366897150874,0.2386224567890167,0.0087193818762898,0.1542810350656509,0.0030066517647355,0.2914558947086334,0.0262164250016212,0.2001151293516159,0.2256688177585601,0.7399371266365051,1.2078837,1.2043601,223,29392,29615,0.5110367,0.394293338060379,0.28886905,0.9893222451210022,0.90543544,0.41789147,2.9362762,0.0,0.48505744,0.9313108325004578,1.4321155548095703,0.0,0.064435675740242,0.41399625,2.9362762,0.0,0.48623353,VIN,0.19815072177094822,0.0164105491851127
A549,2,VIN,0,4,40,2,0.28091961145401,0.0060209087096154,0.2813490331172943,0.0059092985466122,0.2287243455648422,0.0030929762870073,0.3533117771148681,0.0981871411204338,0.2740728855133056,0.2984223961830139,1.3614107370376587,2.0507987,2.0445116,239,25968,26207,0.8362192,0.3131002783775329,0.24833323,0.9591807723045348,0.87784237,2.1285548,5.3464684,0.0,0.58709913,1.6382560729980469,2.3871662616729736,0.9531177282333374,0.1216178089380264,2.133067,5.3464684,0.0,0.5891503,VIN,0.25516318860044956,0.021132237214852245
A549,2,VIN,1,4,40,1,0.4823077023029327,0.0131685221567749,0.4918020963668823,0.0087583484128117,,,,,,,1.975038290023804,3.5158312,3.492258,504,32439,32943,0.9990772,0.7258859872817993,0.52741075,0.9693100452423096,0.88481575,7.9806185,15.890809,0.0,5.4187946,5.248945713043213,7.935819625854492,3.302976608276367,0.9301602840423584,8.023058,15.890809,0.0,5.370797,,,
A549,2,VIN,1,4,40,2,0.0980336591601371,0.0011770630953833,0.0982273817062377,0.0011603597085922,0.0872319862246513,0.0008496111840941,0.192890778183937,0.0007993208710104,0.1101516410708427,0.1260716617107391,0.6213502287864685,0.7924882,0.78789073,790,28617,29407,0.87682194,0.5927672386169434,0.64046204,0.98012775182724,0.95723355,0.6047364,1.3137738,0.26006266,0.019446928,0.5280086994171143,0.8797836303710938,0.3468738496303558,0.0058332975022494,0.60685444,1.3137738,0.26006266,0.019655732,VIN,0.14199348936387923,0.011759690403072537
A549,2,VIN,10,4,40,1,0.2257925122976303,0.0043781236745417,0.2260538041591644,0.0043241186067461,0.1513820737600326,0.0024169844109565,0.3286638855934143,0.0026636328548192,0.1903803944587707,0.2150558233261108,0.8879476189613342,1.8591194,1.8388,1104,51662,52766,0.97993267,0.9349951148033142,0.68589914,0.9830980896949768,0.92407906,2.0423388,5.082152,0.0,0.36644703,1.1450923681259155,2.0779895782470703,0.6550704836845398,0.0492871478199958,2.0615118,5.082152,0.0,0.35565376,VIN,0.21935508322823036,0.01816666298335501
A549,2,VIN,10,4,40,2,0.3592748939990997,0.006939745042473,0.3593955636024475,0.0068987281993031,0.3081910908222198,0.0011481079272925,0.448262870311737,0.2020500302314758,0.3341628313064575,0.3503144979476928,0.7103691101074219,0.9252305,0.9201491,1198,49457,50655,0.86201966,0.1424346715211868,0.5143263,0.969290554523468,0.89440095,3.9430745,10.7613125,0.0,1.545655,3.2441112995147705,4.927797317504883,2.0207748413085938,0.39189612865448,3.9600046,10.7613125,0.0,1.5614815,VIN,0.3140958235088291,0.026012950719848604
A549,2,VIN,10,4,40,3,0.1871713548898697,0.0027647779788821,0.1872200965881347,0.002756372326985,0.1486676335334777,0.0017439529765397,0.2797489166259765,0.0177877359092235,0.1813128739595413,0.2022261172533035,0.923918068408966,1.2558458,1.2470067,1432,52343,53775,0.6985959,0.2794222831726074,0.3543858,0.953283965587616,0.9191709,3.6261053,8.017054,0.0,1.3723253,2.803138732910156,5.68281364440918,1.5083352327346802,0.509689450263977,3.6486192,8.017054,0.0,1.3768893,VIN,0.3028695447932397,0.025083206950149317
A549,2,VIN,11,4,40,1,0.2016681581735611,0.011000576429069,0.2141657620668411,0.0090057402849197,0.1367202699184417,0.0021226806566119,0.2869303524494171,0.0,0.1733697354793548,0.1949038505554199,0.8901264667510986,1.5068083,1.495707,786,42877,43663,0.56126636,0.1899815052747726,0.1739237,0.9719865918159484,0.89486283,3.678781,12.038995,0.0,3.0564826,2.3418002128601074,3.880877733230591,1.133512020111084,0.1916631311178207,3.7032893,12.038995,0.0,3.0756302,VIN,0.28795361782892936,0.023847891979294378
A549,2,VIN,11,4,40,2,0.2930174171924591,0.0207445695996284,0.340835690498352,0.0078317504376173,0.1562674045562744,0.0024766109418123,0.2993119359016418,0.0259455125778913,0.1944451034069061,0.2209605425596237,0.769968569278717,1.0265628,1.0223355,490,29253,29743,0.85136896,0.8416849374771118,0.802291,0.9590883851051332,0.9553134,4.364707,11.884794,0.0,4.4501843,3.428340435028076,5.61658239364624,1.5413005352020264,0.5749144554138184,4.3803906,11.884794,0.0,4.5001626,VIN,0.3181237703445955,0.026346539308739925
A549,2,VIN,11,4,40,3,0.4497745037078857,0.0068002650514245,0.4497745037078857,0.0068002650514245,,,,,,,0.7820081114768982,1.6413586,1.6318883,539,48372,48911,0.5583046,0.8035186529159546,0.16832387,0.9864800572395324,0.8943575,5.743122,10.330819,2.7932234,1.6162081,3.656402587890625,5.7711262702941895,2.9150071144104004,0.3169964849948883,5.7663736,10.330819,2.7932234,1.5816246,,,
A549,2,VIN,11,4,40,4,0.3297083675861358,0.0058066817000508,0.3333039581775665,0.0046715820208191,0.2216280847787857,0.0028989717829972,0.3714534640312195,0.0808111131191253,0.2652420699596405,0.2902633845806122,1.8670295476913448,2.2372599,2.2325578,850,66077,66927,0.92017365,-0.304619849,0.7340383,0.9383689761161804,0.9606516,3.56803,7.458659,0.0,0.63089526,2.875166654586792,4.0000505447387695,1.150415301322937,0.3865803778171539,3.5769432,7.458659,0.0,0.62778336,VIN,0.3048778120692859,0.025249528670382604
A549,2,VIN,11,4,40,5,0.3932284712791443,0.0162802785634994,0.4058131873607635,0.0116942655295133,0.2508225739002228,0.0048210569657385,0.5064889788627625,0.0434634573757648,0.3057246804237366,0.3398181200027466,1.227175235748291,2.0617216,2.0502567,575,41280,41855,0.7890139,0.5123196840286255,0.40539104,0.9476593136787416,0.91370064,3.8010259,8.360625,0.0,1.5655127,2.7383856773376465,4.813022136688232,1.3032413721084597,0.4953602254390716,3.8158271,8.360625,0.0,1.564471,VIN,0.30099805624037057,0.024928213041110092
A549,2,VIN,11,4,40,6,0.514786958694458,0.0029473244212567,0.514786958694458,0.0029473244212567,,,,,,,,2.9930496,2.9930496,0,9503,9503,0.64628136,,0.01842969,,0.83759063,6.796439,9.368349,3.7421975,1.0375787,,,,,6.796439,9.368349,3.7421975,1.0375787,,,
A549,2,VIN,12,4,40,1,0.1657870560884475,0.0017523334827274,0.1658542901277542,0.0017418924253433,0.1920888572931289,0.0012994768330827,0.2838990688323974,0.0849702730774879,0.2206728607416153,0.236288845539093,1.0192830562591553,1.6884536,1.6855824,127,29472,29599,0.68851864,0.3538703322410583,0.80849147,0.9908809065818788,0.94620967,2.0181801,3.80357,0.74920475,0.23115627,1.1626927852630615,1.5526509284973145,0.8815587759017944,0.0292871706187725,2.0218663,3.80357,0.74920475,0.22885896,VIN,0.22091404444915716,0.01829577384182199
A549,2,VIN,12,4,40,2,0.2500097453594208,0.0068047870881855,0.2514679133892059,0.006477786693722,0.1615376472473144,0.001485151820816,0.3221203982830047,0.0428270623087883,0.1911821663379669,0.2114476263523101,1.2281256914138794,2.0854146,2.0586624,1383,42936,44319,0.94471806,0.5318239331245422,0.43515357,0.9656180143356324,0.92563206,3.9840097,9.052866,0.0,1.0490081,2.6705434322357178,4.12179708480835,1.48929762840271,0.2953291237354278,4.026317,9.052866,0.0,1.0159259,VIN,0.2989664528883561,0.024759958661641157
A549,2,VIN,12,4,40,3,0.2223035395145416,0.0070702224038541,0.2296334654092788,0.0056201494298875,0.2152868807315826,0.0005549565539695,0.2773394882678985,0.1409956067800521,0.2342707067728042,0.2457517683506012,1.571413278579712,2.3914895,2.3878255,200,44567,44767,0.8681467,0.6919629573822021,0.73553413,0.9969248175621032,0.9495882,3.895327,12.519142,0.0,2.2186737,2.206352710723877,2.628267526626587,1.8039648532867432,0.0291662886738777,3.9029062,12.519142,0.0,2.2156405,VIN,0.2827592535422912,0.023417702425355735
A549,2,VIN,12,4,40,4,0.2288982570171356,0.0056710923090577,0.2296773642301559,0.0055114589631557,0.1634610593318939,0.0017460653325542,0.2933634221553802,0.0519196838140487,0.1965003311634063,0.2190112918615341,1.4454206228256226,2.1505148,2.1345258,1571,67708,69279,0.8507126,0.2102556973695755,0.40982354,0.942302405834198,0.91620624,3.2602587,8.086912,0.0,1.047412,2.3694448471069336,4.321000576019287,0.9479647874832152,0.4848255813121795,3.2809274,8.086912,0.0,1.0416259,VIN,0.2889624645680499,0.023931443171460676
A549,2,VIN,12,4,40,5,0.3470587730407715,0.0334288328886032,0.4012008905410766,0.0169219560921192,,,,,,,0.6025713086128235,0.97482556,0.968856,888,54487,55375,0.28644502,0.445529580116272,0.1183946,0.9703718423843384,0.88338697,8.400703,20.675257,0.0,16.845423,6.676994800567627,10.649421691894531,3.977405309677124,1.0081770420074463,8.428796,20.675257,0.0,17.054316,,,
A549,2,VIN,12,4,40,6,0.2242610603570938,0.0093332296237349,0.2280933856964111,0.0086185922846198,0.1583896726369857,0.0023296687286347,0.3300646841526031,0.0,0.1962515264749527,0.2193765342235565,1.089340329170227,1.6979942,1.6825469,1580,60675,62255,0.7160618,0.3661370277404785,0.20476916,0.9685821533203124,0.89899105,3.1357656,9.487621,0.0,1.3056432,2.2374515533447266,3.69157600402832,1.0378400087356567,0.2233265489339828,3.1591573,9.487621,0.0,1.312266,VIN,0.28399032378662986,0.023519657838964536
A549,2,VIN,12,4,40,7,0.1930643022060394,0.0244711209088563,0.2870336472988128,0.0094094770029187,,,,,,,,1.1981977,1.1981977,0,20495,20495,0.19530953,,-0.023254171,,0.8833829,2.6215885,8.719067,0.0,3.9646235,,,,,2.6215885,8.719067,0.0,3.9646235,,,
A549,2,VIN,12,4,40,8,0.501164972782135,0.0931501239538192,0.6654691100120544,0.0143495127558708,,,,,,,0.8371872901916504,1.1062821,1.1004889,868,39451,40319,0.65100706,0.1441953778266906,0.31789744,0.96075701713562,0.8955988,11.539785,27.118324,0.0,49.70694,14.217111587524414,20.85601806640625,9.474791526794434,3.123157024383545,11.48088,27.118324,0.0,50.570675,,,
A549,2,VIN,12,4,40,9,0.3923765420913696,0.0106472950428724,0.3941588401794433,0.0099931508302688,,,,,,,1.058510422706604,1.3281884,1.3184015,947,25148,26095,0.82068163,0.5868638753890991,0.66430783,0.978754699230194,0.94552976,7.105874,13.194194,0.0,2.2066715,6.137231349945068,8.431107521057129,3.5612032413482666,0.7003776431083679,7.1423483,13.194194,0.0,2.2267303,,,
A549,2,VIN,12,4,40,10,0.3440422117710113,0.0183946937322616,0.3764725923538208,0.0079194800928235,0.2334785908460617,0.0024867339525371,0.3589588701725006,0.0885600447654724,0.2723459899425506,0.2918370068073272,1.0993876457214355,1.7191342,1.7080994,488,26919,27407,0.6239599,0.4304062724113464,0.31975397,0.9821428656578064,0.94201577,3.8355212,8.178637,0.0,1.9520979,2.952667713165283,3.981035232543945,1.9764870405197144,0.1228495091199874,3.8515255,8.178637,0.0,1.9708728,VIN,0.3069569347898362,0.025421718533546023
A549,2,VIN,12,4,40,11,0.4682517647743225,0.0111373141407966,0.4682619571685791,0.0111327785998582,,,,,,,1.2080665826797483,1.9047515,1.891183,894,45009,45903,0.678689,0.4264790415763855,0.078061365,0.98100084066391,0.88945645,8.68181,15.579496,0.0,4.2814336,7.0613508224487305,10.041895866394045,4.82901668548584,0.6585984230041504,8.713996,15.579496,0.0,4.300199,,,
A549,2,VIN,12,4,40,12,0.3238812088966369,0.0094159767031669,0.3239768147468567,0.009387768805027,0.2278086990118026,0.0028288643807172,0.3688695430755615,0.0603823289275169,0.2709673643112182,0.2965934574604034,1.428859829902649,3.1311789,3.0941868,736,33134,33870,0.86468536,0.5321755409240723,0.27028042,0.9645840525627136,0.8795147,3.3514106,7.961937,0.0,0.9860361,2.1746459007263184,3.272008419036865,1.2219058275222778,0.1568835973739624,3.3775485,7.961937,0.0,0.97301173,VIN,0.2814792854460555,0.023311697364102768
A549,2,VIN,12,4,40,13,0.2819149494171142,0.0073924069292843,0.2819336652755737,0.0073876297101378,0.1808878481388092,0.0026837212499231,0.3778824806213379,0.0484871491789817,0.2210417538881302,0.2504646778106689,1.080058217048645,2.3076074,2.2784193,1435,58916,60351,0.80602854,0.4169365763664245,0.35924459,0.9497899413108826,0.8915095,2.9834044,8.038498,0.0,0.8291421,1.7721679210662842,3.6437909603118896,0.966915249824524,0.2404504716396331,3.0129056,8.038498,0.0,0.80687714,VIN,0.2626869619476732,0.021755344975796842
A549,2,VIN,12,4,40,14,0.3025923669338226,0.0067434730008244,0.3027383089065552,0.0067025478929281,0.1991940587759018,0.0028871879912912,0.3469406962394714,0.0225211847573518,0.2413870990276336,0.2614868581295013,1.018559217453003,2.18565,2.1659603,735,42832,43567,0.7141846,0.8030454516410828,0.36034164,0.9793681502342224,0.90160465,3.2646685,7.477866,0.0,0.8082544,1.911396861076355,2.937004327774048,1.2751171588897705,0.0835889875888824,3.2878907,7.477866,0.0,0.7887249,VIN,0.26977558290215603,0.022342414060322502
A549,2,VIN,12,4,40,15,0.307937741279602,0.0098651321604847,0.3097098767757416,0.0093730511143803,0.2195209860801696,0.0031560391653329,0.3960685431957245,0.0542549826204776,0.2637485861778259,0.2868827283382416,1.3348979949951172,2.0967484,2.076586,1258,46277,47535,0.6157855,0.205754667520523,0.25753057,0.9575761556625366,0.9009191,3.2837021,7.025376,0.0,0.7403783,2.4596729278564453,4.225022315979004,1.3029624223709106,0.2433117479085922,3.3061023,7.025376,0.0,0.7349304,VIN,0.2921430092774248,0.02419485117180592
A549,2,VIN,12,4,40,16,0.5336628556251526,0.0304321832954883,0.568064272403717,0.0128517542034387,,,,,,,0.6701668500900269,1.0470383,1.0345944,1718,50313,52031,0.76727724,-0.303238451,0.46996832,0.9606944918632508,0.89200735,6.2330136,13.907228,0.0,3.9928763,5.185629367828369,7.536173343658447,2.676912784576416,0.6212596893310547,6.268777,13.907228,0.0,4.0692654,,,
A549,2,VIN,12,4,40,17,0.2832981944084167,0.0146882236003875,0.3080566823482513,0.0083448691293597,0.2203797996044159,0.0021461436990648,0.2992976903915405,0.1060518845915794,0.2565385401248932,0.2742786407470703,1.1977037191390991,2.0037463,2.0002885,193,44798,44991,0.8132083,0.96642404794693,0.63111657,0.991780161857605,0.9348239,4.743481,11.686865,0.0,3.4963045,3.0765633583068848,5.019824981689453,1.981848120689392,0.3741860687732696,4.750663,11.686865,0.0,3.4977329,VIN,0.3101164810554764,0.025683387473893704
A549,2,VIN,12,4,40,18,0.2967796921730041,0.0084850518032908,0.2970262467861175,0.0084188720211386,0.1969786286354065,0.0028514214791357,0.3246337473392486,0.0341850146651268,0.2409345209598541,0.2637671232223511,1.2031919956207275,2.6676311,2.6454272,548,35595,36143,0.8245057,0.2862210571765899,0.25390875,0.9611122608184814,0.88628936,5.1599727,11.374129,0.0,2.475867,2.7729954719543457,4.838667869567871,1.6633845567703247,0.4939717054367065,5.1967196,11.374129,0.0,2.4173124,VIN,0.302006337776839,0.025011717424030133
A549,2,VIN,12,4,40,19,0.2325461059808731,0.0324024707078933,0.3329631984233856,0.0129591738805174,0.1317273527383804,0.0039509055204689,0.2965893745422363,0.0,0.1804885864257812,0.2096845954656601,0.920713186264038,1.4575951,1.4497504,818,55165,55983,0.78904015,-0.039129347,0.3538642,0.9415255188941956,0.91597277,3.6588798,11.740437,0.0,7.098161,3.5545780658721924,6.34264087677002,1.493523359298706,1.0390199422836304,3.6604266,11.740437,0.0,7.187843,VIN,0.3206956631590314,0.026559539660961418
A549,2,VIN,12,4,40,20,0.3865289986133575,0.0061847129836678,0.3865289986133575,0.0061847129836678,,,,,,,0.8625085353851318,1.3825296,1.3785971,200,26247,26447,0.85659975,0.0290667191147804,0.5267423,0.9929779171943665,0.94321924,9.598025,15.431806,5.2866898,2.8593974,6.8507232666015625,8.351459503173828,5.708688259124756,0.1975561678409576,9.6189575,15.431806,5.2866898,2.8217313,,,
A549,2,VIN,13,4,40,1,0.1158953085541725,0.0160316172987222,0.2177236676216125,0.0079469289630651,0.1294630765914917,0.004677917342633,0.3522194325923919,0.0,0.1856829822063446,0.2152729928493499,0.9360106587409972,1.6120893,1.5860966,1440,36015,37455,0.5304534,-0.054463867,-0.050481483,0.9480479955673218,0.9086511,1.5102488,6.455569,0.0,2.275577,2.1111080646514893,4.0341877937316895,0.0,0.4065524637699127,1.4862251,6.455569,0.0,2.335293,VIN,0.2788358104154617,0.023092768678799613
A549,2,VIN,13,4,40,2,0.2345890402793884,0.0073635163716971,0.2376835346221923,0.0067251403816044,0.1366816908121109,0.002726067090407,0.3105422556400299,0.0,0.1778987646102905,0.2038737535476684,1.0800021886825562,2.3206863,2.2971544,1636,84619,86255,0.9543112,0.3395724892616272,0.44466236,0.9483212232589722,0.9031196,2.7447004,6.8049374,0.0,0.8021206,1.467065453529358,2.8518099784851074,0.6042263507843018,0.1739228814840316,2.7694016,6.8049374,0.0,0.7820967,VIN,0.2443554327422494,0.020237154888093356
A549,2,VIN,13,4,40,3,0.448818176984787,0.0218981243669986,0.4593904912471771,0.0175571087747812,0.2778258323669433,0.0074538001790642,0.4600918591022491,0.1168553009629249,0.3534165918827057,0.3928388357162475,1.2690017223358154,2.2348976,2.2214906,1237,87882,89119,0.5356975,0.3335525095462799,0.2611334,0.9492040872573853,0.8432991,5.293898,12.0579605,0.0,3.3444989,3.717199563980103,6.952270030975342,1.583038330078125,1.157556176185608,5.316091,12.0579605,0.0,3.3397977,VIN,0.32380593779023126,0.026817127997548484
A549,2,VIN,13,4,40,4,0.2230053842067718,0.0175593774765729,0.2733494341373443,0.0077619273215532,0.2231383025646209,0.0029047653079032,0.4109283685684204,0.0725191980600357,0.2666653394699096,0.2930445373058319,2.076862335205078,2.356174,2.3537834,592,68575,69167,0.84480405,0.3839230239391327,0.58199006,0.9784536361694336,0.94816095,2.4705548,7.625591,0.0,1.8813745,2.460207939147949,4.001192092895508,1.464906096458435,0.226252794265747,2.470644,7.625591,0.0,1.8956618,VIN,0.2921613737680598,0.02419637209171044
A549,2,VIN,13,4,40,5,0.4155048727989197,0.0176184903830289,0.4225340783596039,0.0149464448913931,,,,,,,0.9292801022529602,1.2667062,1.2581204,1271,48680,49951,0.8057559,-0.214376584,0.22330293,0.945193648338318,0.90361935,9.429153,22.71878,0.0,7.5779753,7.757750034332275,11.806184768676758,4.2421159744262695,2.73785662651062,9.472793,22.71878,0.0,7.6295033,,,
A549,2,VIN,13,4,40,6,0.1370787620544433,0.0018951150123029,0.1371721029281616,0.0018836018862202,0.1152853518724441,0.0019013900309801,0.2756611704826355,0.0175324194133281,0.1505351662635803,0.1759525388479232,1.0209319591522217,1.4610211,1.4483359,2245,75642,77887,0.9111599,0.5902860164642334,0.5430703,0.9774117469787598,0.921841,1.165961,3.0503542,0.0,0.20282556,0.8827728033065796,1.6641876697540283,0.526009202003479,0.0263936165720224,1.1743659,3.0503542,0.0,0.20561111,VIN,0.1926656132241662,0.015956280622333036
A549,2,VIN,13,4,40,7,0.2964609861373901,0.0290800612419843,0.3489051461219787,0.0159262921661138,,,,,,,0.6079838275909424,1.1644549,1.1539344,1095,56824,57919,0.1845596,-0.153560281,-0.053652942,0.9225807785987854,0.8461732,6.1603484,19.181938,0.0,12.507988,4.737353801727295,9.006253242492676,0.0,1.6722512245178225,6.1877694,19.181938,0.0,12.677018,,,
A549,2,VIN,14,4,40,1,0.2787315547466278,0.017813766375184,0.2794979810714721,0.0176485292613506,0.2093390673398971,0.004409669432789,0.4851647615432739,0.015677236020565,0.2583386898040771,0.2949885427951813,0.9918612837791444,1.8688583,1.8477286,3040,123135,126175,0.43583864,0.063830442726612,0.03723287,0.9086547493934632,0.77634555,2.407479,8.338326,0.0,1.6848524,1.6214852333068848,3.890840530395508,0.53304523229599,0.3207738101482391,2.4268835,8.338326,0.0,1.7029004,VIN,0.25416676587035114,0.021049714960705013
A549,2,VIN,14,4,40,2,0.2240795195102691,0.0061394521035254,0.2248123735189438,0.005994782783091,0.1978852450847625,0.0019067329121753,0.3794755041599273,0.0751288011670112,0.2314735054969787,0.2531481087207794,0.8984087109565735,1.4040881,1.3975422,961,73277,74238,0.6117198,0.1826028823852539,0.34595844,0.9685834050178528,0.9034446,2.1084523,5.820829,0.0,0.6937869,1.4725754261016846,2.5027639865875244,0.7884798049926758,0.1285790055990219,2.1167915,5.820829,0.0,0.695827,VIN,0.2447266023406804,0.02026789460428835
A549,2,VIN,14,4,40,3,0.3366491198539734,0.009266298264265,0.3370474874973297,0.0091429846361279,0.2347884029150009,0.0038843930233269,0.4223869144916534,0.0270447898656129,0.2837220430374145,0.3153140842914581,1.4949883222579956,2.8261461,2.794283,1296,52847,54143,0.73499334,0.4846079647541046,0.2987677,0.940555453300476,0.87290174,3.3037167,7.853155,0.0,1.2110707,2.1336491107940674,3.542498111724853,1.0580085515975952,0.3517523407936096,3.3324106,7.853155,0.0,1.1977468,VIN,0.27978589394006576,0.023171453188606805
A549,2,VIN,14,4,40,4,0.2805770933628082,0.0125269666314125,0.2866753935813904,0.0110510066151618,0.1858704090118408,0.0030512080993503,0.3326079547405243,0.0493293069303035,0.2315628677606582,0.2600830495357513,1.869960069656372,3.135531,3.1181235,783,56144,56927,0.8748419,0.6311274766921997,0.38300097,0.9443597793579102,0.89449275,6.4623613,17.837465,0.0,5.817679,4.138299465179443,7.386582851409912,1.994248867034912,1.271515727043152,6.494773,17.837465,0.0,5.804703,VIN,0.33094489302291047,0.02740836569241606
A549,2,VIN,15,4,40,1,0.3983660340309143,0.0107929073274135,0.3992944061756134,0.0104473587125539,,,,,,,0.7282156348228455,1.1093268,1.1005921,1656,70599,72255,0.14850406,0.1923407614231109,0.23657763,0.9780543446540833,0.8532372,5.6365786,13.62957,0.0,3.3303866,4.506443500518799,6.4929518699646,2.8167734146118164,0.417159765958786,5.663087,13.62957,0.0,3.368059,,,
A549,2,VIN,15,4,40,2,0.3194538056850433,0.0109584722667932,0.3206117451190948,0.0106269298121333,0.2069618254899978,0.0022641823161393,0.3571197390556335,0.0719919204711914,0.2450800836086273,0.2702242136001587,1.416348934173584,2.755134,2.7237296,1195,49748,50943,0.85068697,0.3807644844055176,0.30597663,0.9465949535369872,0.857796,3.7293012,9.590019,0.0,1.730467,2.2460641860961914,4.675328254699707,1.1490778923034668,0.5499079823493958,3.7649293,9.590019,0.0,1.70471,VIN,0.28432709016639746,0.02354754833156375
A549,2,VIN,15,4,40,3,0.1759666055440902,0.0196364000439643,0.2502593994140625,0.00933438539505,0.169304147362709,0.0051125893369317,0.402103453874588,0.0,0.2260456383228302,0.2640372216701507,1.059236764907837,1.5645102,1.556921,633,41510,42143,0.6214248,0.1044026911258697,0.12032459,0.9728102087974548,0.9258926,1.7364346,5.4287133,0.0,1.5795425,1.7994637489318848,3.128830671310425,0.0,0.182101234793663,1.7354732,5.4287133,0.0,1.6007906,VIN,0.2641322521865102,0.021875041771948933
A549,2,VIN,15,4,40,4,0.2993930876255035,0.0074761556461453,0.3028578460216522,0.0065133441239595,0.2464727759361267,0.0024796039797365,0.3953270614147186,0.0747254863381385,0.2855261564254761,0.3043474555015564,1.4631898403167725,1.9596996,1.9495939,918,44185,45103,0.785464,0.279156744480133,0.3824564,0.9846398234367372,0.93528223,3.03295,6.9870167,0.0,0.6327775,2.4724249839782715,3.326637029647827,1.5877302885055542,0.0937897786498069,3.0445952,6.9870167,0.0,0.63731223,VIN,0.29257918900855057,0.024230974930867788
A549,2,VIN,15,4,40,5,0.2632037699222564,0.0048525999300181,0.2633382678031921,0.0048196632415056,0.19397734105587,0.0023487303406,0.3251023590564728,0.0269959233701229,0.2303086668252945,0.2479846328496933,1.2196588516235352,1.857787,1.8443474,866,40253,41119,0.7812556,0.2878082990646362,0.58235335,0.962161898612976,0.9291322,2.4399912,5.9819875,0.0,0.35468435,1.7312616109848022,2.359038114547729,0.7686931490898132,0.1002054885029792,2.455238,5.9819875,0.0,0.34912047,VIN,0.2604669226994632,0.02157148461460301
A549,2,VIN,15,4,40,6,0.2675772905349731,0.0055728103034198,0.2676010429859161,0.0055669592693448,0.1912988573312759,0.0033484876621514,0.3337916731834411,0.0254255458712577,0.2382588982582092,0.2581473886966705,1.363468885421753,2.4683046,2.433027,1081,32774,33855,0.7649951,-0.004381981,0.34507692,0.9396401643753052,0.90580165,2.3873403,7.047178,0.0,0.555996,1.5834760665893557,2.591648578643799,0.8090064525604248,0.1536931097507476,2.4138541,7.047178,0.0,0.5472488,VIN,0.2518606046184228,0.02085872210276668
A549,2,VIN,15,4,40,7,0.226165235042572,0.0024085401091724,0.2261811643838882,0.0024051060900092,0.2017950415611267,0.0070282048545777,0.4600874185562134,0.0118269920349121,0.2687578797340393,0.3104497492313385,0.8409817814826965,1.1254072,1.1222415,632,56151,56783,0.8930308,0.9380245208740234,0.9306552,0.983005702495575,0.9729325,1.5593483,2.5505915,0.6100789,0.052433394,1.15231454372406,1.6625148057937622,0.787348747253418,0.0345251150429248,1.5639297,2.5505915,0.6100789,0.050749257,VIN,0.2199978737822027,0.018219897944638103
A549,2,VIN,16,4,40,1,0.434725672006607,0.0791364014148712,0.5966922044754028,0.0119762569665908,0.1876278072595596,0.0037141183856874,0.2945024371147156,0.0235006418079137,0.2346713691949844,0.2652618288993835,1.0495060682296753,2.0964043,2.0851126,823,75480,76303,0.65188205,0.4388303160667419,0.23291416,0.9441980719566344,0.9155925,4.578294,10.363628,0.0,8.718074,4.578609943389893,7.037136554718018,2.126774549484253,0.6910479068756104,4.5782905,10.363628,0.0,8.805595,VIN,0.33725689015411375,0.027931115942589957
A549,2,VIN,16,4,40,2,0.26058229804039,0.008354746736586,0.261366993188858,0.00817481148988,0.1971277743577957,0.0028160591609776,0.3810324370861053,0.0528865344822406,0.2388943582773208,0.2664672136306762,1.2744653224945068,2.135565,2.1258466,515,45116,45631,0.89687806,0.4892361462116241,0.39733824,0.9615910053253174,0.91006196,2.8319762,7.002909,0.0,0.7927136,1.8121771812438965,2.8447341918945312,1.02087664604187,0.2365923076868057,2.843617,7.002909,0.0,0.7870549,VIN,0.2647958401007032,0.02192999913979088
A549,2,VIN,16,4,40,3,0.2064890712499618,0.0049724467098712,0.2071117460727691,0.0048584775067865,0.151451826095581,0.0028575025498867,0.4503206014633178,0.0,0.193415030837059,0.2210050374269485,1.1168514490127563,1.8199122,1.7992998,1843,61020,62863,0.8401439,0.5661602020263672,0.51972103,0.9622026681900024,0.90881276,1.9008373,5.6513076,0.0,0.45710313,1.2794876098632812,2.34358024597168,0.6351627111434937,0.0874912217259407,1.9196038,5.6513076,0.0,0.45625374,VIN,0.2306492407251314,0.01910202837314931
A549,2,VIN,16,4,40,4,0.1839222013950348,0.0026396950706839,0.183993399143219,0.0026276155840605,0.1722509264945984,0.0017398468917235,0.3235119879245758,0.0519806444644928,0.2051002979278564,0.2267072945833206,1.1520228385925293,1.7072103,1.6896837,1142,35033,36175,0.932856,0.4859775602817535,0.6497906,0.9852973818778992,0.93977356,3.4070616,6.7177544,1.8364897,0.67963916,2.514063596725464,3.373688220977783,1.8364896774291992,0.120238110423088,3.4361706,6.7177544,1.873133,0.67103237,VIN,0.2939813792592389,0.024347102249860864
A549,2,VIN,16,4,40,5,0.3541316986083984,0.0091042863205075,0.3549284934997558,0.0088419672101736,0.2825848460197449,0.006058762781322,0.4149377346038818,0.1166202649474144,0.3482112884521484,0.3862563669681549,1.313146471977234,2.0577695,2.0413706,1599,71007,72606,0.6977089,0.6342769265174866,0.5967032,0.9662418365478516,0.9224331,6.267359,16.480722,0.0,2.8362105,4.5350189208984375,6.92186975479126,2.308434009552002,0.7066176533699036,6.306368,16.480722,0.0,2.8150663,VIN,0.3366767871288885,0.02788307266955614
A549,2,VIN,17,4,40,1,0.2995669245719909,0.0443322323262691,0.3913168311119079,0.0220068003982305,0.2781277000904083,0.0031235727947205,0.4467162489891052,0.116250455379486,0.3226216733455658,0.3502285778522491,1.0095093250274658,1.497604,1.4913712,1782,137769,139551,0.7259988,0.5440229177474976,0.45464128,0.9669781923294068,0.82660496,3.988063,17.108574,0.0,8.647115,3.32806396484375,6.6172308921813965,1.394475340843201,0.8198555707931519,3.9966,17.108574,0.0,8.742651,VIN,0.3159738738704553,0.026168488068166795
A549,2,VIN,17,4,40,2,0.0816306248307228,0.0128245297819376,0.2040822952985763,0.0070719984360039,0.1398505121469497,0.0037115556187927,0.3347380459308624,0.0,0.1884777545928955,0.2179028093814849,1.0985065698623655,1.6849526,1.6699567,1364,51978,53342,0.7707714,0.428882896900177,0.46840936,0.9812283515930176,0.9479923,0.9186301,5.4139504,0.0,1.3974458,1.556835412979126,2.707282781600952,0.0,0.1770282685756683,0.90188324,5.4139504,0.0,1.418502,VIN,0.25020334388318793,0.02072147022417109
A549,2,VIN,17,4,40,3,0.3645866215229034,0.0083052050322294,0.3660449683666229,0.0078046065755188,0.2700673341751098,0.0041180807165801,0.421132743358612,0.0808160081505775,0.3203563392162323,0.349899023771286,1.4993247985839844,1.8584428,1.8508582,933,43242,44175,0.778073,0.503696084022522,0.52973187,0.9736790060997008,0.942926,3.760677,7.823174,0.0,0.7505126,3.1631298065185547,4.455394744873047,1.527011156082153,0.2770344614982605,3.7735698,7.823174,0.0,0.7528581,VIN,0.31221246827674143,0.025856974030018853
A549,2,VIN,17,4,40,4,0.51691734790802,0.0092902947217226,0.5178248286247253,0.0088366866111755,0.3762354552745819,0.0040484019555151,0.4877918362617492,0.2348157465457916,0.4299464821815491,0.4524168968200683,1.2576631307601929,2.511647,2.5018213,465,58877,59342,0.71899414,0.7941053509712219,0.3976125,0.981450378894806,0.9112664,5.035814,9.983035,0.0,1.1376343,3.2337875366210938,5.079239845275879,2.237311363220215,0.1993796080350875,5.0500455,9.983035,0.0,1.1191957,control,0.33985313290835123,0.0
A549,2,VIN,17,4,40,5,0.3613074123859405,0.0053243497386574,0.3613192141056061,0.005320256575942,0.2763487994670868,0.0023068157024681,0.4098416566848755,0.1243262961506843,0.3133657276630401,0.3349055647850036,1.8101744651794436,2.824718,2.7915199,1001,29590,30591,0.8435448,0.5784268379211426,0.3037032,0.9470587372779846,0.90454465,3.5332613,6.975889,0.0,0.8099095,2.7110068798065186,4.151980876922607,1.2466140985488892,0.3101367652416229,3.5610762,6.975889,0.0,0.803171,VIN,0.3001871107051686,0.024861051733430006
A549,2,VIN,17,4,40,6,0.355454534292221,0.0059058046899735,0.3560553789138794,0.0057018506340682,0.2830828726291656,0.0027231557760387,0.4113404750823974,0.1004648059606552,0.3239394724369049,0.3452210426330566,1.2198810577392578,1.479087,1.4738113,989,47602,48591,0.6948387,0.0978244170546531,0.4936993,0.9450280666351318,0.9383951,3.0915377,6.2398596,0.0,0.5115975,2.689657926559448,4.243338584899902,1.3983349800109863,0.3298567533493042,3.0998871,6.2398596,0.0,0.51194817,VIN,0.29954641486650413,0.02480799025336511
A549,2,VIN,17,4,40,7,0.4021621346473694,0.0120192393660545,0.4050438702106476,0.0109381284564733,0.2593194544315338,0.0058580478653311,0.4705377519130707,0.0736095458269119,0.3201484680175781,0.3579415380954742,1.4776848554611206,2.791548,2.7724733,957,64962,65919,0.90629035,0.7643722295761108,0.44804615,0.9466524124145508,0.87415904,3.9244487,8.655858,0.0,1.3842214,2.46488881111145,4.167823791503906,1.240057349205017,0.4757492840290069,3.94595,8.655858,0.0,1.3657594,VIN,0.29232180482389175,0.024209658754050123
A549,2,VIN,17,4,40,8,0.3413854539394378,0.083159901201725,0.5705165266990662,0.0082521196454763,,,,,,,1.5239909887313845,2.1346831,2.130172,434,58317,58751,0.72741336,0.2458630949258804,0.38124076,0.930796444416046,0.9300346,5.3426447,14.93097,0.0,20.781208,7.444456100463867,10.488465309143066,2.9500865936279297,2.3713531494140625,5.3270035,14.93097,0.0,20.885092,,,
A549,2,VIN,17,4,40,9,0.3211621940135956,0.0053153899498283,0.3212023973464966,0.0053031435236334,0.2187219560146331,0.0050820047035813,0.415053516626358,0.0757888033986091,0.2772250473499298,0.3177155554294586,1.573825120925903,2.4864578,2.4649038,1321,54613,55934,0.9052809,0.5703754425048828,0.5778685,0.9471813440322876,0.9159473,4.179478,8.463155,0.0,1.1911392,2.957653522491455,4.689731597900391,1.3846752643585205,0.5095861554145813,4.2090306,8.463155,0.0,1.1706424,VIN,0.307087901455029,0.025432564998709217
A549,2,VIN,18,4,40,1,0.171885073184967,0.0012371888151392,0.171885073184967,0.0012371888151392,0.2017150819301605,0.0003246387059334,0.2372108697891235,0.1590303033590316,0.2171684056520462,0.2230087667703628,1.0109314918518066,1.8761061,1.871275,140,24931,25071,1.0,0.7310507297515869,0.88643354,0.9986181259155272,0.94259775,1.432302,2.3948042,0.6510671,0.085084066,0.7645667791366577,0.8371710181236267,0.662621021270752,0.0015023180749267,1.4360515,2.3948042,0.6510671,0.08303566,control,0.19279074434220309,0.0
A549,2,VIN,18,4,40,2,0.1712934672832489,0.0020102697890251,0.1712934672832489,0.0020102697890251,0.1825052797794342,0.0012323530390858,0.2780032753944397,0.0979885309934616,0.2111688554286956,0.2265678346157074,1.270472526550293,1.5082264,1.5039545,560,30607,31167,0.79475105,0.8464076519012451,0.7894853,0.9714146852493286,0.9547526,1.5583277,3.0278802,0.74300414,0.12416297,1.3628066778182983,1.907585620880127,0.7746779918670654,0.055832166224718,1.5619049,3.0278802,0.74300414,0.124700926,VIN,0.23700594720060533,0.01962848138497167
A549,2,VIN,18,4,40,3,0.2833636701107025,0.0113249728456139,0.2860897779464721,0.0106540266424417,0.1700990498065948,0.0026088573504239,0.3011433780193329,0.021143015474081,0.2115537524223327,0.2372377961874008,0.8719059228897095,2.5558217,2.5290785,1085,67234,68319,0.8110247,0.9032784700393676,0.37570626,0.9860603213310242,0.8586482,4.1053047,10.46793,0.0,2.5623975,1.618045687675476,2.664588689804077,1.0680493116378784,0.0660483092069625,4.145443,10.46793,0.0,2.5012376,VIN,0.253960831128746,0.021032659750530425
A549,2,VIN,18,4,40,4,0.256985068321228,0.0112319635227322,0.2713514566421509,0.0079615302383899,0.1419759392738342,0.0023150010965764,0.3151744604110718,0.0263857133686542,0.1800889670848846,0.2035026848316192,1.9825072288513184,2.6884458,2.6794474,795,61572,62367,0.6772526,0.4073033332824707,0.5152727,0.9549171924591064,0.93556696,4.065734,9.563105,0.0,2.1105127,3.1485302448272705,4.882843971252441,1.4569454193115234,0.544587254524231,4.0775766,9.563105,0.0,2.1197286,VIN,0.3118651090934102,0.025828206257123565
A549,2,VIN,18,4,40,5,0.191678375005722,0.0243489667773246,0.2871809303760528,0.0090541802346706,0.1810494214296341,0.0051029445603489,0.3056537508964538,0.0167312063276767,0.2366688102483749,0.2698607444763183,1.208213448524475,1.4460857,1.4428986,600,44183,44783,0.69886243,-0.177479237,0.4150479,0.9547626972198486,0.9475693,3.8724496,12.291402,0.0,8.582293,4.677979469299316,8.128581047058105,2.177343845367432,1.405856728553772,3.8615112,12.291402,0.0,8.670815,VIN,0.33854599008146574,0.02803787728856566
A549,2,VIN,18,4,40,6,0.3277621865272522,0.0063078734092414,0.3277681171894073,0.0063060368411242,0.2496294975280761,0.0034686012659221,0.423670083284378,0.0930424630641937,0.2950811982154846,0.3220846951007843,1.6026954650878906,2.3865368,2.3641906,1570,53501,55071,0.6427727,0.0445470809936523,0.23140088,0.9442325234413148,0.8942216,3.4391513,7.116787,0.0,0.7539648,2.7637779712677,4.236726760864258,1.190537929534912,0.3383143842220306,3.4589696,7.116787,0.0,0.7523842,VIN,0.30173961747183925,0.024989628043558865
A549,2,VIN,18,4,40,7,0.3192228972911834,0.0103665050119161,0.3269842565059662,0.0080807209014892,0.195934385061264,0.0038082983810454,0.3543733656406402,0.0590782277286052,0.2468426525592804,0.2755188941955566,1.1982351541519165,2.34235,2.3269007,735,53696,54431,0.92108953,0.4820168912410736,0.57760096,0.9520910382270812,0.9109421,4.244023,12.179025,0.0,1.8815222,2.43194842338562,4.4359130859375,1.24562406539917,0.4639284312725067,4.2688265,12.179025,0.0,1.855365,VIN,0.29118351767638595,0.024115387499047958
A549,2,VIN,18,4,40,8,0.3769477903842926,0.0119212809950113,0.3876862227916717,0.0080977361649274,0.2368285357952118,0.006184774916619,0.3493444621562958,0.0756325498223304,0.3010793626308441,0.3250091075897217,1.0176345109939575,1.2965611,1.2888227,1250,43805,45055,0.56791466,0.4801936149597168,0.5117421,0.9839195609092712,0.9296272,4.257162,9.191796,0.0,1.5097644,3.61021089553833,5.163426876068115,1.9276214838027956,0.217259332537651,4.2756224,9.191796,0.0,1.534362,VIN,0.32178438111972224,0.02664970566935615
A549,2,VIN,18,4,40,9,0.2404476553201675,0.0216904915869236,0.3029654622077942,0.0083894114941358,0.2312062978744506,0.0018713986501097,0.2947739064693451,0.1504518538713455,0.2683923244476318,0.2828196883201599,1.399197340011597,1.6560671,1.6506629,1165,54210,55375,0.84734005,0.1617825478315353,0.58644634,0.9763073921203612,0.9443165,4.8375134,16.438482,0.0,8.390249,4.773359775543213,7.183622360229492,2.386315107345581,0.80772864818573,4.8388925,16.438482,0.0,8.553109,VIN,0.33974159984574664,0.028136895917756533
A549,2,VIN,18,4,40,10,0.5880590081214905,0.0248546078801155,0.603829562664032,0.0159984342753887,,,,,,,1.00090229511261,1.9447474,1.9253279,1830,87113,88943,0.12111808,0.1306721717119217,-0.004435094,0.9315937757492064,0.8136602,7.9172726,15.770144,0.0,5.7607756,6.158161163330078,10.702299118041992,3.3698501586914062,1.9072924852371216,7.9542265,15.770144,0.0,5.775355,,,
A549,2,VIN,18,4,40,11,0.3011117875576019,0.0435606017708778,0.4084869027137756,0.015232790261507,,,,,,,1.1040191650390625,1.8159909,1.8083491,893,82306,83199,0.44147244,-0.14915356,0.0769771,0.9485746622085572,0.8835679,7.1233006,20.663809,0.0,23.348429,6.928136825561523,12.269807815551758,3.4464926719665527,2.9621999263763428,7.125418,20.663809,0.0,23.569193,,,
A549,2,VIN,2,4,40,1,0.3381551206111908,0.0157847944647073,0.3498815894126892,0.0122293010354042,0.2565906345844269,0.0026812446303665,0.4621490240097046,0.094749130308628,0.2989291846752167,0.323308914899826,1.1748673915863037,1.7221944,1.7103454,903,40808,41711,0.68845135,0.1756578087806701,0.38087425,0.9776674509048462,0.8905214,4.1057324,9.595696,0.0,2.3808994,3.235807418823242,5.3220391273498535,1.5994499921798706,0.3758215308189392,4.1249814,9.595696,0.0,2.408151,VIN,0.3139060169086887,0.02599723121845382
A549,2,VIN,2,4,40,2,0.3449954986572265,0.0116793783381581,0.352860152721405,0.0091704940423369,0.240584135055542,0.0031295714434236,0.4340920150279999,0.1208271756768226,0.2828645408153534,0.3149168789386749,1.196977138519287,1.7139257,1.7083962,370,34221,34591,0.83615595,0.2961454391479492,0.5747058,0.9817059636116028,0.8917747,3.9242487,9.118066,0.0,1.7127147,3.026448965072632,4.199804782867432,2.027983903884888,0.1527189463376999,3.9339552,9.118066,0.0,1.7207719,VIN,0.30886189845058737,0.02557948480142136
A549,2,VIN,2,4,40,3,0.2601479589939117,0.0072967577725648,0.2604657113552093,0.0072229048237204,0.1300211697816848,0.0017647391650825,0.2213491797447204,0.0320031903684139,0.1642430275678634,0.18906070291996,0.9758249521255492,2.0624413,2.0592802,31,10624,10655,0.75368124,0.4398472905158996,0.24714045,0.99565190076828,0.89440835,3.7664847,9.199951,0.0,1.1238711,2.0032777786254883,2.2134876251220703,1.82466733455658,0.0092232348397374,3.771629,9.199951,0.0,1.1180261,VIN,0.2740935725013683,0.02270002356113765
A549,2,VIN,3,4,40,1,0.1854243725538253,0.011337237432599,0.2123971730470657,0.007257470395416,0.1396762579679489,0.0048666908405721,0.3341785967350006,0.0,0.1977114528417587,0.2347938865423202,0.9629268646240234,1.8852171,1.8795242,158,25440,25598,0.72944295,0.7341981530189514,0.343523,0.9566816687583924,0.9147871,2.5271935,7.7354674,0.0,1.6121063,1.588892698287964,3.1552412509918213,0.7971683144569397,0.2412097007036209,2.5330205,7.7354674,0.0,1.6151185,VIN,0.25219338981127387,0.02088628287936417
A549,2,VIN,3,4,40,2,0.1348022520542144,0.0079886438325047,0.1573319286108017,0.0057791601866483,0.0876233056187629,0.0016288737533614,0.1914907693862915,0.0,0.1200590953230857,0.1415048986673355,0.9775007963180542,1.4065745,1.4025238,166,17417,17583,0.70023054,0.7817907333374023,0.2788963,0.9886089563369752,0.9423273,1.5957228,4.5654807,0.0,0.631056,1.1592326164245603,1.5986932516098022,0.7545526027679443,0.0232980847358703,1.5998827,4.5654807,0.0,0.63501513,VIN,0.22060956624607436,0.01827055740817579
A549,2,VIN,3,4,40,3,0.2075811773538589,0.0039776731282472,0.2075811773538589,0.0039776731282472,0.1811185032129287,0.0018568461528047,0.2924258410930633,0.0523937083780765,0.2157904505729675,0.2323024272918701,1.0529160499572754,2.2306592,2.1992273,971,35412,36383,0.7887948,0.9388928413391112,0.7746036,0.9909201860427856,0.9174596,2.1504748,5.6208687,0.7973475,0.5893315,1.1814264059066772,1.7470486164093018,0.8654148578643799,0.0189679097384214,2.1770453,5.6208687,0.7973475,0.57851624,VIN,0.22254574141028177,0.018430908566522575
A549,2,VIN,3,4,40,4,0.2768398821353912,0.0037814767565578,0.2768398821353912,0.0037814767565578,0.2258537858724594,0.0009426124161109,0.3411570489406585,0.1103127002716064,0.2501719295978546,0.2656733691692352,1.019350528717041,1.8393706,1.816219,870,29945,30815,0.82533526,0.759388267993927,0.44060242,0.9870539903640748,0.9231988,3.5335257,7.4390407,1.6352168,0.68713444,2.5733370780944824,3.62569260597229,1.8137784004211424,0.09452535957098,3.5614212,7.4390407,1.6352168,0.67678785,VIN,0.2959210589279209,0.024507743646075775
A549,2,VIN,3,4,40,5,0.3231428861618042,0.0041777766309678,0.3231428861618042,0.0041777766309678,0.2319286167621612,0.000916167453397,0.3224027752876282,0.1499176770448684,0.255803644657135,0.2722328901290893,1.5901532173156738,2.9271016,2.8932145,601,23110,23711,0.79302377,0.6869335770606995,0.2854945,0.965425968170166,0.9041809,3.8807309,6.896288,1.8137429,0.7919864,2.910449504852295,3.821714639663696,1.847092866897583,0.2119147479534149,3.9059634,6.896288,1.8137429,0.78195214,VIN,0.3058345649433017,0.025328765525826358
A549,2,VIN,3,4,40,6,0.240775004029274,0.0262336917221546,0.330037921667099,0.0064992010593414,,,,,,,,1.4364238,1.4364238,0,26975,26975,0.79173934,,0.8041231,,0.9615525,3.0365973,8.135286,0.0,3.9951437,,,,,3.0365973,8.135286,0.0,3.9951437,,,
A549,2,VIN,3,4,40,7,0.2435155510902404,0.0198413785547018,0.2850801646709442,0.011378776282072,0.2138881534337997,0.0042048678733408,0.4226799011230469,0.0251214113086462,0.2665462493896484,0.2977819740772247,0.9369195103645324,1.3542604,1.3456218,1230,58193,59423,0.8021801,0.7835423946380615,0.40723458,0.9781813621520996,0.8983358,2.709131,10.069676,0.0,2.4574552,2.110414266586304,3.728660821914673,1.0395320653915403,0.1991008967161178,2.7217853,10.069676,0.0,2.4974513,VIN,0.2788063490458206,0.023090328731817655
A549,2,VIN,4,4,40,1,0.3540486097335815,0.1133844181895256,0.6665002107620239,0.0051982579752802,,,,,,,0.5195234417915344,1.3319411,1.3292685,37,11210,11247,0.39677572,0.1404343247413635,-0.21008843,0.9927399754524232,0.8598368,3.175236,8.844927,0.0,9.282985,4.863598346710205,5.4199323654174805,4.162510395050049,0.1179568544030189,3.169664,8.844927,0.0,9.303793,,,
A549,2,VIN,4,4,40,2,0.4514793157577514,0.0599232725799083,0.5618169903755188,0.0125784277915954,,,,,,,1.0536617040634155,2.2530022,2.2436943,356,45515,45871,0.3481148,0.6882352828979492,0.07094545,0.9677318334579468,0.88296396,6.171317,14.3472595,0.0,11.73486,5.000876426696777,7.111044406890869,3.356539487838745,0.6107184290885925,6.1804724,14.3472595,0.0,11.8110695,,,
A549,2,VIN,4,4,40,3,0.4967192113399505,0.0067951255477964,0.4968179762363434,0.0067474097013473,,,,,,,1.1794443130493164,2.1867046,2.170124,414,24736,25150,0.9936153,0.7170960307121277,0.72926635,0.983955144882202,0.9521075,5.113073,8.109863,0.0,0.6574255,3.5754265785217285,4.599053859710693,2.396014451980591,0.1754489541053772,5.138806,8.109863,0.0,0.625261,,,
A549,2,VIN,4,4,40,4,0.3466271758079529,0.0078809335827827,0.346659392118454,0.007870496250689,0.2465971857309341,0.0018047136254608,0.3581008017063141,0.1163844838738441,0.2805134952068329,0.3003223538398742,1.1866546869277954,1.3978405,1.3888412,917,20602,21519,0.3545577,0.3105758130550384,0.45322865,0.8867706656455994,0.90049905,3.6483805,7.595819,0.0,0.88845205,3.2619669437408447,5.260636329650879,1.6619735956192017,1.01202130317688,3.6655788,7.595819,0.0,0.87601066,VIN,0.31450145518590905,0.026046544534336247
A549,2,VIN,4,4,40,5,0.3335888981819153,0.0177960600703954,0.3557717502117157,0.0110874213278293,0.2146224081516266,0.0031271034386008,0.3724754452705383,0.0466685779392719,0.2593486607074737,0.2878623008728027,0.4441792666912079,0.80438954,0.7975632,765,39602,40367,0.34964556,-0.236152202,0.1318994,0.9351161122322084,0.8812807,3.855725,9.931942,0.0,2.569827,2.676132917404175,4.462014198303223,1.485467553138733,0.4997149407863617,3.8785107,9.931942,0.0,2.5824175,VIN,0.29913667007791644,0.024774055797076644
A549,2,VIN,4,4,40,6,0.0620691739022731,0.0051743080839514,0.1044211685657501,0.0042824768461287,0.0441376790404319,0.0017952807247638,0.2148600667715072,0.0,0.0774871483445167,0.1043422147631645,1.0501227378845217,1.6821048,1.6758596,545,54606,55151,0.7387752,0.1405746936798095,0.28708193,0.9763768911361694,0.93168235,1.017453,4.7288914,0.0,0.8210584,0.890255868434906,1.8574198484420776,0.0,0.0889157205820083,1.0187224,4.7288914,0.0,0.82820225,VIN,0.19352961412307856,0.016027835896625542
A549,2,VIN,5,4,40,1,0.573957085609436,0.0067974091507494,0.573957085609436,0.0067974091507494,,,,,,,0.6063405871391296,0.99935234,0.98967654,581,23018,23599,0.5526591,0.4138869643211365,0.50785094,0.9443596601486206,0.9178975,6.196022,9.2555895,2.974785,1.3791492,5.221611499786377,6.835230350494385,3.059811592102051,0.7131964564323425,6.220617,9.2555895,2.974785,1.3713883,,,
A549,2,VIN,5,4,40,2,0.23666512966156,0.00271813175641,0.23666512966156,0.00271813175641,0.182905688881874,0.0017528914613649,0.3023289442062378,0.0828699693083763,0.2172643393278122,0.2388932555913925,1.027301549911499,1.7747672,1.754635,758,27385,28143,0.9077413,0.2747605144977569,0.61764586,0.9656304121017456,0.92664576,2.196062,4.893973,0.8666773,0.31964493,1.4337111711502075,2.4915828704833984,0.8666772842407227,0.1163240075111389,2.217163,4.893973,1.0078696,0.3087412,VIN,0.24207269996775313,0.020048102341942958
A549,2,VIN,5,4,40,3,0.2790869474411011,0.0038777259178459,0.2790869474411011,0.0038777259178459,0.260084331035614,0.0028395897243171,0.3988099098205566,0.1154652908444404,0.3022708296775818,0.3229078948497772,1.157257080078125,1.7591487,1.7441919,955,37476,38431,0.9782342,0.7812522053718567,0.8081267,0.982743501663208,0.96230054,3.395223,7.554402,1.3866162,0.54558897,2.34985899925232,3.373497247695923,1.3866162300109863,0.1017658039927482,3.421861,7.554402,1.4531702,0.5283423,VIN,0.28824942984772745,0.023872390692398437
A549,2,VIN,5,4,40,4,0.4854104518890381,0.0278872083872556,0.5212534070014954,0.0112631870433688,,,,,,,1.0531346797943115,1.6771424,1.6670585,1254,76345,77599,0.38534078,0.2187213152647018,0.16410239,0.9669470191001892,0.89579195,6.932073,15.309867,0.0,7.014787,5.34988260269165,8.94328784942627,2.874965190887451,1.1741750240325928,6.958061,15.309867,0.0,7.068928,,,
A549,2,VIN,6,4,40,1,0.444052129983902,0.025377070531249,0.4681999087333679,0.015451131388545,0.2933020889759063,0.0034585348330438,0.4596047401428222,0.1796404868364334,0.3396108448505401,0.3769465684890747,1.0291517972946167,1.2887297,1.2844292,1104,65535,66639,0.78439564,-0.32431072,0.57196164,0.921354353427887,0.9127391,4.6542125,9.511965,0.0,2.808128,4.080136775970459,6.888729572296143,1.767498016357422,1.2913215160369873,4.663883,9.511965,0.0,2.8280346,VIN,0.3300292992256255,0.02733253757072346
A549,2,VIN,6,4,40,2,0.2196337431669235,0.0088883712887763,0.2248127609491348,0.0079336585476994,0.1833128184080124,0.0027378576342016,0.3612931072711944,0.0532788559794425,0.2255714237689972,0.2528536915779114,0.961447536945343,1.5285554,1.5189607,1684,97851,99535,0.6611013,0.7560240030288696,0.3331099,0.9798834919929504,0.89549005,2.0382154,6.779582,0.0,0.86191404,1.3928368091583252,2.4443299770355225,0.8063552975654602,0.076677918434143,2.049322,6.779582,0.0,0.86813635,VIN,0.23918852202674779,0.019809238998239442
A549,2,VIN,6,4,40,3,0.3649438619613647,0.0121782561764121,0.3649873435497284,0.0121638244017958,0.2380990236997604,0.0027937430422753,0.4251540005207062,0.0783888027071952,0.2795494198799133,0.3030218183994293,1.2289955615997314,2.4432461,2.414329,1398,57305,58703,0.7165225,0.3884134292602539,0.195609,0.933607816696167,0.86444277,3.7484396,8.78267,0.0,1.6416235,2.493860244750977,4.951054573059082,1.4464640617370603,0.5479061603546143,3.7790453,8.78267,0.0,1.628971,VIN,0.2933052005929912,0.02429110213458896
A549,2,VIN,6,4,40,4,0.490497887134552,0.0138910887762904,0.4966628551483154,0.0110037652775645,0.316336452960968,0.0036709553096443,0.4454281330108642,0.2083842009305954,0.3673781156539917,0.4020103812217712,1.2002874612808228,2.097887,2.089999,383,43200,43583,0.6766223,0.4713532924652099,0.46339926,0.9199419617652892,0.9002775,5.1181273,9.212747,0.0,1.9300808,3.474696159362793,5.900787830352783,1.6162248849868774,1.4749335050582886,5.1326976,9.212747,0.0,1.9099591,VIN,0.3190850549789901,0.026426151477863702
A549,2,VIN,6,4,40,5,0.3913037776947021,0.0042025684379041,0.3913037776947021,0.0042025684379041,0.3304523825645447,0.0008412032038904,0.4395148456096649,0.268675684928894,0.3536444902420044,0.3705154061317444,1.1435905694961548,2.2496433,2.2384152,395,38516,38911,0.920671,0.9499803185462952,0.5093988,0.9952383637428284,0.8995872,4.853173,8.314334,2.3333657,1.3808781,2.910509824752808,3.6492998600006095,2.383188247680664,0.1017929390072822,4.873095,8.314334,2.3333657,1.3548958,control,0.3311650855996065,0.0
A549,2,VIN,6,4,40,6,0.1921965330839157,0.0033558139111846,0.1922268718481063,0.0033505032770335,0.1436787545680999,0.002123245736584,0.2947616577148437,0.0221529137343168,0.1798023581504821,0.2044455260038375,1.2370283603668213,2.8044717,2.7816277,1383,93512,94895,0.64501977,0.8412244915962219,0.38462916,0.9791375398635864,0.8607658,3.9145617,9.8329115,1.2694315,2.3215637,2.168565034866333,3.1147878170013428,1.269431471824646,0.1277600675821304,3.940384,9.8329115,1.2717938,2.3082564,VIN,0.28123088024364573,0.02329112481329121
A549,2,VIN,7,4,40,1,0.3867808282375335,0.0361679121851921,0.4629276394844055,0.0080379592254757,,,,,,,1.2034980058670044,1.6034703,1.5984877,576,45663,46239,0.8360127,-0.298809171,0.2881303,0.9731101393699646,0.9508801,4.9695463,11.171825,0.0,5.7546153,4.864091873168945,6.975876331329346,2.66984224319458,0.5055058002471924,4.9708767,11.171825,0.0,5.820685,,,
A549,2,VIN,7,4,40,2,0.6571400761604309,0.0057276282459497,0.6571400761604309,0.0057276282459497,,,,,,,0.422158271074295,1.0181968,1.0126241,200,21191,21391,0.5258997,0.1181975081562995,0.20565708,0.994628131389618,0.84984756,5.446479,8.608001,0.0,0.85541207,4.330913543701172,4.653417110443115,3.756136655807495,0.0276005119085311,5.457007,8.608001,0.0,0.8513688,,,
A549,2,VIN,7,4,40,3,0.1576907932758331,0.0030390238389372,0.1577953100204467,0.0030245441012084,0.1025417074561119,0.0025937140453606,0.2565821409225464,0.0016825892962515,0.1418186575174331,0.1726463735103607,1.0266342163085938,2.4068863,2.397027,248,34471,34719,0.9551656,0.9194842576980592,0.52923435,0.9880090951919556,0.8839225,2.3840218,5.884238,1.0030695,0.74641186,1.3439685106277466,1.7192038297653198,1.003069519996643,0.0271478313952684,2.3915038,5.884238,1.0032175,0.74374837,VIN,0.23560825395975077,0.019512726501669964
A549,2,VIN,7,4,40,4,0.264613389968872,0.0088855009526014,0.264613389968872,0.0088855009526014,0.1972803771495819,0.0026225238107144,0.3157074153423309,0.0355577692389488,0.2393576055765152,0.2576997578144073,1.065016508102417,3.0417874,3.0119774,712,46503,47215,0.6002172,0.926589846611023,0.32472768,0.9891995787620544,0.85958624,6.0095315,20.064798,1.9672621,7.7517962,2.7686867713928223,3.949096918106079,2.0930187702178955,0.107450857758522,6.0591507,20.064798,1.9672621,7.705565,VIN,0.30188182234858096,0.02500140524075134
A549,2,VIN,8,4,40,1,0.3157121539115906,0.0598441399633884,0.4811965823173523,0.011581658385694,,,,,,,1.0137836933135986,1.2295101,1.2252846,1419,71028,72447,0.5482375,0.0294472984969615,0.51798284,0.9271531701087952,0.91550446,4.5648394,13.114225,0.0,12.293944,5.340813159942627,9.175908088684082,1.905843496322632,1.7457774877548218,4.549337,13.114225,0.0,12.492404,,,
A549,2,VIN,8,4,40,2,0.3926083445549011,0.0088163986802101,0.392868310213089,0.0087200999259948,0.300021767616272,0.0025819113943725,0.447427898645401,0.1795412302017212,0.3411701321601867,0.3705464899539947,1.0426161289215088,2.0289118,2.0051448,1056,42767,43823,0.93993753,0.8210059404373169,0.5204355,0.9863128066062928,0.9062984,4.6104693,10.288174,0.0,1.6569535,2.8567800521850586,4.011222362518311,1.751579761505127,0.1481713354587555,4.653771,10.288174,0.0,1.6163962,VIN,0.3043722908280285,0.02520766215019221
A549,2,VIN,8,4,40,3,0.6331555843353271,0.0145316012203693,0.6380853652954102,0.0114990910515189,,,,,,,0.5932058691978455,1.1744223,1.1676375,624,52830,53454,0.17424199,0.192440390586853,-0.03564273,0.9732534289360046,0.8756365,8.091109,15.409568,0.0,3.3315098,6.470211029052734,8.247523307800293,4.460981845855713,0.5518418550491333,8.110254,15.409568,0.0,3.3329427,,,
A549,2,VIN,8,4,40,4,0.298632264137268,0.0073977313004434,0.3012383580207824,0.0066772387363016,0.1784250438213348,0.0023788928519934,0.3114818334579468,0.05064208060503,0.2179559171199798,0.2431552708148956,1.2571535110473633,2.385316,2.3757813,296,34727,35023,0.7591112,0.4331077337265014,0.2901637,0.9650352597236632,0.94031453,2.6969602,6.4687247,0.0,0.44656572,1.7179967164993286,2.8101608753204346,1.0668108463287354,0.1420584172010421,2.7053044,6.4687247,0.0,0.44092298,VIN,0.2597326713522999,0.021510675005941615
A549,2,VIN,8,4,40,5,0.1716480106115341,0.0087740533053874,0.1830541342496872,0.0072691566310822,0.1166450083255767,0.003790637711063,0.2697419822216034,0.0,0.1672861874103546,0.1962413489818573,1.1709883213043213,1.9102858,1.8991584,951,62232,63183,0.76616216,0.6516822576522827,0.31377906,0.9788424372673036,0.9144041,4.1772985,15.596728,0.0,3.6015804,2.6179463863372803,4.684802532196045,1.3949334621429443,0.2793842852115631,4.201127,15.596728,0.0,3.614622,VIN,0.2973389489836396,0.02462517119965968
A549,2,VIN,8,4,40,6,0.2949386239051819,0.0234952811151742,0.3304526507854461,0.0145886791869997,0.1536868512630462,0.0061994390562176,0.3045968115329742,0.0,0.2201036512851715,0.2506000399589538,1.4362118244171145,2.452662,2.4360256,1169,70254,71423,0.7917407,0.574411153793335,0.54507786,0.9488901495933532,0.8968804,6.5357213,17.813046,0.0,10.243348,4.301836967468262,8.627442359924316,1.9934422969818115,1.6700857877731323,6.5728917,17.813046,0.0,10.301585,VIN,0.33341164088395203,0.027612658095386378
A549,2,VIN,9,4,40,1,0.2204642295837402,0.0018684711540117,0.2204642295837402,0.0018684711540117,0.2273786514997482,0.0014785088133066,0.3026447296142578,0.1103632971644401,0.256862074136734,0.2726279199123382,0.9640349745750428,1.5595154,1.5526925,400,34511,34911,0.94619894,0.8354759812355042,0.9366076,0.9971517324447632,0.95897865,1.6526176,2.6371157,0.8266418,0.08755706,1.0625908374786377,1.2192137241363523,0.9266818165779114,0.0036901026032865,1.659456,2.6371157,0.8266418,0.08444743,control,0.2292249240906527,0.0
A549,2,VIN,9,4,40,2,0.2186252474784851,0.0016040710033848,0.2186252474784851,0.0016040710033848,0.235261008143425,0.000943619175814,0.2979900240898132,0.1677864044904709,0.2604113817214966,0.2747407555580139,1.0355381965637207,1.7542566,1.7500241,176,29711,29887,0.9600516,0.6534304618835449,0.93890613,0.9963337182998656,0.9536079,1.5404062,2.6326237,0.729562,0.116185986,0.9666453003883362,1.133939504623413,0.8088192343711853,0.0058802720159292,1.5438048,2.6326237,0.729562,0.114877805,control,0.21870059280161852,0.0
A549,2,VIN,9,4,40,3,0.1577666699886322,0.0015016463585197,0.1577823311090469,0.0014993248041719,,,,,,,,2.6998334,2.6998334,0,50383,50383,0.025613135,,-0.44927168,,0.6992332,1.124682,3.8960154,0.17095496,0.3696406,,,,,1.124682,3.8960154,0.17095496,0.3696406,,,
A549,2,VIN,9,4,40,4,0.1279186606407165,0.0048593655228614,0.1324861645698547,0.0044277450069785,0.078465849161148,0.0020592266228049,0.2165006250143051,0.0,0.1159239932894706,0.1370343416929245,1.1252336502075195,1.7254255,1.7058231,1205,35690,36895,0.5444989,0.1980349272489547,0.13655674,0.9688339233398438,0.9329793,3.1099799,9.127339,0.0,1.0014644,2.108996152877808,3.29904842376709,1.0780327320098877,0.1529944539070129,3.1437752,9.127339,0.0,0.99513984,VIN,0.2787460895052907,0.023085338125955146
A549,2,VIN,9,4,40,5,0.236928254365921,0.0062927915714681,0.2398929297924041,0.005660327617079,0.1605991274118423,0.0015792067861184,0.29092538356781,0.0679643005132675,0.192393347620964,0.2115821689367294,1.0447008609771729,1.5076605,1.4998896,474,27765,28239,0.3956964,-0.325471729,-0.040078685,0.9142773151397704,0.8662638,2.7163813,8.12742,0.0,1.1010187,2.1566317081451416,3.755983591079712,0.8309999704360962,0.5412931442260742,2.7259367,8.12742,0.0,1.1051339,VIN,0.28074061831233466,0.023250522046541378
A549,2,VIN,9,4,40,6,0.2051184177398681,0.0044159106910228,0.2051393389701843,0.0044120689854025,0.1458316892385482,0.002712125191465,0.3227274119853973,0.0130683127790689,0.1873334050178527,0.2166596204042434,1.117743968963623,1.8747424,1.8623685,641,38574,39215,0.8010415,0.8197704553604126,0.4738328,0.9766003489494324,0.91046107,2.9519503,5.827003,0.892933,0.77984333,2.0842440128326416,3.2075326442718506,1.3453351259231567,0.1596872359514236,2.9663692,5.827003,0.892933,0.77742934,VIN,0.2776853786361132,0.022997491623382493
A549,4,VIN,0,4,40,1,0.384468674659729,0.0259344447404146,0.4347320795059204,0.0074738492257893,,,,,,,,1.7248473,1.7248473,0,17695,17695,0.8952903,,0.5813441,,0.9432347,3.6618264,8.16585,0.0,2.3505542,,,,,3.6618264,8.16585,0.0,2.3505542,,,
A549,4,VIN,0,4,40,2,0.271101176738739,0.0086286412551999,0.2737977802753448,0.0079761473461985,0.1923265904188156,0.0030146897770464,0.3703143894672394,0.0440768562257289,0.2360885739326477,0.2631018161773681,1.586125373840332,2.9480417,2.9180083,1068,47363,48431,0.8427966,0.6870446801185608,0.4480201,0.9774251580238342,0.88198453,2.1761615,6.190601,0.0,0.6721496,1.3015174865722656,2.2326302528381348,0.6812385320663452,0.0621263682842254,2.1958838,6.190601,0.0,0.668266,VIN,0.23237473583286106,0.01924493132137478
A549,4,VIN,0,4,40,3,0.1719910502433776,0.0052055744454264,0.1740864515304565,0.0049042114987969,0.1178202554583549,0.0027309174183756,0.2838272750377655,0.0,0.1592711359262466,0.182109072804451,1.151641845703125,1.8976953,1.8781415,1448,53799,55247,0.6744749,0.5107837915420532,0.33338594,0.9748191237449646,0.90785676,2.007863,6.838226,0.0,0.7078157,1.297717809677124,2.1497690677642822,0.6583766341209412,0.0513062253594398,2.0269766,6.838226,0.0,0.7115469,VIN,0.23207948653114327,0.019220479211665503
A549,4,VIN,1,4,40,1,0.1557877361774444,0.003735069418326,0.1604764610528946,0.0030950510408729,0.1440985351800918,0.0009995104046538,0.2863568961620331,0.0459224991500377,0.1689713597297668,0.1851895600557327,1.2977393865585327,1.7667284,1.7510618,2186,63253,65439,0.741282,0.5751054286956787,0.45847422,0.9758561849594116,0.8947425,1.122149,3.9918132,0.0,0.32940397,0.8780879378318787,1.589380145072937,0.4297347366809845,0.0356803983449935,1.1305836,3.9918132,0.0,0.3374251,VIN,0.19212119022267757,0.015911192315999356
A549,4,VIN,1,4,40,2,0.2683164775371551,0.0068607106804847,0.2700487971305847,0.0064371828921139,0.2466830164194107,0.0031744979787617,0.4301199913024902,0.0838665887713432,0.2911890745162964,0.320374071598053,1.241694450378418,1.8535273,1.8413982,1610,79604,81214,0.8240608,0.7181265354156494,0.5369217,0.9723082780838012,0.8664767,1.8964682,5.8043103,0.0,0.7966127,1.3314093351364136,2.730646133422852,0.8004575371742249,0.107661448419094,1.9078962,5.8043103,0.0,0.80395836,control,0.25409839484453883,0.0
A549,4,VIN,1,4,40,3,0.2974690496921539,0.0067782425321638,0.2974690496921539,0.0067782425321638,0.2048965990543365,0.0011021647369489,0.3170357048511505,0.1240616217255592,0.2306099981069564,0.2508977353572845,0.7638553977012634,1.9174112,1.9032028,511,40976,41487,0.5189483,0.8031576871871948,0.25718772,0.9917234182357788,0.8614718,3.4573166,9.195385,1.4373868,1.5720376,1.910420536994934,2.744911193847656,1.4373867511749268,0.0494446121156215,3.4766078,9.195385,1.4898819,1.5608125,VIN,0.26972823616817765,0.02233849287396611
A549,4,VIN,1,4,40,4,0.098837710916996,0.0030612952541559,0.1038289666175842,0.0026976519729942,0.0915659219026565,0.0018702000379562,0.2038215398788452,0.0,0.1265217810869217,0.1467202752828598,0.5963887572288513,0.75480807,0.7522443,747,45412,46159,0.65860754,0.567137598991394,0.5340396,0.9570115208625792,0.93859047,0.58828354,2.1648414,0.0,0.056972627,0.4582734405994415,0.8277318477630615,0.2228001058101654,0.0121333748102188,0.59042203,2.1648414,0.0,0.057427585,VIN,0.12913349421588022,0.010694644659052982
A549,4,VIN,1,4,40,5,0.3344126641750335,0.1018795296549797,0.6165563464164734,0.0138777326792478,,,,,,,0.5438805818557739,0.8049618,0.79584634,2130,58877,61007,0.17562501,0.2117026150226593,0.18106624,0.95657217502594,0.8133841,3.3078852,11.373176,0.0,10.104632,5.346149444580078,8.44195556640625,2.945109844207764,0.7227896451950073,3.2341478,11.373176,0.0,10.288301,,,
A549,4,VIN,10,4,40,1,0.2571253776550293,0.0058850012719631,0.259502500295639,0.0053225369192659,0.171412780880928,0.0036603873595595,0.313946932554245,0.0076454561203718,0.2225467562675476,0.2486092299222946,1.48496413230896,2.1628711,2.1485558,846,39217,40063,0.6608989,-0.496502608,0.43141758,0.9141299724578856,0.9361383,3.2983336,7.590868,0.0,0.7188657,2.3433496952056885,3.760446310043335,0.9898180961608888,0.4993270933628082,3.3189344,7.590868,0.0,0.70350385,VIN,0.288010605056215,0.02385261157702251
A549,4,VIN,10,4,40,2,0.3468084633350372,0.0235719997435808,0.3773115575313568,0.0141360759735107,0.2567782998085022,0.0021985881030559,0.3805104196071625,0.1351148635149002,0.2935450673103332,0.3154112994670868,1.1543962955474854,2.4007485,2.3802052,620,36995,37615,0.4367348,0.4290205836296081,0.14503497,0.965333104133606,0.8598927,5.480621,15.039173,0.0,6.3792562,3.4238851070404053,8.190323829650879,2.068220376968384,0.852734386920929,5.515089,15.039173,0.0,6.3997946,VIN,0.31803031846910523,0.02633879976287573
A549,4,VIN,10,4,40,3,0.2746939361095428,0.0147657319903373,0.2882999181747436,0.01157449465245,0.1996891945600509,0.0038716171402484,0.4120717346668243,0.0055295275524258,0.2481223344802856,0.2795221209526062,1.2765581607818604,2.175838,2.1569438,1153,53725,54878,0.76630056,0.8134204149246216,0.36652908,0.9777878522872924,0.87050635,3.8319972,12.075796,0.0,3.1622193,2.5811686515808105,4.213745594024658,1.3543047904968262,0.2745735943317413,3.8588402,12.075796,0.0,3.1898923,VIN,0.29617253892581696,0.024528570846893694
A549,4,VIN,10,4,40,4,0.2783308327198028,0.0081349685788154,0.284025639295578,0.006683952640742,0.1906842291355133,0.0020873940084129,0.3178618848323822,0.02913966961205,0.2269381135702133,0.2485727816820144,1.6567203998565674,2.402705,2.3880463,736,36719,37455,0.81613505,0.3140254020690918,0.47492322,0.9696974158287048,0.9311634,4.4519987,11.971977,0.0,1.7515405,3.3063690662384038,5.054196357727051,2.0183653831481934,0.3147847354412079,4.4749613,11.971977,0.0,1.7535045,VIN,0.31549556780583904,0.02612887546858217
A549,4,VIN,10,4,40,5,0.1769629418849945,0.0055220210924744,0.1812972575426101,0.0048714750446379,0.1318897753953933,0.0034469934180378,0.3414555788040161,0.0,0.1782339215278625,0.2081129401922226,1.3363265991210938,1.7830827,1.772707,1224,51479,52703,0.9030794,0.5670514106750488,0.63641953,0.9706006646156312,0.9451905,1.5014865,5.401525,0.0,0.26440576,1.1285967826843262,2.650120973587036,0.6245703101158142,0.0578600615262985,1.5103524,5.401525,0.0,0.26593205,VIN,0.217870578739767,0.01804371852115108
A549,4,VIN,10,4,40,6,0.5091441869735718,0.0651915892958641,0.6214854121208191,0.0097575243562459,,,,,,,0.9836409687995912,1.363041,1.3600072,305,37838,38143,0.5472066,-0.677755475,0.49746618,0.9525943398475648,0.93606716,8.445538,18.359486,0.0,18.018164,8.6124267578125,11.31945514678955,5.038445472717285,2.319408893585205,8.444193,18.359486,0.0,18.144478,,,
A549,4,VIN,11,4,40,1,0.3326998949050903,0.023981899023056,0.367386132478714,0.0137389358133077,0.1559688001871109,0.0036049380432814,0.297241061925888,0.0409260094165802,0.2053329944610595,0.2381440550088882,3.2213001251220703,5.5955424,5.579201,446,64353,64799,0.40469894,-0.39152962,0.28021413,0.8312806487083435,0.83716375,5.4134493,12.887259,0.0,5.8223886,3.461048126220703,7.800868511199951,0.8633589744567871,2.425046682357788,5.4269795,12.887259,0.0,5.819332,VIN,0.3188041090202951,0.026402883949830924
A549,4,VIN,11,4,40,2,0.2849844992160797,0.0115145957097411,0.3027049303054809,0.0068665132857859,0.1824818849563598,0.0028171439189463,0.3701501488685608,0.0662151873111724,0.2245913296937942,0.2548279464244842,1.282057523727417,1.9472692,1.9378707,892,62243,63135,0.82301605,-0.062015064,0.55480033,0.9486055374145508,0.9353828,4.470787,10.894459,0.0,2.7136638,3.1148111820220947,5.177998065948486,1.4316284656524658,0.69609135389328,4.4902196,10.894459,0.0,2.7158499,VIN,0.31105342973109007,0.02576098417496886
A549,4,VIN,11,4,40,3,0.3496054112911224,0.0753891691565513,0.5495288968086243,0.0086370781064033,,,,,,,0.9688470363616944,1.9336106,1.9323404,34,25789,25823,0.98236257,0.7500271201133728,0.68519217,0.9975523948669434,0.9342297,3.7653599,9.926345,0.0,8.979122,3.2367446422576904,3.6680288314819336,2.748685836791992,0.0464875139296054,3.766057,9.926345,0.0,8.99053,,,
A549,4,VIN,11,4,40,4,0.5034016966819763,0.0074689774774014,0.5045863389968872,0.0068888464011251,0.3861635029315948,0.0025199444498866,0.51447993516922,0.2512401640415191,0.4272026717662811,0.4478076100349426,1.289142370223999,2.3814216,2.3694549,756,68250,69006,0.89266086,0.423631489276886,0.54158103,0.9696049690246582,0.9064573,4.400569,8.440746,0.0,1.0530508,2.953136682510376,4.602888584136963,1.7978378534317017,0.2937538623809814,4.416601,8.440746,0.0,1.037998,control,0.3323920076247695,0.0
A549,4,VIN,11,4,40,5,0.2566289603710174,0.0195693057030439,0.2893889248371124,0.0125870509073138,0.1541941165924072,0.0029297140426933,0.3157876431941986,0.025406090542674,0.1976201683282852,0.2274325489997863,1.3222160339355469,2.569043,2.5557718,508,47219,47727,0.48677346,0.2610179185867309,0.18335304,0.9454801082611084,0.8574501,3.4317415,10.295256,0.0,3.3826013,2.1945548057556152,4.703052043914795,1.1054527759552002,0.4733915030956268,3.4450514,10.295256,0.0,3.3972554,VIN,0.2822859536166542,0.023378504426783964
A549,4,VIN,11,4,40,6,0.256182998418808,0.0424639843404293,0.3916427791118622,0.0118654770776629,0.2456978112459182,0.0053041912615299,0.4279683530330658,0.069265604019165,0.305126816034317,0.3447081744670868,1.3049967288970947,1.351666,1.3508955,1192,71015,72207,0.72739774,0.0814454704523086,0.5919503,0.940332531929016,0.9354436,2.516766,7.851059,0.0,3.8924673,3.4627275466918945,6.018274784088135,1.5547024011611938,0.797393262386322,2.500888,7.851059,0.0,3.9291458,VIN,0.3188387727541177,0.026405754748906274
A549,4,VIN,11,4,40,7,0.0953608304262161,0.024827254936099,0.3320751786231994,0.0078490190207958,,,,,,,0.7202416062355042,0.94808817,0.94722056,121,31654,31775,0.8438733,-0.104145333,0.20792803,0.9885045886039734,0.929063,1.3805848,9.587153,0.0,5.015277,4.247289180755615,5.828577995300293,2.551301956176758,0.4231448471546173,1.3696271,9.587153,0.0,5.001297,,,
A549,4,VIN,11,4,40,8,0.0967726334929466,0.0107277017086744,0.1593579649925232,0.0076921079307794,0.0718564018607139,0.0024852894712239,0.2416199147701263,0.0,0.1136611327528953,0.1371135264635086,0.9275981187820436,1.575888,1.566005,851,54971,55822,0.43470064,-0.172763616,0.30910695,0.9638748168945312,0.8913559,2.53422,13.618661,0.0,5.474596,2.193430185317993,4.212134838104248,0.0,0.3699139356613159,2.5394952,13.618661,0.0,5.5517926,VIN,0.28224065432793655,0.023374752806810506
A549,4,VIN,11,4,40,9,0.1051005423069,0.0216452870517969,0.2782352566719055,0.0091299246996641,0.1823755204677581,0.0033480527345091,0.378871351480484,0.0293895378708839,0.2286829352378845,0.2569330334663391,0.7574731707572937,1.0756971,1.0697126,1057,55150,56207,0.5591966,0.1630405783653259,0.3067838,0.9677745699882508,0.90513843,1.140882,7.030743,0.0,2.39125,2.2600760459899902,5.231929779052734,0.0,0.393900990486145,1.1194321,7.030743,0.0,2.4050634,VIN,0.28487117188395733,0.023592608373268042
A549,4,VIN,11,4,40,10,0.4119892120361328,0.012141665443778,0.423800379037857,0.0074841645546257,0.3367800712585449,0.0049434844404459,0.481219619512558,0.1488679647445678,0.3953247666358948,0.4163260459899902,1.2688102722167969,2.2851384,2.267134,621,34434,35055,0.9950599,0.5393640995025635,0.7030271,0.9910823106765748,0.9424512,5.010857,10.934954,0.0,1.8968763,3.174801111221313,4.50622034072876,2.24300217628479,0.1698947548866272,5.043968,10.934954,0.0,1.86613,control,0.33836823675207084,0.0
A549,4,VIN,12,4,40,1,0.6220186948776245,0.0040184669196605,0.6220186948776245,0.0040184669196605,,,,,,,1.169331669807434,2.371262,2.3608496,200,22887,23087,0.94443107,0.2676212191581726,0.4543168,0.9960283041000366,0.9295216,7.0510883,9.802262,3.9908233,0.8360388,5.295689105987549,5.9742751121521,4.772702217102051,0.0464657992124557,7.066428,9.802262,3.9908233,0.8157768,,,
A549,4,VIN,12,4,40,2,0.2393940389156341,0.034516729414463,0.3510754704475403,0.0114107839763164,0.213405355811119,0.002888333518058,0.3747039437294006,0.0881037190556526,0.2573883533477783,0.2812452614307403,1.4588005542755127,1.7743837,1.7666329,1059,42060,43119,0.6137888,0.0429775789380073,0.32869765,0.92912358045578,0.900977,3.3110619,11.751929,0.0,6.3869987,3.9949889183044434,8.456296920776367,1.6605572700500488,1.816465139389038,3.2938423,11.751929,0.0,6.49,VIN,0.3286504493897166,0.027218343270299816
A549,4,VIN,12,4,40,3,0.2819758355617523,0.0073313354514539,0.2825971841812134,0.007171893492341,0.1961443871259689,0.0027568985242396,0.3452023267745971,0.0505863241851329,0.2393658012151718,0.2609818279743194,1.2220830917358398,2.6588366,2.6333954,910,50481,51391,0.8979597,0.793239176273346,0.6137937,0.9701621532440186,0.8927677,2.8307981,7.589977,0.0,0.8607108,1.5319976806640625,2.500140428543091,0.9520029425621032,0.1346645355224609,2.8542101,7.589977,0.0,0.84284234,VIN,0.2486268254738463,0.020590905305373386
A549,4,VIN,12,4,40,4,0.1745966672897339,0.0009473324171267,0.1745966672897339,0.0009473324171267,0.1061792820692062,0.0004070701252203,0.1726599037647247,0.0581483170390129,0.1226308792829513,0.1327840536832809,0.8970652222633362,2.0893366,2.0796027,151,18344,18495,0.9986653,0.4222480952739715,0.74014246,0.996324360370636,0.953345,1.3715373,2.5222275,0.58702886,0.08070074,0.6809632778167725,0.8124085068702698,0.5870288610458374,0.002494076732546,1.3772216,2.5222275,0.6481496,0.0773868,VIN,0.16646335637393617,0.013786248532827394
A549,4,VIN,12,4,40,5,0.2664098441600799,0.0039864415302872,0.2664786577224731,0.0039691319689154,0.2291237562894821,0.0011038992088288,0.3121521174907684,0.1243590489029884,0.2561949789524078,0.2706177234649658,1.1282933950424194,1.252666,1.2495662,579,22652,23231,0.7948887,0.0817995369434356,0.65044427,0.9892232418060304,0.94526637,2.9785445,5.9534273,0.0,0.34251443,2.770820379257202,3.4811081886291504,2.0234076976776123,0.0752371028065681,2.9838543,5.9534273,0.0,0.3482149,VIN,0.301943516201713,0.025006514634258403
A549,4,VIN,12,4,40,6,0.2658423185348511,0.0090990383177995,0.2671071887016296,0.0088044786825776,0.1468258947134018,0.0017358583863824,0.303557425737381,0.0248477850109338,0.1794898062944412,0.2000250369310379,1.0938785076141355,2.1565373,2.1266034,1618,55821,57439,0.84633976,0.1950528770685196,0.40689617,0.971138834953308,0.90721595,3.7095995,11.216714,0.0,1.5692695,2.248811721801758,3.9383509159088135,1.348027586936951,0.2522325813770294,3.75194,11.216714,0.0,1.5438002,VIN,0.2844341471195114,0.023556414629798683
A549,4,VIN,12,4,40,7,0.4372094869613647,0.0286269057542085,0.4850717186927795,0.0085441144183278,,,,,,,1.1604058742523191,1.272214,1.2709103,314,26613,26927,0.96206003,0.9576599597930908,0.9056411,0.9918726682662964,0.97314835,6.491047,13.1379595,0.0,6.035283,6.57669734954834,8.090846061706543,5.07029914855957,0.4850909113883972,6.490036,13.1379595,0.0,6.100679,,,
A549,4,VIN,12,4,40,8,0.4243553280830383,0.0026173838414251,0.4243553280830383,0.0026173838414251,,,,,,,1.9077472686767576,2.8362088,2.8181322,918,46233,47151,0.9812693,0.4953950047492981,0.8167731,0.9558144211769104,0.9597527,5.4437237,8.479075,0.0,0.84338945,4.011777400970459,5.796247005462647,0.0,1.941006422042847,5.472155,8.479075,0.0,0.7800742,,,
A549,4,VIN,13,4,40,1,0.1995452642440796,0.0411500260233879,0.3812169730663299,0.0093578482046723,,,,,,,1.2720568180084229,2.2007008,2.1964567,108,23523,23631,0.8822399,-0.24538137,0.43358928,0.9831191301345824,0.94001865,6.2362785,23.425598,0.0,38.223763,7.223526477813721,12.667858123779297,5.28839635848999,2.309799671173096,6.231746,23.425598,0.0,38.384148,,,
A549,4,VIN,13,4,40,2,0.3944975435733795,0.0051895058713853,0.394511878490448,0.0051840324886143,0.2867550551891327,0.0032633948139846,0.4447576403617859,0.1677647083997726,0.3332214653491974,0.3657078146934509,1.4523613452911377,2.2098694,2.1971648,461,27026,27487,0.9313167,0.6034573316574097,0.54685736,0.9532998204231262,0.9318981,4.195011,7.538752,0.0,0.6495411,3.03354549407959,4.6013383865356445,1.8652209043502808,0.5631350874900818,4.2148223,7.538752,0.0,0.6276125,VIN,0.30904145035025166,0.025594355023716764
A549,4,VIN,13,4,40,3,0.4904727637767792,0.0277111865580081,0.510927677154541,0.0184158813208341,,,,,,,0.9365101456642152,1.6017776,1.59416,683,58963,59646,0.16128446,-0.087831251,0.115888864,0.8939895629882812,0.84388745,7.1922016,15.081477,0.0,6.439427,5.394956111907959,9.37717056274414,2.788907766342163,2.4671363830566406,7.2130194,15.081477,0.0,6.447592,,,
A549,4,VIN,13,4,40,4,0.263698935508728,0.0021016090176999,0.263698935508728,0.0021016090176999,0.2429050803184509,0.0005071528139524,0.3004143536090851,0.1789779961109161,0.2613062262535095,0.2715007662773132,1.4233770370483398,1.5296215,1.5275877,200,10247,10447,0.8782139,0.1168096959590911,0.65027064,0.994436740875244,0.95029527,3.0271263,5.69339,1.3339815,0.32150698,2.751790761947632,3.384000301361084,2.3703386783599854,0.0300578027963638,3.0324998,5.69339,1.3339815,0.3256865,VIN,0.3013907916197289,0.024960738803328275
A549,4,VIN,13,4,40,5,0.3556859791278839,0.0200801454484462,0.38843634724617,0.0092076202854514,0.1997888833284378,0.0035187921021133,0.3747066259384155,0.0516587607562541,0.2471622973680496,0.2777480185031891,1.1778312921524048,1.7559618,1.7531382,206,41969,42175,0.79005396,-0.339274496,0.50334305,0.9255365133285522,0.931383,3.7940536,9.223191,0.0,2.292421,2.807386636734009,4.985884666442871,1.6096055507659912,0.7330620288848877,3.798896,9.223191,0.0,2.2952733,VIN,0.3029900924315938,0.02509319052694725
A549,4,VIN,14,4,40,1,0.104104071855545,0.0120511436834931,0.1861238032579422,0.006279966328293,0.1463351100683212,0.004447681363672,0.3828013837337494,0.0,0.1995712965726852,0.2332343608140945,0.649895429611206,0.87836933,0.87599736,638,60817,61455,0.51919234,0.1361644864082336,0.2807132,0.9474326372146606,0.9237439,1.1561615,5.411253,0.0,1.2888091,1.4733461141586304,3.1154165267944336,0.0,0.1892242431640625,1.152834,5.411253,0.0,1.2992773,VIN,0.24477838655197864,0.020272183295941493
A549,4,VIN,14,4,40,2,0.3425010740756988,0.0088003259152174,0.3425010740756988,0.0088003259152174,0.2031652629375457,0.0028241530526429,0.3520219326019287,0.0598396658897399,0.2456500232219696,0.2767715752124786,1.479134440422058,2.4995558,2.4883554,533,48026,48559,0.47526175,-0.230635434,0.27205682,0.8786568641662598,0.86736804,3.5262372,7.026067,1.000458,1.0303848,2.4899837970733643,4.709031581878662,1.1583123207092283,0.9341588616371156,3.5377371,7.026067,1.000458,1.0194033,VIN,0.2931745660088082,0.024280283171882966
A549,4,VIN,14,4,40,3,0.3160856068134308,0.0058200098574161,0.3160953521728515,0.0058171087875962,0.2320635318756103,0.0030360980890691,0.3649953603744507,0.0815261676907539,0.2781855762004852,0.3001604378223419,1.0728998184204102,2.0839584,2.0562742,888,31543,32431,0.7911601,0.3779569566249847,0.4690253,0.9727755188941956,0.89857703,2.8917668,5.992546,0.0,0.63269794,1.715590238571167,2.65964674949646,1.0942453145980835,0.1262574195861816,2.9248772,5.992546,0.0,0.60691446,VIN,0.25959869692887994,0.021499579442698535
A549,4,VIN,14,4,40,4,0.2718808054924011,0.0038155382499098,0.2718808054924011,0.0038155382499098,0.1552350223064422,0.0031917330343276,0.387354165315628,0.009978917427361,0.1994732469320297,0.228028118610382,1.3054803609848022,3.3724573,3.3481522,374,31432,31806,0.8574167,0.1729191839694976,0.33247808,0.9421433806419371,0.8873171,2.9150693,5.2764177,0.88050073,0.4499463,1.6826155185699463,2.711397171020508,0.8805007338523865,0.1320729851722717,2.9297328,5.2764177,1.0201513,0.435441,VIN,0.2577387025764062,0.021345537466305464
A549,4,VIN,15,4,40,1,0.2036623209714889,0.0059967720881104,0.2081872522830963,0.0051879780367016,0.1153002232313156,0.0013324230676516,0.2636045217514038,0.0208028461784124,0.143810898065567,0.1628818362951278,1.1795612573623655,3.7106948,3.6887543,1141,130490,131631,0.97942644,0.8482595086097717,0.55973953,0.9570752382278442,0.8316126,2.354662,5.8643856,0.0,0.61070657,0.781051754951477,1.819906234741211,0.341863751411438,0.0913622081279754,2.3684216,5.8643856,0.0,0.5934063,VIN,0.18020069160222074,0.014923954282376667
A549,4,VIN,15,4,40,2,0.1380472928285598,0.022726260125637,0.2780596315860748,0.0068442383781075,0.1816346198320388,0.0024884061422199,0.2842962741851806,0.0458284206688404,0.2210645675659179,0.2389458119869232,0.8250725865364075,1.440401,1.4393021,47,26272,26319,0.58380026,-0.077020921,0.13241547,0.9905263781547546,0.9314276,1.1535338,5.15327,0.0,1.5377831,1.5439237356185913,1.98108184337616,1.0682145357131958,0.0412070080637931,1.1528354,5.15327,0.0,1.540187,VIN,0.24938764665676272,0.020653915388464394
A549,4,VIN,15,4,40,3,0.3606054484844208,0.0104161938652396,0.3614583313465118,0.0101325530558824,0.2211790531873703,0.0034165317192673,0.3794557154178619,0.0558849163353443,0.2671202719211578,0.2917011082172394,0.9423373937606812,1.7475053,1.7346668,1757,108434,110191,0.18015534,-0.234190106,0.2522173,0.9255974292755128,0.86629623,3.3364754,8.0782585,0.0,1.1481663,2.2230372428894043,3.801514148712158,0.7898596525192261,0.4090371131896972,3.3545165,8.0782585,0.0,1.1397293,VIN,0.2834226766517721,0.0234726461443156
A549,4,VIN,15,4,40,4,0.2747843563556671,0.0099346917122602,0.2789967656135559,0.0089117372408509,0.1693450808525085,0.0046238135546445,0.3913532793521881,0.0,0.2234781682491302,0.2571409940719604,1.3078563213348389,2.6233492,2.597877,2234,113141,115375,0.905242,0.8323637247085571,0.5863856,0.9695286154747008,0.8883209,3.8463967,13.065823,0.0,1.9447986,2.071960687637329,3.989126920700073,0.8434481620788574,0.2516799569129944,3.8814332,13.065823,0.0,1.9148319,VIN,0.2771526515897925,0.022953371958726487
A549,4,VIN,15,4,40,5,0.3131943047046661,0.0154662933200597,0.330591082572937,0.0105741582810878,0.2008001059293747,0.0060633355751633,0.4251260757446289,0.0,0.2647708356380462,0.2982155680656433,1.1510205268859863,1.9726294,1.9502844,2090,74757,76847,0.60337824,0.1690996289253235,0.2002664,0.926719605922699,0.9052457,3.016655,7.5282903,0.0,1.4308069,1.9623609781265257,3.9179205894470215,0.7275393605232239,0.3456131219863891,3.0461297,7.5282903,0.0,1.4292016,VIN,0.272203748475118,0.02254351113535985
A549,4,VIN,16,4,40,1,0.6088071465492249,0.0278549678623676,0.6436006426811218,0.0070537589490413,,,,,,,1.7468641996383667,2.2464356,2.2366483,715,35780,36495,0.60975295,-0.043937154,0.23989412,0.9417253732681274,0.9302292,6.5665884,11.258668,0.0,3.3196542,6.07012414932251,8.076337814331055,3.2660343647003174,0.7434569597244263,6.576509,11.258668,0.0,3.3661096,,,
A549,4,VIN,16,4,40,2,0.1686329245567321,0.0287170279771089,0.3073320090770721,0.0097098564729094,,,,,,,0.9789113402366638,0.71279866,0.7144585,400,63727,64127,0.7905444,0.4166390299797058,0.81049454,0.987106204032898,0.9148896,2.4708674,10.028466,0.0,5.6077046,4.006816387176514,5.449596881866455,2.9596598148345947,0.2161117494106292,2.4612267,10.028466,0.0,5.626645,,,
A549,4,VIN,16,4,40,3,0.1974910348653793,0.0085909869521856,0.2000526636838913,0.0081899547949433,0.1487123966217041,0.003618397982791,0.3416812121868133,0.0,0.1980396956205368,0.2227544337511062,1.2120331525802612,1.786319,1.7754287,2451,126796,129247,0.52486366,-0.000848955,0.33655405,0.9251492619514464,0.8725971,1.6732316,5.2818747,0.0,0.6228145,1.1734994649887085,2.3784570693969727,0.3938365876674652,0.1285069435834884,1.6828915,5.2818747,0.0,0.6274488,VIN,0.2218587383078615,0.018374011987485006
A549,4,VIN,16,4,40,4,0.2723969221115112,0.0161726232618093,0.2868988513946533,0.0128730367869138,0.1561052650213241,0.0033980929292738,0.3272024393081665,0.008435002528131,0.2028605043888092,0.2356451898813247,0.8307451605796814,1.5842023,1.5780795,395,48212,48607,0.34780478,0.1493395864963531,0.14234106,0.9333882927894592,0.8502862,2.834671,9.753432,0.0,1.9946024,1.679989218711853,3.358417510986328,0.8054319024085999,0.2777406871318817,2.8441315,9.753432,0.0,1.9976554,VIN,0.2575885938254458,0.021333105681961062
A549,4,VIN,16,4,40,5,0.2735770344734192,0.0071551683358848,0.2739052474498749,0.0070738429203629,,,,,,,0.9138567447662354,1.3317407,1.3229604,1613,75154,76767,0.570397,0.1918645799160003,0.24693263,0.9781837463378906,0.9089449,6.723481,17.845566,0.0,3.7068033,5.210449695587158,7.573075771331787,3.378836870193481,0.5842775702476501,6.7559547,17.845566,0.0,3.7236323,,,
A549,4,VIN,16,4,40,6,0.2140239477157592,0.0036207062657922,0.2141160666942596,0.003602537792176,,,,,,,1.0603902339935305,1.0622627,1.0622518,54,9241,9295,0.87742966,0.084203228354454,0.80125237,0.9967151284217834,0.9693393,4.8238473,9.9753275,0.0,0.40019083,4.284807205200195,5.06845760345459,3.606611967086792,0.0665110498666763,4.826997,9.9753275,0.0,0.40043283,,,
A549,4,VIN,17,4,40,1,0.2726755142211914,0.0037288672756403,0.2726755142211914,0.0037288672756403,0.1817923337221145,0.0027351866010576,0.2924145460128784,0.0569413863122463,0.2252117246389389,0.2449992597103119,0.9631437659263612,2.8023858,2.7892556,306,42557,42863,0.9968472,0.8996782302856445,0.68106765,0.990281581878662,0.90252215,2.4667203,4.4048896,0.7165119,0.27347523,1.0412081480026243,1.5872453451156616,0.7165119051933289,0.0178794991225004,2.4769697,4.4048896,0.7771252,0.2605969,VIN,0.20960587214894574,0.017359247766782715
A549,4,VIN,17,4,40,2,0.4003941416740417,0.0237609334290027,0.4227495789527893,0.0156368464231491,0.2698828876018524,0.0059948335401713,0.5125648379325867,0.0313814990222454,0.3337234854698181,0.3662713468074798,0.8983875513076782,1.7625955,1.7458788,1653,83802,85455,0.42743966,0.4962096214294433,0.3193951,0.9592909812927246,0.87284654,3.5808165,8.48119,0.0,1.8516623,2.229572057723999,3.8186709880828857,1.056604504585266,0.304422378540039,3.6074688,8.48119,0.0,1.8454562,VIN,0.2836806507862315,0.02349401117990163
A549,4,VIN,17,4,40,3,0.31085005402565,0.0031910131219774,0.31085005402565,0.0031910131219774,,,,,,,0.8369986414909363,1.2378353,1.2213014,1803,41908,43711,0.43993118,-0.28291136,0.268812,0.969756245613098,0.9198096,6.3187656,15.348,2.9808252,2.5588827,5.158026695251465,7.243670463562012,3.3216726779937744,0.6462937593460083,6.368703,15.348,2.9808252,2.580708,,,
A549,4,VIN,17,4,40,4,0.2857045829296112,0.0090253986418247,0.2862538397312164,0.0088855242356657,0.2366485595703125,0.0040945280343294,0.4498320817947387,0.0317951776087284,0.2877629697322845,0.3139016330242157,1.4024468660354614,2.0791798,2.0603707,1970,68909,70879,0.75377375,-0.131940797,0.36010125,0.9454612731933594,0.89013755,2.5617137,6.3950305,0.0,0.72570103,1.87218713760376,3.320598125457764,0.956857681274414,0.2616761326789856,2.5814264,6.3950305,0.0,0.7249859,VIN,0.2678487998502837,0.02218284074280341
A549,4,VIN,17,4,40,5,0.3545229434967041,0.0599232353270053,0.5034680962562561,0.010109543800354,,,,,,,1.321471095085144,1.5305938,1.5256326,944,38847,39791,0.65606505,-0.083857223,0.16221777,0.9810301661491394,0.9126015,4.7745304,11.753436,0.0,10.615003,6.561391353607178,9.575357437133787,4.530273438,0.6696376204490662,4.73111,11.753436,0.0,10.777201,,,
A549,4,VIN,17,4,40,6,0.396039754152298,0.0235747899860143,0.4272530376911163,0.0120968343690037,0.2297803163528442,0.0036837738007307,0.3412796854972839,0.0437538735568523,0.279971569776535,0.3034738600254059,1.359661102294922,2.6607275,2.64883,285,30882,31167,0.8485915,0.5387080311775208,0.40641326,0.956228256225586,0.91651374,4.948389,10.44323,0.0,3.3142548,2.94742488861084,5.303286552429199,1.7685589790344238,0.8851292729377747,4.9668546,10.44323,0.0,3.2993815,VIN,0.3068188600212532,0.02541028338579182
A549,4,VIN,2,4,40,1,0.4400755763053894,0.0138596268370747,0.4402514100074768,0.0137877343222498,,,,,,,0.8038759827613831,1.3045568,1.2891213,1389,43666,45055,0.4892909,0.0915740430355072,-0.067476295,0.958584725856781,0.86459696,5.4164104,10.833506,0.0,2.9618287,4.3723907470703125,7.570512771606445,2.6032731533050537,0.641327977180481,5.44962,10.833506,0.0,2.9998672,,,
A549,4,VIN,2,4,40,2,0.0980226546525955,0.0203655809164047,0.2716797292232513,0.0092661520466208,,,,,,,1.0544593334197998,1.4979948,1.4920751,360,26614,26974,0.71613777,0.5983261466026306,0.2898112,0.983385682106018,0.90718895,1.9563158,10.157459,0.0,7.3557296,4.120841026306152,6.279367446899414,2.3869669437408447,0.524753212928772,1.9270387,10.157459,0.0,7.383895,,,
A549,4,VIN,2,4,40,3,0.3728728592395782,0.0100332153961062,0.3752980232238769,0.0091882981359958,0.2751482427120209,0.0022628235165029,0.4360500872135162,0.1175672933459281,0.3124506771564483,0.3358893692493438,2.0117383003234863,3.925,3.8744931,1058,39021,40079,0.8064322,0.5723888874053955,0.20306554,0.9753859639167786,0.87219846,3.6338472,8.088741,0.0,1.2309684,2.437020778656006,3.8290417194366455,1.3211500644683838,0.1789901554584503,3.6662965,8.088741,0.0,1.2196013,VIN,0.29136021905364334,0.024130021645301092
A549,4,VIN,2,4,40,4,0.5791140198707581,0.015511660836637,0.5801137089729309,0.0149585306644439,0.4183917641639709,0.0020499934908002,0.5307342410087585,0.339025467634201,0.4557903707027435,0.4798658490180969,0.5930362343788147,1.0503293,1.0396805,1000,41943,42943,0.14857943,0.3470762372016907,-0.04662757,0.9200274348258972,0.82870686,5.0393014,11.929982,0.0,1.5772636,4.027223587036133,6.665794849395752,2.519142866134644,0.8816933631896973,5.063431,11.929982,0.0,1.5688438,control,0.35643996785203547,0.0
A549,4,VIN,2,4,40,5,0.4678780436515808,0.0348719507455825,0.5182180404663086,0.0125368339940905,0.3032642006874084,0.0052476939745247,0.4794939160346985,0.1189435869455337,0.3642348051071167,0.3984791040420532,1.1122254133224487,2.0174942,2.0001569,1093,55978,57071,0.6096622,0.4286439716815948,0.109410875,0.9537869095802308,0.8948599,4.6516914,10.205319,0.0,3.8445804,3.442036390304565,5.155721187591553,1.7116543054580688,0.5159498453140259,4.67531,10.205319,0.0,3.8804443,VIN,0.31840987333498594,0.02637023393449678
A549,4,VIN,2,4,40,6,0.7482925057411194,0.014735403470695,0.7564447522163391,0.0087291859090328,,,,,,,0.3657622635364532,0.8140841,0.80762017,400,27343,27743,0.07113599,-0.129186571,-0.24220814,0.9754292964935304,0.79705155,7.2844033,14.790644,0.0,1.7162671,6.149060726165772,7.36833381652832,4.809663772583008,0.256864994764328,7.301011,14.790644,0.0,1.718484,,,
A549,4,VIN,2,4,40,7,0.343235433101654,0.0133408904075622,0.3614700138568878,0.0074583794921636,0.2647431492805481,0.0031975673045963,0.4070383608341217,0.1496701538562774,0.3107596635818481,0.3424637913703918,1.074324131011963,1.5975007,1.5953785,71,17432,17503,0.27377483,0.9422258734703064,0.4360683,0.9871917366981506,0.92003596,3.385461,7.9840455,0.0,1.3764561,2.6837546825408936,3.371545791625977,1.9985201358795168,0.0794370546936988,3.3883188,7.9840455,0.0,1.379725,VIN,0.29936794409073414,0.02479320956814879
A549,4,VIN,2,4,40,8,0.3410008251667022,0.0060157049447298,0.3412614464759826,0.0059313713572919,0.3464527428150177,0.0058699180372059,0.4715270698070526,0.1239711642265319,0.403896689414978,0.42111936211586,1.4362138509750366,1.9910972,1.969829,1305,32742,34047,0.97629315,0.6672981381416321,0.5891025,0.9872514009475708,0.9518136,4.5807204,9.366466,0.0,0.9577324,3.655404329299927,5.0595293045043945,2.257622241973877,0.2154011130332946,4.6176004,9.366466,0.0,0.95183355,control,0.34937101431025736,0.0
A549,4,VIN,3,4,40,1,0.1495601683855056,0.0133793177083134,0.2113345116376876,0.0058504594489932,0.1421644240617752,0.0029430114664137,0.2816579639911651,0.0,0.1866190731525421,0.2083220034837722,0.8418127298355103,1.4541863,1.4417357,742,35753,36495,0.7829653,0.1395509839057922,0.27603802,0.9767725467681884,0.9381425,1.6073105,5.2597585,0.0,1.3791684,1.276439547538757,2.142153739929199,0.6709684729576111,0.0649504512548446,1.6141771,5.2597585,0.0,1.4041232,VIN,0.23040787051656603,0.01908203845010445
A549,4,VIN,3,4,40,2,0.1435829252004623,0.0093925790861248,0.1807330101728439,0.0051085324957966,0.1255144774913787,0.0018274168251082,0.2928939461708069,0.0,0.1591024249792099,0.1817139238119125,0.9789129495620728,1.7814801,1.7576432,1609,52565,54174,0.5684902,0.3726832270622253,0.2530591,0.9676468372344972,0.8918176,1.0331892,3.6431293,0.0,0.4862681,0.7300833463668823,1.4252735376358032,0.3478679955005646,0.0265586618334054,1.0424666,3.6431293,0.0,0.49744102,VIN,0.17340379460032573,0.014361045343368711
A549,4,VIN,3,4,40,3,0.0930487364530563,0.0077520422637462,0.1456084102392196,0.0044777449220418,0.0858840942382812,0.0019533045124262,0.2173599898815155,0.0,0.121059238910675,0.1443059593439102,0.898131787776947,1.5629312,1.5483693,771,34428,35199,0.92120343,0.5491113662719727,0.3450303,0.9793388843536376,0.890984,0.61057276,3.3761456,0.0,0.33663702,0.5253270864486694,0.9616810083389282,0.0,0.0170318931341171,0.61248183,3.3761456,0.0,0.34362787,VIN,0.14152070787006682,0.011720535340256327
A549,4,VIN,3,4,40,4,0.1822933256626129,0.0072395871393382,0.1953696012496948,0.0052041891030967,0.1612038612365722,0.0020436311606317,0.3284347951412201,0.0401582717895507,0.196512222290039,0.2222949862480163,1.2007310390472412,1.7784659,1.7644597,1614,64961,66575,0.9369345,0.7711355686187744,0.5405394,0.978955090045929,0.8995258,1.1369174,4.5868754,0.0,0.37291968,0.8063005805015564,1.5862938165664673,0.436832994222641,0.0276045743376016,1.1451315,4.5868754,0.0,0.37871587,VIN,0.18342567736046123,0.015191042824542422
A549,4,VIN,3,4,40,5,0.1716329008340835,0.0043109492398798,0.1774558126926422,0.0034238954540342,0.1338902860879898,0.0022744985762983,0.2588283717632293,0.0,0.1706208139657974,0.1896177977323532,1.5477293729782104,2.0823739,2.0733821,1065,62260,63325,0.86725944,0.2097340375185012,0.68105847,0.9392833709716796,0.9219765,1.452336,4.2593307,0.0,0.29851878,1.1068792343139648,1.683809757232666,0.4847040176391601,0.0764145851135253,1.4582452,4.2593307,0.0,0.30024168,VIN,0.2158806801971864,0.017878918072207234
A549,4,VIN,3,4,40,6,0.1597542613744735,0.0198090989142656,0.2546872794628143,0.0074023073539137,0.1660420149564743,0.0031547273974865,0.3408498764038086,0.0130915585905313,0.2108691483736038,0.2397598624229431,0.980810821056366,1.5887175,1.5774001,627,33052,33679,0.8071824,0.6439366936683655,0.46176162,0.9829548597335817,0.93059504,1.5438733,5.3640056,0.0,1.6957583,1.4955723285675049,2.3826961517333984,0.8565694689750671,0.0859695002436637,1.5447896,5.3640056,0.0,1.7262503,VIN,0.2462580523109659,0.020394727021739584
A549,4,VIN,4,4,40,1,0.1623897403478622,0.001126573770307,0.1623897403478622,0.001126573770307,0.1395383179187774,0.0015357042429968,0.2384854704141616,0.0694229677319526,0.1723764389753341,0.1933172047138214,1.103745460510254,1.9044015,1.892002,362,23013,23375,0.9651794,0.4752234816551208,0.67963845,0.9817577004432678,0.95717645,0.8760157,1.4536067,0.37790856,0.02385301,0.5642734169960022,0.8589416146278381,0.3779085576534271,0.0068808430805802,0.8809193,1.4536067,0.41403145,0.022567281,VIN,0.14822795145194576,0.012276019315854397
A549,4,VIN,4,4,40,2,0.2002615630626678,0.004649007692933,0.2004582583904266,0.004614149685949,0.1434500217437744,0.0016318564303219,0.2741614580154419,0.0362812727689743,0.1762876212596893,0.1966516226530075,0.9684125781059264,1.7324395,1.7181412,515,27004,27519,0.18453161,0.0092723444104194,-0.17498657,0.9488455057144164,0.87351215,1.2031955,3.9429471,0.0,0.220633,0.8006372451782227,1.1853410005569458,0.357570081949234,0.0333074145019054,1.2108724,3.9429471,0.0,0.22105604,VIN,0.18271017807107565,0.015131786233522015
A549,4,VIN,4,4,40,3,0.1029149815440177,0.0093257902190089,0.1628166586160659,0.0050008744001388,0.1282903850078582,0.0038652089424431,0.3199708759784698,0.0,0.1778091192245483,0.2102098166942596,1.2065478563308716,1.2311468,1.2305344,660,25851,26511,0.72888976,0.0970912128686904,0.4496601,0.973409116268158,0.9222595,1.2661438,4.3995852,0.0,1.1672509,1.6636962890625,3.2613627910614014,0.0,0.1871124505996704,1.2559942,4.3995852,0.0,1.1881359,VIN,0.2566507411746567,0.021255434115001193
A549,4,VIN,5,4,40,1,0.3314121067523956,0.015306107699871,0.3530237376689911,0.0086747966706752,0.2639589607715606,0.0011369899148121,0.3422138094902038,0.1996258348226547,0.2921685874462127,0.31070476770401,1.1482903957366943,1.6493465,1.6453222,257,31742,31999,0.6733405,0.3123157024383545,0.20573759,0.9920170307159424,0.92668897,4.4884458,9.845533,0.0,2.4554815,3.488405227661133,4.639830589294434,2.424010753631592,0.1711306571960449,4.4965425,9.845533,0.0,2.4658139,VIN,0.3193655373111902,0.02644938060903712
A549,4,VIN,5,4,40,2,0.8018319606781006,0.0275324787944555,0.8341866731643677,0.0016534865135326,,,,,,,0.946412980556488,1.1935754,1.1902115,400,28991,29391,0.86374724,0.4045665860176086,0.5067041,0.9929608702659608,0.9501722,8.502894,15.347592,0.0,3.4667337,8.23110580444336,9.244720458984377,7.085172653198242,0.1227523609995842,8.506644,15.347592,0.0,3.511838,,,
A549,4,VIN,5,4,40,3,0.3555576503276825,0.0074282959103584,0.3592137992382049,0.006191330961883,0.2571927607059479,0.0054336409084498,0.4488702118396759,0.0615363009274005,0.3182899951934814,0.350808709859848,1.5254641771316528,2.142079,2.132185,774,47465,48239,0.90067655,0.1586701422929763,0.55829585,0.9469470977783204,0.936503,2.7926824,5.8879604,0.0,0.4469438,1.958625078201294,3.259617567062378,1.100160002708435,0.2887574434280395,2.806283,5.8879604,0.0,0.4379947,VIN,0.27202859429667176,0.022529005125819845
A549,4,VIN,5,4,40,4,0.6758235096931458,0.0061494302935898,0.6758235096931458,0.0061494302935898,,,,,,,0.6999824643135071,0.9642938,0.95752144,890,33845,34735,0.6358065,0.5625269412994385,0.24349867,0.962640345096588,0.9153384,9.462426,18.018314,4.8060484,2.4597383,8.686113357543945,11.967588424682615,5.744459629058838,1.081714391708374,9.482841,18.018314,4.8060484,2.4797103,,,
A549,4,VIN,5,4,40,5,0.3396218419075012,0.0098444130271673,0.340274840593338,0.009641146287322,0.1573390513658523,0.0019189491868019,0.288836121559143,0.064261645078659,0.1922311186790466,0.2152452915906906,1.7749367952346802,3.3505387,3.3185294,614,29609,30223,0.40789002,0.0583640448749065,-0.04508771,0.926539421081543,0.86692953,5.1889257,12.359556,0.0,2.282581,3.590304136276245,5.611526012420654,1.628154158592224,0.6355639696121216,5.2220755,12.359556,0.0,2.262642,VIN,0.32139784374650465,0.02661769321682317
A549,4,VIN,5,4,40,6,0.3257882297039032,0.0030095519032329,0.3257882297039032,0.0030095519032329,0.2654309868812561,0.0011824854882434,0.356487512588501,0.1796541810035705,0.2934528887271881,0.3067410290241241,1.3634486198425293,2.6973052,2.658753,800,26879,27679,1.0,0.8649919033050537,0.88486344,0.9830950498580932,0.9487439,3.1487167,5.3569736,1.4509473,0.41747457,2.052287578582764,2.7206053733825684,1.4509472846984863,0.097997210919857,3.1813483,5.3569736,1.5502313,0.39013952,VIN,0.27629049713415904,0.022881969604130525
A549,4,VIN,6,4,40,1,0.5808273553848267,0.0128993866965174,0.5808273553848267,0.0128993866965174,,,,,,,0.7294461727142334,2.129099,2.1178644,637,78722,79359,0.5457615,0.3009336292743683,0.35982478,0.967707097530365,0.85751396,6.6057987,10.937716,2.727749,2.047824,4.218679428100586,6.267583847045898,3.199781656265259,0.4356787204742431,6.625115,10.937716,2.727749,2.014387,,,
A549,4,VIN,6,4,40,2,0.6010175347328186,0.0113904699683189,0.6074258089065552,0.0076194196008145,,,,,,,1.947631239891052,3.1737251,3.1425438,1051,40276,41327,0.817869,0.3522233963012695,0.45216575,0.9435423612594604,0.9069093,6.4950857,11.049981,0.0,1.4961495,5.129922866821289,7.483401298522949,2.676438570022583,0.813890814781189,6.5307083,11.049981,0.0,1.4640524,,,
A549,4,VIN,6,4,40,3,0.2173541635274887,0.0048561017028987,0.2180071175098419,0.0047283405438065,0.1491166949272155,0.0033316125627607,0.334394246339798,0.0,0.195389449596405,0.2212606072425842,1.5113517045974731,2.8629236,2.8334217,1647,73807,75454,0.9823831,0.6142250299453735,0.7757688,0.9624800682067872,0.9279847,3.4920936,9.227642,0.0,1.2855817,1.872629284858704,2.9300522804260254,0.9342080950737,0.1549015045166015,3.5282307,9.227642,0.0,1.2509831,VIN,0.2678708203817802,0.022184664450595026
A549,4,VIN,6,4,40,4,0.2672935724258423,0.0062149730511009,0.2677403092384338,0.0061057610437273,0.1973919570446014,0.0061496570706367,0.4113410413265228,0.0,0.2568980455398559,0.2894737422466278,2.2332448959350586,3.108538,3.100023,379,38580,38959,0.8579306,0.617036759853363,0.45981348,0.9221264719963074,0.88663423,2.6503673,5.85296,0.0,0.5043263,1.9363640546798704,3.3786211013793945,0.8243950605392456,0.3717261254787445,2.6573815,5.85296,0.0,0.50057167,VIN,0.27097566677895324,0.022441803228882784
A549,4,VIN,7,4,40,1,0.597948431968689,0.0377411358058452,0.6521808505058289,0.0057948771864175,,,,,,,1.468861699104309,1.4871875,1.4868206,600,29367,29967,0.8188644,0.1772520244121551,0.6897342,0.960036277770996,0.9213007,6.009872,12.347959,0.0,4.0867434,5.946735858917236,7.705749034881592,4.0970072746276855,0.5621412396430969,6.011162,12.347959,0.0,4.158669,,,
A549,4,VIN,7,4,40,2,0.1380139589309692,0.0281840953975915,0.3125066757202148,0.0092874485999345,,,,,,,0.8076914548873901,1.0909529,1.0846871,797,35234,36031,0.5877946,0.6848055124282837,0.33369696,0.9812015295028688,0.9405578,2.4482617,10.298286,0.0,8.084891,4.382492065429688,7.699344635009766,2.534940004348755,0.5182790756225586,2.4045105,10.298286,0.0,8.169504,,,
A549,4,VIN,7,4,40,3,0.4406370818614959,0.0322295874357223,0.482036292552948,0.0153017193078994,0.2471762299537658,0.0013894201256334,0.3312940299510956,0.1566966772079467,0.2773992121219635,0.2962013781070709,1.489155411720276,2.3125472,2.2980902,904,50583,51487,0.45050752,0.051160555332899,0.15324737,0.9068902134895324,0.8760745,5.9920487,13.931782,0.0,6.0019155,4.614913463592529,8.858890533447266,1.7688463926315308,2.608046770095825,6.0166597,13.931782,0.0,6.0280704,VIN,0.337733137814789,0.027970558068210027
A549,4,VIN,7,4,40,4,0.196171373128891,0.0117116356268525,0.2195091694593429,0.0079820659011602,0.152107834815979,0.0038419053889811,0.311926007270813,0.0,0.2035204470157623,0.2318821549415588,0.6925411820411682,0.88747185,0.8829671,1425,60238,61663,0.3380408,0.4286051392555237,0.39998102,0.9273865818977356,0.93306977,2.6874878,8.183131,0.0,1.6092635,2.24395751953125,4.285776138305664,0.9070407152175904,0.4433155953884125,2.6979804,8.183131,0.0,1.6320812,VIN,0.2842448816668424,0.023540739945435596
A549,4,VIN,7,4,40,5,0.2268870770931244,0.0048401900567114,0.2270701974630355,0.0048025087453424,0.1298917829990387,0.0021592848934233,0.2769040465354919,0.0044758203439414,0.1672088354825973,0.1914942860603332,1.1264104843139648,2.4474776,2.41273,1337,49494,50831,0.8381036,0.6644100546836853,0.5621014,0.949172019958496,0.8873123,2.1227527,5.4222417,0.0,0.3879021,1.095678448677063,2.547999858856201,0.4767651259899139,0.1251810789108276,2.150497,5.4222417,0.0,0.36573386,VIN,0.2148382730599272,0.017792587457592157
A549,4,VIN,7,4,40,6,0.3257708847522735,0.0061478922143578,0.3259309828281402,0.0060987374745309,0.2510843276977539,0.0012793237110599,0.3761382699012756,0.1585586369037628,0.2781801223754883,0.2973341047763824,0.9948044419288636,1.5260236,1.5158641,623,31952,32575,0.88211626,0.4851378798484802,0.30463618,0.9928418397903442,0.9258501,3.915552,8.7029,0.0,0.9013362,2.9646010398864746,3.6881935596466064,2.0832111835479736,0.0682413652539253,3.9340932,8.7029,0.0,0.899604,VIN,0.3072698487327639,0.025447633602667274
A549,4,VIN,7,4,40,7,0.2906951308250427,0.0194486007094383,0.3301681876182556,0.0090567488223314,0.2386981844902038,0.0014757717726752,0.3413450419902801,0.1107184588909149,0.2691426277160644,0.28693887591362,1.2407920360565186,1.7324305,1.7271646,474,43781,44255,0.84593654,0.4144103229045868,0.51766837,0.9911772012710572,0.94106466,3.036909,7.7413774,0.0,1.9805588,2.429249763488769,3.4030652046203613,1.7824751138687134,0.0675279796123504,3.0434878,7.7413774,0.0,1.997229,VIN,0.2910892936917792,0.02410758400825075
A549,4,VIN,7,4,40,8,0.3621228039264679,0.0344603918492794,0.4319683909416199,0.0109359677881002,0.1807094067335128,0.0102201215922832,0.3953527808189392,0.0125949755311012,0.2678520083427429,0.3268294036388397,1.7273051738739014,1.8584331,1.8555791,646,29033,29679,0.89233273,-0.443570793,0.62745243,0.9483047723770142,0.94149345,4.704537,11.175579,0.0,5.845675,4.726894855499268,7.104182720184326,1.8333139419555664,1.299552321434021,4.70404,11.175579,0.0,5.9468136,VIN,0.3391641283620977,0.02808907058509702
A549,4,VIN,7,4,40,9,0.3368255794048309,0.0117251174524426,0.3413498699665069,0.0103382440283894,0.1457754522562027,0.0043803653679788,0.3119281232357025,0.0172848794609308,0.199155181646347,0.2321462929248809,1.7144999504089355,4.221263,4.209877,159,34848,35007,0.88418245,0.0415110066533088,0.23145406,0.9407253861427308,0.84730566,4.7035522,13.157196,0.0,2.2512107,2.13248610496521,4.844634056091309,1.0405688285827637,0.9698193669319152,4.7152824,13.157196,0.0,2.2267594,VIN,0.2797372088975281,0.023167421165518454
A549,4,VIN,7,4,40,10,0.1786084175109863,0.0080060083419084,0.1925747692584991,0.005942475516349,0.0924329832196235,0.0038332287222146,0.3547820448875427,0.0,0.1410470455884933,0.176804170012474,1.1120800971984863,2.0248957,2.0083892,745,40454,41199,0.9750221,0.8223710656166077,0.72989684,0.9683783054351808,0.93352276,1.5962268,4.58931,0.0,0.41779354,0.9593879580497742,1.6613492965698242,0.4302130043506622,0.0522089712321758,1.6079549,4.58931,0.0,0.41691974,VIN,0.20119955180121013,0.016663048770890115
A549,4,VIN,8,4,40,1,0.3945055305957794,0.0280587077140808,0.4436889290809631,0.0097346976399421,0.269052118062973,0.002600617473945,0.3581817150115967,0.1832549124956131,0.3114726841449737,0.3445148468017578,0.9640657305717468,1.2609366,1.2567775,401,28222,28623,0.816743,-0.265533388,0.4115748,0.985531449317932,0.94593054,4.0667253,8.571859,0.0,2.8659606,3.3897056579589844,5.075974464416504,2.173212766647339,0.2254616916179657,4.0763445,8.571859,0.0,2.8968728,VIN,0.3173070841954194,0.026278902571916174
A549,4,VIN,8,4,40,2,0.2578485608100891,0.0043077450245618,0.2579140365123749,0.0042919488623738,0.2147821933031082,0.001215919968672,0.3240721523761749,0.1181310787796974,0.2423966526985168,0.2612846493721008,0.97195303440094,1.4986802,1.4830695,817,26750,27567,0.6040423,0.6343792676925659,0.33728534,0.9857136607170104,0.91663396,2.5061998,7.459172,0.0,0.61393607,1.6977580785751345,2.513906240463257,1.1378966569900513,0.0482336282730102,2.5308902,7.459172,0.0,0.6106426,VIN,0.2585984899233595,0.021416743780467817
A549,4,VIN,8,4,40,3,0.1965511590242386,0.0803682059049606,0.5920896530151367,0.0079064583405852,,,,,,,1.008352518081665,2.6153743,2.6137333,34,33261,33295,0.86736363,-0.193721473,0.22570953,0.9925934672355652,0.9141868,2.54327,13.610772,0.0,13.69769,4.4597649574279785,5.187128067016602,3.4867491722106934,0.1558414101600647,2.5413113,13.610772,0.0,13.707774,,,
A549,4,VIN,8,4,40,4,0.5347886085510254,0.0872856676578521,0.6845912337303162,0.0091821774840354,,,,,,,0.9850464463233948,1.8796836,1.8659344,762,48821,49583,0.34575823,-0.165369138,-0.054130293,0.9532926678657532,0.87034255,5.2958074,11.703535,0.0,9.049123,5.560737133026123,8.309592247009277,3.5094411373138428,0.7713474035263062,5.291672,11.703535,0.0,9.177208,,,
A549,4,VIN,9,4,40,1,0.3607866168022156,0.0623949281871318,0.5166269540786743,0.0088348537683486,0.3835199177265167,0.0018085384508594,0.4551157653331756,0.2545391619205475,0.4170071184635162,0.4391628801822662,1.1630407571792605,1.653882,1.6502233,169,22502,22671,0.8310311,-0.095555678,0.51042974,0.9761269688606262,0.9367013,3.470434,8.381952,0.0,5.868259,3.4503347873687744,4.8130364418029785,2.198657989501953,0.4547969698905945,3.4705849,8.381952,0.0,5.9089108,control,0.34496688636633616,0.0
A549,4,VIN,9,4,40,2,0.2936716973781585,0.0056186164729297,0.293717622756958,0.0056059989146888,0.2106367796659469,0.0014515888178721,0.3578590154647827,0.1133542731404304,0.2407415956258773,0.2594279050827026,0.9888036847114564,1.8049755,1.7794379,1600,49535,51135,0.5262387,0.3107656240463257,0.32186863,0.9657701253890992,0.90556735,4.1321263,8.472756,0.0,1.1381555,2.68241024017334,4.108799934387207,1.4750524759292605,0.2157313227653503,4.1789527,8.472756,0.0,1.0978732,VIN,0.2993272180210484,0.02478983669539958
A549,4,VIN,9,4,40,3,0.5585430264472961,0.0460470840334892,0.6314918398857117,0.0059944982640445,,,,,,,1.452094316482544,1.5306933,1.5293833,921,54342,55263,0.9134323,-0.077182733,0.66033757,0.9734250903129578,0.96010697,12.328168,29.985834,0.0,22.913317,12.310758590698242,16.46422004699707,7.757072925567627,2.639033555984497,12.328463,29.985834,0.0,23.256916,,,
A549,4,VIN,9,4,40,4,0.3059175610542297,0.0081424973905086,0.3134654760360718,0.0059773703105747,0.250750869512558,0.0014525294536724,0.3372207880020141,0.1148959770798683,0.2805803716182709,0.2975995242595672,1.1689023971557615,1.4269007,1.4208791,1546,64693,66239,0.751502,0.0310938917100429,0.50860375,0.9679036140441896,0.94704384,4.4645867,10.935728,0.0,1.5656835,3.805264234542847,6.165400981903076,2.36587142944336,0.4418246150016784,4.480343,10.935728,0.0,1.5819039,VIN,0.32540238062409393,0.02694934302766383
A549,4,VIN,9,4,40,5,0.3470794856548309,0.0504831001162529,0.4542849361896515,0.0173744261264801,0.2440841346979141,0.0053607788868248,0.4276780784130096,0.0822550356388092,0.3038726449012756,0.3412661254405975,1.6268280744552612,1.8243192,1.8209817,925,53810,54735,0.37033907,-0.496749878,0.29610953,0.8687201142311096,0.87080127,4.269754,12.499753,0.0,7.771029,4.408618450164795,8.655622482299805,1.383800029754639,3.2716195583343506,4.267367,12.499753,0.0,7.848036,VIN,0.3349417993629638,0.027739383553443853
A549,4,VIN,9,4,40,6,0.1939846575260162,0.0562594234943389,0.4529058337211609,0.0140848271548748,0.217818483710289,0.0020727040246129,0.3211342394351959,0.1467926502227783,0.2558294832706451,0.2832665145397186,1.035855054855347,1.4959452,1.4842486,2205,84530,86735,0.31840363,-0.139084607,0.26426053,0.9343830347061156,0.8558428,3.2680311,17.979721,0.0,16.20774,6.030848979949951,13.177367210388184,2.1831722259521484,2.64983868598938,3.1959624,17.979721,0.0,16.35709,VIN,0.35247138442283144,0.029191157815220692
A549,4,VIN,9,4,40,7,0.2843596041202545,0.0093319918960332,0.2844785153865814,0.0093020759522914,0.2260176837444305,0.0012430188944563,0.3513379991054535,0.0946477502584457,0.2538709342479706,0.2684668600559234,0.9622482061386108,1.5835788,1.5720063,624,32879,33503,0.6654562,0.1128510534763336,0.15254673,0.9779539108276368,0.8724008,2.6826544,6.2623014,0.0,0.9569181,1.9960170984268188,2.7984066009521484,1.2380383014678955,0.099661074578762,2.6956854,6.2623014,0.0,0.9640698,VIN,0.2737619906908045,0.02267256244687821
A549,6,VIN,0,4,40,1,0.1545755714178085,0.0155507074669003,0.1918152272701263,0.0121539821848273,0.1216606348752975,0.0026520076207816,0.2848370373249054,0.0,0.1627811640501022,0.1884440779685974,0.9984257221221924,1.6078417,1.591325,2101,75418,77519,0.3839142,0.3462174534797668,0.3185004,0.93438982963562,0.85704917,2.7725437,11.89067,0.0,3.778858,1.861691117286682,4.707760810852051,0.6592738032341003,0.4849448502063751,2.7979178,11.89067,0.0,3.8468626,VIN,0.2673240620446637,0.02213938273522481
A549,6,VIN,0,4,40,2,0.4511544406414032,0.0129829766228795,0.4512389600276947,0.0129472687840461,,,,,,,0.6613742113113403,1.2828975,1.2561203,1380,30651,32031,0.21194649,0.0830738842487335,0.07862426,0.973268449306488,0.86209947,5.789124,10.517958,0.0,2.377904,4.31511116027832,6.7310099601745605,2.936815023422241,0.3537959456443786,5.855486,10.517958,0.0,2.3668094,,,
A549,6,VIN,0,4,40,3,0.5443587899208069,0.0067197591997683,0.5443587899208069,0.0067197591997683,,,,,,,0.6567855477333069,0.6936856,0.69275975,1000,38855,39855,0.6273477,0.0320013165473938,0.7446109,0.9863221645355223,0.9003232,4.864694,7.5798807,2.5319712,0.61131066,4.735959053039551,5.869167804718018,3.8311026096344,0.1631842851638794,4.868007,7.5798807,2.5319712,0.6224061,,,
A549,6,VIN,0,4,40,4,0.5332730412483215,0.0118421241641044,0.5332730412483215,0.0118421241641044,,,,,,,0.6511676907539368,1.2499481,1.2357883,1000,41287,42287,0.4241898,0.8118078708648682,0.046905525,0.9831469655036926,0.85831416,5.4882965,9.141581,2.6954384,1.3666178,4.2642822265625,5.287225246429443,3.150817632675171,0.1670177578926086,5.5179424,9.141581,2.6954384,1.3585064,,,
A549,6,VIN,1,4,40,1,0.1476935148239135,0.016215281561017,0.2282444685697555,0.0066736629232764,0.1509576141834259,0.0030248796101659,0.3052022159099579,0.0,0.1943213641643524,0.2197189331054687,0.7419412732124329,1.3999273,1.3878009,378,20133,20511,0.47386035,0.3166615962982178,0.070884295,0.9809753894805908,0.8966951,1.2319474,5.046489,0.0,1.0531838,1.1742563247680664,2.100121259689331,0.7425063848495483,0.0362115390598773,1.2330304,5.046489,0.0,1.0722129,VIN,0.22192454928326458,0.01837946235495841
A549,6,VIN,1,4,40,2,0.4714819192886352,0.0112878559157252,0.472062200307846,0.0110278166830539,0.3445739150047302,0.0023169310297816,0.4854060113430023,0.2031359672546386,0.3827199041843414,0.4079219698905945,0.9169966578483582,1.7105129,1.68867,1142,40345,41487,0.3093071,0.0149376727640628,0.13053964,0.978850781917572,0.8597422,4.224583,8.704905,0.0,1.376516,3.082247495651245,4.242694854736328,2.025505304336548,0.1609809696674347,4.2569165,8.704905,0.0,1.3729403,control,0.3359518462372803,0.0
A549,6,VIN,1,4,40,3,0.1076277196407318,0.0171568561345338,0.2382742762565612,0.0068534109741449,0.1760608851909637,0.0034983064979314,0.3328139185905456,0.0087920827791094,0.2231645733118057,0.2504452466964721,0.8878825902938843,1.5168113,1.5038941,719,34288,35007,0.66007894,0.2839281260967254,0.080936134,0.978249728679657,0.88843596,1.1159871,6.0440187,0.0,1.7861912,1.7260937690734863,3.4989864826202397,0.0,0.1969538331031799,1.103194,6.0440187,0.0,1.8115469,VIN,0.26018171692806324,0.02154786429519362
A549,6,VIN,1,4,40,4,0.3716163039207458,0.1067122817039489,0.6439211964607239,0.0095636760815978,,,,,,,0.8153940439224243,1.1603248,1.1516641,1261,48961,50222,0.57457596,0.3304907083511352,0.26081625,0.9753183126449584,0.8776512,3.6681457,10.344147,0.0,10.522185,5.606825828552246,8.60527515411377,3.250032901763916,0.4859209656715393,3.6182165,10.344147,0.0,10.681373,,,
A549,6,VIN,1,4,40,5,0.1794258207082748,0.0035967393778264,0.1795061528682708,0.0035839301999658,0.143976628780365,0.0010825927602127,0.2534887790679931,0.0510985068976879,0.1701433509588241,0.1858502626419067,0.784827470779419,1.2043654,1.1945868,625,26190,26815,0.50542456,0.3425639569759369,0.19484226,0.9821326732635498,0.87422836,2.3106685,6.3078966,0.0,0.99371725,1.7471230030059814,2.4372711181640625,1.1663039922714231,0.0646811425685882,2.3241162,6.3078966,0.0,1.0081277,VIN,0.2613355891998773,0.021643426287099088
A549,6,VIN,1,4,40,6,0.2166302800178527,0.0451853312551975,0.4030416905879974,0.0089359432458877,0.2225459665060043,0.0045137130655348,0.3613961040973663,0.0229981336742639,0.2759945690631866,0.3090718686580658,1.0246375799179075,1.7504016,1.7424428,762,68725,69487,0.6555262,0.4743058681488037,0.15415832,0.9744490385055542,0.930834,2.5564256,8.930514,0.0,6.172523,3.558796167373657,6.1616692543029785,0.0,0.6340985298156738,2.5453115,8.930514,0.0,6.2226663,VIN,0.32077914112949213,0.02656645318278894
A549,6,VIN,10,4,40,1,0.1368532031774521,0.019418429583311,0.2502732574939728,0.0071258665993809,0.1698620319366455,0.0044395700097084,0.3703543543815613,0.0,0.2241883277893066,0.2576602101325989,1.2056092023849487,1.5246941,1.51188,1508,36043,37551,0.6612653,-0.462392122,0.32207727,0.9486749172210692,0.9327334,1.5391662,6.2521515,0.0,2.2749066,2.308079957962036,4.475855350494385,0.0,0.4858601987361908,1.5069965,6.2521515,0.0,2.3239858,VIN,0.2867002240091241,0.02374408776024134
A549,6,VIN,10,4,40,2,0.1547897309064865,0.0123020112514495,0.2070098519325256,0.0056421603076159,0.1232603341341018,0.001772484742105,0.2575941383838653,0.0059137111529707,0.1567961275577545,0.1780449450016021,1.3168479204177856,1.7350789,1.721759,2157,65570,67727,0.8466519,0.1509163081645965,0.5545164,0.9698327779769896,0.94906086,0.968732,3.6432426,0.0,0.4193298,0.9173609018325806,1.6909857988357544,0.4380044341087341,0.0485630296170711,0.9704219,3.6432426,0.0,0.4314367,VIN,0.19660272808064622,0.016282346641281892
A549,6,VIN,10,4,40,3,0.481530100107193,0.0124042127281427,0.4891793131828308,0.0088594201952219,0.2975887954235077,0.0054448544979095,0.5550668239593506,0.1152383387088775,0.3547269701957702,0.3967594802379608,1.8652650117874143,4.82143,4.7852044,518,41753,42271,0.9808352,0.4859681129455566,0.49368787,0.9392367601394652,0.85151124,4.2304854,8.419919,0.0,1.3307182,2.150498628616333,4.239616870880127,1.1069583892822266,0.3921572864055633,4.256289,8.419919,0.0,1.2880234,control,0.30371674027376133,0.0
A549,6,VIN,10,4,40,4,0.1835759282112121,0.0236286595463752,0.289231389760971,0.0066690486855804,0.197413221001625,0.0036491581704467,0.3993118703365326,0.0421928577125072,0.2467352598905563,0.2749181687831878,0.554904580116272,1.0437915,1.0356288,721,42462,43183,0.7313304,0.3399750292301178,0.23594026,0.9541937112808228,0.9329381,1.2896402,4.4487586,0.0,1.1345464,1.2471840381622314,2.5992214679718018,0.0,0.1139377579092979,1.2903609,4.4487586,0.0,1.1518449,VIN,0.22805788015241305,0.018887415730031554
A549,6,VIN,10,4,40,5,0.3106021583080292,0.0061341482214629,0.311399757862091,0.0059015294536948,0.2355992496013641,0.0026893308386206,0.3852274417877197,0.0711366161704063,0.2774208784103393,0.296373575925827,1.8217815160751345,2.7614403,2.7403073,1159,50376,51535,0.6256395,0.2906991839408874,0.41588113,0.9437477588653564,0.9013292,3.1120448,7.4154644,0.0,0.9095418,2.2422914505004883,3.881239891052246,0.945144534111023,0.3021946549415588,3.132055,7.4154644,0.0,0.90571064,VIN,0.28417979096374146,0.02353534922984707
A549,6,VIN,10,4,40,6,0.3194357752799988,0.0096286796033382,0.3282612562179565,0.0069976346567273,0.1846410036087036,0.0044231666252017,0.3535461127758026,0.0500792413949966,0.2411151677370071,0.2712788879871368,1.9715802669525144,4.159308,4.1457615,310,49753,50063,0.7699063,0.1747761666774749,0.4768944,0.9520743489265442,0.89688206,3.5045412,7.117182,0.0,1.10218,1.8079854249954224,3.177131414413452,0.9183942079544068,0.3047301769256592,3.5151112,7.117182,0.0,1.0891032,VIN,0.26457771197292473,0.021911934091439877
A549,6,VIN,10,4,40,7,0.2130716294050216,0.0196732748299837,0.2709140479564667,0.0093436343595385,0.151044026017189,0.0040534981526434,0.3539238274097442,0.0,0.2027157396078109,0.2327571362257003,1.6552504301071167,2.7987378,2.780727,909,56802,57711,0.5174412,-0.097426265,0.20517032,0.9498000741004944,0.88750947,3.0711534,11.01912,0.0,4.2169795,2.5066030025482178,5.69421911239624,1.104387640953064,0.5805679559707642,3.0801883,11.01912,0.0,4.269991,VIN,0.29373259071425,0.02432649795118491
A549,6,VIN,10,4,40,8,0.3580070436000824,0.0205247346311807,0.3715285658836365,0.0162763055413961,,,,,,,1.078342080116272,2.055499,2.0204635,1725,46386,48111,0.13095906,0.0425064861774444,0.052644864,0.9676955938339232,0.8537475,8.284503,22.434961,0.0,13.401914,5.447611331939697,9.472203254699709,3.0903751850128174,1.4334948062896729,8.389998,22.434961,0.0,13.536574,,,
A549,6,VIN,11,4,40,1,0.4425879418849945,0.0217435248196125,0.4547268450260162,0.0168200060725212,0.3097202479839325,0.0025196822825819,0.475164383649826,0.1530679017305374,0.350704163312912,0.3725891709327698,1.2512420415878296,3.259246,3.2048974,2044,73475,75519,0.704516,0.2916522622108459,0.23688987,0.9442322850227356,0.79959774,5.3602247,16.36472,0.0,5.7253027,2.728424310684204,4.948746204376221,1.399959921836853,0.6637805104255676,5.433438,16.36472,0.0,5.668065,VIN,0.3007043841523722,0.0249038915539041
A549,6,VIN,11,4,40,2,0.5816785097122192,0.0204412154853343,0.6048677563667297,0.0072297286242246,,,,,,,1.81299889087677,1.8676883,1.866448,704,30335,31039,0.7229088,-0.045367621,0.4799134,0.9742621183395386,0.90462345,5.8972626,11.639677,0.0,2.698798,5.777106761932373,7.570427894592285,4.281905174255371,0.4045924246311188,5.900051,11.639677,0.0,2.751696,,,
A549,6,VIN,11,4,40,3,0.450760155916214,0.0127784479409456,0.4622377455234527,0.0077984337694942,0.3425741791725158,0.003089744830504,0.5171751976013184,0.1600957661867141,0.38536337018013,0.4078007936477661,1.5112065076828003,2.5938752,2.5681553,729,29958,30687,0.79726154,0.4014816284179687,0.5131132,0.9578779339790344,0.89587533,3.5176091,7.2741084,0.0,1.1575364,2.3512115478515625,3.337512493133545,1.154889464378357,0.218199223279953,3.5459914,7.2741084,0.0,1.1464831,control,0.31217542900398737,0.0
A549,6,VIN,11,4,40,4,0.3688141405582428,0.0066745807416737,0.3688141405582428,0.0066745807416737,0.2859482169151306,0.0025749467313289,0.4455553889274597,0.1732292175292968,0.3275295495986938,0.3543466925621032,1.0004438161849976,2.6631494,2.6037612,1831,49432,51263,0.84760153,0.4576561450958252,0.3608073,0.9747633934020996,0.84943306,2.55262,6.313675,0.81602424,0.8912688,1.3484030961990356,2.4234778881073,0.8160242438316345,0.0789584890007972,2.5972242,6.313675,0.9438915,0.865654,control,0.2554794378011282,0.0
A549,6,VIN,11,4,40,5,0.3923379778861999,0.0419174097478389,0.4741408228874206,0.0118711544200778,0.3302547633647918,0.0028711929917335,0.4753016233444214,0.1415582001209259,0.3724834322929382,0.3985721468925476,1.123321771621704,2.2445912,2.2113142,1453,47506,48959,0.9236294,0.4066616892814636,0.5438038,0.9823160171508788,0.8843666,5.097701,14.438247,0.0,8.645604,3.305546998977661,5.676036357879639,2.0747010707855225,0.4014013707637787,5.1525135,14.438247,0.0,8.796515,control,0.34160471556664873,0.0
A549,6,VIN,12,4,40,1,0.1398994922637939,0.0233405698090791,0.2876422703266144,0.0054926304146647,0.239563375711441,0.0033275878522545,0.3765541613101959,0.0513676553964614,0.2862998843193054,0.3147015571594238,0.4785130620002746,0.9831887,0.97594494,200,13734,13934,0.4173318,0.0931001082062721,-0.00191786,0.9729390144348145,0.91673404,0.81997526,3.0939784,0.0,0.7669989,1.2357230186462402,1.8404945135116575,0.8172880411148071,0.0303442403674125,0.8139218,3.0939784,0.0,0.77517146,control,0.24593027385444713,0.0
A549,6,VIN,12,4,40,2,0.5792877078056335,0.0272322762757539,0.6174290776252747,0.0054757208563387,,,,,,,2.871582031,3.517216,3.5069768,306,18989,19295,0.95869905,0.2245319634675979,0.6451152,0.9914595484733582,0.9338672,8.356142,14.4632635,0.0,5.8920393,7.602397918701172,9.28053855895996,6.128498554229736,0.3677023947238922,8.368288,14.4632635,0.0,5.9717546,,,
A549,6,VIN,12,4,40,3,0.4328013956546783,0.0517243184149265,0.5390812754631042,0.0071323825977742,0.3905432820320129,0.0024970478843897,0.5503367781639099,0.2204867452383041,0.4306861162185669,0.4532457292079925,1.413829326629639,2.4102461,2.3745234,1512,40662,42174,0.99201745,0.4316245317459106,0.62173027,0.979813814163208,0.9525286,2.963771,6.3883133,0.0,2.5019693,2.754305362701416,3.8513996601104736,1.6226885318756104,0.1326737999916076,2.9715593,6.3883133,0.0,2.5883741,control,0.32643096501939317,0.0
A549,6,VIN,12,4,40,4,0.2837837934494018,0.0046249446459114,0.2843043208122253,0.0044854469597339,0.2269583195447921,0.0016098483465611,0.3602484464645386,0.0940723270177841,0.2583668231964111,0.2759678959846496,1.6620219945907593,2.2098434,2.1917686,1694,49649,51343,0.85253924,0.2405126094818115,0.6093939,0.9610372185707092,0.9341182,2.4519088,5.2645507,0.0,0.4045986,1.9943784475326536,2.927192687988281,0.8907976746559143,0.1361130475997924,2.4675193,5.2645507,0.0,0.40637317,VIN,0.2736869341328517,0.02266634637395687
A549,6,VIN,12,4,40,5,0.3134915232658386,0.0221418123692274,0.3635191023349762,0.007489270530641,0.2889871895313263,0.0027548086363822,0.4224171638488769,0.1492407321929931,0.3311269879341125,0.3564266264438629,0.8622207641601562,1.2368327,1.231129,304,19663,19967,0.6800173,0.0946923345327377,0.22514741,0.9784700274467468,0.9233529,2.272077,5.309754,0.0,1.1387113,2.070674419403076,2.906012535095215,1.294679045677185,0.0924543738365173,2.2751908,5.309754,0.0,1.1542495,control,0.30004535117643816,0.0
A549,6,VIN,12,4,40,6,0.4179357290267944,0.0367480926215648,0.4804585576057434,0.0122059220448136,,,,,,,1.473666071891785,1.9491214,1.9375112,1142,45625,46767,0.7486505,0.0622367523610591,0.45358905,0.9643936157226562,0.88380456,6.722575,15.548791,0.0,10.0537195,6.1999688148498535,9.797800064086914,3.4705331325531006,0.9689250588417052,6.735656,15.548791,0.0,10.274101,,,
A549,6,VIN,13,4,40,1,0.204668641090393,0.0208690948784351,0.2744198441505432,0.0088401790708303,0.1606392711400985,0.0024478940758854,0.3470605015754699,0.0127894831821322,0.1994140744209289,0.2227287590503692,1.779504656791687,3.9174714,3.8879874,1073,76734,77807,0.67540395,0.252329558134079,0.35533458,0.9521948099136353,0.8897652,2.3894823,8.180268,0.0,2.7431324,1.601438045501709,3.1520981788635254,0.5472578406333923,0.2032653838396072,2.4005013,8.180268,0.0,2.7698424,VIN,0.25295882483140925,0.020949675073617446
A549,6,VIN,13,4,40,2,0.269948273897171,0.0055805258452892,0.2719321548938751,0.0050820573233067,0.2113904505968094,0.0023648361675441,0.3616580963134765,0.0708543881773948,0.2497049123048782,0.2708370387554168,1.871315121650696,3.0632734,3.0303721,961,33854,34815,0.7259533,0.3105145096778869,0.4627909,0.9114629626274108,0.886337,2.5928805,6.658805,0.0,0.7688879,1.683632731437683,2.964584350585937,0.6624709963798523,0.2371530681848526,2.6186905,6.658805,0.0,0.75984794,VIN,0.25779676344292973,0.021350345981244523
A549,6,VIN,13,4,40,3,0.3485462367534637,0.0075830365531146,0.351833164691925,0.0064981230534613,0.2477175444364547,0.0035165059380233,0.3977246582508087,0.0707332342863082,0.296130508184433,0.3197918832302093,1.7298425436019895,2.5409336,2.5225742,1478,63817,65295,0.7792748,0.4091059863567352,0.62023443,0.911800742149353,0.90726954,2.9116147,7.1261454,0.0,0.697824,2.126428604125977,4.425622940063477,0.6250256299972534,0.6177746653556824,2.929799,7.1261454,0.0,0.68506896,VIN,0.2794830478482163,0.023146371923994713
A549,6,VIN,13,4,40,4,0.1861758381128311,0.0037072717677801,0.1878771036863327,0.0034215203486382,0.1413386315107345,0.0034350012429058,0.2954309582710266,0.0121989706531167,0.1896663904190063,0.216332733631134,2.349339246749878,3.9458926,3.9288263,772,71451,72223,0.9897232,0.4750342071056366,0.48598135,0.8861304521560669,0.86629415,2.0014508,4.819809,0.0,0.49107876,1.220483422279358,2.471951723098755,0.4023399353027344,0.2647940814495086,2.0098886,4.819809,0.0,0.48686275,VIN,0.22585906721797902,0.018705313300694443
A549,6,VIN,13,4,40,5,0.7182863354682922,0.0121554629877209,0.7246416807174683,0.0076577519066631,,,,,,,1.2836635112762451,1.5619515,1.559083,409,39270,39679,0.6912347,-0.589338481,0.29239768,0.9738383293151855,0.89643013,6.0993705,10.420547,0.0,1.3048482,5.825249671936035,6.508280754089356,3.8308145999908447,0.308542937040329,6.102226,10.420547,0.0,1.3144337,,,
A549,6,VIN,13,4,40,6,0.4576005637645721,0.0092498762533068,0.461410790681839,0.0075688166543841,0.3130905926227569,0.002111816778779,0.4534116387367248,0.22512948513031,0.3508541285991668,0.3754332959651947,1.88132905960083,2.9373617,2.9075227,698,24005,24703,0.94211596,-0.471767217,0.36377543,0.9712600111961364,0.9173803,3.9470546,7.378494,0.0,0.7272858,3.0627126693725586,4.039124488830566,1.958338975906372,0.1873901784420013,3.9727678,7.378494,0.0,0.7195835,VIN,0.30977283271472233,0.0256549270274824
A549,6,VIN,13,4,40,7,0.2230716049671173,0.0108346082270145,0.22743621468544,0.0100539317354559,0.1447539925575256,0.0032708975486457,0.3531451523303985,0.0,0.1897148489952087,0.2164510935544967,1.2517204284667969,3.5102708,3.460176,2070,91257,93327,0.79290944,0.7442070245742798,0.26946867,0.9741623997688292,0.7882712,3.9248247,15.691358,0.0,5.0347366,1.5642452239990234,3.083195209503174,0.8703429698944092,0.162967637181282,3.9783695,15.691358,0.0,5.0159783,VIN,0.25066775005668657,0.020759931655368324
A549,6,VIN,14,4,40,1,0.2869575023651123,0.0734643340110778,0.5197991132736206,0.0120435152202844,,,,,,,0.7138447165489197,1.0178385,1.0121058,1206,62745,63951,0.34102303,0.0085005685687065,0.3250645,0.9700965881347656,0.87879276,3.041416,11.291169,0.0,8.496305,4.303082942962647,7.794425010681152,2.613508939743042,0.6210399270057678,3.0171661,11.291169,0.0,8.616488,,,
A549,6,VIN,14,4,40,2,0.5724105834960938,0.0374782681465148,0.6327919960021973,0.0032228168565779,,,,,,,1.1097047328948977,0.9875779,0.9889159,200,18055,18255,0.93245107,-0.138728678,0.8491783,0.9925848245620728,0.9681164,7.210649,13.142581,0.0,6.298281,7.599251270294189,8.803157806396484,6.013165473937988,0.2366958558559417,7.206344,13.142581,0.0,6.3637323,,,
A549,6,VIN,14,4,40,3,0.2228126376867294,0.0304891113191843,0.3275889158248901,0.0105028757825493,0.2330296486616134,0.0042452653869986,0.4562744200229645,0.0432965457439422,0.2850706279277801,0.3176847100257873,0.8677452802658081,1.5651798,1.5520203,1370,71237,72607,0.35650578,0.7547652125358582,0.21701302,0.9785080552101136,0.8658612,2.4637887,11.117951,0.0,4.0147943,2.047737836837769,4.707551002502441,1.0836763381958008,0.2851382195949554,2.4717903,11.117951,0.0,4.0831275,VIN,0.2760895245252934,0.022865325350437282
A549,6,VIN,14,4,40,4,0.2517912089824676,0.0207057110965251,0.305174857378006,0.0088042961433529,0.1788046211004257,0.0025756498798727,0.3543212711811065,0.0374299176037311,0.2188114076852798,0.2431981116533279,1.1404489278793335,2.0313723,1.9994485,2092,56291,58383,0.3655252,0.009372241795063,0.020236814,0.943987250328064,0.8706379,1.5524637,5.8853235,0.0,0.9859713,1.1818931102752686,2.8693718910217285,0.0,0.1554773300886154,1.5662354,5.8853235,0.0,1.0115421,VIN,0.22258603361295584,0.018434245507048724
A549,6,VIN,14,4,40,5,0.3076885640621185,0.0058388849720358,0.3077121078968048,0.005832087714225,0.1988017261028289,0.0040113651193678,0.4249971508979797,0.0402196645736694,0.2481468170881271,0.2854354977607727,1.4438472986221311,3.3297372,3.313338,341,38874,39215,0.97174746,0.7548310160636902,0.48504394,0.9692986607551576,0.92234343,2.2278292,5.396185,0.0,0.30254212,1.1964094638824463,2.0459232330322266,0.6944664120674133,0.0674390271306037,2.2368767,5.396185,0.0,0.29519093,VIN,0.22383073147055244,0.01853732953939613
A549,6,VIN,15,4,40,1,0.3489060997962951,0.0084044393151998,0.3489060997962951,0.0084044393151998,0.2711542248725891,0.0030864239670336,0.4243464469909668,0.1288459151983261,0.3175350427627563,0.3405457139015198,1.2464293241500854,2.282623,2.2581744,1299,53756,55055,0.52594334,-0.253828347,0.26664567,0.9099658727645874,0.8681981,3.649926,8.673969,1.1026051,1.2172549,2.4291160106658936,5.066107273101807,1.1026051044464111,0.5661234855651855,3.679426,8.673969,1.2997669,1.1961049,VIN,0.29108461984100903,0.024107196926855035
A549,6,VIN,15,4,40,2,0.3976316750049591,0.0067083779722452,0.3976316750049591,0.0067083779722452,0.3128790855407715,0.0005731814308091,0.390023797750473,0.2582031190395355,0.3314628899097442,0.3455004394054413,1.1681665182113647,1.7377477,1.7273363,651,34964,35615,0.6963156,0.4760222136974334,0.18484676,0.9834699630737304,0.90311253,4.2177343,7.6435194,2.0591016,1.1849717,3.431847333908081,4.431319236755371,2.2576470375061035,0.1589393019676208,4.2323666,7.6435194,2.0591016,1.1923618,VIN,0.3181971964733987,0.02635262035193492
A549,6,VIN,15,4,40,3,0.2375829219818115,0.0059435074217617,0.2427906244993209,0.0048094075173139,0.1600231975317001,0.002186065306887,0.2962353825569153,0.0436496883630752,0.19761323928833,0.2220616787672042,1.2430015802383425,2.088824,2.0692856,700,29603,30303,0.8879064,-0.110282443,0.57481635,0.9616901278495787,0.9503155,1.6374298,3.9336534,0.0,0.23438826,1.025895595550537,1.667716383934021,0.5066612362861633,0.0582065246999263,1.6518898,3.9336534,0.0,0.22950228,VIN,0.20808428645482066,0.017233232294067646
A549,6,VIN,15,4,40,4,0.2238078862428665,0.0061294683255255,0.2249215394258499,0.0059094871394336,0.1108370572328567,0.0036081913858652,0.2887354493141174,0.0,0.1583315730094909,0.196432277560234,1.0374089479446411,3.2284446,3.1975238,590,41217,41807,0.8282767,0.098271943628788,0.4670992,0.9584420919418336,0.8730027,1.5064869,3.9022923,0.0,0.27589694,0.5646043419837952,1.1849679946899414,0.3095150291919708,0.0203238502144813,1.5199689,3.9022923,0.0,0.2666748,VIN,0.1482835118752507,0.012280620747790905
A549,6,VIN,15,4,40,5,0.4403912723064422,0.0338903442025184,0.4987365305423736,0.0092813856899738,0.1981792747974395,0.0012663443339988,0.2789118587970733,0.1249943450093269,0.2271483540534973,0.2459986209869384,1.382340669631958,2.1124346,2.098352,491,24964,25455,0.81202227,-0.491147429,0.42337227,0.9357177019119264,0.9289822,5.440191,11.107196,0.0,5.041729,4.436219215393066,6.414315700531006,2.096435308456421,0.938220739364624,5.4599366,11.107196,0.0,5.1022205,VIN,0.33532753609508875,0.027771329698067837
A549,6,VIN,16,4,40,1,0.4332262277603149,0.0160336457192897,0.4378017485141754,0.0141998119652271,0.2864558696746826,0.0035872291773557,0.4611786305904388,0.1574855595827102,0.3357113599777221,0.3655018806457519,1.444396734237671,2.1286309,2.111629,1921,75389,77310,0.6350062,0.0416670590639114,0.3340124,0.9258951544761658,0.847383,4.317563,9.992129,0.0,1.9392142,3.445208787918091,5.773192405700684,1.4453389644622805,0.5752697587013245,4.339791,9.992129,0.0,1.9540831,VIN,0.31847589196665715,0.0263757014997546
A549,6,VIN,16,4,40,2,0.1545362621545791,0.0028165814001113,0.1551526933908462,0.0027321730740368,0.1250307857990265,0.0011646137572824,0.2161508500576019,0.019893854856491,0.1527520418167114,0.1678946912288665,1.4431873559951782,1.9036456,1.8882458,968,27975,28943,0.76588374,0.2510975897312164,0.4880505,0.9651508927345276,0.93900734,2.182209,4.9452906,0.0,0.30475637,1.6703100204467771,2.5702030658721924,0.8387899398803711,0.1088662445545196,2.1999214,4.9452906,0.0,0.30215374,VIN,0.25703282032693836,0.02128707734428187
A549,6,VIN,16,4,40,3,0.3657947182655334,0.0069055138155817,0.3657947182655334,0.0069055138155817,0.2834075689315796,0.0016229011816903,0.3970105051994324,0.1938510835170745,0.3151462972164154,0.3343023657798767,1.05457603931427,1.6279364,1.6162217,762,36533,37295,0.8175256,0.4793587028980255,0.36826247,0.96608966588974,0.90237993,3.5010471,7.0490727,1.69308,0.96232945,2.755817174911499,3.995519876480103,1.693079948425293,0.2529578804969787,3.5165906,7.0490727,1.7466824,0.9652999,VIN,0.3015082079338156,0.024970463048489877
A549,6,VIN,16,4,40,4,0.529629647731781,0.0272063296288251,0.5522151589393616,0.0158944297581911,,,,,,,0.7196403741836548,1.77435,1.7536781,1048,52423,53471,0.13820697,0.1798663437366485,0.10539381,0.962234616279602,0.82911336,7.095807,26.34962,0.0,5.857148,4.527300834655762,7.517384052276611,2.6772732734680176,1.0397372245788574,7.1471534,26.34962,0.0,5.8189325,,,
A549,6,VIN,17,4,40,1,0.7088213562965393,0.020713698118925,0.7231053709983826,0.0108022578060626,,,,,,,0.4348896443843841,0.7743416,0.77051824,386,33885,34271,0.33859,-0.336111933,0.042101506,0.9682224988937378,0.85907465,10.53679,22.86488,0.0,5.269708,8.880046844482422,11.593831062316896,6.895102500915527,0.7239302396774292,10.555664,22.86488,0.0,5.2898674,,,
A549,6,VIN,17,4,40,2,0.4978622794151306,0.0544177256524562,0.5951269865036011,0.0071641649119555,,,,,,,1.1671289205551147,1.9244992,1.9175309,242,26061,26303,0.7280861,0.1841004490852356,0.29280728,0.9691007137298584,0.9319505,7.6614113,16.309547,0.0,13.0759735,7.225925922393799,11.102492332458496,4.313869476318359,1.2652159929275513,7.6654553,16.309547,0.0,13.183866,,,
A549,6,VIN,17,4,40,3,0.1526108831167221,0.0017060021637007,0.1526150405406952,0.0017054140334948,0.1296948492527008,0.0006932744872756,0.2244958579540252,0.0633104294538497,0.1507147699594497,0.1641830056905746,1.0638535022735596,1.836361,1.8166817,935,35768,36703,0.8775998,0.7367575168609619,0.3428091,0.9854156374931335,0.8833163,1.4659265,3.9825656,0.7039637,0.2971396,1.0280386209487915,1.3860965967178345,0.7039636969566345,0.0169814508408308,1.477373,3.9825656,0.72011244,0.29931965,VIN,0.20829861855387302,0.017250982960943906
A549,6,VIN,17,4,40,4,0.221414104104042,0.0117243574932217,0.2464085072278976,0.0068890298716723,0.1685711145401001,0.003742721164599,0.339324951171875,0.0049561238847672,0.2179068177938461,0.2488357722759246,1.2411043643951416,1.5708814,1.5624533,1001,38166,39167,0.6638699,-0.235618711,0.34931302,0.9555605053901672,0.9321791,2.0489419,5.5329027,0.0,0.79855466,1.7638899087905884,3.378032684326172,0.9268025159835817,0.1629673242568969,2.056418,5.5329027,0.0,0.8130372,VIN,0.26224300692599856,0.021718577278692086
A549,6,VIN,17,4,40,5,0.3598420023918152,0.008641330525279,0.3603338897228241,0.0084759034216403,0.195651113986969,0.004177909810096,0.3485700488090515,0.0571963265538215,0.2508638501167297,0.2793289721012115,1.3354949951171875,3.4650898,3.4236982,598,30169,30767,0.86247426,-0.158588901,0.32945943,0.9067690968513488,0.8546239,4.1178718,10.006172,0.0,1.3617479,2.1046910285949707,4.104608058929443,1.023990273475647,0.485572338104248,4.1577754,10.006172,0.0,1.2971897,VIN,0.2785628157398856,0.02307015966425363
A549,6,VIN,18,4,40,1,0.4922537505626678,0.0251463465392589,0.5062223672866821,0.0187886971980333,0.2990957498550415,0.0015366774750873,0.402660459280014,0.2027383297681808,0.3308009803295135,0.3496882915496826,0.8199572563171387,2.4263391,2.4013166,1129,71350,72479,0.013763385,0.2304755449295044,0.040175956,0.9723038077354432,0.77415043,6.1178775,13.273128,0.0,4.760575,3.281486749649048,5.36566686630249,1.9200376272201536,0.320303350687027,6.162759,13.273128,0.0,4.7015204,VIN,0.3149410210862268,0.02608294873091349
A549,6,VIN,18,4,40,2,0.4257660210132599,0.0159276835620403,0.4306935369968414,0.0139897512272,0.1984005123376846,0.0005584979080595,0.2468329668045044,0.156143382191658,0.2174034267663955,0.2296648025512695,0.9799147844314576,1.6241474,1.6089389,1498,61957,63455,0.5975732,0.2973502278327942,0.33002236,0.9668177366256714,0.8538253,5.850634,12.822104,0.0,4.070018,4.421288013458252,6.268464088439941,1.9670205116271973,0.4748324155807495,5.885192,12.822104,0.0,4.106352,VIN,0.335119351539425,0.027754088161626445
A549,6,VIN,18,4,40,3,0.3773807287216186,0.0038694636896252,0.3773807287216186,0.0038694636896252,0.2984607815742492,0.0034950945992022,0.4120960235595703,0.1389002799987793,0.3471929132938385,0.3664286136627197,1.4991828203201294,2.7602286,2.741949,388,26379,26767,0.90348506,0.6961156725883484,0.48556203,0.9569487571716307,0.9175374,2.6813369,5.1242213,1.0014902,0.24911402,1.8799517154693604,2.761315107345581,1.1718473434448242,0.1561377942562103,2.6931238,5.1242213,1.0014902,0.24089676,control,0.29044930624875503,0.0
A549,6,VIN,18,4,40,4,0.2151206880807876,0.0079519432038068,0.2257179617881775,0.0059516699984669,0.1308440119028091,0.0028887286316603,0.3015705049037933,0.0,0.1742084324359893,0.1984228640794754,1.321388602256775,1.9915149,1.9775771,1189,55978,57167,0.72843754,0.1104241013526916,0.4456179,0.9480865597724916,0.9344885,2.6257682,8.088798,0.0,0.887711,1.904496431350708,3.3963212966918945,0.7384771108627319,0.2065945267677307,2.641088,8.088798,0.0,0.8908935,VIN,0.269440264752281,0.02231464350797724
A549,6,VIN,19,4,40,1,0.4629024267196655,0.0161354206502437,0.4647794961929321,0.0153284138068556,0.3108926117420196,0.0016000122996047,0.391391396522522,0.2461662292480468,0.3463668525218963,0.3655342757701874,0.9264155626296996,1.5836141,1.5712712,1223,63896,65119,0.16783237,-0.230984896,0.22678232,0.8779750466346741,0.8260807,6.3859286,13.561251,0.0,3.6427805,4.603443145751953,9.172080993652344,2.6045868396759038,2.604904890060425,6.4200454,13.561251,0.0,3.600669,VIN,0.3375833313361131,0.02795815131760837
A549,6,VIN,19,4,40,2,0.2557506859302521,0.0080106938257813,0.2600046694278717,0.0070378789678215,0.170908436179161,0.0012824785662814,0.234751358628273,0.0857833549380302,0.1999884694814682,0.2158782482147216,1.7202924489974976,2.614618,2.6071267,256,30303,30559,0.81278306,-0.265879869,0.2767951,0.9824523329734802,0.9304305,4.8978,11.661368,0.0,2.0210416,3.282623529434204,4.591071605682373,1.8513206243515012,0.232922613620758,4.911444,11.661368,0.0,2.0139227,VIN,0.3149664967213252,0.026085058585266108
A549,6,VIN,19,4,40,3,0.2462629228830337,0.0047487593255937,0.2475961446762085,0.0044443630613386,0.2095569223165512,0.001219080411829,0.2850212752819061,0.1094630509614944,0.2375153452157974,0.2519429922103882,1.6950786113739014,2.001971,1.997338,328,21399,21727,0.77958244,-0.064409778,0.6172415,0.986619472503662,0.9434604,3.7766304,8.861804,0.0,0.61109924,3.115687131881714,4.447895526885986,2.201003074645996,0.1531760096549987,3.786761,8.861804,0.0,0.61131966,VIN,0.31107468370600166,0.025762744397679838
A549,6,VIN,19,4,40,4,0.3674478232860565,0.0895696878433227,0.5870674848556519,0.0141729898750782,0.2998016476631164,0.0031621151138097,0.4292385280132293,0.1363946795463562,0.3431885540485382,0.3721632957458496,1.2524715662002563,2.070869,2.0580306,1701,106729,108430,0.847987,0.1833100467920303,0.41314244,0.94083970785141,0.8557276,4.129296,17.684904,0.0,11.884834,4.346621990203857,7.439400672912598,2.026665449142456,1.1767657995224,4.1258326,17.684904,0.0,12.054727,VIN,0.33406084330438407,0.027666424077949447
A549,6,VIN,19,4,40,5,0.3586829900741577,0.0207365807145833,0.3975154757499695,0.0075451079756021,0.2676643431186676,0.0022525636013597,0.4589270055294037,0.0874446257948875,0.3041638135910034,0.3258166313171386,1.4998700618743896,2.0643446,2.0350187,2566,46825,49391,0.9847371,0.0291285626590251,0.7613832,0.9721571207046508,0.95803636,3.8028212,9.039897,0.0,2.4306707,3.0450685024261475,4.812601566314697,1.6519248485565186,0.2776069045066833,3.8443449,9.039897,0.0,2.5154667,VIN,0.3093316562362593,0.025618389445209444
A549,6,VIN,2,4,40,1,0.3451151847839355,0.0068550957366824,0.3451245129108429,0.0068520652130246,0.2662839889526367,0.0022516369353979,0.4073677361011505,0.1544497311115265,0.3048802614212036,0.3285602927207947,1.2649292945861816,2.2757833,2.2552874,751,36288,37039,0.8427888,0.5822038650512695,0.4355964,0.9738913774490356,0.90237635,3.9939897,7.7557993,0.0,1.0656244,2.5723745822906494,4.291868209838867,1.656424045562744,0.2353986948728561,4.02341,7.7557993,0.0,1.040116,VIN,0.2958900761004299,0.024505177694208957
A549,6,VIN,2,4,40,2,0.2085538506507873,0.0127310575917363,0.2192813009023666,0.0110335778445005,0.1529400497674942,0.002267224015668,0.3505725264549255,0.0257047954946756,0.1898355782032013,0.2149839401245117,1.359943151473999,3.1010072,3.0522687,1676,58195,59871,0.34997532,0.1692552864551544,0.013103824,0.934474229812622,0.7949903,2.8513916,10.611782,0.0,2.7809625,1.394319772720337,2.850311517715454,0.6088860630989075,0.2300592362880706,2.893354,10.611782,0.0,2.7915232,VIN,0.23929488450007552,0.01981804778068741
A549,6,VIN,2,4,40,3,0.1910187005996704,0.0086329840123653,0.1933677345514297,0.0082849208265542,0.1139731109142303,0.0023610242642462,0.2622314393520355,0.0,0.1534133702516555,0.1741683334112167,1.1453193426132202,1.9063933,1.8958867,400,28575,28975,0.28552395,-0.186506927,-0.07884409,0.9526904821395874,0.8410561,2.9297824,8.442256,0.0,1.0244131,2.1424553394317627,3.252952337265014,1.3121492862701416,0.1551390141248703,2.940803,8.442256,0.0,1.0277824,VIN,0.28015336543689656,0.02320188663350653
A549,6,VIN,2,4,40,4,0.5118020176887512,0.0242159757763147,0.5411251187324524,0.0097359269857406,0.3168639242649078,0.0046534286811947,0.4681906402111053,0.1822983920574188,0.3745032250881195,0.4055736064910888,1.8429219722747805,3.1822631,3.1549885,664,31942,32606,0.99175173,0.1030086502432823,0.5131404,0.930993676185608,0.9228181,5.789596,11.799633,0.0,3.0773985,4.084985256195068,7.303394794464111,2.1017391681671143,1.246623396873474,5.8250294,11.799633,0.0,3.053799,VIN,0.3301064239643663,0.02733892492731327
A549,6,VIN,2,4,40,5,0.1398494392633438,0.0030254640150815,0.1407740861177444,0.0029153022915124,0.0761625468730926,0.0022612381726503,0.2197767943143844,0.0,0.1162180453538894,0.1399353146553039,2.012460708618164,4.0878034,4.0508432,789,43514,44303,0.85697126,0.2028624713420868,0.4730291,0.9022523164749146,0.8786528,3.2439656,8.513132,0.5948552,1.3203353,1.7988779544830322,3.930598497390747,0.8319663405418396,0.5612403154373169,3.2701676,8.513132,0.5948552,1.2955483,VIN,0.26410153088413013,0.021872497479204334
A549,6,VIN,2,4,40,6,0.0743962526321411,0.0014745822409167,0.0757944285869598,0.0013963219244033,0.0602803528308868,0.0013471526326611,0.1745436787605285,0.0,0.0874419510364532,0.1097953245043754,0.8916742205619812,1.5753627,1.5561407,1233,42622,43855,0.84715474,0.658963680267334,0.43879968,0.9845251441001892,0.9282516,0.7006122,2.4082303,0.0,0.0632135,0.4152641594409942,0.6980180144309998,0.2652516663074493,0.0044098310172557,0.7088668,2.4082303,0.0,0.062491007,VIN,0.12057023895937212,0.009985448546540002
A549,6,VIN,2,4,40,7,0.142696350812912,0.0027368848677724,0.1434066146612167,0.0026486488059163,0.1053727865219116,0.0008054879726842,0.1825137734413147,0.0466016680002212,0.1286168247461319,0.1443493515253067,0.5581396222114563,0.93956774,0.93665564,279,36264,36543,0.6868186,0.7749524116516113,0.7717128,0.980564296245575,0.9126047,2.8397574,6.0170217,0.9065158,0.54807985,1.7318475246429443,2.4505903720855717,1.2955507040023804,0.0753953456878662,2.8482811,6.0170217,0.9065158,0.5422004,VIN,0.260499190327791,0.021574156971771452
A549,6,VIN,2,4,40,8,0.3596385419368744,0.0732228383421897,0.5492899417877197,0.0076624802313745,,,,,,,1.2371734380722046,1.2325051,1.232667,641,17822,18463,0.8210744,0.0322586484253406,0.5203959,0.9874897003173828,0.9583565,3.807591,10.810301,0.0,8.057186,5.54694414138794,7.423002243041992,4.036873817443848,0.3928984403610229,3.745036,10.810301,0.0,8.220111,,,
A549,6,VIN,2,4,40,9,0.2584896385669708,0.0129036083817482,0.2584896385669708,0.0129036083817482,0.1632231175899505,0.0001877290196716,0.2088875323534011,0.1364167183637619,0.1742588877677917,0.18195241689682,0.5616419315338135,1.5350518,1.5118077,400,16351,16751,0.272786,0.5615447759628296,0.0803847,0.9960969090461732,0.8136707,2.9272478,7.5895853,0.0,2.4559948,2.0223870277404785,2.4289681911468506,1.772514820098877,0.0186230894178152,2.949382,7.5895853,0.0,2.495099,VIN,0.27495864244572693,0.022771667372190108
A549,6,VIN,3,4,40,1,0.4218560457229614,0.0089529175311326,0.4218560457229614,0.0089529175311326,,,,,,,0.6949818730354309,1.1974875,1.1862609,1087,47568,48655,0.12924348,0.5370532870292664,0.15016761,0.9896374940872192,0.86777115,6.48744,13.631573,2.5399938,3.2555184,5.05338191986084,6.16978931427002,3.132478713989258,0.2407795935869217,6.5202093,13.631573,2.5399938,3.2763414,,,
A549,6,VIN,3,4,40,2,0.3618178367614746,0.0116617381572723,0.3619648814201355,0.0116132348775863,0.2160991579294204,0.0024735182523727,0.3716077208518982,0.0910391584038734,0.2555229365825653,0.2823328673839569,1.0955525636672974,3.509908,3.4711916,947,58108,59055,0.9115957,0.8458675742149353,0.2603658,0.9918750524520874,0.81975657,3.4946158,8.15601,0.0,1.6047907,1.4475842714309692,2.204397439956665,1.1076290607452393,0.0348828956484794,3.527976,8.15601,0.0,1.5609726,VIN,0.24302971777069937,0.020127361138408184
A549,6,VIN,3,4,40,3,0.2159149795770645,0.0064092348329722,0.2162227779626846,0.0063518225215375,0.1400112509727478,0.0028989645652472,0.3241258859634399,0.0042836451902985,0.1824713349342346,0.2122001498937606,1.060841083526611,2.4512417,2.4246252,1170,59949,61119,0.8314984,0.8923159837722778,0.4013061,0.9875026345252992,0.8538928,2.0089545,6.4971266,0.0,0.7511869,1.018175721168518,1.8786004781723025,0.6610680222511292,0.0261437054723501,2.0282907,6.4971266,0.0,0.74580514,VIN,0.2073084192829786,0.017168976124466856
A549,6,VIN,3,4,40,4,0.3871997594833374,0.0118681518360972,0.3884316682815552,0.011427404358983,0.2597020268440246,0.0045284400694072,0.4589281380176544,0.0306658651679754,0.3120210170745849,0.3354007601737976,1.399761199951172,2.7288196,2.7061687,532,30683,31215,0.81473714,0.3035341501235962,0.37391853,0.9559474587440492,0.90239936,3.359488,7.354102,0.0,0.82852113,2.1141576766967773,3.629549980163574,1.0015110969543457,0.1935426145792007,3.3810797,7.354102,0.0,0.8121756,VIN,0.27896515316241693,0.023103480653460517
A549,6,VIN,4,4,40,1,0.1422676742076873,0.0111773228272795,0.175473615527153,0.0079593937844038,0.0957986786961555,0.0034976315218955,0.3058584630489349,0.0,0.1423867493867874,0.1764251142740249,0.7019401788711548,1.2681648,1.2601103,721,49966,50687,0.36249194,0.8012458086013794,0.14301175,0.9753596186637878,0.89380926,1.3515253,5.078093,0.0,0.837782,0.8380898833274841,1.683967351913452,0.0,0.0306010358035564,1.3589343,5.078093,0.0,0.84557045,VIN,0.18736006745309502,0.015516883182586733
A549,6,VIN,4,4,40,2,0.3744269013404846,0.0120510421693325,0.3763417899608612,0.0113919991999864,0.2440316379070282,0.006184737663716,0.4356719553470611,0.0894303694367408,0.3116802275180816,0.3447284996509552,1.555008888244629,2.5840342,2.57455,288,30959,31247,0.34673095,-0.312011123,-0.079728834,0.9305155277252196,0.8750613,3.3619766,7.4489655,0.0,0.99010134,2.501102924346924,3.407492160797119,1.243136286735535,0.3347100019454956,3.3699849,7.4489655,0.0,0.98923993,VIN,0.29354850055795834,0.02431125187719979
A549,6,VIN,4,4,40,3,0.4532701671123504,0.01371063105762,0.4595151841640472,0.0110298627987504,,,,,,,1.1185283660888672,2.214917,2.210412,104,25207,25311,0.60250545,0.4294849038124084,0.12299393,0.9898656010627748,0.8937157,4.843978,9.367679,0.0,1.6700944,3.313995838165283,4.238386631011963,2.339531421661377,0.1174546033143997,4.8502903,9.367679,0.0,1.6668025,,,
A549,6,VIN,4,4,40,4,0.3524129390716553,0.0316596291959285,0.4163795411586761,0.0107717989012599,,,,,,,1.831198811531067,2.5757642,2.5726278,122,28837,28959,0.7785117,0.2313970178365707,0.35445035,0.9908782839775084,0.91404384,3.6043365,8.285932,0.0,3.2884405,3.3813092708587646,4.366532802581787,2.33336877822876,0.1622993946075439,3.6052802,8.285932,0.0,3.3014545,,,
A549,6,VIN,4,4,40,5,0.2700651884078979,0.0110996477305889,0.2726407647132873,0.0105032976716756,0.1025972813367843,0.0016649953322485,0.1996681541204452,0.0075985006988048,0.1359307914972305,0.1551358848810196,1.3602551221847534,2.7605107,2.740417,360,24727,25087,0.6937683,-0.12366192,0.121598676,0.9286604523658752,0.86470884,5.807956,15.898083,0.0,4.0590167,3.530956745147705,5.194648265838623,1.2617164850234983,0.7386652827262878,5.841105,15.898083,0.0,4.0307755,VIN,0.3202253151712042,0.026520586137505187
A549,6,VIN,4,4,40,6,0.1246529072523117,0.0216037686914205,0.2647351324558258,0.008796933107078,0.1642452180385589,0.0043158219195902,0.3442579209804535,0.0,0.2169552892446518,0.2497341930866241,0.711816668510437,0.98972553,0.985737,786,53981,54767,0.4563501,0.2738731503486633,0.17722932,0.9513059258461,0.9153397,2.0266216,12.323655,0.0,5.2581673,3.4834351539611816,6.572310447692871,0.0,0.7656240463256836,2.0054097,12.323655,0.0,5.2922287,VIN,0.31926404969371575,0.02644097555492808
A549,6,VIN,5,4,40,1,0.1316805481910705,0.0034432250540703,0.1354736983776092,0.0030285371467471,0.1300815641880035,0.0015491327503696,0.2279388457536697,0.0155498934909701,0.1630556285381317,0.1821450144052505,0.9613884091377258,1.8743384,1.8576102,1085,58130,59215,0.9780682,0.9378243684768676,0.65209806,0.9864001870155334,0.87574136,1.2479422,5.084653,0.0,0.55647177,0.629579484462738,1.231291651725769,0.3818089067935943,0.014792856760323,1.2594838,5.084653,0.0,0.559312,VIN,0.15875528782001144,0.013147877715926598
A549,6,VIN,5,4,40,2,0.6414177417755127,0.0074870190583169,0.6414177417755127,0.0074870190583169,,,,,,,1.3817451000213623,1.7596917,1.755309,200,17047,17247,0.58362764,0.099314846098423,0.025452487,0.9958969354629515,0.8870107,4.813445,7.417926,2.6766326,0.40522674,4.650662422180176,5.071735382080078,4.12201452255249,0.0299349073320627,4.815354,7.417926,2.6766326,0.40931496,,,
A549,6,VIN,5,4,40,3,0.5446158051490784,0.0159130152314901,0.546994686126709,0.0146813327446579,0.3464908897876739,0.0028960697818547,0.5182897448539734,0.2388363629579544,0.3891931176185608,0.4213177263736725,1.3503947257995603,3.1652355,3.1057734,1115,32916,34031,0.30536723,0.3037413954734802,0.010678524,0.9333284497261048,0.7839077,4.89559,9.635813,0.0,2.0400476,3.391627073287964,6.203055381774902,1.817154884338379,0.5909809470176697,4.9465337,9.635813,0.0,2.009919,control,0.3436303342785161,0.0
A549,6,VIN,5,4,40,4,0.3419637978076935,0.0293685644865036,0.3878168761730194,0.0155239179730415,0.247908130288124,0.0046878713183104,0.4888266026973724,0.0629075542092323,0.3013354241847992,0.3394272029399872,1.3064372539520264,2.8289433,2.7889373,1899,70372,72271,0.33526126,0.6565896272659302,0.23908967,0.9590924978256226,0.806803,3.259245,10.137585,0.0,3.590137,2.001758575439453,4.184050559997559,1.161986231803894,0.3047672212123871,3.293178,10.137585,0.0,3.63497,VIN,0.2740243260088545,0.022694288669227458
A549,6,VIN,5,4,40,5,0.3636772036552429,0.0068732541985809,0.3636772036552429,0.0068732541985809,0.2958841025829315,0.001748573849909,0.4034631550312042,0.1276181489229202,0.3283268511295318,0.3461728692054748,1.0262048244476318,1.9026743,1.8733194,2099,60572,62671,0.58603436,0.3830218315124511,0.11651328,0.964027464389801,0.86929977,2.6717422,5.811354,0.97835296,0.88710964,1.8970277309417725,2.923434972763061,1.0902055501937866,0.1275877803564071,2.6985877,5.811354,0.97835296,0.89191055,control,0.2913599689217671,0.0
A549,6,VIN,6,4,40,1,0.2255123257637024,0.0314440540969371,0.3416012227535248,0.0079746739938855,0.2903531789779663,0.0029477274511009,0.4036826491355896,0.1638629734516143,0.3357545137405395,0.3655703961849212,1.4382121562957764,1.8816563,1.8782871,301,39314,39615,0.73287463,0.6970203518867493,0.33815795,0.9910783171653748,0.9168952,2.4308896,7.964096,0.0,3.6961462,2.908211708068848,3.733176469802856,1.987743258476257,0.1196915730834007,2.4272351,7.964096,0.0,3.7217705,VIN,0.3057743964602817,0.025323782461211808
A549,6,VIN,6,4,40,2,0.2039755135774612,0.0045769289135932,0.2042906433343887,0.004519619513303,0.1492056101560592,0.0022287408355623,0.2839648723602295,0.0168455671519041,0.1861897408962249,0.210318312048912,0.9556697010993958,3.3085093,3.279702,754,60829,61583,0.9940832,0.8579419851303101,0.50564915,0.979936182498932,0.77819884,1.9373316,6.41764,0.0,1.0231535,0.611037015914917,0.9602217674255372,0.3564783334732055,0.014946830458939,1.9537711,6.41764,0.0,1.0135765,VIN,0.15585300544801511,0.012907514990072977
A549,6,VIN,6,4,40,3,0.3224859833717346,0.0602657459676265,0.4919862747192383,0.0085499044507741,,,,,,,1.101806879043579,1.8643677,1.8569416,208,21151,21359,0.5584961,0.2562415897846222,0.09495968,0.975095272064209,0.90956986,2.8436563,7.5129175,0.0,4.8311253,3.421576023101806,4.7181572914123535,2.1218440532684326,0.2811659574508667,2.8379729,7.5129175,0.0,4.8725514,,,
A549,6,VIN,6,4,40,4,0.4075688123703003,0.0162833388894796,0.4274478256702423,0.0085803177207708,0.2930935323238373,0.0050156526267528,0.4374876618385315,0.1513211280107498,0.3528683483600616,0.3847825229167938,1.4672709703445437,2.316682,2.3126283,165,34410,34575,0.87742054,0.2971644401550293,0.40751538,0.9782105088233948,0.929605,3.7110052,7.475591,0.0,1.5282642,2.799810647964477,4.109476566314697,1.7779948711395264,0.2167996764183044,3.7153745,7.475591,0.0,1.5305523,VIN,0.30277491160767406,0.025075369569934947
A549,6,VIN,6,4,40,5,0.1610598862171173,0.0159840192645788,0.2352921813726425,0.0058847554028034,0.1500490456819534,0.0032344297505915,0.3150297701358795,0.0,0.1958072781562805,0.2236635833978653,0.774265706539154,1.184432,1.1785415,855,58680,59535,0.61837864,0.2887811064720154,0.33554652,0.9843977689743042,0.9387419,1.040541,3.6994276,0.0,0.60502684,1.10330069065094,1.7121106386184692,0.0,0.0447377264499664,1.0396267,3.6994276,0.0,0.6131322,VIN,0.21554884802193214,0.01785143622311508
A549,6,VIN,6,4,40,6,0.1180549040436744,0.0113583756610751,0.1849021464586258,0.0054297251626849,0.0842383354902267,0.001987321069464,0.2337476015090942,0.0,0.1206370443105697,0.1418352425098419,0.8178243041038513,1.3020505,1.2911463,931,40412,41343,0.35164663,-0.031972956,0.115781054,0.9792726039886476,0.91985184,0.89727944,3.9943724,0.0,0.6059269,0.9210050106048584,1.5449600219726562,0.0,0.0456447415053844,0.8967328,3.9943724,0.0,0.6188209,VIN,0.19700927637882001,0.01631601636897037
A549,6,VIN,6,4,40,7,0.2608363032341003,0.026159506291151,0.3320235908031463,0.0096630845218896,0.2156838923692703,0.0029065911658108,0.3688320219516754,0.0461255982518196,0.2586454153060913,0.2851479053497314,0.9260308742523192,1.8574938,1.8370037,901,40058,40959,0.75660485,0.4157488644123077,0.2935561,0.9781314134597778,0.88219297,1.9954876,7.122251,0.0,1.7450192,1.4207491874694824,2.3918545246124268,0.842863142490387,0.0804437547922134,2.0084143,7.122251,0.0,1.7748618,VIN,0.24116862213560222,0.01997322795542003
A549,6,VIN,6,4,40,8,0.097302034497261,0.0091103892773389,0.1568406820297241,0.0053469105623662,0.0981975793838501,0.0027177988085895,0.2672126591205597,0.0,0.1402830332517624,0.1663175970315933,0.8083258271217346,1.2186015,1.2113848,900,50267,51167,0.64021885,0.3321415185928345,0.46902633,0.979804277420044,0.9229266,1.141612,6.429918,0.0,1.1256458,1.0003085136413574,1.694677472114563,0.0,0.077002003788948,1.144142,6.429918,0.0,1.1440568,VIN,0.20548974928828045,0.017018356570156185
A549,6,VIN,7,4,40,1,0.2225816398859024,0.0046744709834456,0.2229938209056854,0.0045912135392427,0.1670928597450256,0.0018443433800712,0.3073408305644989,0.066692404448986,0.2025199085474014,0.2230694741010666,1.6051225662231443,2.7182815,2.7083225,363,40212,40575,0.9344956,0.5905770063400269,0.63007253,0.9533523321151732,0.90949297,3.0239444,7.2241144,0.0,0.6387008,1.8287869691848757,3.4917984008789062,1.1673986911773682,0.3765705227851867,3.034733,7.2241144,0.0,0.62805647,VIN,0.2656538145322586,0.022001055310986006
A549,6,VIN,7,4,40,2,0.2603864371776581,0.0071016917936503,0.2688418328762054,0.0050591356121003,0.2281813323497772,0.001887041144073,0.3299330174922943,0.1114130690693855,0.2627712190151214,0.2821391820907593,1.8993695974349976,1.8176409,1.8183436,406,46809,47215,0.9515172,0.9307842254638672,0.873289,0.948608934879303,0.94994205,2.7620778,6.475404,0.0,0.79054016,2.355003833770752,3.548938035964966,1.165204644203186,0.2962225973606109,2.7656083,6.475404,0.0,0.7933778,VIN,0.28843753688484863,0.023887969438502188
A549,6,VIN,7,4,40,3,0.2699516713619232,0.0199278537184,0.3080511391162872,0.0110037708654999,0.1798563450574875,0.0025295242667198,0.3876889646053314,0.0248978547751903,0.2184775620698928,0.2450427114963531,1.0063706636428833,2.3257143,2.3039293,675,40204,40879,0.22919813,-0.073783562,-0.051144883,0.961189866065979,0.8683779,1.9945198,5.6870418,0.0,1.1525857,1.1299835443496704,1.8613983392715452,0.702312171459198,0.0674275308847427,2.0090346,5.6870418,0.0,1.1580453,VIN,0.21799626429231794,0.01805412761239017
A549,6,VIN,7,4,40,4,0.2504973709583282,0.0084858667105436,0.2551991939544678,0.0074452455155551,0.1400559246540069,0.0030478676781058,0.3244181871414184,0.0,0.1852916330099105,0.2103602737188339,1.909817695617676,4.133195,4.1031194,743,54184,54927,0.8233649,0.4397485852241516,0.3129448,0.93353670835495,0.8765407,3.534207,11.841701,0.0,1.9266406,1.8787802457809448,3.4641997814178467,0.6559272408485413,0.3245432376861572,3.5569067,11.841701,0.0,1.910516,VIN,0.2681764588757375,0.02220997697781224
A549,6,VIN,7,4,40,5,0.2576424479484558,0.005513013806194,0.2583318054676056,0.0053496798500418,0.1549782007932663,0.0014348621480166,0.2971009016036987,0.0693945810198783,0.184724673628807,0.2065185755491256,1.3365356922149658,2.7044518,2.6854308,396,28083,28479,0.9069279,0.6324328184127808,0.51245207,0.955908179283142,0.8975616,2.4485621,6.3676233,0.0,0.6011013,1.3477718830108645,2.4338855743408203,0.7137572169303894,0.1360247433185577,2.4640837,6.3676233,0.0,0.5903321,VIN,0.2358922513564644,0.019536246745278263
A549,6,VIN,7,4,40,6,0.4722943603992462,0.0141072534024715,0.4813011884689331,0.0100412815809249,,,,,,,0.9893402457237244,1.5144123,1.5014656,473,18710,19183,0.84423125,0.8235456943511963,0.421834,0.991349756717682,0.8948925,5.63249,11.080696,0.0,2.33824,4.510088443756104,5.894840240478516,3.4115304946899414,0.259251207113266,5.660863,11.080696,0.0,2.3581438,,,
A549,6,VIN,7,4,40,7,0.3069720864295959,0.0111278221011161,0.3070898950099945,0.0110959103330969,0.2017547786235809,0.0029199176933616,0.354269415140152,0.0788759291172027,0.245777428150177,0.2721333503723144,0.942875862121582,2.0851424,2.0622053,942,45969,46911,0.5716506,0.2174410372972488,0.16287142,0.9747138619422911,0.8352497,5.518127,17.589672,0.0,6.478376,3.2985684871673584,5.458573818206787,1.913286805152893,0.3773594200611114,5.5636096,17.589672,0.0,6.500377,VIN,0.3153224088627686,0.02611453470147973
A549,6,VIN,8,4,40,1,0.3565850853919983,0.0073028351180255,0.3575935065746307,0.0069628795608878,0.216479554772377,0.0011741927592083,0.3036195635795593,0.1491759568452835,0.2435589283704757,0.2634751796722412,1.6440532207489014,2.6626406,2.6298184,1474,44269,45743,0.68573105,0.0609098635613918,0.19850297,0.9632145166397096,0.91478384,5.1803193,10.936651,0.0,1.6022938,3.771188259124756,5.619356155395508,2.021592617034912,0.4237921833992004,5.227237,10.936651,0.0,1.573218,VIN,0.3247916388168416,0.02689876229609872
A549,6,VIN,8,4,40,2,0.3433992266654968,0.0168756321072578,0.3535464107990265,0.0137867946177721,0.2284651100635528,0.0020620671566575,0.3456791937351227,0.064748115837574,0.264485239982605,0.2845406532287597,0.989764392375946,2.5489218,2.52083,516,28123,28639,0.36323178,0.5671240091323853,-0.12720118,0.9803504943847656,0.82537735,3.2299235,7.9523892,0.0,1.9291213,1.8310015201568604,3.0767672061920166,1.1769740581512451,0.1175325438380241,3.2555897,7.9523892,0.0,1.9257948,VIN,0.26576744597375573,0.022010466098607684
A549,6,VIN,8,4,40,3,0.3051957786083221,0.0303054377436637,0.3859464824199676,0.0071584042161703,,,,,,,1.1324307918548584,1.2584205,1.2564485,595,37420,38015,0.70310825,0.7310670614242554,0.48287958,0.983349621295929,0.94367504,3.9358659,9.482844,0.0,5.05739,4.275635242462158,6.848841190338135,2.6910998821258545,0.5627681016921997,3.9304636,9.482844,0.0,5.1269903,,,
A549,6,VIN,8,4,40,4,0.1681106984615326,0.0663586854934692,0.5471395254135132,0.0085918949916958,,,,,,,2.079758882522583,2.9499142,2.9389265,556,43475,44031,0.7799967,-0.343615562,0.16308689,0.9493242502212524,0.9156916,1.6308773,8.771443,0.0,6.305536,4.738182067871094,7.459366321563721,2.545801877975464,0.8974117636680603,1.5911392,8.771443,0.0,6.24964,,,
A549,6,VIN,8,4,40,5,0.3579249382019043,0.0183287765830755,0.3805229961872101,0.0108869094401597,0.2483471035957336,0.0028107841499149,0.3826274573802948,0.0549617931246757,0.2898639440536499,0.3108566701412201,1.1385434865951538,2.4638712,2.4144099,947,24428,25375,0.58798593,0.3582674264907837,0.04170158,0.9645448327064514,0.86300033,3.157209,8.529602,0.0,1.8360668,1.9615131616592407,3.4115633964538574,0.9791075587272644,0.1528205871582031,3.2035606,8.529602,0.0,1.8437475,VIN,0.27216403815547763,0.022540222385524444
A549,6,VIN,8,4,40,6,0.3257914781570434,0.0091437539085745,0.3352155685424804,0.0062491432763636,0.2421402037143707,0.0021856725215911,0.3913975954055786,0.1041685119271278,0.2793152928352356,0.3005766868591308,1.2846802473068235,2.1476214,2.1307416,686,34385,35071,0.8742907,0.4806608557701111,0.42295521,0.9848904013633728,0.93624157,2.438991,5.7651277,0.0,0.5716106,1.6752943992614746,2.328232765197754,1.0338822603225708,0.0539775229990482,2.4542272,5.7651277,0.0,0.57006985,VIN,0.25731952248117707,0.02131082159190084
A549,6,VIN,8,4,40,7,0.2763308584690094,0.004552218131721,0.2769131660461426,0.0044005620293319,0.2186713516712188,0.0026958810631185,0.3724925220012665,0.0775211155414581,0.2599036991596222,0.2849615812301636,1.428102731704712,2.6509163,2.6262596,1515,73620,75135,0.7834988,0.6926019191741943,0.48667604,0.9485315680503844,0.87832755,4.587238,13.692023,0.0,2.7711263,2.5977063179016118,4.312026500701904,1.1050927639007568,0.3448091447353363,4.628179,13.692023,0.0,2.7379258,VIN,0.2966999836134406,0.02457225303442917
A549,6,VIN,8,4,40,8,0.6967935562133789,0.005827693734318,0.6979586482048035,0.0050242762081325,,,,,,,0.9684799313545228,1.1877313,1.1820583,806,30345,31151,0.47846773,-0.061843712,0.37664598,0.9599602818489076,0.92072237,6.839575,9.678409,0.0,0.7529659,6.339630603790283,8.030417442321777,4.520955562591553,0.3814678192138672,6.8528533,9.678409,0.0,0.7560181,,,
A549,6,VIN,8,4,40,9,0.2492347657680511,0.0087113426998257,0.2572130560874939,0.0069380719214677,0.1237090528011322,0.0032187791075557,0.2908325791358948,0.0,0.1704814583063125,0.1959888935089111,0.7152219414710999,1.3151855,1.3096274,580,62027,62607,0.77958995,0.0284199118614196,0.54105973,0.9286916255950928,0.9253025,4.32467,13.410872,0.0,2.837136,2.4533474445343018,4.048213481903076,1.135258674621582,0.5587829351425171,4.3421674,13.410872,0.0,2.8253894,VIN,0.29192545302105105,0.024176833484997384
A549,6,VIN,9,4,40,1,0.2349145263433456,0.0161545854061841,0.2781926691532135,0.0070910779759287,0.1610659062862396,0.002434481633827,0.2593420147895813,0.0566641949117183,0.2016364336013794,0.2236337214708328,1.1632227897644043,2.5144668,2.510785,50,18301,18351,0.85242003,0.1622466444969177,0.31723753,0.98735773563385,0.92986476,3.0482528,8.181613,0.0,2.563968,2.0640389919281006,2.894052505493164,1.4608408212661743,0.0869268998503685,3.0509415,8.181613,0.0,2.5680816,VIN,0.2768068226005666,0.022924730914239633
A549,6,VIN,9,4,40,2,0.1724546998739242,0.0026271000970155,0.1724819839000702,0.0026228108908981,0.143140897154808,0.0011324015213176,0.2357087582349777,0.0719760060310363,0.1698645055294037,0.1890499889850616,0.9822012186050416,3.7037144,3.6853788,213,31402,31615,0.9780865,0.1020437851548194,0.3985409,0.9688736796379088,0.823129,1.7274376,3.834128,0.36165658,0.43070745,0.5553909540176392,0.9194570779800416,0.3616565763950348,0.0153979659080505,1.7353873,3.834128,0.423259,0.42414376,VIN,0.14672780260422616,0.0121517792109965
A549,6,VIN,9,4,40,3,0.3528040051460266,0.0197557881474494,0.381416380405426,0.0104447472840547,0.2568999230861664,0.0040274285711348,0.482765257358551,0.1037046909332275,0.3080756664276123,0.340631753206253,1.5418992042541504,2.9553485,2.9252422,793,36437,37230,0.8731882,0.7421128749847412,0.44987744,0.9452672004699708,0.8838129,2.8119085,6.3808136,0.0,1.3512204,1.7888484001159668,3.4278318881988525,0.7970921397209167,0.2807376384735107,2.8341727,6.3808136,0.0,1.3512431,VIN,0.2635735405778841,0.02182877010434303
A549,6,VIN,9,4,40,4,0.4210512340068817,0.0148343695327639,0.4277639985084533,0.012199374847114,0.2855253517627716,0.00242545385845,0.4268152117729187,0.1644711345434188,0.3253586590290069,0.3509745001792907,0.9770649075508118,1.8279716,1.8126279,532,28971,29503,0.8203847,-0.232394636,0.2723242,0.9533315300941468,0.87737024,3.7504601,7.898612,0.0,1.4264956,2.449804306030273,3.602473020553589,1.2140569686889648,0.2967644035816192,3.774344,7.898612,0.0,1.4156059,VIN,0.29180324306867333,0.02416671223781508
A549,6,VIN,9,4,40,5,0.2860775887966156,0.0050616646185517,0.2864283919334411,0.0049673886969685,0.203482374548912,0.0014593892265111,0.2926750779151916,0.1117166876792907,0.2353730648756027,0.253995269536972,1.8265010118484497,3.418252,3.3920465,457,27302,27759,0.99316764,0.8860437870025635,0.6472983,0.9481787085533142,0.882914,3.770045,7.864473,0.0,1.1514319,2.167074918746948,4.402755737304688,1.141749620437622,0.4104706346988678,3.7968755,7.864473,0.0,1.1201056,VIN,0.2811698630357314,0.02328607145853845
A549,6,VIN,9,4,40,6,0.2214002162218094,0.0085638193413615,0.2288028448820114,0.0071564116515219,0.1505064815282821,0.0046048448421061,0.402571827173233,0.0,0.2040670812129974,0.2367712557315826,1.148449420928955,2.167529,2.1485927,1271,67128,68399,0.6764345,0.5508983135223389,0.38947093,0.9540835618972778,0.89337933,1.5848794,5.039535,0.0,0.5078983,0.8800273537635803,1.54947030544281,0.3506585359573364,0.043878074735403,1.5982249,5.039535,0.0,0.5070992,VIN,0.19234689671312177,0.015929884993117732
A549,6,VIN,9,4,40,7,0.1728996336460113,0.0051136566326022,0.1737438291311264,0.0049919541925191,0.0649659559130668,0.0017354887677356,0.2434827536344528,0.0,0.0980130583047866,0.1201296597719192,1.328508734703064,3.4917924,3.4673517,579,50668,51247,0.8141419,-0.094278842,0.26461035,0.8784363865852356,0.82128227,2.5064068,8.086753,0.0,1.0402781,1.0417604446411133,2.0003950595855717,0.2956617176532745,0.199952483177185,2.5231435,8.086753,0.0,1.0250872,VIN,0.209660326614666,0.017363757604950708
A549,6,VIN,9,4,40,8,0.2221235185861587,0.0076805618591606,0.2291857600212097,0.0063061942346394,0.0621598586440086,0.0011059746611863,0.150831326842308,0.0051985518075525,0.089050680398941,0.1058998927474021,1.9828232526779173,6.3524866,6.3477283,30,27521,27551,0.894057,0.4267975986003876,0.22900856,0.9918437600135804,0.82631177,3.2656875,8.017641,0.0,1.2527107,1.2734633684158323,1.4822384119033811,1.027195930480957,0.0167139135301113,3.267859,8.017641,0.0,1.249727,VIN,0.23017156809961686,0.019062468234052554
A549,2,control,0,1,0,1,0.1367515176534652,0.0082763778045773,0.1518855839967727,0.0068936632014811,0.0719919204711914,0.0010594686027616,0.160076305270195,0.0,0.0984869748353958,0.1141672655940055,1.194695234298706,2.7855809,2.7713435,499,55260,55759,0.70931953,-0.106580667,0.16744292,0.9843797087669371,0.8607632,1.1432737,4.449089,0.0,0.4872344,0.5512294769287109,0.857150137424469,0.3026290833950043,0.0091432137414813,1.1486199,4.449089,0.0,0.48835784,control,0.15811214832880172,0.0
A549,2,control,0,1,0,2,0.0849397778511047,0.0037558891344815,0.0933566391468048,0.0033422983251512,0.0871041193604469,0.0008505459991283,0.1361551582813263,0.0338815115392208,0.1113144233822822,0.1226829215884208,0.6011855602264404,1.0083046,1.0027399,1193,86086,87279,0.6853605,0.0214366763830184,0.3641222,0.9318482279777528,0.8990055,0.47508872,3.2896044,0.0,0.095869415,0.2996302545070648,0.6847898960113525,0.1148027405142784,0.011838587000966,0.47752026,3.2896044,0.0,0.09660138,control,0.10258283692915814,0.0
A549,2,control,1,1,0,1,0.147323876619339,0.0023862156085669,0.1474916338920593,0.0023641900625079,0.1803322732448578,0.0023022515233606,0.3264499604701996,0.0445760153234005,0.2190631628036499,0.2398324161767959,0.886509895324707,0.8618566,0.86255705,999,34168,35167,0.98784524,0.8659645915031433,0.8409896,0.9836062788963318,0.95828176,0.90602547,2.1643848,0.0,0.06223949,0.900122880935669,1.3019107580184937,0.5418339967727661,0.0215633977204561,0.90619814,2.1643848,0.0,0.063427694,control,0.21077979065808686,0.0
A549,2,control,1,1,0,2,0.132543995976448,0.0031721347477287,0.1339514404535293,0.0030172870028764,0.1606992334127426,0.0027853529900312,0.3047282993793487,0.0327844768762588,0.2039540857076645,0.227873757481575,0.9772979021072388,1.0483185,1.0473093,967,67079,68046,0.9693224,0.6700303554534912,0.7753854,0.9496906995773317,0.9496847,0.63285756,1.972073,0.0,0.038784113,0.5886202454566956,1.207377791404724,0.2729943394660949,0.032312337309122,0.63349533,1.972073,0.0,0.038848784,control,0.16486328818749654,0.0
A549,2,control,10,1,0,1,0.2670253813266754,0.0384227000176906,0.3775331974029541,0.0126034710556268,0.2842575013637543,0.0024287432897835,0.3995056748390198,0.1199169307947158,0.3235810399055481,0.3489238023757934,1.3573812246322632,1.8399154,1.8310372,1005,53618,54623,0.82986665,0.5334648489952087,0.4608319,0.9787850975990297,0.9071395,3.3547869,10.946022,0.0,5.935354,3.436669111251831,6.20375394821167,2.011728286743164,0.5556438565254211,3.3532522,10.946022,0.0,6.03606,control,0.3446589292421325,0.0
A549,2,control,10,1,0,2,0.3767450153827667,0.0131575968116521,0.3886846005916595,0.0089338580146431,0.3538559079170227,0.0024533018004149,0.4908958375453949,0.2131562530994415,0.3942590653896332,0.4172587990760803,1.3985601663589478,1.8997521,1.8898239,670,33153,33823,0.94137937,0.5460246205329895,0.6344923,0.9870986342430116,0.94609207,3.5676858,7.6157455,0.0,1.1391754,2.469810485839844,4.00993537902832,1.742617964744568,0.1123952269554138,3.5898726,7.6157455,0.0,1.1350749,control,0.3167136125418488,0.0
A549,2,control,10,1,0,3,0.3258538246154785,0.0185914486646652,0.3544768095016479,0.0100783258676528,0.2587241530418396,0.0033896379172801,0.4489123523235321,0.1057945936918258,0.3049806952476501,0.3351716697216034,1.0681331157684326,2.0559745,2.0305464,773,29257,30030,0.840324,0.2702276706695556,0.17307627,0.981482744216919,0.9026975,2.7515543,8.053034,0.0,1.5636584,1.8389252424240112,2.91650652885437,0.9889938235282898,0.0738357976078987,2.7756653,8.053034,0.0,1.5804328,control,0.2882165882400996,0.0
A549,2,control,10,1,0,4,0.1948944181203842,0.0071754879318177,0.198619931936264,0.0065726907923817,0.1740394681692123,0.0024894359521567,0.3308462798595428,0.0679463446140289,0.2140021026134491,0.2442073076963424,0.6351074576377869,1.1559438,1.146856,1000,56311,57311,0.9070589,0.7563236355781555,0.50167346,0.9587985277175904,0.89437884,1.1779183,4.6268563,0.0,0.36354762,0.6295086741447449,1.2329626083374023,0.3707419037818908,0.018872445449233,1.187657,4.6268563,0.0,0.36423278,control,0.17189130038753267,0.0
A549,2,control,10,1,0,5,0.2318890988826751,0.0048766690306365,0.2325339168310165,0.0047402852214872,0.2102793902158737,0.0020092895720154,0.3359859585762024,0.0366355590522289,0.2459756135940551,0.2657133638858795,0.8651171326637268,1.1857414,1.1789019,1600,73407,75007,0.9658154,0.7691181898117065,0.7419396,0.9847025871276855,0.94284123,1.9088007,5.1346235,0.0,0.3626966,1.3468512296676636,2.0686659812927246,0.890404462814331,0.0374035947024822,1.9210491,5.1346235,0.0,0.36275375,control,0.2553541510874271,0.0
A549,2,control,10,1,0,6,0.1946699470281601,0.0048823035322129,0.1967803686857223,0.0045199440792202,0.218018501996994,0.0021586655639111,0.3587034046649933,0.0982772707939148,0.2551616728305816,0.2792888879776001,0.8316547274589539,0.9671556,0.9654344,591,45936,46527,0.9429612,0.9049978256225586,0.7449694,0.9923945069313048,0.93992674,2.5449202,9.886367,0.0,1.129535,2.005140781402588,2.5919578075408936,1.6192052364349363,0.0278138294816017,2.5518646,9.886367,0.0,1.1399125,control,0.29688544244008386,0.0
A549,2,control,11,1,0,1,0.1251608878374099,0.0080110235139727,0.1604007929563522,0.0046140742488205,0.142116516828537,0.0020285586360841,0.2963889539241791,0.0160084329545497,0.1781269311904907,0.2006298750638961,0.6916707158088684,0.8017845,0.79848397,1737,56214,57951,0.89316267,0.1255473047494888,0.7730518,0.9513952136039734,0.96249354,0.82248795,3.7773025,0.0,0.26562974,0.7876526117324829,1.3540253639221191,0.1914128512144088,0.0465338937938213,0.82356423,3.7773025,0.0,0.272361,control,0.19604711003572367,0.0
A549,2,control,12,1,0,1,0.1234408318996429,0.0142090553417801,0.2012023627758026,0.0075142462737858,0.1631021797657013,0.0019102400401607,0.3178042471408844,0.0377959311008453,0.1981303840875625,0.220966175198555,0.804202139377594,1.2163311,1.2097071,2000,122431,124431,0.95706916,0.4021762907505035,0.65504044,0.9723875522613524,0.8994126,0.90870047,5.655017,0.0,0.85445917,0.6886587738990784,1.319449543952942,0.3593202829360962,0.0252460874617099,0.91229504,5.655017,0.0,0.86720103,control,0.18145587719147468,0.0
A549,2,control,12,1,0,2,0.1576006412506103,0.0177685804665088,0.2356761544942855,0.0081706196069717,0.163287803530693,0.002956612734124,0.3250559568405151,0.0094743827357888,0.2057103514671325,0.2315710484981537,1.0076205730438232,1.3247275,1.3197675,712,44807,45519,0.72751665,-0.096314803,0.26632324,0.9739052057266236,0.90170723,1.3823379,6.3300743,0.0,1.3932152,1.4752013683319092,2.3712480068206787,0.6182899475097656,0.0965247750282287,1.3808624,6.3300743,0.0,1.4136802,control,0.2651854092571244,0.0
A549,2,control,12,1,0,3,0.0833571925759315,0.0096483463421463,0.1634634435176849,0.0058259610086679,0.1372209787368774,0.0030679984483867,0.3105673491954803,0.0,0.1809900403022766,0.2086693197488784,0.648542582988739,0.618492,0.618731,1091,136076,137167,0.985503,0.6565118432044983,0.85058326,0.9820169806480408,0.9463029,0.48934415,3.7438426,0.0,0.31100443,0.7480493187904358,1.2167729139328003,0.3687029480934143,0.0170507468283176,0.48727003,3.7438426,0.0,0.3128203,control,0.1904080938128165,0.0
A549,2,control,13,1,0,1,0.0934245586395263,0.0045467414893209,0.1131956279277801,0.0032709522638469,0.1603882312774658,0.0011834054021164,0.2640534043312073,0.0579757653176784,0.1881307810544967,0.2044227123260498,0.8286312222480774,0.7283489,0.72941905,1000,92710,93710,0.8150097,0.7688176035881042,0.8616213,0.968467652797699,0.95853233,0.47656092,2.0637138,0.0,0.067115,0.5880008339881897,1.0127683877944946,0.3010148704051971,0.0191417317837476,0.47535887,2.0637138,0.0,0.06749705,control,0.1647540392358814,0.0
A549,2,control,13,1,0,2,0.0736963525414466,0.0066871419548988,0.1297842413187027,0.0044971830211579,,,,,,,0.937535285949707,1.101198,1.099486,243,22988,23231,0.77151984,0.1634506285190582,0.74576277,0.9777398705482484,0.9672761,0.24254245,1.2420022,0.0,0.05038433,0.3451697826385498,0.5319606065750122,0.0,0.0065670399926602,0.24145761,1.2420022,0.0,0.050734986,,,
A549,2,control,13,1,0,3,0.1830829679965973,0.0134816896170377,0.2248167395591735,0.0071723870933055,0.1781845092773437,0.0034059768076986,0.4316214621067047,0.0445623099803924,0.2218030989170074,0.2544580996036529,0.7611041069030762,0.7711343,0.77082545,2509,78978,81487,0.84288716,0.5450327396392822,0.7296368,0.9741814732551576,0.9583166,1.3790392,4.6598015,0.0,0.58003855,1.4353246688842771,2.754821300506592,0.7069433331489563,0.07447100430727,1.3772511,4.6598015,0.0,0.5959955,control,0.2622419321964609,0.0
A549,2,control,13,1,0,4,0.1180631518363952,0.0081024691462516,0.1531018316745758,0.0051426268182694,0.1316368728876114,0.0025450331158936,0.3169662356376648,0.0111743565648794,0.1714778691530227,0.1983261555433273,0.9470550417900084,1.1488321,1.1473699,400,54798,55198,0.89715177,0.6382052898406982,0.7237114,0.9830339550971984,0.9484686,1.3337364,5.560421,0.0,0.78248245,1.1822673082351685,2.157981634140014,0.7601173520088196,0.0497690588235855,1.3348421,5.560421,0.0,0.7876621,control,0.24105524696374805,0.0
A549,2,control,13,1,0,5,0.2560473680496216,0.0098314909264445,0.2653530836105346,0.0077194962650537,0.2028522938489914,0.002171347849071,0.3210473358631134,0.0693310424685478,0.239468827843666,0.2630423307418823,1.0407118797302246,1.3258598,1.3239812,251,37844,38095,0.8381366,0.459477961063385,0.5091124,0.9911253452301024,0.93578184,2.0080643,5.8392086,0.0,0.4912888,1.5291783809661863,2.16586709022522,1.1467264890670776,0.0328714288771152,2.0112402,5.8392086,0.0,0.4927981,control,0.26902184300327225,0.0
A549,2,control,13,1,0,6,0.2650341391563415,0.0105420844629406,0.2749438285827636,0.0082116452977061,0.2448629587888717,0.0036071289796382,0.4413854777812958,0.071059338748455,0.2928222715854645,0.3232317268848419,1.1254805326461792,1.2441767,1.242112,666,37621,38287,0.79801786,0.0421470254659652,0.47013453,0.9782857298851012,0.9316033,2.6583402,7.117051,0.0,0.922298,2.320550441741944,3.626265525817871,1.3951936960220337,0.1864131689071655,2.6643198,7.117051,0.0,0.93326926,control,0.3109494451592501,0.0
A549,2,control,14,1,0,1,0.3042768239974975,0.0112110935151577,0.3151746988296509,0.0081778857856988,0.3284285068511963,0.0030724387615919,0.4410390555858612,0.2146955132484436,0.3759642839431762,0.4015506207942962,1.2193869352340698,1.3745263,1.374049,92,29810,29902,0.9045205,0.2184679508209228,0.73696434,0.9858742356300354,0.94815356,3.2883046,9.386537,0.0,1.1746798,2.754689931869507,3.6623148918151855,1.8263994455337524,0.2446517795324325,3.2899513,9.386537,0.0,1.1766684,control,0.32644310392811854,0.0
A549,2,control,14,1,0,2,0.3548246920108795,0.0108468383550643,0.3614327311515808,0.0086604747921228,0.3252736330032348,0.0027265856042504,0.4542925357818603,0.1967740058898925,0.3676236569881439,0.394578754901886,1.0999915599822998,1.4495171,1.4485143,180,62555,62735,0.94215107,0.4449471831321716,0.5130519,0.9914329051971436,0.9090422,4.562459,14.243976,0.0,2.6631575,3.253026962280273,4.1949543952941895,2.4982659816741943,0.1025650799274444,4.5662274,14.243976,0.0,2.6655772,control,0.3403285488738177,0.0
A549,2,control,14,1,0,3,0.1508654057979583,0.0155578143894672,0.2228810489177703,0.0069334241561591,0.2506981492042541,0.0026077812071889,0.3828584849834442,0.0969314575195312,0.2922894656658172,0.3161676824092865,0.8193492889404297,0.673358,0.67465997,600,66679,67279,0.97651714,0.6717547178268433,0.7981371,0.9758687019348145,0.9357718,0.77068406,4.475216,0.0,0.41933224,0.9849625825881958,1.478995680809021,0.5914765000343323,0.0343129336833953,0.768756,4.475216,0.0,0.42237982,control,0.22078840546847722,0.0
A549,2,control,14,1,0,4,0.1357849538326263,0.0178981106728315,0.2392667382955551,0.0067785242572426,0.2353306710720062,0.0037591739092022,0.4508189857006073,0.0779896825551986,0.28376105427742,0.3172620832920074,0.9657609462738036,0.7207688,0.72241044,482,71453,71935,0.92058337,-0.030267656,0.73611635,0.964224100112915,0.93060714,0.5564784,3.010174,0.0,0.31203333,0.996665358543396,1.7733657360076904,0.5188030004501343,0.058359757065773,0.553509,3.010174,0.0,0.31242868,control,0.22210223838396334,0.0
A549,2,control,14,1,0,5,0.1854619532823562,0.0080179730430245,0.2055815309286117,0.0047515830956399,0.2635229825973511,0.0049357018433511,0.4335436522960663,0.1195694059133529,0.3215486705303192,0.3605485558509826,0.8112772107124329,0.54195815,0.54455703,436,44747,45183,0.7230161,0.9699311256408693,0.92767406,0.9874724745750428,0.95761245,1.0821228,3.1725733,0.0,0.24861264,1.440794825553894,2.024810552597046,0.9727714657783508,0.0503394417464733,1.0786282,3.1725733,0.0,0.24927884,control,0.26265140067813303,0.0
A549,2,control,15,1,0,1,0.1639803200960159,0.0314594358205795,0.3178975582122803,0.0120583698153495,0.3055786490440368,0.0039135655388236,0.5340691208839417,0.1514249891042709,0.3550378680229187,0.3882878422737121,0.9386444091796876,0.9018428,0.9021439,525,63666,64191,0.61103827,0.4591685533523559,0.45583013,0.9866600632667542,0.9016443,1.8206439,9.15111,0.0,3.7565992,2.964068651199341,6.006113052368164,1.8046061992645264,0.3341132700443268,1.8112153,9.15111,0.0,3.7739513,control,0.3327024094285623,0.0
A549,2,control,15,1,0,2,0.2622518837451935,0.0255619678646326,0.3307922780513763,0.0095700453966856,0.2701181173324585,0.005481544882059,0.4994085729122162,0.0350171774625778,0.3281000554561615,0.3636673092842102,0.7951252460479736,0.90953207,0.9087153,395,54932,55327,0.9363485,0.88135826587677,0.65240604,0.981095850467682,0.943929,2.3060622,7.1205897,0.0,1.8878331,2.055928945541382,3.824045181274414,1.1483105421066284,0.1093895211815834,2.3078606,7.1205897,0.0,1.9001682,control,0.29934616865103103,0.0
A549,2,control,15,1,0,3,0.3139437735080719,0.0224443562328815,0.352552056312561,0.0115930968895554,0.3301670253276825,0.0052928291261196,0.5093172788619995,0.0583108477294445,0.3882057666778564,0.4182964563369751,0.8745647668838501,1.0180345,1.0167342,667,72932,73599,0.84541476,0.8324795365333557,0.56464106,0.9857257008552552,0.91674626,3.0410697,9.006531,0.0,2.2976022,2.29754900932312,3.705281972885132,1.4824641942977903,0.1238079592585563,3.0478694,9.006531,0.0,2.3123806,control,0.3100147663494893,0.0
A549,2,control,15,1,0,4,0.2014355957508087,0.0235635805875062,0.281931608915329,0.0102854846045374,0.2905561327934265,0.00609931955114,0.5005324482917786,0.0338050797581672,0.3533307611942291,0.387261152267456,0.8326532244682312,0.7441427,0.7453128,629,46954,47583,0.85965496,0.7857971787452698,0.72893935,0.9825890064239502,0.9432934,1.7763351,8.974728,0.0,1.6518978,2.08704686164856,3.4508132934570312,1.2357388734817505,0.1381190121173858,1.7721728,8.974728,0.0,1.6708655,control,0.300813853754759,0.0
A549,2,control,15,1,0,5,0.2224287688732147,0.0395571775734424,0.372805655002594,0.0102391503751277,0.2675698101520538,0.0030553864780813,0.4372878968715668,0.0888607203960418,0.3126307427883148,0.3383155465126037,0.9029191136360168,1.7437769,1.7291979,577,32702,33279,0.86580575,0.2023339867591858,0.34296596,0.9875932335853576,0.91877824,2.3172805,9.153027,0.0,4.317569,2.3013269901275635,3.401252269744873,1.5252166986465454,0.1052019447088241,2.317562,9.153027,0.0,4.3918853,control,0.31016918110587116,0.0
A549,2,control,16,1,0,1,0.2435024380683899,0.0324342250823974,0.3479557335376739,0.0100021492689847,0.3598921597003937,0.0042706253007054,0.5183677077293396,0.1774833351373672,0.413021981716156,0.4452229142189026,0.934849977493286,0.7776347,0.77843434,388,75899,76287,0.7424957,0.947924554347992,0.8042549,0.9903383851051332,0.93016803,2.0596924,7.5554075,0.0,2.3363929,2.2627604007720947,3.2653074264526367,1.4063949584960938,0.1131391450762748,2.0586545,7.5554075,0.0,2.3475463,control,0.3085760689060685,0.0
A549,2,control,16,1,0,2,0.1569483876228332,0.0301294960081577,0.3109315633773803,0.01181151997298,0.2541221976280212,0.0106788482517004,0.4825372695922851,0.0,0.3398359417915344,0.3879238367080688,0.9860594868659972,1.190334,1.1892251,222,40672,40894,0.92006665,0.7364223599433899,0.58940357,0.9885749816894532,0.9320152,2.2951114,10.953662,0.0,6.1571565,3.075278282165528,5.154619216918945,2.0431811809539795,0.2418735027313232,2.290853,10.953662,0.0,6.186102,control,0.3357654504803375,0.0
A549,2,control,17,1,0,1,0.2249968498945236,0.0306986421346664,0.3248036503791809,0.0118987001478672,0.3006766140460968,0.0029871724545955,0.4364616572856903,0.1601628363132476,0.345670223236084,0.368776798248291,0.9269430041313172,1.3192981,1.3182652,161,60990,61151,0.9468303,0.735215961933136,0.612996,0.9865431189537048,0.9366726,3.5102828,12.969164,0.0,6.958584,2.524610757827759,3.931116819381714,1.6002583503723145,0.1942078918218612,3.5128849,12.969164,0.0,6.9738693,control,0.318707380680253,0.0
A549,2,control,17,1,0,2,0.2594321966171264,0.0116956271231174,0.2720946371555328,0.008821090683341,0.3362337350845337,0.0028390237130224,0.44144207239151,0.1948862671852111,0.3796173334121704,0.4007009863853454,1.0152934789657593,0.97694725,0.97713643,259,52236,52495,0.92879355,0.9290164709091188,0.8806063,0.9939374327659608,0.9626189,2.838955,8.328737,0.0,1.0970553,2.13867712020874,3.031022548675537,1.3911052942276,0.1159581691026687,2.8424273,8.328737,0.0,1.0994762,control,0.30318480864542335,0.0
A549,2,control,17,1,0,3,0.1587996184825897,0.0046750074252486,0.1643658131361007,0.0039239833131432,0.1640603989362716,0.0020671973470598,0.3283112347126007,0.0340352617204189,0.2006488740444183,0.2238042950630188,0.8670824766159058,0.8428227,0.84334004,1276,58579,59855,0.87189347,0.6623256206512451,0.7615596,0.9793026447296144,0.9574995,0.9521556,2.5872536,0.0,0.113159984,0.9402614831924438,1.5283927917480469,0.5269036293029785,0.0241571124643087,0.95241475,2.5872536,0.0,0.115095526,control,0.21562406968136455,0.0
A549,2,control,17,1,0,4,0.1694649904966354,0.0182733815163373,0.2462705224752426,0.0076403738930821,0.2312863320112228,0.0050217830576002,0.4631837904453277,0.062514841556549,0.2876684665679931,0.3284732401371002,0.7339940667152405,0.72399634,0.7241053,836,75915,76751,0.9964277,0.5967694520950317,0.80884504,0.9724123477935792,0.95058775,1.2534982,5.077438,0.0,0.96370625,1.280041217803955,2.231964588165283,0.8025115132331848,0.0628541335463523,1.2532059,5.077438,0.0,0.97361875,control,0.24979866395686495,0.0
A549,2,control,18,1,0,1,0.1478835940361023,0.019807556644082,0.2478643208742141,0.0084173353388905,0.2450654953718185,0.0047600474208593,0.5018365383148193,0.0386092104017734,0.3003994226455688,0.3343519568443298,1.0867977142333984,1.1368693,1.1357152,1400,59335,60735,0.94328815,0.3139947652816772,0.72986954,0.9778177738189696,0.9388888,2.029588,9.609734,0.0,3.6575656,2.5964837074279785,5.410416126251221,1.620173454284668,0.2901536226272583,2.0162125,9.609734,0.0,3.729256,control,0.3212301936998475,0.0
A549,2,control,19,1,0,1,0.2378329634666443,0.0190560240298509,0.2906278073787689,0.007942478172481,0.3006041646003723,0.0026950046885758,0.4438092708587646,0.1486883014440536,0.342130571603775,0.3676791787147522,1.0933868885040283,1.1932498,1.1910613,709,31642,32351,0.9586626,0.2329034358263015,0.80509484,0.9867106080055236,0.9622733,2.2864246,7.3130264,0.0,1.6549821,1.9778889417648315,3.121539831161499,1.3058602809906006,0.0724892616271972,2.2933378,7.3130264,0.0,1.6882592,control,0.295530467196068,0.0
A549,2,control,19,1,0,2,0.2383161634206771,0.0173439104110002,0.280897706747055,0.0084818080067634,0.3293282091617584,0.000967176107224,0.4008865356445312,0.2652912437915802,0.3551979959011078,0.3698495030403137,1.0079883337020874,1.0196496,1.019625,93,43906,43999,0.99917394,0.410199910402298,0.8532136,0.9948598742485046,0.95485747,2.413295,7.0783467,0.0,1.6434293,1.81380307674408,2.121748924255371,1.3729153871536257,0.0218939650803804,2.4145646,7.0783467,0.0,1.6461011,control,0.28681726426891224,0.0
A549,2,control,19,1,0,3,0.3044023215770721,0.0173060782253742,0.3370342254638672,0.0081632137298583,0.3497189283370971,0.0037644149269908,0.5024411082267761,0.1794478744268417,0.3999167382717132,0.4257711172103882,0.8014298677444458,0.7465702,0.74723285,769,62894,63663,0.96513474,0.8779079914093018,0.8671313,0.9827752709388732,0.9561558,2.051977,5.8365984,0.0,0.84328926,1.801854968070984,2.8747127056121826,1.1734408140182495,0.0723638385534286,2.055035,5.8365984,0.0,0.8519409,control,0.28614294019028796,0.0
A549,2,control,19,1,0,4,0.319794237613678,0.0151672512292861,0.3470765352249145,0.006992157548666,0.3304106593132019,0.0033151959069073,0.4929976463317871,0.1312430053949356,0.3767580687999725,0.4012842178344726,1.1422630548477173,1.2138246,1.2123615,1201,57534,58735,0.8609714,0.6963484287261963,0.8130206,0.9888784885406494,0.9477473,3.5951211,10.034762,0.0,2.1291542,3.119363307952881,5.045206546783447,2.1873087882995605,0.2065585106611251,3.605052,10.034762,0.0,2.1644635,control,0.33693390708506177,0.0
A549,2,control,2,1,0,1,0.1105010658502578,0.0069143990986049,0.1335853487253189,0.0052751321345567,0.1632517874240875,0.0045094965025782,0.4045665562152862,0.0,0.2204956263303756,0.2509699165821075,0.7781288027763367,0.7683743,0.768525,714,45493,46207,0.6822253,0.4548462033271789,0.7568145,0.9189839959144592,0.9428467,1.109256,4.2415576,0.0,0.37633926,1.0844776630401611,2.065519094467163,0.4600619673728943,0.1385562568902969,1.1096448,4.2415576,0.0,0.38006136,control,0.2314899923889822,0.0
A549,2,control,2,1,0,2,0.2057971358299255,0.0078504933044314,0.2123516798019409,0.0067086587660014,0.1936690211296081,0.0030129188671708,0.3895686566829681,0.0356256403028965,0.2365406304597854,0.2654994130134582,0.7220814824104309,0.9813616,0.9764301,1339,69060,70399,0.8046316,0.7858613729476929,0.55745876,0.9765140414237976,0.9187045,1.5664064,5.6002607,0.0,0.48265353,1.1406952142715454,2.4503207206726074,0.5825936794281006,0.0492990911006927,1.5746602,5.6002607,0.0,0.4874737,control,0.2370956774628475,0.0
A549,2,control,2,1,0,3,0.3674986362457275,0.033778827637434,0.4207442998886108,0.0162701159715652,0.2943783402442932,0.0063948673196136,0.4474016726016998,0.067485362291336,0.3588797748088836,0.3860769271850586,0.9321348667144777,1.0568097,1.0560153,575,89680,90255,0.634584,0.0416937433183193,0.41745046,0.9242133498191832,0.89398175,3.4793427,10.91814,0.0,3.1186714,3.284730911254883,6.318535327911377,1.1664005517959597,1.2492214441299438,3.4805906,10.91814,0.0,3.1304133,control,0.3411026550398244,0.0
A549,2,control,2,1,0,4,0.1619692295789718,0.0110392486676573,0.1926806420087814,0.0072149350307881,0.1483209580183029,0.0041431221179664,0.3722798228263855,0.0,0.1984703689813614,0.2349176406860351,0.9333024621009828,1.1529459,1.1496116,945,61310,62255,0.8335739,0.3896700143814087,0.5019791,0.9652947783470154,0.93459594,1.1531535,4.3635306,0.0,0.43454903,0.9991421103477478,1.81780219078064,0.5243646502494812,0.0657791644334793,1.1555272,4.3635306,0.0,0.4398617,control,0.2223783231176085,0.0
A549,2,control,2,1,0,5,0.0871003940701484,0.0089709674939513,0.1544086039066314,0.0055104554630815,0.1422362476587295,0.0030080485157668,0.2978346943855285,0.0,0.186459019780159,0.2129514664411544,0.7785877585411072,0.60716295,0.6098664,1656,103351,105007,0.8374571,0.5673152208328247,0.7458737,0.974604308605194,0.9443546,0.45915723,3.1361468,0.0,0.21735877,0.7417013049125671,1.6009340286254885,0.0,0.0305842105299234,0.45463005,3.1361468,0.0,0.21905184,control,0.1894803685909514,0.0
A549,2,control,3,1,0,1,0.2504022419452667,0.0096179340034723,0.2606448531150818,0.0073416670784354,0.2351685464382171,0.0018687604460865,0.3667725920677185,0.1131245493888855,0.2690904140472412,0.2933649718761444,0.9194679260253906,1.1971962,1.1950234,525,66577,67102,0.9703128,0.225092351436615,0.64945716,0.9571971893310548,0.910208,2.214894,8.178566,0.0,0.9677497,1.6134073734283447,2.682114601135254,0.8787676692008972,0.2181888967752456,2.219637,8.178566,0.0,0.9707849,control,0.2746918538251958,0.0
A549,2,control,3,1,0,2,0.1580772548913955,0.0032293638214468,0.158441349864006,0.0031791150104254,0.1592168807983398,0.0018153985729441,0.2783885598182678,0.0641713142395019,0.1935103684663772,0.2171676754951477,1.0602129697799685,1.1234618,1.1229162,398,45729,46127,0.83808726,-0.523311853,0.5248821,0.9468136429786682,0.92114764,1.1240715,3.4063187,0.0,0.1625053,1.0393190383911133,1.6756020784378052,0.5745115876197815,0.0796855762600898,1.1248091,3.4063187,0.0,0.16316304,control,0.22676319330970818,0.0
A549,2,control,3,1,0,3,0.2154839187860489,0.0167789775878191,0.2570988535881042,0.009320231154561,0.2102200835943222,0.0057829339057207,0.42920583486557,0.0496198572218418,0.2742617428302765,0.314736396074295,0.6665079593658447,0.87703764,0.8738077,921,59110,60031,0.92330253,0.7925634384155273,0.54604167,0.9507603645324708,0.90529317,1.7712027,6.879463,0.0,1.3706136,1.189306139945984,2.1148107051849365,0.6175020933151245,0.094455286860466,1.7802691,6.879463,0.0,1.3851391,control,0.2417107806217133,0.0
A549,2,control,3,1,0,4,0.123971976339817,0.0117923412472009,0.1780362725257873,0.007309584878385,0.1106708124279975,0.0026041124947369,0.2395618110895156,0.0,0.1523634642362594,0.1757703125476837,0.9214521646499634,1.1135074,1.1079599,543,18256,18799,0.7191094,-0.096504778,0.4321016,0.982529878616333,0.9385608,0.9387984,3.5575502,0.0,0.5110487,1.019802451133728,1.669572114944458,0.0,0.0362785086035728,0.93638915,3.5575502,0.0,0.52496827,control,0.22465496003285645,0.0
A549,2,control,4,1,0,1,0.2572310864925384,0.0097586484625935,0.2702213227748871,0.0067412294447422,,,,,,,,1.163486,1.163486,0,17327,17327,0.8625568,,0.7204737,,0.9679468,2.127637,5.002841,0.0,0.40027067,,,,,2.127637,5.002841,0.0,0.40027067,,,
A549,2,control,4,1,0,2,0.1544676721096038,0.0113455792888998,0.1915934085845947,0.0069593996740877,0.157197818160057,0.0035223150625824,0.3674606382846832,0.0091033158823847,0.2053578346967697,0.2361355572938919,0.8576388359069824,0.9994152,0.99714535,883,54268,55151,0.97829115,0.5533286333084106,0.78216845,0.975548505783081,0.9506842,1.2662209,5.131111,0.0,0.6234241,1.1353222131729126,2.09928560256958,0.6209453344345093,0.0586496256291866,1.2683507,5.131111,0.0,0.6323301,control,0.23657267043066,0.0
A549,2,control,4,1,0,3,0.1458672285079956,0.0060149799101054,0.1545162796974182,0.0050352136604487,0.1160530820488929,0.0023914519697427,0.3168154954910278,0.0,0.154890701174736,0.1800098866224289,0.7497321963310242,0.93709534,0.9344785,518,36569,37087,0.93666315,0.7895864248275757,0.6724275,0.9798683524131776,0.9502278,2.2445319,7.3282566,0.0,0.7083358,1.568577527999878,2.345698356628418,0.927901566028595,0.0787341892719268,2.2541065,7.3282566,0.0,0.71069014,control,0.27172034991763777,0.0
A549,2,control,5,1,0,1,0.2690498530864715,0.0121591817587614,0.2834688127040863,0.0087234824895858,0.2659153044223785,0.004952578805387,0.473306655883789,0.0660894140601158,0.3229133784770965,0.3617872893810272,0.904297173023224,1.105935,1.1037515,605,55266,55871,0.9255853,0.762787938117981,0.7104648,0.9791253209114076,0.93214494,2.849296,8.063014,0.0,1.301906,2.1307132244110107,3.8725435733795166,1.2285314798355105,0.2032653242349624,2.8571625,8.063014,0.0,1.3082182,control,0.3028241930582579,0.0
A549,2,control,5,1,0,2,0.1166955232620239,0.0068581523373723,0.1408770829439163,0.0048726652748882,0.120160199701786,0.001830500899814,0.2870872616767883,0.0,0.1539761871099472,0.1764843016862869,0.8032864928245544,0.8981577,0.8973043,1000,110167,111167,0.9539088,0.7894018292427063,0.78082925,0.98232901096344,0.95968086,0.63990796,2.9141223,0.0,0.12766014,0.633544385433197,1.102786421775818,0.3624163866043091,0.0135070839896798,0.6399657,2.9141223,0.0,0.12869594,control,0.17256589260827104,0.0
A549,2,control,6,1,0,1,0.1713260263204574,0.0109756346791982,0.2074130028486251,0.0058025601319968,0.2420419454574585,0.0053990944288671,0.406997799873352,0.0613370761275291,0.3035717308521271,0.3354439437389374,0.6559365391731262,0.47019878,0.4723991,916,76411,77327,0.8872937,0.860188364982605,0.8516705,0.960932433605194,0.9446289,1.1262138,3.7970457,0.0,0.39883578,1.3122265338897705,2.127195358276367,0.7032901644706726,0.0869495123624801,1.1239839,3.7970457,0.0,0.4021548,control,0.2525150629130296,0.0
A549,2,control,7,1,0,1,0.2924330532550812,0.0154679454863071,0.3129380047321319,0.0101357633247971,0.2241729944944381,0.0032217653933912,0.3512574136257171,0.0613466724753379,0.2715271115303039,0.2958164513111114,0.9501491189002992,1.863287,1.8518146,752,59103,59855,0.9325853,0.5140171051025391,0.4949449,0.9825482964515686,0.89522237,2.4301422,7.746575,0.0,1.3082222,1.2894943952560425,1.909091591835022,0.7518210411071777,0.0445912182331085,2.4446547,7.746575,0.0,1.307535,control,0.2506044215051044,0.0
A549,2,control,7,1,0,2,0.2586976289749145,0.0412235036492347,0.3858691155910492,0.0124167390167713,0.3298838436603546,0.0084895668551325,0.5711847543716431,0.0856241509318351,0.4026133418083191,0.4395040869712829,1.1402989625930786,1.6816279,1.6735997,774,51417,52191,0.9787526,0.7702749967575073,0.52810115,0.9716575741767884,0.91714996,6.525437,30.481432,0.0,27.049316,5.5876784324646,10.569283485412598,2.465273857116699,2.1973321437835693,6.5395527,30.481432,0.0,27.409979,control,0.37740518999708966,0.0
A549,2,control,8,1,0,1,0.3036238551139831,0.0434406250715255,0.413975179195404,0.0135463159531354,0.2936812043190002,0.003334080800414,0.452909380197525,0.0380981974303722,0.3398143053054809,0.3655728995800018,0.8444207310676575,1.4942669,1.4868937,863,75200,76063,0.9010542,0.484454870223999,0.5019916,0.9766990542411804,0.9052864,3.1032422,10.874313,0.0,4.8198433,2.3283793926239014,3.8462612628936768,0.9725547432899476,0.1957775056362152,3.1121342,10.874313,0.0,4.865939,control,0.31126463304499585,0.0
A549,2,control,8,1,0,2,0.1483502238988876,0.0150718577206134,0.2054174095392227,0.0091470861807465,0.164281740784645,0.0040547582320868,0.3996756672859192,0.0,0.214811310172081,0.244241327047348,1.0432522296905518,1.2868034,1.2817254,1261,59218,60479,0.8649846,0.6523063778877258,0.57499206,0.989443302154541,0.94916975,3.3359804,13.987277,0.0,5.7517133,2.81653094291687,4.499515533447266,1.7533706426620483,0.2211053669452667,3.3470414,13.987277,0.0,5.8636136,control,0.328363286706914,0.0
A549,2,control,9,1,0,1,0.2212397754192352,0.0033766604028642,0.2212397754192352,0.0033766604028642,0.2163603752851486,0.001772679737769,0.3569271266460418,0.117132619023323,0.2489807307720184,0.2723420560359955,0.8964864611625671,1.1073257,1.1032637,909,46273,47182,0.8636001,0.328104019165039,0.68843365,0.9696829915046692,0.93690103,0.91824543,2.3489594,0.20803405,0.08368629,0.8134499788284302,1.219002366065979,0.5196498036384583,0.0207521542906761,0.9203039,2.3489594,0.20803405,0.08470257,control,0.19958786220778396,0.0
A549,2,control,9,1,0,2,0.1030030846595764,0.0087953926995396,0.151859849691391,0.0055478704161942,0.1042780354619026,0.0017587722977623,0.2128719389438629,0.0,0.1383035629987716,0.1590803414583206,0.8388088941574097,1.3235731,1.3180827,517,45130,45647,0.8589009,0.6579405665397644,0.6202967,0.980164349079132,0.9373138,0.6072304,3.057795,0.0,0.24952371,0.5290819406509399,0.8577821254730225,0.2811167538166046,0.0099407657980918,0.6081257,3.057795,0.0,0.2521975,control,0.15395756504914668,0.0
A549,2,control,9,1,0,3,0.1823276132345199,0.0029074847698211,0.1825601160526275,0.0028687440790235,0.1988701522350311,0.0040670381858944,0.4210588932037353,0.0631637051701545,0.2476182430982589,0.2907021045684814,0.6384122967720032,0.51929396,0.52108026,989,64962,65951,0.90359616,0.7452765107154846,0.8646194,0.947937786579132,0.96828157,0.8230021,2.022411,0.0,0.024921715,0.8908133506774902,1.7101142406463623,0.5038320422172546,0.0545249842107296,0.82196975,2.022411,0.0,0.02439996,control,0.2096268518043376,0.0
A549,2,control,0,3,0,1,0.0688153430819511,0.0052052563987672,0.1116551980376243,0.0036624118220061,0.1054564639925956,0.0022341753356158,0.2750012278556824,0.0,0.1433123052120208,0.1682574450969696,0.9455511569976808,1.0046993,1.0042415,867,111116,111983,0.9704615,0.815163254737854,0.6386143,0.9902180433273317,0.910451,0.83516717,4.7306113,0.0,0.6482413,0.9127300977706908,1.4519647359848022,0.6073757410049438,0.0188076086342334,0.834562,4.7306113,0.0,0.65310514,control,0.21232324113047285,0.0
A549,2,control,1,3,0,1,0.098107673227787,0.0039042737334966,0.1084037274122238,0.0031978834886103,0.1384234875440597,0.0023684359621256,0.2634163796901703,0.0361385233700275,0.1785776168107986,0.2032601684331894,0.9710330963134766,0.9701408,0.970144,273,75006,75279,0.7633924,0.923040509223938,0.6676809,0.9890215396881104,0.920275,0.80911607,3.4182682,0.0,0.19131549,0.7719698548316956,1.193278193473816,0.490437239408493,0.0169102530926466,0.8092512,3.4182682,0.0,0.19194523,control,0.19384422512320262,0.0
A549,2,control,1,3,0,2,0.1273075640201568,0.0053727901540696,0.1371548175811767,0.0044377758167684,0.129385307431221,0.002278471365571,0.2577994167804718,0.0461930856108665,0.1681445837020874,0.1976490765810012,0.9646433591842652,1.1220616,1.1215868,158,52223,52381,0.7900983,0.3439953923225403,0.5285855,0.984769880771637,0.9059119,1.0202341,4.1820164,0.0,0.30030587,0.8982769250869751,1.2377163171768188,0.5810295939445496,0.0208747498691082,1.0206032,4.1820164,0.0,0.3011061,control,0.2105520770901325,0.0
A549,2,control,1,3,0,3,0.0583991855382919,0.0045052804052829,0.102012500166893,0.0034207822754979,0.0782879963517189,0.0019515469903126,0.188029944896698,0.0,0.1146777868270874,0.1351595968008041,0.7854048013687134,0.89437866,0.8937666,254,44977,45231,0.6742858,0.4737473726272583,0.34006023,0.978035032749176,0.9054539,0.4735983,2.4197934,0.0,0.20850496,0.6061097979545593,0.9075074791908264,0.2611246705055237,0.0140597466379404,0.47284997,2.4197934,0.0,0.2095033,control,0.16791323473439904,0.0
A549,2,control,1,3,0,4,0.0210183095186948,0.0018151877447962,0.0763134807348251,0.0023708343505859,0.0481208562850952,0.0020906596910208,0.1982267946004867,0.0,0.084804430603981,0.1133898496627807,0.7742556929588318,0.91192484,0.9099382,885,60442,61327,0.62635285,-0.009928292,0.22683406,0.966186821460724,0.94042325,0.29688647,2.189285,0.0,0.22015429,0.8469852209091187,1.664435863494873,0.2445564568042755,0.0568144619464874,0.28883198,2.189285,0.0,0.21805027,control,0.20404279646742118,0.0
A549,2,control,1,3,0,5,0.0603257603943347,0.0065072271972894,0.1303396821022033,0.0049339053221046,0.0703849494457244,0.0021575416903942,0.2098713964223861,0.0,0.1076250076293945,0.1335798650979995,0.8620463013648987,1.4435016,1.4405594,284,55843,56127,0.6630911,0.3288824558258056,0.24271902,0.9828328490257264,0.9045674,1.3047514,6.4508786,0.0,2.1880815,1.5404998064041138,2.186278343200684,0.8566755652427673,0.0805343016982078,1.3035524,6.4508786,0.0,2.1985157,control,0.26980583447538065,0.0
A549,2,control,1,3,0,6,0.0188021454960107,0.0023158953990787,0.1056782752275466,0.0038356713484972,0.107663407921791,0.0037547666579484,0.3082134425640106,0.0,0.157043382525444,0.1849324107170105,0.9423868656158448,1.081843,1.0810016,136,22407,22543,0.55435073,0.0914435982704162,0.13408127,0.9870260953903198,0.9018506,0.41084254,4.192971,0.0,0.7680826,2.009207248687744,2.488298892974853,1.2552807331085205,0.0998633056879043,0.40114164,4.192971,0.0,0.75653857,control,0.29708552499127316,0.0
A549,2,control,10,3,0,1,0.0854096263647079,0.0033312120940536,0.103399783372879,0.0021726994309574,0.0989551171660423,0.0010204699356108,0.190769538283348,0.0033758936915546,0.124640978872776,0.1404397636651992,1.0185719728469849,1.1246871,1.121929,400,14990,15390,0.97102547,0.3453595340251922,0.8482975,0.9910534620285034,0.97737527,0.6800869,1.6955515,0.0,0.11262524,0.6721246838569641,0.9049092531204224,0.464883416891098,0.0055700885131955,0.6802993,1.6955515,0.0,0.115479834,control,0.17885045208020722,0.0
A549,2,control,10,3,0,2,0.0457933992147445,0.0022786508779972,0.0704536139965057,0.0017683269688859,0.0546498708426952,0.0008354915189556,0.14557446539402,0.0,0.0778758749365806,0.0923764631152153,0.832014799118042,0.9352538,0.9342145,590,58017,58607,0.7750907,0.8834296464920044,0.7244286,0.9901397228240968,0.9472678,0.3011618,1.4578756,0.0,0.06137639,0.3119372725486755,0.4822826385498047,0.2002817094326019,0.0021961515303701,0.3010522,1.4578756,0.0,0.06197701,control,0.10579449135277745,0.0
A549,2,control,10,3,0,3,0.0954507291316986,0.0023249527439475,0.0981112569570541,0.0021287300623953,0.0859991088509559,0.0008586768526583,0.2057904005050659,0.0123806241899728,0.1089221984148025,0.1245641335844993,0.8246778249740601,1.010463,1.0076193,600,38598,39198,0.8006821,0.5966227650642395,0.39274496,0.9925344586372375,0.9007512,0.7155474,2.6369722,0.0,0.13626453,0.6185938715934753,0.8700644969940186,0.4614363312721252,0.0039231651462614,0.7170544,2.6369722,0.0,0.13817328,control,0.17004997657167542,0.0
A549,2,control,10,3,0,4,0.1330861300230026,0.0068083009682595,0.1521172970533371,0.0048869121819734,0.1651981770992279,0.0015995081048458,0.2834688127040863,0.0036475916858762,0.1972502768039703,0.2148166745901107,1.0197888612747192,1.1648153,1.162484,741,45354,46095,0.9422956,0.8406888246536255,0.64941597,0.993809461593628,0.9178049,1.3159581,4.378816,0.0,0.56555945,1.1770086288452148,1.550595998764038,0.8280854821205139,0.0139157250523567,1.3182284,4.378816,0.0,0.5742515,control,0.24056273424358995,0.0
A549,2,control,11,3,0,1,0.0396022461354732,0.0050906287506222,0.1441947370767593,0.0034536726307123,0.1281207799911499,0.0017852032324299,0.2403056323528289,0.0228691976517438,0.1631100326776504,0.182939812541008,0.9490922689437866,1.4593319,1.4559697,200,30151,30351,0.7328171,-0.165769368,0.16720635,0.9872286915779114,0.9412482,0.4232233,2.612174,0.0,0.48858452,1.2395200729370115,1.7549184560775757,0.8192158937454224,0.0298432353883981,0.41780874,2.612174,0.0,0.48717818,control,0.24626770308696094,0.0
A549,2,control,11,3,0,2,0.4234470725059509,0.011391851119697,0.4302874207496643,0.0086325574666261,,,,,,,,1.4900167,1.4900167,0,80831,80831,0.81874996,,0.6612907,,0.92678285,5.0052943,9.34771,0.0,1.6113997,,,,,5.0052943,9.34771,0.0,1.6113997,,,
A549,2,control,12,3,0,1,0.331989049911499,0.0062594329938292,0.3360526859760284,0.0049704490229487,0.3913643658161163,0.0044874600134789,0.4922923445701599,0.2447162866592407,0.4451521039009094,0.4611896872520447,0.8964045643806458,1.0850058,1.0837024,200,28743,28943,0.9986354,0.9817607402801514,0.84764755,0.9931102395057678,0.9577163,3.3763077,6.527613,0.0,0.8394008,2.31992244720459,2.499729871749878,1.9281795024871824,0.0133368158712983,3.3836582,6.527613,0.0,0.8373297,control,0.3109240981513406,0.0
A549,2,control,12,3,0,2,0.2058562785387039,0.0041727358475327,0.2087363600730896,0.0036299407947808,0.3085834681987762,0.002963931299746,0.4059445559978485,0.135112777352333,0.3509381711483001,0.3645434379577636,0.9332985281944276,0.58488375,0.5880028,545,60334,60879,0.85579395,0.958055019378662,0.96491367,0.9954692721366882,0.9613072,0.9093846,3.0986829,0.0,0.069779366,1.062981128692627,1.3046404123306274,0.5089098811149597,0.0145235015079379,0.9079972,3.0986829,0.0,0.07006346,control,0.22926573622338176,0.0
A549,2,control,12,3,0,3,0.0904354378581047,0.0223339274525642,0.3122745454311371,0.0078445961698889,0.290796160697937,0.0031463233754038,0.4273961782455444,0.1068134754896164,0.3352314531803131,0.3605013787746429,0.8546701669692993,1.0903836,1.0888119,491,73140,73631,0.6255766,0.9409996271133424,0.4184825,0.9846500754356384,0.8865163,0.8732891,7.6289363,0.0,2.1533844,2.137430429458618,2.498868703842163,1.5135806798934937,0.0436795204877853,0.8648029,7.6289363,0.0,2.156747,control,0.3031284777251555,0.0
A549,2,control,13,3,0,1,0.2861709594726562,0.0054905540309846,0.2867406904697418,0.005338114220649,0.2740219831466675,0.0034797682892531,0.410930871963501,0.1313880085945129,0.3234237432479858,0.3457849025726318,0.9305154085159302,1.3932687,1.3847562,611,32604,33215,0.9101426,0.936837911605835,0.7039938,0.9893566966056824,0.9368948,2.2533348,5.1330714,0.0,0.44357523,1.52647864818573,2.2070298194885254,0.9858155250549316,0.0367920212447643,2.2669556,5.1330714,0.0,0.44111213,control,0.2688338530925271,0.0
A549,2,control,13,3,0,2,0.2819061577320099,0.0550642870366573,0.4626645445823669,0.0067410385236144,0.2971450984477997,0.0009770485339686,0.35840505361557,0.2241032570600509,0.3209048211574554,0.3406977951526642,0.3985739350318908,0.9696834,0.96923846,36,46171,46207,0.84856325,0.4150132536888122,0.66524094,0.9972991943359376,0.9437485,2.6242278,6.805571,0.0,4.764168,2.336232185363769,2.491499900817871,2.016931295394897,0.0142445862293243,2.6244524,6.805571,0.0,4.767806,control,0.3115792947546401,0.0
A549,2,control,13,3,0,3,0.0766004100441932,0.0105087636038661,0.191910445690155,0.0041988738812506,0.1907171010971069,0.003004741622135,0.3807162940502167,0.0052783358842134,0.2344212085008621,0.2612197697162628,1.127328395843506,1.2870643,1.2847449,1208,81991,83199,0.85395896,0.3228437900543213,0.4827412,0.982097029685974,0.94258696,0.4770064,2.744564,0.0,0.3820682,0.9740558862686156,1.528687834739685,0.4306619465351105,0.0265734624117612,0.46968326,2.744564,0.0,0.38361216,control,0.2195499217318054,0.0
A549,2,control,14,3,0,1,0.0393731892108917,0.0064465799368917,0.1788743436336517,0.0043339529074728,0.1961933523416519,0.0012228606501594,0.2893590927124023,0.0858271643519401,0.2237565666437149,0.242736130952835,0.7986428737640381,0.6609787,0.6614385,187,55796,55983,0.8670966,0.9252594709396362,0.6721257,0.98820298910141,0.91967213,0.22326836,2.2179246,0.0,0.19016069,0.864166259765625,1.1723624467849731,0.6053110361099243,0.0105980830267071,0.22112043,2.2179246,0.0,0.18938127,control,0.20626308906726956,0.0
A549,2,control,14,3,0,2,0.0146568343043327,0.0017348998226225,0.1110232025384903,0.0024426879826933,0.1136919185519218,0.0016793755348771,0.2231126874685287,0.0022761144209653,0.1467005461454391,0.1674211770296096,0.8060230016708374,0.69577193,0.69638014,600,108151,108751,0.97629946,0.717479944229126,0.6881977,0.9840327501296996,0.94307953,0.07020316,1.3481497,0.0,0.03478464,0.5376118421554565,0.8281906843185425,0.3240552544593811,0.0074602095410227,0.06761009,1.3481497,0.0,0.033717483,control,0.15557183215501505,0.0
A549,2,control,2,3,0,1,0.010297960601747,0.0009123919880948,0.0731569826602935,0.0018830806948244,0.0472788251936435,0.0014577419497072,0.1769060045480728,0.0,0.0782207548618316,0.0999574288725853,0.5577589869499207,0.8248217,0.82217246,672,67071,67743,0.37210807,0.3106127381324768,0.1135152,0.98355633020401,0.85633785,0.115523435,2.3390322,0.0,0.08750212,0.544657289981842,0.9416930675506592,0.2694612741470337,0.0121499057859182,0.11122391,2.3390322,0.0,0.08639351,control,0.15689172478743474,0.0
A549,2,control,2,3,0,2,0.0272193159908056,0.0035117836669087,0.1261948645114898,0.0037912121042609,0.0978112295269966,0.001984384143725,0.2473403513431549,0.0,0.1338692456483841,0.1568756401538849,0.6976608633995056,0.8593735,0.857941,1046,117033,118079,0.4867918,0.137008398771286,0.36687303,0.9746820330619812,0.8810803,0.28986618,3.8541048,0.0,0.34580025,1.0025064945220947,1.7895461320877075,0.4850419163703918,0.0631943643093109,0.2834969,3.8541048,0.0,0.34374654,control,0.22275225873685964,0.0
A549,2,control,2,3,0,3,0.1243115067481994,0.0107614276930689,0.1745610237121582,0.0063398303464055,0.152879312634468,0.0013815312413498,0.2348023205995559,0.0481196828186512,0.1831760257482528,0.200515404343605,0.9429765939712524,1.2805918,1.2792484,380,95123,95503,0.92789525,0.712615966796875,0.4798159,0.9908327460289,0.87870413,1.202903,4.942019,0.0,0.9618927,0.9029459357261658,1.1465755701065063,0.564870297908783,0.0120555441826581,1.2041012,4.942019,0.0,0.96532637,control,0.21112718282740678,0.0
A549,2,control,4,3,0,1,0.1787772327661514,0.0162123199552297,0.247205838561058,0.0055017885752022,0.2116835564374923,0.001692131976597,0.3721425831317901,0.1020287498831749,0.244622990489006,0.2651721835136413,1.2144054174423218,1.8259798,1.8209426,471,56712,57183,0.9259021,0.884830117225647,0.7893973,0.9826780557632446,0.94983584,1.827575,5.4060316,0.0,1.5917989,1.4752967357635498,2.349557876586914,0.7264949679374695,0.0820573046803474,1.8305006,5.4060316,0.0,1.6032981,control,0.2651923350761037,0.0
A549,2,control,4,3,0,2,0.0327218174934387,0.0027482996229082,0.0924244672060012,0.0022447290830314,0.0767934843897819,0.0020053789485245,0.2142889350652694,0.0,0.1133006960153579,0.1364441812038421,0.7651185989379883,1.0101978,1.0051829,532,25467,25999,0.6113123,0.4793121516704559,0.17877433,0.9857212901115416,0.9381433,0.22469762,1.2279404,0.0,0.09669017,0.5241985321044922,0.8094580173492432,0.3059049248695373,0.0074658384546637,0.21844137,1.2279404,0.0,0.09664106,control,0.1530252566091283,0.0
A549,2,control,4,3,0,3,0.0133228879421949,0.0016261022537946,0.1055278182029724,0.0031498330645263,0.1112874820828437,0.0015181645285338,0.1930713504552841,0.0017286502989009,0.1417217850685119,0.1626797765493393,1.0215320587158203,0.85923266,0.85955435,65,32734,32799,0.61958104,-0.000520374,0.6005184,0.9946466088294984,0.94687617,0.29347214,3.4603086,0.0,0.5743101,2.135160207748413,2.470604181289673,1.3293229341506958,0.0520080402493476,0.28981522,3.4603086,0.0,0.5685988,control,0.3030257841473392,0.0
A549,2,control,4,3,0,4,0.0231219809502363,0.0028232412878423,0.1161605045199394,0.0033760343212634,0.111756645143032,0.0026719430461525,0.2790634632110595,0.0,0.1528398692607879,0.1790449619293213,1.0396608114242554,1.1950115,1.1934416,356,34875,35231,0.76274925,0.2836319208145141,0.43244216,0.9922814965248108,0.92935115,0.51589376,4.116112,0.0,1.0563996,2.0852458477020264,2.4960994720458984,1.4174177646636963,0.0697895884513855,0.49987444,4.116112,0.0,1.0410739,control,0.3007297156098788,0.0
A549,2,control,4,3,0,5,0.1416967064142227,0.0017501480178907,0.1423531770706176,0.0016648068558424,0.1919151395559311,0.0004613866913132,0.2481532394886016,0.1494088321924209,0.2095432132482528,0.2206699848175048,0.9993544816970824,1.2633014,1.2629459,66,48941,49007,1.0,0.6648244261741638,0.8951391,0.9991741180419922,0.97112155,1.331605,2.6418114,0.0,0.07540971,0.9028101563453674,0.9711199402809144,0.8112601637840271,0.0014070621691644,1.3321832,2.6418114,0.0,0.07526122,control,0.21111049803651005,0.0
A549,2,control,5,3,0,1,0.0477384366095066,0.0041470034047961,0.1067197248339653,0.0029761996120214,0.0666936412453651,0.001742121647112,0.2040605992078781,0.0,0.1008121445775032,0.1223055943846702,0.7193753123283386,1.3808318,1.3667504,780,35859,36639,0.72742885,0.4737638533115387,0.19639161,0.9700151681900024,0.92886287,0.73920506,3.041806,0.0,0.72396225,0.9438931941986084,1.7744923830032349,0.4652585387229919,0.0470904968678951,0.7347529,3.041806,0.0,0.7377539,control,0.21605250718042354,0.0
A549,2,control,5,3,0,2,0.1457794308662414,0.0054457471705973,0.1643669754266739,0.0030849266331642,0.149252712726593,0.0011595181422308,0.2680267691612243,0.0519263073801994,0.1766373962163925,0.1933827847242355,1.1029828786849976,1.2081405,1.205734,1477,63066,64543,0.89548534,0.5333657264709473,0.809448,0.9885531067848206,0.96548086,1.5621538,3.8253267,0.0,0.45289612,1.47074294090271,2.1316187381744385,0.9038614630699158,0.0411409251391887,1.5642946,3.8253267,0.0,0.46233898,control,0.26486103046129195,0.0
A549,2,control,5,3,0,3,0.2621646225452423,0.0079529657959938,0.2756625711917877,0.0046415608376264,0.2455565929412841,0.0008003252441994,0.3090905845165252,0.1800559908151626,0.267577975988388,0.2803003787994385,0.6874250173568726,1.0097408,1.0094362,40,42295,42335,0.97183514,0.8024082183837891,0.8440729,0.9975345134735109,0.96369255,3.5303497,7.143825,0.0,1.1647944,2.342082262039185,2.498919725418091,2.014763593673706,0.0160457380115985,3.5314739,7.143825,0.0,1.1645442,control,0.31181274643813645,0.0
A549,2,control,5,3,0,4,0.2275343090295791,0.0020999566186219,0.227573424577713,0.0020914115011692,0.2060402184724807,0.0016377681167796,0.3040447831153869,0.1054646670818328,0.2396196871995926,0.2610216736793518,1.069145917892456,1.4663179,1.4621805,424,40279,40703,0.9979651,0.9868868589401244,0.9154918,0.9966097474098206,0.97429913,2.977802,5.651148,0.0,0.2375347,2.0440011024475098,2.49918794631958,1.5263519287109375,0.0637920275330543,2.9876318,5.651148,0.0,0.23008814,control,0.2987756330949781,0.0
A549,2,control,6,3,0,1,0.082778014242649,0.0025860872119665,0.0936400145292282,0.0019083117367699,0.0888812541961669,0.0007854268187656,0.1813930422067642,0.0290217529982328,0.11076470464468,0.1263386607170105,1.0656614303588867,1.0573636,1.0575787,400,15038,15438,0.952552,-0.059751969,0.83220506,0.9899152517318726,0.97509456,0.81742454,1.8902122,0.0,0.10282306,0.7857710123062134,1.052752137184143,0.5473225712776184,0.0084110321477055,0.8182664,1.8902122,0.0,0.10530666,control,0.1957848530107531,0.0
A549,2,control,6,3,0,2,0.1023468077182769,0.0023144364822655,0.1049434468150138,0.0021006560418754,0.0938593596220016,0.0009819108527153,0.2174325287342071,0.0239211935549974,0.1188426166772842,0.1355219334363937,0.9211180210113524,1.0620453,1.0589068,1162,51013,52175,0.726692,0.3564406037330627,0.3813018,0.9759358763694764,0.9056001,0.77004874,2.7931669,0.0,0.14376922,0.6773364543914795,1.1702016592025757,0.3843876421451568,0.0202138852328062,0.77216053,2.7931669,0.0,0.14638332,control,0.17967726127450287,0.0
A549,2,control,6,3,0,3,0.1443203389644622,0.0062588131986558,0.1582183390855789,0.0046626166440546,0.1697609722614288,0.0021228087134659,0.3161499500274658,0.0507678315043449,0.2071332484483719,0.2286689579486847,1.0154650211334229,1.0026995,1.0028216,556,57571,58127,0.92156214,0.9323829412460328,0.66934896,0.9917951226234436,0.91660285,1.3469108,4.4832563,0.0,0.5315941,1.2625572681427002,1.8395969867706297,0.8569179177284241,0.0272597782313823,1.3477253,4.4832563,0.0,0.5363953,control,0.24829064735136736,0.0
A549,2,control,7,3,0,1,0.1188907101750373,0.0045428085140883,0.1362804174423217,0.0028373897075653,0.197490245103836,0.0013782075839117,0.2955798804759979,0.0931967422366142,0.2279170155525207,0.2458626329898834,0.9483803510665894,0.75700057,0.75881934,482,50237,50719,0.9399752,0.9871773719787598,0.9596349,0.9973909258842468,0.9783082,1.1127604,2.677726,0.0,0.22775854,1.2340106964111328,1.608632206916809,0.9997783899307252,0.0098010990768671,1.1115972,2.677726,0.0,0.22970727,control,0.2457777312683791,0.0
A549,2,control,7,3,0,2,0.0836122781038284,0.0016531008295714,0.0857433006167411,0.0015125117497518,0.0944817885756492,0.0013739891583099,0.1829252243041992,0.0113513497635722,0.1244676560163497,0.1463014334440231,1.019638180732727,1.0848069,1.0844561,184,33975,34159,0.9456358,0.524980902671814,0.84557253,0.9916296601295472,0.9716416,0.643095,1.4728781,0.0,0.02377679,0.5911040306091309,0.81447833776474,0.4334112405776977,0.0059622256085276,0.64337665,1.4728781,0.0,0.023858551,control,0.1653005124086721,0.0
A549,2,control,7,3,0,3,0.1270295083522796,0.0027090250514447,0.1303530931472778,0.0023466618731617,0.1658710688352584,0.0021488727070391,0.3029449582099914,0.0136744091287255,0.201813742518425,0.2272766232490539,0.8424872756004333,0.5479329,0.5524145,398,25761,26159,0.92665726,0.756251335144043,0.9473707,0.992035984992981,0.97081083,1.6056662,2.952187,0.0,0.10659406,1.7897740602493286,2.48714017868042,1.378585696220398,0.0314400009810924,1.602822,2.952187,0.0,0.10722336,control,0.28545524855380155,0.0
A549,2,control,7,3,0,4,0.0346544347703456,0.0023837669286876,0.0751852020621299,0.0021244338713586,0.0540647469460964,0.0020597553811967,0.2440855801105499,0.0,0.089278444647789,0.1157198399305343,1.2624188661575315,1.1723688,1.1735557,399,29872,30271,0.8185367,0.154346689581871,0.5319029,0.9884228706359864,0.9395826,0.62940675,2.7850358,0.0,0.43729997,1.2509307861328125,1.9168601036071775,0.811992883682251,0.0496799126267433,0.6211053,2.7850358,0.0,0.43724874,control,0.24727487717549193,0.0
A549,2,control,8,3,0,1,0.3051598072052002,0.0123819783329963,0.3295331597328186,0.0053391205146908,0.2896656394004822,0.0041527897119522,0.4272254407405853,0.1347172707319259,0.3430246710777282,0.373530626296997,0.8980433940887451,1.2074466,1.2047293,393,44358,44751,1.0,0.9661428928375244,0.85708606,0.9875109195709229,0.9598208,2.3437023,4.9217553,0.0,0.7200118,1.7155711650848389,2.333580493927002,1.2179079055786133,0.0568752959370613,2.3492675,4.9217553,0.0,0.7223604,control,0.28109712553539,0.0
A549,2,control,8,3,0,2,0.247523695230484,0.0180653557181358,0.3028567433357239,0.0053458116017282,0.3232688307762146,0.0015222519868984,0.3834423422813415,0.1854577660560608,0.3523553907871246,0.3651413917541504,0.8677319884300232,1.2100855,1.209742,54,53737,53791,0.9978681,0.9910404682159424,0.86626285,0.9973075985908508,0.96125245,3.4553454,8.609329,0.0,3.6778078,2.258906602859497,2.493824243545532,1.8492785692214968,0.0216024983674287,3.4565475,8.609329,0.0,3.6800416,control,0.3084148036928066,0.0
A549,2,control,8,3,0,3,0.0832995772361755,0.011009918525815,0.1944340616464615,0.0040905182249844,0.1870333850383758,0.0024512475356459,0.3517480492591858,0.0746768340468406,0.2258349061012268,0.2529296278953552,0.8996495604515076,1.1119753,1.1108484,166,31113,31279,0.7486306,0.4032570719718933,0.504438,0.9943897128105164,0.94626427,1.1626874,5.039698,0.0,1.8971622,2.223909378051758,2.4995346069335938,1.6268317699432373,0.0330944918096065,1.1570255,5.039698,0.0,1.9010667,control,0.3069326688312747,0.0
A549,2,control,8,3,0,4,0.1264140009880066,0.0070712794549763,0.1481949239969253,0.0050618294626474,0.0987263247370719,0.0014588633785024,0.2401671409606933,0.0,0.1280638575553894,0.1504144966602325,0.7578054666519165,1.1305594,1.12583,541,42098,42639,0.8797718,0.866045355796814,0.56399924,0.985410749912262,0.9108997,0.9875321,3.495774,0.0,0.38529715,0.7028778195381165,1.02862286567688,0.4576665461063385,0.0120439762249588,0.99119,3.495774,0.0,0.3890391,control,0.18365603541277034,0.0
A549,2,control,8,3,0,5,0.0574374385178089,0.00298373401165,0.0832060799002647,0.0021782438270747,0.0781140699982643,0.0009357357048429,0.1539778411388397,0.0046064690686762,0.102763220667839,0.1174566820263862,0.8960586786270142,1.108216,1.1070497,200,36182,36382,0.7595801,0.0356387011706829,0.6226957,0.987809419631958,0.9333386,0.72699445,2.637778,0.0,0.2754809,0.7137543559074402,0.9737744331359864,0.4999486804008484,0.0094530200585722,0.72706765,2.637778,0.0,0.27695033,control,0.18531435187118295,0.0
A549,2,control,9,3,0,1,0.196332648396492,0.0089886458590626,0.2185411602258682,0.0051519428379833,,,,,,,,2.219259,2.219259,0,12703,12703,0.8270754,,0.39316335,,0.9126589,3.6528072,7.532799,0.0,2.2267168,,,,,3.6528072,7.532799,0.0,2.2267168,,,
A549,2,control,9,3,0,2,0.1282896548509597,0.001824184320867,0.1290080845355987,0.0017417169874534,0.1131420955061912,0.0004418794997036,0.1817497909069061,0.05961325019598,0.1299057006835937,0.1409868150949478,0.9938786029815674,1.1998252,1.1911616,914,20813,21727,0.85193926,0.1954562664031982,0.6344427,0.99157977104187,0.9603481,1.9529577,4.0709643,0.0,0.17674631,1.6950823068618774,2.202148438,1.2438219785690308,0.0275139212608337,1.9642817,4.0709643,0.0,0.18025109,control,0.2798514831118596,0.0
A549,2,control,9,3,0,3,0.2014865130186081,0.0218146666884422,0.291846215724945,0.0052266400307416,,,,,,,,0.8888416,0.8888416,0,12127,12127,0.56646806,,0.40109468,,0.9101144,2.9014957,7.48872,0.0,4.19672,,,,,2.9014957,7.48872,0.0,4.19672,,,
A549,2,control,9,3,0,4,0.0626867339015007,0.0038215331733226,0.0967589914798736,0.0026018626522272,0.0786212906241417,0.0018584297504276,0.225610002875328,0.0,0.1132773235440254,0.1363714784383773,0.9688363671302797,1.2268955,1.2241601,821,76634,77455,0.9174209,0.656283438205719,0.7161133,0.9824039936065674,0.9546606,0.77432984,2.4806345,0.0,0.3516691,0.7845749855041504,1.3633341789245603,0.4492680430412292,0.018277321010828,0.77422005,2.4806345,0.0,0.35523963,control,0.19561786349825064,0.0
A549,2,control,9,3,0,5,0.1337993443012237,0.0051808580756187,0.1435301154851913,0.0041609853506088,0.1104504838585853,0.0018959767185151,0.2786828577518463,0.0,0.1449704766273498,0.1657914668321609,0.9306381940841676,1.2601318,1.2551055,1420,91667,93087,0.8205435,0.6934141516685486,0.5207743,0.9776415824890136,0.92342,1.8607757,5.304846,0.0,0.62835777,1.4019290208816528,2.308029890060425,0.6598418951034546,0.0681478977203369,1.8678837,5.304846,0.0,0.63372386,control,0.25970165159162145,0.0
A549,2,control,9,3,0,6,0.2533910274505615,0.0099679669365286,0.2700965404510498,0.0061130295507609,0.2812161445617676,0.0057750646956264,0.4385071694850921,0.1306411772966385,0.3435896039009094,0.3806240856647491,0.7068113684654236,0.86414677,0.86357,220,59795,60015,0.86214656,0.9897524118423462,0.901003,0.9835485816001892,0.96412116,2.740109,5.6705866,0.0,0.91411746,2.0701112747192383,2.498362302780152,1.5401437282562256,0.0454747080802917,2.7425735,5.6705866,0.0,0.9156557,control,0.3000187720345201,0.0
