ObjectNumber,Metadata_cell,Metadata_hour,Metadata_treatment,Metadata_site,Metadata_dish,Metadata_concentration,ObjectNumber,Rc,Region_Ed,Region_pixels_sum,Cell_Ed,Cell_pixels_sum
1,MCF7,2.0,A133,0,2,80.0,1,0.15,,0,0.07085160166025162,41
1,MCF7,2.0,A133,0,2,80.0,1,0.2,0.08362621068954468,6,0.07955727726221085,1375
1,MCF7,2.0,A133,0,2,80.0,1,0.25,0.09820449352264404,293,0.09312663972377777,3097
1,MCF7,2.0,A133,0,2,80.0,1,0.3,0.11326438188552856,384,0.10526810586452484,1806
1,MCF7,2.0,A133,0,2,80.0,1,0.35,0.12771622836589813,307,0.1189638301730156,1041
1,MCF7,2.0,A133,0,2,80.0,1,0.4,0.14174185693264008,462,0.13693401217460632,882
1,MCF7,2.0,A133,0,2,80.0,1,0.45,0.15239110589027405,474,0.1520412564277649,703
1,MCF7,2.0,A133,0,2,80.0,1,0.5,0.16498731076717377,379,0.16541337966918945,593
1,MCF7,2.0,A133,0,2,80.0,1,0.55,0.17293469607830048,80,0.17339244484901428,168
1,MCF7,2.0,A133,0,2,80.0,1,0.6,,1,,6
2,MCF7,2.0,A133,0,2,80.0,2,0.11,,0,0.04217100143432617,79
2,MCF7,2.0,A133,0,2,80.0,2,0.16,,0,0.05458309128880501,1970
2,MCF7,2.0,A133,0,2,80.0,2,0.21,0.07865852117538452,10,0.07501627504825592,4874
2,MCF7,2.0,A133,0,2,80.0,2,0.26,0.09349336475133896,421,0.08738858997821808,7651
2,MCF7,2.0,A133,0,2,80.0,2,0.31,0.10123375803232193,1173,0.09687961637973785,3400
2,MCF7,2.0,A133,0,2,80.0,2,0.36,0.11669420450925827,1843,0.11579575389623642,2221
2,MCF7,2.0,A133,0,2,80.0,2,0.41,0.12674209475517273,1352,0.12696543335914612,1416
2,MCF7,2.0,A133,0,2,80.0,2,0.46,0.131959930062294,509,0.13149791955947876,518
2,MCF7,2.0,A133,0,2,80.0,2,0.51,0.13408979773521423,74,0.1311955451965332,79
1,MCF7,2.0,A133,10,2,80.0,1,0.0,,0,0.0,7870
1,MCF7,2.0,A133,10,2,80.0,1,0.05,,0,0.03984817862510681,12
1,MCF7,2.0,A133,10,2,80.0,1,0.1,0.024648383259773254,17,0.03977854922413826,397
1,MCF7,2.0,A133,10,2,80.0,1,0.15,0.03375042974948883,1980,0.03668244183063507,5551
1,MCF7,2.0,A133,10,2,80.0,1,0.2,0.039321813732385635,4011,0.04009127989411354,11178
1,MCF7,2.0,A133,10,2,80.0,1,0.25,0.04573545977473259,3442,0.04501640424132347,7755
1,MCF7,2.0,A133,10,2,80.0,1,0.3,0.05028659477829933,1427,0.05038858950138092,2851
1,MCF7,2.0,A133,10,2,80.0,1,0.35,0.05261722207069397,334,0.05698789656162262,663
1,MCF7,2.0,A133,10,2,80.0,1,0.4,0.05088142678141594,96,0.05905633419752121,178
1,MCF7,2.0,A133,10,2,80.0,1,0.45,0.050571102648973465,20,0.06648547947406769,38
2,MCF7,2.0,A133,10,2,80.0,2,0.0,,0,0.0,14321
2,MCF7,2.0,A133,10,2,80.0,2,0.05,0.018894217908382416,185,0.02250160649418831,250
2,MCF7,2.0,A133,10,2,80.0,2,0.1,0.025593487545847893,9994,0.02884346805512905,14798
2,MCF7,2.0,A133,10,2,80.0,2,0.15,0.028626535087823868,14429,0.03304019942879677,32517
2,MCF7,2.0,A133,10,2,80.0,2,0.2,0.029434576630592346,2656,0.03812094405293465,18263
2,MCF7,2.0,A133,10,2,80.0,2,0.25,0.030945736914873123,74,0.05466098338365555,3844
2,MCF7,2.0,A133,10,2,80.0,2,0.3,,0,0.07882288843393326,633
2,MCF7,2.0,A133,10,2,80.0,2,0.35,,0,0.12165983021259308,119
2,MCF7,2.0,A133,10,2,80.0,2,0.4,,0,0.13641910254955292,33
1,MCF7,2.0,A133,11,2,80.0,1,0.0,,0,0.0,2980
1,MCF7,2.0,A133,11,2,80.0,1,0.6,0.0778745636343956,38,0.08085804432630539,41
1,MCF7,2.0,A133,11,2,80.0,1,0.65,0.07622414082288742,95,0.07751870155334473,120
1,MCF7,2.0,A133,11,2,80.0,1,0.7,0.08726591616868973,192,0.08872345834970474,272
1,MCF7,2.0,A133,11,2,80.0,1,0.75,0.09093631058931351,302,0.0943109467625618,498
1,MCF7,2.0,A133,11,2,80.0,1,0.8,0.09645196795463562,364,0.09700680524110794,740
1,MCF7,2.0,A133,11,2,80.0,1,0.85,0.1025400459766388,403,0.09943581372499466,971
1,MCF7,2.0,A133,11,2,80.0,1,0.9,0.1062510684132576,401,0.10300856083631516,1174
1,MCF7,2.0,A133,11,2,80.0,1,0.95,0.11049690842628479,356,0.10777939856052399,1293
1,MCF7,2.0,A133,11,2,80.0,1,1.0,0.1118106096982956,321,0.10711532086133957,1215
1,MCF7,2.0,A133,11,2,80.0,1,1.05,0.11363518983125687,272,0.11300816386938095,1163
1,MCF7,2.0,A133,11,2,80.0,1,1.1,0.1198464035987854,302,0.1127621978521347,1126
1,MCF7,2.0,A133,11,2,80.0,1,1.15,0.12512393295764923,253,0.11649040132761002,1087
1,MCF7,2.0,A133,11,2,80.0,1,1.2,0.12896311283111572,274,0.11796701699495316,1025
1,MCF7,2.0,A133,11,2,80.0,1,1.25,0.13133282959461212,244,0.12016882002353668,983
1,MCF7,2.0,A133,11,2,80.0,1,1.3,0.13621005415916443,290,0.12113717198371887,1076
1,MCF7,2.0,A133,11,2,80.0,1,1.35,0.13439591228961945,287,0.12088802456855774,1020
1,MCF7,2.0,A133,11,2,80.0,1,1.4,0.13866156339645386,276,0.12534847855567932,942
1,MCF7,2.0,A133,11,2,80.0,1,1.45,0.14071188867092133,319,0.1283731311559677,943
1,MCF7,2.0,A133,11,2,80.0,1,1.5,0.14681480824947357,282,0.13356289267539978,843
1,MCF7,2.0,A133,11,2,80.0,1,1.55,0.14938536286354065,290,0.13436350226402283,791
1,MCF7,2.0,A133,11,2,80.0,1,1.6,0.1544676125049591,277,0.1394425928592682,744
1,MCF7,2.0,A133,11,2,80.0,1,1.65,0.15836195647716522,269,0.1443857103586197,651
1,MCF7,2.0,A133,11,2,80.0,1,1.7,0.16393783688545227,259,0.14914140105247498,525
1,MCF7,2.0,A133,11,2,80.0,1,1.75,0.16863645613193512,195,0.1540575623512268,417
1,MCF7,2.0,A133,11,2,80.0,1,1.8,0.16710881888866425,153,0.15374428033828735,319
1,MCF7,2.0,A133,11,2,80.0,1,1.85,0.17195309698581696,141,0.1617654412984848,277
1,MCF7,2.0,A133,11,2,80.0,1,1.9,0.17545126378536224,95,0.16577962040901184,182
1,MCF7,2.0,A133,11,2,80.0,1,1.95,0.17732973396778107,82,0.16808943450450897,158
1,MCF7,2.0,A133,11,2,80.0,1,2.0,0.17617937922477722,66,0.16397635638713837,131
1,MCF7,2.0,A133,11,2,80.0,1,2.05,0.18384596705436707,49,0.17398136854171753,87
1,MCF7,2.0,A133,11,2,80.0,1,2.1,0.18692992627620697,26,0.1728198230266571,69
1,MCF7,2.0,A133,11,2,80.0,1,2.15,0.18239308893680573,25,0.1660327911376953,59
1,MCF7,2.0,A133,11,2,80.0,1,2.2,0.17033855617046356,14,0.15419723093509674,42
1,MCF7,2.0,A133,11,2,80.0,1,2.25,0.1889316737651825,7,0.17281244695186615,24
1,MCF7,2.0,A133,11,2,80.0,1,2.3,0.18579331040382385,8,0.1763550341129303,23
1,MCF7,2.0,A133,11,2,80.0,1,2.35,0.1723286658525467,12,0.17236025631427765,26
1,MCF7,2.0,A133,11,2,80.0,1,2.4,0.14727021753787994,6,,9
1,MCF7,2.0,A133,11,2,80.0,1,2.45,0.17278331518173218,6,0.16023145616054535,13
1,MCF7,2.0,A133,11,2,80.0,1,2.5,0.17582222819328308,7,,8
1,MCF7,2.0,A133,11,2,80.0,1,2.55,,4,,6
2,MCF7,2.0,A133,11,2,80.0,2,0.1,0.02391738072037697,1458,0.024479562416672707,1630
2,MCF7,2.0,A133,11,2,80.0,2,0.15,0.02659870870411396,4398,0.03049776703119278,8580
2,MCF7,2.0,A133,11,2,80.0,2,0.2,0.033600691705942154,1338,0.0380939282476902,10470
2,MCF7,2.0,A133,11,2,80.0,2,0.25,0.03416033461689949,170,0.040755223482847214,6120
2,MCF7,2.0,A133,11,2,80.0,2,0.3,0.028573930263519287,12,0.04217752814292908,1187
2,MCF7,2.0,A133,11,2,80.0,2,0.35,,0,0.04554735869169235,212
2,MCF7,2.0,A133,11,2,80.0,2,0.4,,0,0.047919176518917084,34
3,MCF7,2.0,A133,11,2,80.0,3,0.0,,0,0.0,10
3,MCF7,2.0,A133,11,2,80.0,3,0.2,0.045562807470560074,670,0.04579504206776619,673
3,MCF7,2.0,A133,11,2,80.0,3,0.25,0.052835918962955475,3703,0.05385711044073105,3793
3,MCF7,2.0,A133,11,2,80.0,3,0.3,0.06448215246200562,3502,0.07093170285224915,4452
3,MCF7,2.0,A133,11,2,80.0,3,0.35,0.07512953877449036,1846,0.08837972581386566,4437
3,MCF7,2.0,A133,11,2,80.0,3,0.4,0.08107540756464005,777,0.09498438984155655,3933
3,MCF7,2.0,A133,11,2,80.0,3,0.45,0.08294052630662918,206,0.09832077473402023,3343
3,MCF7,2.0,A133,11,2,80.0,3,0.5,0.07889591157436371,9,0.10370169579982758,2862
3,MCF7,2.0,A133,11,2,80.0,3,0.55,,0,0.1120864748954773,2452
3,MCF7,2.0,A133,11,2,80.0,3,0.6,,0,0.12005508691072464,1924
3,MCF7,2.0,A133,11,2,80.0,3,0.65,,0,0.12902261316776276,1307
3,MCF7,2.0,A133,11,2,80.0,3,0.7,,0,0.1396249681711197,823
3,MCF7,2.0,A133,11,2,80.0,3,0.75,,0,0.13907700777053833,452
3,MCF7,2.0,A133,11,2,80.0,3,0.8,,0,0.15618330240249634,225
3,MCF7,2.0,A133,11,2,80.0,3,0.85,,0,0.1591891050338745,86
3,MCF7,2.0,A133,11,2,80.0,3,0.9,,0,0.17909224331378937,53
3,MCF7,2.0,A133,11,2,80.0,3,0.95,,0,0.1683763712644577,17
4,MCF7,2.0,A133,11,2,80.0,4,0.0,,0,0.0,442
4,MCF7,2.0,A133,11,2,80.0,4,0.25,,3,,8
4,MCF7,2.0,A133,11,2,80.0,4,0.3,0.10637874901294708,93,0.12211999297142029,292
4,MCF7,2.0,A133,11,2,80.0,4,0.35,0.07809127867221832,436,0.12096380442380905,1461
4,MCF7,2.0,A133,11,2,80.0,4,0.4,0.06964386254549026,2118,0.10386494547128677,3693
4,MCF7,2.0,A133,11,2,80.0,4,0.45,0.07474105060100555,3408,0.10189375281333923,5168
4,MCF7,2.0,A133,11,2,80.0,4,0.5,0.08138178288936615,2454,0.11051655560731888,4259
4,MCF7,2.0,A133,11,2,80.0,4,0.55,0.08541952818632126,1701,0.11780882626771927,3536
4,MCF7,2.0,A133,11,2,80.0,4,0.6,0.09186743944883347,1183,0.12415988743305206,3098
4,MCF7,2.0,A133,11,2,80.0,4,0.65,0.0991150364279747,988,0.13118530809879303,3187
4,MCF7,2.0,A133,11,2,80.0,4,0.7,0.10401880741119385,784,0.13670207560062408,3241
4,MCF7,2.0,A133,11,2,80.0,4,0.75,0.10683681815862656,384,0.14447222650051117,3214
4,MCF7,2.0,A133,11,2,80.0,4,0.8,0.10851716250181198,135,0.15057209134101868,3195
4,MCF7,2.0,A133,11,2,80.0,4,0.85,0.10209289938211441,28,0.15781842172145844,3339
4,MCF7,2.0,A133,11,2,80.0,4,0.9,,0,0.16280290484428406,3175
4,MCF7,2.0,A133,11,2,80.0,4,0.95,,0,0.17003493010997772,3235
4,MCF7,2.0,A133,11,2,80.0,4,1.0,,0,0.17555364966392517,3219
4,MCF7,2.0,A133,11,2,80.0,4,1.05,,0,0.18189266324043274,3014
4,MCF7,2.0,A133,11,2,80.0,4,1.1,,0,0.18885619938373566,2838
4,MCF7,2.0,A133,11,2,80.0,4,1.15,,0,0.1955086588859558,2342
4,MCF7,2.0,A133,11,2,80.0,4,1.2,,0,0.20172403752803802,2136
4,MCF7,2.0,A133,11,2,80.0,4,1.25,,0,0.21148906648159027,1619
4,MCF7,2.0,A133,11,2,80.0,4,1.3,,0,0.21625545620918274,1251
4,MCF7,2.0,A133,11,2,80.0,4,1.35,,0,0.22614668309688568,893
4,MCF7,2.0,A133,11,2,80.0,4,1.4,,0,0.23003533482551575,629
4,MCF7,2.0,A133,11,2,80.0,4,1.45,,0,0.23888105154037476,371
4,MCF7,2.0,A133,11,2,80.0,4,1.5,,0,0.24795332551002502,246
4,MCF7,2.0,A133,11,2,80.0,4,1.55,,0,0.2609582841396332,181
4,MCF7,2.0,A133,11,2,80.0,4,1.6,,0,0.25942355394363403,104
4,MCF7,2.0,A133,11,2,80.0,4,1.65,,0,0.2759300768375397,88
4,MCF7,2.0,A133,11,2,80.0,4,1.7,,0,0.28482121229171753,37
4,MCF7,2.0,A133,11,2,80.0,4,1.75,,0,0.2918807566165924,15
4,MCF7,2.0,A133,11,2,80.0,4,1.8,,0,,9
4,MCF7,2.0,A133,11,2,80.0,4,1.85,,0,,8
1,MCF7,2.0,A133,12,2,80.0,1,0.0,0.0,24,0.0,35785
1,MCF7,2.0,A133,12,2,80.0,1,0.25,,0,,7
1,MCF7,2.0,A133,12,2,80.0,1,0.3,,0,,7
1,MCF7,2.0,A133,12,2,80.0,1,0.35,0.09753210842609406,8,0.15399371087551117,13
1,MCF7,2.0,A133,12,2,80.0,1,0.4,0.10643511265516281,123,0.11553247272968292,133
1,MCF7,2.0,A133,12,2,80.0,1,0.45,0.1120501309633255,534,0.1147739514708519,547
1,MCF7,2.0,A133,12,2,80.0,1,0.5,0.11974810808897018,1000,0.12208631634712219,1027
1,MCF7,2.0,A133,12,2,80.0,1,0.55,0.12108360230922699,1311,0.12366095930337906,1365
1,MCF7,2.0,A133,12,2,80.0,1,0.6,0.12389776855707169,1375,0.12821835279464722,1482
1,MCF7,2.0,A133,12,2,80.0,1,0.65,0.12764818966388702,1560,0.1346728503704071,1767
1,MCF7,2.0,A133,12,2,80.0,1,0.7,0.131173774600029,1608,0.14194074273109436,1983
1,MCF7,2.0,A133,12,2,80.0,1,0.75,0.13530011475086212,1565,0.14831870794296265,2092
1,MCF7,2.0,A133,12,2,80.0,1,0.8,0.13896781206130981,1754,0.15549270808696747,2543
1,MCF7,2.0,A133,12,2,80.0,1,0.85,0.14298023283481598,1877,0.16097772121429443,2901
1,MCF7,2.0,A133,12,2,80.0,1,0.9,0.1480305790901184,1748,0.16835588216781616,3020
1,MCF7,2.0,A133,12,2,80.0,1,0.95,0.1499723196029663,1570,0.17545951902866364,3011
1,MCF7,2.0,A133,12,2,80.0,1,1.0,0.15221837162971497,1275,0.18196401000022888,2870
1,MCF7,2.0,A133,12,2,80.0,1,1.05,0.1560034602880478,974,0.18966273963451385,2747
1,MCF7,2.0,A133,12,2,80.0,1,1.1,0.15591278672218323,736,0.19697751104831696,2453
1,MCF7,2.0,A133,12,2,80.0,1,1.15,0.15813429653644562,415,0.2020500898361206,2020
1,MCF7,2.0,A133,12,2,80.0,1,1.2,0.16291964054107666,263,0.20854170620441437,1705
1,MCF7,2.0,A133,12,2,80.0,1,1.25,0.15822775661945343,157,0.21442438662052155,1425
1,MCF7,2.0,A133,12,2,80.0,1,1.3,0.16172994673252106,85,0.21870416402816772,1166
1,MCF7,2.0,A133,12,2,80.0,1,1.35,0.15906494855880737,40,0.22338716685771942,981
1,MCF7,2.0,A133,12,2,80.0,1,1.4,0.1501634120941162,18,0.22644679248332977,705
1,MCF7,2.0,A133,12,2,80.0,1,1.45,0.17402803897857666,8,0.23351283371448517,478
1,MCF7,2.0,A133,12,2,80.0,1,1.5,,2,0.23048464953899384,355
1,MCF7,2.0,A133,12,2,80.0,1,1.55,,1,0.23142224550247192,248
1,MCF7,2.0,A133,12,2,80.0,1,1.6,,0,0.22847339510917664,185
1,MCF7,2.0,A133,12,2,80.0,1,1.65,,0,0.22295425832271576,114
1,MCF7,2.0,A133,12,2,80.0,1,1.7,,0,0.22352008521556854,81
1,MCF7,2.0,A133,12,2,80.0,1,1.75,,0,0.23136012256145477,55
1,MCF7,2.0,A133,12,2,80.0,1,1.8,,0,0.23413309454917908,26
1,MCF7,2.0,A133,12,2,80.0,1,1.85,,0,0.21931420266628265,14
2,MCF7,2.0,A133,12,2,80.0,2,0.0,0.0,23,0.0,653
2,MCF7,2.0,A133,12,2,80.0,2,0.45,0.10252588242292404,14,0.103338323533535,15
2,MCF7,2.0,A133,12,2,80.0,2,0.5,0.09613450616598129,99,0.09873346984386444,113
2,MCF7,2.0,A133,12,2,80.0,2,0.55,0.09679058939218521,487,0.09696844965219498,521
2,MCF7,2.0,A133,12,2,80.0,2,0.6,0.09442713111639023,1237,0.09673120826482773,1427
2,MCF7,2.0,A133,12,2,80.0,2,0.65,0.09909995645284653,2049,0.10237837582826614,2522
2,MCF7,2.0,A133,12,2,80.0,2,0.7,0.1003655418753624,2604,0.10622083395719528,3536
2,MCF7,2.0,A133,12,2,80.0,2,0.75,0.10164684057235718,2371,0.11137133091688156,3891
2,MCF7,2.0,A133,12,2,80.0,2,0.8,0.10119453072547913,1805,0.11672118306159973,3796
2,MCF7,2.0,A133,12,2,80.0,2,0.85,0.09648503363132477,1004,0.12155762314796448,3358
2,MCF7,2.0,A133,12,2,80.0,2,0.9,0.09340838342905045,494,0.12687638401985168,2810
2,MCF7,2.0,A133,12,2,80.0,2,0.95,0.08545084297657013,185,0.13287802040576935,2296
2,MCF7,2.0,A133,12,2,80.0,2,1.0,0.0794399306178093,56,0.1376485824584961,1735
2,MCF7,2.0,A133,12,2,80.0,2,1.05,0.04861385375261307,9,0.1446467936038971,1273
2,MCF7,2.0,A133,12,2,80.0,2,1.1,,2,0.1432439237833023,888
2,MCF7,2.0,A133,12,2,80.0,2,1.15,,0,0.15105776488780975,644
2,MCF7,2.0,A133,12,2,80.0,2,1.2,,0,0.158593088388443,465
2,MCF7,2.0,A133,12,2,80.0,2,1.25,,0,0.1605702042579651,303
2,MCF7,2.0,A133,12,2,80.0,2,1.3,,0,0.17012566328048706,194
2,MCF7,2.0,A133,12,2,80.0,2,1.35,,0,0.1744384616613388,137
2,MCF7,2.0,A133,12,2,80.0,2,1.4,,0,0.1651608794927597,85
2,MCF7,2.0,A133,12,2,80.0,2,1.45,,0,0.19380691647529602,46
2,MCF7,2.0,A133,12,2,80.0,2,1.5,,0,0.18557584285736084,37
2,MCF7,2.0,A133,12,2,80.0,2,1.55,,0,0.21493887901306152,28
2,MCF7,2.0,A133,12,2,80.0,2,1.6,,0,0.20998847484588623,21
2,MCF7,2.0,A133,12,2,80.0,2,1.65,,0,0.1832420527935028,10
2,MCF7,2.0,A133,12,2,80.0,2,1.7,,0,,6
1,MCF7,2.0,A133,13,2,80.0,1,0.12,,0,0.06219018995761871,365
1,MCF7,2.0,A133,13,2,80.0,1,0.17,0.07227259129285812,15,0.06863582134246826,2322
1,MCF7,2.0,A133,13,2,80.0,1,0.22,0.08295895904302597,249,0.07538435608148575,3876
1,MCF7,2.0,A133,13,2,80.0,1,0.27,0.09557640552520752,239,0.08222140371799469,4280
1,MCF7,2.0,A133,13,2,80.0,1,0.32,0.10677707940340042,296,0.0956849679350853,1506
1,MCF7,2.0,A133,13,2,80.0,1,0.37,0.11825433373451233,285,0.10793093591928482,540
1,MCF7,2.0,A133,13,2,80.0,1,0.42,0.12327226251363754,407,0.11464433372020721,555
1,MCF7,2.0,A133,13,2,80.0,1,0.47,0.12902182340621948,473,0.12393847107887268,550
1,MCF7,2.0,A133,13,2,80.0,1,0.52,0.1347053349018097,805,0.13358575105667114,832
1,MCF7,2.0,A133,13,2,80.0,1,0.57,0.14496250450611115,1111,0.14489367604255676,1113
1,MCF7,2.0,A133,13,2,80.0,1,0.62,0.14900092780590057,694,0.14896908402442932,695
1,MCF7,2.0,A133,13,2,80.0,1,0.67,0.14569418132305145,234,0.14569418132305145,234
1,MCF7,2.0,A133,13,2,80.0,1,0.72,0.13806767761707306,52,0.13806767761707306,52
1,MCF7,2.0,A133,13,2,80.0,1,0.77,0.13093063235282898,7,,7
2,MCF7,2.0,A133,13,2,80.0,2,0.13,,0,0.06559430062770844,49
2,MCF7,2.0,A133,13,2,80.0,2,0.18,,0,0.0732518807053566,2250
2,MCF7,2.0,A133,13,2,80.0,2,0.23,,0,0.08085386455059052,3400
2,MCF7,2.0,A133,13,2,80.0,2,0.28,,0,0.09361101686954498,2934
2,MCF7,2.0,A133,13,2,80.0,2,0.33,0.12518832087516785,56,0.11441618204116821,1901
2,MCF7,2.0,A133,13,2,80.0,2,0.38,0.1384478211402893,212,0.1340666115283966,727
2,MCF7,2.0,A133,13,2,80.0,2,0.43,0.14696557819843292,240,0.15098068118095398,445
2,MCF7,2.0,A133,13,2,80.0,2,0.48,0.16114485263824463,247,0.16877378523349762,554
2,MCF7,2.0,A133,13,2,80.0,2,0.53,0.1758585423231125,304,0.1775473952293396,665
2,MCF7,2.0,A133,13,2,80.0,2,0.58,0.18621180951595306,546,0.1870131492614746,791
2,MCF7,2.0,A133,13,2,80.0,2,0.63,0.190890833735466,985,0.19103626906871796,1083
2,MCF7,2.0,A133,13,2,80.0,2,0.68,0.19584086537361145,425,0.19588494300842285,443
2,MCF7,2.0,A133,13,2,80.0,2,0.73,0.2072717398405075,21,0.2072717398405075,21
3,MCF7,2.0,A133,13,2,80.0,3,0.17,,0,0.07368875294923782,90
3,MCF7,2.0,A133,13,2,80.0,3,0.22,0.08305971324443817,25,0.0760514885187149,1729
3,MCF7,2.0,A133,13,2,80.0,3,0.27,0.11509746313095093,269,0.08380206674337387,5835
3,MCF7,2.0,A133,13,2,80.0,3,0.32,0.1047234833240509,354,0.0817599818110466,3692
3,MCF7,2.0,A133,13,2,80.0,3,0.37,0.11110150068998337,355,0.09023308753967285,940
3,MCF7,2.0,A133,13,2,80.0,3,0.42,0.12482237815856934,782,0.12428918480873108,793
3,MCF7,2.0,A133,13,2,80.0,3,0.47,0.13603392243385315,1378,0.13603392243385315,1378
3,MCF7,2.0,A133,13,2,80.0,3,0.52,0.147999107837677,512,0.147999107837677,512
3,MCF7,2.0,A133,13,2,80.0,3,0.57,0.15464933216571808,7,,7
1,MCF7,2.0,A133,2,2,80.0,1,0.0,,0,0.0,8095
1,MCF7,2.0,A133,2,2,80.0,1,0.25,,1,0.1176079660654068,25
1,MCF7,2.0,A133,2,2,80.0,1,0.3,0.09257827699184418,117,0.11028291285037994,237
1,MCF7,2.0,A133,2,2,80.0,1,0.35,0.09798496961593628,661,0.10699818283319473,1156
1,MCF7,2.0,A133,2,2,80.0,1,0.4,0.10430392622947693,1400,0.11318977922201157,2630
1,MCF7,2.0,A133,2,2,80.0,1,0.45,0.11244454979896545,1909,0.11786641925573349,3799
1,MCF7,2.0,A133,2,2,80.0,1,0.5,0.12084634602069855,1890,0.12730222940444946,4168
1,MCF7,2.0,A133,2,2,80.0,1,0.55,0.12641054391860962,1404,0.13444697856903076,3590
1,MCF7,2.0,A133,2,2,80.0,1,0.6,0.13550224900245667,716,0.1447644829750061,2441
1,MCF7,2.0,A133,2,2,80.0,1,0.65,0.13912001252174377,359,0.1562660038471222,1671
1,MCF7,2.0,A133,2,2,80.0,1,0.7,0.13973256945610046,124,0.1701642870903015,1018
1,MCF7,2.0,A133,2,2,80.0,1,0.75,0.14927585422992706,47,0.1874922662973404,550
1,MCF7,2.0,A133,2,2,80.0,1,0.8,0.13586384057998657,9,0.1920676976442337,360
1,MCF7,2.0,A133,2,2,80.0,1,0.85,0.1450955867767334,6,0.20854909718036652,196
1,MCF7,2.0,A133,2,2,80.0,1,0.9,,1,0.21990364789962769,119
1,MCF7,2.0,A133,2,2,80.0,1,0.95,,0,0.2258463054895401,63
1,MCF7,2.0,A133,2,2,80.0,1,1.0,,0,0.2365860491991043,37
1,MCF7,2.0,A133,2,2,80.0,1,1.05,,0,0.2160605937242508,18
1,MCF7,2.0,A133,2,2,80.0,1,1.1,,0,0.23600339889526367,10
1,MCF7,2.0,A133,2,2,80.0,1,1.15,,0,,6
1,MCF7,2.0,A133,3,2,80.0,1,0.0,,0,0.0,37
1,MCF7,2.0,A133,3,2,80.0,1,0.1,0.0507013164460659,2717,0.049749039113521576,3321
1,MCF7,2.0,A133,3,2,80.0,1,0.15,0.05611919239163399,10833,0.054833147674798965,17996
1,MCF7,2.0,A133,3,2,80.0,1,0.2,0.06315059214830399,4128,0.06330989301204681,16721
1,MCF7,2.0,A133,3,2,80.0,1,0.25,0.06497813761234283,90,0.06961281597614288,9479
1,MCF7,2.0,A133,3,2,80.0,1,0.3,,0,0.07562550902366638,3707
1,MCF7,2.0,A133,3,2,80.0,1,0.35,,0,0.08418596535921097,721
1,MCF7,2.0,A133,3,2,80.0,1,0.4,,0,0.09142377227544785,129
1,MCF7,2.0,A133,3,2,80.0,1,0.45,,0,0.10510673373937607,27
1,MCF7,2.0,A133,4,2,80.0,1,0.18,0.0980135127902031,877,0.0944642722606659,2020
1,MCF7,2.0,A133,4,2,80.0,1,0.23,0.1007566750049591,6682,0.09723494946956635,16609
1,MCF7,2.0,A133,4,2,80.0,1,0.28,0.10329816490411758,1383,0.09833727777004242,2731
2,MCF7,2.0,A133,4,2,80.0,2,0.12,0.06412474066019058,260,0.0687711238861084,517
2,MCF7,2.0,A133,4,2,80.0,2,0.17,0.06516189873218536,1541,0.07619114965200424,9059
2,MCF7,2.0,A133,4,2,80.0,2,0.22,0.08768181502819061,3375,0.09025083482265472,8852
2,MCF7,2.0,A133,4,2,80.0,2,0.27,0.10375082492828369,3885,0.10550829023122787,4223
2,MCF7,2.0,A133,4,2,80.0,2,0.32,0.11146993190050125,1483,0.11156561225652695,1490
1,MCF7,2.0,A133,5,2,80.0,1,0.0,,0,0.0,7872
1,MCF7,2.0,A133,5,2,80.0,1,0.1,,2,0.06366891413927078,331
1,MCF7,2.0,A133,5,2,80.0,1,0.15,0.06473158299922943,290,0.06462609022855759,3740
1,MCF7,2.0,A133,5,2,80.0,1,0.2,0.07499895989894867,2084,0.07322666049003601,9455
1,MCF7,2.0,A133,5,2,80.0,1,0.25,0.08909399062395096,3616,0.08573725819587708,9782
1,MCF7,2.0,A133,5,2,80.0,1,0.3,0.10380146652460098,3498,0.10067638009786606,6426
1,MCF7,2.0,A133,5,2,80.0,1,0.35,0.1132582277059555,2227,0.11303692311048508,3425
1,MCF7,2.0,A133,5,2,80.0,1,0.4,0.12064430117607117,1196,0.1216360479593277,1775
1,MCF7,2.0,A133,5,2,80.0,1,0.45,0.12625868618488312,724,0.13026602566242218,967
1,MCF7,2.0,A133,5,2,80.0,1,0.5,0.13161955773830414,479,0.13250115513801575,628
1,MCF7,2.0,A133,5,2,80.0,1,0.55,0.13656936585903168,322,0.1394728124141693,401
1,MCF7,2.0,A133,5,2,80.0,1,0.6,0.1362428069114685,259,0.1395612359046936,331
1,MCF7,2.0,A133,5,2,80.0,1,0.65,0.14320366084575653,190,0.14472602307796478,222
1,MCF7,2.0,A133,5,2,80.0,1,0.7,0.14046494662761688,157,0.1436092108488083,172
1,MCF7,2.0,A133,5,2,80.0,1,0.75,0.1381259560585022,123,0.1398710310459137,128
1,MCF7,2.0,A133,5,2,80.0,1,0.8,0.14539720118045807,93,0.14655369520187378,100
1,MCF7,2.0,A133,5,2,80.0,1,0.85,0.13505983352661133,72,0.13478048145771027,73
1,MCF7,2.0,A133,5,2,80.0,1,0.9,0.1508045345544815,52,0.15231940150260925,53
1,MCF7,2.0,A133,5,2,80.0,1,0.95,0.155861958861351,52,0.155861958861351,52
1,MCF7,2.0,A133,5,2,80.0,1,1.0,0.14634960889816284,34,0.15026578307151794,36
1,MCF7,2.0,A133,5,2,80.0,1,1.05,0.1671377718448639,20,0.1671377718448639,20
1,MCF7,2.0,A133,5,2,80.0,1,1.1,0.1601223200559616,18,0.1601223200559616,18
1,MCF7,2.0,A133,5,2,80.0,1,1.15,0.17015387117862701,10,0.17015387117862701,10
1,MCF7,2.0,A133,5,2,80.0,1,1.2,0.16491515934467316,6,,6
1,MCF7,2.0,A133,5,2,80.0,1,1.3,0.1944192796945572,9,0.20396144688129425,10
2,MCF7,2.0,A133,5,2,80.0,2,0.0,,1,0.0,10112
2,MCF7,2.0,A133,5,2,80.0,2,0.1,0.056008532643318176,681,0.06164402514696121,818
2,MCF7,2.0,A133,5,2,80.0,2,0.15,0.06514189392328262,5598,0.06926591694355011,7504
2,MCF7,2.0,A133,5,2,80.0,2,0.2,0.07036007195711136,9730,0.0751643106341362,15933
2,MCF7,2.0,A133,5,2,80.0,2,0.25,0.07415428012609482,4245,0.08250968158245087,13499
2,MCF7,2.0,A133,5,2,80.0,2,0.3,0.0725238025188446,848,0.08950238674879074,8722
2,MCF7,2.0,A133,5,2,80.0,2,0.35,0.06989624351263046,63,0.10047685354948044,4350
2,MCF7,2.0,A133,5,2,80.0,2,0.4,,2,0.11640697717666626,1615
2,MCF7,2.0,A133,5,2,80.0,2,0.45,,0,0.1405673772096634,518
2,MCF7,2.0,A133,5,2,80.0,2,0.5,,0,0.15759946405887604,176
2,MCF7,2.0,A133,5,2,80.0,2,0.55,,0,0.1761666089296341,41
2,MCF7,2.0,A133,5,2,80.0,2,0.6,,0,0.20804981887340546,14
1,MCF7,2.0,A133,6,2,80.0,1,0.0,,0,0.0,1720
1,MCF7,2.0,A133,6,2,80.0,1,0.15,0.06168797239661217,426,0.07202150672674179,740
1,MCF7,2.0,A133,6,2,80.0,1,0.2,0.06748887896537781,6834,0.07410841435194016,10328
1,MCF7,2.0,A133,6,2,80.0,1,0.25,0.07084177434444427,10873,0.08114780485630035,19981
1,MCF7,2.0,A133,6,2,80.0,1,0.3,0.07363192737102509,4030,0.091485895216465,13216
1,MCF7,2.0,A133,6,2,80.0,1,0.35,0.0743749663233757,1016,0.09931077808141708,8654
1,MCF7,2.0,A133,6,2,80.0,1,0.4,0.06546594202518463,57,0.10422289371490479,5649
1,MCF7,2.0,A133,6,2,80.0,1,0.45,,0,0.10752879828214645,3781
1,MCF7,2.0,A133,6,2,80.0,1,0.5,,0,0.11453816294670105,2178
1,MCF7,2.0,A133,6,2,80.0,1,0.55,,0,0.12087791413068771,1090
1,MCF7,2.0,A133,6,2,80.0,1,0.6,,0,0.1362868994474411,555
1,MCF7,2.0,A133,6,2,80.0,1,0.65,,0,0.14481227099895477,272
1,MCF7,2.0,A133,6,2,80.0,1,0.7,,0,0.14404365420341492,105
1,MCF7,2.0,A133,6,2,80.0,1,0.75,,0,0.1606496423482895,43
1,MCF7,2.0,A133,6,2,80.0,1,0.8,,0,0.1581449806690216,15
1,MCF7,2.0,A133,6,2,80.0,1,0.85,,0,0.17316672205924988,15
1,MCF7,2.0,A133,7,2,80.0,1,0.0,,0,0.0,5382
1,MCF7,2.0,A133,7,2,80.0,1,0.45,,0,,8
1,MCF7,2.0,A133,7,2,80.0,1,0.5,,0,0.2117905169725418,19
1,MCF7,2.0,A133,7,2,80.0,1,0.55,0.11190569400787354,10,0.16279910504817963,36
1,MCF7,2.0,A133,7,2,80.0,1,0.6,0.11838596314191818,109,0.14259377121925354,158
1,MCF7,2.0,A133,7,2,80.0,1,0.65,0.12337782233953476,413,0.13587628304958344,498
1,MCF7,2.0,A133,7,2,80.0,1,0.7,0.12661424279212952,877,0.1353491097688675,1037
1,MCF7,2.0,A133,7,2,80.0,1,0.75,0.13052667677402496,1160,0.13825003802776337,1353
1,MCF7,2.0,A133,7,2,80.0,1,0.8,0.13466936349868774,1264,0.1439553052186966,1552
1,MCF7,2.0,A133,7,2,80.0,1,0.85,0.13947217166423798,1156,0.14882376790046692,1563
1,MCF7,2.0,A133,7,2,80.0,1,0.9,0.1432640701532364,1245,0.1544981151819229,1876
1,MCF7,2.0,A133,7,2,80.0,1,0.95,0.14640583097934723,1347,0.15798193216323853,2122
1,MCF7,2.0,A133,7,2,80.0,1,1.0,0.14842252433300018,1196,0.1599223017692566,2133
1,MCF7,2.0,A133,7,2,80.0,1,1.05,0.15107370913028717,1077,0.16262604296207428,2303
1,MCF7,2.0,A133,7,2,80.0,1,1.1,0.15373188257217407,819,0.16719619929790497,2403
1,MCF7,2.0,A133,7,2,80.0,1,1.15,0.15340633690357208,583,0.1693345308303833,2454
1,MCF7,2.0,A133,7,2,80.0,1,1.2,0.15510480105876923,340,0.1715908795595169,2286
1,MCF7,2.0,A133,7,2,80.0,1,1.25,0.15245124697685242,150,0.17640307545661926,2320
1,MCF7,2.0,A133,7,2,80.0,1,1.3,0.1398799568414688,39,0.18034526705741882,2210
1,MCF7,2.0,A133,7,2,80.0,1,1.35,0.15482835471630096,8,0.1814369410276413,2175
1,MCF7,2.0,A133,7,2,80.0,1,1.4,,2,0.1876058727502823,2029
1,MCF7,2.0,A133,7,2,80.0,1,1.45,,0,0.18763840198516846,1887
1,MCF7,2.0,A133,7,2,80.0,1,1.5,,0,0.18964098393917084,1835
1,MCF7,2.0,A133,7,2,80.0,1,1.55,,0,0.19082441926002502,1736
1,MCF7,2.0,A133,7,2,80.0,1,1.6,,0,0.1963702291250229,1548
1,MCF7,2.0,A133,7,2,80.0,1,1.65,,0,0.19772440195083618,1423
1,MCF7,2.0,A133,7,2,80.0,1,1.7,,0,0.19936899840831757,1405
1,MCF7,2.0,A133,7,2,80.0,1,1.75,,0,0.20502352714538574,1172
1,MCF7,2.0,A133,7,2,80.0,1,1.8,,0,0.20746588706970215,987
1,MCF7,2.0,A133,7,2,80.0,1,1.85,,0,0.21203678846359253,833
1,MCF7,2.0,A133,7,2,80.0,1,1.9,,0,0.21568475663661957,697
1,MCF7,2.0,A133,7,2,80.0,1,1.95,,0,0.2206260710954666,568
1,MCF7,2.0,A133,7,2,80.0,1,2.0,,0,0.2268979251384735,449
1,MCF7,2.0,A133,7,2,80.0,1,2.05,,0,0.2261330783367157,393
1,MCF7,2.0,A133,7,2,80.0,1,2.1,,0,0.2370806783437729,357
1,MCF7,2.0,A133,7,2,80.0,1,2.15,,0,0.233917698264122,284
1,MCF7,2.0,A133,7,2,80.0,1,2.2,,0,0.23876559734344482,251
1,MCF7,2.0,A133,7,2,80.0,1,2.25,,0,0.24869827926158905,229
1,MCF7,2.0,A133,7,2,80.0,1,2.3,,0,0.23906925320625305,167
1,MCF7,2.0,A133,7,2,80.0,1,2.35,,0,0.2509530186653137,165
1,MCF7,2.0,A133,7,2,80.0,1,2.4,,0,0.25193995237350464,147
1,MCF7,2.0,A133,7,2,80.0,1,2.45,,0,0.26086458563804626,118
1,MCF7,2.0,A133,7,2,80.0,1,2.5,,0,0.26131385564804077,91
1,MCF7,2.0,A133,7,2,80.0,1,2.55,,0,0.2534179985523224,104
1,MCF7,2.0,A133,7,2,80.0,1,2.6,,0,0.26236411929130554,65
1,MCF7,2.0,A133,7,2,80.0,1,2.65,,0,0.2528899610042572,65
1,MCF7,2.0,A133,7,2,80.0,1,2.7,,0,0.2611563801765442,53
1,MCF7,2.0,A133,7,2,80.0,1,2.75,,0,0.2758277654647827,60
1,MCF7,2.0,A133,7,2,80.0,1,2.8,,0,0.26034194231033325,55
1,MCF7,2.0,A133,7,2,80.0,1,2.85,,0,0.2535072863101959,27
1,MCF7,2.0,A133,7,2,80.0,1,2.9,,0,0.2671339213848114,28
1,MCF7,2.0,A133,7,2,80.0,1,2.95,,0,0.2492762953042984,30
1,MCF7,2.0,A133,7,2,80.0,1,3.0,,0,0.2764214873313904,16
1,MCF7,2.0,A133,7,2,80.0,1,3.05,,0,0.2410265952348709,14
1,MCF7,2.0,A133,7,2,80.0,1,3.1,,0,0.27963653206825256,10
1,MCF7,2.0,A133,7,2,80.0,1,3.15,,0,,7
1,MCF7,2.0,A133,7,2,80.0,1,3.2,,0,,8
1,MCF7,2.0,A133,7,2,80.0,1,3.25,,0,0.24932727217674255,10
1,MCF7,2.0,A133,7,2,80.0,1,3.35,,0,,6
2,MCF7,2.0,A133,7,2,80.0,2,0.0,,0,0.0,22
2,MCF7,2.0,A133,7,2,80.0,2,0.1,0.08813350647687912,1588,0.09023243188858032,1862
2,MCF7,2.0,A133,7,2,80.0,2,0.15,0.09657227247953415,5305,0.09834742546081543,8869
2,MCF7,2.0,A133,7,2,80.0,2,0.2,0.09858564287424088,678,0.10470818728208542,7287
2,MCF7,2.0,A133,7,2,80.0,2,0.25,,0,0.10556099563837051,4356
2,MCF7,2.0,A133,7,2,80.0,2,0.3,,0,0.10933420062065125,1852
2,MCF7,2.0,A133,7,2,80.0,2,0.35,,0,0.11566903442144394,465
2,MCF7,2.0,A133,7,2,80.0,2,0.4,,0,0.11533761769533157,199
2,MCF7,2.0,A133,7,2,80.0,2,0.45,,0,0.1210915595293045,140
2,MCF7,2.0,A133,7,2,80.0,2,0.5,,0,0.1289331167936325,54
2,MCF7,2.0,A133,7,2,80.0,2,0.55,,0,0.14056213200092316,17
2,MCF7,2.0,A133,7,2,80.0,2,0.6,,0,,8
3,MCF7,2.0,A133,7,2,80.0,3,0.0,,0,0.0,13376
3,MCF7,2.0,A133,7,2,80.0,3,0.05,0.09729400277137756,194,0.1906842142343521,4655
3,MCF7,2.0,A133,7,2,80.0,3,0.1,0.10690642148256302,7282,0.14270509779453278,14217
3,MCF7,2.0,A133,7,2,80.0,3,0.15,0.11264164745807648,10918,0.13522426784038544,23170
3,MCF7,2.0,A133,7,2,80.0,3,0.2,0.11149991303682327,3605,0.1428087055683136,21274
3,MCF7,2.0,A133,7,2,80.0,3,0.25,0.10337111353874207,161,0.1565704047679901,10472
3,MCF7,2.0,A133,7,2,80.0,3,0.3,,0,0.17501670122146606,3241
3,MCF7,2.0,A133,7,2,80.0,3,0.35,,0,0.20530685782432556,751
3,MCF7,2.0,A133,7,2,80.0,3,0.4,,0,0.241161048412323,169
3,MCF7,2.0,A133,7,2,80.0,3,0.45,,0,0.25140273571014404,41
3,MCF7,2.0,A133,7,2,80.0,3,0.5,,0,0.2697746753692627,10
4,MCF7,2.0,A133,7,2,80.0,4,0.0,,1,0.0003033565590158105,253
4,MCF7,2.0,A133,7,2,80.0,4,0.05,0.08023428916931152,11594,0.08784052729606628,18464
4,MCF7,2.0,A133,7,2,80.0,4,0.1,0.08394873887300491,598,0.09931202977895737,15146
4,MCF7,2.0,A133,7,2,80.0,4,0.15,,0,0.10603226721286774,2594
4,MCF7,2.0,A133,7,2,80.0,4,0.2,,0,0.11584426462650299,492
4,MCF7,2.0,A133,7,2,80.0,4,0.25,,0,0.13215431571006775,40
1,MCF7,2.0,A133,8,2,80.0,1,0.0,,0,0.0,798
1,MCF7,2.0,A133,8,2,80.0,1,0.4,0.0864977166056633,529,0.08644984662532806,533
1,MCF7,2.0,A133,8,2,80.0,1,0.45,0.10212884843349457,3218,0.10112717747688293,3393
1,MCF7,2.0,A133,8,2,80.0,1,0.5,0.11039064079523087,3583,0.10712768882513046,4355
1,MCF7,2.0,A133,8,2,80.0,1,0.55,0.11397251486778259,928,0.10576680302619934,2277
1,MCF7,2.0,A133,8,2,80.0,1,0.6,0.10850396752357483,68,0.09982803463935852,1564
1,MCF7,2.0,A133,8,2,80.0,1,0.65,0.10996782779693604,6,0.09960532188415527,1882
1,MCF7,2.0,A133,8,2,80.0,1,0.7,,0,0.10264384746551514,2375
1,MCF7,2.0,A133,8,2,80.0,1,0.75,,0,0.10630317777395248,2660
1,MCF7,2.0,A133,8,2,80.0,1,0.8,,0,0.11235497891902924,2888
1,MCF7,2.0,A133,8,2,80.0,1,0.85,,0,0.11964868754148483,2811
1,MCF7,2.0,A133,8,2,80.0,1,0.9,,0,0.12237072736024857,2665
1,MCF7,2.0,A133,8,2,80.0,1,0.95,,0,0.13015645742416382,2281
1,MCF7,2.0,A133,8,2,80.0,1,1.0,,0,0.13759300112724304,1825
1,MCF7,2.0,A133,8,2,80.0,1,1.05,,0,0.1434735506772995,1388
1,MCF7,2.0,A133,8,2,80.0,1,1.1,,0,0.15172706544399261,1030
1,MCF7,2.0,A133,8,2,80.0,1,1.15,,0,0.15793292224407196,717
1,MCF7,2.0,A133,8,2,80.0,1,1.2,,0,0.16510029137134552,480
1,MCF7,2.0,A133,8,2,80.0,1,1.25,,0,0.17171356081962585,339
1,MCF7,2.0,A133,8,2,80.0,1,1.3,,0,0.17840275168418884,233
1,MCF7,2.0,A133,8,2,80.0,1,1.35,,0,0.17975139617919922,132
1,MCF7,2.0,A133,8,2,80.0,1,1.4,,0,0.20198336243629456,86
1,MCF7,2.0,A133,8,2,80.0,1,1.45,,0,0.1924590915441513,73
1,MCF7,2.0,A133,8,2,80.0,1,1.5,,0,0.2115446925163269,41
1,MCF7,2.0,A133,8,2,80.0,1,1.55,,0,0.223988339304924,23
1,MCF7,2.0,A133,8,2,80.0,1,1.6,,0,0.1909482628107071,27
1,MCF7,2.0,A133,8,2,80.0,1,1.65,,0,0.2455109804868698,12
1,MCF7,2.0,A133,8,2,80.0,1,1.7,,0,,6
1,MCF7,2.0,A133,8,2,80.0,1,1.75,,0,,7
2,MCF7,2.0,A133,8,2,80.0,2,0.12,0.06920674443244934,41,0.0684603825211525,47
2,MCF7,2.0,A133,8,2,80.0,2,0.17,0.07320567965507507,2640,0.07429355382919312,2985
2,MCF7,2.0,A133,8,2,80.0,2,0.22,0.07902510464191437,2623,0.08295497298240662,3977
2,MCF7,2.0,A133,8,2,80.0,2,0.27,0.08393702656030655,577,0.0911257192492485,3058
2,MCF7,2.0,A133,8,2,80.0,2,0.32,0.08007338643074036,58,0.0945422425866127,2314
2,MCF7,2.0,A133,8,2,80.0,2,0.37,,1,0.0988142341375351,851
2,MCF7,2.0,A133,8,2,80.0,2,0.42,,0,0.10179241746664047,112
2,MCF7,2.0,A133,8,2,80.0,2,0.47,,0,0.1125098243355751,14
3,MCF7,2.0,A133,8,2,80.0,3,0.16,0.05029618740081787,430,0.05029618740081787,430
3,MCF7,2.0,A133,8,2,80.0,3,0.21,0.05272606760263443,2672,0.05272606760263443,2672
3,MCF7,2.0,A133,8,2,80.0,3,0.26,0.057633183896541595,2354,0.057406194508075714,2489
3,MCF7,2.0,A133,8,2,80.0,3,0.31,0.06548239290714264,1129,0.06189355626702309,3194
3,MCF7,2.0,A133,8,2,80.0,3,0.36,0.07428981363773346,45,0.06899773329496384,4137
3,MCF7,2.0,A133,8,2,80.0,3,0.41,,0,0.07823394984006882,4363
3,MCF7,2.0,A133,8,2,80.0,3,0.46,,0,0.08523055166006088,4483
3,MCF7,2.0,A133,8,2,80.0,3,0.51,,0,0.09232860058546066,3401
3,MCF7,2.0,A133,8,2,80.0,3,0.56,,0,0.10336510837078094,1398
3,MCF7,2.0,A133,8,2,80.0,3,0.61,,0,0.1185765489935875,382
3,MCF7,2.0,A133,8,2,80.0,3,0.66,,0,0.13219843804836273,66
3,MCF7,2.0,A133,8,2,80.0,3,0.71,,0,,8
1,MCF7,2.0,A133,9,2,80.0,1,0.0,,0,0.0,3378
1,MCF7,2.0,A133,9,2,80.0,1,0.6,0.11435309797525406,29,0.11265719681978226,30
1,MCF7,2.0,A133,9,2,80.0,1,0.65,0.11841906607151031,148,0.11853469163179398,151
1,MCF7,2.0,A133,9,2,80.0,1,0.7,0.12150619179010391,284,0.12279117852449417,299
1,MCF7,2.0,A133,9,2,80.0,1,0.75,0.1252620965242386,358,0.1266079843044281,388
1,MCF7,2.0,A133,9,2,80.0,1,0.8,0.1318501979112625,413,0.13201689720153809,461
1,MCF7,2.0,A133,9,2,80.0,1,0.85,0.1390606313943863,357,0.1419331431388855,445
1,MCF7,2.0,A133,9,2,80.0,1,0.9,0.13942046463489532,354,0.140894815325737,490
1,MCF7,2.0,A133,9,2,80.0,1,0.95,0.14578497409820557,334,0.14657527208328247,536
1,MCF7,2.0,A133,9,2,80.0,1,1.0,0.15202710032463074,345,0.15206769108772278,631
1,MCF7,2.0,A133,9,2,80.0,1,1.05,0.15141445398330688,380,0.1533411592245102,685
1,MCF7,2.0,A133,9,2,80.0,1,1.1,0.15936066210269928,389,0.16125249862670898,747
1,MCF7,2.0,A133,9,2,80.0,1,1.15,0.1661744862794876,396,0.1654491275548935,808
1,MCF7,2.0,A133,9,2,80.0,1,1.2,0.17106860876083374,428,0.17011748254299164,813
1,MCF7,2.0,A133,9,2,80.0,1,1.25,0.17450980842113495,378,0.1752122938632965,710
1,MCF7,2.0,A133,9,2,80.0,1,1.3,0.17524468898773193,341,0.18124213814735413,641
1,MCF7,2.0,A133,9,2,80.0,1,1.35,0.18230827152729034,318,0.18581931293010712,548
1,MCF7,2.0,A133,9,2,80.0,1,1.4,0.1872132271528244,257,0.190571129322052,466
1,MCF7,2.0,A133,9,2,80.0,1,1.45,0.18396912515163422,166,0.19141119718551636,338
1,MCF7,2.0,A133,9,2,80.0,1,1.5,0.19070419669151306,136,0.19399267435073853,264
1,MCF7,2.0,A133,9,2,80.0,1,1.55,0.19612766802310944,114,0.19651010632514954,214
1,MCF7,2.0,A133,9,2,80.0,1,1.6,0.19600909948349,107,0.20140236616134644,180
1,MCF7,2.0,A133,9,2,80.0,1,1.65,0.2047107219696045,69,0.20543433725833893,124
1,MCF7,2.0,A133,9,2,80.0,1,1.7,0.2047775238752365,53,0.20833104848861694,81
1,MCF7,2.0,A133,9,2,80.0,1,1.75,0.2014511674642563,52,0.20741674304008484,75
1,MCF7,2.0,A133,9,2,80.0,1,1.8,0.2126002460718155,44,0.21020132303237915,59
1,MCF7,2.0,A133,9,2,80.0,1,1.85,0.21302035450935364,40,0.21178244054317474,57
1,MCF7,2.0,A133,9,2,80.0,1,1.9,0.21330851316452026,33,0.21275076270103455,41
1,MCF7,2.0,A133,9,2,80.0,1,1.95,0.21946948766708374,26,0.2213200181722641,29
1,MCF7,2.0,A133,9,2,80.0,1,2.0,0.22279797494411469,31,0.22110456228256226,32
1,MCF7,2.0,A133,9,2,80.0,1,2.05,0.2366134077310562,27,0.23649141192436218,32
1,MCF7,2.0,A133,9,2,80.0,1,2.1,0.24826842546463013,16,0.24710191786289215,17
1,MCF7,2.0,A133,9,2,80.0,1,2.15,0.25248128175735474,14,0.2503928244113922,16
1,MCF7,2.0,A133,9,2,80.0,1,2.2,0.24020476639270782,15,0.23683200776576996,16
1,MCF7,2.0,A133,9,2,80.0,1,2.25,0.2528637945652008,16,0.2559569478034973,17
1,MCF7,2.0,A133,9,2,80.0,1,2.3,0.24908757209777832,10,0.24908757209777832,10
1,MCF7,2.0,A133,9,2,80.0,1,2.35,0.2536841332912445,5,,6
1,MCF7,2.0,A133,9,2,80.0,1,2.55,0.26145270466804504,6,,6
2,MCF7,2.0,A133,9,2,80.0,2,0.1,0.049153607338666916,12,0.049153607338666916,12
2,MCF7,2.0,A133,9,2,80.0,2,0.15,0.055213697254657745,2312,0.055213697254657745,2312
2,MCF7,2.0,A133,9,2,80.0,2,0.2,0.06085134670138359,3223,0.060776133090257645,3240
2,MCF7,2.0,A133,9,2,80.0,2,0.25,0.06525318324565887,2491,0.06447793543338776,3295
2,MCF7,2.0,A133,9,2,80.0,2,0.3,0.065455861389637,629,0.06915606558322906,3197
2,MCF7,2.0,A133,9,2,80.0,2,0.35,0.062446001917123795,79,0.07659126818180084,4100
2,MCF7,2.0,A133,9,2,80.0,2,0.4,,0,0.08578705787658691,5017
2,MCF7,2.0,A133,9,2,80.0,2,0.45,,0,0.09248580783605576,4129
2,MCF7,2.0,A133,9,2,80.0,2,0.5,,0,0.09525156021118164,2590
2,MCF7,2.0,A133,9,2,80.0,2,0.55,,0,0.09770402312278748,1194
2,MCF7,2.0,A133,9,2,80.0,2,0.6,,0,0.10598640143871307,382
2,MCF7,2.0,A133,9,2,80.0,2,0.65,,0,0.11778049916028976,106
2,MCF7,2.0,A133,9,2,80.0,2,0.7,,0,0.13492292165756226,20
3,MCF7,2.0,A133,9,2,80.0,3,0.0,,0,0.0,6534
3,MCF7,2.0,A133,9,2,80.0,3,0.45,0.07893922179937363,9,0.08060627430677414,10
3,MCF7,2.0,A133,9,2,80.0,3,0.5,0.07853110879659653,440,0.0802568569779396,459
3,MCF7,2.0,A133,9,2,80.0,3,0.55,0.08259539306163788,1931,0.08295372128486633,1999
3,MCF7,2.0,A133,9,2,80.0,3,0.6,0.08467460423707962,2374,0.08483166247606277,2656
3,MCF7,2.0,A133,9,2,80.0,3,0.65,0.08713220059871674,2162,0.08736974000930786,2806
3,MCF7,2.0,A133,9,2,80.0,3,0.7,0.09087898582220078,1744,0.08889203518629074,2862
3,MCF7,2.0,A133,9,2,80.0,3,0.75,0.09702850133180618,1334,0.09252674877643585,2728
3,MCF7,2.0,A133,9,2,80.0,3,0.8,0.10438480973243713,995,0.10034523159265518,2587
3,MCF7,2.0,A133,9,2,80.0,3,0.85,0.1101817712187767,666,0.10708733648061752,2341
3,MCF7,2.0,A133,9,2,80.0,3,0.9,0.11218426376581192,431,0.11493061482906342,2204
3,MCF7,2.0,A133,9,2,80.0,3,0.95,0.11190878599882126,159,0.11986104398965836,2179
3,MCF7,2.0,A133,9,2,80.0,3,1.0,0.10692674666643143,30,0.12442810833454132,2220
3,MCF7,2.0,A133,9,2,80.0,3,1.05,0.0956021174788475,5,0.12931430339813232,2354
3,MCF7,2.0,A133,9,2,80.0,3,1.1,,0,0.13336263597011566,2319
3,MCF7,2.0,A133,9,2,80.0,3,1.15,,0,0.13515020906925201,2242
3,MCF7,2.0,A133,9,2,80.0,3,1.2,,0,0.13852572441101074,2064
3,MCF7,2.0,A133,9,2,80.0,3,1.25,,0,0.1416599303483963,1845
3,MCF7,2.0,A133,9,2,80.0,3,1.3,,0,0.14388170838356018,1558
3,MCF7,2.0,A133,9,2,80.0,3,1.35,,0,0.15162917971611023,1264
3,MCF7,2.0,A133,9,2,80.0,3,1.4,,0,0.15078341960906982,993
3,MCF7,2.0,A133,9,2,80.0,3,1.45,,0,0.1601751297712326,749
3,MCF7,2.0,A133,9,2,80.0,3,1.5,,0,0.16425836086273193,596
3,MCF7,2.0,A133,9,2,80.0,3,1.55,,0,0.16606676578521729,418
3,MCF7,2.0,A133,9,2,80.0,3,1.6,,0,0.16728146374225616,378
3,MCF7,2.0,A133,9,2,80.0,3,1.65,,0,0.1719518005847931,276
3,MCF7,2.0,A133,9,2,80.0,3,1.7,,0,0.18070296943187714,211
3,MCF7,2.0,A133,9,2,80.0,3,1.75,,0,0.18774470686912537,159
3,MCF7,2.0,A133,9,2,80.0,3,1.8,,0,0.17767345905303955,127
3,MCF7,2.0,A133,9,2,80.0,3,1.85,,0,0.1834365576505661,91
3,MCF7,2.0,A133,9,2,80.0,3,1.9,,0,0.18236225843429565,97
3,MCF7,2.0,A133,9,2,80.0,3,1.95,,0,0.18694372475147247,65
3,MCF7,2.0,A133,9,2,80.0,3,2.0,,0,0.19754232466220856,52
3,MCF7,2.0,A133,9,2,80.0,3,2.05,,0,0.19757017493247986,35
3,MCF7,2.0,A133,9,2,80.0,3,2.1,,0,0.1863480657339096,35
3,MCF7,2.0,A133,9,2,80.0,3,2.15,,0,0.1954135000705719,20
3,MCF7,2.0,A133,9,2,80.0,3,2.2,,0,0.20916731655597687,15
3,MCF7,2.0,A133,9,2,80.0,3,2.25,,0,,9
3,MCF7,2.0,A133,9,2,80.0,3,2.3,,0,0.23424163460731506,10
1,MCF7,6.0,A133,0,2,80.0,1,0.08,,0,0.0507422536611557,249
1,MCF7,6.0,A133,0,2,80.0,1,0.13,0.07184045016765594,80,0.06752558052539825,4500
1,MCF7,6.0,A133,0,2,80.0,1,0.18,0.0807628408074379,724,0.07807406783103943,8721
1,MCF7,6.0,A133,0,2,80.0,1,0.23,0.09099096804857254,551,0.09573159366846085,2783
1,MCF7,6.0,A133,0,2,80.0,1,0.28,0.10240389406681061,378,0.1164066419005394,2139
1,MCF7,6.0,A133,0,2,80.0,1,0.33,0.1130279004573822,314,0.13532410562038422,1378
1,MCF7,6.0,A133,0,2,80.0,1,0.38,0.11761461943387985,273,0.16353397071361542,1321
1,MCF7,6.0,A133,0,2,80.0,1,0.43,0.1373768299818039,243,0.18686354160308838,1059
1,MCF7,6.0,A133,0,2,80.0,1,0.48,0.1669401228427887,316,0.19374831020832062,593
1,MCF7,6.0,A133,0,2,80.0,1,0.53,0.1879829466342926,443,0.19832037389278412,551
1,MCF7,6.0,A133,0,2,80.0,1,0.58,0.19900427758693695,543,0.20406292378902435,598
1,MCF7,6.0,A133,0,2,80.0,1,0.63,0.21396365761756897,640,0.21521751582622528,658
1,MCF7,6.0,A133,0,2,80.0,1,0.68,0.22174665331840515,694,0.22198155522346497,698
1,MCF7,6.0,A133,0,2,80.0,1,0.73,0.2345232516527176,731,0.23463112115859985,734
1,MCF7,6.0,A133,0,2,80.0,1,0.78,0.24254071712493896,757,0.24254071712493896,757
1,MCF7,6.0,A133,0,2,80.0,1,0.83,0.24148918688297272,504,0.24155166745185852,505
1,MCF7,6.0,A133,0,2,80.0,1,0.88,0.2442721128463745,334,0.2442721128463745,334
1,MCF7,6.0,A133,0,2,80.0,1,0.93,0.24414940178394318,126,0.24414940178394318,126
1,MCF7,6.0,A133,0,2,80.0,1,0.98,0.24492576718330383,54,0.24492576718330383,54
1,MCF7,6.0,A133,0,2,80.0,1,1.03,0.22530923783779144,11,0.22530923783779144,11
2,MCF7,6.0,A133,0,2,80.0,2,0.05,0.04226912930607796,259,0.04465079680085182,335
2,MCF7,6.0,A133,0,2,80.0,2,0.1,0.059293944388628006,4929,0.06181137263774872,17917
2,MCF7,6.0,A133,0,2,80.0,2,0.15,0.07368919253349304,1863,0.0704839825630188,12289
2,MCF7,6.0,A133,0,2,80.0,2,0.2,0.0910387709736824,874,0.08922476321458817,1512
2,MCF7,6.0,A133,0,2,80.0,2,0.25,0.10162323713302612,748,0.10100161284208298,1230
2,MCF7,6.0,A133,0,2,80.0,2,0.3,0.10887259989976883,909,0.10859119892120361,990
2,MCF7,6.0,A133,0,2,80.0,2,0.35,0.11860086768865585,1100,0.11859014630317688,1101
2,MCF7,6.0,A133,0,2,80.0,2,0.4,0.12489007413387299,1014,0.12489007413387299,1014
2,MCF7,6.0,A133,0,2,80.0,2,0.45,0.12996762990951538,564,0.12996762990951538,564
2,MCF7,6.0,A133,0,2,80.0,2,0.5,0.13306574523448944,180,0.13306574523448944,180
2,MCF7,6.0,A133,0,2,80.0,2,0.55,0.13508492708206177,71,0.13508492708206177,71
2,MCF7,6.0,A133,0,2,80.0,2,0.6,0.12763285636901855,8,,8
3,MCF7,6.0,A133,0,2,80.0,3,0.17,0.1053970530629158,243,0.10665878653526306,350
3,MCF7,6.0,A133,0,2,80.0,3,0.22,0.10684524476528168,2072,0.10960923880338669,7725
3,MCF7,6.0,A133,0,2,80.0,3,0.27,0.11330141127109528,1128,0.11300624161958694,2788
3,MCF7,6.0,A133,0,2,80.0,3,0.32,0.1184653714299202,1136,0.11853868514299393,1139
3,MCF7,6.0,A133,0,2,80.0,3,0.37,0.11890100687742233,1106,0.11890100687742233,1106
3,MCF7,6.0,A133,0,2,80.0,3,0.42,0.12321168929338455,236,0.12321168929338455,236
3,MCF7,6.0,A133,0,2,80.0,3,0.47,0.1265089362859726,28,0.1265089362859726,28
4,MCF7,6.0,A133,0,2,80.0,4,0.13,0.07664363831281662,795,0.07558966428041458,837
4,MCF7,6.0,A133,0,2,80.0,4,0.18,0.08853183686733246,601,0.07952538877725601,1767
4,MCF7,6.0,A133,0,2,80.0,4,0.23,0.09268210083246231,1539,0.08735431730747223,5360
4,MCF7,6.0,A133,0,2,80.0,4,0.28,0.10924477875232697,1211,0.1097019761800766,2679
4,MCF7,6.0,A133,0,2,80.0,4,0.33,0.12292096763849258,1224,0.131578728556633,3097
4,MCF7,6.0,A133,0,2,80.0,4,0.38,0.1256224811077118,722,0.1411612629890442,1721
4,MCF7,6.0,A133,0,2,80.0,4,0.43,0.13281279802322388,326,0.13362368941307068,334
4,MCF7,6.0,A133,0,2,80.0,4,0.48,0.1403377801179886,206,0.1403377801179886,206
4,MCF7,6.0,A133,0,2,80.0,4,0.53,0.14139972627162933,139,0.14139972627162933,139
4,MCF7,6.0,A133,0,2,80.0,4,0.58,0.15343253314495087,20,0.15343253314495087,20
1,MCF7,6.0,A133,1,2,80.0,1,0.15,0.0704791322350502,25,0.061535414308309555,86
1,MCF7,6.0,A133,1,2,80.0,1,0.2,0.07166256755590439,697,0.06730551272630692,2072
1,MCF7,6.0,A133,1,2,80.0,1,0.25,0.07312984019517899,648,0.06870708614587784,3007
1,MCF7,6.0,A133,1,2,80.0,1,0.3,0.07399604469537735,593,0.07141949981451035,2678
1,MCF7,6.0,A133,1,2,80.0,1,0.35,0.07476489990949631,634,0.07512219250202179,2183
1,MCF7,6.0,A133,1,2,80.0,1,0.4,0.08065691590309143,434,0.08136101067066193,1699
1,MCF7,6.0,A133,1,2,80.0,1,0.45,0.08940964192152023,337,0.08438478410243988,1309
1,MCF7,6.0,A133,1,2,80.0,1,0.5,0.09956802427768707,278,0.08777889609336853,856
1,MCF7,6.0,A133,1,2,80.0,1,0.55,0.10636144131422043,314,0.09561372548341751,590
1,MCF7,6.0,A133,1,2,80.0,1,0.6,0.10740840435028076,211,0.09888078272342682,318
1,MCF7,6.0,A133,1,2,80.0,1,0.65,0.10897345095872879,205,0.10459606349468231,243
1,MCF7,6.0,A133,1,2,80.0,1,0.7,0.10807247459888458,180,0.1055261641740799,195
1,MCF7,6.0,A133,1,2,80.0,1,0.75,0.10979165136814117,153,0.10830283910036087,165
1,MCF7,6.0,A133,1,2,80.0,1,0.8,0.11530344188213348,142,0.11296562105417252,154
1,MCF7,6.0,A133,1,2,80.0,1,0.85,0.11783913522958755,119,0.116228848695755,124
1,MCF7,6.0,A133,1,2,80.0,1,0.9,0.11792607605457306,111,0.1156962588429451,120
1,MCF7,6.0,A133,1,2,80.0,1,0.95,0.12201979756355286,121,0.12007034569978714,126
1,MCF7,6.0,A133,1,2,80.0,1,1.0,0.12394373118877411,112,0.1208716407418251,118
1,MCF7,6.0,A133,1,2,80.0,1,1.05,0.12523867189884186,130,0.12516550719738007,132
1,MCF7,6.0,A133,1,2,80.0,1,1.1,0.12426773458719254,68,0.12194433063268661,71
1,MCF7,6.0,A133,1,2,80.0,1,1.15,0.1281670480966568,43,0.12444552034139633,46
1,MCF7,6.0,A133,1,2,80.0,1,1.2,0.13376040756702423,37,0.13068725168704987,39
1,MCF7,6.0,A133,1,2,80.0,1,1.25,0.12639553844928741,31,0.12639553844928741,31
1,MCF7,6.0,A133,1,2,80.0,1,1.3,0.13707904517650604,36,0.13707904517650604,36
1,MCF7,6.0,A133,1,2,80.0,1,1.35,0.12052485346794128,32,0.12052485346794128,32
1,MCF7,6.0,A133,1,2,80.0,1,1.4,0.1444595903158188,30,0.1444595903158188,30
1,MCF7,6.0,A133,1,2,80.0,1,1.45,0.14319942891597748,29,0.14319942891597748,29
1,MCF7,6.0,A133,1,2,80.0,1,1.5,0.13966938853263855,8,,8
1,MCF7,6.0,A133,1,2,80.0,1,1.55,0.14137981832027435,7,,7
2,MCF7,6.0,A133,1,2,80.0,2,0.04,0.05446651577949524,1329,0.051876675337553024,1970
2,MCF7,6.0,A133,1,2,80.0,2,0.09,0.05656728893518448,6762,0.05651203542947769,16380
2,MCF7,6.0,A133,1,2,80.0,2,0.14,,0,0.061041299253702164,6817
2,MCF7,6.0,A133,1,2,80.0,2,0.19,,0,0.07246977090835571,241
3,MCF7,6.0,A133,1,2,80.0,3,0.07,0.059623681008815765,441,0.05578295886516571,1284
3,MCF7,6.0,A133,1,2,80.0,3,0.12,0.07771880179643631,883,0.06790480017662048,8875
3,MCF7,6.0,A133,1,2,80.0,3,0.17,0.10184741020202637,586,0.08764797449111938,3886
3,MCF7,6.0,A133,1,2,80.0,3,0.22,0.13208505511283875,369,0.11487162113189697,1218
3,MCF7,6.0,A133,1,2,80.0,3,0.27,0.1389748901128769,362,0.11719038337469101,1344
3,MCF7,6.0,A133,1,2,80.0,3,0.32,0.13457612693309784,558,0.12802636623382568,2337
3,MCF7,6.0,A133,1,2,80.0,3,0.37,0.1534789651632309,1056,0.15267860889434814,1499
3,MCF7,6.0,A133,1,2,80.0,3,0.42,0.16226905584335327,1007,0.1637326329946518,1117
3,MCF7,6.0,A133,1,2,80.0,3,0.47,0.1662881225347519,300,0.1678786277770996,324
3,MCF7,6.0,A133,1,2,80.0,3,0.52,0.182252898812294,47,0.18435285985469818,52
1,MCF7,6.0,A133,10,2,80.0,1,0.0,,0,0.0,2333
1,MCF7,6.0,A133,10,2,80.0,1,0.15,0.08476924896240234,22,0.10322292894124985,56
1,MCF7,6.0,A133,10,2,80.0,1,0.2,0.08955215662717819,1554,0.09162754565477371,1766
1,MCF7,6.0,A133,10,2,80.0,1,0.25,0.10129404067993164,6369,0.10077917575836182,7945
1,MCF7,6.0,A133,10,2,80.0,1,0.3,0.11318616569042206,5768,0.10864955931901932,10635
1,MCF7,6.0,A133,10,2,80.0,1,0.35,0.12126288563013077,1505,0.11077573150396347,8389
1,MCF7,6.0,A133,10,2,80.0,1,0.4,0.11850497871637344,153,0.11470157653093338,6053
1,MCF7,6.0,A133,10,2,80.0,1,0.45,0.1041923463344574,9,0.12467821687459946,3660
1,MCF7,6.0,A133,10,2,80.0,1,0.5,,0,0.1365458071231842,2095
1,MCF7,6.0,A133,10,2,80.0,1,0.55,,0,0.14795424044132233,1128
1,MCF7,6.0,A133,10,2,80.0,1,0.6,,0,0.1569940149784088,529
1,MCF7,6.0,A133,10,2,80.0,1,0.65,,0,0.1761629283428192,285
1,MCF7,6.0,A133,10,2,80.0,1,0.7,,0,0.18371817469596863,151
1,MCF7,6.0,A133,10,2,80.0,1,0.75,,0,0.18163369596004486,69
1,MCF7,6.0,A133,10,2,80.0,1,0.8,,0,0.19264467060565948,31
1,MCF7,6.0,A133,10,2,80.0,1,0.85,,0,0.20987632870674133,17
2,MCF7,6.0,A133,10,2,80.0,2,0.15,0.055956654250621796,77,0.04299796745181084,254
2,MCF7,6.0,A133,10,2,80.0,2,0.2,0.059386786073446274,945,0.05096122995018959,2757
2,MCF7,6.0,A133,10,2,80.0,2,0.25,0.06240791827440262,743,0.052621446549892426,5674
2,MCF7,6.0,A133,10,2,80.0,2,0.3,0.06078020855784416,678,0.05628106743097305,5990
2,MCF7,6.0,A133,10,2,80.0,2,0.35,0.06385155022144318,440,0.06007387116551399,4429
2,MCF7,6.0,A133,10,2,80.0,2,0.4,0.07038169354200363,311,0.0658271387219429,2883
2,MCF7,6.0,A133,10,2,80.0,2,0.45,0.07842928171157837,236,0.07126728445291519,2137
2,MCF7,6.0,A133,10,2,80.0,2,0.5,0.08297892659902573,195,0.07726674526929855,2367
2,MCF7,6.0,A133,10,2,80.0,2,0.55,0.0850975289940834,212,0.08075690269470215,2268
2,MCF7,6.0,A133,10,2,80.0,2,0.6,0.08727758377790451,269,0.08702319860458374,1689
2,MCF7,6.0,A133,10,2,80.0,2,0.65,0.09452947974205017,265,0.0934104397892952,1145
2,MCF7,6.0,A133,10,2,80.0,2,0.7,0.10416248440742493,303,0.10048900544643402,789
2,MCF7,6.0,A133,10,2,80.0,2,0.75,0.10847809910774231,308,0.10626977682113647,503
2,MCF7,6.0,A133,10,2,80.0,2,0.8,0.11431054770946503,363,0.11382874101400375,468
2,MCF7,6.0,A133,10,2,80.0,2,0.85,0.11574777215719223,371,0.11468260735273361,399
2,MCF7,6.0,A133,10,2,80.0,2,0.9,0.12106582522392273,368,0.12126434594392776,377
2,MCF7,6.0,A133,10,2,80.0,2,0.95,0.12354274839162827,389,0.12360358983278275,392
2,MCF7,6.0,A133,10,2,80.0,2,1.0,0.12772712111473083,299,0.12792490422725677,300
2,MCF7,6.0,A133,10,2,80.0,2,1.05,0.12886418402194977,257,0.12879636883735657,258
2,MCF7,6.0,A133,10,2,80.0,2,1.1,0.13218992948532104,186,0.1324852705001831,187
2,MCF7,6.0,A133,10,2,80.0,2,1.15,0.137295201420784,142,0.137295201420784,142
2,MCF7,6.0,A133,10,2,80.0,2,1.2,0.13270346820354462,109,0.13270346820354462,109
2,MCF7,6.0,A133,10,2,80.0,2,1.25,0.1336967945098877,43,0.1336967945098877,43
2,MCF7,6.0,A133,10,2,80.0,2,1.3,0.11928458511829376,16,0.11928458511829376,16
2,MCF7,6.0,A133,10,2,80.0,2,1.35,0.11453652381896973,11,0.11453652381896973,11
2,MCF7,6.0,A133,10,2,80.0,2,1.4,0.10431524366140366,6,,6
3,MCF7,6.0,A133,10,2,80.0,3,0.0,,0,0.0,487
3,MCF7,6.0,A133,10,2,80.0,3,0.1,0.0390036515891552,130,0.04270170256495476,190
3,MCF7,6.0,A133,10,2,80.0,3,0.15,0.04152075946331024,1923,0.04381808266043663,3116
3,MCF7,6.0,A133,10,2,80.0,3,0.2,0.04643822833895683,2273,0.0477616973221302,7226
3,MCF7,6.0,A133,10,2,80.0,3,0.25,0.05197509005665779,1056,0.052000902593135834,8802
3,MCF7,6.0,A133,10,2,80.0,3,0.3,0.06170922890305519,784,0.05849471688270569,7394
3,MCF7,6.0,A133,10,2,80.0,3,0.35,0.06798636168241501,800,0.065779909491539,4932
3,MCF7,6.0,A133,10,2,80.0,3,0.4,0.07406315952539444,900,0.07475199550390244,3270
3,MCF7,6.0,A133,10,2,80.0,3,0.45,0.08016659319400787,886,0.08275500684976578,2270
3,MCF7,6.0,A133,10,2,80.0,3,0.5,0.08433975279331207,860,0.08754708617925644,1646
3,MCF7,6.0,A133,10,2,80.0,3,0.55,0.08898098021745682,824,0.09254570305347443,1316
3,MCF7,6.0,A133,10,2,80.0,3,0.6,0.09280186891555786,714,0.09486734122037888,981
3,MCF7,6.0,A133,10,2,80.0,3,0.65,0.09504226595163345,690,0.09624595195055008,844
3,MCF7,6.0,A133,10,2,80.0,3,0.7,0.09631307423114777,560,0.09773349016904831,647
3,MCF7,6.0,A133,10,2,80.0,3,0.75,0.09824461489915848,481,0.09977533668279648,519
3,MCF7,6.0,A133,10,2,80.0,3,0.8,0.10028979182243347,405,0.10171230137348175,427
3,MCF7,6.0,A133,10,2,80.0,3,0.85,0.09934011101722717,288,0.09993299841880798,298
3,MCF7,6.0,A133,10,2,80.0,3,0.9,0.10311383754014969,198,0.10373622179031372,203
3,MCF7,6.0,A133,10,2,80.0,3,0.95,0.10667043924331665,183,0.10838582366704941,188
3,MCF7,6.0,A133,10,2,80.0,3,1.0,0.10599446296691895,107,0.10569034516811371,109
3,MCF7,6.0,A133,10,2,80.0,3,1.05,0.10929208248853683,53,0.10929208248853683,53
3,MCF7,6.0,A133,10,2,80.0,3,1.1,0.1115386039018631,51,0.1115386039018631,51
3,MCF7,6.0,A133,10,2,80.0,3,1.15,0.09625221788883209,37,0.09525056183338165,39
3,MCF7,6.0,A133,10,2,80.0,3,1.2,0.11470967531204224,23,0.11680731177330017,24
3,MCF7,6.0,A133,10,2,80.0,3,1.25,0.10024624317884445,13,0.1007925271987915,14
3,MCF7,6.0,A133,10,2,80.0,3,1.3,0.10277440398931503,18,0.10277440398931503,18
3,MCF7,6.0,A133,10,2,80.0,3,1.35,0.11972282081842422,11,0.11762223392724991,12
3,MCF7,6.0,A133,10,2,80.0,3,1.4,0.10756293684244156,6,,7
3,MCF7,6.0,A133,10,2,80.0,3,1.45,0.08757995069026947,8,,8
3,MCF7,6.0,A133,10,2,80.0,3,1.5,0.1033414900302887,12,0.1033414900302887,12
4,MCF7,6.0,A133,10,2,80.0,4,0.0,0.0,683,0.0,10740
4,MCF7,6.0,A133,10,2,80.0,4,0.2,0.07680235058069229,18,0.07680235058069229,18
4,MCF7,6.0,A133,10,2,80.0,4,0.25,0.06853935867547989,80,0.07495682686567307,93
4,MCF7,6.0,A133,10,2,80.0,4,0.3,0.08412768691778183,227,0.09245321154594421,292
4,MCF7,6.0,A133,10,2,80.0,4,0.35,0.07845643907785416,393,0.09209506213665009,548
4,MCF7,6.0,A133,10,2,80.0,4,0.4,0.08564267307519913,487,0.10462974011898041,808
4,MCF7,6.0,A133,10,2,80.0,4,0.45,0.08901892602443695,504,0.11272072046995163,955
4,MCF7,6.0,A133,10,2,80.0,4,0.5,0.08996110409498215,395,0.1223505362868309,998
4,MCF7,6.0,A133,10,2,80.0,4,0.55,0.09623563289642334,369,0.12830005586147308,1010
4,MCF7,6.0,A133,10,2,80.0,4,0.6,0.10375942289829254,309,0.13486960530281067,1045
4,MCF7,6.0,A133,10,2,80.0,4,0.65,0.10971278697252274,321,0.14233198761940002,1017
4,MCF7,6.0,A133,10,2,80.0,4,0.7,0.11572518199682236,287,0.14584901928901672,956
4,MCF7,6.0,A133,10,2,80.0,4,0.75,0.11940821260213852,301,0.15134170651435852,932
4,MCF7,6.0,A133,10,2,80.0,4,0.8,0.1274435818195343,291,0.15688453614711761,867
4,MCF7,6.0,A133,10,2,80.0,4,0.85,0.13376431167125702,257,0.16130992770195007,765
4,MCF7,6.0,A133,10,2,80.0,4,0.9,0.14282263815402985,198,0.17146840691566467,623
4,MCF7,6.0,A133,10,2,80.0,4,0.95,0.1587153822183609,191,0.17638304829597473,535
4,MCF7,6.0,A133,10,2,80.0,4,1.0,0.14730505645275116,158,0.17139853537082672,386
4,MCF7,6.0,A133,10,2,80.0,4,1.05,0.16317994892597198,181,0.18211187422275543,382
4,MCF7,6.0,A133,10,2,80.0,4,1.1,0.17088741064071655,147,0.1824333816766739,291
4,MCF7,6.0,A133,10,2,80.0,4,1.15,0.17500732839107513,139,0.1888113170862198,251
4,MCF7,6.0,A133,10,2,80.0,4,1.2,0.18742161989212036,139,0.18856385350227356,233
4,MCF7,6.0,A133,10,2,80.0,4,1.25,0.19469107687473297,156,0.19406208395957947,218
4,MCF7,6.0,A133,10,2,80.0,4,1.3,0.19248150289058685,157,0.19548490643501282,216
4,MCF7,6.0,A133,10,2,80.0,4,1.35,0.20961174368858337,147,0.21029022336006165,193
4,MCF7,6.0,A133,10,2,80.0,4,1.4,0.21482333540916443,151,0.21159550547599792,189
4,MCF7,6.0,A133,10,2,80.0,4,1.45,0.20938177406787872,169,0.21169497072696686,216
4,MCF7,6.0,A133,10,2,80.0,4,1.5,0.22433613240718842,169,0.22859834134578705,209
4,MCF7,6.0,A133,10,2,80.0,4,1.55,0.2252461463212967,141,0.22796984016895294,172
4,MCF7,6.0,A133,10,2,80.0,4,1.6,0.20972038805484772,155,0.21369871497154236,182
4,MCF7,6.0,A133,10,2,80.0,4,1.65,0.22961753606796265,170,0.23189124464988708,190
4,MCF7,6.0,A133,10,2,80.0,4,1.7,0.2378343790769577,147,0.23915836215019226,172
4,MCF7,6.0,A133,10,2,80.0,4,1.75,0.23980574309825897,132,0.2370561808347702,161
4,MCF7,6.0,A133,10,2,80.0,4,1.8,0.24371322989463806,122,0.24485568702220917,154
4,MCF7,6.0,A133,10,2,80.0,4,1.85,0.2457122653722763,112,0.24886931478977203,124
4,MCF7,6.0,A133,10,2,80.0,4,1.9,0.24237807095050812,101,0.2491486817598343,130
4,MCF7,6.0,A133,10,2,80.0,4,1.95,0.24445125460624695,97,0.24631771445274353,114
4,MCF7,6.0,A133,10,2,80.0,4,2.0,0.24070493876934052,93,0.25290921330451965,117
4,MCF7,6.0,A133,10,2,80.0,4,2.05,0.25518733263015747,78,0.2564317584037781,100
4,MCF7,6.0,A133,10,2,80.0,4,2.1,0.26476120948791504,84,0.27015039324760437,100
4,MCF7,6.0,A133,10,2,80.0,4,2.15,0.2741297483444214,50,0.2785588502883911,76
4,MCF7,6.0,A133,10,2,80.0,4,2.2,0.26531463861465454,61,0.26806944608688354,75
4,MCF7,6.0,A133,10,2,80.0,4,2.25,0.2768082022666931,67,0.2864150404930115,87
4,MCF7,6.0,A133,10,2,80.0,4,2.3,0.26445093750953674,39,0.27568337321281433,56
4,MCF7,6.0,A133,10,2,80.0,4,2.35,0.2613717317581177,45,0.2698964774608612,60
4,MCF7,6.0,A133,10,2,80.0,4,2.4,0.27158841490745544,44,0.28503042459487915,54
4,MCF7,6.0,A133,10,2,80.0,4,2.45,0.27727437019348145,31,0.28006845712661743,46
4,MCF7,6.0,A133,10,2,80.0,4,2.5,0.2801634967327118,24,0.29761719703674316,40
4,MCF7,6.0,A133,10,2,80.0,4,2.55,0.2853505611419678,17,0.2946990430355072,24
4,MCF7,6.0,A133,10,2,80.0,4,2.6,0.29097238183021545,28,0.3030911982059479,41
4,MCF7,6.0,A133,10,2,80.0,4,2.65,0.27930888533592224,20,0.3021226227283478,34
4,MCF7,6.0,A133,10,2,80.0,4,2.7,0.24689733982086182,8,0.29270899295806885,22
4,MCF7,6.0,A133,10,2,80.0,4,2.75,0.29797834157943726,14,0.2748169004917145,22
4,MCF7,6.0,A133,10,2,80.0,4,2.8,0.28386130928993225,16,0.2810788154602051,24
4,MCF7,6.0,A133,10,2,80.0,4,2.85,0.28010669350624084,15,0.28746268153190613,20
4,MCF7,6.0,A133,10,2,80.0,4,2.9,0.28400591015815735,18,0.3085595965385437,29
4,MCF7,6.0,A133,10,2,80.0,4,2.95,0.24683941900730133,9,0.27278104424476624,15
4,MCF7,6.0,A133,10,2,80.0,4,3.0,0.25161412358283997,11,0.25530070066452026,14
4,MCF7,6.0,A133,10,2,80.0,4,3.05,,4,0.3267383575439453,10
4,MCF7,6.0,A133,10,2,80.0,4,3.1,0.33516260981559753,7,0.32196950912475586,10
4,MCF7,6.0,A133,10,2,80.0,4,3.15,,2,,8
4,MCF7,6.0,A133,10,2,80.0,4,3.2,0.29800066351890564,6,0.32512688636779785,12
4,MCF7,6.0,A133,10,2,80.0,4,3.25,,4,0.32492950558662415,10
4,MCF7,6.0,A133,10,2,80.0,4,3.35,0.2579142153263092,5,0.23714697360992432,12
4,MCF7,6.0,A133,10,2,80.0,4,3.45,,4,,6
4,MCF7,6.0,A133,10,2,80.0,4,3.5,0.29021158814430237,7,,7
4,MCF7,6.0,A133,10,2,80.0,4,3.65,,4,,8
5,MCF7,6.0,A133,10,2,80.0,5,0.03,0.05428021028637886,3938,0.05456956475973129,3975
5,MCF7,6.0,A133,10,2,80.0,5,0.08,0.05129275098443031,4031,0.05814513564109802,6200
5,MCF7,6.0,A133,10,2,80.0,5,0.13,0.06499172002077103,1321,0.0633806511759758,6617
5,MCF7,6.0,A133,10,2,80.0,5,0.18,0.0808347836136818,1977,0.07073980569839478,6370
5,MCF7,6.0,A133,10,2,80.0,5,0.23,0.08877258747816086,553,0.07549583911895752,2818
5,MCF7,6.0,A133,10,2,80.0,5,0.28,,3,0.07485461235046387,462
5,MCF7,6.0,A133,10,2,80.0,5,0.33,,0,0.08733580261468887,58
5,MCF7,6.0,A133,10,2,80.0,5,0.38,,0,,9
1,MCF7,6.0,A133,11,2,80.0,1,0.0,,0,0.0014462420949712396,15
1,MCF7,6.0,A133,11,2,80.0,1,0.05,,0,0.050572726875543594,2152
1,MCF7,6.0,A133,11,2,80.0,1,0.1,,0,0.058964647352695465,4702
1,MCF7,6.0,A133,11,2,80.0,1,0.15,0.10918007791042328,95,0.07062849402427673,2916
1,MCF7,6.0,A133,11,2,80.0,1,0.2,0.110194630920887,404,0.09566797316074371,1270
1,MCF7,6.0,A133,11,2,80.0,1,0.25,0.11769028753042221,568,0.1149013414978981,877
1,MCF7,6.0,A133,11,2,80.0,1,0.3,0.12981756031513214,753,0.12957072257995605,773
1,MCF7,6.0,A133,11,2,80.0,1,0.35,0.14305154979228973,1800,0.14302338659763336,1802
1,MCF7,6.0,A133,11,2,80.0,1,0.4,0.15004876255989075,608,0.15004876255989075,608
1,MCF7,6.0,A133,11,2,80.0,1,0.45,0.15088549256324768,37,0.15088549256324768,37
2,MCF7,6.0,A133,11,2,80.0,2,0.03,,0,0.05294978618621826,2319
2,MCF7,6.0,A133,11,2,80.0,2,0.08,0.08660583943128586,321,0.061819348484277725,10282
2,MCF7,6.0,A133,11,2,80.0,2,0.13,0.09261530637741089,2676,0.08201470971107483,4783
2,MCF7,6.0,A133,11,2,80.0,2,0.18,0.0951441153883934,902,0.08973013609647751,1095
3,MCF7,6.0,A133,11,2,80.0,3,0.0,,1,0.0,2579
3,MCF7,6.0,A133,11,2,80.0,3,0.4,0.06187473610043526,5,0.08002426475286484,23
3,MCF7,6.0,A133,11,2,80.0,3,0.45,0.05449911579489708,12,0.08390197902917862,65
3,MCF7,6.0,A133,11,2,80.0,3,0.5,0.06334568560123444,55,0.07752630114555359,164
3,MCF7,6.0,A133,11,2,80.0,3,0.55,0.06186318397521973,66,0.0868477150797844,227
3,MCF7,6.0,A133,11,2,80.0,3,0.6,0.06364861130714417,74,0.08593114465475082,297
3,MCF7,6.0,A133,11,2,80.0,3,0.65,0.0727858692407608,97,0.09832561016082764,390
3,MCF7,6.0,A133,11,2,80.0,3,0.7,0.08173085004091263,86,0.09783297777175903,439
3,MCF7,6.0,A133,11,2,80.0,3,0.75,0.08617432415485382,106,0.10874539613723755,504
3,MCF7,6.0,A133,11,2,80.0,3,0.8,0.09449903666973114,130,0.10774249583482742,554
3,MCF7,6.0,A133,11,2,80.0,3,0.85,0.09303795546293259,186,0.11153440177440643,669
3,MCF7,6.0,A133,11,2,80.0,3,0.9,0.09686852246522903,219,0.11936921626329422,763
3,MCF7,6.0,A133,11,2,80.0,3,0.95,0.09691260755062103,206,0.11776703596115112,715
3,MCF7,6.0,A133,11,2,80.0,3,1.0,0.10350318253040314,251,0.12434320151805878,750
3,MCF7,6.0,A133,11,2,80.0,3,1.05,0.10745380073785782,265,0.13058121502399445,859
3,MCF7,6.0,A133,11,2,80.0,3,1.1,0.11826177686452866,293,0.14250239729881287,850
3,MCF7,6.0,A133,11,2,80.0,3,1.15,0.12071429193019867,262,0.14382609724998474,804
3,MCF7,6.0,A133,11,2,80.0,3,1.2,0.12680400907993317,283,0.14114812016487122,794
3,MCF7,6.0,A133,11,2,80.0,3,1.25,0.13003726303577423,296,0.14789177477359772,787
3,MCF7,6.0,A133,11,2,80.0,3,1.3,0.1356588453054428,283,0.15034404397010803,706
3,MCF7,6.0,A133,11,2,80.0,3,1.35,0.13964033126831055,291,0.1579451709985733,659
3,MCF7,6.0,A133,11,2,80.0,3,1.4,0.1441406011581421,241,0.1623849719762802,555
3,MCF7,6.0,A133,11,2,80.0,3,1.45,0.15773743391036987,205,0.1756214201450348,477
3,MCF7,6.0,A133,11,2,80.0,3,1.5,0.15794122219085693,188,0.17505976557731628,413
3,MCF7,6.0,A133,11,2,80.0,3,1.55,0.16041339933872223,175,0.1761655956506729,358
3,MCF7,6.0,A133,11,2,80.0,3,1.6,0.16318324208259583,148,0.1836673617362976,307
3,MCF7,6.0,A133,11,2,80.0,3,1.65,0.16399970650672913,121,0.1724609136581421,252
3,MCF7,6.0,A133,11,2,80.0,3,1.7,0.16504810750484467,88,0.19151368737220764,218
3,MCF7,6.0,A133,11,2,80.0,3,1.75,0.16880658268928528,61,0.18676447868347168,134
3,MCF7,6.0,A133,11,2,80.0,3,1.8,0.17388811707496643,46,0.19896367192268372,110
3,MCF7,6.0,A133,11,2,80.0,3,1.85,0.1796019971370697,21,0.20865555107593536,80
3,MCF7,6.0,A133,11,2,80.0,3,1.9,0.17983092367649078,22,0.20111426711082458,57
3,MCF7,6.0,A133,11,2,80.0,3,1.95,0.19492940604686737,14,0.2256653904914856,54
3,MCF7,6.0,A133,11,2,80.0,3,2.0,0.1701451987028122,5,0.19102218747138977,20
3,MCF7,6.0,A133,11,2,80.0,3,2.05,,1,0.24151264131069183,26
3,MCF7,6.0,A133,11,2,80.0,3,2.1,,1,0.21395841240882874,16
3,MCF7,6.0,A133,11,2,80.0,3,2.15,,1,0.267156720161438,12
3,MCF7,6.0,A133,11,2,80.0,3,2.2,,0,,6
3,MCF7,6.0,A133,11,2,80.0,3,2.25,,0,,7
1,MCF7,6.0,A133,12,2,80.0,1,0.0,,0,0.0,3029
1,MCF7,6.0,A133,12,2,80.0,1,0.05,0.058020368218421936,23,0.06635520607233047,1058
1,MCF7,6.0,A133,12,2,80.0,1,0.1,0.06455415487289429,1179,0.07423751801252365,14051
1,MCF7,6.0,A133,12,2,80.0,1,0.15,0.07861453294754028,1727,0.08443711698055267,16991
1,MCF7,6.0,A133,12,2,80.0,1,0.2,0.0937136560678482,1116,0.10051745176315308,6868
1,MCF7,6.0,A133,12,2,80.0,1,0.25,0.10898632556200027,1047,0.11834070831537247,2749
1,MCF7,6.0,A133,12,2,80.0,1,0.3,0.12168629467487335,1002,0.12615284323692322,1515
1,MCF7,6.0,A133,12,2,80.0,1,0.35,0.12981146574020386,1068,0.13077355921268463,1275
1,MCF7,6.0,A133,12,2,80.0,1,0.4,0.13492177426815033,1158,0.1349787414073944,1270
1,MCF7,6.0,A133,12,2,80.0,1,0.45,0.1426018923521042,963,0.14230231940746307,1021
1,MCF7,6.0,A133,12,2,80.0,1,0.5,0.146978959441185,635,0.1467871069908142,651
1,MCF7,6.0,A133,12,2,80.0,1,0.55,0.14951255917549133,335,0.1497286558151245,339
1,MCF7,6.0,A133,12,2,80.0,1,0.6,0.15354026854038239,141,0.15354026854038239,141
1,MCF7,6.0,A133,12,2,80.0,1,0.65,0.15325427055358887,75,0.15325427055358887,75
1,MCF7,6.0,A133,12,2,80.0,1,0.7,0.1521545797586441,41,0.1521545797586441,41
1,MCF7,6.0,A133,12,2,80.0,1,0.75,0.1532536745071411,20,0.1532536745071411,20
1,MCF7,6.0,A133,12,2,80.0,1,0.8,0.14333012700080872,7,,7
2,MCF7,6.0,A133,12,2,80.0,2,0.0,,0,0.0,208
2,MCF7,6.0,A133,12,2,80.0,2,0.25,0.06362877786159515,69,0.058901797980070114,180
2,MCF7,6.0,A133,12,2,80.0,2,0.3,0.07260685414075851,1157,0.06556855142116547,3364
2,MCF7,6.0,A133,12,2,80.0,2,0.35,0.08295918256044388,1980,0.07078327238559723,8333
2,MCF7,6.0,A133,12,2,80.0,2,0.4,0.09543099254369736,1926,0.07520979642868042,7783
2,MCF7,6.0,A133,12,2,80.0,2,0.45,0.10320963710546494,1649,0.07907319813966751,5625
2,MCF7,6.0,A133,12,2,80.0,2,0.5,0.10629189014434814,539,0.07521282881498337,2809
2,MCF7,6.0,A133,12,2,80.0,2,0.55,0.10890821367502213,93,0.07649071514606476,1262
2,MCF7,6.0,A133,12,2,80.0,2,0.6,,4,0.08073078840970993,557
2,MCF7,6.0,A133,12,2,80.0,2,0.65,,0,0.08249206095933914,216
2,MCF7,6.0,A133,12,2,80.0,2,0.7,,0,0.09049713611602783,67
2,MCF7,6.0,A133,12,2,80.0,2,0.75,,0,0.10429992526769638,27
2,MCF7,6.0,A133,12,2,80.0,2,0.8,,0,,9
1,MCF7,6.0,A133,13,2,80.0,1,0.05,0.025079434737563133,157,0.02204274758696556,1839
1,MCF7,6.0,A133,13,2,80.0,1,0.1,0.0336516909301281,1092,0.041579004377126694,13459
1,MCF7,6.0,A133,13,2,80.0,1,0.15,0.06099372357130051,1482,0.05866752192378044,11213
1,MCF7,6.0,A133,13,2,80.0,1,0.2,0.08726585656404495,1723,0.08047781139612198,3344
1,MCF7,6.0,A133,13,2,80.0,1,0.25,0.10477903485298157,2008,0.10441125929355621,2089
1,MCF7,6.0,A133,13,2,80.0,1,0.3,0.11574512720108032,1099,0.11576525866985321,1107
1,MCF7,6.0,A133,13,2,80.0,1,0.35,0.11950810253620148,322,0.11950810253620148,322
1,MCF7,6.0,A133,13,2,80.0,1,0.4,0.11830014735460281,67,0.11830014735460281,67
2,MCF7,6.0,A133,13,2,80.0,2,0.11,0.04644080996513367,80,0.04789188876748085,144
2,MCF7,6.0,A133,13,2,80.0,2,0.16,0.0516631156206131,3832,0.051742639392614365,8289
2,MCF7,6.0,A133,13,2,80.0,2,0.21,0.0520632378757,42,0.05154109746217728,746
3,MCF7,6.0,A133,13,2,80.0,3,0.08,0.05124978721141815,272,0.04749620333313942,1382
3,MCF7,6.0,A133,13,2,80.0,3,0.13,0.05890742689371109,678,0.050018806010484695,12588
3,MCF7,6.0,A133,13,2,80.0,3,0.18,0.07975208759307861,1000,0.07363659143447876,4640
3,MCF7,6.0,A133,13,2,80.0,3,0.23,0.09890809655189514,1702,0.09883260726928711,1707
3,MCF7,6.0,A133,13,2,80.0,3,0.28,0.11114232242107391,861,0.11114232242107391,861
3,MCF7,6.0,A133,13,2,80.0,3,0.33,0.12165991216897964,95,0.12165991216897964,95
3,MCF7,6.0,A133,13,2,80.0,3,0.38,0.1327364295721054,7,,7
4,MCF7,6.0,A133,13,2,80.0,4,0.12,0.04006972536444664,139,0.040619947016239166,168
4,MCF7,6.0,A133,13,2,80.0,4,0.17,0.05168086290359497,1559,0.05379204824566841,2591
4,MCF7,6.0,A133,13,2,80.0,4,0.22,0.06475620716810226,1896,0.05793652683496475,4730
4,MCF7,6.0,A133,13,2,80.0,4,0.27,0.07475237548351288,1033,0.0651710256934166,1851
4,MCF7,6.0,A133,13,2,80.0,4,0.32,0.07894089818000793,187,0.07706805318593979,208
4,MCF7,6.0,A133,13,2,80.0,4,0.37,0.08512789756059647,19,0.08512789756059647,19
1,MCF7,6.0,A133,14,2,80.0,1,0.02,,0,0.022163400426506996,496
1,MCF7,6.0,A133,14,2,80.0,1,0.07,0.03656947240233421,328,0.02998613566160202,10581
1,MCF7,6.0,A133,14,2,80.0,1,0.12,0.04750543832778931,888,0.0456598736345768,5428
1,MCF7,6.0,A133,14,2,80.0,1,0.17,0.07021411508321762,624,0.06447841227054596,1986
1,MCF7,6.0,A133,14,2,80.0,1,0.22,0.08743999898433685,647,0.0886654406785965,2181
1,MCF7,6.0,A133,14,2,80.0,1,0.27,0.10935517400503159,1454,0.10921475291252136,2371
1,MCF7,6.0,A133,14,2,80.0,1,0.32,0.12447492778301239,1742,0.12439345568418503,1789
1,MCF7,6.0,A133,14,2,80.0,1,0.37,0.1314437836408615,699,0.13142701983451843,701
1,MCF7,6.0,A133,14,2,80.0,1,0.42,0.13863949477672577,242,0.13863949477672577,242
1,MCF7,6.0,A133,14,2,80.0,1,0.47,0.13773266971111298,64,0.13773266971111298,64
1,MCF7,6.0,A133,14,2,80.0,1,0.52,0.14981301128864288,15,0.14981301128864288,15
2,MCF7,6.0,A133,14,2,80.0,2,0.21,,0,0.051057640463113785,14
2,MCF7,6.0,A133,14,2,80.0,2,0.26,0.031268417835235596,85,0.05632644146680832,756
2,MCF7,6.0,A133,14,2,80.0,2,0.31,0.04944630339741707,448,0.061619579792022705,3392
2,MCF7,6.0,A133,14,2,80.0,2,0.36,0.06330002844333649,980,0.065374955534935,4609
2,MCF7,6.0,A133,14,2,80.0,2,0.41,0.07010430842638016,1112,0.06720452010631561,3919
2,MCF7,6.0,A133,14,2,80.0,2,0.46,0.07722360640764236,1045,0.06802108138799667,2875
2,MCF7,6.0,A133,14,2,80.0,2,0.51,0.07934591919183731,924,0.06962288916110992,1852
2,MCF7,6.0,A133,14,2,80.0,2,0.56,0.08042678236961365,685,0.07331466674804688,1057
2,MCF7,6.0,A133,14,2,80.0,2,0.61,0.08169277012348175,456,0.07828237116336823,589
2,MCF7,6.0,A133,14,2,80.0,2,0.66,0.08254533261060715,317,0.08139852434396744,345
2,MCF7,6.0,A133,14,2,80.0,2,0.71,0.08271291106939316,144,0.0815688744187355,155
2,MCF7,6.0,A133,14,2,80.0,2,0.76,0.08709264546632767,59,0.08691733330488205,61
2,MCF7,6.0,A133,14,2,80.0,2,0.81,0.08332231640815735,18,0.08332231640815735,18
2,MCF7,6.0,A133,14,2,80.0,2,0.86,0.0911945328116417,20,0.0911945328116417,20
1,MCF7,6.0,A133,15,2,80.0,1,0.06,0.03237226977944374,362,0.030550630763173103,933
1,MCF7,6.0,A133,15,2,80.0,1,0.11,0.04586895555257797,1348,0.04047348350286484,7803
1,MCF7,6.0,A133,15,2,80.0,1,0.16,0.0580674484372139,1587,0.05246337875723839,4111
1,MCF7,6.0,A133,15,2,80.0,1,0.21,0.05645313486456871,1132,0.049070775508880615,2229
1,MCF7,6.0,A133,15,2,80.0,1,0.26,0.05554069206118584,318,0.055618397891521454,340
1,MCF7,6.0,A133,15,2,80.0,1,0.31,0.052477654069662094,83,0.05427391454577446,88
2,MCF7,6.0,A133,15,2,80.0,2,0.0,0.0023585697636008263,6,0.008858801797032356,785
2,MCF7,6.0,A133,15,2,80.0,2,0.05,0.015730373561382294,1262,0.01669500395655632,6787
2,MCF7,6.0,A133,15,2,80.0,2,0.1,0.02606584131717682,1563,0.02770259603857994,2592
2,MCF7,6.0,A133,15,2,80.0,2,0.15,0.03458694368600845,1312,0.03613520786166191,1665
2,MCF7,6.0,A133,15,2,80.0,2,0.2,0.0423351414501667,135,0.04125291854143143,152
3,MCF7,6.0,A133,15,2,80.0,3,0.07,0.03319339454174042,211,0.032690733671188354,241
3,MCF7,6.0,A133,15,2,80.0,3,0.12,0.04512091353535652,1279,0.03732879459857941,6799
3,MCF7,6.0,A133,15,2,80.0,3,0.17,0.06028474122285843,1189,0.044306136667728424,12331
3,MCF7,6.0,A133,15,2,80.0,3,0.22,0.07036665827035904,1524,0.06022470071911812,4492
3,MCF7,6.0,A133,15,2,80.0,3,0.27,0.08234051614999771,815,0.07885677367448807,988
3,MCF7,6.0,A133,15,2,80.0,3,0.32,0.09409665316343307,334,0.0892801359295845,381
3,MCF7,6.0,A133,15,2,80.0,3,0.37,0.10263597220182419,109,0.09983707964420319,122
3,MCF7,6.0,A133,15,2,80.0,3,0.42,0.1027301549911499,65,0.09892478585243225,75
3,MCF7,6.0,A133,15,2,80.0,3,0.47,0.1040109395980835,10,0.10122435539960861,11
4,MCF7,6.0,A133,15,2,80.0,4,0.27,,0,,6
4,MCF7,6.0,A133,15,2,80.0,4,0.32,,0,0.019476478919386864,101
4,MCF7,6.0,A133,15,2,80.0,4,0.37,0.025230640545487404,119,0.02632431872189045,787
4,MCF7,6.0,A133,15,2,80.0,4,0.42,0.032660506665706635,814,0.03237193450331688,2378
4,MCF7,6.0,A133,15,2,80.0,4,0.47,0.03866279125213623,1191,0.03928486630320549,3731
4,MCF7,6.0,A133,15,2,80.0,4,0.52,0.04724807292222977,746,0.044771499931812286,3871
4,MCF7,6.0,A133,15,2,80.0,4,0.57,0.05544544756412506,431,0.051547821611166,3076
4,MCF7,6.0,A133,15,2,80.0,4,0.62,0.06193011999130249,376,0.059914954006671906,2149
4,MCF7,6.0,A133,15,2,80.0,4,0.67,0.06898592412471771,260,0.07063605636358261,1203
4,MCF7,6.0,A133,15,2,80.0,4,0.72,0.07100427895784378,254,0.08002346009016037,786
4,MCF7,6.0,A133,15,2,80.0,4,0.77,0.07737482339143753,234,0.08514890819787979,585
4,MCF7,6.0,A133,15,2,80.0,4,0.82,0.08257598429918289,219,0.09445006400346756,514
4,MCF7,6.0,A133,15,2,80.0,4,0.87,0.08739709854125977,170,0.09973400831222534,426
4,MCF7,6.0,A133,15,2,80.0,4,0.92,0.09207086265087128,167,0.10328768938779831,372
4,MCF7,6.0,A133,15,2,80.0,4,0.97,0.09686417877674103,120,0.1055540069937706,233
4,MCF7,6.0,A133,15,2,80.0,4,1.02,0.10315027832984924,77,0.11215908080339432,147
4,MCF7,6.0,A133,15,2,80.0,4,1.07,0.10607411712408066,46,0.11048880219459534,76
4,MCF7,6.0,A133,15,2,80.0,4,1.12,0.10531087964773178,41,0.10906808078289032,58
4,MCF7,6.0,A133,15,2,80.0,4,1.17,0.11181976646184921,32,0.11307772248983383,40
4,MCF7,6.0,A133,15,2,80.0,4,1.22,0.12110712379217148,19,0.12283963710069656,22
4,MCF7,6.0,A133,15,2,80.0,4,1.27,0.11264804750680923,7,,8
5,MCF7,6.0,A133,15,2,80.0,5,0.06,0.01410344522446394,244,0.015137123875319958,458
5,MCF7,6.0,A133,15,2,80.0,5,0.11,0.01831456460058689,2009,0.018866101279854774,6236
5,MCF7,6.0,A133,15,2,80.0,5,0.16,0.02535744197666645,1667,0.024401498958468437,8990
5,MCF7,6.0,A133,15,2,80.0,5,0.21,0.03646155074238777,1130,0.035624247044324875,4858
5,MCF7,6.0,A133,15,2,80.0,5,0.26,0.04522683098912239,904,0.045925579965114594,1594
5,MCF7,6.0,A133,15,2,80.0,5,0.31,0.0524839423596859,565,0.05402669310569763,689
5,MCF7,6.0,A133,15,2,80.0,5,0.36,0.05873819440603256,345,0.05800231546163559,362
5,MCF7,6.0,A133,15,2,80.0,5,0.41,0.06194959208369255,242,0.06465636938810349,251
5,MCF7,6.0,A133,15,2,80.0,5,0.46,0.06353241205215454,166,0.06680133193731308,174
5,MCF7,6.0,A133,15,2,80.0,5,0.51,0.0693446695804596,142,0.07003054767847061,143
5,MCF7,6.0,A133,15,2,80.0,5,0.56,0.06982875615358353,98,0.07082734256982803,100
5,MCF7,6.0,A133,15,2,80.0,5,0.61,0.06789524108171463,69,0.07076254487037659,71
5,MCF7,6.0,A133,15,2,80.0,5,0.66,0.06895356625318527,56,0.07046028971672058,57
5,MCF7,6.0,A133,15,2,80.0,5,0.71,0.07460926473140717,39,0.07548592239618301,40
5,MCF7,6.0,A133,15,2,80.0,5,0.76,0.07237251847982407,28,0.07713431864976883,30
5,MCF7,6.0,A133,15,2,80.0,5,0.81,0.070258729159832,13,0.070258729159832,13
5,MCF7,6.0,A133,15,2,80.0,5,0.86,0.09674159437417984,6,,9
5,MCF7,6.0,A133,15,2,80.0,5,0.96,0.0878978967666626,9,,9
5,MCF7,6.0,A133,15,2,80.0,5,1.01,0.08166664093732834,6,,6
6,MCF7,6.0,A133,15,2,80.0,6,0.54,0.07292243838310242,9,0.06452574580907822,19
6,MCF7,6.0,A133,15,2,80.0,6,0.59,0.07653500139713287,178,0.07083570957183838,263
6,MCF7,6.0,A133,15,2,80.0,6,0.64,0.08043161779642105,463,0.074017234146595,861
6,MCF7,6.0,A133,15,2,80.0,6,0.69,0.08602149039506912,453,0.07839202880859375,1162
6,MCF7,6.0,A133,15,2,80.0,6,0.74,0.08629444986581802,344,0.08172985911369324,1509
6,MCF7,6.0,A133,15,2,80.0,6,0.79,0.09442109614610672,296,0.08639129251241684,1623
6,MCF7,6.0,A133,15,2,80.0,6,0.84,0.10182394832372665,302,0.08983742445707321,1862
6,MCF7,6.0,A133,15,2,80.0,6,0.89,0.10713513195514679,351,0.09129827469587326,1982
6,MCF7,6.0,A133,15,2,80.0,6,0.94,0.11132479459047318,425,0.097854383289814,2169
6,MCF7,6.0,A133,15,2,80.0,6,0.99,0.11682606488466263,455,0.1010780781507492,2213
6,MCF7,6.0,A133,15,2,80.0,6,1.04,0.1186363622546196,410,0.10326132923364639,2082
6,MCF7,6.0,A133,15,2,80.0,6,1.09,0.11951810866594315,378,0.10714869946241379,1790
6,MCF7,6.0,A133,15,2,80.0,6,1.14,0.12439323216676712,375,0.11158759891986847,1495
6,MCF7,6.0,A133,15,2,80.0,6,1.19,0.12995056807994843,358,0.11736519634723663,1092
6,MCF7,6.0,A133,15,2,80.0,6,1.24,0.132945254445076,256,0.12190305441617966,698
6,MCF7,6.0,A133,15,2,80.0,6,1.29,0.12790235877037048,165,0.12208099663257599,397
6,MCF7,6.0,A133,15,2,80.0,6,1.34,0.12705031037330627,71,0.1278860867023468,191
6,MCF7,6.0,A133,15,2,80.0,6,1.39,0.13440796732902527,25,0.12984095513820648,78
6,MCF7,6.0,A133,15,2,80.0,6,1.44,0.12798012793064117,18,0.12875108420848846,41
6,MCF7,6.0,A133,15,2,80.0,6,1.49,0.12468238174915314,7,0.14535970985889435,26
6,MCF7,6.0,A133,15,2,80.0,6,1.54,,2,0.15330597758293152,10
1,MCF7,6.0,A133,16,2,80.0,1,0.0,,0,0.0,46
1,MCF7,6.0,A133,16,2,80.0,1,0.1,,3,0.05234518274664879,22
1,MCF7,6.0,A133,16,2,80.0,1,0.15,0.028133949264883995,684,0.03841860592365265,1064
1,MCF7,6.0,A133,16,2,80.0,1,0.2,0.0392548032104969,1133,0.05017406865954399,3129
1,MCF7,6.0,A133,16,2,80.0,1,0.25,0.04628376662731171,837,0.05919356644153595,4705
1,MCF7,6.0,A133,16,2,80.0,1,0.3,0.05328458175063133,852,0.056429505348205566,6709
1,MCF7,6.0,A133,16,2,80.0,1,0.35,0.0625351145863533,1078,0.05731332674622536,8329
1,MCF7,6.0,A133,16,2,80.0,1,0.4,0.07035065442323685,777,0.0604381337761879,6384
1,MCF7,6.0,A133,16,2,80.0,1,0.45,0.07817690819501877,744,0.0681786984205246,3288
1,MCF7,6.0,A133,16,2,80.0,1,0.5,0.08601048588752747,768,0.07835669815540314,1730
1,MCF7,6.0,A133,16,2,80.0,1,0.55,0.09211528301239014,627,0.08794165402650833,921
1,MCF7,6.0,A133,16,2,80.0,1,0.6,0.09679269790649414,430,0.09588416665792465,515
1,MCF7,6.0,A133,16,2,80.0,1,0.65,0.09930296242237091,277,0.0992911234498024,304
1,MCF7,6.0,A133,16,2,80.0,1,0.7,0.10433031618595123,191,0.10509471595287323,204
1,MCF7,6.0,A133,16,2,80.0,1,0.75,0.10813998430967331,96,0.10923269391059875,97
1,MCF7,6.0,A133,16,2,80.0,1,0.8,0.10771661251783371,39,0.10771661251783371,39
1,MCF7,6.0,A133,16,2,80.0,1,0.85,0.11318104714155197,15,0.11318104714155197,15
2,MCF7,6.0,A133,16,2,80.0,2,0.05,0.012996440753340721,61,0.021313734352588654,1764
2,MCF7,6.0,A133,16,2,80.0,2,0.1,0.017602600157260895,2702,0.023220255970954895,12043
2,MCF7,6.0,A133,16,2,80.0,2,0.15,0.024102024734020233,2364,0.02448078617453575,7271
2,MCF7,6.0,A133,16,2,80.0,2,0.2,0.02866837941110134,1548,0.02776949293911457,2706
2,MCF7,6.0,A133,16,2,80.0,2,0.25,0.031181516125798225,431,0.031878337264060974,523
2,MCF7,6.0,A133,16,2,80.0,2,0.3,0.033364519476890564,164,0.03378069028258324,167
2,MCF7,6.0,A133,16,2,80.0,2,0.35,0.03453585132956505,105,0.034668952226638794,106
2,MCF7,6.0,A133,16,2,80.0,2,0.4,0.035141587257385254,47,0.035141587257385254,47
2,MCF7,6.0,A133,16,2,80.0,2,0.45,0.0354638434946537,11,0.0354638434946537,11
2,MCF7,6.0,A133,16,2,80.0,2,0.5,0.04063818231225014,8,,8
2,MCF7,6.0,A133,16,2,80.0,2,0.55,0.03424733504652977,8,,8
3,MCF7,6.0,A133,16,2,80.0,3,0.1,,0,0.025829702615737915,35
3,MCF7,6.0,A133,16,2,80.0,3,0.15,0.05430326238274574,9,0.03762325644493103,1080
3,MCF7,6.0,A133,16,2,80.0,3,0.2,0.055309195071458817,1158,0.049269262701272964,7526
3,MCF7,6.0,A133,16,2,80.0,3,0.25,0.05862842872738838,2340,0.05628526955842972,13781
3,MCF7,6.0,A133,16,2,80.0,3,0.3,0.0703730657696724,1798,0.0659477636218071,7572
3,MCF7,6.0,A133,16,2,80.0,3,0.35,0.08593881130218506,1853,0.08175039291381836,6503
3,MCF7,6.0,A133,16,2,80.0,3,0.4,0.09366346150636673,2003,0.09103094041347504,4622
3,MCF7,6.0,A133,16,2,80.0,3,0.45,0.09758195281028748,1699,0.09702861309051514,2299
3,MCF7,6.0,A133,16,2,80.0,3,0.5,0.10295087099075317,775,0.1020231619477272,889
3,MCF7,6.0,A133,16,2,80.0,3,0.55,0.10470491647720337,289,0.10282793641090393,322
3,MCF7,6.0,A133,16,2,80.0,3,0.6,0.10834378749132156,112,0.10697932541370392,133
3,MCF7,6.0,A133,16,2,80.0,3,0.65,0.10810106247663498,35,0.10666459798812866,49
3,MCF7,6.0,A133,16,2,80.0,3,0.7,0.11274710297584534,18,0.10314023494720459,34
3,MCF7,6.0,A133,16,2,80.0,3,0.75,0.11042489856481552,8,0.1098937913775444,18
1,MCF7,6.0,A133,2,2,80.0,1,0.04,0.045586615800857544,390,0.045622505247592926,392
1,MCF7,6.0,A133,2,2,80.0,1,0.09,0.051006145775318146,1034,0.057598285377025604,2483
1,MCF7,6.0,A133,2,2,80.0,1,0.14,0.06079157814383507,714,0.0659586563706398,3644
1,MCF7,6.0,A133,2,2,80.0,1,0.19,0.06804272532463074,929,0.0709032192826271,2163
1,MCF7,6.0,A133,2,2,80.0,1,0.24,0.07737375050783157,1201,0.07595637440681458,1724
1,MCF7,6.0,A133,2,2,80.0,1,0.29,0.08155848830938339,1156,0.08051493018865585,1362
1,MCF7,6.0,A133,2,2,80.0,1,0.34,0.08525104075670242,783,0.08438177406787872,1016
1,MCF7,6.0,A133,2,2,80.0,1,0.39,0.08958739787340164,403,0.0887291207909584,614
1,MCF7,6.0,A133,2,2,80.0,1,0.44,0.09481176733970642,111,0.09421693533658981,147
1,MCF7,6.0,A133,2,2,80.0,1,0.49,0.09923957288265228,31,0.0996779352426529,32
1,MCF7,6.0,A133,2,2,80.0,1,0.54,0.10308365523815155,7,,7
2,MCF7,6.0,A133,2,2,80.0,2,0.36,0.17790773510932922,30,0.18598271906375885,67
2,MCF7,6.0,A133,2,2,80.0,2,0.41,0.1713235229253769,465,0.18110153079032898,1144
2,MCF7,6.0,A133,2,2,80.0,2,0.46,0.17622318863868713,534,0.17974139750003815,1739
2,MCF7,6.0,A133,2,2,80.0,2,0.51,0.1837051510810852,434,0.18418435752391815,1945
2,MCF7,6.0,A133,2,2,80.0,2,0.56,0.19180023670196533,463,0.18619537353515625,1893
2,MCF7,6.0,A133,2,2,80.0,2,0.61,0.20010095834732056,479,0.18733850121498108,1715
2,MCF7,6.0,A133,2,2,80.0,2,0.66,0.2042962610721588,525,0.19235281646251678,1502
2,MCF7,6.0,A133,2,2,80.0,2,0.71,0.20752936601638794,616,0.1982206106185913,1280
2,MCF7,6.0,A133,2,2,80.0,2,0.76,0.2114657312631607,516,0.20521993935108185,787
2,MCF7,6.0,A133,2,2,80.0,2,0.81,0.21595433354377747,350,0.21344397962093353,415
2,MCF7,6.0,A133,2,2,80.0,2,0.86,0.22170227766036987,364,0.21994376182556152,405
2,MCF7,6.0,A133,2,2,80.0,2,0.91,0.22742076218128204,394,0.2269151359796524,405
2,MCF7,6.0,A133,2,2,80.0,2,0.96,0.22894027829170227,442,0.2287418395280838,447
2,MCF7,6.0,A133,2,2,80.0,2,1.01,0.2325897514820099,320,0.23220163583755493,325
2,MCF7,6.0,A133,2,2,80.0,2,1.06,0.23722338676452637,215,0.2368685007095337,221
2,MCF7,6.0,A133,2,2,80.0,2,1.11,0.2446092665195465,129,0.2446092665195465,129
2,MCF7,6.0,A133,2,2,80.0,2,1.16,0.2510097622871399,95,0.2510097622871399,95
2,MCF7,6.0,A133,2,2,80.0,2,1.21,0.24972575902938843,87,0.24972575902938843,87
2,MCF7,6.0,A133,2,2,80.0,2,1.26,0.24940849840641022,57,0.24905553460121155,58
2,MCF7,6.0,A133,2,2,80.0,2,1.31,0.25751209259033203,51,0.25751209259033203,51
2,MCF7,6.0,A133,2,2,80.0,2,1.36,0.26423388719558716,55,0.26423388719558716,55
2,MCF7,6.0,A133,2,2,80.0,2,1.41,0.24936972558498383,31,0.24936972558498383,31
2,MCF7,6.0,A133,2,2,80.0,2,1.46,0.25883713364601135,23,0.25883713364601135,23
2,MCF7,6.0,A133,2,2,80.0,2,1.51,0.2537832260131836,16,0.2537832260131836,16
2,MCF7,6.0,A133,2,2,80.0,2,1.56,0.2894032299518585,8,,8
2,MCF7,6.0,A133,2,2,80.0,2,1.61,0.2840971350669861,7,,7
2,MCF7,6.0,A133,2,2,80.0,2,1.66,0.26063480973243713,7,,7
3,MCF7,6.0,A133,2,2,80.0,3,0.54,0.17907008528709412,7,0.18983852863311768,17
3,MCF7,6.0,A133,2,2,80.0,3,0.59,0.1706034541130066,114,0.18455787003040314,261
3,MCF7,6.0,A133,2,2,80.0,3,0.64,0.16503790020942688,260,0.1730555295944214,570
3,MCF7,6.0,A133,2,2,80.0,3,0.69,0.16495615243911743,303,0.16920602321624756,900
3,MCF7,6.0,A133,2,2,80.0,3,0.74,0.16893716156482697,261,0.17252758145332336,1211
3,MCF7,6.0,A133,2,2,80.0,3,0.79,0.17780765891075134,241,0.17867718636989594,1139
3,MCF7,6.0,A133,2,2,80.0,3,0.84,0.18538381159305573,259,0.18221105635166168,1088
3,MCF7,6.0,A133,2,2,80.0,3,0.89,0.1852647364139557,405,0.18222181499004364,1166
3,MCF7,6.0,A133,2,2,80.0,3,0.94,0.18545211851596832,561,0.18567073345184326,901
3,MCF7,6.0,A133,2,2,80.0,3,0.99,0.1984320431947708,520,0.19952231645584106,722
3,MCF7,6.0,A133,2,2,80.0,3,1.04,0.2084255963563919,403,0.20886147022247314,572
3,MCF7,6.0,A133,2,2,80.0,3,1.09,0.21301142871379852,410,0.21186816692352295,521
3,MCF7,6.0,A133,2,2,80.0,3,1.14,0.21630069613456726,418,0.21532800793647766,485
3,MCF7,6.0,A133,2,2,80.0,3,1.19,0.21516521275043488,312,0.21470637619495392,343
3,MCF7,6.0,A133,2,2,80.0,3,1.24,0.22250278294086456,204,0.2225472331047058,222
3,MCF7,6.0,A133,2,2,80.0,3,1.29,0.22240130603313446,183,0.22254997491836548,186
3,MCF7,6.0,A133,2,2,80.0,3,1.34,0.22453713417053223,131,0.22457648813724518,136
3,MCF7,6.0,A133,2,2,80.0,3,1.39,0.22313682734966278,101,0.22290846705436707,102
3,MCF7,6.0,A133,2,2,80.0,3,1.44,0.22406503558158875,74,0.22394780814647675,75
3,MCF7,6.0,A133,2,2,80.0,3,1.49,0.2334599792957306,59,0.23347626626491547,60
3,MCF7,6.0,A133,2,2,80.0,3,1.54,0.23414915800094604,27,0.23245759308338165,31
3,MCF7,6.0,A133,2,2,80.0,3,1.59,0.23474086821079254,26,0.23474086821079254,26
3,MCF7,6.0,A133,2,2,80.0,3,1.64,0.24157120287418365,21,0.23985816538333893,23
3,MCF7,6.0,A133,2,2,80.0,3,1.69,0.24154552817344666,23,0.24154552817344666,23
3,MCF7,6.0,A133,2,2,80.0,3,1.74,0.24176615476608276,9,,9
4,MCF7,6.0,A133,2,2,80.0,4,0.1,0.08679983764886856,151,0.0889705941081047,162
4,MCF7,6.0,A133,2,2,80.0,4,0.15,0.09528949111700058,546,0.1054457351565361,909
4,MCF7,6.0,A133,2,2,80.0,4,0.2,0.10185392946004868,786,0.10255001485347748,5539
4,MCF7,6.0,A133,2,2,80.0,4,0.25,0.10362137109041214,843,0.10436903685331345,5651
4,MCF7,6.0,A133,2,2,80.0,4,0.3,0.1052609533071518,1042,0.10659590363502502,2549
4,MCF7,6.0,A133,2,2,80.0,4,0.35,0.11266277730464935,1135,0.11253436654806137,1602
4,MCF7,6.0,A133,2,2,80.0,4,0.4,0.11682380735874176,524,0.11672379821538925,695
4,MCF7,6.0,A133,2,2,80.0,4,0.45,0.12079685926437378,254,0.11934055387973785,317
4,MCF7,6.0,A133,2,2,80.0,4,0.5,0.1241905689239502,128,0.1221107542514801,153
4,MCF7,6.0,A133,2,2,80.0,4,0.55,0.1234283596277237,69,0.12237998843193054,88
4,MCF7,6.0,A133,2,2,80.0,4,0.6,0.1285466104745865,28,0.1271650344133377,30
4,MCF7,6.0,A133,2,2,80.0,4,0.65,0.12517066299915314,15,0.12390092015266418,18
4,MCF7,6.0,A133,2,2,80.0,4,0.7,0.12176305800676346,7,0.12534257769584656,10
1,MCF7,6.0,A133,3,2,80.0,1,0.0,,0,0.0,6238
1,MCF7,6.0,A133,3,2,80.0,1,0.15,,3,0.06607069075107574,11
1,MCF7,6.0,A133,3,2,80.0,1,0.2,0.07946579158306122,202,0.08291374146938324,249
1,MCF7,6.0,A133,3,2,80.0,1,0.25,0.07992593944072723,782,0.0814293920993805,946
1,MCF7,6.0,A133,3,2,80.0,1,0.3,0.08660289645195007,1049,0.08821690827608109,1479
1,MCF7,6.0,A133,3,2,80.0,1,0.35,0.0898810401558876,849,0.0910584032535553,1756
1,MCF7,6.0,A133,3,2,80.0,1,0.4,0.0966976210474968,594,0.09584768861532211,1969
1,MCF7,6.0,A133,3,2,80.0,1,0.45,0.10086743533611298,454,0.10010863095521927,2123
1,MCF7,6.0,A133,3,2,80.0,1,0.5,0.1122528612613678,328,0.10947901755571365,2063
1,MCF7,6.0,A133,3,2,80.0,1,0.55,0.1154969111084938,276,0.11296021193265915,1904
1,MCF7,6.0,A133,3,2,80.0,1,0.6,0.12152108550071716,231,0.12213621288537979,1499
1,MCF7,6.0,A133,3,2,80.0,1,0.65,0.12430323660373688,187,0.13039912283420563,1163
1,MCF7,6.0,A133,3,2,80.0,1,0.7,0.1405421942472458,160,0.13937659561634064,908
1,MCF7,6.0,A133,3,2,80.0,1,0.75,0.1434493511915207,153,0.1442621499300003,816
1,MCF7,6.0,A133,3,2,80.0,1,0.8,0.15315957367420197,154,0.1563279628753662,685
1,MCF7,6.0,A133,3,2,80.0,1,0.85,0.16129262745380402,145,0.16067583858966827,630
1,MCF7,6.0,A133,3,2,80.0,1,0.9,0.18056157231330872,108,0.17576459050178528,514
1,MCF7,6.0,A133,3,2,80.0,1,0.95,0.17559486627578735,91,0.1756727248430252,454
1,MCF7,6.0,A133,3,2,80.0,1,1.0,0.17942601442337036,96,0.18250377476215363,415
1,MCF7,6.0,A133,3,2,80.0,1,1.05,0.1903725564479828,85,0.185970738530159,345
1,MCF7,6.0,A133,3,2,80.0,1,1.1,0.19139353930950165,68,0.19661729037761688,260
1,MCF7,6.0,A133,3,2,80.0,1,1.15,0.18640175461769104,77,0.19906651973724365,214
1,MCF7,6.0,A133,3,2,80.0,1,1.2,0.1904413402080536,40,0.20794525742530823,166
1,MCF7,6.0,A133,3,2,80.0,1,1.25,0.2031228095293045,51,0.21378546953201294,166
1,MCF7,6.0,A133,3,2,80.0,1,1.3,0.2115229219198227,31,0.21528294682502747,102
1,MCF7,6.0,A133,3,2,80.0,1,1.35,0.21549904346466064,34,0.21826602518558502,78
1,MCF7,6.0,A133,3,2,80.0,1,1.4,0.1961326152086258,35,0.21345990896224976,65
1,MCF7,6.0,A133,3,2,80.0,1,1.45,0.20548230409622192,36,0.2138984352350235,65
1,MCF7,6.0,A133,3,2,80.0,1,1.5,0.19963905215263367,34,0.20602554082870483,61
1,MCF7,6.0,A133,3,2,80.0,1,1.55,0.2241475135087967,14,0.22936123609542847,27
1,MCF7,6.0,A133,3,2,80.0,1,1.6,0.20933286845684052,19,0.21126054227352142,30
1,MCF7,6.0,A133,3,2,80.0,1,1.65,0.2232133448123932,19,0.2278299629688263,28
1,MCF7,6.0,A133,3,2,80.0,1,1.7,0.21537117660045624,25,0.21246302127838135,38
1,MCF7,6.0,A133,3,2,80.0,1,1.75,0.26745542883872986,12,0.2567620873451233,19
1,MCF7,6.0,A133,3,2,80.0,1,1.8,0.2223498523235321,16,0.228827103972435,22
1,MCF7,6.0,A133,3,2,80.0,1,1.85,0.21945254504680634,16,0.258975625038147,26
1,MCF7,6.0,A133,3,2,80.0,1,1.9,0.20725712180137634,16,0.22032767534255981,21
1,MCF7,6.0,A133,3,2,80.0,1,1.95,0.23439154028892517,11,0.24153323471546173,22
1,MCF7,6.0,A133,3,2,80.0,1,2.0,0.222152441740036,13,0.22033579647541046,20
1,MCF7,6.0,A133,3,2,80.0,1,2.05,0.20076750218868256,8,0.20028972625732422,14
1,MCF7,6.0,A133,3,2,80.0,1,2.1,0.26968899369239807,8,0.24974846839904785,14
1,MCF7,6.0,A133,3,2,80.0,1,2.15,0.21205654740333557,10,0.20178794860839844,13
1,MCF7,6.0,A133,3,2,80.0,1,2.2,0.20356133580207825,7,0.23020648956298828,11
1,MCF7,6.0,A133,3,2,80.0,1,2.25,0.20472250878810883,9,0.19202452898025513,16
1,MCF7,6.0,A133,3,2,80.0,1,2.3,0.2630695104598999,7,0.24672193825244904,11
1,MCF7,6.0,A133,3,2,80.0,1,2.35,0.2564026117324829,10,0.24751174449920654,14
2,MCF7,6.0,A133,3,2,80.0,2,0.0,,0,0.0,100
2,MCF7,6.0,A133,3,2,80.0,2,0.05,,0,0.08328484743833542,1536
2,MCF7,6.0,A133,3,2,80.0,2,0.1,,0,0.09601923823356628,6971
2,MCF7,6.0,A133,3,2,80.0,2,0.15,0.09447022527456284,8,0.10603238642215729,8654
2,MCF7,6.0,A133,3,2,80.0,2,0.2,0.11138830333948135,193,0.12173371762037277,5206
2,MCF7,6.0,A133,3,2,80.0,2,0.25,0.13870497047901154,675,0.1382690966129303,5447
2,MCF7,6.0,A133,3,2,80.0,2,0.3,0.15528236329555511,1271,0.15144407749176025,4571
2,MCF7,6.0,A133,3,2,80.0,2,0.35,0.16804759204387665,1740,0.16590894758701324,2321
2,MCF7,6.0,A133,3,2,80.0,2,0.4,0.1759272664785385,1678,0.17593291401863098,1727
2,MCF7,6.0,A133,3,2,80.0,2,0.45,0.18105025589466095,1230,0.18122190237045288,1235
2,MCF7,6.0,A133,3,2,80.0,2,0.5,0.18597199022769928,557,0.1859736293554306,558
2,MCF7,6.0,A133,3,2,80.0,2,0.55,0.18384476006031036,148,0.18384476006031036,148
2,MCF7,6.0,A133,3,2,80.0,2,0.6,0.1900518387556076,34,0.1900518387556076,34
3,MCF7,6.0,A133,3,2,80.0,3,0.5,0.11177831143140793,107,0.11217261105775833,109
3,MCF7,6.0,A133,3,2,80.0,3,0.55,0.11499609053134918,683,0.11506763845682144,708
3,MCF7,6.0,A133,3,2,80.0,3,0.6,0.11812939494848251,1522,0.1188650131225586,1637
3,MCF7,6.0,A133,3,2,80.0,3,0.65,0.12365683913230896,1748,0.12471383810043335,2128
3,MCF7,6.0,A133,3,2,80.0,3,0.7,0.1280754953622818,1684,0.1286357045173645,2568
3,MCF7,6.0,A133,3,2,80.0,3,0.75,0.13282088935375214,1464,0.1314965933561325,2940
3,MCF7,6.0,A133,3,2,80.0,3,0.8,0.13349875807762146,1190,0.1329362392425537,3321
3,MCF7,6.0,A133,3,2,80.0,3,0.85,0.13635355234146118,834,0.13763944804668427,3526
3,MCF7,6.0,A133,3,2,80.0,3,0.9,0.1355653554201126,560,0.14147482812404633,3664
3,MCF7,6.0,A133,3,2,80.0,3,0.95,0.14006896317005157,391,0.14481472969055176,3471
3,MCF7,6.0,A133,3,2,80.0,3,1.0,0.13983920216560364,260,0.14623694121837616,2944
3,MCF7,6.0,A133,3,2,80.0,3,1.05,0.1418604552745819,152,0.14957593381404877,2601
3,MCF7,6.0,A133,3,2,80.0,3,1.1,0.14503882825374603,120,0.15043790638446808,1973
3,MCF7,6.0,A133,3,2,80.0,3,1.15,0.14352840185165405,72,0.1521151214838028,1477
3,MCF7,6.0,A133,3,2,80.0,3,1.2,0.14451037347316742,52,0.15328343212604523,1025
3,MCF7,6.0,A133,3,2,80.0,3,1.25,0.15433214604854584,25,0.15692786872386932,656
3,MCF7,6.0,A133,3,2,80.0,3,1.3,0.145814448595047,10,0.16125153005123138,374
3,MCF7,6.0,A133,3,2,80.0,3,1.35,,2,0.1631498783826828,194
3,MCF7,6.0,A133,3,2,80.0,3,1.4,,1,0.16635403037071228,93
3,MCF7,6.0,A133,3,2,80.0,3,1.45,,0,0.16310496628284454,56
3,MCF7,6.0,A133,3,2,80.0,3,1.5,,0,0.17626158893108368,30
3,MCF7,6.0,A133,3,2,80.0,3,1.55,,0,0.17875094711780548,10
4,MCF7,6.0,A133,3,2,80.0,4,0.36,0.10558325052261353,6,0.09661651402711868,19
4,MCF7,6.0,A133,3,2,80.0,4,0.41,0.09666259586811066,287,0.09212806820869446,585
4,MCF7,6.0,A133,3,2,80.0,4,0.46,0.10008016973733902,1062,0.0974171832203865,2428
4,MCF7,6.0,A133,3,2,80.0,4,0.51,0.11822838336229324,1124,0.105601005256176,4090
4,MCF7,6.0,A133,3,2,80.0,4,0.56,0.13113515079021454,830,0.1117059588432312,5137
4,MCF7,6.0,A133,3,2,80.0,4,0.61,0.1412646323442459,741,0.11898010969161987,4755
4,MCF7,6.0,A133,3,2,80.0,4,0.66,0.14599023759365082,584,0.1252162903547287,3658
4,MCF7,6.0,A133,3,2,80.0,4,0.71,0.15144726634025574,450,0.1349477767944336,2672
4,MCF7,6.0,A133,3,2,80.0,4,0.76,0.15517665445804596,254,0.14270445704460144,1471
4,MCF7,6.0,A133,3,2,80.0,4,0.81,0.15444613993167877,130,0.14792925119400024,554
4,MCF7,6.0,A133,3,2,80.0,4,0.86,0.15352164208889008,43,0.14564739167690277,141
4,MCF7,6.0,A133,3,2,80.0,4,0.91,0.15754640102386475,14,0.15054595470428467,47
1,MCF7,6.0,A133,4,2,80.0,1,0.07,0.10468612611293793,72,0.10376615822315216,197
1,MCF7,6.0,A133,4,2,80.0,1,0.12,0.11427518725395203,635,0.11195876449346542,4319
1,MCF7,6.0,A133,4,2,80.0,1,0.17,0.1283951848745346,1385,0.11601802706718445,5024
1,MCF7,6.0,A133,4,2,80.0,1,0.22,0.14520350098609924,905,0.13121014833450317,2026
1,MCF7,6.0,A133,4,2,80.0,1,0.27,0.15510182082653046,297,0.14396268129348755,559
1,MCF7,6.0,A133,4,2,80.0,1,0.32,0.1609124094247818,47,0.14935734868049622,105
1,MCF7,6.0,A133,4,2,80.0,1,0.37,,3,0.16496224701404572,10
2,MCF7,6.0,A133,4,2,80.0,2,0.28,0.15245182812213898,263,0.14874383807182312,549
2,MCF7,6.0,A133,4,2,80.0,2,0.33,0.15225698053836823,705,0.14979246258735657,2262
2,MCF7,6.0,A133,4,2,80.0,2,0.38,0.15399019420146942,740,0.15441842377185822,3142
2,MCF7,6.0,A133,4,2,80.0,2,0.43,0.15853862464427948,569,0.16271889209747314,2539
2,MCF7,6.0,A133,4,2,80.0,2,0.48,0.16271042823791504,483,0.16895608603954315,1340
2,MCF7,6.0,A133,4,2,80.0,2,0.53,0.17008578777313232,404,0.1731073260307312,806
2,MCF7,6.0,A133,4,2,80.0,2,0.58,0.17802006006240845,381,0.1766965091228485,667
2,MCF7,6.0,A133,4,2,80.0,2,0.63,0.18583913147449493,516,0.18335333466529846,765
2,MCF7,6.0,A133,4,2,80.0,2,0.68,0.19298818707466125,537,0.18965797126293182,744
2,MCF7,6.0,A133,4,2,80.0,2,0.73,0.2017206847667694,366,0.19803230464458466,490
2,MCF7,6.0,A133,4,2,80.0,2,0.78,0.20986667275428772,271,0.20958389341831207,333
2,MCF7,6.0,A133,4,2,80.0,2,0.83,0.2138248234987259,197,0.21319855749607086,222
2,MCF7,6.0,A133,4,2,80.0,2,0.88,0.22079499065876007,145,0.21867933869361877,161
2,MCF7,6.0,A133,4,2,80.0,2,0.93,0.22302056849002838,127,0.22330418229103088,142
2,MCF7,6.0,A133,4,2,80.0,2,0.98,0.22496747970581055,101,0.22539983689785004,112
2,MCF7,6.0,A133,4,2,80.0,2,1.03,0.2212064117193222,74,0.22090797126293182,78
2,MCF7,6.0,A133,4,2,80.0,2,1.08,0.22617566585540771,51,0.2302171140909195,54
2,MCF7,6.0,A133,4,2,80.0,2,1.13,0.22094374895095825,52,0.2216208428144455,53
2,MCF7,6.0,A133,4,2,80.0,2,1.18,0.22971504926681519,50,0.22971504926681519,50
2,MCF7,6.0,A133,4,2,80.0,2,1.23,0.22380489110946655,30,0.22380489110946655,30
2,MCF7,6.0,A133,4,2,80.0,2,1.28,0.2352788746356964,33,0.238804429769516,34
2,MCF7,6.0,A133,4,2,80.0,2,1.33,0.23910222947597504,21,0.23910222947597504,21
2,MCF7,6.0,A133,4,2,80.0,2,1.38,0.22881659865379333,11,0.22881659865379333,11
2,MCF7,6.0,A133,4,2,80.0,2,1.43,0.24209003150463104,19,0.24209003150463104,19
2,MCF7,6.0,A133,4,2,80.0,2,1.48,0.2574309706687927,10,0.2574309706687927,10
2,MCF7,6.0,A133,4,2,80.0,2,1.53,0.2675932049751282,11,0.2675932049751282,11
2,MCF7,6.0,A133,4,2,80.0,2,1.58,0.24562256038188934,9,,9
2,MCF7,6.0,A133,4,2,80.0,2,1.68,0.2503490447998047,6,,6
3,MCF7,6.0,A133,4,2,80.0,3,0.0,,0,,6
3,MCF7,6.0,A133,4,2,80.0,3,0.2,0.08010170608758926,7,0.07054409384727478,49
3,MCF7,6.0,A133,4,2,80.0,3,0.25,0.06940918415784836,111,0.07241044193506241,412
3,MCF7,6.0,A133,4,2,80.0,3,0.3,0.07367555052042007,174,0.07461843639612198,765
3,MCF7,6.0,A133,4,2,80.0,3,0.35,0.08866102248430252,270,0.08172140270471573,957
3,MCF7,6.0,A133,4,2,80.0,3,0.4,0.09885168075561523,413,0.0916748195886612,1066
3,MCF7,6.0,A133,4,2,80.0,3,0.45,0.10735933482646942,618,0.10325488448143005,1104
3,MCF7,6.0,A133,4,2,80.0,3,0.5,0.11723592877388,817,0.11491307616233826,1144
3,MCF7,6.0,A133,4,2,80.0,3,0.55,0.1233786940574646,795,0.12089982628822327,986
3,MCF7,6.0,A133,4,2,80.0,3,0.6,0.12544646859169006,641,0.12634095549583435,732
3,MCF7,6.0,A133,4,2,80.0,3,0.65,0.1293899416923523,313,0.12895582616329193,348
3,MCF7,6.0,A133,4,2,80.0,3,0.7,0.13255943357944489,145,0.13421966135501862,159
3,MCF7,6.0,A133,4,2,80.0,3,0.75,0.13847769796848297,53,0.13823765516281128,57
3,MCF7,6.0,A133,4,2,80.0,3,0.8,0.13924077153205872,38,0.14374476671218872,44
3,MCF7,6.0,A133,4,2,80.0,3,0.85,0.14216932654380798,25,0.14802367985248566,27
3,MCF7,6.0,A133,4,2,80.0,3,0.9,0.15612667798995972,8,0.16131246089935303,10
3,MCF7,6.0,A133,4,2,80.0,3,0.95,0.1434243619441986,13,0.1434243619441986,13
3,MCF7,6.0,A133,4,2,80.0,3,1.0,0.13605816662311554,7,,7
1,MCF7,6.0,A133,5,2,80.0,1,0.0,0.0,5,0.0,785
1,MCF7,6.0,A133,5,2,80.0,1,0.05,0.02136157639324665,14,0.03365352004766464,24
1,MCF7,6.0,A133,5,2,80.0,1,0.1,0.02489936724305153,395,0.02770349569618702,628
1,MCF7,6.0,A133,5,2,80.0,1,0.15,0.02951500192284584,1106,0.03138890117406845,1749
1,MCF7,6.0,A133,5,2,80.0,1,0.2,0.03629032149910927,887,0.03757861256599426,1471
1,MCF7,6.0,A133,5,2,80.0,1,0.25,0.038779959082603455,505,0.04272374510765076,899
1,MCF7,6.0,A133,5,2,80.0,1,0.3,0.046340782195329666,366,0.05072343349456787,639
1,MCF7,6.0,A133,5,2,80.0,1,0.35,0.05602740868926048,282,0.06169803813099861,524
1,MCF7,6.0,A133,5,2,80.0,1,0.4,0.0653996542096138,329,0.0669831857085228,508
1,MCF7,6.0,A133,5,2,80.0,1,0.45,0.07107324153184891,311,0.07518098503351212,442
1,MCF7,6.0,A133,5,2,80.0,1,0.5,0.08047299087047577,317,0.08228381723165512,410
1,MCF7,6.0,A133,5,2,80.0,1,0.55,0.08261428773403168,248,0.08320841193199158,321
1,MCF7,6.0,A133,5,2,80.0,1,0.6,0.08535026758909225,221,0.08947931230068207,286
1,MCF7,6.0,A133,5,2,80.0,1,0.65,0.0930364578962326,170,0.09129717200994492,224
1,MCF7,6.0,A133,5,2,80.0,1,0.7,0.09083577990531921,129,0.09267884492874146,170
1,MCF7,6.0,A133,5,2,80.0,1,0.75,0.1012008786201477,108,0.10347551852464676,148
1,MCF7,6.0,A133,5,2,80.0,1,0.8,0.09631574898958206,86,0.10095059126615524,112
1,MCF7,6.0,A133,5,2,80.0,1,0.85,0.10482292622327805,67,0.10883394628763199,86
1,MCF7,6.0,A133,5,2,80.0,1,0.9,0.10304825007915497,46,0.1125931590795517,56
1,MCF7,6.0,A133,5,2,80.0,1,0.95,0.12276914715766907,36,0.12923651933670044,43
1,MCF7,6.0,A133,5,2,80.0,1,1.0,0.10725858062505722,24,0.11357033997774124,32
1,MCF7,6.0,A133,5,2,80.0,1,1.05,0.11176487803459167,25,0.11705383658409119,29
1,MCF7,6.0,A133,5,2,80.0,1,1.1,0.12520253658294678,17,0.13541635870933533,20
1,MCF7,6.0,A133,5,2,80.0,1,1.15,0.11817183345556259,19,0.11929347366094589,20
1,MCF7,6.0,A133,5,2,80.0,1,1.2,0.12358357012271881,10,0.1203390583395958,11
1,MCF7,6.0,A133,5,2,80.0,1,1.25,0.13600865006446838,5,,9
1,MCF7,6.0,A133,5,2,80.0,1,1.3,0.15311011672019958,8,,9
1,MCF7,6.0,A133,5,2,80.0,1,1.35,0.1563529223203659,5,,7
2,MCF7,6.0,A133,5,2,80.0,2,0.0,,0,0.0039850822649896145,1015
2,MCF7,6.0,A133,5,2,80.0,2,0.05,0.05185671150684357,392,0.04415682330727577,8327
2,MCF7,6.0,A133,5,2,80.0,2,0.1,0.08168769627809525,1026,0.06960710883140564,3878
2,MCF7,6.0,A133,5,2,80.0,2,0.15,0.1033143401145935,2142,0.10095937550067902,2699
2,MCF7,6.0,A133,5,2,80.0,2,0.2,0.11805042624473572,818,0.11783827096223831,892
2,MCF7,6.0,A133,5,2,80.0,2,0.25,0.10302145034074783,36,0.10302145034074783,36
3,MCF7,6.0,A133,5,2,80.0,3,0.12,0.06755482405424118,68,0.0706145167350769,92
3,MCF7,6.0,A133,5,2,80.0,3,0.17,0.07419214397668839,883,0.07551569491624832,1973
3,MCF7,6.0,A133,5,2,80.0,3,0.22,0.08517568558454514,619,0.0855296179652214,4713
3,MCF7,6.0,A133,5,2,80.0,3,0.27,0.0918688252568245,658,0.09183903783559799,6145
3,MCF7,6.0,A133,5,2,80.0,3,0.32,0.10318652540445328,664,0.10431398451328278,3724
3,MCF7,6.0,A133,5,2,80.0,3,0.37,0.11470786482095718,570,0.11555890738964081,1949
3,MCF7,6.0,A133,5,2,80.0,3,0.42,0.12149662524461746,534,0.1233973503112793,1022
3,MCF7,6.0,A133,5,2,80.0,3,0.47,0.1309528797864914,452,0.13212575018405914,586
3,MCF7,6.0,A133,5,2,80.0,3,0.52,0.13945850729942322,351,0.14053481817245483,382
3,MCF7,6.0,A133,5,2,80.0,3,0.57,0.14423207938671112,214,0.14447301626205444,218
3,MCF7,6.0,A133,5,2,80.0,3,0.62,0.1486634910106659,123,0.14889802038669586,124
3,MCF7,6.0,A133,5,2,80.0,3,0.67,0.16002821922302246,46,0.16002821922302246,46
3,MCF7,6.0,A133,5,2,80.0,3,0.72,0.16461673378944397,33,0.16461673378944397,33
3,MCF7,6.0,A133,5,2,80.0,3,0.77,0.16113711893558502,14,0.16113711893558502,14
3,MCF7,6.0,A133,5,2,80.0,3,0.82,0.1676165908575058,10,0.1676165908575058,10
3,MCF7,6.0,A133,5,2,80.0,3,0.87,0.176436647772789,8,,8
4,MCF7,6.0,A133,5,2,80.0,4,0.2,0.06302934885025024,22,0.06973221153020859,34
4,MCF7,6.0,A133,5,2,80.0,4,0.25,0.07255077362060547,713,0.07489923387765884,897
4,MCF7,6.0,A133,5,2,80.0,4,0.3,0.0802168995141983,1088,0.08323556184768677,2033
4,MCF7,6.0,A133,5,2,80.0,4,0.35,0.08853694796562195,540,0.0933392196893692,2697
4,MCF7,6.0,A133,5,2,80.0,4,0.4,0.10054679214954376,343,0.10191541910171509,2519
4,MCF7,6.0,A133,5,2,80.0,4,0.45,0.11148317903280258,224,0.11184082925319672,1505
4,MCF7,6.0,A133,5,2,80.0,4,0.5,0.11957966536283493,227,0.12483631074428558,738
4,MCF7,6.0,A133,5,2,80.0,4,0.55,0.12926413118839264,278,0.13455525040626526,564
4,MCF7,6.0,A133,5,2,80.0,4,0.6,0.13855421543121338,330,0.14356842637062073,542
4,MCF7,6.0,A133,5,2,80.0,4,0.65,0.1428484469652176,256,0.1468285769224167,326
4,MCF7,6.0,A133,5,2,80.0,4,0.7,0.14246143400669098,159,0.14442209899425507,175
4,MCF7,6.0,A133,5,2,80.0,4,0.75,0.14504238963127136,80,0.1467772126197815,83
4,MCF7,6.0,A133,5,2,80.0,4,0.8,0.14921502768993378,43,0.14921502768993378,43
4,MCF7,6.0,A133,5,2,80.0,4,0.85,0.13753826916217804,24,0.13753826916217804,24
4,MCF7,6.0,A133,5,2,80.0,4,0.9,0.14169886708259583,16,0.14169886708259583,16
4,MCF7,6.0,A133,5,2,80.0,4,0.95,0.136624276638031,11,0.136624276638031,11
4,MCF7,6.0,A133,5,2,80.0,4,1.0,0.12480995059013367,8,,8
4,MCF7,6.0,A133,5,2,80.0,4,1.05,0.12527835369110107,8,,8
4,MCF7,6.0,A133,5,2,80.0,4,1.15,0.13550424575805664,6,,6
5,MCF7,6.0,A133,5,2,80.0,5,0.29,,0,0.07328548282384872,19
5,MCF7,6.0,A133,5,2,80.0,5,0.34,0.07828399538993835,10,0.0776873454451561,694
5,MCF7,6.0,A133,5,2,80.0,5,0.39,0.08259665220975876,186,0.08075512200593948,4782
5,MCF7,6.0,A133,5,2,80.0,5,0.44,0.08929706364870071,1266,0.08487457782030106,9436
5,MCF7,6.0,A133,5,2,80.0,5,0.49,0.09740304946899414,3069,0.09194914996623993,11228
5,MCF7,6.0,A133,5,2,80.0,5,0.54,0.10415016114711761,3404,0.09868019074201584,10107
5,MCF7,6.0,A133,5,2,80.0,5,0.59,0.11289661377668381,2836,0.10422642529010773,8196
5,MCF7,6.0,A133,5,2,80.0,5,0.64,0.12229426205158234,2884,0.11316824704408646,5643
5,MCF7,6.0,A133,5,2,80.0,5,0.69,0.12822619080543518,2619,0.1235375925898552,3357
5,MCF7,6.0,A133,5,2,80.0,5,0.74,0.13340340554714203,1250,0.1322610229253769,1322
5,MCF7,6.0,A133,5,2,80.0,5,0.79,0.13661286234855652,349,0.1358071267604828,360
5,MCF7,6.0,A133,5,2,80.0,5,0.84,0.1333729475736618,107,0.1333729475736618,107
5,MCF7,6.0,A133,5,2,80.0,5,0.89,0.13203062117099762,44,0.13203062117099762,44
5,MCF7,6.0,A133,5,2,80.0,5,0.94,0.13236849009990692,15,0.13236849009990692,15
6,MCF7,6.0,A133,5,2,80.0,6,0.37,,0,0.11327946186065674,61
6,MCF7,6.0,A133,5,2,80.0,6,0.42,0.15110836923122406,106,0.12950590252876282,702
6,MCF7,6.0,A133,5,2,80.0,6,0.47,0.158053457736969,507,0.14270859956741333,2133
6,MCF7,6.0,A133,5,2,80.0,6,0.52,0.17186246812343597,1093,0.15585537254810333,3420
6,MCF7,6.0,A133,5,2,80.0,6,0.57,0.16905082762241364,1008,0.1615515947341919,3738
6,MCF7,6.0,A133,5,2,80.0,6,0.62,0.16763809323310852,1206,0.1652732491493225,3689
6,MCF7,6.0,A133,5,2,80.0,6,0.67,0.1705859899520874,1049,0.17403848469257355,2786
6,MCF7,6.0,A133,5,2,80.0,6,0.72,0.17937330901622772,559,0.18195925652980804,1538
6,MCF7,6.0,A133,5,2,80.0,6,0.77,0.1871645450592041,347,0.18845343589782715,574
6,MCF7,6.0,A133,5,2,80.0,6,0.82,0.1963876187801361,276,0.19666370749473572,301
6,MCF7,6.0,A133,5,2,80.0,6,0.87,0.2010136842727661,204,0.20104177296161652,205
6,MCF7,6.0,A133,5,2,80.0,6,0.92,0.20669224858283997,202,0.20669224858283997,202
6,MCF7,6.0,A133,5,2,80.0,6,0.97,0.21421882510185242,195,0.21421882510185242,195
6,MCF7,6.0,A133,5,2,80.0,6,1.02,0.21653464436531067,156,0.21653464436531067,156
6,MCF7,6.0,A133,5,2,80.0,6,1.07,0.22031797468662262,89,0.22031797468662262,89
6,MCF7,6.0,A133,5,2,80.0,6,1.12,0.22212855517864227,39,0.22212855517864227,39
6,MCF7,6.0,A133,5,2,80.0,6,1.17,0.2231025993824005,21,0.2231025993824005,21
6,MCF7,6.0,A133,5,2,80.0,6,1.22,0.230198472738266,7,,7
7,MCF7,6.0,A133,5,2,80.0,7,0.3,,0,0.13352593779563904,13
7,MCF7,6.0,A133,5,2,80.0,7,0.35,0.10067141056060791,8,0.12196850776672363,237
7,MCF7,6.0,A133,5,2,80.0,7,0.4,0.11757060140371323,194,0.12412871420383453,1354
7,MCF7,6.0,A133,5,2,80.0,7,0.45,0.13109402358531952,661,0.13193485140800476,3386
7,MCF7,6.0,A133,5,2,80.0,7,0.5,0.13643458485603333,996,0.1413121521472931,4520
7,MCF7,6.0,A133,5,2,80.0,7,0.55,0.14440910518169403,1217,0.14833176136016846,4023
7,MCF7,6.0,A133,5,2,80.0,7,0.6,0.1435461789369583,1197,0.14944054186344147,3033
7,MCF7,6.0,A133,5,2,80.0,7,0.65,0.14508484303951263,1072,0.1517331600189209,2149
7,MCF7,6.0,A133,5,2,80.0,7,0.7,0.1506165713071823,800,0.15620103478431702,1393
7,MCF7,6.0,A133,5,2,80.0,7,0.75,0.15555131435394287,681,0.16056029498577118,929
7,MCF7,6.0,A133,5,2,80.0,7,0.8,0.15838178992271423,595,0.16342255473136902,756
7,MCF7,6.0,A133,5,2,80.0,7,0.85,0.16255201399326324,542,0.16550739109516144,594
7,MCF7,6.0,A133,5,2,80.0,7,0.9,0.16740740835666656,480,0.16945397853851318,497
7,MCF7,6.0,A133,5,2,80.0,7,0.95,0.16729600727558136,354,0.16760219633579254,359
7,MCF7,6.0,A133,5,2,80.0,7,1.0,0.17623679339885712,317,0.17614750564098358,323
7,MCF7,6.0,A133,5,2,80.0,7,1.05,0.17646312713623047,259,0.17646312713623047,259
7,MCF7,6.0,A133,5,2,80.0,7,1.1,0.186368927359581,249,0.186368927359581,249
7,MCF7,6.0,A133,5,2,80.0,7,1.15,0.18562713265419006,214,0.18562713265419006,214
7,MCF7,6.0,A133,5,2,80.0,7,1.2,0.19307072460651398,168,0.19307072460651398,168
7,MCF7,6.0,A133,5,2,80.0,7,1.25,0.20707829296588898,139,0.20707829296588898,139
7,MCF7,6.0,A133,5,2,80.0,7,1.3,0.19796590507030487,95,0.19796590507030487,95
7,MCF7,6.0,A133,5,2,80.0,7,1.35,0.19700166583061218,93,0.19700166583061218,93
7,MCF7,6.0,A133,5,2,80.0,7,1.4,0.20358216762542725,76,0.20358216762542725,76
7,MCF7,6.0,A133,5,2,80.0,7,1.45,0.20301422476768494,57,0.20301422476768494,57
7,MCF7,6.0,A133,5,2,80.0,7,1.5,0.21093718707561493,46,0.21093718707561493,46
7,MCF7,6.0,A133,5,2,80.0,7,1.55,0.2029413878917694,32,0.2029413878917694,32
7,MCF7,6.0,A133,5,2,80.0,7,1.6,0.2070060521364212,35,0.2070060521364212,35
7,MCF7,6.0,A133,5,2,80.0,7,1.65,0.21251028776168823,35,0.21251028776168823,35
7,MCF7,6.0,A133,5,2,80.0,7,1.7,0.2174348533153534,33,0.2174348533153534,33
7,MCF7,6.0,A133,5,2,80.0,7,1.75,0.19688527286052704,23,0.19688527286052704,23
7,MCF7,6.0,A133,5,2,80.0,7,1.8,0.19462819397449493,10,0.19462819397449493,10
7,MCF7,6.0,A133,5,2,80.0,7,1.85,0.1885731816291809,18,0.1885731816291809,18
7,MCF7,6.0,A133,5,2,80.0,7,1.9,0.19587475061416626,15,0.19587475061416626,15
7,MCF7,6.0,A133,5,2,80.0,7,1.95,0.20855416357517242,22,0.20855416357517242,22
7,MCF7,6.0,A133,5,2,80.0,7,2.0,0.2172069400548935,12,0.2172069400548935,12
7,MCF7,6.0,A133,5,2,80.0,7,2.05,0.20237183570861816,17,0.20237183570861816,17
7,MCF7,6.0,A133,5,2,80.0,7,2.1,0.2207072228193283,10,0.2207072228193283,10
7,MCF7,6.0,A133,5,2,80.0,7,2.15,0.21977998316287994,13,0.21977998316287994,13
7,MCF7,6.0,A133,5,2,80.0,7,2.25,0.23723284900188446,9,,9
7,MCF7,6.0,A133,5,2,80.0,7,2.3,0.21593548357486725,6,,6
7,MCF7,6.0,A133,5,2,80.0,7,2.45,0.20253415405750275,6,,6
1,MCF7,6.0,A133,6,2,80.0,1,0.16,,0,0.06536442041397095,68
1,MCF7,6.0,A133,6,2,80.0,1,0.21,0.08356409519910812,287,0.07493340224027634,2253
1,MCF7,6.0,A133,6,2,80.0,1,0.26,0.08593562990427017,698,0.07880052924156189,3464
1,MCF7,6.0,A133,6,2,80.0,1,0.31,0.09481079876422882,658,0.0865667387843132,2251
1,MCF7,6.0,A133,6,2,80.0,1,0.36,0.10236174613237381,907,0.09481198340654373,1682
1,MCF7,6.0,A133,6,2,80.0,1,0.41,0.10848478227853775,815,0.10253683477640152,1358
1,MCF7,6.0,A133,6,2,80.0,1,0.46,0.11681782454252243,465,0.1085650622844696,757
1,MCF7,6.0,A133,6,2,80.0,1,0.51,0.12315376102924347,405,0.11426762491464615,591
1,MCF7,6.0,A133,6,2,80.0,1,0.56,0.1284688413143158,455,0.12170547246932983,591
1,MCF7,6.0,A133,6,2,80.0,1,0.61,0.13116753101348877,336,0.1277749389410019,401
1,MCF7,6.0,A133,6,2,80.0,1,0.66,0.13848374783992767,202,0.13541844487190247,224
1,MCF7,6.0,A133,6,2,80.0,1,0.71,0.14552395045757294,131,0.14311712980270386,140
1,MCF7,6.0,A133,6,2,80.0,1,0.76,0.14687958359718323,52,0.14381828904151917,57
1,MCF7,6.0,A133,6,2,80.0,1,0.81,0.1459955871105194,17,0.1459955871105194,17
2,MCF7,6.0,A133,6,2,80.0,2,0.13,,0,0.05071071535348892,69
2,MCF7,6.0,A133,6,2,80.0,2,0.18,0.08523807674646378,176,0.06308732181787491,2611
2,MCF7,6.0,A133,6,2,80.0,2,0.23,0.09193891286849976,238,0.0668218657374382,4462
2,MCF7,6.0,A133,6,2,80.0,2,0.28,0.0924503430724144,439,0.07607848942279816,2545
2,MCF7,6.0,A133,6,2,80.0,2,0.33,0.10544521361589432,774,0.10479173809289932,1107
2,MCF7,6.0,A133,6,2,80.0,2,0.38,0.12439627945423126,497,0.12146736681461334,676
2,MCF7,6.0,A133,6,2,80.0,2,0.43,0.13548330962657928,393,0.13392405211925507,542
2,MCF7,6.0,A133,6,2,80.0,2,0.48,0.1394100785255432,358,0.14172005653381348,586
2,MCF7,6.0,A133,6,2,80.0,2,0.53,0.15348128974437714,300,0.1545560508966446,467
2,MCF7,6.0,A133,6,2,80.0,2,0.58,0.16517014801502228,307,0.1619076132774353,394
2,MCF7,6.0,A133,6,2,80.0,2,0.63,0.16914238035678864,272,0.16602399945259094,328
2,MCF7,6.0,A133,6,2,80.0,2,0.68,0.16857826709747314,149,0.1655941903591156,179
2,MCF7,6.0,A133,6,2,80.0,2,0.73,0.1730250120162964,28,0.1662268191576004,49
3,MCF7,6.0,A133,6,2,80.0,3,0.3,,3,,8
3,MCF7,6.0,A133,6,2,80.0,3,0.35,0.10804450511932373,296,0.10375919938087463,543
3,MCF7,6.0,A133,6,2,80.0,3,0.4,0.10473382472991943,1097,0.10179045051336288,2302
3,MCF7,6.0,A133,6,2,80.0,3,0.45,0.10788934677839279,1399,0.09872706979513168,3737
3,MCF7,6.0,A133,6,2,80.0,3,0.5,0.11468814313411713,1380,0.1020168587565422,4246
3,MCF7,6.0,A133,6,2,80.0,3,0.55,0.12265142053365707,789,0.10640264302492142,3001
3,MCF7,6.0,A133,6,2,80.0,3,0.6,0.12896324694156647,218,0.11026198416948318,1486
3,MCF7,6.0,A133,6,2,80.0,3,0.65,0.13646377623081207,23,0.11365491896867752,546
3,MCF7,6.0,A133,6,2,80.0,3,0.7,,2,0.12314201891422272,187
3,MCF7,6.0,A133,6,2,80.0,3,0.75,,0,0.141262024641037,68
3,MCF7,6.0,A133,6,2,80.0,3,0.8,,0,0.15709248185157776,27
3,MCF7,6.0,A133,6,2,80.0,3,0.85,,0,,6
1,MCF7,6.0,A133,7,2,80.0,1,0.15,,0,0.06859360635280609,271
1,MCF7,6.0,A133,7,2,80.0,1,0.2,0.07780010998249054,1219,0.07532675564289093,14317
1,MCF7,6.0,A133,7,2,80.0,1,0.25,0.07715098559856415,4245,0.0786038264632225,13781
1,MCF7,6.0,A133,7,2,80.0,1,0.3,0.08365672081708908,2744,0.08231788128614426,3735
1,MCF7,6.0,A133,7,2,80.0,1,0.35,0.08515208214521408,148,0.08530404418706894,152
2,MCF7,6.0,A133,7,2,80.0,2,0.17,0.05468402057886124,238,0.05468402057886124,238
2,MCF7,6.0,A133,7,2,80.0,2,0.22,0.058971159160137177,1545,0.05888855457305908,2051
2,MCF7,6.0,A133,7,2,80.0,2,0.27,0.07597066462039948,1267,0.06818965822458267,4382
2,MCF7,6.0,A133,7,2,80.0,2,0.32,0.09099863469600677,663,0.06976035982370377,6164
2,MCF7,6.0,A133,7,2,80.0,2,0.37,0.10430150479078293,497,0.07566173374652863,5495
2,MCF7,6.0,A133,7,2,80.0,2,0.42,0.11359846591949463,689,0.08730252087116241,3199
2,MCF7,6.0,A133,7,2,80.0,2,0.47,0.12181205302476883,683,0.10606405884027481,1424
2,MCF7,6.0,A133,7,2,80.0,2,0.52,0.12471633404493332,354,0.12269001454114914,518
2,MCF7,6.0,A133,7,2,80.0,2,0.57,0.12871286273002625,256,0.12894757091999054,281
2,MCF7,6.0,A133,7,2,80.0,2,0.62,0.1285153180360794,67,0.1284831166267395,68
3,MCF7,6.0,A133,7,2,80.0,3,0.03,0.03647654503583908,669,0.03551890328526497,700
3,MCF7,6.0,A133,7,2,80.0,3,0.08,0.06243996322154999,2504,0.056266918778419495,5948
3,MCF7,6.0,A133,7,2,80.0,3,0.13,0.07826641947031021,1126,0.08478658646345139,3741
3,MCF7,6.0,A133,7,2,80.0,3,0.18,0.09953615069389343,745,0.1146877333521843,2159
3,MCF7,6.0,A133,7,2,80.0,3,0.23,0.1241299957036972,1143,0.128082275390625,1534
3,MCF7,6.0,A133,7,2,80.0,3,0.28,0.1405646950006485,1008,0.14233608543872833,1089
3,MCF7,6.0,A133,7,2,80.0,3,0.33,0.1566532850265503,844,0.15815956890583038,891
3,MCF7,6.0,A133,7,2,80.0,3,0.38,0.1725665181875229,497,0.17343518137931824,513
3,MCF7,6.0,A133,7,2,80.0,3,0.43,0.18565994501113892,97,0.18565994501113892,97
4,MCF7,6.0,A133,7,2,80.0,4,0.01,0.040288474410772324,2481,0.045636121183633804,3860
4,MCF7,6.0,A133,7,2,80.0,4,0.06,0.05323312431573868,538,0.05833115056157112,3108
4,MCF7,6.0,A133,7,2,80.0,4,0.11,0.08248142898082733,177,0.07476654648780823,3287
4,MCF7,6.0,A133,7,2,80.0,4,0.16,0.09369173645973206,139,0.08962538093328476,2587
4,MCF7,6.0,A133,7,2,80.0,4,0.21,0.09887894243001938,436,0.10231433808803558,1880
4,MCF7,6.0,A133,7,2,80.0,4,0.26,0.12826716899871826,164,0.11619352549314499,1220
4,MCF7,6.0,A133,7,2,80.0,4,0.31,0.1499824970960617,161,0.12913480401039124,1198
4,MCF7,6.0,A133,7,2,80.0,4,0.36,0.1613118201494217,511,0.149644136428833,1211
4,MCF7,6.0,A133,7,2,80.0,4,0.41,0.17302021384239197,504,0.16396845877170563,753
4,MCF7,6.0,A133,7,2,80.0,4,0.46,0.17889168858528137,406,0.17694278061389923,431
4,MCF7,6.0,A133,7,2,80.0,4,0.51,0.1844312697649002,48,0.1839715987443924,49
1,MCF7,6.0,A133,8,2,80.0,1,0.12,,0,0.03713110834360123,15
1,MCF7,6.0,A133,8,2,80.0,1,0.17,0.054407548159360886,171,0.04394911229610443,1352
1,MCF7,6.0,A133,8,2,80.0,1,0.22,0.05953129008412361,861,0.05161233991384506,6588
1,MCF7,6.0,A133,8,2,80.0,1,0.27,0.06588164716959,707,0.057426951825618744,7791
1,MCF7,6.0,A133,8,2,80.0,1,0.32,0.07194145023822784,448,0.05833261460065842,6500
1,MCF7,6.0,A133,8,2,80.0,1,0.37,0.06970447301864624,484,0.06008106470108032,4783
1,MCF7,6.0,A133,8,2,80.0,1,0.42,0.07143118232488632,473,0.062748022377491,2740
1,MCF7,6.0,A133,8,2,80.0,1,0.47,0.07683856040239334,384,0.0692279115319252,1859
1,MCF7,6.0,A133,8,2,80.0,1,0.52,0.08232717961072922,357,0.07470840960741043,1314
1,MCF7,6.0,A133,8,2,80.0,1,0.57,0.0881713479757309,325,0.0812637060880661,900
1,MCF7,6.0,A133,8,2,80.0,1,0.62,0.0939142107963562,278,0.09058980643749237,644
1,MCF7,6.0,A133,8,2,80.0,1,0.67,0.09886197745800018,258,0.09447018802165985,434
1,MCF7,6.0,A133,8,2,80.0,1,0.72,0.10449595749378204,268,0.10209280997514725,348
1,MCF7,6.0,A133,8,2,80.0,1,0.77,0.11085625737905502,311,0.11012912541627884,350
1,MCF7,6.0,A133,8,2,80.0,1,0.82,0.11401417851448059,278,0.11362434923648834,292
1,MCF7,6.0,A133,8,2,80.0,1,0.87,0.11847526580095291,286,0.11871784925460815,290
1,MCF7,6.0,A133,8,2,80.0,1,0.92,0.12138130515813828,231,0.12141481786966324,233
1,MCF7,6.0,A133,8,2,80.0,1,0.97,0.1273845136165619,218,0.1273845136165619,218
1,MCF7,6.0,A133,8,2,80.0,1,1.02,0.127891406416893,154,0.12677587568759918,156
1,MCF7,6.0,A133,8,2,80.0,1,1.07,0.13672511279582977,129,0.13672511279582977,129
1,MCF7,6.0,A133,8,2,80.0,1,1.12,0.14466561377048492,93,0.14466561377048492,93
1,MCF7,6.0,A133,8,2,80.0,1,1.17,0.1456930786371231,94,0.1456930786371231,94
1,MCF7,6.0,A133,8,2,80.0,1,1.22,0.1458396017551422,58,0.1458396017551422,58
1,MCF7,6.0,A133,8,2,80.0,1,1.27,0.1553274691104889,60,0.1553274691104889,60
1,MCF7,6.0,A133,8,2,80.0,1,1.32,0.15601371228694916,47,0.15601371228694916,47
1,MCF7,6.0,A133,8,2,80.0,1,1.37,0.16103442013263702,39,0.16103442013263702,39
1,MCF7,6.0,A133,8,2,80.0,1,1.42,0.16443467140197754,35,0.16443467140197754,35
1,MCF7,6.0,A133,8,2,80.0,1,1.47,0.16145844757556915,19,0.16145844757556915,19
1,MCF7,6.0,A133,8,2,80.0,1,1.52,0.1620001196861267,31,0.1620001196861267,31
1,MCF7,6.0,A133,8,2,80.0,1,1.57,0.16316793859004974,15,0.16316793859004974,15
1,MCF7,6.0,A133,8,2,80.0,1,1.62,0.17187343537807465,15,0.17187343537807465,15
1,MCF7,6.0,A133,8,2,80.0,1,1.67,0.17780263721942902,13,0.17780263721942902,13
1,MCF7,6.0,A133,8,2,80.0,1,1.72,0.167653888463974,11,0.167653888463974,11
1,MCF7,6.0,A133,8,2,80.0,1,1.77,0.16691705584526062,7,,7
1,MCF7,6.0,A133,8,2,80.0,1,1.82,0.17447060346603394,12,0.17447060346603394,12
1,MCF7,6.0,A133,8,2,80.0,1,1.87,0.17925672233104706,7,,7
1,MCF7,6.0,A133,8,2,80.0,1,1.97,0.18812672793865204,6,,6
2,MCF7,6.0,A133,8,2,80.0,2,0.0,,0,,8
2,MCF7,6.0,A133,8,2,80.0,2,0.1,0.04361794516444206,7,0.058702144771814346,69
2,MCF7,6.0,A133,8,2,80.0,2,0.15,0.04877658933401108,1293,0.05423425883054733,2538
2,MCF7,6.0,A133,8,2,80.0,2,0.2,0.05476577579975128,6270,0.05728719383478165,9796
2,MCF7,6.0,A133,8,2,80.0,2,0.25,0.05974114313721657,5256,0.059357352554798126,11717
2,MCF7,6.0,A133,8,2,80.0,2,0.3,0.062231436371803284,812,0.05893276259303093,10466
2,MCF7,6.0,A133,8,2,80.0,2,0.35,0.0599013976752758,26,0.06035276874899864,7884
2,MCF7,6.0,A133,8,2,80.0,2,0.4,,0,0.06574150174856186,3853
2,MCF7,6.0,A133,8,2,80.0,2,0.45,,0,0.06873903423547745,1433
2,MCF7,6.0,A133,8,2,80.0,2,0.5,,0,0.07750611007213593,402
2,MCF7,6.0,A133,8,2,80.0,2,0.55,,0,0.08385792374610901,119
2,MCF7,6.0,A133,8,2,80.0,2,0.6,,0,0.10134431719779968,35
2,MCF7,6.0,A133,8,2,80.0,2,0.65,,0,,8
2,MCF7,6.0,A133,8,2,80.0,2,0.7,,0,,6
3,MCF7,6.0,A133,8,2,80.0,3,0.16,0.0829235166311264,34,0.08229919523000717,62
3,MCF7,6.0,A133,8,2,80.0,3,0.21,0.0910971537232399,559,0.08960073441267014,1605
3,MCF7,6.0,A133,8,2,80.0,3,0.26,0.10486051440238953,579,0.0972319021821022,2739
3,MCF7,6.0,A133,8,2,80.0,3,0.31,0.11794904619455338,465,0.10292094945907593,3316
3,MCF7,6.0,A133,8,2,80.0,3,0.36,0.12599080801010132,457,0.10770364850759506,2586
3,MCF7,6.0,A133,8,2,80.0,3,0.41,0.1314297765493393,532,0.11613655835390091,1412
3,MCF7,6.0,A133,8,2,80.0,3,0.46,0.14053191244602203,506,0.12570521235466003,983
3,MCF7,6.0,A133,8,2,80.0,3,0.51,0.14756835997104645,420,0.13153158128261566,815
3,MCF7,6.0,A133,8,2,80.0,3,0.56,0.15767493844032288,290,0.1364721804857254,647
3,MCF7,6.0,A133,8,2,80.0,3,0.61,0.16780059039592743,392,0.14764153957366943,676
3,MCF7,6.0,A133,8,2,80.0,3,0.66,0.17542441189289093,438,0.15697507560253143,648
3,MCF7,6.0,A133,8,2,80.0,3,0.71,0.18102477490901947,380,0.1674945205450058,474
3,MCF7,6.0,A133,8,2,80.0,3,0.76,0.18102815747261047,350,0.17341084778308868,398
3,MCF7,6.0,A133,8,2,80.0,3,0.81,0.18137624859809875,237,0.17424464225769043,268
3,MCF7,6.0,A133,8,2,80.0,3,0.86,0.1842793971300125,168,0.18071091175079346,178
3,MCF7,6.0,A133,8,2,80.0,3,0.91,0.1878417730331421,90,0.18312761187553406,98
3,MCF7,6.0,A133,8,2,80.0,3,0.96,0.193581223487854,32,0.1893244832754135,34
4,MCF7,6.0,A133,8,2,80.0,4,0.06,,0,0.06245651841163635,32
4,MCF7,6.0,A133,8,2,80.0,4,0.11,,2,0.07532727718353271,4473
4,MCF7,6.0,A133,8,2,80.0,4,0.16,0.05833978205919266,373,0.07913452386856079,15420
4,MCF7,6.0,A133,8,2,80.0,4,0.21,0.08913838118314743,443,0.09260903298854828,7315
4,MCF7,6.0,A133,8,2,80.0,4,0.26,0.11727375537157059,477,0.11462288349866867,2359
4,MCF7,6.0,A133,8,2,80.0,4,0.31,0.1334804892539978,566,0.12986469268798828,1051
4,MCF7,6.0,A133,8,2,80.0,4,0.36,0.1411694437265396,555,0.13847525417804718,657
4,MCF7,6.0,A133,8,2,80.0,4,0.41,0.152549147605896,673,0.1519925445318222,695
4,MCF7,6.0,A133,8,2,80.0,4,0.46,0.1575821191072464,887,0.1577007919549942,895
4,MCF7,6.0,A133,8,2,80.0,4,0.51,0.16492116451263428,727,0.16497524082660675,735
4,MCF7,6.0,A133,8,2,80.0,4,0.56,0.1679401993751526,297,0.16795402765274048,299
4,MCF7,6.0,A133,8,2,80.0,4,0.61,0.1687442660331726,67,0.1693887710571289,69
4,MCF7,6.0,A133,8,2,80.0,4,0.66,0.17492644488811493,12,0.17492644488811493,12
5,MCF7,6.0,A133,8,2,80.0,5,0.16,0.052424464374780655,29,0.05306600406765938,37
5,MCF7,6.0,A133,8,2,80.0,5,0.21,0.0581708699464798,1003,0.058787841349840164,1578
5,MCF7,6.0,A133,8,2,80.0,5,0.26,0.0689382553100586,713,0.06792712956666946,1889
5,MCF7,6.0,A133,8,2,80.0,5,0.31,0.08165960758924484,716,0.07686976343393326,1904
5,MCF7,6.0,A133,8,2,80.0,5,0.36,0.09032727777957916,734,0.0874265804886818,1898
5,MCF7,6.0,A133,8,2,80.0,5,0.41,0.10484329611063004,1077,0.0991591289639473,2672
5,MCF7,6.0,A133,8,2,80.0,5,0.46,0.12264073640108109,1056,0.10828249901533127,3903
5,MCF7,6.0,A133,8,2,80.0,5,0.51,0.13155144453048706,916,0.10739180445671082,4900
5,MCF7,6.0,A133,8,2,80.0,5,0.56,0.13930094242095947,579,0.10793963074684143,5073
5,MCF7,6.0,A133,8,2,80.0,5,0.61,0.14388327300548553,334,0.11090057343244553,4308
5,MCF7,6.0,A133,8,2,80.0,5,0.66,0.147690549492836,113,0.11325748264789581,2925
5,MCF7,6.0,A133,8,2,80.0,5,0.71,0.1470695436000824,55,0.11777748167514801,1610
5,MCF7,6.0,A133,8,2,80.0,5,0.76,0.15493984520435333,22,0.12207939475774765,725
5,MCF7,6.0,A133,8,2,80.0,5,0.81,0.1539894938468933,13,0.13230398297309875,289
5,MCF7,6.0,A133,8,2,80.0,5,0.86,,2,0.13202466070652008,94
5,MCF7,6.0,A133,8,2,80.0,5,0.91,,0,0.14882786571979523,23
5,MCF7,6.0,A133,8,2,80.0,5,0.96,,0,,9
6,MCF7,6.0,A133,8,2,80.0,6,0.15,0.07029248028993607,28,0.06733325868844986,44
6,MCF7,6.0,A133,8,2,80.0,6,0.2,0.06992565840482712,1225,0.0709824338555336,2130
6,MCF7,6.0,A133,8,2,80.0,6,0.25,0.07727622985839844,915,0.07571347802877426,3038
6,MCF7,6.0,A133,8,2,80.0,6,0.3,0.08541565388441086,550,0.0811988115310669,3091
6,MCF7,6.0,A133,8,2,80.0,6,0.35,0.09075929969549179,405,0.08634902536869049,4687
6,MCF7,6.0,A133,8,2,80.0,6,0.4,0.09281667321920395,418,0.08938053250312805,5451
6,MCF7,6.0,A133,8,2,80.0,6,0.45,0.09651549160480499,510,0.09270491451025009,5186
6,MCF7,6.0,A133,8,2,80.0,6,0.5,0.1097128689289093,452,0.09883806854486465,3108
6,MCF7,6.0,A133,8,2,80.0,6,0.55,0.11898640543222427,548,0.11028982698917389,1269
6,MCF7,6.0,A133,8,2,80.0,6,0.6,0.1306331753730774,580,0.12689243257045746,719
6,MCF7,6.0,A133,8,2,80.0,6,0.65,0.13873806595802307,563,0.13857486844062805,580
6,MCF7,6.0,A133,8,2,80.0,6,0.7,0.14522872865200043,356,0.14506641030311584,358
6,MCF7,6.0,A133,8,2,80.0,6,0.75,0.14280280470848083,121,0.14280280470848083,121
6,MCF7,6.0,A133,8,2,80.0,6,0.8,0.14101622998714447,63,0.14101622998714447,63
6,MCF7,6.0,A133,8,2,80.0,6,0.85,0.14559423923492432,23,0.14559423923492432,23
1,MCF7,6.0,A133,9,2,80.0,1,0.0,,0,0.0,53
1,MCF7,6.0,A133,9,2,80.0,1,0.1,0.052970897406339645,163,0.05206451565027237,226
1,MCF7,6.0,A133,9,2,80.0,1,0.15,0.06770431250333786,1373,0.06327583640813828,2800
1,MCF7,6.0,A133,9,2,80.0,1,0.2,0.09034057706594467,2528,0.0816631019115448,6177
1,MCF7,6.0,A133,9,2,80.0,1,0.25,0.0985773503780365,1632,0.08575907349586487,5808
1,MCF7,6.0,A133,9,2,80.0,1,0.3,0.09874222427606583,121,0.08708330988883972,2907
1,MCF7,6.0,A133,9,2,80.0,1,0.35,,3,0.0930740013718605,1158
1,MCF7,6.0,A133,9,2,80.0,1,0.4,,0,0.10164453089237213,414
1,MCF7,6.0,A133,9,2,80.0,1,0.45,,0,0.11600485444068909,169
1,MCF7,6.0,A133,9,2,80.0,1,0.5,,0,0.13703308999538422,71
1,MCF7,6.0,A133,9,2,80.0,1,0.55,,0,0.158805251121521,29
1,MCF7,6.0,A133,9,2,80.0,1,0.6,,0,0.17833386361598969,17
1,MCF7,6.0,A133,9,2,80.0,1,0.65,,0,,6
2,MCF7,6.0,A133,9,2,80.0,2,0.1,0.06787268817424774,64,0.06487686932086945,114
2,MCF7,6.0,A133,9,2,80.0,2,0.15,0.08393117040395737,2307,0.081063412129879,5141
2,MCF7,6.0,A133,9,2,80.0,2,0.2,0.10446295887231827,4248,0.09335389733314514,11054
2,MCF7,6.0,A133,9,2,80.0,2,0.25,0.11607958376407623,827,0.09515948593616486,5526
2,MCF7,6.0,A133,9,2,80.0,2,0.3,0.13128329813480377,6,0.10064885765314102,1708
2,MCF7,6.0,A133,9,2,80.0,2,0.35,,0,0.10936928540468216,393
2,MCF7,6.0,A133,9,2,80.0,2,0.4,,0,0.12910489737987518,78
2,MCF7,6.0,A133,9,2,80.0,2,0.45,,0,0.11779734492301941,16
3,MCF7,6.0,A133,9,2,80.0,3,0.0,,0,0.0,5342
3,MCF7,6.0,A133,9,2,80.0,3,0.05,,2,0.07441075891256332,17
3,MCF7,6.0,A133,9,2,80.0,3,0.1,0.054284270852804184,368,0.06132349371910095,743
3,MCF7,6.0,A133,9,2,80.0,3,0.15,0.06334727257490158,3461,0.06816572695970535,5105
3,MCF7,6.0,A133,9,2,80.0,3,0.2,0.07008839398622513,5483,0.07771750539541245,9228
3,MCF7,6.0,A133,9,2,80.0,3,0.25,0.07705814391374588,3048,0.08852275460958481,7712
3,MCF7,6.0,A133,9,2,80.0,3,0.3,0.08070865273475647,1313,0.09907494485378265,5239
3,MCF7,6.0,A133,9,2,80.0,3,0.35,0.08364373445510864,601,0.10696299374103546,3415
3,MCF7,6.0,A133,9,2,80.0,3,0.4,0.08806511759757996,228,0.1235455870628357,2074
3,MCF7,6.0,A133,9,2,80.0,3,0.45,0.08771918714046478,103,0.1312578320503235,1328
3,MCF7,6.0,A133,9,2,80.0,3,0.5,0.08782456070184708,55,0.1428895890712738,857
3,MCF7,6.0,A133,9,2,80.0,3,0.55,0.08662976324558258,32,0.15120522677898407,531
3,MCF7,6.0,A133,9,2,80.0,3,0.6,0.09573464095592499,19,0.16597497463226318,266
3,MCF7,6.0,A133,9,2,80.0,3,0.65,0.10247543454170227,6,0.16737447679042816,144
3,MCF7,6.0,A133,9,2,80.0,3,0.7,,3,0.1779884696006775,80
3,MCF7,6.0,A133,9,2,80.0,3,0.75,,0,0.19117684662342072,39
3,MCF7,6.0,A133,9,2,80.0,3,0.8,,1,0.19114476442337036,20
3,MCF7,6.0,A133,9,2,80.0,3,0.85,,0,0.2077460139989853,16
3,MCF7,6.0,A133,9,2,80.0,3,0.9,,0,0.20485250651836395,14
4,MCF7,6.0,A133,9,2,80.0,4,0.0,,0,0.0,1103
4,MCF7,6.0,A133,9,2,80.0,4,0.25,,2,0.08327382057905197,12
4,MCF7,6.0,A133,9,2,80.0,4,0.3,0.07321412116289139,41,0.08261258155107498,134
4,MCF7,6.0,A133,9,2,80.0,4,0.35,0.08801461011171341,191,0.09304551780223846,523
4,MCF7,6.0,A133,9,2,80.0,4,0.4,0.09287574142217636,611,0.09763681888580322,1376
4,MCF7,6.0,A133,9,2,80.0,4,0.45,0.10068420320749283,1137,0.10479740053415298,2274
4,MCF7,6.0,A133,9,2,80.0,4,0.5,0.10994686931371689,1320,0.11383097618818283,2548
4,MCF7,6.0,A133,9,2,80.0,4,0.55,0.11434432864189148,1175,0.12068789452314377,2283
4,MCF7,6.0,A133,9,2,80.0,4,0.6,0.12346899509429932,908,0.12957584857940674,1700
4,MCF7,6.0,A133,9,2,80.0,4,0.65,0.12597110867500305,626,0.14169570803642273,1237
4,MCF7,6.0,A133,9,2,80.0,4,0.7,0.1327991783618927,410,0.1467984914779663,802
4,MCF7,6.0,A133,9,2,80.0,4,0.75,0.14114435017108917,305,0.15465985238552094,570
4,MCF7,6.0,A133,9,2,80.0,4,0.8,0.1447349339723587,224,0.16516736149787903,412
4,MCF7,6.0,A133,9,2,80.0,4,0.85,0.14922498166561127,167,0.16098394989967346,274
4,MCF7,6.0,A133,9,2,80.0,4,0.9,0.15393342077732086,118,0.17639179527759552,198
4,MCF7,6.0,A133,9,2,80.0,4,0.95,0.15463989973068237,62,0.17815840244293213,123
4,MCF7,6.0,A133,9,2,80.0,4,1.0,0.15886695683002472,42,0.1707751452922821,71
4,MCF7,6.0,A133,9,2,80.0,4,1.05,0.1550033539533615,31,0.18892225623130798,64
4,MCF7,6.0,A133,9,2,80.0,4,1.1,0.15051424503326416,17,0.17242760956287384,35
4,MCF7,6.0,A133,9,2,80.0,4,1.15,0.1570126861333847,12,0.19801673293113708,22
4,MCF7,6.0,A133,9,2,80.0,4,1.2,0.17225784063339233,9,0.17640280723571777,11
4,MCF7,6.0,A133,9,2,80.0,4,1.25,,4,,7
4,MCF7,6.0,A133,9,2,80.0,4,1.35,,1,,7
5,MCF7,6.0,A133,9,2,80.0,5,0.0,0.0,1257,0.0,6790
5,MCF7,6.0,A133,9,2,80.0,5,0.05,0.0442081019282341,1220,0.0480203814804554,1412
5,MCF7,6.0,A133,9,2,80.0,5,0.1,0.04682004824280739,1175,0.055287353694438934,1790
5,MCF7,6.0,A133,9,2,80.0,5,0.15,0.050274986773729324,531,0.060251280665397644,817
5,MCF7,6.0,A133,9,2,80.0,5,0.2,0.053494058549404144,258,0.06914303451776505,517
5,MCF7,6.0,A133,9,2,80.0,5,0.25,0.06058130040764809,145,0.07214504480361938,315
5,MCF7,6.0,A133,9,2,80.0,5,0.3,0.06493297219276428,152,0.07724406570196152,340
5,MCF7,6.0,A133,9,2,80.0,5,0.35,0.07478506118059158,209,0.08390090614557266,411
5,MCF7,6.0,A133,9,2,80.0,5,0.4,0.07781756669282913,460,0.08016962558031082,734
5,MCF7,6.0,A133,9,2,80.0,5,0.45,0.08252018690109253,710,0.08608758449554443,1117
5,MCF7,6.0,A133,9,2,80.0,5,0.5,0.09133807569742203,776,0.09195197373628616,1332
5,MCF7,6.0,A133,9,2,80.0,5,0.55,0.10046032071113586,725,0.09935176372528076,1269
5,MCF7,6.0,A133,9,2,80.0,5,0.6,0.11175569146871567,626,0.11021332442760468,1190
5,MCF7,6.0,A133,9,2,80.0,5,0.65,0.11842285841703415,481,0.11790179461240768,921
5,MCF7,6.0,A133,9,2,80.0,5,0.7,0.1255381554365158,316,0.1285085529088974,695
5,MCF7,6.0,A133,9,2,80.0,5,0.75,0.13521116971969604,199,0.13528425991535187,437
5,MCF7,6.0,A133,9,2,80.0,5,0.8,0.14150510728359222,88,0.14349564909934998,262
5,MCF7,6.0,A133,9,2,80.0,5,0.85,0.14977313578128815,39,0.154740110039711,147
5,MCF7,6.0,A133,9,2,80.0,5,0.9,0.15186789631843567,15,0.17571516335010529,73
5,MCF7,6.0,A133,9,2,80.0,5,0.95,0.15117147564888,5,0.19095838069915771,37
5,MCF7,6.0,A133,9,2,80.0,5,1.0,,2,0.16683875024318695,24
5,MCF7,6.0,A133,9,2,80.0,5,1.05,,0,0.17784646153450012,21
5,MCF7,6.0,A133,9,2,80.0,5,1.1,,0,,6
5,MCF7,6.0,A133,9,2,80.0,5,1.15,,0,,7
1,MCF7,2.0,control,0,1,0.0,1,0.0,,0,0.0,4327
1,MCF7,2.0,control,0,1,0.0,1,0.05,,0,0.13502459228038788,238
1,MCF7,2.0,control,0,1,0.0,1,0.1,,0,0.1411028951406479,2811
1,MCF7,2.0,control,0,1,0.0,1,0.15,,0,0.1457282453775406,3758
1,MCF7,2.0,control,0,1,0.0,1,0.2,0.08262459933757782,13,0.13673026859760284,4315
1,MCF7,2.0,control,0,1,0.0,1,0.25,0.10283403843641281,737,0.12367650866508484,7798
1,MCF7,2.0,control,0,1,0.0,1,0.3,0.10554741322994232,6184,0.11425179243087769,16520
1,MCF7,2.0,control,0,1,0.0,1,0.35,0.10930855572223663,8846,0.11124604195356369,20725
1,MCF7,2.0,control,0,1,0.0,1,0.4,0.11321201175451279,2656,0.11245529353618622,12156
1,MCF7,2.0,control,0,1,0.0,1,0.45,0.12166542559862137,198,0.11938923597335815,5036
1,MCF7,2.0,control,0,1,0.0,1,0.5,,0,0.12923216819763184,1733
1,MCF7,2.0,control,0,1,0.0,1,0.55,,0,0.14010077714920044,531
1,MCF7,2.0,control,0,1,0.0,1,0.6,,0,0.15744656324386597,166
1,MCF7,2.0,control,0,1,0.0,1,0.65,,0,0.17026783525943756,37
1,MCF7,2.0,control,1,1,0.0,1,0.0,,3,0.0,11019
1,MCF7,2.0,control,1,1,0.0,1,0.1,0.12157214432954788,588,0.12473461031913757,830
1,MCF7,2.0,control,1,1,0.0,1,0.15,0.11314324289560318,4516,0.11804348230361938,7242
1,MCF7,2.0,control,1,1,0.0,1,0.2,0.09680747985839844,11801,0.10484055429697037,18474
1,MCF7,2.0,control,1,1,0.0,1,0.25,0.09401019662618637,8004,0.10339903086423874,15315
1,MCF7,2.0,control,1,1,0.0,1,0.3,0.09318704158067703,1399,0.11245324462652206,5374
1,MCF7,2.0,control,1,1,0.0,1,0.35,0.08702253550291061,70,0.1283293068408966,1299
1,MCF7,2.0,control,1,1,0.0,1,0.4,,1,0.14054054021835327,244
1,MCF7,2.0,control,1,1,0.0,1,0.45,,0,0.15479981899261475,36
2,MCF7,2.0,control,1,1,0.0,2,0.0,,0,0.0,9629
2,MCF7,2.0,control,1,1,0.0,2,0.05,,0,0.08733481168746948,127
2,MCF7,2.0,control,1,1,0.0,2,0.1,0.051343586295843124,886,0.0705227330327034,1859
2,MCF7,2.0,control,1,1,0.0,2,0.15,0.0521116741001606,9841,0.0565057173371315,13040
2,MCF7,2.0,control,1,1,0.0,2,0.2,0.059581659734249115,2794,0.06525032222270966,9943
2,MCF7,2.0,control,1,1,0.0,2,0.25,0.06723351776599884,191,0.07304715365171432,9259
2,MCF7,2.0,control,1,1,0.0,2,0.3,,1,0.07639120519161224,9308
2,MCF7,2.0,control,1,1,0.0,2,0.35,,0,0.08183787018060684,7016
2,MCF7,2.0,control,1,1,0.0,2,0.4,,0,0.09074638783931732,3287
2,MCF7,2.0,control,1,1,0.0,2,0.45,,0,0.10626605153083801,1389
2,MCF7,2.0,control,1,1,0.0,2,0.5,,0,0.11726279556751251,656
2,MCF7,2.0,control,1,1,0.0,2,0.55,,0,0.12796063721179962,351
2,MCF7,2.0,control,1,1,0.0,2,0.6,,0,0.1295303851366043,205
2,MCF7,2.0,control,1,1,0.0,2,0.65,,0,0.13434052467346191,105
2,MCF7,2.0,control,1,1,0.0,2,0.7,,0,0.13512657582759857,44
2,MCF7,2.0,control,1,1,0.0,2,0.75,,0,0.1444436013698578,14
1,MCF7,2.0,control,2,1,0.0,1,0.0,,2,0.0,10364
1,MCF7,2.0,control,2,1,0.0,1,0.15,,0,0.1387699395418167,14
1,MCF7,2.0,control,2,1,0.0,1,0.2,,0,0.14395569264888763,89
1,MCF7,2.0,control,2,1,0.0,1,0.25,0.09153208881616592,12,0.1444222629070282,288
1,MCF7,2.0,control,2,1,0.0,1,0.3,0.09792006760835648,117,0.13030768930912018,527
1,MCF7,2.0,control,2,1,0.0,1,0.35,0.10354428738355637,431,0.1275191754102707,1165
1,MCF7,2.0,control,2,1,0.0,1,0.4,0.10632074624300003,721,0.12955452501773834,1938
1,MCF7,2.0,control,2,1,0.0,1,0.45,0.11149370670318604,1226,0.1304878443479538,2880
1,MCF7,2.0,control,2,1,0.0,1,0.5,0.11665432155132294,1968,0.13106755912303925,3964
1,MCF7,2.0,control,2,1,0.0,1,0.55,0.12314552068710327,2574,0.13707201182842255,4791
1,MCF7,2.0,control,2,1,0.0,1,0.6,0.12971433997154236,2848,0.1411973387002945,4998
1,MCF7,2.0,control,2,1,0.0,1,0.65,0.13535580039024353,2590,0.14737743139266968,4428
1,MCF7,2.0,control,2,1,0.0,1,0.7,0.1417507380247116,1883,0.15475761890411377,3151
1,MCF7,2.0,control,2,1,0.0,1,0.75,0.1481636017560959,1117,0.16033829748630524,1971
1,MCF7,2.0,control,2,1,0.0,1,0.8,0.15020066499710083,576,0.1670285165309906,1095
1,MCF7,2.0,control,2,1,0.0,1,0.85,0.15573309361934662,225,0.17178478837013245,541
1,MCF7,2.0,control,2,1,0.0,1,0.9,0.16160207986831665,81,0.1790209412574768,229
1,MCF7,2.0,control,2,1,0.0,1,0.95,0.1796826422214508,31,0.18420623242855072,95
1,MCF7,2.0,control,2,1,0.0,1,1.0,,4,0.18762432038784027,35
1,MCF7,2.0,control,2,1,0.0,1,1.05,,2,0.20501703023910522,18
1,MCF7,2.0,control,2,1,0.0,1,1.1,,0,,6
2,MCF7,2.0,control,2,1,0.0,2,0.0,,0,0.0,4112
2,MCF7,2.0,control,2,1,0.0,2,0.2,,0,,9
2,MCF7,2.0,control,2,1,0.0,2,0.25,0.08050841093063354,20,0.10408718883991241,86
2,MCF7,2.0,control,2,1,0.0,2,0.3,0.08129368722438812,333,0.10048870742321014,660
2,MCF7,2.0,control,2,1,0.0,2,0.35,0.08635906130075455,739,0.10846211761236191,1557
2,MCF7,2.0,control,2,1,0.0,2,0.4,0.09220309555530548,1506,0.10841821134090424,2738
2,MCF7,2.0,control,2,1,0.0,2,0.45,0.09936942905187607,2649,0.10992511361837387,4127
2,MCF7,2.0,control,2,1,0.0,2,0.5,0.10477770119905472,2874,0.11442254483699799,4667
2,MCF7,2.0,control,2,1,0.0,2,0.55,0.11157675087451935,2326,0.12210872769355774,4509
2,MCF7,2.0,control,2,1,0.0,2,0.6,0.11802127957344055,1240,0.13141746819019318,3385
2,MCF7,2.0,control,2,1,0.0,2,0.65,0.1227128878235817,475,0.14341987669467926,2104
2,MCF7,2.0,control,2,1,0.0,2,0.7,0.11931654065847397,122,0.1511864811182022,1319
2,MCF7,2.0,control,2,1,0.0,2,0.75,0.13151606917381287,20,0.16417185962200165,728
2,MCF7,2.0,control,2,1,0.0,2,0.8,,0,0.17659123241901398,411
2,MCF7,2.0,control,2,1,0.0,2,0.85,,0,0.18473774194717407,194
2,MCF7,2.0,control,2,1,0.0,2,0.9,,0,0.18166814744472504,129
2,MCF7,2.0,control,2,1,0.0,2,0.95,,0,0.18803121149539948,70
2,MCF7,2.0,control,2,1,0.0,2,1.0,,0,0.19848425686359406,27
2,MCF7,2.0,control,2,1,0.0,2,1.05,,0,,6
2,MCF7,2.0,control,2,1,0.0,2,1.1,,0,,8
1,MCF7,2.0,control,3,1,0.0,1,0.0,,0,0.0,5293
1,MCF7,2.0,control,3,1,0.0,1,0.2,0.09966717660427094,211,0.10006129741668701,212
1,MCF7,2.0,control,3,1,0.0,1,0.25,0.1113998293876648,2855,0.11156180500984192,2917
1,MCF7,2.0,control,3,1,0.0,1,0.3,0.11953330039978027,4917,0.12011878192424774,5503
1,MCF7,2.0,control,3,1,0.0,1,0.35,0.12429212033748627,2907,0.12753386795520782,5286
1,MCF7,2.0,control,3,1,0.0,1,0.4,0.12117869406938553,1085,0.13602732121944427,5840
1,MCF7,2.0,control,3,1,0.0,1,0.45,0.11540891975164413,200,0.14466992020606995,5972
1,MCF7,2.0,control,3,1,0.0,1,0.5,0.0958477109670639,17,0.15344968438148499,4951
1,MCF7,2.0,control,3,1,0.0,1,0.55,,0,0.16509152948856354,3560
1,MCF7,2.0,control,3,1,0.0,1,0.6,,0,0.17641836404800415,2132
1,MCF7,2.0,control,3,1,0.0,1,0.65,,0,0.18851687014102936,1113
1,MCF7,2.0,control,3,1,0.0,1,0.7,,0,0.20075370371341705,518
1,MCF7,2.0,control,3,1,0.0,1,0.75,,0,0.21450230479240417,225
1,MCF7,2.0,control,3,1,0.0,1,0.8,,0,0.2104167342185974,99
1,MCF7,2.0,control,3,1,0.0,1,0.85,,0,0.2207978516817093,33
1,MCF7,2.0,control,3,1,0.0,1,0.9,,0,,6
2,MCF7,2.0,control,3,1,0.0,2,0.4,0.12715935707092285,23,0.12715935707092285,23
2,MCF7,2.0,control,3,1,0.0,2,0.45,0.14009453356266022,535,0.14003460109233856,537
2,MCF7,2.0,control,3,1,0.0,2,0.5,0.14426444470882416,2176,0.1438821256160736,2278
2,MCF7,2.0,control,3,1,0.0,2,0.55,0.14477917551994324,6320,0.14421890676021576,7343
2,MCF7,2.0,control,3,1,0.0,2,0.6,0.14227040112018585,3362,0.14262932538986206,6158
2,MCF7,2.0,control,3,1,0.0,2,0.65,0.12988488376140594,535,0.13945868611335754,3885
2,MCF7,2.0,control,3,1,0.0,2,0.7,0.1176726222038269,51,0.13483695685863495,3054
2,MCF7,2.0,control,3,1,0.0,2,0.75,,3,0.1312607079744339,2946
2,MCF7,2.0,control,3,1,0.0,2,0.8,,0,0.13035839796066284,2725
2,MCF7,2.0,control,3,1,0.0,2,0.85,,0,0.13248838484287262,2342
2,MCF7,2.0,control,3,1,0.0,2,0.9,,0,0.13433432579040527,1834
2,MCF7,2.0,control,3,1,0.0,2,0.95,,0,0.13779141008853912,1156
2,MCF7,2.0,control,3,1,0.0,2,1.0,,0,0.1434936374425888,711
2,MCF7,2.0,control,3,1,0.0,2,1.05,,0,0.14737576246261597,383
2,MCF7,2.0,control,3,1,0.0,2,1.1,,0,0.15214358270168304,174
2,MCF7,2.0,control,3,1,0.0,2,1.15,,0,0.15583620965480804,62
2,MCF7,2.0,control,3,1,0.0,2,1.2,,0,0.15930244326591492,29
1,MCF7,2.0,control,4,1,0.0,1,0.0,,0,0.0,5400
1,MCF7,2.0,control,4,1,0.0,1,0.45,0.07967093586921692,75,0.07961811870336533,76
1,MCF7,2.0,control,4,1,0.0,1,0.5,0.08220403641462326,471,0.08228735625743866,473
1,MCF7,2.0,control,4,1,0.0,1,0.55,0.08747152239084244,1261,0.08752898126840591,1265
1,MCF7,2.0,control,4,1,0.0,1,0.6,0.09312967211008072,2410,0.09307117015123367,2423
1,MCF7,2.0,control,4,1,0.0,1,0.65,0.09919781237840652,3544,0.09896421432495117,3583
1,MCF7,2.0,control,4,1,0.0,1,0.7,0.10267380625009537,3256,0.10203133523464203,3430
1,MCF7,2.0,control,4,1,0.0,1,0.75,0.10706454515457153,2408,0.10517973452806473,2925
1,MCF7,2.0,control,4,1,0.0,1,0.8,0.11018398404121399,1785,0.10790622234344482,2917
1,MCF7,2.0,control,4,1,0.0,1,0.85,0.11371699720621109,1122,0.11179253458976746,3082
1,MCF7,2.0,control,4,1,0.0,1,0.9,0.1188209056854248,661,0.11481008678674698,3277
1,MCF7,2.0,control,4,1,0.0,1,0.95,0.11985290795564651,269,0.12079545855522156,3332
1,MCF7,2.0,control,4,1,0.0,1,1.0,0.11601841449737549,112,0.12373405694961548,3458
1,MCF7,2.0,control,4,1,0.0,1,1.05,0.11052471399307251,38,0.12875714898109436,3452
1,MCF7,2.0,control,4,1,0.0,1,1.1,0.11771298944950104,7,0.13199244439601898,3299
1,MCF7,2.0,control,4,1,0.0,1,1.15,,1,0.13709333539009094,3242
1,MCF7,2.0,control,4,1,0.0,1,1.2,,0,0.13986089825630188,2734
1,MCF7,2.0,control,4,1,0.0,1,1.25,,0,0.147444948554039,2304
1,MCF7,2.0,control,4,1,0.0,1,1.3,,0,0.1517634391784668,2094
1,MCF7,2.0,control,4,1,0.0,1,1.35,,0,0.1529567390680313,1624
1,MCF7,2.0,control,4,1,0.0,1,1.4,,0,0.15733793377876282,1283
1,MCF7,2.0,control,4,1,0.0,1,1.45,,0,0.16384224593639374,1006
1,MCF7,2.0,control,4,1,0.0,1,1.5,,0,0.16851243376731873,769
1,MCF7,2.0,control,4,1,0.0,1,1.55,,0,0.1722637116909027,492
1,MCF7,2.0,control,4,1,0.0,1,1.6,,0,0.17224059998989105,352
1,MCF7,2.0,control,4,1,0.0,1,1.65,,0,0.18258273601531982,231
1,MCF7,2.0,control,4,1,0.0,1,1.7,,0,0.17738793790340424,171
1,MCF7,2.0,control,4,1,0.0,1,1.75,,0,0.18723979592323303,101
1,MCF7,2.0,control,4,1,0.0,1,1.8,,0,0.16918660700321198,61
1,MCF7,2.0,control,4,1,0.0,1,1.85,,0,0.18289020657539368,39
1,MCF7,2.0,control,4,1,0.0,1,1.9,,0,0.19526734948158264,23
1,MCF7,2.0,control,4,1,0.0,1,1.95,,0,,8
1,MCF7,2.0,control,4,1,0.0,1,2.0,,0,,8
2,MCF7,2.0,control,4,1,0.0,2,0.0,,0,0.0,27207
2,MCF7,2.0,control,4,1,0.0,2,0.05,0.04768811911344528,212,0.07134632021188736,362
2,MCF7,2.0,control,4,1,0.0,2,0.1,0.05258140340447426,9298,0.05996571108698845,11713
2,MCF7,2.0,control,4,1,0.0,2,0.15,0.06158364936709404,6824,0.07528424263000488,21331
2,MCF7,2.0,control,4,1,0.0,2,0.2,0.06803590804338455,1250,0.0881916880607605,19472
2,MCF7,2.0,control,4,1,0.0,2,0.25,0.06713283061981201,104,0.1031113862991333,9493
2,MCF7,2.0,control,4,1,0.0,2,0.3,,3,0.1169096827507019,3224
2,MCF7,2.0,control,4,1,0.0,2,0.35,,0,0.12472492456436157,912
2,MCF7,2.0,control,4,1,0.0,2,0.4,,0,0.13752520084381104,190
2,MCF7,2.0,control,4,1,0.0,2,0.45,,0,0.148214653134346,34
2,MCF7,2.0,control,4,1,0.0,2,0.5,,0,0.1394195854663849,10
3,MCF7,2.0,control,4,1,0.0,3,0.0,0.0,21,0.0,14173
3,MCF7,2.0,control,4,1,0.0,3,0.1,,1,0.10907778143882751,26
3,MCF7,2.0,control,4,1,0.0,3,0.15,0.06434080749750137,90,0.10065817832946777,371
3,MCF7,2.0,control,4,1,0.0,3,0.2,0.073761485517025,930,0.09433957189321518,1911
3,MCF7,2.0,control,4,1,0.0,3,0.25,0.08127523213624954,2344,0.09484193474054337,3900
3,MCF7,2.0,control,4,1,0.0,3,0.3,0.08732136338949203,2910,0.09858259558677673,4435
3,MCF7,2.0,control,4,1,0.0,3,0.35,0.09390701353549957,1931,0.10547696799039841,2974
3,MCF7,2.0,control,4,1,0.0,3,0.4,0.10073298960924149,1060,0.11222297698259354,1721
3,MCF7,2.0,control,4,1,0.0,3,0.45,0.1055174395442009,533,0.1188136637210846,939
3,MCF7,2.0,control,4,1,0.0,3,0.5,0.10640595853328705,299,0.12272463738918304,524
3,MCF7,2.0,control,4,1,0.0,3,0.55,0.10727961361408234,210,0.1258925497531891,341
3,MCF7,2.0,control,4,1,0.0,3,0.6,0.11668723821640015,132,0.1289488971233368,225
3,MCF7,2.0,control,4,1,0.0,3,0.65,0.12531216442584991,87,0.14385443925857544,149
3,MCF7,2.0,control,4,1,0.0,3,0.7,0.12109120935201645,68,0.13856780529022217,102
3,MCF7,2.0,control,4,1,0.0,3,0.75,0.1265149712562561,37,0.14558865129947662,61
3,MCF7,2.0,control,4,1,0.0,3,0.8,0.1287204772233963,27,0.15605279803276062,47
3,MCF7,2.0,control,4,1,0.0,3,0.85,0.10712740570306778,25,0.1358591765165329,45
3,MCF7,2.0,control,4,1,0.0,3,0.9,0.11047624051570892,18,0.1384909600019455,32
3,MCF7,2.0,control,4,1,0.0,3,0.95,0.11679358035326004,6,0.1430264264345169,12
3,MCF7,2.0,control,4,1,0.0,3,1.0,0.16676625609397888,10,0.1785839945077896,14
3,MCF7,2.0,control,4,1,0.0,3,1.05,0.10691770911216736,9,0.14046543836593628,16
3,MCF7,2.0,control,4,1,0.0,3,1.1,0.11284758150577545,8,0.14745382964611053,14
3,MCF7,2.0,control,4,1,0.0,3,1.15,0.09751134365797043,9,0.14007627964019775,17
3,MCF7,2.0,control,4,1,0.0,3,1.2,0.11119896173477173,5,0.132455512881279,10
3,MCF7,2.0,control,4,1,0.0,3,1.25,0.1879013627767563,7,0.173268660902977,11
3,MCF7,2.0,control,4,1,0.0,3,1.3,,4,,9
3,MCF7,2.0,control,4,1,0.0,3,1.35,0.1781165897846222,5,0.18508552014827728,11
3,MCF7,2.0,control,4,1,0.0,3,1.5,0.14320069551467896,5,,6
1,MCF7,2.0,control,5,1,0.0,1,0.0,,3,0.0,6651
1,MCF7,2.0,control,5,1,0.0,1,0.05,,0,0.15143509209156036,36
1,MCF7,2.0,control,5,1,0.0,1,0.1,0.1043442115187645,8,0.14080753922462463,830
1,MCF7,2.0,control,5,1,0.0,1,0.15,0.09709570556879044,80,0.14348900318145752,2414
1,MCF7,2.0,control,5,1,0.0,1,0.2,0.10207140445709229,265,0.14369137585163116,3619
1,MCF7,2.0,control,5,1,0.0,1,0.25,0.11076768487691879,566,0.1451232135295868,3838
1,MCF7,2.0,control,5,1,0.0,1,0.3,0.11683835089206696,1202,0.14038744568824768,3532
1,MCF7,2.0,control,5,1,0.0,1,0.35,0.1222108006477356,2119,0.13574279844760895,3516
1,MCF7,2.0,control,5,1,0.0,1,0.4,0.12737521529197693,2237,0.13565881550312042,3116
1,MCF7,2.0,control,5,1,0.0,1,0.45,0.13431690633296967,1438,0.14122261106967926,1940
1,MCF7,2.0,control,5,1,0.0,1,0.5,0.13840949535369873,590,0.1479690819978714,852
1,MCF7,2.0,control,5,1,0.0,1,0.55,0.14490793645381927,242,0.15256163477897644,347
1,MCF7,2.0,control,5,1,0.0,1,0.6,0.14667028188705444,54,0.16294662654399872,111
1,MCF7,2.0,control,5,1,0.0,1,0.65,0.14760206639766693,5,0.19119256734848022,27
2,MCF7,2.0,control,5,1,0.0,2,0.0,0.0,51,0.0,6607
2,MCF7,2.0,control,5,1,0.0,2,0.05,0.09207399189472198,20,0.11883572489023209,98
2,MCF7,2.0,control,5,1,0.0,2,0.1,0.10131511092185974,1100,0.11827937513589859,3124
2,MCF7,2.0,control,5,1,0.0,2,0.15,0.10137749463319778,3691,0.12044858932495117,8068
2,MCF7,2.0,control,5,1,0.0,2,0.2,0.1053527221083641,3588,0.12349864840507507,6246
2,MCF7,2.0,control,5,1,0.0,2,0.25,0.11038299649953842,1368,0.13062593340873718,2743
2,MCF7,2.0,control,5,1,0.0,2,0.3,0.10894415527582169,261,0.14081142842769623,795
2,MCF7,2.0,control,5,1,0.0,2,0.35,0.10703428089618683,40,0.153802290558815,219
2,MCF7,2.0,control,5,1,0.0,2,0.4,,1,0.1763521134853363,46
2,MCF7,2.0,control,5,1,0.0,2,0.45,,0,,6
1,MCF7,2.0,control,6,1,0.0,1,0.0,,0,0.0,16754
1,MCF7,2.0,control,6,1,0.0,1,0.1,0.04033644124865532,6,0.10044723004102707,48
1,MCF7,2.0,control,6,1,0.0,1,0.15,0.047735750675201416,2585,0.055483024567365646,2947
1,MCF7,2.0,control,6,1,0.0,1,0.2,0.050864484161138535,6401,0.05768096446990967,7637
1,MCF7,2.0,control,6,1,0.0,1,0.25,0.05475980415940285,2903,0.0661175549030304,7177
1,MCF7,2.0,control,6,1,0.0,1,0.3,0.05063851922750473,503,0.06928952038288116,8196
1,MCF7,2.0,control,6,1,0.0,1,0.35,0.048388510942459106,10,0.07449185848236084,7846
1,MCF7,2.0,control,6,1,0.0,1,0.4,,0,0.08041469007730484,5709
1,MCF7,2.0,control,6,1,0.0,1,0.45,,0,0.0907653272151947,3248
1,MCF7,2.0,control,6,1,0.0,1,0.5,,0,0.10145047307014465,1538
1,MCF7,2.0,control,6,1,0.0,1,0.55,,0,0.10994260758161545,725
1,MCF7,2.0,control,6,1,0.0,1,0.6,,0,0.11556121706962585,325
1,MCF7,2.0,control,6,1,0.0,1,0.65,,0,0.12645883858203888,148
1,MCF7,2.0,control,6,1,0.0,1,0.7,,0,0.1285288780927658,36
1,MCF7,2.0,control,6,1,0.0,1,0.75,,0,0.13703258335590363,15
2,MCF7,2.0,control,6,1,0.0,2,0.0,0.0,91,0.0,8070
2,MCF7,2.0,control,6,1,0.0,2,0.05,,0,0.1381669044494629,12
2,MCF7,2.0,control,6,1,0.0,2,0.1,0.0621769018471241,84,0.10995989292860031,424
2,MCF7,2.0,control,6,1,0.0,2,0.15,0.0684095174074173,2014,0.08644374459981918,3703
2,MCF7,2.0,control,6,1,0.0,2,0.2,0.07345031946897507,4589,0.08857083320617676,8859
2,MCF7,2.0,control,6,1,0.0,2,0.25,0.07924368977546692,3016,0.09879980236291885,7248
2,MCF7,2.0,control,6,1,0.0,2,0.3,0.07960076630115509,765,0.11081177741289139,2884
2,MCF7,2.0,control,6,1,0.0,2,0.35,0.09020015597343445,88,0.12504827976226807,774
2,MCF7,2.0,control,6,1,0.0,2,0.4,,3,0.13082893192768097,153
2,MCF7,2.0,control,6,1,0.0,2,0.45,,0,0.14199039340019226,29
