ObjectNumber,Metadata_cell,Metadata_hour,Metadata_treatment,Metadata_site,Metadata_dish,Metadata_concentration,ObjectNumber,Rc,Region_Ed,Region_pixels_sum,Cell_Ed,Cell_pixels_sum
1,MCF7,6.0,A199,0,1,90.0,1,0.0,,0,0.0,1156
1,MCF7,6.0,A199,0,1,90.0,1,0.15,0.05742240697145462,14,0.06082228943705559,51
1,MCF7,6.0,A199,0,1,90.0,1,0.2,0.06446728110313416,581,0.06453551352024078,1304
1,MCF7,6.0,A199,0,1,90.0,1,0.25,0.07130018621683121,2192,0.07479339838027954,4711
1,MCF7,6.0,A199,0,1,90.0,1,0.3,0.08011121302843094,2539,0.08429410308599472,6217
1,MCF7,6.0,A199,0,1,90.0,1,0.35,0.08956201374530792,2147,0.09556146711111069,4831
1,MCF7,6.0,A199,0,1,90.0,1,0.4,0.09637176245450974,1131,0.10698319226503372,2570
1,MCF7,6.0,A199,0,1,90.0,1,0.45,0.10144238919019699,484,0.11945066601037979,1224
1,MCF7,6.0,A199,0,1,90.0,1,0.5,0.10483044385910034,183,0.12954667210578918,479
1,MCF7,6.0,A199,0,1,90.0,1,0.55,0.09599445760250092,83,0.1313064694404602,200
1,MCF7,6.0,A199,0,1,90.0,1,0.6,0.10222014039754868,35,0.13084407150745392,83
1,MCF7,6.0,A199,0,1,90.0,1,0.65,0.10104379802942276,22,0.11166229099035263,31
1,MCF7,6.0,A199,0,1,90.0,1,0.7,0.09516885131597519,10,0.10540015250444412,12
1,MCF7,6.0,A199,0,1,90.0,1,0.75,0.10409240424633026,11,0.1167432889342308,13
1,MCF7,6.0,A199,0,1,90.0,1,0.8,0.09136393666267395,8,,8
2,MCF7,6.0,A199,0,1,90.0,2,0.1,0.049754124134778976,112,0.05464654788374901,289
2,MCF7,6.0,A199,0,1,90.0,2,0.15,0.052901484072208405,1242,0.05703233554959297,2847
2,MCF7,6.0,A199,0,1,90.0,2,0.2,0.06104722619056702,1086,0.06708376854658127,2842
2,MCF7,6.0,A199,0,1,90.0,2,0.25,0.06918039172887802,1041,0.07650928199291229,2559
2,MCF7,6.0,A199,0,1,90.0,2,0.3,0.07366415858268738,1246,0.078288733959198,2571
2,MCF7,6.0,A199,0,1,90.0,2,0.35,0.08012108504772186,1315,0.08126457780599594,2106
2,MCF7,6.0,A199,0,1,90.0,2,0.4,0.08468005806207657,1244,0.08545920997858047,1658
2,MCF7,6.0,A199,0,1,90.0,2,0.45,0.08721698820590973,1234,0.08756651729345322,1393
2,MCF7,6.0,A199,0,1,90.0,2,0.5,0.09038371592760086,746,0.0915939062833786,809
2,MCF7,6.0,A199,0,1,90.0,2,0.55,0.09253141283988953,317,0.09286640584468842,347
2,MCF7,6.0,A199,0,1,90.0,2,0.6,0.09548832476139069,154,0.09675250202417374,171
2,MCF7,6.0,A199,0,1,90.0,2,0.65,0.09383203834295273,83,0.09404197335243225,88
2,MCF7,6.0,A199,0,1,90.0,2,0.7,0.097208671271801,35,0.09962636232376099,38
2,MCF7,6.0,A199,0,1,90.0,2,0.75,0.08140493184328079,13,0.08140493184328079,13
2,MCF7,6.0,A199,0,1,90.0,2,0.8,0.07767597585916519,10,0.07767597585916519,10
2,MCF7,6.0,A199,0,1,90.0,2,0.85,0.09737861156463623,11,0.09896707534790039,13
3,MCF7,6.0,A199,0,1,90.0,3,0.0,,0,0.0,209
3,MCF7,6.0,A199,0,1,90.0,3,0.05,,0,,9
3,MCF7,6.0,A199,0,1,90.0,3,0.1,0.03431462496519089,131,0.03527800738811493,1212
3,MCF7,6.0,A199,0,1,90.0,3,0.15,0.041356898844242096,1094,0.04029042273759842,5281
3,MCF7,6.0,A199,0,1,90.0,3,0.2,0.053128525614738464,1226,0.050095658749341965,5178
3,MCF7,6.0,A199,0,1,90.0,3,0.25,0.05734887346625328,1342,0.06340937316417694,4056
3,MCF7,6.0,A199,0,1,90.0,3,0.3,0.059776801615953445,1264,0.06589426845312119,3058
3,MCF7,6.0,A199,0,1,90.0,3,0.35,0.06454843282699585,729,0.0707833543419838,1374
3,MCF7,6.0,A199,0,1,90.0,3,0.4,0.06701058149337769,394,0.07192039489746094,518
3,MCF7,6.0,A199,0,1,90.0,3,0.45,0.07091140002012253,200,0.0723874494433403,230
3,MCF7,6.0,A199,0,1,90.0,3,0.5,0.07143855839967728,166,0.07089915871620178,171
3,MCF7,6.0,A199,0,1,90.0,3,0.55,0.07482581585645676,84,0.07581209391355515,85
3,MCF7,6.0,A199,0,1,90.0,3,0.6,0.0696401372551918,51,0.06849423795938492,52
3,MCF7,6.0,A199,0,1,90.0,3,0.65,0.06977161020040512,29,0.06977161020040512,29
3,MCF7,6.0,A199,0,1,90.0,3,0.7,0.07201419770717621,27,0.07201419770717621,27
3,MCF7,6.0,A199,0,1,90.0,3,0.75,0.08083896338939667,13,0.08083896338939667,13
3,MCF7,6.0,A199,0,1,90.0,3,0.8,0.04925854504108429,6,,6
3,MCF7,6.0,A199,0,1,90.0,3,0.85,0.08266902714967728,7,,7
3,MCF7,6.0,A199,0,1,90.0,3,0.9,0.07977447658777237,6,,6
3,MCF7,6.0,A199,0,1,90.0,3,0.95,0.09668892621994019,6,,6
3,MCF7,6.0,A199,0,1,90.0,3,1.0,0.07576227933168411,6,,6
1,MCF7,6.0,A199,1,1,90.0,1,0.05,,0,0.039207249879837036,340
1,MCF7,6.0,A199,1,1,90.0,1,0.1,0.02766554057598114,490,0.03445294871926308,3993
1,MCF7,6.0,A199,1,1,90.0,1,0.15,0.03414264693856239,633,0.032745059579610825,7144
1,MCF7,6.0,A199,1,1,90.0,1,0.2,0.038335517048835754,517,0.035733386874198914,3842
1,MCF7,6.0,A199,1,1,90.0,1,0.25,0.03653540834784508,788,0.03946080431342125,2309
1,MCF7,6.0,A199,1,1,90.0,1,0.3,0.04019058123230934,1219,0.04217221960425377,1793
1,MCF7,6.0,A199,1,1,90.0,1,0.35,0.04669377580285072,1310,0.04688854515552521,1477
1,MCF7,6.0,A199,1,1,90.0,1,0.4,0.05094065144658089,1290,0.05097445473074913,1334
1,MCF7,6.0,A199,1,1,90.0,1,0.45,0.05393713712692261,926,0.05392850190401077,937
1,MCF7,6.0,A199,1,1,90.0,1,0.5,0.05495570972561836,627,0.05480678007006645,629
1,MCF7,6.0,A199,1,1,90.0,1,0.55,0.05845661461353302,395,0.05852508544921875,398
1,MCF7,6.0,A199,1,1,90.0,1,0.6,0.059225015342235565,266,0.05856623128056526,271
1,MCF7,6.0,A199,1,1,90.0,1,0.65,0.0608321949839592,173,0.060736607760190964,179
1,MCF7,6.0,A199,1,1,90.0,1,0.7,0.06308195739984512,106,0.06338027864694595,107
1,MCF7,6.0,A199,1,1,90.0,1,0.75,0.06727933138608932,74,0.06672175973653793,78
1,MCF7,6.0,A199,1,1,90.0,1,0.8,0.06698014587163925,40,0.06624380499124527,42
1,MCF7,6.0,A199,1,1,90.0,1,0.85,0.0671912208199501,23,0.06478196382522583,24
1,MCF7,6.0,A199,1,1,90.0,1,0.9,0.06350964307785034,11,0.05755957216024399,15
1,MCF7,6.0,A199,1,1,90.0,1,0.95,0.0670919343829155,5,,6
1,MCF7,6.0,A199,1,1,90.0,1,1.0,,4,,6
2,MCF7,6.0,A199,1,1,90.0,2,0.0,,3,0.001981972949579358,232
2,MCF7,6.0,A199,1,1,90.0,2,0.05,0.03841320052742958,1714,0.0389537587761879,5575
2,MCF7,6.0,A199,1,1,90.0,2,0.1,0.04560539498925209,2904,0.04568061977624893,3623
2,MCF7,6.0,A199,1,1,90.0,2,0.15,0.05104300007224083,574,0.05121526122093201,582
2,MCF7,6.0,A199,1,1,90.0,2,0.2,0.05189807713031769,31,0.05339523404836655,33
3,MCF7,6.0,A199,1,1,90.0,3,0.08,,0,0.04897778481245041,18
3,MCF7,6.0,A199,1,1,90.0,3,0.13,,0,0.03971267119050026,1359
3,MCF7,6.0,A199,1,1,90.0,3,0.18,,0,0.04261188209056854,6405
3,MCF7,6.0,A199,1,1,90.0,3,0.23,,2,0.049178704619407654,3650
3,MCF7,6.0,A199,1,1,90.0,3,0.28,0.04460667073726654,10,0.05933031439781189,1532
3,MCF7,6.0,A199,1,1,90.0,3,0.33,0.04442790150642395,36,0.06527990102767944,1431
3,MCF7,6.0,A199,1,1,90.0,3,0.38,0.05199316889047623,78,0.07252882421016693,1254
3,MCF7,6.0,A199,1,1,90.0,3,0.43,0.05466733127832413,133,0.08101028949022293,1082
3,MCF7,6.0,A199,1,1,90.0,3,0.48,0.05717051401734352,167,0.08352120220661163,841
3,MCF7,6.0,A199,1,1,90.0,3,0.53,0.0672055333852768,208,0.08585678786039352,575
3,MCF7,6.0,A199,1,1,90.0,3,0.58,0.08051282912492752,262,0.08920960873365402,410
3,MCF7,6.0,A199,1,1,90.0,3,0.63,0.08706299960613251,330,0.08949478715658188,376
3,MCF7,6.0,A199,1,1,90.0,3,0.68,0.0907827764749527,360,0.09139680862426758,370
3,MCF7,6.0,A199,1,1,90.0,3,0.73,0.09154193848371506,369,0.09151908755302429,371
3,MCF7,6.0,A199,1,1,90.0,3,0.78,0.09268630295991898,390,0.09268630295991898,390
3,MCF7,6.0,A199,1,1,90.0,3,0.83,0.10002131760120392,359,0.10002131760120392,359
3,MCF7,6.0,A199,1,1,90.0,3,0.88,0.10134165734052658,334,0.10141989588737488,335
3,MCF7,6.0,A199,1,1,90.0,3,0.93,0.10651256144046783,307,0.10655294358730316,308
3,MCF7,6.0,A199,1,1,90.0,3,0.98,0.10347963124513626,280,0.10347963124513626,280
3,MCF7,6.0,A199,1,1,90.0,3,1.03,0.10740625113248825,242,0.10740625113248825,242
3,MCF7,6.0,A199,1,1,90.0,3,1.08,0.10963690280914307,194,0.10963690280914307,194
3,MCF7,6.0,A199,1,1,90.0,3,1.13,0.11085211485624313,161,0.11085211485624313,161
3,MCF7,6.0,A199,1,1,90.0,3,1.18,0.10740823298692703,116,0.10740823298692703,116
3,MCF7,6.0,A199,1,1,90.0,3,1.23,0.10882958769798279,93,0.10882958769798279,93
3,MCF7,6.0,A199,1,1,90.0,3,1.28,0.11024707555770874,84,0.11024707555770874,84
3,MCF7,6.0,A199,1,1,90.0,3,1.33,0.1137368306517601,52,0.1137368306517601,52
3,MCF7,6.0,A199,1,1,90.0,3,1.38,0.10795505344867706,36,0.10795505344867706,36
3,MCF7,6.0,A199,1,1,90.0,3,1.43,0.10752353072166443,35,0.10752353072166443,35
3,MCF7,6.0,A199,1,1,90.0,3,1.48,0.09680461138486862,23,0.09680461138486862,23
3,MCF7,6.0,A199,1,1,90.0,3,1.53,0.11460026353597641,12,0.11460026353597641,12
3,MCF7,6.0,A199,1,1,90.0,3,1.58,0.11479105055332184,9,,9
3,MCF7,6.0,A199,1,1,90.0,3,1.63,0.09345847368240356,8,,8
3,MCF7,6.0,A199,1,1,90.0,3,1.78,0.115201435983181,6,,6
4,MCF7,6.0,A199,1,1,90.0,4,0.08,,0,0.03392266854643822,12
4,MCF7,6.0,A199,1,1,90.0,4,0.13,,0,0.041619084775447845,194
4,MCF7,6.0,A199,1,1,90.0,4,0.18,,0,0.04864419624209404,369
4,MCF7,6.0,A199,1,1,90.0,4,0.23,,1,0.05135130137205124,280
4,MCF7,6.0,A199,1,1,90.0,4,0.28,,2,0.0540618970990181,287
4,MCF7,6.0,A199,1,1,90.0,4,0.33,0.061508238315582275,12,0.057368338108062744,329
4,MCF7,6.0,A199,1,1,90.0,4,0.38,0.06583237648010254,17,0.06213381513953209,300
4,MCF7,6.0,A199,1,1,90.0,4,0.43,0.06398254632949829,31,0.06497479975223541,288
4,MCF7,6.0,A199,1,1,90.0,4,0.48,0.06969419866800308,31,0.0671347975730896,248
4,MCF7,6.0,A199,1,1,90.0,4,0.53,0.06767146289348602,23,0.06916473805904388,212
4,MCF7,6.0,A199,1,1,90.0,4,0.58,0.07185406237840652,25,0.07580778002738953,220
4,MCF7,6.0,A199,1,1,90.0,4,0.63,0.07633563876152039,31,0.07959385961294174,222
4,MCF7,6.0,A199,1,1,90.0,4,0.68,0.07195215672254562,27,0.08152594417333603,200
4,MCF7,6.0,A199,1,1,90.0,4,0.73,0.0820961743593216,30,0.0856676772236824,170
4,MCF7,6.0,A199,1,1,90.0,4,0.78,0.09143487364053726,26,0.09508590400218964,194
4,MCF7,6.0,A199,1,1,90.0,4,0.83,0.08896724134683609,45,0.09893877804279327,242
4,MCF7,6.0,A199,1,1,90.0,4,0.88,0.09315808117389679,43,0.10424575954675674,205
4,MCF7,6.0,A199,1,1,90.0,4,0.93,0.10276111960411072,36,0.11050146073102951,186
4,MCF7,6.0,A199,1,1,90.0,4,0.98,0.10642357170581818,35,0.11616822332143784,168
4,MCF7,6.0,A199,1,1,90.0,4,1.03,0.11295652389526367,43,0.11968141794204712,160
4,MCF7,6.0,A199,1,1,90.0,4,1.08,0.12264605611562729,45,0.12965014576911926,138
4,MCF7,6.0,A199,1,1,90.0,4,1.13,0.1257367879152298,64,0.1320146918296814,151
4,MCF7,6.0,A199,1,1,90.0,4,1.18,0.12937255203723907,62,0.1257292479276657,132
4,MCF7,6.0,A199,1,1,90.0,4,1.23,0.12819495797157288,68,0.1286408007144928,126
4,MCF7,6.0,A199,1,1,90.0,4,1.28,0.1278056502342224,76,0.12373442202806473,131
4,MCF7,6.0,A199,1,1,90.0,4,1.33,0.1516662836074829,75,0.14199848473072052,126
4,MCF7,6.0,A199,1,1,90.0,4,1.38,0.13789325952529907,71,0.1334412693977356,114
4,MCF7,6.0,A199,1,1,90.0,4,1.43,0.12965409457683563,63,0.12944969534873962,104
4,MCF7,6.0,A199,1,1,90.0,4,1.48,0.1471533179283142,61,0.1382526457309723,90
4,MCF7,6.0,A199,1,1,90.0,4,1.53,0.1368994265794754,58,0.12978455424308777,87
4,MCF7,6.0,A199,1,1,90.0,4,1.58,0.1447390615940094,64,0.14108312129974365,95
4,MCF7,6.0,A199,1,1,90.0,4,1.63,0.15057210624217987,70,0.145027756690979,93
4,MCF7,6.0,A199,1,1,90.0,4,1.68,0.15062566101551056,44,0.1483885943889618,64
4,MCF7,6.0,A199,1,1,90.0,4,1.73,0.13972505927085876,53,0.13591131567955017,75
4,MCF7,6.0,A199,1,1,90.0,4,1.78,0.15605831146240234,52,0.15313324332237244,70
4,MCF7,6.0,A199,1,1,90.0,4,1.83,0.16471201181411743,44,0.1615445911884308,71
4,MCF7,6.0,A199,1,1,90.0,4,1.88,0.1358274519443512,43,0.1398157775402069,59
4,MCF7,6.0,A199,1,1,90.0,4,1.93,0.1398007869720459,51,0.13901259005069733,79
4,MCF7,6.0,A199,1,1,90.0,4,1.98,0.16428142786026,55,0.15892329812049866,73
4,MCF7,6.0,A199,1,1,90.0,4,2.03,0.15969371795654297,48,0.15748313069343567,65
4,MCF7,6.0,A199,1,1,90.0,4,2.08,0.18335038423538208,49,0.18012107908725739,72
4,MCF7,6.0,A199,1,1,90.0,4,2.13,0.14345622062683105,60,0.14510533213615417,81
4,MCF7,6.0,A199,1,1,90.0,4,2.18,0.15566641092300415,53,0.15237195789813995,65
4,MCF7,6.0,A199,1,1,90.0,4,2.23,0.16410265862941742,47,0.16861958801746368,66
4,MCF7,6.0,A199,1,1,90.0,4,2.28,0.1905863732099533,57,0.18640437722206116,71
4,MCF7,6.0,A199,1,1,90.0,4,2.33,0.1865321695804596,61,0.1866135150194168,74
4,MCF7,6.0,A199,1,1,90.0,4,2.38,0.17136511206626892,42,0.17780335247516632,56
4,MCF7,6.0,A199,1,1,90.0,4,2.43,0.17873571813106537,37,0.17486071586608887,48
4,MCF7,6.0,A199,1,1,90.0,4,2.48,0.20034465193748474,36,0.195128932595253,51
4,MCF7,6.0,A199,1,1,90.0,4,2.53,0.19157405197620392,30,0.1881668120622635,37
4,MCF7,6.0,A199,1,1,90.0,4,2.58,0.20156538486480713,37,0.1957787126302719,49
4,MCF7,6.0,A199,1,1,90.0,4,2.63,0.18298795819282532,32,0.17583797872066498,45
4,MCF7,6.0,A199,1,1,90.0,4,2.68,0.19743967056274414,36,0.19994217157363892,46
4,MCF7,6.0,A199,1,1,90.0,4,2.73,0.20900064706802368,32,0.20542065799236298,42
4,MCF7,6.0,A199,1,1,90.0,4,2.78,0.1957167088985443,30,0.19676515460014343,41
4,MCF7,6.0,A199,1,1,90.0,4,2.83,0.19752125442028046,41,0.1993350088596344,45
4,MCF7,6.0,A199,1,1,90.0,4,2.88,0.1996764838695526,33,0.19857536256313324,41
4,MCF7,6.0,A199,1,1,90.0,4,2.93,0.20869731903076172,31,0.20109380781650543,37
4,MCF7,6.0,A199,1,1,90.0,4,2.98,0.20470832288265228,28,0.20370934903621674,34
4,MCF7,6.0,A199,1,1,90.0,4,3.03,0.23549267649650574,32,0.2235354632139206,38
4,MCF7,6.0,A199,1,1,90.0,4,3.08,0.20955505967140198,42,0.21072407066822052,44
4,MCF7,6.0,A199,1,1,90.0,4,3.13,0.23123836517333984,21,0.23288774490356445,25
4,MCF7,6.0,A199,1,1,90.0,4,3.18,0.2121080607175827,19,0.22104252874851227,23
4,MCF7,6.0,A199,1,1,90.0,4,3.23,0.19454525411128998,22,0.19090339541435242,25
4,MCF7,6.0,A199,1,1,90.0,4,3.28,0.21690456569194794,25,0.2175118327140808,29
4,MCF7,6.0,A199,1,1,90.0,4,3.33,0.18865065276622772,20,0.19031567871570587,23
4,MCF7,6.0,A199,1,1,90.0,4,3.38,0.22905726730823517,21,0.22116781771183014,25
4,MCF7,6.0,A199,1,1,90.0,4,3.43,0.22684897482395172,13,0.2308511734008789,18
4,MCF7,6.0,A199,1,1,90.0,4,3.48,0.22664092481136322,23,0.22394365072250366,30
4,MCF7,6.0,A199,1,1,90.0,4,3.53,0.2098282277584076,16,0.21417348086833954,21
4,MCF7,6.0,A199,1,1,90.0,4,3.58,0.23804490268230438,12,0.23045024275779724,15
4,MCF7,6.0,A199,1,1,90.0,4,3.63,0.23457185924053192,16,0.2334938794374466,19
4,MCF7,6.0,A199,1,1,90.0,4,3.68,0.2314337193965912,16,0.23151427507400513,18
4,MCF7,6.0,A199,1,1,90.0,4,3.73,0.21657197177410126,15,0.20956683158874512,20
4,MCF7,6.0,A199,1,1,90.0,4,3.78,0.17996332049369812,10,0.21477890014648438,17
4,MCF7,6.0,A199,1,1,90.0,4,3.83,0.224753737449646,10,0.22380225360393524,15
4,MCF7,6.0,A199,1,1,90.0,4,3.88,0.2173483520746231,14,0.21020275354385376,15
4,MCF7,6.0,A199,1,1,90.0,4,3.93,0.2064749002456665,9,0.21624913811683655,10
4,MCF7,6.0,A199,1,1,90.0,4,3.98,0.20772910118103027,14,0.2229221910238266,18
4,MCF7,6.0,A199,1,1,90.0,4,4.03,0.17618250846862793,10,0.17618250846862793,10
4,MCF7,6.0,A199,1,1,90.0,4,4.08,0.26491519808769226,10,0.2512062191963196,13
4,MCF7,6.0,A199,1,1,90.0,4,4.13,0.25648564100265503,8,0.26724526286125183,12
4,MCF7,6.0,A199,1,1,90.0,4,4.18,0.18822656571865082,6,,8
4,MCF7,6.0,A199,1,1,90.0,4,4.23,0.21507032215595245,10,0.21972528100013733,11
4,MCF7,6.0,A199,1,1,90.0,4,4.28,0.23661553859710693,6,,7
4,MCF7,6.0,A199,1,1,90.0,4,4.33,0.19630226492881775,13,0.19975048303604126,15
4,MCF7,6.0,A199,1,1,90.0,4,4.38,0.226056769490242,12,0.22554203867912292,13
4,MCF7,6.0,A199,1,1,90.0,4,4.43,0.20391474664211273,7,,9
4,MCF7,6.0,A199,1,1,90.0,4,4.53,0.21528568863868713,11,0.21528568863868713,11
4,MCF7,6.0,A199,1,1,90.0,4,4.58,0.2071399688720703,6,,6
4,MCF7,6.0,A199,1,1,90.0,4,4.63,,4,,7
4,MCF7,6.0,A199,1,1,90.0,4,4.68,0.20563241839408875,5,,7
4,MCF7,6.0,A199,1,1,90.0,4,4.78,0.21503496170043945,8,,8
4,MCF7,6.0,A199,1,1,90.0,4,4.93,0.18352560698986053,5,,6
4,MCF7,6.0,A199,1,1,90.0,4,5.08,0.1976744681596756,6,,6
1,MCF7,6.0,A199,10,1,90.0,1,0.21,,0,0.031642355024814606,471
1,MCF7,6.0,A199,10,1,90.0,1,0.26,,0,0.03421701490879059,2134
1,MCF7,6.0,A199,10,1,90.0,1,0.31,,0,0.0377848856151104,2898
1,MCF7,6.0,A199,10,1,90.0,1,0.36,,0,0.04205634817481041,2678
1,MCF7,6.0,A199,10,1,90.0,1,0.41,,0,0.047775186598300934,1667
1,MCF7,6.0,A199,10,1,90.0,1,0.46,,0,0.05671057477593422,1146
1,MCF7,6.0,A199,10,1,90.0,1,0.51,,0,0.06468477100133896,855
1,MCF7,6.0,A199,10,1,90.0,1,0.56,,0,0.06623347848653793,601
1,MCF7,6.0,A199,10,1,90.0,1,0.61,0.10658221691846848,7,0.0679924339056015,509
1,MCF7,6.0,A199,10,1,90.0,1,0.66,0.11793361604213715,13,0.07314781844615936,396
1,MCF7,6.0,A199,10,1,90.0,1,0.71,0.10037513822317123,14,0.07472123205661774,361
1,MCF7,6.0,A199,10,1,90.0,1,0.76,0.09847432374954224,46,0.08729548752307892,512
1,MCF7,6.0,A199,10,1,90.0,1,0.81,0.0951123833656311,94,0.08913633972406387,681
1,MCF7,6.0,A199,10,1,90.0,1,0.86,0.09845852851867676,147,0.09531176835298538,686
1,MCF7,6.0,A199,10,1,90.0,1,0.91,0.10690918564796448,293,0.1026669442653656,683
1,MCF7,6.0,A199,10,1,90.0,1,0.96,0.11116635799407959,414,0.1084430068731308,689
1,MCF7,6.0,A199,10,1,90.0,1,1.01,0.11315441131591797,375,0.10792408883571625,526
1,MCF7,6.0,A199,10,1,90.0,1,1.06,0.1145264208316803,312,0.11031459271907806,370
1,MCF7,6.0,A199,10,1,90.0,1,1.11,0.11652685701847076,326,0.1147172749042511,348
1,MCF7,6.0,A199,10,1,90.0,1,1.16,0.1176808699965477,342,0.11711053550243378,353
1,MCF7,6.0,A199,10,1,90.0,1,1.21,0.12385540455579758,241,0.12216570228338242,251
1,MCF7,6.0,A199,10,1,90.0,1,1.26,0.12599587440490723,158,0.12599587440490723,158
1,MCF7,6.0,A199,10,1,90.0,1,1.31,0.13103316724300385,100,0.13103316724300385,100
1,MCF7,6.0,A199,10,1,90.0,1,1.36,0.1320538967847824,81,0.1320538967847824,81
1,MCF7,6.0,A199,10,1,90.0,1,1.41,0.13928158581256866,65,0.13928158581256866,65
1,MCF7,6.0,A199,10,1,90.0,1,1.46,0.14420539140701294,51,0.14420539140701294,51
1,MCF7,6.0,A199,10,1,90.0,1,1.51,0.14254041016101837,55,0.14254041016101837,55
1,MCF7,6.0,A199,10,1,90.0,1,1.56,0.14387203752994537,35,0.14387203752994537,35
1,MCF7,6.0,A199,10,1,90.0,1,1.61,0.1472126692533493,26,0.1472126692533493,26
1,MCF7,6.0,A199,10,1,90.0,1,1.66,0.1389252096414566,11,0.1389252096414566,11
2,MCF7,6.0,A199,10,1,90.0,2,0.0,,0,0.0,12
2,MCF7,6.0,A199,10,1,90.0,2,0.05,,0,0.01710566133260727,97
2,MCF7,6.0,A199,10,1,90.0,2,0.1,,0,0.021803265437483788,2558
2,MCF7,6.0,A199,10,1,90.0,2,0.15,,0,0.026586569845676422,5328
2,MCF7,6.0,A199,10,1,90.0,2,0.2,,0,0.032483700662851334,3680
2,MCF7,6.0,A199,10,1,90.0,2,0.25,,0,0.03993000462651253,2723
2,MCF7,6.0,A199,10,1,90.0,2,0.3,,0,0.04844585433602333,2302
2,MCF7,6.0,A199,10,1,90.0,2,0.35,,0,0.055509693920612335,2196
2,MCF7,6.0,A199,10,1,90.0,2,0.4,,0,0.062201350927352905,1723
2,MCF7,6.0,A199,10,1,90.0,2,0.45,,0,0.06693091243505478,1431
2,MCF7,6.0,A199,10,1,90.0,2,0.5,0.05601728335022926,17,0.07328704744577408,1245
2,MCF7,6.0,A199,10,1,90.0,2,0.55,0.058372657746076584,28,0.07887094467878342,1053
2,MCF7,6.0,A199,10,1,90.0,2,0.6,0.06844398379325867,73,0.08339402824640274,881
2,MCF7,6.0,A199,10,1,90.0,2,0.65,0.07700521498918533,112,0.09145816415548325,674
2,MCF7,6.0,A199,10,1,90.0,2,0.7,0.08519904315471649,189,0.0962485522031784,637
2,MCF7,6.0,A199,10,1,90.0,2,0.75,0.09672761708498001,200,0.10549114644527435,543
2,MCF7,6.0,A199,10,1,90.0,2,0.8,0.10203797370195389,200,0.10922176390886307,493
2,MCF7,6.0,A199,10,1,90.0,2,0.85,0.11543025821447372,203,0.12083140760660172,410
2,MCF7,6.0,A199,10,1,90.0,2,0.9,0.12304473668336868,214,0.1290709376335144,378
2,MCF7,6.0,A199,10,1,90.0,2,0.95,0.13133208453655243,245,0.13665840029716492,374
2,MCF7,6.0,A199,10,1,90.0,2,1.0,0.13644349575042725,227,0.14044055342674255,302
2,MCF7,6.0,A199,10,1,90.0,2,1.05,0.1399214118719101,236,0.1420358419418335,293
2,MCF7,6.0,A199,10,1,90.0,2,1.1,0.14664241671562195,258,0.14756742119789124,285
2,MCF7,6.0,A199,10,1,90.0,2,1.15,0.15067759156227112,230,0.1507842093706131,249
2,MCF7,6.0,A199,10,1,90.0,2,1.2,0.15855686366558075,183,0.160066619515419,192
2,MCF7,6.0,A199,10,1,90.0,2,1.25,0.15853016078472137,155,0.15918025374412537,163
2,MCF7,6.0,A199,10,1,90.0,2,1.3,0.15957242250442505,117,0.16044273972511292,123
2,MCF7,6.0,A199,10,1,90.0,2,1.35,0.16243022680282593,89,0.16354885697364807,95
2,MCF7,6.0,A199,10,1,90.0,2,1.4,0.15988798439502716,65,0.1613684594631195,68
2,MCF7,6.0,A199,10,1,90.0,2,1.45,0.1602124124765396,45,0.16020159423351288,46
2,MCF7,6.0,A199,10,1,90.0,2,1.5,0.17046813666820526,25,0.17046813666820526,25
2,MCF7,6.0,A199,10,1,90.0,2,1.55,0.1712837517261505,21,0.18121251463890076,23
2,MCF7,6.0,A199,10,1,90.0,2,1.6,0.16062012314796448,18,0.15987136960029602,20
2,MCF7,6.0,A199,10,1,90.0,2,1.65,0.1737462878227234,13,0.17664939165115356,15
2,MCF7,6.0,A199,10,1,90.0,2,1.7,0.1715162694454193,11,0.1715162694454193,11
2,MCF7,6.0,A199,10,1,90.0,2,1.9,0.17762048542499542,6,,6
3,MCF7,6.0,A199,10,1,90.0,3,0.12,0.03195533528923988,196,0.03222843259572983,199
3,MCF7,6.0,A199,10,1,90.0,3,0.17,0.034032292664051056,1208,0.03925545886158943,1784
3,MCF7,6.0,A199,10,1,90.0,3,0.22,0.030831435695290565,1109,0.03825848549604416,2386
3,MCF7,6.0,A199,10,1,90.0,3,0.27,0.03157738596200943,1061,0.03379736840724945,1959
3,MCF7,6.0,A199,10,1,90.0,3,0.32,0.03650963678956032,729,0.036195795983076096,1556
3,MCF7,6.0,A199,10,1,90.0,3,0.37,0.04043532907962799,731,0.03784675896167755,1614
3,MCF7,6.0,A199,10,1,90.0,3,0.42,0.03894370049238205,418,0.03532415255904198,1464
3,MCF7,6.0,A199,10,1,90.0,3,0.47,0.04062781482934952,213,0.039189405739307404,1657
3,MCF7,6.0,A199,10,1,90.0,3,0.52,0.040842391550540924,260,0.04215407371520996,1723
3,MCF7,6.0,A199,10,1,90.0,3,0.57,0.04126277565956116,192,0.0446137972176075,1118
3,MCF7,6.0,A199,10,1,90.0,3,0.62,0.04164661467075348,35,0.05211104452610016,359
3,MCF7,6.0,A199,10,1,90.0,3,0.67,0.037123192101716995,9,0.057928234338760376,134
3,MCF7,6.0,A199,10,1,90.0,3,0.72,0.05236582085490227,7,0.06036587804555893,69
3,MCF7,6.0,A199,10,1,90.0,3,0.77,0.03561199828982353,6,0.056479569524526596,23
1,MCF7,6.0,A199,11,1,90.0,1,0.0,,0,0.0,15
1,MCF7,6.0,A199,11,1,90.0,1,0.15,0.022073233500123024,543,0.02204800583422184,545
1,MCF7,6.0,A199,11,1,90.0,1,0.2,0.025020485743880272,4016,0.024955904111266136,4125
1,MCF7,6.0,A199,11,1,90.0,1,0.25,0.028088847175240517,2244,0.026801126077771187,3240
1,MCF7,6.0,A199,11,1,90.0,1,0.3,0.029179353266954422,691,0.028053710237145424,2324
1,MCF7,6.0,A199,11,1,90.0,1,0.35,0.027413835749030113,122,0.03120671957731247,1857
1,MCF7,6.0,A199,11,1,90.0,1,0.4,0.023679375648498535,6,0.03488747775554657,1601
1,MCF7,6.0,A199,11,1,90.0,1,0.45,,0,0.03793026879429817,1479
1,MCF7,6.0,A199,11,1,90.0,1,0.5,,0,0.041624460369348526,1160
1,MCF7,6.0,A199,11,1,90.0,1,0.55,,0,0.048438724130392075,864
1,MCF7,6.0,A199,11,1,90.0,1,0.6,,0,0.04895436018705368,558
1,MCF7,6.0,A199,11,1,90.0,1,0.65,,0,0.06264708936214447,342
1,MCF7,6.0,A199,11,1,90.0,1,0.7,,0,0.06921360641717911,212
1,MCF7,6.0,A199,11,1,90.0,1,0.75,,0,0.0669219121336937,132
1,MCF7,6.0,A199,11,1,90.0,1,0.8,,0,0.07323312759399414,59
1,MCF7,6.0,A199,11,1,90.0,1,0.85,,0,0.08154236525297165,42
1,MCF7,6.0,A199,11,1,90.0,1,0.9,,0,0.10017520189285278,21
1,MCF7,6.0,A199,11,1,90.0,1,0.95,,0,0.11810088157653809,15
1,MCF7,6.0,A199,11,1,90.0,1,1.0,,0,,8
2,MCF7,6.0,A199,11,1,90.0,2,0.02,,0,0.011352002620697021,771
2,MCF7,6.0,A199,11,1,90.0,2,0.07,0.009295961819589138,227,0.014039467088878155,4546
2,MCF7,6.0,A199,11,1,90.0,2,0.12,0.017829565331339836,1352,0.022841639816761017,2447
2,MCF7,6.0,A199,11,1,90.0,2,0.17,0.02399892359972,1472,0.028795545920729637,1932
2,MCF7,6.0,A199,11,1,90.0,2,0.22,0.03246043995022774,1168,0.038572683930397034,1617
2,MCF7,6.0,A199,11,1,90.0,2,0.27,0.03761114925146103,626,0.04999144747853279,1218
2,MCF7,6.0,A199,11,1,90.0,2,0.32,0.04106156900525093,364,0.059810809791088104,961
2,MCF7,6.0,A199,11,1,90.0,2,0.37,0.05129261687397957,349,0.06771999597549438,759
2,MCF7,6.0,A199,11,1,90.0,2,0.42,0.05773265287280083,317,0.06868202984333038,460
2,MCF7,6.0,A199,11,1,90.0,2,0.47,0.06606748700141907,90,0.07496657967567444,135
2,MCF7,6.0,A199,11,1,90.0,2,0.52,0.07720385491847992,8,0.08806383609771729,18
3,MCF7,6.0,A199,11,1,90.0,3,0.14,,0,0.01899329200387001,184
3,MCF7,6.0,A199,11,1,90.0,3,0.19,0.034710001200437546,62,0.02661207690834999,1259
3,MCF7,6.0,A199,11,1,90.0,3,0.24,0.04320967197418213,878,0.0446249283850193,3002
3,MCF7,6.0,A199,11,1,90.0,3,0.29,0.05577173829078674,3860,0.05900735408067703,6195
3,MCF7,6.0,A199,11,1,90.0,3,0.34,0.06118553504347801,846,0.06462640315294266,1262
3,MCF7,6.0,A199,11,1,90.0,3,0.39,0.06512264162302017,16,0.06856592744588852,18
4,MCF7,6.0,A199,11,1,90.0,4,0.04,0.02528146095573902,121,0.028142143040895462,1668
4,MCF7,6.0,A199,11,1,90.0,4,0.09,0.0256033968180418,1579,0.02383773773908615,5608
4,MCF7,6.0,A199,11,1,90.0,4,0.14,0.024456685408949852,1012,0.021859675645828247,1850
4,MCF7,6.0,A199,11,1,90.0,4,0.19,0.02753838710486889,500,0.024630151689052582,793
4,MCF7,6.0,A199,11,1,90.0,4,0.24,0.028883034363389015,281,0.023863915354013443,602
4,MCF7,6.0,A199,11,1,90.0,4,0.29,0.03264765068888664,240,0.023732496425509453,584
4,MCF7,6.0,A199,11,1,90.0,4,0.34,0.03271152079105377,231,0.02438024803996086,498
4,MCF7,6.0,A199,11,1,90.0,4,0.39,0.03557397052645683,243,0.029850652441382408,311
4,MCF7,6.0,A199,11,1,90.0,4,0.44,0.03368304669857025,197,0.032352544367313385,210
4,MCF7,6.0,A199,11,1,90.0,4,0.49,0.038505759090185165,208,0.03823260962963104,211
4,MCF7,6.0,A199,11,1,90.0,4,0.54,0.039021119475364685,216,0.038989827036857605,217
4,MCF7,6.0,A199,11,1,90.0,4,0.59,0.03639359027147293,103,0.03639359027147293,103
4,MCF7,6.0,A199,11,1,90.0,4,0.64,0.035763125866651535,43,0.035763125866651535,43
4,MCF7,6.0,A199,11,1,90.0,4,0.69,0.033131517469882965,19,0.033131517469882965,19
5,MCF7,6.0,A199,11,1,90.0,5,0.05,,0,0.023620327934622765,53
5,MCF7,6.0,A199,11,1,90.0,5,0.1,,0,0.027886679396033287,2044
5,MCF7,6.0,A199,11,1,90.0,5,0.15,0.03415118157863617,628,0.03280734643340111,5235
5,MCF7,6.0,A199,11,1,90.0,5,0.2,0.04318958893418312,1035,0.042497869580984116,1883
5,MCF7,6.0,A199,11,1,90.0,5,0.25,0.04724929854273796,21,0.04031507670879364,77
5,MCF7,6.0,A199,11,1,90.0,5,0.3,,3,0.03551897406578064,16
6,MCF7,6.0,A199,11,1,90.0,6,0.08,,0,0.020681070163846016,113
6,MCF7,6.0,A199,11,1,90.0,6,0.13,,0,0.027725456282496452,2350
6,MCF7,6.0,A199,11,1,90.0,6,0.18,0.02161412499845028,25,0.031171446666121483,3849
6,MCF7,6.0,A199,11,1,90.0,6,0.23,0.02589893341064453,85,0.033648110926151276,1792
6,MCF7,6.0,A199,11,1,90.0,6,0.28,0.02890656515955925,124,0.04138718917965889,1464
6,MCF7,6.0,A199,11,1,90.0,6,0.33,0.039248645305633545,202,0.05401388928294182,2122
6,MCF7,6.0,A199,11,1,90.0,6,0.38,0.05012423172593117,917,0.06023548170924187,2150
6,MCF7,6.0,A199,11,1,90.0,6,0.43,0.056644126772880554,2123,0.06223523989319801,2625
6,MCF7,6.0,A199,11,1,90.0,6,0.48,0.06258421391248703,2050,0.06549837440252304,2273
6,MCF7,6.0,A199,11,1,90.0,6,0.53,0.06665369123220444,1034,0.06841465085744858,1090
6,MCF7,6.0,A199,11,1,90.0,6,0.58,0.07190735638141632,413,0.0728670135140419,437
6,MCF7,6.0,A199,11,1,90.0,6,0.63,0.07936836034059525,167,0.07972680777311325,174
6,MCF7,6.0,A199,11,1,90.0,6,0.68,0.07688083499670029,97,0.07756286859512329,101
6,MCF7,6.0,A199,11,1,90.0,6,0.73,0.07470962405204773,67,0.07551244646310806,70
6,MCF7,6.0,A199,11,1,90.0,6,0.78,0.08587948977947235,31,0.08587948977947235,31
6,MCF7,6.0,A199,11,1,90.0,6,0.83,0.06963828951120377,15,0.06963828951120377,15
6,MCF7,6.0,A199,11,1,90.0,6,0.88,0.0668054148554802,18,0.0668054148554802,18
6,MCF7,6.0,A199,11,1,90.0,6,0.93,0.06240900605916977,11,0.06240900605916977,11
1,MCF7,6.0,A199,12,1,90.0,1,0.0,,4,0.0002545537718106061,1995
1,MCF7,6.0,A199,12,1,90.0,1,0.05,0.08401109278202057,1734,0.08599007874727249,12354
1,MCF7,6.0,A199,12,1,90.0,1,0.1,0.0893702358007431,4380,0.08891977369785309,14508
1,MCF7,6.0,A199,12,1,90.0,1,0.15,0.1003357544541359,1381,0.09832093119621277,2239
1,MCF7,6.0,A199,12,1,90.0,1,0.2,0.1047939881682396,540,0.10465127229690552,582
1,MCF7,6.0,A199,12,1,90.0,1,0.25,0.11097763478755951,251,0.11099927872419357,253
1,MCF7,6.0,A199,12,1,90.0,1,0.3,0.11338092386722565,208,0.11338092386722565,208
1,MCF7,6.0,A199,12,1,90.0,1,0.35,0.11501886695623398,91,0.11501886695623398,91
1,MCF7,6.0,A199,12,1,90.0,1,0.4,0.11685242503881454,56,0.11685242503881454,56
1,MCF7,6.0,A199,12,1,90.0,1,0.45,0.12459303438663483,20,0.12459303438663483,20
1,MCF7,6.0,A199,12,1,90.0,1,0.5,0.12642119824886322,8,,8
1,MCF7,6.0,A199,12,1,90.0,1,0.55,0.11410496383905411,6,,6
2,MCF7,6.0,A199,12,1,90.0,2,0.17,,4,0.09532798081636429,22
2,MCF7,6.0,A199,12,1,90.0,2,0.22,0.08920793235301971,33,0.10135745257139206,476
2,MCF7,6.0,A199,12,1,90.0,2,0.27,0.08715634047985077,178,0.1022355929017067,1947
2,MCF7,6.0,A199,12,1,90.0,2,0.32,0.09076238423585892,192,0.10659416019916534,2497
2,MCF7,6.0,A199,12,1,90.0,2,0.37,0.09928178042173386,202,0.10816599428653717,2186
2,MCF7,6.0,A199,12,1,90.0,2,0.42,0.11085136979818344,247,0.11309836059808731,1860
2,MCF7,6.0,A199,12,1,90.0,2,0.47,0.11540524661540985,236,0.11582481861114502,1382
2,MCF7,6.0,A199,12,1,90.0,2,0.52,0.11943699419498444,238,0.11597975343465805,940
2,MCF7,6.0,A199,12,1,90.0,2,0.57,0.11812098324298859,242,0.11670716106891632,761
2,MCF7,6.0,A199,12,1,90.0,2,0.62,0.12225985527038574,230,0.11685504764318466,708
2,MCF7,6.0,A199,12,1,90.0,2,0.67,0.1201980710029602,251,0.11432192474603653,729
2,MCF7,6.0,A199,12,1,90.0,2,0.72,0.12153023481369019,232,0.11374187469482422,659
2,MCF7,6.0,A199,12,1,90.0,2,0.77,0.12587372958660126,248,0.11852291971445084,664
2,MCF7,6.0,A199,12,1,90.0,2,0.82,0.12994974851608276,206,0.12185733765363693,611
2,MCF7,6.0,A199,12,1,90.0,2,0.87,0.13089238107204437,216,0.12469068169593811,553
2,MCF7,6.0,A199,12,1,90.0,2,0.92,0.13432161509990692,217,0.12755945324897766,512
2,MCF7,6.0,A199,12,1,90.0,2,0.97,0.14090657234191895,257,0.13635943830013275,471
2,MCF7,6.0,A199,12,1,90.0,2,1.02,0.13710340857505798,265,0.13474008440971375,405
2,MCF7,6.0,A199,12,1,90.0,2,1.07,0.14335905015468597,255,0.14245879650115967,367
2,MCF7,6.0,A199,12,1,90.0,2,1.12,0.14500296115875244,238,0.14413858950138092,335
2,MCF7,6.0,A199,12,1,90.0,2,1.17,0.14584550261497498,218,0.146036297082901,279
2,MCF7,6.0,A199,12,1,90.0,2,1.22,0.15003284811973572,196,0.1493581384420395,237
2,MCF7,6.0,A199,12,1,90.0,2,1.27,0.15422530472278595,175,0.15412934124469757,195
2,MCF7,6.0,A199,12,1,90.0,2,1.32,0.1540520340204239,173,0.15346859395503998,188
2,MCF7,6.0,A199,12,1,90.0,2,1.37,0.1670527309179306,130,0.16683807969093323,136
2,MCF7,6.0,A199,12,1,90.0,2,1.42,0.17111793160438538,126,0.1712513566017151,128
2,MCF7,6.0,A199,12,1,90.0,2,1.47,0.1687202900648117,151,0.16752801835536957,157
2,MCF7,6.0,A199,12,1,90.0,2,1.52,0.16615858674049377,150,0.16606077551841736,151
2,MCF7,6.0,A199,12,1,90.0,2,1.57,0.17366546392440796,147,0.1732671558856964,153
2,MCF7,6.0,A199,12,1,90.0,2,1.62,0.1766776591539383,153,0.17690427601337433,156
2,MCF7,6.0,A199,12,1,90.0,2,1.67,0.1833261251449585,171,0.18355333805084229,172
2,MCF7,6.0,A199,12,1,90.0,2,1.72,0.17891953885555267,145,0.17993773519992828,147
2,MCF7,6.0,A199,12,1,90.0,2,1.77,0.18734778463840485,126,0.18734778463840485,126
2,MCF7,6.0,A199,12,1,90.0,2,1.82,0.18853548169136047,118,0.18863113224506378,121
2,MCF7,6.0,A199,12,1,90.0,2,1.87,0.19005775451660156,115,0.18988539278507233,117
2,MCF7,6.0,A199,12,1,90.0,2,1.92,0.1848006397485733,86,0.18436910212039948,87
2,MCF7,6.0,A199,12,1,90.0,2,1.97,0.1875414401292801,82,0.1869763731956482,83
2,MCF7,6.0,A199,12,1,90.0,2,2.02,0.1939612179994583,96,0.1939612179994583,96
2,MCF7,6.0,A199,12,1,90.0,2,2.07,0.19008079171180725,72,0.18926866352558136,73
2,MCF7,6.0,A199,12,1,90.0,2,2.12,0.1924329549074173,61,0.19215914607048035,62
2,MCF7,6.0,A199,12,1,90.0,2,2.17,0.1836475282907486,52,0.1836475282907486,52
2,MCF7,6.0,A199,12,1,90.0,2,2.22,0.19610005617141724,42,0.19610005617141724,42
2,MCF7,6.0,A199,12,1,90.0,2,2.27,0.1952388882637024,44,0.19525207579135895,45
2,MCF7,6.0,A199,12,1,90.0,2,2.32,0.20346006751060486,41,0.20346006751060486,41
2,MCF7,6.0,A199,12,1,90.0,2,2.37,0.1814882755279541,35,0.1814882755279541,35
2,MCF7,6.0,A199,12,1,90.0,2,2.42,0.19211310148239136,34,0.19211310148239136,34
2,MCF7,6.0,A199,12,1,90.0,2,2.47,0.19009840488433838,25,0.19009840488433838,25
2,MCF7,6.0,A199,12,1,90.0,2,2.52,0.22254899144172668,17,0.22254899144172668,17
2,MCF7,6.0,A199,12,1,90.0,2,2.57,0.1975095570087433,17,0.1975095570087433,17
2,MCF7,6.0,A199,12,1,90.0,2,2.62,0.19625912606716156,14,0.19625912606716156,14
2,MCF7,6.0,A199,12,1,90.0,2,2.67,0.19165121018886566,22,0.19165121018886566,22
2,MCF7,6.0,A199,12,1,90.0,2,2.72,0.20506039261817932,26,0.20506039261817932,26
2,MCF7,6.0,A199,12,1,90.0,2,2.77,0.20497821271419525,17,0.20497821271419525,17
2,MCF7,6.0,A199,12,1,90.0,2,2.82,0.20429040491580963,15,0.20429040491580963,15
2,MCF7,6.0,A199,12,1,90.0,2,2.87,0.19474470615386963,17,0.19474470615386963,17
2,MCF7,6.0,A199,12,1,90.0,2,2.92,0.22373121976852417,11,0.22373121976852417,11
2,MCF7,6.0,A199,12,1,90.0,2,2.97,0.19149138033390045,14,0.19149138033390045,14
2,MCF7,6.0,A199,12,1,90.0,2,3.02,0.17779316008090973,13,0.17779316008090973,13
2,MCF7,6.0,A199,12,1,90.0,2,3.07,0.21790847182273865,8,,8
2,MCF7,6.0,A199,12,1,90.0,2,3.12,0.20329628884792328,13,0.20329628884792328,13
2,MCF7,6.0,A199,12,1,90.0,2,3.17,0.19763244688510895,11,0.19763244688510895,11
2,MCF7,6.0,A199,12,1,90.0,2,3.22,0.19206228852272034,14,0.19206228852272034,14
2,MCF7,6.0,A199,12,1,90.0,2,3.27,0.1895962655544281,10,0.1895962655544281,10
2,MCF7,6.0,A199,12,1,90.0,2,3.32,0.20151381194591522,6,,6
2,MCF7,6.0,A199,12,1,90.0,2,3.37,0.16475969552993774,8,,8
2,MCF7,6.0,A199,12,1,90.0,2,3.42,0.22303397953510284,7,,7
2,MCF7,6.0,A199,12,1,90.0,2,3.47,0.17456108331680298,8,,8
2,MCF7,6.0,A199,12,1,90.0,2,3.52,0.16412454843521118,6,,6
2,MCF7,6.0,A199,12,1,90.0,2,3.57,0.18878141045570374,8,,8
2,MCF7,6.0,A199,12,1,90.0,2,3.62,0.18495158851146698,9,,9
2,MCF7,6.0,A199,12,1,90.0,2,3.67,0.1893337219953537,11,0.1893337219953537,11
2,MCF7,6.0,A199,12,1,90.0,2,3.82,0.1701953113079071,8,,8
2,MCF7,6.0,A199,12,1,90.0,2,3.87,0.15284939110279083,7,,7
2,MCF7,6.0,A199,12,1,90.0,2,3.92,0.14695851504802704,9,,9
2,MCF7,6.0,A199,12,1,90.0,2,4.02,0.16901248693466187,8,,8
2,MCF7,6.0,A199,12,1,90.0,2,4.12,0.12795941531658173,9,,9
2,MCF7,6.0,A199,12,1,90.0,2,4.27,0.23845221102237701,6,,6
3,MCF7,6.0,A199,12,1,90.0,3,0.35,,2,0.12215500324964523,26
3,MCF7,6.0,A199,12,1,90.0,3,0.4,0.09553489089012146,12,0.12040471285581589,149
3,MCF7,6.0,A199,12,1,90.0,3,0.45,0.10320442914962769,31,0.12011740356683731,391
3,MCF7,6.0,A199,12,1,90.0,3,0.5,0.10471110790967941,58,0.12724339962005615,801
3,MCF7,6.0,A199,12,1,90.0,3,0.55,0.11095733940601349,79,0.1294267624616623,1178
3,MCF7,6.0,A199,12,1,90.0,3,0.6,0.12492122501134872,203,0.13286274671554565,1638
3,MCF7,6.0,A199,12,1,90.0,3,0.65,0.13333255052566528,275,0.1384909749031067,1908
3,MCF7,6.0,A199,12,1,90.0,3,0.7,0.13967488706111908,329,0.1420505940914154,2210
3,MCF7,6.0,A199,12,1,90.0,3,0.75,0.1362096071243286,364,0.14620821177959442,2201
3,MCF7,6.0,A199,12,1,90.0,3,0.8,0.13726937770843506,388,0.14844831824302673,1996
3,MCF7,6.0,A199,12,1,90.0,3,0.85,0.13912804424762726,410,0.15361571311950684,1835
3,MCF7,6.0,A199,12,1,90.0,3,0.9,0.14265874028205872,435,0.15563219785690308,1622
3,MCF7,6.0,A199,12,1,90.0,3,0.95,0.1483396738767624,402,0.1590237021446228,1307
3,MCF7,6.0,A199,12,1,90.0,3,1.0,0.15216025710105896,374,0.163407102227211,1056
3,MCF7,6.0,A199,12,1,90.0,3,1.05,0.15370610356330872,360,0.1657329797744751,825
3,MCF7,6.0,A199,12,1,90.0,3,1.1,0.1566331833600998,333,0.16461710631847382,629
3,MCF7,6.0,A199,12,1,90.0,3,1.15,0.15791566669940948,274,0.16732431948184967,457
3,MCF7,6.0,A199,12,1,90.0,3,1.2,0.16296830773353577,236,0.16913947463035583,374
3,MCF7,6.0,A199,12,1,90.0,3,1.25,0.16646303236484528,228,0.17090262472629547,321
3,MCF7,6.0,A199,12,1,90.0,3,1.3,0.16719722747802734,249,0.17032836377620697,307
3,MCF7,6.0,A199,12,1,90.0,3,1.35,0.17680500447750092,227,0.17634044587612152,292
3,MCF7,6.0,A199,12,1,90.0,3,1.4,0.17246133089065552,216,0.17389586567878723,273
3,MCF7,6.0,A199,12,1,90.0,3,1.45,0.17673727869987488,199,0.17647305130958557,234
3,MCF7,6.0,A199,12,1,90.0,3,1.5,0.1794217973947525,202,0.17933999001979828,233
3,MCF7,6.0,A199,12,1,90.0,3,1.55,0.1853514164686203,181,0.18561182916164398,208
3,MCF7,6.0,A199,12,1,90.0,3,1.6,0.18041691184043884,148,0.17971834540367126,175
3,MCF7,6.0,A199,12,1,90.0,3,1.65,0.18433138728141785,175,0.18336376547813416,188
3,MCF7,6.0,A199,12,1,90.0,3,1.7,0.19581277668476105,136,0.19336071610450745,150
3,MCF7,6.0,A199,12,1,90.0,3,1.75,0.19930018484592438,135,0.19669198989868164,150
3,MCF7,6.0,A199,12,1,90.0,3,1.8,0.1963518112897873,98,0.19721584022045135,108
3,MCF7,6.0,A199,12,1,90.0,3,1.85,0.19609788060188293,102,0.19432412087917328,113
3,MCF7,6.0,A199,12,1,90.0,3,1.9,0.20999081432819366,95,0.20894716680049896,102
3,MCF7,6.0,A199,12,1,90.0,3,1.95,0.21230362355709076,113,0.2113485485315323,117
3,MCF7,6.0,A199,12,1,90.0,3,2.0,0.20830890536308289,84,0.20700950920581818,87
3,MCF7,6.0,A199,12,1,90.0,3,2.05,0.21398933231830597,83,0.21398933231830597,83
3,MCF7,6.0,A199,12,1,90.0,3,2.1,0.21206125617027283,93,0.21216709911823273,96
3,MCF7,6.0,A199,12,1,90.0,3,2.15,0.2201588898897171,98,0.21955129504203796,101
3,MCF7,6.0,A199,12,1,90.0,3,2.2,0.2205718457698822,76,0.2205718457698822,76
3,MCF7,6.0,A199,12,1,90.0,3,2.25,0.22701476514339447,94,0.22701476514339447,94
3,MCF7,6.0,A199,12,1,90.0,3,2.3,0.2195826917886734,74,0.2195826917886734,74
3,MCF7,6.0,A199,12,1,90.0,3,2.35,0.22612899541854858,81,0.22552892565727234,83
3,MCF7,6.0,A199,12,1,90.0,3,2.4,0.2255987972021103,69,0.2255987972021103,69
3,MCF7,6.0,A199,12,1,90.0,3,2.45,0.23432283103466034,74,0.23346729576587677,76
3,MCF7,6.0,A199,12,1,90.0,3,2.5,0.24779753386974335,69,0.24779753386974335,69
3,MCF7,6.0,A199,12,1,90.0,3,2.55,0.2387995719909668,54,0.23857855796813965,55
3,MCF7,6.0,A199,12,1,90.0,3,2.6,0.239252507686615,63,0.23952141404151917,64
3,MCF7,6.0,A199,12,1,90.0,3,2.65,0.23114106059074402,52,0.23114106059074402,52
3,MCF7,6.0,A199,12,1,90.0,3,2.7,0.24512043595314026,60,0.24512043595314026,60
3,MCF7,6.0,A199,12,1,90.0,3,2.75,0.22214557230472565,47,0.22166939079761505,48
3,MCF7,6.0,A199,12,1,90.0,3,2.8,0.24668794870376587,43,0.24531076848506927,44
3,MCF7,6.0,A199,12,1,90.0,3,2.85,0.22725993394851685,38,0.22725993394851685,38
3,MCF7,6.0,A199,12,1,90.0,3,2.9,0.23561623692512512,33,0.23561623692512512,33
3,MCF7,6.0,A199,12,1,90.0,3,2.95,0.23028433322906494,32,0.23028433322906494,32
3,MCF7,6.0,A199,12,1,90.0,3,3.0,0.23590625822544098,28,0.23581500351428986,29
3,MCF7,6.0,A199,12,1,90.0,3,3.05,0.22067289054393768,31,0.22067289054393768,31
3,MCF7,6.0,A199,12,1,90.0,3,3.1,0.19999442994594574,26,0.19999442994594574,26
3,MCF7,6.0,A199,12,1,90.0,3,3.15,0.2168216109275818,24,0.21346350014209747,25
3,MCF7,6.0,A199,12,1,90.0,3,3.2,0.273752361536026,21,0.2668987810611725,23
3,MCF7,6.0,A199,12,1,90.0,3,3.25,0.2404228299856186,15,0.2404228299856186,15
3,MCF7,6.0,A199,12,1,90.0,3,3.3,0.24483436346054077,22,0.24483436346054077,22
3,MCF7,6.0,A199,12,1,90.0,3,3.35,0.2647145092487335,13,0.2647145092487335,13
3,MCF7,6.0,A199,12,1,90.0,3,3.4,0.27204060554504395,19,0.27204060554504395,19
3,MCF7,6.0,A199,12,1,90.0,3,3.45,0.2275017499923706,23,0.2275017499923706,23
3,MCF7,6.0,A199,12,1,90.0,3,3.5,0.23792113363742828,12,0.23792113363742828,12
3,MCF7,6.0,A199,12,1,90.0,3,3.55,0.2304011434316635,6,,6
3,MCF7,6.0,A199,12,1,90.0,3,3.6,0.23992490768432617,18,0.23992490768432617,18
3,MCF7,6.0,A199,12,1,90.0,3,3.65,0.2858971059322357,12,0.2858971059322357,12
3,MCF7,6.0,A199,12,1,90.0,3,3.7,0.20204780995845795,11,0.20204780995845795,11
3,MCF7,6.0,A199,12,1,90.0,3,3.75,0.21510429680347443,20,0.21510429680347443,20
3,MCF7,6.0,A199,12,1,90.0,3,3.8,0.2146385908126831,9,,9
3,MCF7,6.0,A199,12,1,90.0,3,3.85,0.19300644099712372,10,0.19300644099712372,10
3,MCF7,6.0,A199,12,1,90.0,3,3.95,0.23611146211624146,8,,8
3,MCF7,6.0,A199,12,1,90.0,3,4.0,0.20402568578720093,6,,6
3,MCF7,6.0,A199,12,1,90.0,3,4.05,0.2079795002937317,11,0.2079795002937317,11
3,MCF7,6.0,A199,12,1,90.0,3,4.1,0.23453910648822784,6,,6
3,MCF7,6.0,A199,12,1,90.0,3,4.15,0.23619848489761353,11,0.23619848489761353,11
3,MCF7,6.0,A199,12,1,90.0,3,4.2,0.15525831282138824,6,,6
3,MCF7,6.0,A199,12,1,90.0,3,4.5,0.21028968691825867,13,0.21028968691825867,13
3,MCF7,6.0,A199,12,1,90.0,3,4.75,0.21968115866184235,6,,6
3,MCF7,6.0,A199,12,1,90.0,3,4.8,0.20186187326908112,7,,7
1,MCF7,6.0,A199,13,1,90.0,1,0.0,,0,0.0,17
1,MCF7,6.0,A199,13,1,90.0,1,0.15,0.018718145787715912,316,0.017756717279553413,342
1,MCF7,6.0,A199,13,1,90.0,1,0.2,0.02528865821659565,868,0.022838657721877098,1275
1,MCF7,6.0,A199,13,1,90.0,1,0.25,0.028760487213730812,736,0.02477055788040161,1545
1,MCF7,6.0,A199,13,1,90.0,1,0.3,0.03053492121398449,1034,0.029059797525405884,2288
1,MCF7,6.0,A199,13,1,90.0,1,0.35,0.03521677479147911,790,0.03309565410017967,3081
1,MCF7,6.0,A199,13,1,90.0,1,0.4,0.04009265452623367,513,0.038144826889038086,3494
1,MCF7,6.0,A199,13,1,90.0,1,0.45,0.0470709390938282,409,0.042945925146341324,3513
1,MCF7,6.0,A199,13,1,90.0,1,0.5,0.05300861597061157,311,0.04708469659090042,3162
1,MCF7,6.0,A199,13,1,90.0,1,0.55,0.06102713197469711,253,0.0533803291618824,2919
1,MCF7,6.0,A199,13,1,90.0,1,0.6,0.06569928675889969,233,0.06023012846708298,2425
1,MCF7,6.0,A199,13,1,90.0,1,0.65,0.07197229564189911,231,0.0673103854060173,1912
1,MCF7,6.0,A199,13,1,90.0,1,0.7,0.08344735205173492,193,0.07755452394485474,1461
1,MCF7,6.0,A199,13,1,90.0,1,0.75,0.08488763868808746,153,0.08620119094848633,1017
1,MCF7,6.0,A199,13,1,90.0,1,0.8,0.09157528728246689,154,0.09685975313186646,838
1,MCF7,6.0,A199,13,1,90.0,1,0.85,0.09658169001340866,167,0.10699209570884705,656
1,MCF7,6.0,A199,13,1,90.0,1,0.9,0.10828374326229095,191,0.11702910810709,518
1,MCF7,6.0,A199,13,1,90.0,1,0.95,0.11524598300457001,163,0.12043841183185577,390
1,MCF7,6.0,A199,13,1,90.0,1,1.0,0.11746301501989365,156,0.1237129345536232,272
1,MCF7,6.0,A199,13,1,90.0,1,1.05,0.12099523097276688,150,0.12615717947483063,225
1,MCF7,6.0,A199,13,1,90.0,1,1.1,0.12395402789115906,128,0.12931184470653534,170
1,MCF7,6.0,A199,13,1,90.0,1,1.15,0.1330067217350006,113,0.1389947533607483,136
1,MCF7,6.0,A199,13,1,90.0,1,1.2,0.13886237144470215,99,0.13978396356105804,112
1,MCF7,6.0,A199,13,1,90.0,1,1.25,0.149334117770195,101,0.14932264387607574,104
1,MCF7,6.0,A199,13,1,90.0,1,1.3,0.14583365619182587,91,0.1458640694618225,95
1,MCF7,6.0,A199,13,1,90.0,1,1.35,0.1382153034210205,72,0.1418352872133255,75
1,MCF7,6.0,A199,13,1,90.0,1,1.4,0.14061012864112854,68,0.14251379668712616,70
1,MCF7,6.0,A199,13,1,90.0,1,1.45,0.16543081402778625,94,0.1677011102437973,95
1,MCF7,6.0,A199,13,1,90.0,1,1.5,0.15847069025039673,92,0.15763457119464874,93
1,MCF7,6.0,A199,13,1,90.0,1,1.55,0.1692100316286087,103,0.1692100316286087,103
1,MCF7,6.0,A199,13,1,90.0,1,1.6,0.16440677642822266,86,0.16440677642822266,86
1,MCF7,6.0,A199,13,1,90.0,1,1.65,0.18142645061016083,84,0.18142645061016083,84
1,MCF7,6.0,A199,13,1,90.0,1,1.7,0.1564788669347763,74,0.1564788669347763,74
1,MCF7,6.0,A199,13,1,90.0,1,1.75,0.17430071532726288,87,0.17430071532726288,87
1,MCF7,6.0,A199,13,1,90.0,1,1.8,0.17970339953899384,85,0.17970339953899384,85
1,MCF7,6.0,A199,13,1,90.0,1,1.85,0.18833936750888824,57,0.18833936750888824,57
1,MCF7,6.0,A199,13,1,90.0,1,1.9,0.20668552815914154,51,0.20668552815914154,51
1,MCF7,6.0,A199,13,1,90.0,1,1.95,0.19178898632526398,55,0.19178898632526398,55
1,MCF7,6.0,A199,13,1,90.0,1,2.0,0.18869903683662415,37,0.18869903683662415,37
1,MCF7,6.0,A199,13,1,90.0,1,2.05,0.17810475826263428,31,0.17810475826263428,31
1,MCF7,6.0,A199,13,1,90.0,1,2.1,0.18999932706356049,50,0.18999932706356049,50
1,MCF7,6.0,A199,13,1,90.0,1,2.15,0.2302328199148178,41,0.2302328199148178,41
1,MCF7,6.0,A199,13,1,90.0,1,2.2,0.16968770325183868,29,0.16968770325183868,29
1,MCF7,6.0,A199,13,1,90.0,1,2.25,0.19235160946846008,37,0.19235160946846008,37
1,MCF7,6.0,A199,13,1,90.0,1,2.3,0.1955304741859436,27,0.1955304741859436,27
1,MCF7,6.0,A199,13,1,90.0,1,2.35,0.193050354719162,35,0.193050354719162,35
1,MCF7,6.0,A199,13,1,90.0,1,2.4,0.21993392705917358,32,0.21993392705917358,32
1,MCF7,6.0,A199,13,1,90.0,1,2.45,0.21563492715358734,35,0.21563492715358734,35
1,MCF7,6.0,A199,13,1,90.0,1,2.5,0.1874489188194275,22,0.1874489188194275,22
1,MCF7,6.0,A199,13,1,90.0,1,2.55,0.19088992476463318,22,0.19088992476463318,22
1,MCF7,6.0,A199,13,1,90.0,1,2.6,0.21313203871250153,22,0.21313203871250153,22
1,MCF7,6.0,A199,13,1,90.0,1,2.65,0.1987350583076477,21,0.1987350583076477,21
1,MCF7,6.0,A199,13,1,90.0,1,2.7,0.2379884123802185,18,0.2379884123802185,18
1,MCF7,6.0,A199,13,1,90.0,1,2.75,0.17875936627388,21,0.17875936627388,21
1,MCF7,6.0,A199,13,1,90.0,1,2.8,0.234479621052742,25,0.234479621052742,25
1,MCF7,6.0,A199,13,1,90.0,1,2.85,0.20150130987167358,18,0.20150130987167358,18
1,MCF7,6.0,A199,13,1,90.0,1,2.9,0.23393554985523224,19,0.23393554985523224,19
1,MCF7,6.0,A199,13,1,90.0,1,2.95,0.22435803711414337,20,0.22435803711414337,20
1,MCF7,6.0,A199,13,1,90.0,1,3.0,0.21724171936511993,17,0.21724171936511993,17
1,MCF7,6.0,A199,13,1,90.0,1,3.05,0.14780385792255402,12,0.14780385792255402,12
1,MCF7,6.0,A199,13,1,90.0,1,3.1,0.19930264353752136,13,0.19930264353752136,13
1,MCF7,6.0,A199,13,1,90.0,1,3.15,0.2091234028339386,14,0.2091234028339386,14
1,MCF7,6.0,A199,13,1,90.0,1,3.2,0.2018713355064392,11,0.2018713355064392,11
1,MCF7,6.0,A199,13,1,90.0,1,3.25,0.2687225937843323,8,,8
1,MCF7,6.0,A199,13,1,90.0,1,3.3,0.21035201847553253,14,0.21035201847553253,14
1,MCF7,6.0,A199,13,1,90.0,1,3.35,0.22771228849887848,8,,8
1,MCF7,6.0,A199,13,1,90.0,1,3.4,0.20510421693325043,8,,8
1,MCF7,6.0,A199,13,1,90.0,1,3.45,0.17645713686943054,16,0.17645713686943054,16
1,MCF7,6.0,A199,13,1,90.0,1,3.5,0.20102645456790924,11,0.20102645456790924,11
1,MCF7,6.0,A199,13,1,90.0,1,3.55,0.20223161578178406,9,,9
1,MCF7,6.0,A199,13,1,90.0,1,3.6,0.1738881915807724,13,0.1738881915807724,13
1,MCF7,6.0,A199,13,1,90.0,1,3.75,0.2012661099433899,8,,8
1,MCF7,6.0,A199,13,1,90.0,1,3.8,0.24724949896335602,7,,7
1,MCF7,6.0,A199,13,1,90.0,1,3.85,0.21065117418766022,11,0.21065117418766022,11
1,MCF7,6.0,A199,13,1,90.0,1,3.9,0.2500167191028595,6,,6
2,MCF7,6.0,A199,13,1,90.0,2,0.0,,0,0.0,88
2,MCF7,6.0,A199,13,1,90.0,2,0.1,,0,,8
2,MCF7,6.0,A199,13,1,90.0,2,0.15,0.019541537389159203,21,0.021387476474046707,160
2,MCF7,6.0,A199,13,1,90.0,2,0.2,0.021813755854964256,723,0.02440360002219677,1850
2,MCF7,6.0,A199,13,1,90.0,2,0.25,0.02456722781062126,1680,0.02697911486029625,4602
2,MCF7,6.0,A199,13,1,90.0,2,0.3,0.032221052795648575,1363,0.03080855682492256,4538
2,MCF7,6.0,A199,13,1,90.0,2,0.35,0.04156363010406494,1024,0.03670069947838783,3811
2,MCF7,6.0,A199,13,1,90.0,2,0.4,0.049954384565353394,858,0.04317709431052208,3167
2,MCF7,6.0,A199,13,1,90.0,2,0.45,0.05742776021361351,780,0.04818462207913399,2693
2,MCF7,6.0,A199,13,1,90.0,2,0.5,0.06304510682821274,690,0.05236705765128136,2288
2,MCF7,6.0,A199,13,1,90.0,2,0.55,0.06506282091140747,456,0.054549690335989,1592
2,MCF7,6.0,A199,13,1,90.0,2,0.6,0.06671211868524551,356,0.05891919136047363,1094
2,MCF7,6.0,A199,13,1,90.0,2,0.65,0.07176206260919571,322,0.0646134689450264,748
2,MCF7,6.0,A199,13,1,90.0,2,0.7,0.07454103976488113,312,0.07234062999486923,552
2,MCF7,6.0,A199,13,1,90.0,2,0.75,0.0789722204208374,298,0.0772090032696724,423
2,MCF7,6.0,A199,13,1,90.0,2,0.8,0.08013075590133667,252,0.07887926697731018,319
2,MCF7,6.0,A199,13,1,90.0,2,0.85,0.08346108347177505,178,0.08411446213722229,206
2,MCF7,6.0,A199,13,1,90.0,2,0.9,0.08275759965181351,115,0.08480439335107803,137
2,MCF7,6.0,A199,13,1,90.0,2,0.95,0.0858367532491684,56,0.08856050670146942,62
2,MCF7,6.0,A199,13,1,90.0,2,1.0,0.09517129510641098,57,0.09236321598291397,61
2,MCF7,6.0,A199,13,1,90.0,2,1.05,0.09381141513586044,38,0.09270671010017395,40
2,MCF7,6.0,A199,13,1,90.0,2,1.1,0.10168173909187317,23,0.10168173909187317,23
2,MCF7,6.0,A199,13,1,90.0,2,1.15,0.09476613998413086,16,0.09476613998413086,16
2,MCF7,6.0,A199,13,1,90.0,2,1.2,0.0957731157541275,21,0.0957731157541275,21
2,MCF7,6.0,A199,13,1,90.0,2,1.25,0.11176469922065735,11,0.11176469922065735,11
2,MCF7,6.0,A199,13,1,90.0,2,1.3,0.10993491858243942,12,0.10993491858243942,12
2,MCF7,6.0,A199,13,1,90.0,2,1.35,0.0977146103978157,13,0.0977146103978157,13
2,MCF7,6.0,A199,13,1,90.0,2,1.45,0.11572398245334625,8,,8
2,MCF7,6.0,A199,13,1,90.0,2,1.5,0.12881997227668762,11,0.12881997227668762,11
2,MCF7,6.0,A199,13,1,90.0,2,1.55,0.11532970517873764,9,,9
2,MCF7,6.0,A199,13,1,90.0,2,1.6,0.08349425345659256,9,,9
2,MCF7,6.0,A199,13,1,90.0,2,1.75,0.14198029041290283,8,,8
2,MCF7,6.0,A199,13,1,90.0,2,1.8,0.10934317857027054,7,,7
3,MCF7,6.0,A199,13,1,90.0,3,0.09,,0,0.02162269502878189,21
3,MCF7,6.0,A199,13,1,90.0,3,0.14,0.022957002744078636,46,0.027033386752009392,613
3,MCF7,6.0,A199,13,1,90.0,3,0.19,0.02487175725400448,432,0.028321314603090286,2451
3,MCF7,6.0,A199,13,1,90.0,3,0.24,0.02631126530468464,788,0.03076031059026718,2794
3,MCF7,6.0,A199,13,1,90.0,3,0.29,0.0321892611682415,849,0.032204680144786835,2073
3,MCF7,6.0,A199,13,1,90.0,3,0.34,0.03354368731379509,595,0.03231589123606682,1173
3,MCF7,6.0,A199,13,1,90.0,3,0.39,0.03755005821585655,465,0.033325616270303726,736
3,MCF7,6.0,A199,13,1,90.0,3,0.44,0.03910146653652191,457,0.037190064787864685,573
3,MCF7,6.0,A199,13,1,90.0,3,0.49,0.04526766762137413,365,0.04458339139819145,401
3,MCF7,6.0,A199,13,1,90.0,3,0.54,0.04689102619886398,309,0.04683104157447815,314
3,MCF7,6.0,A199,13,1,90.0,3,0.59,0.05150262266397476,242,0.05128028988838196,245
3,MCF7,6.0,A199,13,1,90.0,3,0.64,0.05112972483038902,228,0.05089078098535538,230
3,MCF7,6.0,A199,13,1,90.0,3,0.69,0.05561039596796036,168,0.05561039596796036,168
3,MCF7,6.0,A199,13,1,90.0,3,0.74,0.05422687530517578,132,0.05422687530517578,132
3,MCF7,6.0,A199,13,1,90.0,3,0.79,0.053261447697877884,83,0.053261447697877884,83
3,MCF7,6.0,A199,13,1,90.0,3,0.84,0.04788029193878174,60,0.047780364751815796,61
3,MCF7,6.0,A199,13,1,90.0,3,0.89,0.052979085594415665,49,0.052979085594415665,49
3,MCF7,6.0,A199,13,1,90.0,3,0.94,0.05669846385717392,44,0.05669846385717392,44
3,MCF7,6.0,A199,13,1,90.0,3,0.99,0.05325105041265488,30,0.05325105041265488,30
3,MCF7,6.0,A199,13,1,90.0,3,1.04,0.042753517627716064,16,0.042753517627716064,16
3,MCF7,6.0,A199,13,1,90.0,3,1.09,0.04580632969737053,19,0.04580632969737053,19
3,MCF7,6.0,A199,13,1,90.0,3,1.14,0.058584362268447876,16,0.058584362268447876,16
3,MCF7,6.0,A199,13,1,90.0,3,1.19,0.05466281995177269,11,0.05466281995177269,11
3,MCF7,6.0,A199,13,1,90.0,3,1.24,0.04843858256936073,16,0.04843858256936073,16
3,MCF7,6.0,A199,13,1,90.0,3,1.44,0.030547961592674255,8,,8
3,MCF7,6.0,A199,13,1,90.0,3,1.54,0.03251437842845917,8,,8
4,MCF7,6.0,A199,13,1,90.0,4,0.05,0.007949234917759895,510,0.010823991149663925,614
4,MCF7,6.0,A199,13,1,90.0,4,0.1,0.016575833782553673,2127,0.01832829974591732,5174
4,MCF7,6.0,A199,13,1,90.0,4,0.15,0.022920114919543266,1961,0.023784954100847244,10640
4,MCF7,6.0,A199,13,1,90.0,4,0.2,0.023842211812734604,1498,0.0278580691665411,6833
4,MCF7,6.0,A199,13,1,90.0,4,0.25,0.027677778154611588,708,0.0323975533246994,1653
4,MCF7,6.0,A199,13,1,90.0,4,0.3,0.026004601269960403,155,0.03249303251504898,400
4,MCF7,6.0,A199,13,1,90.0,4,0.35,0.024996118620038033,81,0.032052911818027496,194
4,MCF7,6.0,A199,13,1,90.0,4,0.4,0.026074424386024475,34,0.03325881063938141,66
4,MCF7,6.0,A199,13,1,90.0,4,0.45,0.012726918794214725,9,0.023512447252869606,22
4,MCF7,6.0,A199,13,1,90.0,4,0.5,,0,0.03201189637184143,14
4,MCF7,6.0,A199,13,1,90.0,4,0.55,,0,0.02712273597717285,10
4,MCF7,6.0,A199,13,1,90.0,4,0.6,,0,,6
1,MCF7,6.0,A199,14,1,90.0,1,0.0,,0,0.0,881
1,MCF7,6.0,A199,14,1,90.0,1,0.05,0.015622085891664028,1156,0.017505450174212456,3108
1,MCF7,6.0,A199,14,1,90.0,1,0.1,0.019659459590911865,4365,0.0195967648178339,12601
1,MCF7,6.0,A199,14,1,90.0,1,0.15,0.028355930000543594,2919,0.025902386754751205,13847
1,MCF7,6.0,A199,14,1,90.0,1,0.2,0.032487645745277405,1711,0.03224252536892891,9691
1,MCF7,6.0,A199,14,1,90.0,1,0.25,0.03751441836357117,992,0.037945933640003204,4164
1,MCF7,6.0,A199,14,1,90.0,1,0.3,0.044373463839292526,743,0.04444250464439392,1625
1,MCF7,6.0,A199,14,1,90.0,1,0.35,0.04942075163125992,532,0.05014408007264137,702
1,MCF7,6.0,A199,14,1,90.0,1,0.4,0.05228476971387863,245,0.051864780485630035,264
1,MCF7,6.0,A199,14,1,90.0,1,0.45,0.05577736720442772,79,0.055284835398197174,85
1,MCF7,6.0,A199,14,1,90.0,1,0.5,0.06281153112649918,38,0.06281153112649918,38
1,MCF7,6.0,A199,14,1,90.0,1,0.55,0.04500950500369072,12,0.04500950500369072,12
1,MCF7,6.0,A199,14,1,90.0,1,0.7,0.05035225301980972,9,,9
2,MCF7,6.0,A199,14,1,90.0,2,0.07,0.031310874968767166,288,0.031811442226171494,293
2,MCF7,6.0,A199,14,1,90.0,2,0.12,0.032431814819574356,631,0.041470807045698166,964
2,MCF7,6.0,A199,14,1,90.0,2,0.17,0.024857785552740097,1225,0.03100580908358097,1894
2,MCF7,6.0,A199,14,1,90.0,2,0.22,0.026510724797844887,1222,0.025953378528356552,2673
2,MCF7,6.0,A199,14,1,90.0,2,0.27,0.031048908829689026,1000,0.02963211014866829,2332
2,MCF7,6.0,A199,14,1,90.0,2,0.32,0.03544647991657257,1198,0.03464740887284279,2291
2,MCF7,6.0,A199,14,1,90.0,2,0.37,0.03904237970709801,1040,0.03760771453380585,2113
2,MCF7,6.0,A199,14,1,90.0,2,0.42,0.04226674139499664,701,0.041190460324287415,1532
2,MCF7,6.0,A199,14,1,90.0,2,0.47,0.04538761451840401,491,0.044356219470500946,1055
2,MCF7,6.0,A199,14,1,90.0,2,0.52,0.04819323495030403,354,0.046487752348184586,791
2,MCF7,6.0,A199,14,1,90.0,2,0.57,0.05228554829955101,245,0.04956922307610512,638
2,MCF7,6.0,A199,14,1,90.0,2,0.62,0.05458716303110123,179,0.05162281543016434,507
2,MCF7,6.0,A199,14,1,90.0,2,0.67,0.055101100355386734,187,0.05381307378411293,465
2,MCF7,6.0,A199,14,1,90.0,2,0.72,0.06354787945747375,163,0.05618388578295708,414
2,MCF7,6.0,A199,14,1,90.0,2,0.77,0.06390892714262009,207,0.061096854507923126,423
2,MCF7,6.0,A199,14,1,90.0,2,0.82,0.0688621923327446,206,0.06442181020975113,398
2,MCF7,6.0,A199,14,1,90.0,2,0.87,0.06774051487445831,239,0.0643232986330986,432
2,MCF7,6.0,A199,14,1,90.0,2,0.92,0.07168859988451004,225,0.06864975392818451,428
2,MCF7,6.0,A199,14,1,90.0,2,0.97,0.07369998842477798,152,0.07252169400453568,292
2,MCF7,6.0,A199,14,1,90.0,2,1.02,0.07286311686038971,127,0.07156696170568466,236
2,MCF7,6.0,A199,14,1,90.0,2,1.07,0.07960238307714462,96,0.07486342638731003,183
2,MCF7,6.0,A199,14,1,90.0,2,1.12,0.0834507942199707,78,0.07774429023265839,145
2,MCF7,6.0,A199,14,1,90.0,2,1.17,0.09162130206823349,71,0.08519581705331802,125
2,MCF7,6.0,A199,14,1,90.0,2,1.22,0.09881027042865753,44,0.08368124067783356,91
2,MCF7,6.0,A199,14,1,90.0,2,1.27,0.10011641681194305,40,0.09517757594585419,70
2,MCF7,6.0,A199,14,1,90.0,2,1.32,0.09045267850160599,37,0.09113053977489471,55
2,MCF7,6.0,A199,14,1,90.0,2,1.37,0.10036779195070267,35,0.09811961650848389,48
2,MCF7,6.0,A199,14,1,90.0,2,1.42,0.09503012150526047,34,0.093602254986763,40
2,MCF7,6.0,A199,14,1,90.0,2,1.47,0.10491128265857697,25,0.10312490165233612,26
2,MCF7,6.0,A199,14,1,90.0,2,1.52,0.10683733969926834,18,0.10683733969926834,18
2,MCF7,6.0,A199,14,1,90.0,2,1.57,0.10279108583927155,10,0.10209161788225174,11
2,MCF7,6.0,A199,14,1,90.0,2,1.62,0.1036614403128624,14,0.1036614403128624,14
2,MCF7,6.0,A199,14,1,90.0,2,1.67,0.09131386876106262,9,,9
2,MCF7,6.0,A199,14,1,90.0,2,1.72,0.10514593124389648,8,,8
2,MCF7,6.0,A199,14,1,90.0,2,1.82,0.09059906750917435,6,,6
3,MCF7,6.0,A199,14,1,90.0,3,0.22,0.04214773327112198,63,0.04214773327112198,63
3,MCF7,6.0,A199,14,1,90.0,3,0.27,0.04213220253586769,1111,0.04209095239639282,1192
3,MCF7,6.0,A199,14,1,90.0,3,0.32,0.04856943339109421,1512,0.048896197229623795,2620
3,MCF7,6.0,A199,14,1,90.0,3,0.37,0.052980925887823105,1323,0.056256309151649475,3442
3,MCF7,6.0,A199,14,1,90.0,3,0.42,0.05823613703250885,1095,0.06109436973929405,2670
3,MCF7,6.0,A199,14,1,90.0,3,0.47,0.06499023735523224,847,0.06457287073135376,2286
3,MCF7,6.0,A199,14,1,90.0,3,0.52,0.06926418840885162,818,0.06965851783752441,2784
3,MCF7,6.0,A199,14,1,90.0,3,0.57,0.0748862624168396,739,0.07670364528894424,2845
3,MCF7,6.0,A199,14,1,90.0,3,0.62,0.08220946043729782,379,0.08389835059642792,1698
3,MCF7,6.0,A199,14,1,90.0,3,0.67,0.08616482466459274,122,0.08852005004882812,633
3,MCF7,6.0,A199,14,1,90.0,3,0.72,0.07376374304294586,19,0.09338907152414322,152
3,MCF7,6.0,A199,14,1,90.0,3,0.77,0.0722513496875763,8,0.10576696693897247,39
3,MCF7,6.0,A199,14,1,90.0,3,0.82,0.07049690186977386,9,0.08150623738765717,13
3,MCF7,6.0,A199,14,1,90.0,3,0.87,0.1036747395992279,6,,7
4,MCF7,6.0,A199,14,1,90.0,4,0.06,0.021953623741865158,169,0.026624690741300583,243
4,MCF7,6.0,A199,14,1,90.0,4,0.11,0.02409275621175766,1585,0.03372281417250633,3599
4,MCF7,6.0,A199,14,1,90.0,4,0.16,0.02530885674059391,2173,0.027608517557382584,4733
4,MCF7,6.0,A199,14,1,90.0,4,0.21,0.027192452922463417,1656,0.02663956582546234,3863
4,MCF7,6.0,A199,14,1,90.0,4,0.26,0.02639850787818432,1368,0.025034192949533463,3613
4,MCF7,6.0,A199,14,1,90.0,4,0.31,0.026816416531801224,922,0.02575511299073696,3331
4,MCF7,6.0,A199,14,1,90.0,4,0.36,0.03207691013813019,974,0.03059687279164791,2611
4,MCF7,6.0,A199,14,1,90.0,4,0.41,0.03566456586122513,628,0.037479426711797714,1516
4,MCF7,6.0,A199,14,1,90.0,4,0.46,0.04052470251917839,138,0.04255647957324982,471
4,MCF7,6.0,A199,14,1,90.0,4,0.51,0.04435589909553528,10,0.0475030280649662,65
1,MCF7,6.0,A199,15,1,90.0,1,0.02,,0,0.014803767204284668,831
1,MCF7,6.0,A199,15,1,90.0,1,0.07,,0,0.022612862288951874,4515
1,MCF7,6.0,A199,15,1,90.0,1,0.12,0.02506488934159279,744,0.027149202302098274,5524
1,MCF7,6.0,A199,15,1,90.0,1,0.17,0.03238825127482414,1466,0.02534354105591774,4308
1,MCF7,6.0,A199,15,1,90.0,1,0.22,0.040193259716033936,1318,0.035299528390169144,2002
1,MCF7,6.0,A199,15,1,90.0,1,0.27,0.04477633163332939,797,0.04459218308329582,824
1,MCF7,6.0,A199,15,1,90.0,1,0.32,0.043967124074697495,92,0.04349075257778168,109
1,MCF7,6.0,A199,15,1,90.0,1,0.37,0.03759229928255081,26,0.03455531224608421,33
1,MCF7,6.0,A199,15,1,90.0,1,0.42,0.0408751480281353,9,0.03955972567200661,10
2,MCF7,6.0,A199,15,1,90.0,2,0.09,,0,0.009437977336347103,34
2,MCF7,6.0,A199,15,1,90.0,2,0.14,0.021423587575554848,359,0.024023747071623802,831
2,MCF7,6.0,A199,15,1,90.0,2,0.19,0.024080632254481316,3018,0.02471853233873844,4611
2,MCF7,6.0,A199,15,1,90.0,2,0.24,0.024772383272647858,1957,0.026739558205008507,6662
2,MCF7,6.0,A199,15,1,90.0,2,0.29,0.02406200021505356,378,0.02720465697348118,5695
2,MCF7,6.0,A199,15,1,90.0,2,0.34,,3,0.02806420624256134,3160
2,MCF7,6.0,A199,15,1,90.0,2,0.39,,0,0.029605863615870476,1395
2,MCF7,6.0,A199,15,1,90.0,2,0.44,,0,0.03443731740117073,395
2,MCF7,6.0,A199,15,1,90.0,2,0.49,,0,0.045323051512241364,43
3,MCF7,6.0,A199,15,1,90.0,3,0.02,0.016438040882349014,891,0.0165120717138052,1247
3,MCF7,6.0,A199,15,1,90.0,3,0.07,0.018656976521015167,779,0.024170363321900368,3235
3,MCF7,6.0,A199,15,1,90.0,3,0.12,0.02109580487012863,341,0.02021964080631733,3913
3,MCF7,6.0,A199,15,1,90.0,3,0.17,0.024354727938771248,539,0.024577243253588676,2459
3,MCF7,6.0,A199,15,1,90.0,3,0.22,0.02564835548400879,1099,0.023479584604501724,3065
3,MCF7,6.0,A199,15,1,90.0,3,0.27,0.02674805000424385,860,0.026189785450696945,2086
3,MCF7,6.0,A199,15,1,90.0,3,0.32,0.029065892100334167,819,0.02945750765502453,945
3,MCF7,6.0,A199,15,1,90.0,3,0.37,0.030274707823991776,511,0.03042169101536274,515
3,MCF7,6.0,A199,15,1,90.0,3,0.42,0.030322471633553505,264,0.030322471633553505,264
3,MCF7,6.0,A199,15,1,90.0,3,0.47,0.033053796738386154,185,0.033053796738386154,185
3,MCF7,6.0,A199,15,1,90.0,3,0.52,0.03254968672990799,98,0.03254968672990799,98
3,MCF7,6.0,A199,15,1,90.0,3,0.57,0.035103101283311844,68,0.035103101283311844,68
3,MCF7,6.0,A199,15,1,90.0,3,0.62,0.030720150098204613,46,0.030720150098204613,46
3,MCF7,6.0,A199,15,1,90.0,3,0.67,0.03216814622282982,20,0.03216814622282982,20
3,MCF7,6.0,A199,15,1,90.0,3,0.72,0.025269027799367905,16,0.025269027799367905,16
3,MCF7,6.0,A199,15,1,90.0,3,0.77,0.02500617876648903,14,0.02500617876648903,14
3,MCF7,6.0,A199,15,1,90.0,3,0.82,0.02242943085730076,7,,7
4,MCF7,6.0,A199,15,1,90.0,4,0.12,0.025576157495379448,12,0.024567440152168274,17
4,MCF7,6.0,A199,15,1,90.0,4,0.17,0.029106367379426956,86,0.03681638091802597,178
4,MCF7,6.0,A199,15,1,90.0,4,0.22,0.029884256422519684,91,0.04510757327079773,471
4,MCF7,6.0,A199,15,1,90.0,4,0.27,0.04069899022579193,53,0.052537139505147934,558
4,MCF7,6.0,A199,15,1,90.0,4,0.32,0.045161277055740356,67,0.05785389617085457,673
4,MCF7,6.0,A199,15,1,90.0,4,0.37,0.0420614592730999,87,0.06000690534710884,617
4,MCF7,6.0,A199,15,1,90.0,4,0.42,0.05310266092419624,117,0.0668335109949112,564
4,MCF7,6.0,A199,15,1,90.0,4,0.47,0.05953825265169144,146,0.06898538023233414,600
4,MCF7,6.0,A199,15,1,90.0,4,0.52,0.06190665811300278,177,0.06989047676324844,635
4,MCF7,6.0,A199,15,1,90.0,4,0.57,0.06612123548984528,179,0.07363367825746536,590
4,MCF7,6.0,A199,15,1,90.0,4,0.62,0.07360772788524628,297,0.07977701723575592,714
4,MCF7,6.0,A199,15,1,90.0,4,0.67,0.07999484241008759,394,0.08287746459245682,700
4,MCF7,6.0,A199,15,1,90.0,4,0.72,0.0837811529636383,511,0.08661210536956787,801
4,MCF7,6.0,A199,15,1,90.0,4,0.77,0.09014226496219635,490,0.09241538494825363,726
4,MCF7,6.0,A199,15,1,90.0,4,0.82,0.09320518374443054,419,0.09591636061668396,650
4,MCF7,6.0,A199,15,1,90.0,4,0.87,0.09822236001491547,331,0.1018633022904396,487
4,MCF7,6.0,A199,15,1,90.0,4,0.92,0.10211064666509628,280,0.10562729835510254,416
4,MCF7,6.0,A199,15,1,90.0,4,0.97,0.10739915817975998,245,0.11081084609031677,341
4,MCF7,6.0,A199,15,1,90.0,4,1.02,0.11024459451436996,169,0.11217373609542847,256
4,MCF7,6.0,A199,15,1,90.0,4,1.07,0.11118362098932266,151,0.11537148058414459,220
4,MCF7,6.0,A199,15,1,90.0,4,1.12,0.11523141711950302,128,0.1186310276389122,177
4,MCF7,6.0,A199,15,1,90.0,4,1.17,0.11909589916467667,101,0.124155692756176,138
4,MCF7,6.0,A199,15,1,90.0,4,1.22,0.11630315333604813,67,0.12406793236732483,96
4,MCF7,6.0,A199,15,1,90.0,4,1.27,0.12513934075832367,52,0.13752920925617218,95
4,MCF7,6.0,A199,15,1,90.0,4,1.32,0.11671754717826843,48,0.12392476946115494,72
4,MCF7,6.0,A199,15,1,90.0,4,1.37,0.13349096477031708,34,0.13035693764686584,49
4,MCF7,6.0,A199,15,1,90.0,4,1.42,0.11910498887300491,30,0.12779994308948517,42
4,MCF7,6.0,A199,15,1,90.0,4,1.47,0.12814180552959442,31,0.13073711097240448,41
4,MCF7,6.0,A199,15,1,90.0,4,1.52,0.13523757457733154,24,0.1358456313610077,36
4,MCF7,6.0,A199,15,1,90.0,4,1.57,0.09957577288150787,8,0.1397761106491089,12
4,MCF7,6.0,A199,15,1,90.0,4,1.62,0.11418014764785767,23,0.1299193799495697,35
4,MCF7,6.0,A199,15,1,90.0,4,1.67,0.11441351473331451,16,0.1267319768667221,21
4,MCF7,6.0,A199,15,1,90.0,4,1.72,0.11777745932340622,19,0.12784461677074432,24
4,MCF7,6.0,A199,15,1,90.0,4,1.77,0.1067943423986435,8,,9
4,MCF7,6.0,A199,15,1,90.0,4,1.82,0.10453381389379501,10,0.15409943461418152,17
4,MCF7,6.0,A199,15,1,90.0,4,1.87,0.15643492341041565,13,0.16430233418941498,15
4,MCF7,6.0,A199,15,1,90.0,4,1.92,0.11451021581888199,7,0.13466811180114746,10
4,MCF7,6.0,A199,15,1,90.0,4,1.97,,4,,6
4,MCF7,6.0,A199,15,1,90.0,4,2.02,0.13658356666564941,13,0.13295294344425201,15
4,MCF7,6.0,A199,15,1,90.0,4,2.07,0.13266269862651825,11,0.13266269862651825,11
4,MCF7,6.0,A199,15,1,90.0,4,2.17,0.1294688880443573,10,0.1306280940771103,11
4,MCF7,6.0,A199,15,1,90.0,4,2.22,0.13256557285785675,7,,7
4,MCF7,6.0,A199,15,1,90.0,4,2.27,0.08738794177770615,6,,9
4,MCF7,6.0,A199,15,1,90.0,4,2.42,0.12381595373153687,12,0.143317312002182,13
4,MCF7,6.0,A199,15,1,90.0,4,2.47,0.11796364933252335,8,,9
4,MCF7,6.0,A199,15,1,90.0,4,2.97,0.1654583364725113,5,,6
4,MCF7,6.0,A199,15,1,90.0,4,3.07,0.11783330142498016,5,,6
1,MCF7,6.0,A199,16,1,90.0,1,0.07,,0,0.009936791844666004,64
1,MCF7,6.0,A199,16,1,90.0,1,0.12,0.014254285953938961,132,0.01225071307271719,3464
1,MCF7,6.0,A199,16,1,90.0,1,0.17,0.01765538938343525,1226,0.01858467422425747,5694
1,MCF7,6.0,A199,16,1,90.0,1,0.22,0.023216621950268745,1373,0.029277808964252472,2300
1,MCF7,6.0,A199,16,1,90.0,1,0.27,0.02696339599788189,1016,0.03655041754245758,1531
1,MCF7,6.0,A199,16,1,90.0,1,0.32,0.03277881070971489,588,0.04793819412589073,1121
1,MCF7,6.0,A199,16,1,90.0,1,0.37,0.03868144750595093,404,0.04772965982556343,559
1,MCF7,6.0,A199,16,1,90.0,1,0.42,0.04481310397386551,324,0.0452585369348526,329
1,MCF7,6.0,A199,16,1,90.0,1,0.47,0.047046080231666565,327,0.047110337764024734,328
1,MCF7,6.0,A199,16,1,90.0,1,0.52,0.05052412673830986,310,0.05052412673830986,310
1,MCF7,6.0,A199,16,1,90.0,1,0.57,0.0562644861638546,326,0.0562644861638546,326
1,MCF7,6.0,A199,16,1,90.0,1,0.62,0.06063900142908096,489,0.06063900142908096,489
1,MCF7,6.0,A199,16,1,90.0,1,0.67,0.06489685922861099,354,0.06489685922861099,354
1,MCF7,6.0,A199,16,1,90.0,1,0.72,0.06319987028837204,247,0.06319987028837204,247
1,MCF7,6.0,A199,16,1,90.0,1,0.77,0.06665410101413727,223,0.06665410101413727,223
1,MCF7,6.0,A199,16,1,90.0,1,0.82,0.06527409702539444,169,0.06527409702539444,169
1,MCF7,6.0,A199,16,1,90.0,1,0.87,0.0672360509634018,121,0.0672360509634018,121
1,MCF7,6.0,A199,16,1,90.0,1,0.92,0.06690070778131485,98,0.06690070778131485,98
1,MCF7,6.0,A199,16,1,90.0,1,0.97,0.06556643545627594,62,0.06556643545627594,62
1,MCF7,6.0,A199,16,1,90.0,1,1.02,0.06382875889539719,36,0.06382875889539719,36
1,MCF7,6.0,A199,16,1,90.0,1,1.07,0.06872113049030304,20,0.06872113049030304,20
1,MCF7,6.0,A199,16,1,90.0,1,1.17,0.06013678014278412,8,,8
2,MCF7,6.0,A199,16,1,90.0,2,0.11,0.026368556544184685,81,0.026082389056682587,146
2,MCF7,6.0,A199,16,1,90.0,2,0.16,0.027187636122107506,466,0.023071425035595894,2240
2,MCF7,6.0,A199,16,1,90.0,2,0.21,0.02468498982489109,365,0.0185356754809618,3333
2,MCF7,6.0,A199,16,1,90.0,2,0.26,0.02395763248205185,289,0.020505733788013458,2124
2,MCF7,6.0,A199,16,1,90.0,2,0.31,0.022193973883986473,482,0.02757110260426998,1712
2,MCF7,6.0,A199,16,1,90.0,2,0.36,0.031159859150648117,834,0.04082684591412544,1708
2,MCF7,6.0,A199,16,1,90.0,2,0.41,0.03766984865069389,913,0.04506025090813637,1576
2,MCF7,6.0,A199,16,1,90.0,2,0.46,0.04088185727596283,539,0.045381151139736176,1125
2,MCF7,6.0,A199,16,1,90.0,2,0.51,0.04354943335056305,545,0.04437791556119919,900
2,MCF7,6.0,A199,16,1,90.0,2,0.56,0.046904634684324265,486,0.04724478721618652,667
2,MCF7,6.0,A199,16,1,90.0,2,0.61,0.05279888957738876,454,0.05248506739735603,525
2,MCF7,6.0,A199,16,1,90.0,2,0.66,0.05749889090657234,461,0.05757830664515495,467
2,MCF7,6.0,A199,16,1,90.0,2,0.71,0.06151999160647392,343,0.06151999160647392,343
2,MCF7,6.0,A199,16,1,90.0,2,0.76,0.06310543417930603,316,0.06310543417930603,316
2,MCF7,6.0,A199,16,1,90.0,2,0.81,0.0650579109787941,266,0.0650579109787941,266
2,MCF7,6.0,A199,16,1,90.0,2,0.86,0.06435828655958176,170,0.06435828655958176,170
2,MCF7,6.0,A199,16,1,90.0,2,0.91,0.06735159456729889,150,0.06735159456729889,150
2,MCF7,6.0,A199,16,1,90.0,2,0.96,0.06689777225255966,91,0.06689777225255966,91
2,MCF7,6.0,A199,16,1,90.0,2,1.01,0.06842248141765594,74,0.06842248141765594,74
2,MCF7,6.0,A199,16,1,90.0,2,1.06,0.06514135748147964,60,0.06514135748147964,60
2,MCF7,6.0,A199,16,1,90.0,2,1.11,0.06928762793540955,32,0.06928762793540955,32
2,MCF7,6.0,A199,16,1,90.0,2,1.16,0.06770766526460648,37,0.06770766526460648,37
2,MCF7,6.0,A199,16,1,90.0,2,1.21,0.06877817958593369,23,0.06877817958593369,23
2,MCF7,6.0,A199,16,1,90.0,2,1.26,0.06914719939231873,24,0.06914719939231873,24
2,MCF7,6.0,A199,16,1,90.0,2,1.31,0.0722571313381195,10,0.0722571313381195,10
1,MCF7,6.0,A199,17,1,90.0,1,0.09,0.025342008098959923,58,0.0228072889149189,70
1,MCF7,6.0,A199,17,1,90.0,1,0.14,0.04250222444534302,285,0.03184298053383827,460
1,MCF7,6.0,A199,17,1,90.0,1,0.19,0.04751884192228317,206,0.03400704637169838,463
1,MCF7,6.0,A199,17,1,90.0,1,0.24,0.04807659611105919,239,0.04402704909443855,645
1,MCF7,6.0,A199,17,1,90.0,1,0.29,0.051711518317461014,145,0.05825185403227806,1737
1,MCF7,6.0,A199,17,1,90.0,1,0.34,0.06695012003183365,252,0.06825938820838928,3384
1,MCF7,6.0,A199,17,1,90.0,1,0.39,0.0768761932849884,327,0.07560780644416809,2750
1,MCF7,6.0,A199,17,1,90.0,1,0.44,0.0832371935248375,312,0.0818541944026947,1453
1,MCF7,6.0,A199,17,1,90.0,1,0.49,0.0923929288983345,322,0.09073438495397568,822
1,MCF7,6.0,A199,17,1,90.0,1,0.54,0.09569839388132095,310,0.09424625337123871,619
1,MCF7,6.0,A199,17,1,90.0,1,0.59,0.09690352529287338,278,0.0963844507932663,550
1,MCF7,6.0,A199,17,1,90.0,1,0.64,0.09830667078495026,236,0.09729564189910889,543
1,MCF7,6.0,A199,17,1,90.0,1,0.69,0.1011669859290123,202,0.09779263287782669,614
1,MCF7,6.0,A199,17,1,90.0,1,0.74,0.10754363983869553,187,0.09990853071212769,632
1,MCF7,6.0,A199,17,1,90.0,1,0.79,0.1128222867846489,207,0.10513179004192352,638
1,MCF7,6.0,A199,17,1,90.0,1,0.84,0.11377248913049698,255,0.10955700278282166,595
1,MCF7,6.0,A199,17,1,90.0,1,0.89,0.12014615535736084,334,0.1141386404633522,613
1,MCF7,6.0,A199,17,1,90.0,1,0.94,0.12459015101194382,439,0.12064389139413834,607
1,MCF7,6.0,A199,17,1,90.0,1,0.99,0.12863200902938843,542,0.12725141644477844,619
1,MCF7,6.0,A199,17,1,90.0,1,1.04,0.1307445913553238,547,0.13015109300613403,581
1,MCF7,6.0,A199,17,1,90.0,1,1.09,0.13234341144561768,448,0.13217729330062866,466
1,MCF7,6.0,A199,17,1,90.0,1,1.14,0.13342687487602234,380,0.13309608399868011,389
1,MCF7,6.0,A199,17,1,90.0,1,1.19,0.13213492929935455,260,0.13203106820583344,264
1,MCF7,6.0,A199,17,1,90.0,1,1.24,0.13608095049858093,173,0.13587729632854462,174
1,MCF7,6.0,A199,17,1,90.0,1,1.29,0.14153563976287842,109,0.14153563976287842,109
1,MCF7,6.0,A199,17,1,90.0,1,1.34,0.1309112012386322,77,0.1309112012386322,77
1,MCF7,6.0,A199,17,1,90.0,1,1.39,0.13853193819522858,75,0.13719545304775238,76
1,MCF7,6.0,A199,17,1,90.0,1,1.44,0.13750620186328888,38,0.13750620186328888,38
1,MCF7,6.0,A199,17,1,90.0,1,1.49,0.13767245411872864,39,0.13767245411872864,39
1,MCF7,6.0,A199,17,1,90.0,1,1.54,0.14856664836406708,30,0.14856664836406708,30
1,MCF7,6.0,A199,17,1,90.0,1,1.59,0.14058546721935272,33,0.13823141157627106,34
1,MCF7,6.0,A199,17,1,90.0,1,1.64,0.13089056313037872,19,0.13089056313037872,19
1,MCF7,6.0,A199,17,1,90.0,1,1.69,0.14340119063854218,20,0.14340119063854218,20
1,MCF7,6.0,A199,17,1,90.0,1,1.74,0.13489112257957458,14,0.13489112257957458,14
1,MCF7,6.0,A199,17,1,90.0,1,1.79,0.154988631606102,6,,6
2,MCF7,6.0,A199,17,1,90.0,2,0.09,,0,0.03161600977182388,16
2,MCF7,6.0,A199,17,1,90.0,2,0.14,,0,0.036835163831710815,398
2,MCF7,6.0,A199,17,1,90.0,2,0.19,,0,0.04495176300406456,1452
2,MCF7,6.0,A199,17,1,90.0,2,0.24,0.051880840212106705,11,0.0593462809920311,2677
2,MCF7,6.0,A199,17,1,90.0,2,0.29,0.07117917388677597,133,0.07319871336221695,2434
2,MCF7,6.0,A199,17,1,90.0,2,0.34,0.07296416908502579,341,0.07216180860996246,1364
2,MCF7,6.0,A199,17,1,90.0,2,0.39,0.0734102725982666,475,0.07044954597949982,838
2,MCF7,6.0,A199,17,1,90.0,2,0.44,0.07615689933300018,588,0.07515611499547958,697
2,MCF7,6.0,A199,17,1,90.0,2,0.49,0.08120537549257278,497,0.08046893030405045,519
2,MCF7,6.0,A199,17,1,90.0,2,0.54,0.08724916726350784,671,0.0871739387512207,679
2,MCF7,6.0,A199,17,1,90.0,2,0.59,0.09091009199619293,723,0.09075916558504105,727
2,MCF7,6.0,A199,17,1,90.0,2,0.64,0.09180731326341629,468,0.09180731326341629,468
2,MCF7,6.0,A199,17,1,90.0,2,0.69,0.09392677992582321,130,0.09392677992582321,130
2,MCF7,6.0,A199,17,1,90.0,2,0.74,0.09206847101449966,48,0.09206847101449966,48
2,MCF7,6.0,A199,17,1,90.0,2,0.79,0.08719734847545624,15,0.08719734847545624,15
3,MCF7,6.0,A199,17,1,90.0,3,0.17,0.045248791575431824,16,0.061618685722351074,88
3,MCF7,6.0,A199,17,1,90.0,3,0.22,0.05862916260957718,141,0.07044223695993423,669
3,MCF7,6.0,A199,17,1,90.0,3,0.27,0.0676727294921875,179,0.07856565713882446,1307
3,MCF7,6.0,A199,17,1,90.0,3,0.32,0.08144449442625046,420,0.0800311341881752,2288
3,MCF7,6.0,A199,17,1,90.0,3,0.37,0.08238215744495392,658,0.07979924231767654,2837
3,MCF7,6.0,A199,17,1,90.0,3,0.42,0.08470510691404343,667,0.08181186765432358,2362
3,MCF7,6.0,A199,17,1,90.0,3,0.47,0.08673468232154846,753,0.08390887826681137,2040
3,MCF7,6.0,A199,17,1,90.0,3,0.52,0.0887957438826561,576,0.08592504262924194,1607
3,MCF7,6.0,A199,17,1,90.0,3,0.57,0.0934465080499649,437,0.08805356919765472,1350
3,MCF7,6.0,A199,17,1,90.0,3,0.62,0.09813534468412399,375,0.09112467616796494,1235
3,MCF7,6.0,A199,17,1,90.0,3,0.67,0.1000019907951355,343,0.09300421178340912,1122
3,MCF7,6.0,A199,17,1,90.0,3,0.72,0.10313009470701218,477,0.09618647396564484,1200
3,MCF7,6.0,A199,17,1,90.0,3,0.77,0.10601320117712021,510,0.09884566813707352,1113
3,MCF7,6.0,A199,17,1,90.0,3,0.82,0.11199694126844406,436,0.1045801192522049,868
3,MCF7,6.0,A199,17,1,90.0,3,0.87,0.11326194554567337,465,0.10798384249210358,767
3,MCF7,6.0,A199,17,1,90.0,3,0.92,0.11515919119119644,435,0.11095120012760162,655
3,MCF7,6.0,A199,17,1,90.0,3,0.97,0.12047762423753738,339,0.1174316555261612,451
3,MCF7,6.0,A199,17,1,90.0,3,1.02,0.13220806419849396,241,0.12851758301258087,287
3,MCF7,6.0,A199,17,1,90.0,3,1.07,0.13706202805042267,203,0.1361032873392105,213
3,MCF7,6.0,A199,17,1,90.0,3,1.12,0.1401347815990448,183,0.13985662162303925,185
3,MCF7,6.0,A199,17,1,90.0,3,1.17,0.14087127149105072,127,0.14087127149105072,127
3,MCF7,6.0,A199,17,1,90.0,3,1.22,0.1450139880180359,111,0.1450139880180359,111
3,MCF7,6.0,A199,17,1,90.0,3,1.27,0.1493697315454483,93,0.1493697315454483,93
3,MCF7,6.0,A199,17,1,90.0,3,1.32,0.14972950518131256,86,0.14972950518131256,86
3,MCF7,6.0,A199,17,1,90.0,3,1.37,0.1509554237127304,40,0.1509554237127304,40
3,MCF7,6.0,A199,17,1,90.0,3,1.42,0.15701818466186523,34,0.15701818466186523,34
3,MCF7,6.0,A199,17,1,90.0,3,1.47,0.1520373672246933,30,0.1520373672246933,30
3,MCF7,6.0,A199,17,1,90.0,3,1.52,0.16978712379932404,29,0.16978712379932404,29
3,MCF7,6.0,A199,17,1,90.0,3,1.57,0.16484199464321136,36,0.16484199464321136,36
3,MCF7,6.0,A199,17,1,90.0,3,1.62,0.1574147790670395,19,0.1574147790670395,19
3,MCF7,6.0,A199,17,1,90.0,3,1.67,0.16579586267471313,21,0.16579586267471313,21
3,MCF7,6.0,A199,17,1,90.0,3,1.72,0.1674935519695282,18,0.1674935519695282,18
3,MCF7,6.0,A199,17,1,90.0,3,1.77,0.1820671558380127,13,0.1820671558380127,13
3,MCF7,6.0,A199,17,1,90.0,3,1.82,0.17551356554031372,9,,9
4,MCF7,6.0,A199,17,1,90.0,4,0.26,,0,,6
4,MCF7,6.0,A199,17,1,90.0,4,0.31,,0,0.043751467019319534,38
4,MCF7,6.0,A199,17,1,90.0,4,0.36,,0,0.052107300609350204,145
4,MCF7,6.0,A199,17,1,90.0,4,0.41,,0,0.05972481518983841,243
4,MCF7,6.0,A199,17,1,90.0,4,0.46,,0,0.061878833919763565,315
4,MCF7,6.0,A199,17,1,90.0,4,0.51,,0,0.061058685183525085,285
4,MCF7,6.0,A199,17,1,90.0,4,0.56,,1,0.06898798793554306,304
4,MCF7,6.0,A199,17,1,90.0,4,0.61,,1,0.06894224137067795,319
4,MCF7,6.0,A199,17,1,90.0,4,0.66,0.059866275638341904,15,0.07478681206703186,382
4,MCF7,6.0,A199,17,1,90.0,4,0.71,0.06380239129066467,29,0.07195010781288147,392
4,MCF7,6.0,A199,17,1,90.0,4,0.76,0.06494534760713577,32,0.07440769672393799,411
4,MCF7,6.0,A199,17,1,90.0,4,0.81,0.06619947403669357,36,0.08095134794712067,379
4,MCF7,6.0,A199,17,1,90.0,4,0.86,0.07140486687421799,54,0.08090438693761826,434
4,MCF7,6.0,A199,17,1,90.0,4,0.91,0.0720677301287651,61,0.08579867333173752,429
4,MCF7,6.0,A199,17,1,90.0,4,0.96,0.07701196521520615,80,0.08612477779388428,439
4,MCF7,6.0,A199,17,1,90.0,4,1.01,0.0768076479434967,87,0.0906943827867508,412
4,MCF7,6.0,A199,17,1,90.0,4,1.06,0.08532937616109848,111,0.09830253571271896,414
4,MCF7,6.0,A199,17,1,90.0,4,1.11,0.08935782313346863,102,0.10096865892410278,462
4,MCF7,6.0,A199,17,1,90.0,4,1.16,0.08811654895544052,117,0.10469084233045578,412
4,MCF7,6.0,A199,17,1,90.0,4,1.21,0.09900682419538498,140,0.1118045225739479,461
4,MCF7,6.0,A199,17,1,90.0,4,1.26,0.10026345402002335,131,0.11760833859443665,493
4,MCF7,6.0,A199,17,1,90.0,4,1.31,0.10364183038473129,126,0.12430910021066666,472
4,MCF7,6.0,A199,17,1,90.0,4,1.36,0.11358862370252609,136,0.13173231482505798,498
4,MCF7,6.0,A199,17,1,90.0,4,1.41,0.1166030541062355,167,0.13425299525260925,485
4,MCF7,6.0,A199,17,1,90.0,4,1.46,0.11244133114814758,145,0.1374122053384781,468
4,MCF7,6.0,A199,17,1,90.0,4,1.51,0.1231413185596466,147,0.13998019695281982,405
4,MCF7,6.0,A199,17,1,90.0,4,1.56,0.11766171455383301,136,0.13600696623325348,325
4,MCF7,6.0,A199,17,1,90.0,4,1.61,0.12156140059232712,141,0.14053574204444885,296
4,MCF7,6.0,A199,17,1,90.0,4,1.66,0.12330027669668198,147,0.13903744518756866,273
4,MCF7,6.0,A199,17,1,90.0,4,1.71,0.1314612627029419,136,0.1365491896867752,261
4,MCF7,6.0,A199,17,1,90.0,4,1.76,0.13499346375465393,128,0.14172056317329407,194
4,MCF7,6.0,A199,17,1,90.0,4,1.81,0.13675200939178467,135,0.14084073901176453,183
4,MCF7,6.0,A199,17,1,90.0,4,1.86,0.1296876221895218,133,0.1373332291841507,173
4,MCF7,6.0,A199,17,1,90.0,4,1.91,0.1326136589050293,149,0.14003069698810577,178
4,MCF7,6.0,A199,17,1,90.0,4,1.96,0.13124968111515045,141,0.13417859375476837,158
4,MCF7,6.0,A199,17,1,90.0,4,2.01,0.1349552869796753,186,0.13626360893249512,194
4,MCF7,6.0,A199,17,1,90.0,4,2.06,0.12910610437393188,166,0.1322491317987442,181
4,MCF7,6.0,A199,17,1,90.0,4,2.11,0.13777828216552734,151,0.13871267437934875,159
4,MCF7,6.0,A199,17,1,90.0,4,2.16,0.13785608112812042,135,0.13785608112812042,135
4,MCF7,6.0,A199,17,1,90.0,4,2.21,0.1335078477859497,109,0.13383571803569794,111
4,MCF7,6.0,A199,17,1,90.0,4,2.26,0.142970010638237,107,0.14391888678073883,108
4,MCF7,6.0,A199,17,1,90.0,4,2.31,0.14242301881313324,81,0.14242301881313324,81
4,MCF7,6.0,A199,17,1,90.0,4,2.36,0.14360393583774567,93,0.14360393583774567,93
4,MCF7,6.0,A199,17,1,90.0,4,2.41,0.14545953273773193,70,0.14545953273773193,70
4,MCF7,6.0,A199,17,1,90.0,4,2.46,0.15156975388526917,68,0.15156975388526917,68
4,MCF7,6.0,A199,17,1,90.0,4,2.51,0.1551208794116974,65,0.1551208794116974,65
4,MCF7,6.0,A199,17,1,90.0,4,2.56,0.14695052802562714,51,0.14695052802562714,51
4,MCF7,6.0,A199,17,1,90.0,4,2.61,0.14687258005142212,61,0.14687258005142212,61
4,MCF7,6.0,A199,17,1,90.0,4,2.66,0.14533725380897522,40,0.14533725380897522,40
4,MCF7,6.0,A199,17,1,90.0,4,2.71,0.15876998007297516,44,0.15876998007297516,44
4,MCF7,6.0,A199,17,1,90.0,4,2.76,0.15048187971115112,26,0.15048187971115112,26
4,MCF7,6.0,A199,17,1,90.0,4,2.81,0.15105758607387543,21,0.15105758607387543,21
4,MCF7,6.0,A199,17,1,90.0,4,2.86,0.15673692524433136,21,0.15673692524433136,21
4,MCF7,6.0,A199,17,1,90.0,4,2.91,0.15425710380077362,25,0.15425710380077362,25
4,MCF7,6.0,A199,17,1,90.0,4,2.96,0.17106305062770844,21,0.17106305062770844,21
4,MCF7,6.0,A199,17,1,90.0,4,3.01,0.15814507007598877,20,0.15814507007598877,20
4,MCF7,6.0,A199,17,1,90.0,4,3.06,0.15623199939727783,18,0.15623199939727783,18
4,MCF7,6.0,A199,17,1,90.0,4,3.11,0.1870598942041397,12,0.1870598942041397,12
4,MCF7,6.0,A199,17,1,90.0,4,3.16,0.1532127410173416,13,0.1532127410173416,13
4,MCF7,6.0,A199,17,1,90.0,4,3.21,0.17074018716812134,15,0.17074018716812134,15
4,MCF7,6.0,A199,17,1,90.0,4,3.26,0.16976533830165863,6,,6
4,MCF7,6.0,A199,17,1,90.0,4,3.31,0.14344356954097748,13,0.14344356954097748,13
4,MCF7,6.0,A199,17,1,90.0,4,3.41,0.15097805857658386,13,0.15097805857658386,13
4,MCF7,6.0,A199,17,1,90.0,4,3.46,0.12869201600551605,10,0.12869201600551605,10
4,MCF7,6.0,A199,17,1,90.0,4,3.51,0.1627509444952011,8,,8
4,MCF7,6.0,A199,17,1,90.0,4,3.61,0.1807379275560379,6,,6
4,MCF7,6.0,A199,17,1,90.0,4,3.66,0.15370741486549377,8,,8
4,MCF7,6.0,A199,17,1,90.0,4,3.86,0.15140403807163239,6,,6
5,MCF7,6.0,A199,17,1,90.0,5,0.08,,0,0.06957199424505234,21
5,MCF7,6.0,A199,17,1,90.0,5,0.13,,0,0.07384189963340759,392
5,MCF7,6.0,A199,17,1,90.0,5,0.18,,1,0.07166162133216858,792
5,MCF7,6.0,A199,17,1,90.0,5,0.23,0.05258999392390251,125,0.06367447972297668,1304
5,MCF7,6.0,A199,17,1,90.0,5,0.28,0.05914068967103958,146,0.07162056118249893,1034
5,MCF7,6.0,A199,17,1,90.0,5,0.33,0.0629206970334053,192,0.07669027149677277,755
5,MCF7,6.0,A199,17,1,90.0,5,0.38,0.07218879461288452,276,0.07244697958230972,809
5,MCF7,6.0,A199,17,1,90.0,5,0.43,0.08375916630029678,413,0.07573209702968597,1015
5,MCF7,6.0,A199,17,1,90.0,5,0.48,0.08931713551282883,577,0.0892692506313324,1009
5,MCF7,6.0,A199,17,1,90.0,5,0.53,0.08833584934473038,466,0.10049086064100266,739
5,MCF7,6.0,A199,17,1,90.0,5,0.58,0.08839016407728195,284,0.10982896387577057,537
5,MCF7,6.0,A199,17,1,90.0,5,0.63,0.0899592861533165,209,0.11651197820901871,397
5,MCF7,6.0,A199,17,1,90.0,5,0.68,0.09459482878446579,193,0.11328105628490448,295
5,MCF7,6.0,A199,17,1,90.0,5,0.73,0.09433583170175552,130,0.10665961354970932,164
5,MCF7,6.0,A199,17,1,90.0,5,0.78,0.09498865157365799,93,0.10450801998376846,107
5,MCF7,6.0,A199,17,1,90.0,5,0.83,0.10166800767183304,55,0.10502266138792038,57
5,MCF7,6.0,A199,17,1,90.0,5,0.88,0.0921001061797142,54,0.0921001061797142,54
5,MCF7,6.0,A199,17,1,90.0,5,0.93,0.09120002388954163,29,0.09120002388954163,29
5,MCF7,6.0,A199,17,1,90.0,5,0.98,0.09616777300834656,18,0.09616777300834656,18
5,MCF7,6.0,A199,17,1,90.0,5,1.03,0.08594340831041336,15,0.08594340831041336,15
5,MCF7,6.0,A199,17,1,90.0,5,1.08,0.08753351867198944,17,0.08753351867198944,17
1,MCF7,6.0,A199,18,1,90.0,1,0.0,,0,0.0,132
1,MCF7,6.0,A199,18,1,90.0,1,0.05,,4,0.03280617669224739,95
1,MCF7,6.0,A199,18,1,90.0,1,0.1,0.04297882318496704,281,0.044326603412628174,1544
1,MCF7,6.0,A199,18,1,90.0,1,0.15,0.05634375661611557,1981,0.05431336909532547,5360
1,MCF7,6.0,A199,18,1,90.0,1,0.2,0.06196405738592148,2251,0.06240135431289673,5629
1,MCF7,6.0,A199,18,1,90.0,1,0.25,0.06309669464826584,697,0.06637532263994217,2220
1,MCF7,6.0,A199,18,1,90.0,1,0.3,0.06630618870258331,274,0.07181930541992188,870
1,MCF7,6.0,A199,18,1,90.0,1,0.35,0.07479304820299149,98,0.07552263885736465,348
1,MCF7,6.0,A199,18,1,90.0,1,0.4,0.07417265325784683,51,0.08075355738401413,109
1,MCF7,6.0,A199,18,1,90.0,1,0.45,0.07589302957057953,37,0.08016391843557358,49
1,MCF7,6.0,A199,18,1,90.0,1,0.5,0.08468902856111526,36,0.08693905919790268,39
1,MCF7,6.0,A199,18,1,90.0,1,0.55,0.07034209370613098,22,0.07034209370613098,22
1,MCF7,6.0,A199,18,1,90.0,1,0.6,0.06714868545532227,14,0.07208416610956192,16
1,MCF7,6.0,A199,18,1,90.0,1,0.65,0.06754853576421738,16,0.07383359223604202,18
1,MCF7,6.0,A199,18,1,90.0,1,0.7,0.09261251240968704,13,0.09261251240968704,13
1,MCF7,6.0,A199,18,1,90.0,1,0.75,0.06252627819776535,14,0.0667077824473381,15
1,MCF7,6.0,A199,18,1,90.0,1,0.8,0.09265086054801941,5,,6
1,MCF7,6.0,A199,18,1,90.0,1,0.85,0.10294940322637558,10,0.10131550580263138,11
1,MCF7,6.0,A199,18,1,90.0,1,0.9,0.0627644956111908,8,,8
1,MCF7,6.0,A199,18,1,90.0,1,0.95,0.043909404426813126,6,,6
1,MCF7,6.0,A199,18,1,90.0,1,1.05,,4,,6
2,MCF7,6.0,A199,18,1,90.0,2,0.0,,4,0.0018972826655954123,423
2,MCF7,6.0,A199,18,1,90.0,2,0.05,0.04060114175081253,223,0.05450526624917984,4661
2,MCF7,6.0,A199,18,1,90.0,2,0.1,0.051210664212703705,82,0.06115279719233513,3069
2,MCF7,6.0,A199,18,1,90.0,2,0.15,0.058836936950683594,78,0.06625044345855713,1243
2,MCF7,6.0,A199,18,1,90.0,2,0.2,0.07284775376319885,104,0.07017563283443451,698
2,MCF7,6.0,A199,18,1,90.0,2,0.25,0.08378099650144577,121,0.0658293068408966,627
2,MCF7,6.0,A199,18,1,90.0,2,0.3,0.07927580922842026,220,0.06301344186067581,931
2,MCF7,6.0,A199,18,1,90.0,2,0.35,0.07204772531986237,349,0.060273677110672,1000
2,MCF7,6.0,A199,18,1,90.0,2,0.4,0.07392075657844543,357,0.06255766749382019,732
2,MCF7,6.0,A199,18,1,90.0,2,0.45,0.0753120630979538,386,0.07182611525058746,466
2,MCF7,6.0,A199,18,1,90.0,2,0.5,0.08191069215536118,379,0.08140906691551208,391
2,MCF7,6.0,A199,18,1,90.0,2,0.55,0.08715925365686417,407,0.08731541782617569,412
2,MCF7,6.0,A199,18,1,90.0,2,0.6,0.08735302835702896,316,0.08735302835702896,316
2,MCF7,6.0,A199,18,1,90.0,2,0.65,0.09343501180410385,229,0.09343501180410385,229
2,MCF7,6.0,A199,18,1,90.0,2,0.7,0.09728362411260605,143,0.09728362411260605,143
2,MCF7,6.0,A199,18,1,90.0,2,0.75,0.0904269814491272,113,0.0904269814491272,113
2,MCF7,6.0,A199,18,1,90.0,2,0.8,0.09526018053293228,96,0.09526018053293228,96
2,MCF7,6.0,A199,18,1,90.0,2,0.85,0.10119551420211792,42,0.10119551420211792,42
2,MCF7,6.0,A199,18,1,90.0,2,0.9,0.09706024080514908,49,0.09706024080514908,49
2,MCF7,6.0,A199,18,1,90.0,2,0.95,0.08818721026182175,14,0.08818721026182175,14
2,MCF7,6.0,A199,18,1,90.0,2,1.0,0.10526466369628906,21,0.10526466369628906,21
2,MCF7,6.0,A199,18,1,90.0,2,1.05,0.09807664901018143,15,0.09807664901018143,15
2,MCF7,6.0,A199,18,1,90.0,2,1.1,0.11612823605537415,9,,9
2,MCF7,6.0,A199,18,1,90.0,2,1.15,0.11470365524291992,6,,6
3,MCF7,6.0,A199,18,1,90.0,3,0.0,,0,0.0,70
3,MCF7,6.0,A199,18,1,90.0,3,0.05,0.06585834175348282,56,0.06441091746091843,126
3,MCF7,6.0,A199,18,1,90.0,3,0.1,0.059028878808021545,301,0.06340105831623077,1396
3,MCF7,6.0,A199,18,1,90.0,3,0.15,0.06098175048828125,268,0.07126391679048538,1865
3,MCF7,6.0,A199,18,1,90.0,3,0.2,0.06363470107316971,191,0.08404991030693054,1279
3,MCF7,6.0,A199,18,1,90.0,3,0.25,0.06381151080131531,153,0.08735288679599762,925
3,MCF7,6.0,A199,18,1,90.0,3,0.3,0.06676725298166275,148,0.09034957736730576,813
3,MCF7,6.0,A199,18,1,90.0,3,0.35,0.07691400498151779,157,0.09920858591794968,612
3,MCF7,6.0,A199,18,1,90.0,3,0.4,0.08144942671060562,139,0.09818219393491745,458
3,MCF7,6.0,A199,18,1,90.0,3,0.45,0.08728349208831787,153,0.09880285710096359,365
3,MCF7,6.0,A199,18,1,90.0,3,0.5,0.08534114807844162,158,0.09712683409452438,336
3,MCF7,6.0,A199,18,1,90.0,3,0.55,0.08993234485387802,162,0.09838251769542694,271
3,MCF7,6.0,A199,18,1,90.0,3,0.6,0.09894625097513199,172,0.10286033153533936,245
3,MCF7,6.0,A199,18,1,90.0,3,0.65,0.10181088745594025,155,0.10577069967985153,207
3,MCF7,6.0,A199,18,1,90.0,3,0.7,0.10704148560762405,168,0.10930348187685013,195
3,MCF7,6.0,A199,18,1,90.0,3,0.75,0.10883983969688416,180,0.10963656008243561,189
3,MCF7,6.0,A199,18,1,90.0,3,0.8,0.11722549796104431,180,0.11772043257951736,187
3,MCF7,6.0,A199,18,1,90.0,3,0.85,0.1222723200917244,156,0.12217297405004501,160
3,MCF7,6.0,A199,18,1,90.0,3,0.9,0.13096681237220764,136,0.13096681237220764,136
3,MCF7,6.0,A199,18,1,90.0,3,0.95,0.1303645819425583,105,0.1295911967754364,106
3,MCF7,6.0,A199,18,1,90.0,3,1.0,0.12735484540462494,69,0.12735484540462494,69
3,MCF7,6.0,A199,18,1,90.0,3,1.05,0.13591879606246948,60,0.13591879606246948,60
3,MCF7,6.0,A199,18,1,90.0,3,1.1,0.13746871054172516,62,0.13816718757152557,64
3,MCF7,6.0,A199,18,1,90.0,3,1.15,0.12916047871112823,42,0.1291593462228775,43
3,MCF7,6.0,A199,18,1,90.0,3,1.2,0.1329689770936966,40,0.1329689770936966,40
3,MCF7,6.0,A199,18,1,90.0,3,1.25,0.12619182467460632,36,0.12619182467460632,36
3,MCF7,6.0,A199,18,1,90.0,3,1.3,0.13561442494392395,21,0.13561442494392395,21
3,MCF7,6.0,A199,18,1,90.0,3,1.35,0.1303933560848236,14,0.1303933560848236,14
3,MCF7,6.0,A199,18,1,90.0,3,1.4,0.12909150123596191,14,0.12909150123596191,14
3,MCF7,6.0,A199,18,1,90.0,3,1.45,0.1350933164358139,9,,9
4,MCF7,6.0,A199,18,1,90.0,4,0.03,,0,0.03657272085547447,65
4,MCF7,6.0,A199,18,1,90.0,4,0.08,0.018117252737283707,24,0.04092717543244362,735
4,MCF7,6.0,A199,18,1,90.0,4,0.13,0.03535597026348114,254,0.04189828410744667,1745
4,MCF7,6.0,A199,18,1,90.0,4,0.18,0.04156886041164398,382,0.04616604745388031,1665
4,MCF7,6.0,A199,18,1,90.0,4,0.23,0.052826542407274246,454,0.05243939161300659,2045
4,MCF7,6.0,A199,18,1,90.0,4,0.28,0.05814746767282486,704,0.06318742036819458,2467
4,MCF7,6.0,A199,18,1,90.0,4,0.33,0.060276128351688385,782,0.06949933618307114,1620
4,MCF7,6.0,A199,18,1,90.0,4,0.38,0.06258609145879745,682,0.0694107636809349,886
4,MCF7,6.0,A199,18,1,90.0,4,0.43,0.0658368468284607,667,0.07022402435541153,728
4,MCF7,6.0,A199,18,1,90.0,4,0.48,0.06899593025445938,555,0.07041988521814346,573
4,MCF7,6.0,A199,18,1,90.0,4,0.53,0.07159095257520676,453,0.07159095257520676,453
4,MCF7,6.0,A199,18,1,90.0,4,0.58,0.0745495930314064,386,0.0745495930314064,386
4,MCF7,6.0,A199,18,1,90.0,4,0.63,0.07514287531375885,252,0.07514287531375885,252
4,MCF7,6.0,A199,18,1,90.0,4,0.68,0.0771210640668869,168,0.07762926071882248,169
4,MCF7,6.0,A199,18,1,90.0,4,0.73,0.07319308072328568,94,0.07319308072328568,94
4,MCF7,6.0,A199,18,1,90.0,4,0.78,0.0762341171503067,73,0.0762341171503067,73
4,MCF7,6.0,A199,18,1,90.0,4,0.83,0.07552839070558548,58,0.07552839070558548,58
4,MCF7,6.0,A199,18,1,90.0,4,0.88,0.07244957238435745,35,0.07244957238435745,35
4,MCF7,6.0,A199,18,1,90.0,4,0.93,0.08304963260889053,30,0.08304963260889053,30
4,MCF7,6.0,A199,18,1,90.0,4,0.98,0.09059275686740875,21,0.09059275686740875,21
4,MCF7,6.0,A199,18,1,90.0,4,1.03,0.07410146296024323,18,0.07410146296024323,18
4,MCF7,6.0,A199,18,1,90.0,4,1.13,0.07370160520076752,7,,7
4,MCF7,6.0,A199,18,1,90.0,4,1.18,0.06807971000671387,7,,7
4,MCF7,6.0,A199,18,1,90.0,4,1.28,0.06108070909976959,6,,6
1,MCF7,6.0,A199,19,1,90.0,1,0.12,,2,0.042368292808532715,13
1,MCF7,6.0,A199,19,1,90.0,1,0.17,0.044273409992456436,238,0.04893386363983154,705
1,MCF7,6.0,A199,19,1,90.0,1,0.22,0.04788520559668541,541,0.05162777379155159,1484
1,MCF7,6.0,A199,19,1,90.0,1,0.27,0.050366416573524475,666,0.051016129553318024,1675
1,MCF7,6.0,A199,19,1,90.0,1,0.32,0.05232594907283783,707,0.05196860060095787,2024
1,MCF7,6.0,A199,19,1,90.0,1,0.37,0.05454720929265022,1021,0.054496634751558304,2222
1,MCF7,6.0,A199,19,1,90.0,1,0.42,0.05957886576652527,701,0.05743124336004257,1596
1,MCF7,6.0,A199,19,1,90.0,1,0.47,0.05955229327082634,453,0.055107325315475464,1251
1,MCF7,6.0,A199,19,1,90.0,1,0.52,0.05861809104681015,438,0.05459286645054817,1387
1,MCF7,6.0,A199,19,1,90.0,1,0.57,0.05982474982738495,595,0.055917978286743164,1671
1,MCF7,6.0,A199,19,1,90.0,1,0.62,0.06379959732294083,651,0.05873662233352661,1652
1,MCF7,6.0,A199,19,1,90.0,1,0.67,0.06694866716861725,584,0.06260084360837936,1205
1,MCF7,6.0,A199,19,1,90.0,1,0.72,0.07166193425655365,520,0.06897769123315811,867
1,MCF7,6.0,A199,19,1,90.0,1,0.77,0.0746082291007042,539,0.07372386008501053,686
1,MCF7,6.0,A199,19,1,90.0,1,0.82,0.07707112282514572,475,0.07698937505483627,560
1,MCF7,6.0,A199,19,1,90.0,1,0.87,0.07824679464101791,407,0.07917247712612152,433
1,MCF7,6.0,A199,19,1,90.0,1,0.92,0.08035337924957275,425,0.08005676418542862,442
1,MCF7,6.0,A199,19,1,90.0,1,0.97,0.08029504865407944,421,0.08032353967428207,427
1,MCF7,6.0,A199,19,1,90.0,1,1.02,0.0846162661910057,425,0.08504343032836914,433
1,MCF7,6.0,A199,19,1,90.0,1,1.07,0.08789616823196411,368,0.08779049664735794,370
1,MCF7,6.0,A199,19,1,90.0,1,1.12,0.0906103327870369,292,0.09049376845359802,294
1,MCF7,6.0,A199,19,1,90.0,1,1.17,0.08967776596546173,248,0.0897003710269928,253
1,MCF7,6.0,A199,19,1,90.0,1,1.22,0.0924498587846756,194,0.09221961349248886,196
1,MCF7,6.0,A199,19,1,90.0,1,1.27,0.08925983309745789,137,0.08881990611553192,138
1,MCF7,6.0,A199,19,1,90.0,1,1.32,0.0894508883357048,121,0.0894508883357048,121
1,MCF7,6.0,A199,19,1,90.0,1,1.37,0.0855073556303978,79,0.08533529937267303,80
1,MCF7,6.0,A199,19,1,90.0,1,1.42,0.09331230074167252,70,0.09331230074167252,70
1,MCF7,6.0,A199,19,1,90.0,1,1.47,0.09300262480974197,73,0.09300262480974197,73
1,MCF7,6.0,A199,19,1,90.0,1,1.52,0.08595392853021622,51,0.08595392853021622,51
1,MCF7,6.0,A199,19,1,90.0,1,1.57,0.08928409963846207,34,0.08928409963846207,34
1,MCF7,6.0,A199,19,1,90.0,1,1.62,0.07917702198028564,35,0.07917702198028564,35
1,MCF7,6.0,A199,19,1,90.0,1,1.67,0.08078332245349884,29,0.08078332245349884,29
1,MCF7,6.0,A199,19,1,90.0,1,1.72,0.08719378709793091,19,0.08719378709793091,19
1,MCF7,6.0,A199,19,1,90.0,1,1.77,0.0942750945687294,16,0.0942750945687294,16
1,MCF7,6.0,A199,19,1,90.0,1,1.82,0.07280436903238297,17,0.07280436903238297,17
1,MCF7,6.0,A199,19,1,90.0,1,1.87,0.09216933697462082,17,0.09216933697462082,17
1,MCF7,6.0,A199,19,1,90.0,1,1.92,0.06846623122692108,10,0.06846623122692108,10
1,MCF7,6.0,A199,19,1,90.0,1,1.97,0.07386315613985062,11,0.07386315613985062,11
1,MCF7,6.0,A199,19,1,90.0,1,2.02,0.08457162976264954,8,,8
1,MCF7,6.0,A199,19,1,90.0,1,2.07,0.08505887538194656,7,,7
1,MCF7,6.0,A199,19,1,90.0,1,2.27,0.10457698255777359,9,,9
2,MCF7,6.0,A199,19,1,90.0,2,0.07,,0,0.050797268748283386,64
2,MCF7,6.0,A199,19,1,90.0,2,0.12,0.04083693027496338,77,0.04617010056972504,2287
2,MCF7,6.0,A199,19,1,90.0,2,0.17,0.04574240744113922,1316,0.04566854238510132,5956
2,MCF7,6.0,A199,19,1,90.0,2,0.22,0.04890783876180649,3034,0.04924999177455902,5503
2,MCF7,6.0,A199,19,1,90.0,2,0.27,0.053381312638521194,2021,0.05323507636785507,2306
2,MCF7,6.0,A199,19,1,90.0,2,0.32,0.05919492989778519,514,0.05941043421626091,525
2,MCF7,6.0,A199,19,1,90.0,2,0.37,0.06342034786939621,172,0.06342034786939621,172
2,MCF7,6.0,A199,19,1,90.0,2,0.42,0.06124274060130119,57,0.06124274060130119,57
2,MCF7,6.0,A199,19,1,90.0,2,0.47,0.0648384839296341,19,0.0648384839296341,19
2,MCF7,6.0,A199,19,1,90.0,2,0.52,0.06148199364542961,6,,6
3,MCF7,6.0,A199,19,1,90.0,3,0.09,0.04805270582437515,98,0.047660090029239655,103
3,MCF7,6.0,A199,19,1,90.0,3,0.14,0.04846431314945221,2303,0.04879036918282509,3710
3,MCF7,6.0,A199,19,1,90.0,3,0.19,0.05446787551045418,2632,0.05388905853033066,8915
3,MCF7,6.0,A199,19,1,90.0,3,0.24,0.06251116096973419,3749,0.06003834307193756,11453
3,MCF7,6.0,A199,19,1,90.0,3,0.29,0.06777903437614441,1573,0.06732781231403351,6329
3,MCF7,6.0,A199,19,1,90.0,3,0.34,0.06721940636634827,612,0.07510022819042206,2366
3,MCF7,6.0,A199,19,1,90.0,3,0.39,0.06806738674640656,413,0.0727638229727745,1059
3,MCF7,6.0,A199,19,1,90.0,3,0.44,0.07126495987176895,288,0.06944829225540161,628
3,MCF7,6.0,A199,19,1,90.0,3,0.49,0.0723692998290062,282,0.07109975814819336,346
3,MCF7,6.0,A199,19,1,90.0,3,0.54,0.08088715374469757,268,0.08064532279968262,272
3,MCF7,6.0,A199,19,1,90.0,3,0.59,0.0974874347448349,197,0.0974874347448349,197
3,MCF7,6.0,A199,19,1,90.0,3,0.64,0.10325134545564651,152,0.10325134545564651,152
3,MCF7,6.0,A199,19,1,90.0,3,0.69,0.1055903285741806,127,0.1055903285741806,127
3,MCF7,6.0,A199,19,1,90.0,3,0.74,0.11017303913831711,87,0.11017303913831711,87
3,MCF7,6.0,A199,19,1,90.0,3,0.79,0.11222497373819351,63,0.11222497373819351,63
3,MCF7,6.0,A199,19,1,90.0,3,0.84,0.1110185831785202,45,0.1110185831785202,45
3,MCF7,6.0,A199,19,1,90.0,3,0.89,0.11851589381694794,39,0.11851589381694794,39
3,MCF7,6.0,A199,19,1,90.0,3,0.94,0.12015485763549805,21,0.12015485763549805,21
3,MCF7,6.0,A199,19,1,90.0,3,0.99,0.11353739351034164,27,0.11353739351034164,27
3,MCF7,6.0,A199,19,1,90.0,3,1.04,0.13091900944709778,15,0.13091900944709778,15
3,MCF7,6.0,A199,19,1,90.0,3,1.09,0.1380937248468399,17,0.1380937248468399,17
3,MCF7,6.0,A199,19,1,90.0,3,1.14,0.12155259400606155,7,,7
3,MCF7,6.0,A199,19,1,90.0,3,1.19,0.11951971799135208,13,0.11951971799135208,13
3,MCF7,6.0,A199,19,1,90.0,3,1.24,0.12182123959064484,11,0.12182123959064484,11
3,MCF7,6.0,A199,19,1,90.0,3,1.34,0.11515995115041733,9,,9
3,MCF7,6.0,A199,19,1,90.0,3,1.39,0.11248303949832916,9,,9
3,MCF7,6.0,A199,19,1,90.0,3,1.49,0.12225668877363205,7,,7
4,MCF7,6.0,A199,19,1,90.0,4,0.08,,0,0.057082951068878174,56
4,MCF7,6.0,A199,19,1,90.0,4,0.13,,0,0.056154515594244,5229
4,MCF7,6.0,A199,19,1,90.0,4,0.18,,0,0.0555126890540123,11058
4,MCF7,6.0,A199,19,1,90.0,4,0.23,0.04106271266937256,8,0.054958902299404144,5547
4,MCF7,6.0,A199,19,1,90.0,4,0.28,0.042687900364398956,91,0.05474488064646721,2813
4,MCF7,6.0,A199,19,1,90.0,4,0.33,0.051481835544109344,98,0.06337164342403412,1642
4,MCF7,6.0,A199,19,1,90.0,4,0.38,0.06055784597992897,246,0.06830281019210815,1438
4,MCF7,6.0,A199,19,1,90.0,4,0.43,0.06921816617250443,307,0.07381333410739899,1159
4,MCF7,6.0,A199,19,1,90.0,4,0.48,0.07696761190891266,270,0.07984254509210587,1050
4,MCF7,6.0,A199,19,1,90.0,4,0.53,0.08533163368701935,323,0.08635737001895905,1227
4,MCF7,6.0,A199,19,1,90.0,4,0.58,0.08921661227941513,355,0.08913622051477432,982
4,MCF7,6.0,A199,19,1,90.0,4,0.63,0.09470268338918686,370,0.09464903920888901,696
4,MCF7,6.0,A199,19,1,90.0,4,0.68,0.09761324524879456,363,0.09783556312322617,457
4,MCF7,6.0,A199,19,1,90.0,4,0.73,0.10022464394569397,277,0.1006789281964302,294
4,MCF7,6.0,A199,19,1,90.0,4,0.78,0.10866422206163406,270,0.10869144648313522,273
4,MCF7,6.0,A199,19,1,90.0,4,0.83,0.1187681257724762,278,0.11875686049461365,279
4,MCF7,6.0,A199,19,1,90.0,4,0.88,0.12139059603214264,254,0.12123488634824753,255
4,MCF7,6.0,A199,19,1,90.0,4,0.93,0.12693069875240326,279,0.12693069875240326,279
4,MCF7,6.0,A199,19,1,90.0,4,0.98,0.13128842413425446,246,0.13128842413425446,246
4,MCF7,6.0,A199,19,1,90.0,4,1.03,0.13284675776958466,197,0.13284675776958466,197
4,MCF7,6.0,A199,19,1,90.0,4,1.08,0.13338257372379303,216,0.13338257372379303,216
4,MCF7,6.0,A199,19,1,90.0,4,1.13,0.13306327164173126,151,0.13306327164173126,151
4,MCF7,6.0,A199,19,1,90.0,4,1.18,0.1390627920627594,160,0.1390627920627594,160
4,MCF7,6.0,A199,19,1,90.0,4,1.23,0.14080072939395905,93,0.14080072939395905,93
4,MCF7,6.0,A199,19,1,90.0,4,1.28,0.14376325905323029,119,0.14376325905323029,119
4,MCF7,6.0,A199,19,1,90.0,4,1.33,0.14345529675483704,86,0.14345529675483704,86
4,MCF7,6.0,A199,19,1,90.0,4,1.38,0.13293617963790894,79,0.13293617963790894,79
4,MCF7,6.0,A199,19,1,90.0,4,1.43,0.14743372797966003,72,0.14743372797966003,72
4,MCF7,6.0,A199,19,1,90.0,4,1.48,0.14670757949352264,48,0.14670757949352264,48
4,MCF7,6.0,A199,19,1,90.0,4,1.53,0.15297983586788177,51,0.15297983586788177,51
4,MCF7,6.0,A199,19,1,90.0,4,1.58,0.1537412703037262,31,0.1537412703037262,31
4,MCF7,6.0,A199,19,1,90.0,4,1.63,0.16060565412044525,24,0.16060565412044525,24
4,MCF7,6.0,A199,19,1,90.0,4,1.68,0.16329549252986908,24,0.16329549252986908,24
4,MCF7,6.0,A199,19,1,90.0,4,1.73,0.15727196633815765,19,0.15727196633815765,19
4,MCF7,6.0,A199,19,1,90.0,4,1.78,0.174411803483963,15,0.174411803483963,15
4,MCF7,6.0,A199,19,1,90.0,4,1.83,0.1683061271905899,6,,6
4,MCF7,6.0,A199,19,1,90.0,4,1.88,0.1717166304588318,11,0.1717166304588318,11
4,MCF7,6.0,A199,19,1,90.0,4,1.93,0.1754903346300125,6,,6
4,MCF7,6.0,A199,19,1,90.0,4,1.98,0.15491428971290588,7,,7
5,MCF7,6.0,A199,19,1,90.0,5,0.06,,0,0.059923913329839706,127
5,MCF7,6.0,A199,19,1,90.0,5,0.11,0.035988617688417435,15,0.06182603910565376,1748
5,MCF7,6.0,A199,19,1,90.0,5,0.16,0.04358702152967453,163,0.057757265865802765,2325
5,MCF7,6.0,A199,19,1,90.0,5,0.21,0.050826795399188995,418,0.05563502758741379,2012
5,MCF7,6.0,A199,19,1,90.0,5,0.26,0.055422425270080566,687,0.05530640855431557,2000
5,MCF7,6.0,A199,19,1,90.0,5,0.31,0.05475326254963875,947,0.05146099999547005,1508
5,MCF7,6.0,A199,19,1,90.0,5,0.36,0.05760533735156059,918,0.055273234844207764,1078
5,MCF7,6.0,A199,19,1,90.0,5,0.41,0.06023399531841278,623,0.058493565768003464,686
5,MCF7,6.0,A199,19,1,90.0,5,0.46,0.06133268028497696,513,0.06081550568342209,531
5,MCF7,6.0,A199,19,1,90.0,5,0.51,0.06406379491090775,374,0.06369058787822723,378
5,MCF7,6.0,A199,19,1,90.0,5,0.56,0.06641890108585358,170,0.06641890108585358,170
5,MCF7,6.0,A199,19,1,90.0,5,0.61,0.065379798412323,118,0.065379798412323,118
5,MCF7,6.0,A199,19,1,90.0,5,0.66,0.07023368030786514,55,0.07023368030786514,55
5,MCF7,6.0,A199,19,1,90.0,5,0.71,0.07253234833478928,45,0.07253234833478928,45
5,MCF7,6.0,A199,19,1,90.0,5,0.76,0.07880739122629166,30,0.07880739122629166,30
5,MCF7,6.0,A199,19,1,90.0,5,0.81,0.08692912012338638,12,0.08692912012338638,12
5,MCF7,6.0,A199,19,1,90.0,5,0.86,0.07802975922822952,6,,6
1,MCF7,6.0,A199,2,1,90.0,1,0.04,0.03868921473622322,23,0.046540144830942154,1585
1,MCF7,6.0,A199,2,1,90.0,1,0.09,0.044469039887189865,931,0.04770687595009804,5929
1,MCF7,6.0,A199,2,1,90.0,1,0.14,0.0496855266392231,1156,0.047387149184942245,2496
1,MCF7,6.0,A199,2,1,90.0,1,0.19,0.04879620298743248,1216,0.044426921755075455,2821
1,MCF7,6.0,A199,2,1,90.0,1,0.24,0.04651796445250511,805,0.040318578481674194,3002
1,MCF7,6.0,A199,2,1,90.0,1,0.29,0.046163223683834076,799,0.043149758130311966,1629
1,MCF7,6.0,A199,2,1,90.0,1,0.34,0.04850341007113457,497,0.0483236238360405,603
1,MCF7,6.0,A199,2,1,90.0,1,0.39,0.04813404753804207,231,0.04843011498451233,253
1,MCF7,6.0,A199,2,1,90.0,1,0.44,0.049511853605508804,96,0.04967927932739258,105
1,MCF7,6.0,A199,2,1,90.0,1,0.49,0.05083440989255905,39,0.0502859503030777,46
1,MCF7,6.0,A199,2,1,90.0,1,0.54,0.04612831026315689,15,0.0468580387532711,20
2,MCF7,6.0,A199,2,1,90.0,2,0.08,0.03576764836907387,28,0.03576764836907387,28
2,MCF7,6.0,A199,2,1,90.0,2,0.13,0.04326904937624931,865,0.04286662116646767,940
2,MCF7,6.0,A199,2,1,90.0,2,0.18,0.04754641279578209,1252,0.045630522072315216,1666
2,MCF7,6.0,A199,2,1,90.0,2,0.23,0.05078494921326637,1794,0.04894247651100159,2594
2,MCF7,6.0,A199,2,1,90.0,2,0.28,0.053879234939813614,1152,0.053784046322107315,1887
2,MCF7,6.0,A199,2,1,90.0,2,0.33,0.05880175903439522,750,0.06168096140027046,1371
2,MCF7,6.0,A199,2,1,90.0,2,0.38,0.06134096533060074,437,0.06677287071943283,1148
2,MCF7,6.0,A199,2,1,90.0,2,0.43,0.06270085275173187,325,0.07345721125602722,1214
2,MCF7,6.0,A199,2,1,90.0,2,0.48,0.06886961311101913,299,0.08170531690120697,1316
2,MCF7,6.0,A199,2,1,90.0,2,0.53,0.0756208747625351,340,0.08937331289052963,1284
2,MCF7,6.0,A199,2,1,90.0,2,0.58,0.08489619940519333,353,0.09473466128110886,997
2,MCF7,6.0,A199,2,1,90.0,2,0.63,0.08854179829359055,330,0.0980958417057991,610
2,MCF7,6.0,A199,2,1,90.0,2,0.68,0.09105010330677032,319,0.09786231815814972,407
2,MCF7,6.0,A199,2,1,90.0,2,0.73,0.09214505553245544,288,0.09532219916582108,314
2,MCF7,6.0,A199,2,1,90.0,2,0.78,0.08918874710798264,261,0.09044196456670761,267
2,MCF7,6.0,A199,2,1,90.0,2,0.83,0.09094079583883286,216,0.09083033353090286,217
2,MCF7,6.0,A199,2,1,90.0,2,0.88,0.08737537264823914,183,0.08737537264823914,183
2,MCF7,6.0,A199,2,1,90.0,2,0.93,0.08640608936548233,161,0.08640608936548233,161
2,MCF7,6.0,A199,2,1,90.0,2,0.98,0.08795764297246933,83,0.08795764297246933,83
2,MCF7,6.0,A199,2,1,90.0,2,1.03,0.09249861538410187,46,0.09249861538410187,46
2,MCF7,6.0,A199,2,1,90.0,2,1.08,0.08876577764749527,18,0.08876577764749527,18
3,MCF7,6.0,A199,2,1,90.0,3,0.0,,0,0.0,15
3,MCF7,6.0,A199,2,1,90.0,3,0.1,,4,,6
3,MCF7,6.0,A199,2,1,90.0,3,0.15,0.06445839256048203,44,0.07575453072786331,166
3,MCF7,6.0,A199,2,1,90.0,3,0.2,0.06352684646844864,309,0.07856668531894684,1265
3,MCF7,6.0,A199,2,1,90.0,3,0.25,0.07083353400230408,1126,0.08232010900974274,3374
3,MCF7,6.0,A199,2,1,90.0,3,0.3,0.07784166187047958,1563,0.08825153857469559,3874
3,MCF7,6.0,A199,2,1,90.0,3,0.35,0.0798059031367302,1543,0.08868425339460373,3233
3,MCF7,6.0,A199,2,1,90.0,3,0.4,0.0830274224281311,1428,0.08846276253461838,2435
3,MCF7,6.0,A199,2,1,90.0,3,0.45,0.08745623379945755,930,0.09212354570627213,1458
3,MCF7,6.0,A199,2,1,90.0,3,0.5,0.09066468477249146,618,0.09407031536102295,869
3,MCF7,6.0,A199,2,1,90.0,3,0.55,0.09251206368207932,486,0.09528294950723648,574
3,MCF7,6.0,A199,2,1,90.0,3,0.6,0.09649554640054703,376,0.09741128981113434,424
3,MCF7,6.0,A199,2,1,90.0,3,0.65,0.10115008056163788,317,0.1020534560084343,334
3,MCF7,6.0,A199,2,1,90.0,3,0.7,0.10210179537534714,292,0.10258781164884567,303
3,MCF7,6.0,A199,2,1,90.0,3,0.75,0.10415513068437576,246,0.10431476682424545,253
3,MCF7,6.0,A199,2,1,90.0,3,0.8,0.11030995100736618,197,0.10997766256332397,201
3,MCF7,6.0,A199,2,1,90.0,3,0.85,0.11333751678466797,176,0.11328450590372086,177
3,MCF7,6.0,A199,2,1,90.0,3,0.9,0.11689092963933945,129,0.11689092963933945,129
3,MCF7,6.0,A199,2,1,90.0,3,0.95,0.11788947135210037,88,0.11794581264257431,89
3,MCF7,6.0,A199,2,1,90.0,3,1.0,0.12002044171094894,62,0.12002044171094894,62
3,MCF7,6.0,A199,2,1,90.0,3,1.05,0.12186160683631897,57,0.12254298478364944,59
3,MCF7,6.0,A199,2,1,90.0,3,1.1,0.12389089167118073,32,0.12389089167118073,32
3,MCF7,6.0,A199,2,1,90.0,3,1.15,0.13324731588363647,29,0.13457061350345612,30
3,MCF7,6.0,A199,2,1,90.0,3,1.2,0.13991805911064148,18,0.13910351693630219,19
3,MCF7,6.0,A199,2,1,90.0,3,1.25,0.12604780495166779,11,0.12604780495166779,11
3,MCF7,6.0,A199,2,1,90.0,3,1.35,0.15196815133094788,8,,8
3,MCF7,6.0,A199,2,1,90.0,3,1.4,0.14654779434204102,7,,7
3,MCF7,6.0,A199,2,1,90.0,3,1.45,0.15718545019626617,7,,7
1,MCF7,6.0,A199,20,1,90.0,1,0.06,0.03733900934457779,504,0.036701351404190063,544
1,MCF7,6.0,A199,20,1,90.0,1,0.11,0.040403101593256,3202,0.03915870562195778,5866
1,MCF7,6.0,A199,20,1,90.0,1,0.16,0.04204653948545456,1114,0.042805325239896774,5906
1,MCF7,6.0,A199,20,1,90.0,1,0.21,0.043959591537714005,849,0.048760950565338135,3749
1,MCF7,6.0,A199,20,1,90.0,1,0.26,0.0490652434527874,699,0.04910638555884361,1743
1,MCF7,6.0,A199,20,1,90.0,1,0.31,0.05178697034716606,639,0.05092356353998184,1306
1,MCF7,6.0,A199,20,1,90.0,1,0.36,0.05464107543230057,587,0.05436155945062637,797
1,MCF7,6.0,A199,20,1,90.0,1,0.41,0.06033763289451599,317,0.059731513261795044,337
1,MCF7,6.0,A199,20,1,90.0,1,0.46,0.0640656128525734,39,0.06368567049503326,40
2,MCF7,6.0,A199,20,1,90.0,2,0.06,0.04093741998076439,267,0.0502404123544693,898
2,MCF7,6.0,A199,20,1,90.0,2,0.11,0.045406315475702286,1685,0.052265338599681854,5606
2,MCF7,6.0,A199,20,1,90.0,2,0.16,0.04654257744550705,1551,0.047855719923973083,2981
2,MCF7,6.0,A199,20,1,90.0,2,0.21,0.04699152335524559,1146,0.047314468771219254,2146
2,MCF7,6.0,A199,20,1,90.0,2,0.26,0.05135878548026085,827,0.04695921763777733,2228
2,MCF7,6.0,A199,20,1,90.0,2,0.31,0.05099131166934967,797,0.04582914710044861,1915
2,MCF7,6.0,A199,20,1,90.0,2,0.36,0.044958923012018204,371,0.045332007110118866,673
2,MCF7,6.0,A199,20,1,90.0,2,0.41,0.04417230933904648,111,0.045439463108778,141
2,MCF7,6.0,A199,20,1,90.0,2,0.46,0.05285080149769783,18,0.049829285591840744,29
3,MCF7,6.0,A199,20,1,90.0,3,0.15,0.05625094100832939,228,0.056321773678064346,230
3,MCF7,6.0,A199,20,1,90.0,3,0.2,0.05756737291812897,3424,0.058389388024806976,4502
3,MCF7,6.0,A199,20,1,90.0,3,0.25,0.06072891876101494,2060,0.05885457247495651,6537
3,MCF7,6.0,A199,20,1,90.0,3,0.3,0.0654653012752533,1097,0.06370708346366882,7665
3,MCF7,6.0,A199,20,1,90.0,3,0.35,0.06670952588319778,694,0.06869380921125412,8326
3,MCF7,6.0,A199,20,1,90.0,3,0.4,0.06938131153583527,444,0.07120409607887268,5295
3,MCF7,6.0,A199,20,1,90.0,3,0.45,0.0758589506149292,252,0.07665141671895981,1440
3,MCF7,6.0,A199,20,1,90.0,3,0.5,0.07970789074897766,145,0.08033537119626999,231
3,MCF7,6.0,A199,20,1,90.0,3,0.55,0.084767647087574,103,0.08570843935012817,106
3,MCF7,6.0,A199,20,1,90.0,3,0.6,0.08251845091581345,52,0.08251845091581345,52
3,MCF7,6.0,A199,20,1,90.0,3,0.65,0.08139927685260773,30,0.08139927685260773,30
3,MCF7,6.0,A199,20,1,90.0,3,0.7,0.09479106962680817,17,0.09479106962680817,17
3,MCF7,6.0,A199,20,1,90.0,3,0.75,0.12013113498687744,12,0.12013113498687744,12
3,MCF7,6.0,A199,20,1,90.0,3,0.8,0.09445036947727203,7,,7
3,MCF7,6.0,A199,20,1,90.0,3,0.85,0.11424056440591812,12,0.11424056440591812,12
4,MCF7,6.0,A199,20,1,90.0,4,0.03,0.042508598417043686,7,0.03222275897860527,590
4,MCF7,6.0,A199,20,1,90.0,4,0.08,0.04322006553411484,3556,0.04290301725268364,13075
4,MCF7,6.0,A199,20,1,90.0,4,0.13,0.05090600624680519,3194,0.05434638634324074,4842
4,MCF7,6.0,A199,20,1,90.0,4,0.18,0.05186361446976662,275,0.054715514183044434,359
4,MCF7,6.0,A199,20,1,90.0,4,0.23,0.05714622512459755,115,0.05714622512459755,115
4,MCF7,6.0,A199,20,1,90.0,4,0.28,0.05926938354969025,72,0.05926938354969025,72
4,MCF7,6.0,A199,20,1,90.0,4,0.33,0.06041260063648224,42,0.06041260063648224,42
4,MCF7,6.0,A199,20,1,90.0,4,0.38,0.06223967298865318,19,0.06223967298865318,19
4,MCF7,6.0,A199,20,1,90.0,4,0.43,0.05644284561276436,16,0.05644284561276436,16
4,MCF7,6.0,A199,20,1,90.0,4,0.48,0.04959865286946297,10,0.04959865286946297,10
4,MCF7,6.0,A199,20,1,90.0,4,0.53,0.047323595732450485,6,,6
5,MCF7,6.0,A199,20,1,90.0,5,0.05,0.028400519862771034,502,0.028136324137449265,512
5,MCF7,6.0,A199,20,1,90.0,5,0.1,0.04664481058716774,2125,0.0404718853533268,3940
5,MCF7,6.0,A199,20,1,90.0,5,0.15,0.05140082165598869,2136,0.050373632460832596,8141
5,MCF7,6.0,A199,20,1,90.0,5,0.2,0.052413348108530045,2530,0.05556695535778999,10657
5,MCF7,6.0,A199,20,1,90.0,5,0.25,0.05365925654768944,2241,0.05818425863981247,3470
5,MCF7,6.0,A199,20,1,90.0,5,0.3,0.056475989520549774,872,0.056647371500730515,881
5,MCF7,6.0,A199,20,1,90.0,5,0.35,0.061502471566200256,435,0.061502471566200256,435
5,MCF7,6.0,A199,20,1,90.0,5,0.4,0.0630585104227066,164,0.0630585104227066,164
5,MCF7,6.0,A199,20,1,90.0,5,0.45,0.06671936810016632,63,0.06671936810016632,63
5,MCF7,6.0,A199,20,1,90.0,5,0.5,0.06683579832315445,30,0.06683579832315445,30
5,MCF7,6.0,A199,20,1,90.0,5,0.55,0.05973998084664345,14,0.05973998084664345,14
5,MCF7,6.0,A199,20,1,90.0,5,0.65,0.07655135542154312,6,,6
5,MCF7,6.0,A199,20,1,90.0,5,0.7,0.061029937118291855,7,,7
5,MCF7,6.0,A199,20,1,90.0,5,0.75,0.060890212655067444,6,,6
6,MCF7,6.0,A199,20,1,90.0,6,0.03,0.03713369742035866,232,0.03763096034526825,234
6,MCF7,6.0,A199,20,1,90.0,6,0.08,0.05516359955072403,1223,0.06283720582723618,2991
6,MCF7,6.0,A199,20,1,90.0,6,0.13,0.04825787991285324,1451,0.0561816580593586,3096
6,MCF7,6.0,A199,20,1,90.0,6,0.18,0.050609029829502106,1151,0.05734975263476372,2788
6,MCF7,6.0,A199,20,1,90.0,6,0.23,0.05816063657402992,1872,0.05828089267015457,3405
6,MCF7,6.0,A199,20,1,90.0,6,0.28,0.06153574958443642,2433,0.06061308830976486,3591
6,MCF7,6.0,A199,20,1,90.0,6,0.33,0.06277849525213242,598,0.060175951570272446,2263
6,MCF7,6.0,A199,20,1,90.0,6,0.38,,1,0.0653185248374939,334
1,MCF7,6.0,A199,21,1,90.0,1,0.07,0.03159698471426964,93,0.02312668412923813,610
1,MCF7,6.0,A199,21,1,90.0,1,0.12,0.03631635010242462,475,0.03249674290418625,2829
1,MCF7,6.0,A199,21,1,90.0,1,0.17,0.044822849333286285,166,0.042571257799863815,3871
1,MCF7,6.0,A199,21,1,90.0,1,0.22,0.0458793081343174,167,0.04663928970694542,1919
1,MCF7,6.0,A199,21,1,90.0,1,0.27,0.048946768045425415,162,0.051680319011211395,1095
1,MCF7,6.0,A199,21,1,90.0,1,0.32,0.059337906539440155,275,0.06093579903244972,982
1,MCF7,6.0,A199,21,1,90.0,1,0.37,0.06883023679256439,244,0.07656054943799973,856
1,MCF7,6.0,A199,21,1,90.0,1,0.42,0.07082292437553406,222,0.08327239751815796,700
1,MCF7,6.0,A199,21,1,90.0,1,0.47,0.0757058784365654,281,0.08628763258457184,751
1,MCF7,6.0,A199,21,1,90.0,1,0.52,0.08226414024829865,279,0.09048747271299362,675
1,MCF7,6.0,A199,21,1,90.0,1,0.57,0.08241254836320877,343,0.0895712673664093,696
1,MCF7,6.0,A199,21,1,90.0,1,0.62,0.08538293838500977,451,0.0885094702243805,645
1,MCF7,6.0,A199,21,1,90.0,1,0.67,0.09386369585990906,572,0.09407006949186325,603
1,MCF7,6.0,A199,21,1,90.0,1,0.72,0.09770167618989944,738,0.0976540818810463,740
1,MCF7,6.0,A199,21,1,90.0,1,0.77,0.1001676693558693,753,0.1001676693558693,753
1,MCF7,6.0,A199,21,1,90.0,1,0.82,0.09871748089790344,497,0.09871748089790344,497
1,MCF7,6.0,A199,21,1,90.0,1,0.87,0.10269036144018173,270,0.10269036144018173,270
1,MCF7,6.0,A199,21,1,90.0,1,0.92,0.10246061533689499,180,0.10246061533689499,180
1,MCF7,6.0,A199,21,1,90.0,1,0.97,0.10815808922052383,83,0.10815808922052383,83
1,MCF7,6.0,A199,21,1,90.0,1,1.02,0.1089058369398117,41,0.1089058369398117,41
1,MCF7,6.0,A199,21,1,90.0,1,1.07,0.1042943149805069,31,0.1042943149805069,31
1,MCF7,6.0,A199,21,1,90.0,1,1.12,0.09832106530666351,21,0.09832106530666351,21
1,MCF7,6.0,A199,21,1,90.0,1,1.17,0.09486357122659683,12,0.09486357122659683,12
2,MCF7,6.0,A199,21,1,90.0,2,0.03,,0,0.030444538220763206,53
2,MCF7,6.0,A199,21,1,90.0,2,0.08,,0,0.036867789924144745,949
2,MCF7,6.0,A199,21,1,90.0,2,0.13,,0,0.05260726809501648,2915
2,MCF7,6.0,A199,21,1,90.0,2,0.18,0.052576761692762375,52,0.053159818053245544,3267
2,MCF7,6.0,A199,21,1,90.0,2,0.23,0.055180199444293976,265,0.05391579493880272,1565
2,MCF7,6.0,A199,21,1,90.0,2,0.28,0.06199343875050545,307,0.05729692056775093,914
2,MCF7,6.0,A199,21,1,90.0,2,0.33,0.06328887492418289,391,0.05373682081699371,1189
2,MCF7,6.0,A199,21,1,90.0,2,0.38,0.06100760027766228,478,0.053172919899225235,1045
2,MCF7,6.0,A199,21,1,90.0,2,0.43,0.06746400147676468,507,0.06582668423652649,546
2,MCF7,6.0,A199,21,1,90.0,2,0.48,0.07285374402999878,542,0.07278575748205185,543
2,MCF7,6.0,A199,21,1,90.0,2,0.53,0.07603750377893448,441,0.07603750377893448,441
2,MCF7,6.0,A199,21,1,90.0,2,0.58,0.07771416008472443,330,0.07771416008472443,330
2,MCF7,6.0,A199,21,1,90.0,2,0.63,0.07837595790624619,199,0.07837595790624619,199
2,MCF7,6.0,A199,21,1,90.0,2,0.68,0.0769260972738266,62,0.0769260972738266,62
2,MCF7,6.0,A199,21,1,90.0,2,0.73,0.07487793266773224,11,0.07487793266773224,11
3,MCF7,6.0,A199,21,1,90.0,3,0.03,0.039826322346925735,587,0.0406721755862236,3044
3,MCF7,6.0,A199,21,1,90.0,3,0.08,0.04387074336409569,2185,0.043290697038173676,8024
3,MCF7,6.0,A199,21,1,90.0,3,0.13,0.05270463600754738,893,0.04552026465535164,3417
3,MCF7,6.0,A199,21,1,90.0,3,0.18,0.055740877985954285,828,0.04492839798331261,2218
3,MCF7,6.0,A199,21,1,90.0,3,0.23,0.05851532891392708,1334,0.05544339865446091,2234
3,MCF7,6.0,A199,21,1,90.0,3,0.28,0.061716288328170776,938,0.06201641634106636,1077
3,MCF7,6.0,A199,21,1,90.0,3,0.33,0.06395585089921951,728,0.06428229063749313,780
3,MCF7,6.0,A199,21,1,90.0,3,0.38,0.06984388083219528,565,0.06986413896083832,580
3,MCF7,6.0,A199,21,1,90.0,3,0.43,0.07206128537654877,304,0.07208379358053207,305
3,MCF7,6.0,A199,21,1,90.0,3,0.48,0.072251096367836,150,0.072251096367836,150
3,MCF7,6.0,A199,21,1,90.0,3,0.53,0.0761638656258583,67,0.0761638656258583,67
3,MCF7,6.0,A199,21,1,90.0,3,0.58,0.08264405280351639,38,0.08264405280351639,38
3,MCF7,6.0,A199,21,1,90.0,3,0.63,0.07871496677398682,32,0.07871496677398682,32
3,MCF7,6.0,A199,21,1,90.0,3,0.68,0.08169010281562805,19,0.08169010281562805,19
3,MCF7,6.0,A199,21,1,90.0,3,0.78,0.08085361123085022,8,,8
4,MCF7,6.0,A199,21,1,90.0,4,0.05,0.0323450081050396,403,0.027943629771471024,686
4,MCF7,6.0,A199,21,1,90.0,4,0.1,0.03926422819495201,688,0.03411645069718361,1896
4,MCF7,6.0,A199,21,1,90.0,4,0.15,0.03958606347441673,744,0.043575219810009,2371
4,MCF7,6.0,A199,21,1,90.0,4,0.2,0.04328431189060211,1125,0.05336892977356911,2597
4,MCF7,6.0,A199,21,1,90.0,4,0.25,0.048491571098566055,881,0.06185454875230789,1885
4,MCF7,6.0,A199,21,1,90.0,4,0.3,0.05518746003508568,665,0.06383690983057022,1268
4,MCF7,6.0,A199,21,1,90.0,4,0.35,0.0599905364215374,737,0.06608124077320099,1215
4,MCF7,6.0,A199,21,1,90.0,4,0.4,0.06438145786523819,824,0.06782003492116928,1166
4,MCF7,6.0,A199,21,1,90.0,4,0.45,0.0652865394949913,391,0.07035060971975327,758
4,MCF7,6.0,A199,21,1,90.0,4,0.5,0.06792975217103958,318,0.07395972311496735,737
4,MCF7,6.0,A199,21,1,90.0,4,0.55,0.0712222009897232,336,0.07896734029054642,753
4,MCF7,6.0,A199,21,1,90.0,4,0.6,0.07496113330125809,331,0.08121205866336823,557
4,MCF7,6.0,A199,21,1,90.0,4,0.65,0.07958751916885376,317,0.08444620668888092,396
4,MCF7,6.0,A199,21,1,90.0,4,0.7,0.08470557630062103,270,0.08783698827028275,309
4,MCF7,6.0,A199,21,1,90.0,4,0.75,0.0873943343758583,250,0.08943547308444977,286
4,MCF7,6.0,A199,21,1,90.0,4,0.8,0.09171818196773529,218,0.09438785165548325,247
4,MCF7,6.0,A199,21,1,90.0,4,0.85,0.09643498063087463,200,0.09694569557905197,213
4,MCF7,6.0,A199,21,1,90.0,4,0.9,0.10042863339185715,174,0.10093933343887329,181
4,MCF7,6.0,A199,21,1,90.0,4,0.95,0.10610851645469666,159,0.10626369714736938,161
4,MCF7,6.0,A199,21,1,90.0,4,1.0,0.10794153809547424,177,0.10794153809547424,177
4,MCF7,6.0,A199,21,1,90.0,4,1.05,0.10484340786933899,164,0.10484340786933899,164
4,MCF7,6.0,A199,21,1,90.0,4,1.1,0.10605889558792114,131,0.10605889558792114,131
4,MCF7,6.0,A199,21,1,90.0,4,1.15,0.10940928757190704,114,0.10940928757190704,114
4,MCF7,6.0,A199,21,1,90.0,4,1.2,0.10685406625270844,98,0.10685406625270844,98
4,MCF7,6.0,A199,21,1,90.0,4,1.25,0.11312800645828247,76,0.11312800645828247,76
4,MCF7,6.0,A199,21,1,90.0,4,1.3,0.10618101805448532,85,0.10618101805448532,85
4,MCF7,6.0,A199,21,1,90.0,4,1.35,0.11226405948400497,76,0.11226405948400497,76
4,MCF7,6.0,A199,21,1,90.0,4,1.4,0.11554884165525436,50,0.11554884165525436,50
4,MCF7,6.0,A199,21,1,90.0,4,1.45,0.10914511978626251,40,0.10914511978626251,40
4,MCF7,6.0,A199,21,1,90.0,4,1.5,0.11475643515586853,18,0.11475643515586853,18
4,MCF7,6.0,A199,21,1,90.0,4,1.55,0.11342457681894302,16,0.11342457681894302,16
4,MCF7,6.0,A199,21,1,90.0,4,1.6,0.09675343334674835,10,0.09675343334674835,10
4,MCF7,6.0,A199,21,1,90.0,4,1.65,0.10620016604661942,9,,9
4,MCF7,6.0,A199,21,1,90.0,4,1.8,0.09663885086774826,7,,7
1,MCF7,6.0,A199,22,1,90.0,1,0.0,,0,,8
1,MCF7,6.0,A199,22,1,90.0,1,0.1,0.0327419675886631,191,0.0340544618666172,458
1,MCF7,6.0,A199,22,1,90.0,1,0.15,0.03906048461794853,444,0.04026900231838226,2938
1,MCF7,6.0,A199,22,1,90.0,1,0.2,0.047307830303907394,817,0.046948548406362534,4128
1,MCF7,6.0,A199,22,1,90.0,1,0.25,0.055783286690711975,681,0.05658751353621483,3015
1,MCF7,6.0,A199,22,1,90.0,1,0.3,0.0642612874507904,664,0.06738302856683731,1858
1,MCF7,6.0,A199,22,1,90.0,1,0.35,0.07230989634990692,696,0.07520420104265213,1166
1,MCF7,6.0,A199,22,1,90.0,1,0.4,0.07547307014465332,434,0.07945285737514496,620
1,MCF7,6.0,A199,22,1,90.0,1,0.45,0.07732442021369934,359,0.08165355771780014,450
1,MCF7,6.0,A199,22,1,90.0,1,0.5,0.08384379744529724,357,0.08690127730369568,416
1,MCF7,6.0,A199,22,1,90.0,1,0.55,0.09026453644037247,274,0.09238918870687485,311
1,MCF7,6.0,A199,22,1,90.0,1,0.6,0.09330712258815765,265,0.09458421915769577,279
1,MCF7,6.0,A199,22,1,90.0,1,0.65,0.10072547197341919,223,0.10134818404912949,231
1,MCF7,6.0,A199,22,1,90.0,1,0.7,0.10439622402191162,170,0.10490930825471878,175
1,MCF7,6.0,A199,22,1,90.0,1,0.75,0.10389433056116104,178,0.10396178811788559,179
1,MCF7,6.0,A199,22,1,90.0,1,0.8,0.11248388886451721,169,0.11248388886451721,169
1,MCF7,6.0,A199,22,1,90.0,1,0.85,0.11691084504127502,171,0.11691084504127502,171
1,MCF7,6.0,A199,22,1,90.0,1,0.9,0.12340639531612396,163,0.12340639531612396,163
1,MCF7,6.0,A199,22,1,90.0,1,0.95,0.1226564571261406,123,0.1226564571261406,123
1,MCF7,6.0,A199,22,1,90.0,1,1.0,0.12674136459827423,152,0.12674136459827423,152
1,MCF7,6.0,A199,22,1,90.0,1,1.05,0.12577398121356964,102,0.12577398121356964,102
1,MCF7,6.0,A199,22,1,90.0,1,1.1,0.12470418214797974,76,0.12470418214797974,76
1,MCF7,6.0,A199,22,1,90.0,1,1.15,0.1279398649930954,83,0.1279398649930954,83
1,MCF7,6.0,A199,22,1,90.0,1,1.2,0.12441860139369965,32,0.12441860139369965,32
1,MCF7,6.0,A199,22,1,90.0,1,1.25,0.1364990919828415,40,0.1364990919828415,40
1,MCF7,6.0,A199,22,1,90.0,1,1.3,0.13583292067050934,31,0.13583292067050934,31
1,MCF7,6.0,A199,22,1,90.0,1,1.35,0.11876694113016129,23,0.11876694113016129,23
1,MCF7,6.0,A199,22,1,90.0,1,1.4,0.12015419453382492,15,0.12015419453382492,15
1,MCF7,6.0,A199,22,1,90.0,1,1.45,0.13807934522628784,25,0.13807934522628784,25
1,MCF7,6.0,A199,22,1,90.0,1,1.5,0.10751698911190033,20,0.10751698911190033,20
1,MCF7,6.0,A199,22,1,90.0,1,1.55,0.13076956570148468,14,0.13076956570148468,14
1,MCF7,6.0,A199,22,1,90.0,1,1.6,0.11725236475467682,17,0.11725236475467682,17
1,MCF7,6.0,A199,22,1,90.0,1,1.65,0.09968551248311996,10,0.09968551248311996,10
1,MCF7,6.0,A199,22,1,90.0,1,1.7,0.10544489324092865,8,,8
1,MCF7,6.0,A199,22,1,90.0,1,1.75,0.14103569090366364,12,0.14103569090366364,12
1,MCF7,6.0,A199,22,1,90.0,1,1.8,0.09241585433483124,10,0.09241585433483124,10
1,MCF7,6.0,A199,22,1,90.0,1,1.85,0.13770493865013123,7,,7
1,MCF7,6.0,A199,22,1,90.0,1,1.9,0.13191808760166168,8,,8
1,MCF7,6.0,A199,22,1,90.0,1,1.95,0.1364528387784958,7,,7
1,MCF7,6.0,A199,22,1,90.0,1,2.0,0.0629982128739357,6,,6
1,MCF7,6.0,A199,22,1,90.0,1,2.05,0.08619067817926407,9,,9
2,MCF7,6.0,A199,22,1,90.0,2,0.0,,0,0.0,164
2,MCF7,6.0,A199,22,1,90.0,2,0.05,0.04652293026447296,534,0.04171960428357124,1890
2,MCF7,6.0,A199,22,1,90.0,2,0.1,0.054021138697862625,5367,0.05054295063018799,11658
2,MCF7,6.0,A199,22,1,90.0,2,0.15,0.06201491877436638,1402,0.06253252178430557,3637
2,MCF7,6.0,A199,22,1,90.0,2,0.2,0.06587886065244675,212,0.07903242111206055,543
2,MCF7,6.0,A199,22,1,90.0,2,0.25,0.06678508967161179,92,0.0774153545498848,126
2,MCF7,6.0,A199,22,1,90.0,2,0.3,0.07106176018714905,12,0.08934052288532257,14
3,MCF7,6.0,A199,22,1,90.0,3,0.2,0.06430675834417343,7,0.03757920116186142,40
3,MCF7,6.0,A199,22,1,90.0,3,0.25,0.05506286770105362,248,0.04360615089535713,975
3,MCF7,6.0,A199,22,1,90.0,3,0.3,0.056027431041002274,800,0.0511135496199131,3061
3,MCF7,6.0,A199,22,1,90.0,3,0.35,0.06096932291984558,1011,0.0589226596057415,2888
3,MCF7,6.0,A199,22,1,90.0,3,0.4,0.06684432178735733,750,0.06643468141555786,1727
3,MCF7,6.0,A199,22,1,90.0,3,0.45,0.07328499853610992,635,0.07430070638656616,1119
3,MCF7,6.0,A199,22,1,90.0,3,0.5,0.07671621441841125,520,0.07783568650484085,831
3,MCF7,6.0,A199,22,1,90.0,3,0.55,0.08184699714183807,345,0.08134608715772629,608
3,MCF7,6.0,A199,22,1,90.0,3,0.6,0.08685833215713501,356,0.08540599793195724,581
3,MCF7,6.0,A199,22,1,90.0,3,0.65,0.08958994597196579,309,0.08780158311128616,475
3,MCF7,6.0,A199,22,1,90.0,3,0.7,0.09296003729104996,222,0.09179848432540894,345
3,MCF7,6.0,A199,22,1,90.0,3,0.75,0.09159500151872635,232,0.0919303297996521,341
3,MCF7,6.0,A199,22,1,90.0,3,0.8,0.09597370773553848,205,0.09507302194833755,305
3,MCF7,6.0,A199,22,1,90.0,3,0.85,0.09890520572662354,182,0.09881845116615295,239
3,MCF7,6.0,A199,22,1,90.0,3,0.9,0.10231024026870728,238,0.10286972671747208,281
3,MCF7,6.0,A199,22,1,90.0,3,0.95,0.10618645697832108,220,0.1055922582745552,243
3,MCF7,6.0,A199,22,1,90.0,3,1.0,0.10860927402973175,196,0.109609454870224,213
3,MCF7,6.0,A199,22,1,90.0,3,1.05,0.10941551625728607,201,0.10965579748153687,212
3,MCF7,6.0,A199,22,1,90.0,3,1.1,0.11568818241357803,190,0.11566326022148132,197
3,MCF7,6.0,A199,22,1,90.0,3,1.15,0.11751613020896912,161,0.11748199909925461,169
3,MCF7,6.0,A199,22,1,90.0,3,1.2,0.11407843977212906,144,0.11452540755271912,148
3,MCF7,6.0,A199,22,1,90.0,3,1.25,0.1121945008635521,125,0.11200419813394547,134
3,MCF7,6.0,A199,22,1,90.0,3,1.3,0.1169598326086998,101,0.11748740822076797,105
3,MCF7,6.0,A199,22,1,90.0,3,1.35,0.12224423140287399,88,0.12206251174211502,89
3,MCF7,6.0,A199,22,1,90.0,3,1.4,0.13477513194084167,79,0.1348310112953186,81
3,MCF7,6.0,A199,22,1,90.0,3,1.45,0.12134231626987457,54,0.1216326430439949,59
3,MCF7,6.0,A199,22,1,90.0,3,1.5,0.12596285343170166,44,0.12596285343170166,44
3,MCF7,6.0,A199,22,1,90.0,3,1.55,0.1172313392162323,36,0.11861907690763474,38
3,MCF7,6.0,A199,22,1,90.0,3,1.6,0.11521820724010468,40,0.11521820724010468,40
3,MCF7,6.0,A199,22,1,90.0,3,1.65,0.13364705443382263,42,0.1344989389181137,44
3,MCF7,6.0,A199,22,1,90.0,3,1.7,0.130480095744133,32,0.130480095744133,32
3,MCF7,6.0,A199,22,1,90.0,3,1.75,0.10219107568264008,13,0.10219107568264008,13
3,MCF7,6.0,A199,22,1,90.0,3,1.8,0.12573681771755219,21,0.12573681771755219,21
3,MCF7,6.0,A199,22,1,90.0,3,1.85,0.13386790454387665,20,0.13386790454387665,20
3,MCF7,6.0,A199,22,1,90.0,3,1.9,0.12023135274648666,19,0.12023135274648666,19
3,MCF7,6.0,A199,22,1,90.0,3,1.95,0.12129358947277069,23,0.12129358947277069,23
3,MCF7,6.0,A199,22,1,90.0,3,2.0,0.13678845763206482,16,0.13678845763206482,16
3,MCF7,6.0,A199,22,1,90.0,3,2.05,0.1316368728876114,13,0.1316368728876114,13
3,MCF7,6.0,A199,22,1,90.0,3,2.1,0.12988346815109253,8,,8
3,MCF7,6.0,A199,22,1,90.0,3,2.15,0.1208684965968132,11,0.1208684965968132,11
3,MCF7,6.0,A199,22,1,90.0,3,2.2,0.09404216706752777,8,,8
3,MCF7,6.0,A199,22,1,90.0,3,2.4,0.12974338233470917,7,,7
4,MCF7,6.0,A199,22,1,90.0,4,0.18,,0,0.04250619560480118,15
4,MCF7,6.0,A199,22,1,90.0,4,0.23,0.060147956013679504,79,0.05301682651042938,494
4,MCF7,6.0,A199,22,1,90.0,4,0.28,0.060634344816207886,404,0.057374920696020126,2138
4,MCF7,6.0,A199,22,1,90.0,4,0.33,0.06136966869235039,420,0.06172949820756912,2201
4,MCF7,6.0,A199,22,1,90.0,4,0.38,0.06555671244859695,356,0.06587444990873337,1658
4,MCF7,6.0,A199,22,1,90.0,4,0.43,0.06849714368581772,410,0.06808006018400192,1255
4,MCF7,6.0,A199,22,1,90.0,4,0.48,0.06777840107679367,440,0.0705074742436409,964
4,MCF7,6.0,A199,22,1,90.0,4,0.53,0.07057569175958633,459,0.0758422240614891,819
4,MCF7,6.0,A199,22,1,90.0,4,0.58,0.07184568047523499,372,0.07803356647491455,664
4,MCF7,6.0,A199,22,1,90.0,4,0.63,0.07473915070295334,404,0.07878844439983368,632
4,MCF7,6.0,A199,22,1,90.0,4,0.68,0.07651594281196594,337,0.07746163010597229,510
4,MCF7,6.0,A199,22,1,90.0,4,0.73,0.08089549839496613,339,0.08185317367315292,516
4,MCF7,6.0,A199,22,1,90.0,4,0.78,0.08225657045841217,410,0.08557485044002533,614
4,MCF7,6.0,A199,22,1,90.0,4,0.83,0.08609364181756973,390,0.0889173075556755,639
4,MCF7,6.0,A199,22,1,90.0,4,0.88,0.08703558146953583,417,0.09285782277584076,730
4,MCF7,6.0,A199,22,1,90.0,4,0.93,0.09071344882249832,416,0.09437736123800278,681
4,MCF7,6.0,A199,22,1,90.0,4,0.98,0.09260835498571396,367,0.09653018414974213,613
4,MCF7,6.0,A199,22,1,90.0,4,1.03,0.0953482910990715,287,0.09838049858808517,468
4,MCF7,6.0,A199,22,1,90.0,4,1.08,0.09729806333780289,217,0.1006801500916481,364
4,MCF7,6.0,A199,22,1,90.0,4,1.13,0.1002860814332962,218,0.10070136189460754,337
4,MCF7,6.0,A199,22,1,90.0,4,1.18,0.0992976501584053,183,0.10050586611032486,289
4,MCF7,6.0,A199,22,1,90.0,4,1.23,0.10191332548856735,141,0.10123632103204727,233
4,MCF7,6.0,A199,22,1,90.0,4,1.28,0.10378051549196243,134,0.10115151107311249,221
4,MCF7,6.0,A199,22,1,90.0,4,1.33,0.10234715044498444,107,0.10092524439096451,177
4,MCF7,6.0,A199,22,1,90.0,4,1.38,0.10825218260288239,104,0.10670533031225204,179
4,MCF7,6.0,A199,22,1,90.0,4,1.43,0.1110096126794815,107,0.10878061503171921,188
4,MCF7,6.0,A199,22,1,90.0,4,1.48,0.11516620963811874,80,0.11044033616781235,177
4,MCF7,6.0,A199,22,1,90.0,4,1.53,0.11218293756246567,80,0.11136436462402344,166
4,MCF7,6.0,A199,22,1,90.0,4,1.58,0.11739205569028854,68,0.11649735271930695,146
4,MCF7,6.0,A199,22,1,90.0,4,1.63,0.11558683961629868,51,0.11548595875501633,152
4,MCF7,6.0,A199,22,1,90.0,4,1.68,0.1202012449502945,63,0.11431251466274261,177
4,MCF7,6.0,A199,22,1,90.0,4,1.73,0.126045823097229,58,0.1193532794713974,169
4,MCF7,6.0,A199,22,1,90.0,4,1.78,0.12258730083703995,44,0.11711082607507706,176
4,MCF7,6.0,A199,22,1,90.0,4,1.83,0.13253913819789886,44,0.12109700590372086,163
4,MCF7,6.0,A199,22,1,90.0,4,1.88,0.13020901381969452,46,0.12507951259613037,186
4,MCF7,6.0,A199,22,1,90.0,4,1.93,0.13437654078006744,46,0.1261204183101654,180
4,MCF7,6.0,A199,22,1,90.0,4,1.98,0.14231562614440918,43,0.1304766684770584,160
4,MCF7,6.0,A199,22,1,90.0,4,2.03,0.1422244757413864,40,0.12776640057563782,164
4,MCF7,6.0,A199,22,1,90.0,4,2.08,0.14514508843421936,35,0.12910833954811096,181
4,MCF7,6.0,A199,22,1,90.0,4,2.13,0.13777758181095123,47,0.13497181236743927,190
4,MCF7,6.0,A199,22,1,90.0,4,2.18,0.1522597372531891,25,0.13468784093856812,155
4,MCF7,6.0,A199,22,1,90.0,4,2.23,0.15772365033626556,44,0.14137963950634003,139
4,MCF7,6.0,A199,22,1,90.0,4,2.28,0.16315460205078125,25,0.1391947865486145,144
4,MCF7,6.0,A199,22,1,90.0,4,2.33,0.17154964804649353,41,0.1457187533378601,123
4,MCF7,6.0,A199,22,1,90.0,4,2.38,0.148401141166687,34,0.13838078081607819,117
4,MCF7,6.0,A199,22,1,90.0,4,2.43,0.14854033291339874,34,0.13804234564304352,94
4,MCF7,6.0,A199,22,1,90.0,4,2.48,0.17507949471473694,31,0.15168485045433044,84
4,MCF7,6.0,A199,22,1,90.0,4,2.53,0.17014068365097046,30,0.1518557071685791,72
4,MCF7,6.0,A199,22,1,90.0,4,2.58,0.1704493910074234,35,0.15399169921875,75
4,MCF7,6.0,A199,22,1,90.0,4,2.63,0.18296261131763458,24,0.15725962817668915,71
4,MCF7,6.0,A199,22,1,90.0,4,2.68,0.16492369771003723,34,0.15075601637363434,67
4,MCF7,6.0,A199,22,1,90.0,4,2.73,0.17140468955039978,28,0.15838107466697693,61
4,MCF7,6.0,A199,22,1,90.0,4,2.78,0.1855768859386444,28,0.16163013875484467,54
4,MCF7,6.0,A199,22,1,90.0,4,2.83,0.18670761585235596,29,0.1705499291419983,57
4,MCF7,6.0,A199,22,1,90.0,4,2.88,0.17999739944934845,23,0.16498789191246033,42
4,MCF7,6.0,A199,22,1,90.0,4,2.93,0.19020859897136688,21,0.1619919240474701,46
4,MCF7,6.0,A199,22,1,90.0,4,2.98,0.1986604928970337,16,0.16871435940265656,36
4,MCF7,6.0,A199,22,1,90.0,4,3.03,0.18894407153129578,14,0.17148317396640778,24
4,MCF7,6.0,A199,22,1,90.0,4,3.08,0.18754974007606506,20,0.17191730439662933,31
4,MCF7,6.0,A199,22,1,90.0,4,3.13,0.20512725412845612,24,0.18589776754379272,34
4,MCF7,6.0,A199,22,1,90.0,4,3.18,0.19877438247203827,22,0.1829475313425064,35
4,MCF7,6.0,A199,22,1,90.0,4,3.23,0.21349003911018372,19,0.18791380524635315,29
4,MCF7,6.0,A199,22,1,90.0,4,3.28,0.21102814376354218,23,0.19231809675693512,34
4,MCF7,6.0,A199,22,1,90.0,4,3.33,0.1917048692703247,21,0.18310198187828064,30
4,MCF7,6.0,A199,22,1,90.0,4,3.38,0.20936211943626404,22,0.19846798479557037,26
4,MCF7,6.0,A199,22,1,90.0,4,3.43,0.2235921323299408,20,0.20821665227413177,25
4,MCF7,6.0,A199,22,1,90.0,4,3.48,0.21389634907245636,19,0.20087602734565735,27
4,MCF7,6.0,A199,22,1,90.0,4,3.53,0.20736990869045258,16,0.19046099483966827,23
4,MCF7,6.0,A199,22,1,90.0,4,3.58,0.18796104192733765,19,0.18048308789730072,23
4,MCF7,6.0,A199,22,1,90.0,4,3.63,0.2205035239458084,18,0.2116013914346695,21
4,MCF7,6.0,A199,22,1,90.0,4,3.68,0.17105770111083984,18,0.1701996624469757,20
4,MCF7,6.0,A199,22,1,90.0,4,3.73,0.20866696536540985,23,0.19821035861968994,27
4,MCF7,6.0,A199,22,1,90.0,4,3.78,0.22240975499153137,17,0.21339921653270721,20
4,MCF7,6.0,A199,22,1,90.0,4,3.83,0.1921817809343338,24,0.18860232830047607,27
4,MCF7,6.0,A199,22,1,90.0,4,3.88,0.2097759246826172,24,0.2097759246826172,24
4,MCF7,6.0,A199,22,1,90.0,4,3.93,0.20497792959213257,32,0.20207245647907257,34
4,MCF7,6.0,A199,22,1,90.0,4,3.98,0.20874767005443573,23,0.20516346395015717,25
4,MCF7,6.0,A199,22,1,90.0,4,4.03,0.21209090948104858,27,0.20507332682609558,32
4,MCF7,6.0,A199,22,1,90.0,4,4.08,0.22834435105323792,26,0.21069841086864471,33
4,MCF7,6.0,A199,22,1,90.0,4,4.13,0.22530904412269592,25,0.22221499681472778,26
4,MCF7,6.0,A199,22,1,90.0,4,4.18,0.199429452419281,22,0.19328810274600983,25
4,MCF7,6.0,A199,22,1,90.0,4,4.23,0.20865288376808167,25,0.20415085554122925,27
4,MCF7,6.0,A199,22,1,90.0,4,4.28,0.21383345127105713,27,0.20952819287776947,29
4,MCF7,6.0,A199,22,1,90.0,4,4.33,0.21411611139774323,30,0.21411611139774323,30
4,MCF7,6.0,A199,22,1,90.0,4,4.38,0.20018266141414642,22,0.20057979226112366,23
4,MCF7,6.0,A199,22,1,90.0,4,4.43,0.20807740092277527,19,0.20807740092277527,19
4,MCF7,6.0,A199,22,1,90.0,4,4.48,0.22018368542194366,24,0.22018368542194366,24
4,MCF7,6.0,A199,22,1,90.0,4,4.53,0.214636892080307,25,0.21191833913326263,26
4,MCF7,6.0,A199,22,1,90.0,4,4.58,0.21280640363693237,22,0.21030293405056,23
4,MCF7,6.0,A199,22,1,90.0,4,4.63,0.21378444135189056,31,0.21378444135189056,31
4,MCF7,6.0,A199,22,1,90.0,4,4.68,0.18977907299995422,19,0.18977907299995422,19
4,MCF7,6.0,A199,22,1,90.0,4,4.73,0.2247021198272705,17,0.2247021198272705,17
4,MCF7,6.0,A199,22,1,90.0,4,4.78,0.20637932419776917,21,0.20637932419776917,21
4,MCF7,6.0,A199,22,1,90.0,4,4.83,0.20372897386550903,29,0.20372897386550903,29
4,MCF7,6.0,A199,22,1,90.0,4,4.88,0.20197542011737823,20,0.20197542011737823,20
4,MCF7,6.0,A199,22,1,90.0,4,4.93,0.21338100731372833,14,0.21338100731372833,14
4,MCF7,6.0,A199,22,1,90.0,4,4.98,0.22172945737838745,13,0.22172945737838745,13
4,MCF7,6.0,A199,22,1,90.0,4,5.03,0.18339790403842926,13,0.18339790403842926,13
4,MCF7,6.0,A199,22,1,90.0,4,5.08,0.2351500391960144,13,0.2351500391960144,13
4,MCF7,6.0,A199,22,1,90.0,4,5.13,0.21285094320774078,13,0.21285094320774078,13
4,MCF7,6.0,A199,22,1,90.0,4,5.18,0.21299239993095398,13,0.2073441445827484,14
4,MCF7,6.0,A199,22,1,90.0,4,5.23,0.20020627975463867,6,,7
4,MCF7,6.0,A199,22,1,90.0,4,5.28,0.2228204607963562,9,,9
4,MCF7,6.0,A199,22,1,90.0,4,5.38,0.25246065855026245,6,,6
4,MCF7,6.0,A199,22,1,90.0,4,5.53,0.18417291343212128,9,,9
4,MCF7,6.0,A199,22,1,90.0,4,5.88,0.20803868770599365,7,,7
5,MCF7,6.0,A199,22,1,90.0,5,0.1,,0,0.01605471968650818,12
5,MCF7,6.0,A199,22,1,90.0,5,0.15,,0,0.021429620683193207,367
5,MCF7,6.0,A199,22,1,90.0,5,0.2,,0,0.030782148241996765,1586
5,MCF7,6.0,A199,22,1,90.0,5,0.25,,0,0.04033789783716202,1680
5,MCF7,6.0,A199,22,1,90.0,5,0.3,,1,0.04397280141711235,1362
5,MCF7,6.0,A199,22,1,90.0,5,0.35,,2,0.04927213117480278,1387
5,MCF7,6.0,A199,22,1,90.0,5,0.4,0.02897990681231022,21,0.05610877647995949,1574
5,MCF7,6.0,A199,22,1,90.0,5,0.45,0.03476715460419655,24,0.06134945899248123,1442
5,MCF7,6.0,A199,22,1,90.0,5,0.5,0.04181234538555145,57,0.06631903350353241,1334
5,MCF7,6.0,A199,22,1,90.0,5,0.55,0.05594618618488312,104,0.07434981316328049,1307
5,MCF7,6.0,A199,22,1,90.0,5,0.6,0.0537584014236927,141,0.07709541916847229,1256
5,MCF7,6.0,A199,22,1,90.0,5,0.65,0.0637088418006897,230,0.08489060401916504,1075
5,MCF7,6.0,A199,22,1,90.0,5,0.7,0.06963425129652023,308,0.08638651669025421,901
5,MCF7,6.0,A199,22,1,90.0,5,0.75,0.07238918542861938,340,0.08891016244888306,719
5,MCF7,6.0,A199,22,1,90.0,5,0.8,0.0748014822602272,312,0.08665010333061218,547
5,MCF7,6.0,A199,22,1,90.0,5,0.85,0.07775883376598358,355,0.08649011701345444,459
5,MCF7,6.0,A199,22,1,90.0,5,0.9,0.08158640563488007,329,0.08690208941698074,390
5,MCF7,6.0,A199,22,1,90.0,5,0.95,0.08656886965036392,391,0.08906340599060059,429
5,MCF7,6.0,A199,22,1,90.0,5,1.0,0.08883210271596909,400,0.09041844308376312,426
5,MCF7,6.0,A199,22,1,90.0,5,1.05,0.09166792035102844,456,0.09245157241821289,475
5,MCF7,6.0,A199,22,1,90.0,5,1.1,0.09484423696994781,477,0.09527286142110825,490
5,MCF7,6.0,A199,22,1,90.0,5,1.15,0.09380936622619629,393,0.09412205964326859,401
5,MCF7,6.0,A199,22,1,90.0,5,1.2,0.0930791050195694,313,0.09317678958177567,322
5,MCF7,6.0,A199,22,1,90.0,5,1.25,0.09414543956518173,269,0.09451893717050552,278
5,MCF7,6.0,A199,22,1,90.0,5,1.3,0.09873461723327637,173,0.09846334159374237,174
5,MCF7,6.0,A199,22,1,90.0,5,1.35,0.09796776622533798,160,0.09830892831087112,166
5,MCF7,6.0,A199,22,1,90.0,5,1.4,0.08986380696296692,108,0.090248703956604,113
5,MCF7,6.0,A199,22,1,90.0,5,1.45,0.09341654926538467,83,0.09402700513601303,85
5,MCF7,6.0,A199,22,1,90.0,5,1.5,0.0926828607916832,76,0.09297356754541397,77
5,MCF7,6.0,A199,22,1,90.0,5,1.55,0.08621807396411896,68,0.08671849220991135,69
5,MCF7,6.0,A199,22,1,90.0,5,1.6,0.09419181197881699,56,0.09419181197881699,56
5,MCF7,6.0,A199,22,1,90.0,5,1.65,0.09443433582782745,51,0.09443433582782745,51
5,MCF7,6.0,A199,22,1,90.0,5,1.7,0.09046854078769684,53,0.09046854078769684,53
5,MCF7,6.0,A199,22,1,90.0,5,1.75,0.09627649933099747,35,0.09627649933099747,35
5,MCF7,6.0,A199,22,1,90.0,5,1.8,0.09085060656070709,21,0.09085060656070709,21
5,MCF7,6.0,A199,22,1,90.0,5,1.85,0.07697063684463501,18,0.07697063684463501,18
5,MCF7,6.0,A199,22,1,90.0,5,1.9,0.08641768246889114,12,0.08641768246889114,12
5,MCF7,6.0,A199,22,1,90.0,5,1.95,0.09078725427389145,6,,6
5,MCF7,6.0,A199,22,1,90.0,5,2.0,0.08094710856676102,9,,9
1,MCF7,6.0,A199,23,1,90.0,1,0.0,,0,,7
1,MCF7,6.0,A199,23,1,90.0,1,0.05,0.03689751774072647,5,0.02967551164329052,2466
1,MCF7,6.0,A199,23,1,90.0,1,0.1,0.04277591034770012,815,0.03964165970683098,9768
1,MCF7,6.0,A199,23,1,90.0,1,0.15,0.051632240414619446,1765,0.04918955639004707,5709
1,MCF7,6.0,A199,23,1,90.0,1,0.2,0.05946096405386925,1816,0.0601523295044899,3204
1,MCF7,6.0,A199,23,1,90.0,1,0.25,0.06534447520971298,1790,0.06665083765983582,2930
1,MCF7,6.0,A199,23,1,90.0,1,0.3,0.07118812203407288,1452,0.07244914770126343,2096
1,MCF7,6.0,A199,23,1,90.0,1,0.35,0.07793065160512924,1382,0.07993831485509872,1785
1,MCF7,6.0,A199,23,1,90.0,1,0.4,0.08423768728971481,1240,0.08580957353115082,1474
1,MCF7,6.0,A199,23,1,90.0,1,0.45,0.08755367249250412,842,0.08833425492048264,888
1,MCF7,6.0,A199,23,1,90.0,1,0.5,0.09172917902469635,535,0.09172208607196808,537
1,MCF7,6.0,A199,23,1,90.0,1,0.55,0.09990831464529037,284,0.09990831464529037,284
1,MCF7,6.0,A199,23,1,90.0,1,0.6,0.1061241552233696,180,0.1061241552233696,180
1,MCF7,6.0,A199,23,1,90.0,1,0.65,0.10104204714298248,120,0.10104204714298248,120
1,MCF7,6.0,A199,23,1,90.0,1,0.7,0.1173144280910492,118,0.1173144280910492,118
1,MCF7,6.0,A199,23,1,90.0,1,0.75,0.1090342253446579,89,0.1090342253446579,89
1,MCF7,6.0,A199,23,1,90.0,1,0.8,0.10628163069486618,69,0.10628163069486618,69
1,MCF7,6.0,A199,23,1,90.0,1,0.85,0.11094684153795242,33,0.11094684153795242,33
1,MCF7,6.0,A199,23,1,90.0,1,0.9,0.11409999430179596,32,0.11409999430179596,32
1,MCF7,6.0,A199,23,1,90.0,1,0.95,0.10432350635528564,37,0.10432350635528564,37
1,MCF7,6.0,A199,23,1,90.0,1,1.0,0.10933005064725876,19,0.10933005064725876,19
1,MCF7,6.0,A199,23,1,90.0,1,1.05,0.10656073689460754,22,0.10656073689460754,22
1,MCF7,6.0,A199,23,1,90.0,1,1.1,0.1198955848813057,17,0.1198955848813057,17
1,MCF7,6.0,A199,23,1,90.0,1,1.15,0.107196144759655,12,0.107196144759655,12
1,MCF7,6.0,A199,23,1,90.0,1,1.3,0.11760187894105911,6,,6
1,MCF7,6.0,A199,23,1,90.0,1,1.35,0.12854747474193573,6,,6
1,MCF7,6.0,A199,23,1,90.0,1,1.55,0.13473397493362427,6,,6
1,MCF7,6.0,A199,23,1,90.0,1,1.6,0.1231452077627182,8,,8
2,MCF7,6.0,A199,23,1,90.0,2,0.05,0.05773076042532921,77,0.05379724130034447,436
2,MCF7,6.0,A199,23,1,90.0,2,0.1,0.04585554823279381,1092,0.04536022990942001,5119
2,MCF7,6.0,A199,23,1,90.0,2,0.15,0.045364826917648315,2501,0.04571055620908737,6341
2,MCF7,6.0,A199,23,1,90.0,2,0.2,0.049084123224020004,1971,0.05012774467468262,3320
2,MCF7,6.0,A199,23,1,90.0,2,0.25,0.052277129143476486,1280,0.05361621454358101,1434
2,MCF7,6.0,A199,23,1,90.0,2,0.3,0.05660124868154526,578,0.056904010474681854,595
2,MCF7,6.0,A199,23,1,90.0,2,0.35,0.05767407640814781,101,0.05767407640814781,101
2,MCF7,6.0,A199,23,1,90.0,2,0.4,0.051135629415512085,23,0.051135629415512085,23
2,MCF7,6.0,A199,23,1,90.0,2,0.45,0.05052920803427696,12,0.05052920803427696,12
2,MCF7,6.0,A199,23,1,90.0,2,0.5,0.04780127480626106,6,,6
3,MCF7,6.0,A199,23,1,90.0,3,0.0,,0,0.03308471292257309,146
3,MCF7,6.0,A199,23,1,90.0,3,0.05,0.05287643522024155,7,0.056059256196022034,7695
3,MCF7,6.0,A199,23,1,90.0,3,0.1,0.05327240750193596,430,0.05879365652799606,6295
3,MCF7,6.0,A199,23,1,90.0,3,0.15,0.06333155184984207,939,0.05595400929450989,3769
3,MCF7,6.0,A199,23,1,90.0,3,0.2,0.06283798813819885,995,0.05815720930695534,2151
3,MCF7,6.0,A199,23,1,90.0,3,0.25,0.07008982449769974,1276,0.0674235001206398,1930
3,MCF7,6.0,A199,23,1,90.0,3,0.3,0.07899489998817444,1165,0.07593119889497757,1754
3,MCF7,6.0,A199,23,1,90.0,3,0.35,0.08215297013521194,993,0.08080703020095825,1405
3,MCF7,6.0,A199,23,1,90.0,3,0.4,0.083225779235363,743,0.08298016339540482,820
3,MCF7,6.0,A199,23,1,90.0,3,0.45,0.08972357213497162,483,0.08887286484241486,514
3,MCF7,6.0,A199,23,1,90.0,3,0.5,0.09315906465053558,323,0.0927421823143959,330
3,MCF7,6.0,A199,23,1,90.0,3,0.55,0.09730812162160873,191,0.09720269590616226,192
3,MCF7,6.0,A199,23,1,90.0,3,0.6,0.09528487175703049,97,0.09528487175703049,97
3,MCF7,6.0,A199,23,1,90.0,3,0.65,0.0955834910273552,49,0.0955834910273552,49
3,MCF7,6.0,A199,23,1,90.0,3,0.7,0.10624655336141586,33,0.10624655336141586,33
3,MCF7,6.0,A199,23,1,90.0,3,0.75,0.0963490679860115,19,0.0963490679860115,19
3,MCF7,6.0,A199,23,1,90.0,3,0.8,0.107981376349926,21,0.107981376349926,21
3,MCF7,6.0,A199,23,1,90.0,3,0.85,0.10717139393091202,9,,9
3,MCF7,6.0,A199,23,1,90.0,3,0.9,0.10113964229822159,10,0.10113964229822159,10
3,MCF7,6.0,A199,23,1,90.0,3,0.95,0.09525392204523087,6,,6
4,MCF7,6.0,A199,23,1,90.0,4,0.0,,0,0.0,215
4,MCF7,6.0,A199,23,1,90.0,4,0.05,,0,0.031044907867908478,81
4,MCF7,6.0,A199,23,1,90.0,4,0.1,,0,0.042292460799217224,1225
4,MCF7,6.0,A199,23,1,90.0,4,0.15,,4,0.052056457847356796,2367
4,MCF7,6.0,A199,23,1,90.0,4,0.2,0.05561921000480652,50,0.05300638824701309,2053
4,MCF7,6.0,A199,23,1,90.0,4,0.25,0.06131655350327492,197,0.0556207001209259,1779
4,MCF7,6.0,A199,23,1,90.0,4,0.3,0.06394650787115097,389,0.05939134955406189,1576
4,MCF7,6.0,A199,23,1,90.0,4,0.35,0.06169048696756363,411,0.06159057468175888,1353
4,MCF7,6.0,A199,23,1,90.0,4,0.4,0.06218533590435982,465,0.06419824063777924,1010
4,MCF7,6.0,A199,23,1,90.0,4,0.45,0.06773640960454941,452,0.06560935825109482,653
4,MCF7,6.0,A199,23,1,90.0,4,0.5,0.07000510394573212,420,0.06869563460350037,493
4,MCF7,6.0,A199,23,1,90.0,4,0.55,0.07458965480327606,384,0.07481296360492706,405
4,MCF7,6.0,A199,23,1,90.0,4,0.6,0.07628826051950455,345,0.0761885866522789,348
4,MCF7,6.0,A199,23,1,90.0,4,0.65,0.07767783850431442,298,0.07759864628314972,299
4,MCF7,6.0,A199,23,1,90.0,4,0.7,0.08124544471502304,226,0.08124544471502304,226
4,MCF7,6.0,A199,23,1,90.0,4,0.75,0.07903946191072464,208,0.07903946191072464,208
4,MCF7,6.0,A199,23,1,90.0,4,0.8,0.08408692479133606,167,0.08408692479133606,167
4,MCF7,6.0,A199,23,1,90.0,4,0.85,0.08501183986663818,134,0.08501183986663818,134
4,MCF7,6.0,A199,23,1,90.0,4,0.9,0.08467117697000504,83,0.08467117697000504,83
4,MCF7,6.0,A199,23,1,90.0,4,0.95,0.07843545079231262,60,0.07843545079231262,60
4,MCF7,6.0,A199,23,1,90.0,4,1.0,0.08618351072072983,47,0.08618351072072983,47
4,MCF7,6.0,A199,23,1,90.0,4,1.05,0.08368440717458725,22,0.08368440717458725,22
4,MCF7,6.0,A199,23,1,90.0,4,1.1,0.0748831108212471,15,0.0748831108212471,15
4,MCF7,6.0,A199,23,1,90.0,4,1.15,0.083091601729393,7,,7
4,MCF7,6.0,A199,23,1,90.0,4,1.2,0.10609318315982819,13,0.10609318315982819,13
4,MCF7,6.0,A199,23,1,90.0,4,1.35,0.09972924739122391,7,,7
4,MCF7,6.0,A199,23,1,90.0,4,1.4,0.075123630464077,10,0.075123630464077,10
5,MCF7,6.0,A199,23,1,90.0,5,0.07,,0,,9
5,MCF7,6.0,A199,23,1,90.0,5,0.12,0.046200718730688095,22,0.04766463860869408,271
5,MCF7,6.0,A199,23,1,90.0,5,0.17,0.052983395755290985,242,0.05307159572839737,754
5,MCF7,6.0,A199,23,1,90.0,5,0.22,0.06669636815786362,459,0.0637798085808754,843
5,MCF7,6.0,A199,23,1,90.0,5,0.27,0.07439855486154556,554,0.07479999959468842,1009
5,MCF7,6.0,A199,23,1,90.0,5,0.32,0.0814744308590889,559,0.08517865091562271,1178
5,MCF7,6.0,A199,23,1,90.0,5,0.37,0.0822356566786766,640,0.08527316153049469,1202
5,MCF7,6.0,A199,23,1,90.0,5,0.42,0.08558861911296844,553,0.08684246987104416,896
5,MCF7,6.0,A199,23,1,90.0,5,0.47,0.08972148597240448,408,0.08461236208677292,584
5,MCF7,6.0,A199,23,1,90.0,5,0.52,0.0995587483048439,327,0.09344653785228729,430
5,MCF7,6.0,A199,23,1,90.0,5,0.57,0.10045434534549713,234,0.09560709446668625,273
5,MCF7,6.0,A199,23,1,90.0,5,0.62,0.10130497813224792,177,0.09797913581132889,207
5,MCF7,6.0,A199,23,1,90.0,5,0.67,0.10247810184955597,102,0.09962094575166702,120
5,MCF7,6.0,A199,23,1,90.0,5,0.72,0.1073327511548996,80,0.1054416373372078,89
5,MCF7,6.0,A199,23,1,90.0,5,0.77,0.10337666422128677,64,0.09908313304185867,76
5,MCF7,6.0,A199,23,1,90.0,5,0.82,0.10485962778329849,53,0.10156131535768509,60
5,MCF7,6.0,A199,23,1,90.0,5,0.87,0.10399457812309265,32,0.1028599962592125,38
5,MCF7,6.0,A199,23,1,90.0,5,0.92,0.12057462334632874,22,0.11722797155380249,25
5,MCF7,6.0,A199,23,1,90.0,5,0.97,0.10464364290237427,21,0.10464364290237427,21
5,MCF7,6.0,A199,23,1,90.0,5,1.02,0.10788936913013458,10,0.10788936913013458,10
5,MCF7,6.0,A199,23,1,90.0,5,1.07,0.08343208581209183,15,0.08343208581209183,15
5,MCF7,6.0,A199,23,1,90.0,5,1.12,0.09890461713075638,12,0.10883338749408722,13
5,MCF7,6.0,A199,23,1,90.0,5,1.17,0.12204595655202866,9,,9
5,MCF7,6.0,A199,23,1,90.0,5,1.22,0.12381064146757126,11,0.12381064146757126,11
5,MCF7,6.0,A199,23,1,90.0,5,1.27,0.12245901674032211,10,0.12245901674032211,10
5,MCF7,6.0,A199,23,1,90.0,5,1.32,0.11383212357759476,7,,7
5,MCF7,6.0,A199,23,1,90.0,5,1.37,0.08468440175056458,8,,8
6,MCF7,6.0,A199,23,1,90.0,6,0.07,,0,0.05285298079252243,53
6,MCF7,6.0,A199,23,1,90.0,6,0.12,0.05131581798195839,164,0.062476515769958496,1923
6,MCF7,6.0,A199,23,1,90.0,6,0.17,0.05900317803025246,444,0.07218258082866669,2759
6,MCF7,6.0,A199,23,1,90.0,6,0.22,0.06886806339025497,606,0.07825280725955963,1854
6,MCF7,6.0,A199,23,1,90.0,6,0.27,0.07566213607788086,273,0.08461398631334305,1041
6,MCF7,6.0,A199,23,1,90.0,6,0.32,0.08352617919445038,280,0.08822207897901535,813
6,MCF7,6.0,A199,23,1,90.0,6,0.37,0.07692097872495651,396,0.0768202617764473,770
6,MCF7,6.0,A199,23,1,90.0,6,0.42,0.07104764133691788,609,0.06767861545085907,1056
6,MCF7,6.0,A199,23,1,90.0,6,0.47,0.08421342819929123,459,0.07318193465471268,903
6,MCF7,6.0,A199,23,1,90.0,6,0.52,0.09450112283229828,386,0.07890313863754272,775
6,MCF7,6.0,A199,23,1,90.0,6,0.57,0.09659334272146225,422,0.09033793210983276,711
6,MCF7,6.0,A199,23,1,90.0,6,0.62,0.0974889025092125,251,0.09328120946884155,435
6,MCF7,6.0,A199,23,1,90.0,6,0.67,0.10914435237646103,160,0.10316644608974457,260
6,MCF7,6.0,A199,23,1,90.0,6,0.72,0.10807859897613525,113,0.10582205653190613,188
6,MCF7,6.0,A199,23,1,90.0,6,0.77,0.10883305966854095,84,0.10704555362462997,135
6,MCF7,6.0,A199,23,1,90.0,6,0.82,0.10990335047245026,56,0.10740844160318375,94
6,MCF7,6.0,A199,23,1,90.0,6,0.87,0.1280398666858673,42,0.12154090404510498,59
6,MCF7,6.0,A199,23,1,90.0,6,0.92,0.1208367869257927,32,0.1186366155743599,44
6,MCF7,6.0,A199,23,1,90.0,6,0.97,0.12911532819271088,23,0.12228214740753174,28
6,MCF7,6.0,A199,23,1,90.0,6,1.02,0.12767283618450165,19,0.12542757391929626,23
6,MCF7,6.0,A199,23,1,90.0,6,1.07,0.12667503952980042,18,0.1212095245718956,23
6,MCF7,6.0,A199,23,1,90.0,6,1.12,0.13222923874855042,18,0.12214240431785583,22
6,MCF7,6.0,A199,23,1,90.0,6,1.17,0.1459704488515854,6,,9
6,MCF7,6.0,A199,23,1,90.0,6,1.22,0.11379946768283844,5,,8
6,MCF7,6.0,A199,23,1,90.0,6,1.47,,2,,7
1,MCF7,6.0,A199,24,1,90.0,1,0.18,,3,,7
1,MCF7,6.0,A199,24,1,90.0,1,0.23,0.05392025038599968,41,0.05395824834704399,229
1,MCF7,6.0,A199,24,1,90.0,1,0.28,0.0574951246380806,164,0.060258738696575165,788
1,MCF7,6.0,A199,24,1,90.0,1,0.33,0.06843819469213486,387,0.06648663431406021,973
1,MCF7,6.0,A199,24,1,90.0,1,0.38,0.07006430625915527,457,0.07066700607538223,916
1,MCF7,6.0,A199,24,1,90.0,1,0.43,0.07636193931102753,517,0.07875508069992065,920
1,MCF7,6.0,A199,24,1,90.0,1,0.48,0.07890427857637405,472,0.08376079052686691,867
1,MCF7,6.0,A199,24,1,90.0,1,0.53,0.08055572211742401,342,0.08801712095737457,790
1,MCF7,6.0,A199,24,1,90.0,1,0.58,0.08700565993785858,352,0.0915311723947525,760
1,MCF7,6.0,A199,24,1,90.0,1,0.63,0.0899956151843071,344,0.09231504052877426,746
1,MCF7,6.0,A199,24,1,90.0,1,0.68,0.09443575143814087,304,0.09753809869289398,716
1,MCF7,6.0,A199,24,1,90.0,1,0.73,0.09546641260385513,270,0.10160963982343674,690
1,MCF7,6.0,A199,24,1,90.0,1,0.78,0.09644818305969238,233,0.10416725277900696,654
1,MCF7,6.0,A199,24,1,90.0,1,0.83,0.10257987678050995,208,0.10997993499040604,603
1,MCF7,6.0,A199,24,1,90.0,1,0.88,0.10888905078172684,239,0.11386469006538391,580
1,MCF7,6.0,A199,24,1,90.0,1,0.93,0.10799019783735275,222,0.11555278301239014,489
1,MCF7,6.0,A199,24,1,90.0,1,0.98,0.11662238091230392,224,0.12248353660106659,428
1,MCF7,6.0,A199,24,1,90.0,1,1.03,0.12060587853193283,233,0.1260274201631546,401
1,MCF7,6.0,A199,24,1,90.0,1,1.08,0.12233097851276398,202,0.12846876680850983,327
1,MCF7,6.0,A199,24,1,90.0,1,1.13,0.12889546155929565,216,0.13469472527503967,348
1,MCF7,6.0,A199,24,1,90.0,1,1.18,0.12861602008342743,218,0.13464422523975372,308
1,MCF7,6.0,A199,24,1,90.0,1,1.23,0.13113756477832794,234,0.13856641948223114,303
1,MCF7,6.0,A199,24,1,90.0,1,1.28,0.1327480971813202,228,0.1381048858165741,290
1,MCF7,6.0,A199,24,1,90.0,1,1.33,0.1389380842447281,225,0.14242063462734222,260
1,MCF7,6.0,A199,24,1,90.0,1,1.38,0.14751318097114563,221,0.1510944813489914,247
1,MCF7,6.0,A199,24,1,90.0,1,1.43,0.14092227816581726,191,0.14519785344600677,212
1,MCF7,6.0,A199,24,1,90.0,1,1.48,0.15026992559432983,198,0.15284748375415802,212
1,MCF7,6.0,A199,24,1,90.0,1,1.53,0.1541641503572464,149,0.15540210902690887,154
1,MCF7,6.0,A199,24,1,90.0,1,1.58,0.156327024102211,146,0.15812231600284576,151
1,MCF7,6.0,A199,24,1,90.0,1,1.63,0.15387895703315735,136,0.15601500868797302,142
1,MCF7,6.0,A199,24,1,90.0,1,1.68,0.15374822914600372,123,0.15481063723564148,125
1,MCF7,6.0,A199,24,1,90.0,1,1.73,0.15829752385616302,96,0.1586284041404724,98
1,MCF7,6.0,A199,24,1,90.0,1,1.78,0.15450221300125122,85,0.15690667927265167,89
1,MCF7,6.0,A199,24,1,90.0,1,1.83,0.1703052967786789,92,0.17115259170532227,97
1,MCF7,6.0,A199,24,1,90.0,1,1.88,0.16171061992645264,66,0.16171061992645264,66
1,MCF7,6.0,A199,24,1,90.0,1,1.93,0.16449536383152008,55,0.16449536383152008,55
1,MCF7,6.0,A199,24,1,90.0,1,1.98,0.15667809545993805,61,0.15799105167388916,62
1,MCF7,6.0,A199,24,1,90.0,1,2.03,0.16055074334144592,42,0.1620398610830307,43
1,MCF7,6.0,A199,24,1,90.0,1,2.08,0.154656782746315,34,0.15661512315273285,35
1,MCF7,6.0,A199,24,1,90.0,1,2.13,0.16270919144153595,37,0.16558167338371277,38
1,MCF7,6.0,A199,24,1,90.0,1,2.18,0.16034944355487823,47,0.15958181023597717,48
1,MCF7,6.0,A199,24,1,90.0,1,2.23,0.16587471961975098,39,0.17120149731636047,41
1,MCF7,6.0,A199,24,1,90.0,1,2.28,0.15802358090877533,30,0.1623605191707611,32
1,MCF7,6.0,A199,24,1,90.0,1,2.33,0.16272181272506714,24,0.16272181272506714,24
1,MCF7,6.0,A199,24,1,90.0,1,2.38,0.17195558547973633,26,0.17195558547973633,26
1,MCF7,6.0,A199,24,1,90.0,1,2.43,0.1696436107158661,22,0.16657793521881104,23
1,MCF7,6.0,A199,24,1,90.0,1,2.48,0.13140618801116943,21,0.13140618801116943,21
1,MCF7,6.0,A199,24,1,90.0,1,2.53,0.17245922982692719,22,0.17245922982692719,22
1,MCF7,6.0,A199,24,1,90.0,1,2.58,0.15101368725299835,20,0.15101368725299835,20
1,MCF7,6.0,A199,24,1,90.0,1,2.63,0.19295357167720795,11,0.19295357167720795,11
1,MCF7,6.0,A199,24,1,90.0,1,2.68,0.14938876032829285,8,,8
1,MCF7,6.0,A199,24,1,90.0,1,2.73,0.16385532915592194,10,0.1527078002691269,11
1,MCF7,6.0,A199,24,1,90.0,1,2.78,0.1743059754371643,8,,8
1,MCF7,6.0,A199,24,1,90.0,1,2.88,0.12472093850374222,6,,6
2,MCF7,6.0,A199,24,1,90.0,2,0.0,,0,0.0,81
2,MCF7,6.0,A199,24,1,90.0,2,0.1,0.05532197281718254,8,0.06214746832847595,96
2,MCF7,6.0,A199,24,1,90.0,2,0.15,0.06842140108346939,194,0.06612110882997513,829
2,MCF7,6.0,A199,24,1,90.0,2,0.2,0.0768057331442833,781,0.07690343260765076,2222
2,MCF7,6.0,A199,24,1,90.0,2,0.25,0.0854276567697525,1041,0.08806104958057404,2598
2,MCF7,6.0,A199,24,1,90.0,2,0.3,0.09334656596183777,925,0.0972898006439209,1945
2,MCF7,6.0,A199,24,1,90.0,2,0.35,0.09963873773813248,623,0.10675624758005142,1288
2,MCF7,6.0,A199,24,1,90.0,2,0.4,0.1039981096982956,471,0.1143086701631546,929
2,MCF7,6.0,A199,24,1,90.0,2,0.45,0.10958142578601837,447,0.11601269245147705,834
2,MCF7,6.0,A199,24,1,90.0,2,0.5,0.11161889135837555,356,0.12247002869844437,761
2,MCF7,6.0,A199,24,1,90.0,2,0.55,0.11811162531375885,236,0.13094626367092133,693
2,MCF7,6.0,A199,24,1,90.0,2,0.6,0.11956434696912766,195,0.13432444632053375,624
2,MCF7,6.0,A199,24,1,90.0,2,0.65,0.12247762084007263,150,0.14170458912849426,557
2,MCF7,6.0,A199,24,1,90.0,2,0.7,0.12528285384178162,73,0.15250861644744873,460
2,MCF7,6.0,A199,24,1,90.0,2,0.75,0.13895423710346222,54,0.16225168108940125,333
2,MCF7,6.0,A199,24,1,90.0,2,0.8,0.13399647176265717,55,0.15784668922424316,296
2,MCF7,6.0,A199,24,1,90.0,2,0.85,0.13463705778121948,48,0.164388969540596,246
2,MCF7,6.0,A199,24,1,90.0,2,0.9,0.15762211382389069,44,0.176857590675354,192
2,MCF7,6.0,A199,24,1,90.0,2,0.95,0.165104940533638,39,0.17949222028255463,129
2,MCF7,6.0,A199,24,1,90.0,2,1.0,0.16530022025108337,38,0.18702049553394318,126
2,MCF7,6.0,A199,24,1,90.0,2,1.05,0.17174789309501648,34,0.18147806823253632,93
2,MCF7,6.0,A199,24,1,90.0,2,1.1,0.16361378133296967,36,0.1887834668159485,85
2,MCF7,6.0,A199,24,1,90.0,2,1.15,0.18126146495342255,48,0.19468341767787933,82
2,MCF7,6.0,A199,24,1,90.0,2,1.2,0.18473416566848755,41,0.203962504863739,76
2,MCF7,6.0,A199,24,1,90.0,2,1.25,0.17981946468353271,38,0.1886574774980545,55
2,MCF7,6.0,A199,24,1,90.0,2,1.3,0.17160308361053467,38,0.17831657826900482,49
2,MCF7,6.0,A199,24,1,90.0,2,1.35,0.1833716481924057,32,0.1892942190170288,36
2,MCF7,6.0,A199,24,1,90.0,2,1.4,0.19680340588092804,31,0.20250366628170013,39
2,MCF7,6.0,A199,24,1,90.0,2,1.45,0.1814013123512268,18,0.1969120055437088,22
2,MCF7,6.0,A199,24,1,90.0,2,1.5,0.2118152678012848,39,0.21569161117076874,43
2,MCF7,6.0,A199,24,1,90.0,2,1.55,0.20333139598369598,27,0.21294589340686798,29
2,MCF7,6.0,A199,24,1,90.0,2,1.6,0.21145029366016388,22,0.21145029366016388,22
2,MCF7,6.0,A199,24,1,90.0,2,1.65,0.20129384100437164,26,0.20612585544586182,27
2,MCF7,6.0,A199,24,1,90.0,2,1.7,0.2124122530221939,33,0.2124122530221939,33
2,MCF7,6.0,A199,24,1,90.0,2,1.75,0.22585263848304749,55,0.22585263848304749,55
2,MCF7,6.0,A199,24,1,90.0,2,1.8,0.2255636304616928,30,0.2255636304616928,30
2,MCF7,6.0,A199,24,1,90.0,2,1.85,0.23785753548145294,31,0.23785753548145294,31
2,MCF7,6.0,A199,24,1,90.0,2,1.9,0.24524237215518951,23,0.24524237215518951,23
2,MCF7,6.0,A199,24,1,90.0,2,1.95,0.21661068499088287,21,0.21661068499088287,21
2,MCF7,6.0,A199,24,1,90.0,2,2.0,0.20342357456684113,15,0.20342357456684113,15
2,MCF7,6.0,A199,24,1,90.0,2,2.05,0.24378721415996552,21,0.24378721415996552,21
2,MCF7,6.0,A199,24,1,90.0,2,2.1,0.22944270074367523,12,0.22944270074367523,12
2,MCF7,6.0,A199,24,1,90.0,2,2.15,0.17255046963691711,11,0.17255046963691711,11
2,MCF7,6.0,A199,24,1,90.0,2,2.35,0.20038695633411407,7,,7
2,MCF7,6.0,A199,24,1,90.0,2,2.4,0.18196232616901398,6,,6
2,MCF7,6.0,A199,24,1,90.0,2,2.45,0.2280312031507492,10,0.2280312031507492,10
2,MCF7,6.0,A199,24,1,90.0,2,2.65,0.1985963135957718,6,,6
2,MCF7,6.0,A199,24,1,90.0,2,2.7,0.2089429497718811,8,,8
3,MCF7,6.0,A199,24,1,90.0,3,0.0,,0,0.0,13
3,MCF7,6.0,A199,24,1,90.0,3,0.05,,0,0.038761235773563385,47
3,MCF7,6.0,A199,24,1,90.0,3,0.1,0.05190318822860718,67,0.06114763021469116,1826
3,MCF7,6.0,A199,24,1,90.0,3,0.15,0.05912671983242035,432,0.06889651715755463,5681
3,MCF7,6.0,A199,24,1,90.0,3,0.2,0.06945495307445526,1059,0.07429322600364685,4964
3,MCF7,6.0,A199,24,1,90.0,3,0.25,0.07315343618392944,1164,0.0762416422367096,2405
3,MCF7,6.0,A199,24,1,90.0,3,0.3,0.07501459866762161,968,0.07659807056188583,1218
3,MCF7,6.0,A199,24,1,90.0,3,0.35,0.07627103477716446,1017,0.07669329643249512,1085
3,MCF7,6.0,A199,24,1,90.0,3,0.4,0.08150208741426468,620,0.08157593011856079,633
3,MCF7,6.0,A199,24,1,90.0,3,0.45,0.08451154828071594,410,0.08451154828071594,410
3,MCF7,6.0,A199,24,1,90.0,3,0.5,0.0876350998878479,305,0.0876350998878479,305
3,MCF7,6.0,A199,24,1,90.0,3,0.55,0.08937913179397583,226,0.08937913179397583,226
3,MCF7,6.0,A199,24,1,90.0,3,0.6,0.09244375675916672,179,0.09244375675916672,179
3,MCF7,6.0,A199,24,1,90.0,3,0.65,0.09440144151449203,151,0.09440144151449203,151
3,MCF7,6.0,A199,24,1,90.0,3,0.7,0.09739875048398972,108,0.09739875048398972,108
3,MCF7,6.0,A199,24,1,90.0,3,0.75,0.10284765809774399,72,0.10284765809774399,72
3,MCF7,6.0,A199,24,1,90.0,3,0.8,0.11209229379892349,48,0.11209229379892349,48
3,MCF7,6.0,A199,24,1,90.0,3,0.85,0.105522021651268,39,0.105522021651268,39
3,MCF7,6.0,A199,24,1,90.0,3,0.9,0.10460519045591354,27,0.10460519045591354,27
3,MCF7,6.0,A199,24,1,90.0,3,0.95,0.11360086500644684,25,0.11360086500644684,25
3,MCF7,6.0,A199,24,1,90.0,3,1.0,0.10967188328504562,23,0.10967188328504562,23
3,MCF7,6.0,A199,24,1,90.0,3,1.05,0.12265177071094513,20,0.12265177071094513,20
3,MCF7,6.0,A199,24,1,90.0,3,1.1,0.11991773545742035,9,,9
3,MCF7,6.0,A199,24,1,90.0,3,1.15,0.11883427202701569,20,0.11883427202701569,20
3,MCF7,6.0,A199,24,1,90.0,3,1.2,0.10661827772855759,8,,8
3,MCF7,6.0,A199,24,1,90.0,3,1.25,0.10915953665971756,11,0.10915953665971756,11
3,MCF7,6.0,A199,24,1,90.0,3,1.3,0.11799433082342148,8,,8
4,MCF7,6.0,A199,24,1,90.0,4,0.02,0.05230604484677315,376,0.0584602952003479,897
4,MCF7,6.0,A199,24,1,90.0,4,0.07,0.05680542066693306,6954,0.06044191122055054,14886
4,MCF7,6.0,A199,24,1,90.0,4,0.12,0.05992230772972107,14,0.07066385447978973,329
1,MCF7,6.0,A199,25,1,90.0,1,0.1,0.043702125549316406,344,0.04454080015420914,570
1,MCF7,6.0,A199,25,1,90.0,1,0.15,0.0517125241458416,1581,0.05107485502958298,3834
1,MCF7,6.0,A199,25,1,90.0,1,0.2,0.060083482414484024,1107,0.05911344289779663,2473
1,MCF7,6.0,A199,25,1,90.0,1,0.25,0.06705187261104584,738,0.07280851155519485,1202
1,MCF7,6.0,A199,25,1,90.0,1,0.3,0.07199530303478241,381,0.08095674216747284,550
1,MCF7,6.0,A199,25,1,90.0,1,0.35,0.07920266687870026,261,0.08623684197664261,405
1,MCF7,6.0,A199,25,1,90.0,1,0.4,0.08741435408592224,223,0.08954981714487076,302
1,MCF7,6.0,A199,25,1,90.0,1,0.45,0.0929144099354744,204,0.09270855784416199,273
1,MCF7,6.0,A199,25,1,90.0,1,0.5,0.09587134420871735,193,0.09664370119571686,298
1,MCF7,6.0,A199,25,1,90.0,1,0.55,0.10008171945810318,195,0.10057872533798218,287
1,MCF7,6.0,A199,25,1,90.0,1,0.6,0.10522608458995819,204,0.10449736565351486,248
1,MCF7,6.0,A199,25,1,90.0,1,0.65,0.11254020780324936,156,0.11244931817054749,163
1,MCF7,6.0,A199,25,1,90.0,1,0.7,0.11477124691009521,133,0.11512742936611176,134
1,MCF7,6.0,A199,25,1,90.0,1,0.75,0.11852845549583435,108,0.11885061115026474,109
1,MCF7,6.0,A199,25,1,90.0,1,0.8,0.12051627039909363,79,0.12051627039909363,79
1,MCF7,6.0,A199,25,1,90.0,1,0.85,0.12507107853889465,69,0.12507107853889465,69
1,MCF7,6.0,A199,25,1,90.0,1,0.9,0.12419814616441727,56,0.12419814616441727,56
1,MCF7,6.0,A199,25,1,90.0,1,0.95,0.12945757806301117,47,0.12945757806301117,47
1,MCF7,6.0,A199,25,1,90.0,1,1.0,0.13210326433181763,34,0.13210326433181763,34
1,MCF7,6.0,A199,25,1,90.0,1,1.05,0.13433191180229187,40,0.13433191180229187,40
1,MCF7,6.0,A199,25,1,90.0,1,1.1,0.14105908572673798,29,0.14105908572673798,29
1,MCF7,6.0,A199,25,1,90.0,1,1.15,0.13035136461257935,25,0.13035136461257935,25
1,MCF7,6.0,A199,25,1,90.0,1,1.2,0.12584182620048523,29,0.12584182620048523,29
1,MCF7,6.0,A199,25,1,90.0,1,1.25,0.12780816853046417,17,0.12780816853046417,17
1,MCF7,6.0,A199,25,1,90.0,1,1.3,0.12887829542160034,23,0.12887829542160034,23
1,MCF7,6.0,A199,25,1,90.0,1,1.35,0.1430075466632843,10,0.1430075466632843,10
1,MCF7,6.0,A199,25,1,90.0,1,1.4,0.128670796751976,10,0.128670796751976,10
1,MCF7,6.0,A199,25,1,90.0,1,1.45,0.1645134687423706,6,,6
1,MCF7,6.0,A199,25,1,90.0,1,1.5,0.1499049961566925,7,,7
1,MCF7,6.0,A199,25,1,90.0,1,1.55,0.14328457415103912,6,,6
1,MCF7,6.0,A199,25,1,90.0,1,1.6,0.14458683133125305,9,,9
1,MCF7,6.0,A199,25,1,90.0,1,1.65,0.11645344644784927,6,,6
2,MCF7,6.0,A199,25,1,90.0,2,0.15,,0,0.052580825984478,56
2,MCF7,6.0,A199,25,1,90.0,2,0.2,,0,0.05307590961456299,839
2,MCF7,6.0,A199,25,1,90.0,2,0.25,,0,0.05266881361603737,1686
2,MCF7,6.0,A199,25,1,90.0,2,0.3,0.05804397165775299,48,0.05332302674651146,2409
2,MCF7,6.0,A199,25,1,90.0,2,0.35,0.05983053892850876,341,0.05780540779232979,2878
2,MCF7,6.0,A199,25,1,90.0,2,0.4,0.06424156576395035,522,0.059792034327983856,2915
2,MCF7,6.0,A199,25,1,90.0,2,0.45,0.0689014121890068,405,0.06559538841247559,2305
2,MCF7,6.0,A199,25,1,90.0,2,0.5,0.07119030505418777,378,0.07100648432970047,1888
2,MCF7,6.0,A199,25,1,90.0,2,0.55,0.07662061601877213,508,0.07747877389192581,1566
2,MCF7,6.0,A199,25,1,90.0,2,0.6,0.08252954483032227,633,0.0830664336681366,1314
2,MCF7,6.0,A199,25,1,90.0,2,0.65,0.08674947172403336,677,0.08765079826116562,1037
2,MCF7,6.0,A199,25,1,90.0,2,0.7,0.09023966640233994,706,0.09074125438928604,811
2,MCF7,6.0,A199,25,1,90.0,2,0.75,0.0916333794593811,615,0.09223412722349167,638
2,MCF7,6.0,A199,25,1,90.0,2,0.8,0.09574815630912781,474,0.09584955871105194,480
2,MCF7,6.0,A199,25,1,90.0,2,0.85,0.09797035157680511,335,0.09815461933612823,337
2,MCF7,6.0,A199,25,1,90.0,2,0.9,0.09946781396865845,248,0.09946781396865845,248
2,MCF7,6.0,A199,25,1,90.0,2,0.95,0.10196887701749802,191,0.10196887701749802,191
2,MCF7,6.0,A199,25,1,90.0,2,1.0,0.10014308243989944,214,0.10014308243989944,214
2,MCF7,6.0,A199,25,1,90.0,2,1.05,0.09952352941036224,164,0.09944134205579758,165
2,MCF7,6.0,A199,25,1,90.0,2,1.1,0.10223381966352463,138,0.10223381966352463,138
2,MCF7,6.0,A199,25,1,90.0,2,1.15,0.10969243943691254,93,0.10969243943691254,93
2,MCF7,6.0,A199,25,1,90.0,2,1.2,0.10276997834444046,71,0.10276997834444046,71
2,MCF7,6.0,A199,25,1,90.0,2,1.25,0.10822341591119766,68,0.10822341591119766,68
2,MCF7,6.0,A199,25,1,90.0,2,1.3,0.10780590772628784,64,0.10696131736040115,65
2,MCF7,6.0,A199,25,1,90.0,2,1.35,0.10779370367527008,46,0.10779370367527008,46
2,MCF7,6.0,A199,25,1,90.0,2,1.4,0.10672152042388916,26,0.10672152042388916,26
2,MCF7,6.0,A199,25,1,90.0,2,1.45,0.09811483323574066,16,0.09811483323574066,16
2,MCF7,6.0,A199,25,1,90.0,2,1.5,0.12328775972127914,26,0.12328775972127914,26
2,MCF7,6.0,A199,25,1,90.0,2,1.55,0.10500434786081314,25,0.10500434786081314,25
2,MCF7,6.0,A199,25,1,90.0,2,1.6,0.09316437691450119,11,0.09316437691450119,11
2,MCF7,6.0,A199,25,1,90.0,2,1.65,0.09721498936414719,13,0.09721498936414719,13
2,MCF7,6.0,A199,25,1,90.0,2,1.75,0.09942741692066193,10,0.09942741692066193,10
3,MCF7,6.0,A199,25,1,90.0,3,0.06,,0,0.03603683039546013,130
3,MCF7,6.0,A199,25,1,90.0,3,0.11,,1,0.04287373274564743,2250
3,MCF7,6.0,A199,25,1,90.0,3,0.16,0.051857415586709976,28,0.04994094744324684,2422
3,MCF7,6.0,A199,25,1,90.0,3,0.21,0.05891567841172218,96,0.05559632554650307,2047
3,MCF7,6.0,A199,25,1,90.0,3,0.26,0.06686600297689438,180,0.06064494326710701,1860
3,MCF7,6.0,A199,25,1,90.0,3,0.31,0.0747482031583786,171,0.06696856766939163,1512
3,MCF7,6.0,A199,25,1,90.0,3,0.36,0.07682325690984726,143,0.06868688017129898,1079
3,MCF7,6.0,A199,25,1,90.0,3,0.41,0.07980961352586746,154,0.07240264862775803,909
3,MCF7,6.0,A199,25,1,90.0,3,0.46,0.07992269843816757,185,0.07653573155403137,888
3,MCF7,6.0,A199,25,1,90.0,3,0.51,0.07874904572963715,243,0.0776934027671814,964
3,MCF7,6.0,A199,25,1,90.0,3,0.56,0.0818740501999855,367,0.08153356611728668,926
3,MCF7,6.0,A199,25,1,90.0,3,0.61,0.08557218313217163,405,0.08353357017040253,650
3,MCF7,6.0,A199,25,1,90.0,3,0.66,0.08755282312631607,358,0.08431544154882431,462
3,MCF7,6.0,A199,25,1,90.0,3,0.71,0.09002438187599182,332,0.08718913048505783,388
3,MCF7,6.0,A199,25,1,90.0,3,0.76,0.09639760106801987,326,0.09393033385276794,356
3,MCF7,6.0,A199,25,1,90.0,3,0.81,0.09946072101593018,322,0.09854108840227127,336
3,MCF7,6.0,A199,25,1,90.0,3,0.86,0.10280554741621017,294,0.10219334810972214,303
3,MCF7,6.0,A199,25,1,90.0,3,0.91,0.11112231016159058,190,0.1095830425620079,197
3,MCF7,6.0,A199,25,1,90.0,3,0.96,0.10992401838302612,177,0.1092706173658371,184
3,MCF7,6.0,A199,25,1,90.0,3,1.01,0.11047498136758804,146,0.10928771644830704,150
3,MCF7,6.0,A199,25,1,90.0,3,1.06,0.11652608960866928,139,0.11525850743055344,144
3,MCF7,6.0,A199,25,1,90.0,3,1.11,0.11249778419733047,107,0.11108243465423584,111
3,MCF7,6.0,A199,25,1,90.0,3,1.16,0.12068817019462585,108,0.11925508081912994,111
3,MCF7,6.0,A199,25,1,90.0,3,1.21,0.12195765227079391,120,0.12024838477373123,124
3,MCF7,6.0,A199,25,1,90.0,3,1.26,0.12613259255886078,138,0.12522724270820618,142
3,MCF7,6.0,A199,25,1,90.0,3,1.31,0.12645573914051056,165,0.12637171149253845,169
3,MCF7,6.0,A199,25,1,90.0,3,1.36,0.13229848444461823,210,0.13166117668151855,213
3,MCF7,6.0,A199,25,1,90.0,3,1.41,0.13214339315891266,172,0.13072626292705536,176
3,MCF7,6.0,A199,25,1,90.0,3,1.46,0.13259723782539368,152,0.13236811757087708,155
3,MCF7,6.0,A199,25,1,90.0,3,1.51,0.13257890939712524,136,0.1321864277124405,137
3,MCF7,6.0,A199,25,1,90.0,3,1.56,0.14050258696079254,121,0.13900387287139893,124
3,MCF7,6.0,A199,25,1,90.0,3,1.61,0.14450976252555847,112,0.14433039724826813,114
3,MCF7,6.0,A199,25,1,90.0,3,1.66,0.14358685910701752,61,0.14206090569496155,63
3,MCF7,6.0,A199,25,1,90.0,3,1.71,0.140578031539917,53,0.1393304467201233,54
3,MCF7,6.0,A199,25,1,90.0,3,1.76,0.1409076750278473,61,0.1409076750278473,61
3,MCF7,6.0,A199,25,1,90.0,3,1.81,0.14647185802459717,51,0.14647185802459717,51
3,MCF7,6.0,A199,25,1,90.0,3,1.86,0.1597602367401123,28,0.15991432964801788,29
3,MCF7,6.0,A199,25,1,90.0,3,1.91,0.14664147794246674,28,0.14469371736049652,29
3,MCF7,6.0,A199,25,1,90.0,3,1.96,0.14745637774467468,29,0.14745637774467468,29
3,MCF7,6.0,A199,25,1,90.0,3,2.01,0.1452832818031311,25,0.14353692531585693,26
3,MCF7,6.0,A199,25,1,90.0,3,2.06,0.14891797304153442,17,0.14676351845264435,18
3,MCF7,6.0,A199,25,1,90.0,3,2.11,0.16252730786800385,19,0.16252730786800385,19
3,MCF7,6.0,A199,25,1,90.0,3,2.16,0.15788297355175018,25,0.15788297355175018,25
3,MCF7,6.0,A199,25,1,90.0,3,2.21,0.14908277988433838,13,0.1470441073179245,14
3,MCF7,6.0,A199,25,1,90.0,3,2.26,0.15026220679283142,17,0.15026220679283142,17
3,MCF7,6.0,A199,25,1,90.0,3,2.31,0.13250720500946045,11,0.13250720500946045,11
3,MCF7,6.0,A199,25,1,90.0,3,2.36,0.148903027176857,11,0.148903027176857,11
3,MCF7,6.0,A199,25,1,90.0,3,2.41,0.15503473579883575,15,0.15503473579883575,15
3,MCF7,6.0,A199,25,1,90.0,3,2.46,0.16047942638397217,8,,8
3,MCF7,6.0,A199,25,1,90.0,3,2.51,0.15948432683944702,9,,9
3,MCF7,6.0,A199,25,1,90.0,3,2.56,0.15088969469070435,10,0.15088969469070435,10
3,MCF7,6.0,A199,25,1,90.0,3,2.71,0.15896989405155182,9,,9
4,MCF7,6.0,A199,25,1,90.0,4,0.19,0.05768706649541855,84,0.05768706649541855,84
4,MCF7,6.0,A199,25,1,90.0,4,0.24,0.06033780053257942,1090,0.060378629714250565,1147
4,MCF7,6.0,A199,25,1,90.0,4,0.29,0.06466947495937347,1163,0.06302497535943985,1611
4,MCF7,6.0,A199,25,1,90.0,4,0.34,0.06887367367744446,495,0.06382512301206589,1243
4,MCF7,6.0,A199,25,1,90.0,4,0.39,0.07325929403305054,297,0.06820756196975708,1021
4,MCF7,6.0,A199,25,1,90.0,4,0.44,0.07768372446298599,230,0.07500959187746048,801
4,MCF7,6.0,A199,25,1,90.0,4,0.49,0.07883819192647934,193,0.08043631166219711,600
4,MCF7,6.0,A199,25,1,90.0,4,0.54,0.08277372270822525,161,0.09351205825805664,539
4,MCF7,6.0,A199,25,1,90.0,4,0.59,0.08534455299377441,107,0.10586757957935333,451
4,MCF7,6.0,A199,25,1,90.0,4,0.64,0.09043943881988525,110,0.11099917441606522,436
4,MCF7,6.0,A199,25,1,90.0,4,0.69,0.09062731266021729,106,0.11509357392787933,426
4,MCF7,6.0,A199,25,1,90.0,4,0.74,0.0987895131111145,106,0.11829527467489243,353
4,MCF7,6.0,A199,25,1,90.0,4,0.79,0.10640382021665573,138,0.12079096585512161,338
4,MCF7,6.0,A199,25,1,90.0,4,0.84,0.11192034929990768,155,0.12530210614204407,362
4,MCF7,6.0,A199,25,1,90.0,4,0.89,0.11371020972728729,169,0.12257210910320282,319
4,MCF7,6.0,A199,25,1,90.0,4,0.94,0.11558985710144043,155,0.12598192691802979,287
4,MCF7,6.0,A199,25,1,90.0,4,0.99,0.11861525475978851,148,0.13127447664737701,281
4,MCF7,6.0,A199,25,1,90.0,4,1.04,0.12095329910516739,149,0.13120701909065247,242
4,MCF7,6.0,A199,25,1,90.0,4,1.09,0.1254337728023529,136,0.13681630790233612,225
4,MCF7,6.0,A199,25,1,90.0,4,1.14,0.13327570259571075,113,0.14211627840995789,187
4,MCF7,6.0,A199,25,1,90.0,4,1.19,0.1289672553539276,105,0.14127053320407867,181
4,MCF7,6.0,A199,25,1,90.0,4,1.24,0.13321374356746674,88,0.1456320732831955,148
4,MCF7,6.0,A199,25,1,90.0,4,1.29,0.1431291401386261,90,0.15118606388568878,149
4,MCF7,6.0,A199,25,1,90.0,4,1.34,0.14139695465564728,87,0.15061135590076447,127
4,MCF7,6.0,A199,25,1,90.0,4,1.39,0.14658500254154205,91,0.15373730659484863,132
4,MCF7,6.0,A199,25,1,90.0,4,1.44,0.1502825766801834,71,0.15625731647014618,101
4,MCF7,6.0,A199,25,1,90.0,4,1.49,0.14892525970935822,75,0.1573607474565506,110
4,MCF7,6.0,A199,25,1,90.0,4,1.54,0.1599944680929184,64,0.16684533655643463,100
4,MCF7,6.0,A199,25,1,90.0,4,1.59,0.15494509041309357,43,0.1642165184020996,77
4,MCF7,6.0,A199,25,1,90.0,4,1.64,0.15178406238555908,41,0.16440199315547943,78
4,MCF7,6.0,A199,25,1,90.0,4,1.69,0.14122991263866425,45,0.15794327855110168,70
4,MCF7,6.0,A199,25,1,90.0,4,1.74,0.15168313682079315,29,0.16280438005924225,50
4,MCF7,6.0,A199,25,1,90.0,4,1.79,0.16185526549816132,34,0.16988994181156158,52
4,MCF7,6.0,A199,25,1,90.0,4,1.84,0.15148328244686127,29,0.16188159584999084,45
4,MCF7,6.0,A199,25,1,90.0,4,1.89,0.15283487737178802,26,0.16293320059776306,38
4,MCF7,6.0,A199,25,1,90.0,4,1.94,0.15775857865810394,29,0.16855280101299286,41
4,MCF7,6.0,A199,25,1,90.0,4,1.99,0.1494530737400055,20,0.14818258583545685,30
4,MCF7,6.0,A199,25,1,90.0,4,2.04,0.16018866002559662,17,0.16740559041500092,27
4,MCF7,6.0,A199,25,1,90.0,4,2.09,0.1644095480442047,12,0.163834348320961,22
4,MCF7,6.0,A199,25,1,90.0,4,2.14,0.18865607678890228,15,0.19490940868854523,21
4,MCF7,6.0,A199,25,1,90.0,4,2.19,0.17284800112247467,20,0.172471821308136,26
4,MCF7,6.0,A199,25,1,90.0,4,2.24,0.1948971450328827,28,0.1928887814283371,35
4,MCF7,6.0,A199,25,1,90.0,4,2.29,0.17515826225280762,16,0.17251542210578918,20
4,MCF7,6.0,A199,25,1,90.0,4,2.34,0.18090865015983582,13,0.17845690250396729,21
4,MCF7,6.0,A199,25,1,90.0,4,2.39,0.182644322514534,12,0.1851629912853241,17
4,MCF7,6.0,A199,25,1,90.0,4,2.44,0.17783072590827942,8,0.17340822517871857,12
4,MCF7,6.0,A199,25,1,90.0,4,2.49,0.1807178407907486,11,0.1683727204799652,15
4,MCF7,6.0,A199,25,1,90.0,4,2.54,0.1535303145647049,11,0.1536092609167099,12
4,MCF7,6.0,A199,25,1,90.0,4,2.59,0.1722763031721115,5,,6
4,MCF7,6.0,A199,25,1,90.0,4,2.64,0.14825668931007385,5,,7
4,MCF7,6.0,A199,25,1,90.0,4,2.69,0.13454203307628632,6,,7
4,MCF7,6.0,A199,25,1,90.0,4,2.79,0.1526840478181839,5,,8
5,MCF7,6.0,A199,25,1,90.0,5,0.08,0.03365081176161766,20,0.04131435230374336,155
5,MCF7,6.0,A199,25,1,90.0,5,0.13,0.04183417186141014,207,0.05017298087477684,2992
5,MCF7,6.0,A199,25,1,90.0,5,0.18,0.047676824033260345,217,0.05583922192454338,4095
5,MCF7,6.0,A199,25,1,90.0,5,0.23,0.05368838459253311,140,0.057234615087509155,2464
5,MCF7,6.0,A199,25,1,90.0,5,0.28,0.05822676792740822,200,0.05987817794084549,2798
5,MCF7,6.0,A199,25,1,90.0,5,0.33,0.06249178573489189,199,0.06579378992319107,1822
5,MCF7,6.0,A199,25,1,90.0,5,0.38,0.06592743843793869,225,0.06959155201911926,1033
5,MCF7,6.0,A199,25,1,90.0,5,0.43,0.07393258810043335,189,0.0736657977104187,908
5,MCF7,6.0,A199,25,1,90.0,5,0.48,0.07413662225008011,190,0.07562503963708878,809
5,MCF7,6.0,A199,25,1,90.0,5,0.53,0.08020759373903275,216,0.07826327532529831,579
5,MCF7,6.0,A199,25,1,90.0,5,0.58,0.08043532818555832,205,0.07591386139392853,305
5,MCF7,6.0,A199,25,1,90.0,5,0.63,0.08054633438587189,222,0.07932419329881668,237
5,MCF7,6.0,A199,25,1,90.0,5,0.68,0.08686541020870209,242,0.0867018848657608,245
5,MCF7,6.0,A199,25,1,90.0,5,0.73,0.08972440659999847,300,0.08972440659999847,300
5,MCF7,6.0,A199,25,1,90.0,5,0.78,0.09052012115716934,332,0.09052012115716934,332
5,MCF7,6.0,A199,25,1,90.0,5,0.83,0.0927911177277565,301,0.0927911177277565,301
5,MCF7,6.0,A199,25,1,90.0,5,0.88,0.09374645352363586,212,0.09374645352363586,212
5,MCF7,6.0,A199,25,1,90.0,5,0.93,0.0959077998995781,155,0.0959077998995781,155
5,MCF7,6.0,A199,25,1,90.0,5,0.98,0.09208294004201889,77,0.09208294004201889,77
5,MCF7,6.0,A199,25,1,90.0,5,1.03,0.09024406224489212,28,0.09024406224489212,28
5,MCF7,6.0,A199,25,1,90.0,5,1.08,0.08736098557710648,13,0.08736098557710648,13
5,MCF7,6.0,A199,25,1,90.0,5,1.18,0.08146172016859055,6,,6
6,MCF7,6.0,A199,25,1,90.0,6,0.28,,0,0.08530382812023163,15
6,MCF7,6.0,A199,25,1,90.0,6,0.33,0.07973678410053253,13,0.0819060280919075,275
6,MCF7,6.0,A199,25,1,90.0,6,0.38,0.07839247584342957,206,0.07833077013492584,1473
6,MCF7,6.0,A199,25,1,90.0,6,0.43,0.08100292086601257,444,0.07864957302808762,2810
6,MCF7,6.0,A199,25,1,90.0,6,0.48,0.08058445900678635,472,0.07478401809930801,2673
6,MCF7,6.0,A199,25,1,90.0,6,0.53,0.0816909521818161,343,0.0753294825553894,2240
6,MCF7,6.0,A199,25,1,90.0,6,0.58,0.07153468579053879,384,0.07500309497117996,1785
6,MCF7,6.0,A199,25,1,90.0,6,0.63,0.0713910236954689,591,0.07401128113269806,1586
6,MCF7,6.0,A199,25,1,90.0,6,0.68,0.07838618010282516,509,0.07775110006332397,1076
6,MCF7,6.0,A199,25,1,90.0,6,0.73,0.08694333583116531,288,0.08531931787729263,458
6,MCF7,6.0,A199,25,1,90.0,6,0.78,0.09241614490747452,188,0.09246381372213364,211
6,MCF7,6.0,A199,25,1,90.0,6,0.83,0.09371162950992584,156,0.0939982533454895,159
6,MCF7,6.0,A199,25,1,90.0,6,0.88,0.09091581404209137,128,0.09091581404209137,128
6,MCF7,6.0,A199,25,1,90.0,6,0.93,0.09510079771280289,157,0.09510079771280289,157
6,MCF7,6.0,A199,25,1,90.0,6,0.98,0.09895383566617966,158,0.09895383566617966,158
6,MCF7,6.0,A199,25,1,90.0,6,1.03,0.10291030257940292,145,0.10291030257940292,145
6,MCF7,6.0,A199,25,1,90.0,6,1.08,0.10228163748979568,128,0.10228163748979568,128
6,MCF7,6.0,A199,25,1,90.0,6,1.13,0.10757764428853989,102,0.10757764428853989,102
6,MCF7,6.0,A199,25,1,90.0,6,1.18,0.10111326724290848,43,0.10111326724290848,43
6,MCF7,6.0,A199,25,1,90.0,6,1.23,0.10136264562606812,21,0.10136264562606812,21
6,MCF7,6.0,A199,25,1,90.0,6,1.28,0.11366277188062668,15,0.11366277188062668,15
6,MCF7,6.0,A199,25,1,90.0,6,1.33,0.12066352367401123,9,,9
6,MCF7,6.0,A199,25,1,90.0,6,1.38,0.10528969764709473,6,,6
1,MCF7,6.0,A199,26,1,90.0,1,0.08,0.07105869054794312,119,0.07096545398235321,121
1,MCF7,6.0,A199,26,1,90.0,1,0.13,0.07678813487291336,863,0.07704176753759384,1523
1,MCF7,6.0,A199,26,1,90.0,1,0.18,0.08062437176704407,1273,0.07908717542886734,2525
1,MCF7,6.0,A199,26,1,90.0,1,0.23,0.08494837582111359,1159,0.08443979918956757,2071
1,MCF7,6.0,A199,26,1,90.0,1,0.28,0.08847013860940933,1175,0.09133777767419815,2176
1,MCF7,6.0,A199,26,1,90.0,1,0.33,0.0907481387257576,1112,0.09395769983530045,1931
1,MCF7,6.0,A199,26,1,90.0,1,0.38,0.09236448258161545,1096,0.09147152304649353,1322
1,MCF7,6.0,A199,26,1,90.0,1,0.43,0.09641672670841217,930,0.0960746705532074,971
1,MCF7,6.0,A199,26,1,90.0,1,0.48,0.09889901429414749,908,0.09860974550247192,928
1,MCF7,6.0,A199,26,1,90.0,1,0.53,0.10223004221916199,980,0.10216116160154343,984
1,MCF7,6.0,A199,26,1,90.0,1,0.58,0.10610587894916534,751,0.10610587894916534,751
1,MCF7,6.0,A199,26,1,90.0,1,0.63,0.10869096964597702,543,0.10869096964597702,543
1,MCF7,6.0,A199,26,1,90.0,1,0.68,0.11354421079158783,390,0.11354421079158783,390
1,MCF7,6.0,A199,26,1,90.0,1,0.73,0.1150762215256691,310,0.1150762215256691,310
1,MCF7,6.0,A199,26,1,90.0,1,0.78,0.1211826503276825,223,0.1211826503276825,223
1,MCF7,6.0,A199,26,1,90.0,1,0.83,0.1231917068362236,217,0.1231917068362236,217
1,MCF7,6.0,A199,26,1,90.0,1,0.88,0.12657493352890015,200,0.12657493352890015,200
1,MCF7,6.0,A199,26,1,90.0,1,0.93,0.1305355280637741,204,0.1305355280637741,204
1,MCF7,6.0,A199,26,1,90.0,1,0.98,0.131866455078125,213,0.131866455078125,213
1,MCF7,6.0,A199,26,1,90.0,1,1.03,0.1333511620759964,184,0.1333511620759964,184
1,MCF7,6.0,A199,26,1,90.0,1,1.08,0.13511285185813904,211,0.13511285185813904,211
1,MCF7,6.0,A199,26,1,90.0,1,1.13,0.13195540010929108,171,0.13195540010929108,171
1,MCF7,6.0,A199,26,1,90.0,1,1.18,0.13801074028015137,132,0.13801074028015137,132
1,MCF7,6.0,A199,26,1,90.0,1,1.23,0.13786768913269043,88,0.13786768913269043,88
1,MCF7,6.0,A199,26,1,90.0,1,1.28,0.13411925733089447,82,0.13411925733089447,82
1,MCF7,6.0,A199,26,1,90.0,1,1.33,0.13690106570720673,72,0.13690106570720673,72
1,MCF7,6.0,A199,26,1,90.0,1,1.38,0.13908734917640686,48,0.13908734917640686,48
1,MCF7,6.0,A199,26,1,90.0,1,1.43,0.12772822380065918,51,0.12772822380065918,51
1,MCF7,6.0,A199,26,1,90.0,1,1.48,0.14398139715194702,25,0.14398139715194702,25
1,MCF7,6.0,A199,26,1,90.0,1,1.53,0.142374649643898,26,0.142374649643898,26
1,MCF7,6.0,A199,26,1,90.0,1,1.58,0.1388290524482727,15,0.1388290524482727,15
1,MCF7,6.0,A199,26,1,90.0,1,1.63,0.13234250247478485,19,0.13234250247478485,19
1,MCF7,6.0,A199,26,1,90.0,1,1.68,0.15153028070926666,10,0.15153028070926666,10
1,MCF7,6.0,A199,26,1,90.0,1,1.73,0.13697318732738495,8,,8
1,MCF7,6.0,A199,26,1,90.0,1,1.78,0.1358247697353363,7,,7
2,MCF7,6.0,A199,26,1,90.0,2,0.06,0.060835640877485275,154,0.06414458900690079,245
2,MCF7,6.0,A199,26,1,90.0,2,0.11,0.07109422236680984,1303,0.07287490367889404,5106
2,MCF7,6.0,A199,26,1,90.0,2,0.16,0.08397340774536133,845,0.08217645436525345,6300
2,MCF7,6.0,A199,26,1,90.0,2,0.21,0.08999931812286377,693,0.08918317407369614,2083
2,MCF7,6.0,A199,26,1,90.0,2,0.26,0.09538829326629639,780,0.09503600746393204,1031
2,MCF7,6.0,A199,26,1,90.0,2,0.31,0.10074169933795929,558,0.10176955163478851,678
2,MCF7,6.0,A199,26,1,90.0,2,0.36,0.1070520207285881,612,0.10739290714263916,727
2,MCF7,6.0,A199,26,1,90.0,2,0.41,0.11326076835393906,492,0.11496008187532425,672
2,MCF7,6.0,A199,26,1,90.0,2,0.46,0.1189660131931305,397,0.12633898854255676,751
2,MCF7,6.0,A199,26,1,90.0,2,0.51,0.12766318023204803,381,0.1418762058019638,788
2,MCF7,6.0,A199,26,1,90.0,2,0.56,0.13144995272159576,390,0.14076437056064606,545
2,MCF7,6.0,A199,26,1,90.0,2,0.61,0.13605594635009766,473,0.13682252168655396,484
2,MCF7,6.0,A199,26,1,90.0,2,0.66,0.13921679556369781,502,0.13921679556369781,502
2,MCF7,6.0,A199,26,1,90.0,2,0.71,0.1434553563594818,425,0.1434553563594818,425
2,MCF7,6.0,A199,26,1,90.0,2,0.76,0.14838774502277374,410,0.14838774502277374,410
2,MCF7,6.0,A199,26,1,90.0,2,0.81,0.1537541002035141,292,0.1537541002035141,292
2,MCF7,6.0,A199,26,1,90.0,2,0.86,0.15735815465450287,282,0.15735815465450287,282
2,MCF7,6.0,A199,26,1,90.0,2,0.91,0.16212323307991028,270,0.16212323307991028,270
2,MCF7,6.0,A199,26,1,90.0,2,0.96,0.16340197622776031,290,0.16340197622776031,290
2,MCF7,6.0,A199,26,1,90.0,2,1.01,0.1651918888092041,285,0.1651918888092041,285
2,MCF7,6.0,A199,26,1,90.0,2,1.06,0.16990868747234344,236,0.16990868747234344,236
2,MCF7,6.0,A199,26,1,90.0,2,1.11,0.17165689170360565,169,0.17165689170360565,169
2,MCF7,6.0,A199,26,1,90.0,2,1.16,0.17312337458133698,111,0.17312337458133698,111
2,MCF7,6.0,A199,26,1,90.0,2,1.21,0.17182055115699768,65,0.17182055115699768,65
2,MCF7,6.0,A199,26,1,90.0,2,1.26,0.17543654143810272,70,0.17543654143810272,70
2,MCF7,6.0,A199,26,1,90.0,2,1.31,0.1728692650794983,33,0.1728692650794983,33
2,MCF7,6.0,A199,26,1,90.0,2,1.36,0.16856279969215393,31,0.16856279969215393,31
2,MCF7,6.0,A199,26,1,90.0,2,1.41,0.1681220531463623,13,0.1681220531463623,13
2,MCF7,6.0,A199,26,1,90.0,2,1.46,0.17116236686706543,8,,8
3,MCF7,6.0,A199,26,1,90.0,3,0.1,,0,0.05603080242872238,81
3,MCF7,6.0,A199,26,1,90.0,3,0.15,0.06179589405655861,101,0.06516238301992416,1189
3,MCF7,6.0,A199,26,1,90.0,3,0.2,0.07278932631015778,364,0.07609374821186066,1326
3,MCF7,6.0,A199,26,1,90.0,3,0.25,0.0812794417142868,438,0.0896374061703682,1272
3,MCF7,6.0,A199,26,1,90.0,3,0.3,0.0866105854511261,432,0.0979805439710617,1932
3,MCF7,6.0,A199,26,1,90.0,3,0.35,0.09453367441892624,455,0.10713130980730057,1760
3,MCF7,6.0,A199,26,1,90.0,3,0.4,0.10362539440393448,444,0.11956429481506348,2102
3,MCF7,6.0,A199,26,1,90.0,3,0.45,0.11270325630903244,286,0.12964095175266266,2273
3,MCF7,6.0,A199,26,1,90.0,3,0.5,0.12195882946252823,329,0.13676811754703522,1640
3,MCF7,6.0,A199,26,1,90.0,3,0.55,0.12656249105930328,387,0.135081946849823,1128
3,MCF7,6.0,A199,26,1,90.0,3,0.6,0.13519370555877686,371,0.134804368019104,787
3,MCF7,6.0,A199,26,1,90.0,3,0.65,0.1379484087228775,327,0.13788871467113495,753
3,MCF7,6.0,A199,26,1,90.0,3,0.7,0.13963504135608673,617,0.14041180908679962,964
3,MCF7,6.0,A199,26,1,90.0,3,0.75,0.1430729627609253,756,0.14420679211616516,1024
3,MCF7,6.0,A199,26,1,90.0,3,0.8,0.14798352122306824,588,0.14853818714618683,787
3,MCF7,6.0,A199,26,1,90.0,3,0.85,0.1495753675699234,523,0.149962916970253,696
3,MCF7,6.0,A199,26,1,90.0,3,0.9,0.1526590883731842,497,0.1523543894290924,578
3,MCF7,6.0,A199,26,1,90.0,3,0.95,0.15548323094844818,380,0.1554272174835205,411
3,MCF7,6.0,A199,26,1,90.0,3,1.0,0.1621154248714447,367,0.1618080735206604,380
3,MCF7,6.0,A199,26,1,90.0,3,1.05,0.16454748809337616,247,0.1642841100692749,256
3,MCF7,6.0,A199,26,1,90.0,3,1.1,0.16463413834571838,177,0.16461315751075745,179
3,MCF7,6.0,A199,26,1,90.0,3,1.15,0.1672060787677765,115,0.16719408333301544,116
3,MCF7,6.0,A199,26,1,90.0,3,1.2,0.1734442412853241,94,0.1734442412853241,94
3,MCF7,6.0,A199,26,1,90.0,3,1.25,0.17415297031402588,79,0.17415297031402588,79
3,MCF7,6.0,A199,26,1,90.0,3,1.3,0.17358669638633728,59,0.17358669638633728,59
3,MCF7,6.0,A199,26,1,90.0,3,1.35,0.1737644076347351,48,0.1737644076347351,48
3,MCF7,6.0,A199,26,1,90.0,3,1.4,0.17895741760730743,40,0.17895741760730743,40
3,MCF7,6.0,A199,26,1,90.0,3,1.45,0.1727904975414276,32,0.1727904975414276,32
3,MCF7,6.0,A199,26,1,90.0,3,1.5,0.17383931577205658,23,0.17383931577205658,23
3,MCF7,6.0,A199,26,1,90.0,3,1.55,0.16212202608585358,13,0.16212202608585358,13
3,MCF7,6.0,A199,26,1,90.0,3,1.6,0.18018917739391327,6,,6
4,MCF7,6.0,A199,26,1,90.0,4,0.08,,0,0.06897040456533432,27
4,MCF7,6.0,A199,26,1,90.0,4,0.13,,0,0.07501254230737686,279
4,MCF7,6.0,A199,26,1,90.0,4,0.18,,0,0.08931881189346313,351
4,MCF7,6.0,A199,26,1,90.0,4,0.23,,0,0.09276163578033447,446
4,MCF7,6.0,A199,26,1,90.0,4,0.28,,0,0.09542278945446014,483
4,MCF7,6.0,A199,26,1,90.0,4,0.33,,0,0.09687132388353348,611
4,MCF7,6.0,A199,26,1,90.0,4,0.38,,0,0.09776853770017624,702
4,MCF7,6.0,A199,26,1,90.0,4,0.43,,0,0.09899815171957016,658
4,MCF7,6.0,A199,26,1,90.0,4,0.48,,0,0.10208247601985931,661
4,MCF7,6.0,A199,26,1,90.0,4,0.53,,0,0.10349247604608536,698
4,MCF7,6.0,A199,26,1,90.0,4,0.58,,0,0.10489810258150101,616
4,MCF7,6.0,A199,26,1,90.0,4,0.63,,3,0.10805017501115799,553
4,MCF7,6.0,A199,26,1,90.0,4,0.68,0.10963086783885956,7,0.10870249569416046,552
4,MCF7,6.0,A199,26,1,90.0,4,0.73,0.11315691471099854,16,0.11194045841693878,529
4,MCF7,6.0,A199,26,1,90.0,4,0.78,0.11525312066078186,25,0.11231143772602081,540
4,MCF7,6.0,A199,26,1,90.0,4,0.83,0.11552618443965912,28,0.11546359211206436,586
4,MCF7,6.0,A199,26,1,90.0,4,0.88,0.11649753898382187,47,0.1198178306221962,574
4,MCF7,6.0,A199,26,1,90.0,4,0.93,0.11597950756549835,58,0.12596744298934937,465
4,MCF7,6.0,A199,26,1,90.0,4,0.98,0.11518587917089462,94,0.1269916296005249,391
4,MCF7,6.0,A199,26,1,90.0,4,1.03,0.11818501353263855,117,0.12855122983455658,323
4,MCF7,6.0,A199,26,1,90.0,4,1.08,0.12386421859264374,134,0.13487854599952698,252
4,MCF7,6.0,A199,26,1,90.0,4,1.13,0.12906554341316223,143,0.13810211420059204,235
4,MCF7,6.0,A199,26,1,90.0,4,1.18,0.13290956616401672,138,0.14824225008487701,235
4,MCF7,6.0,A199,26,1,90.0,4,1.23,0.14152508974075317,154,0.15284070372581482,218
4,MCF7,6.0,A199,26,1,90.0,4,1.28,0.14109134674072266,151,0.15260647237300873,212
4,MCF7,6.0,A199,26,1,90.0,4,1.33,0.14850665628910065,190,0.16568589210510254,283
4,MCF7,6.0,A199,26,1,90.0,4,1.38,0.15277740359306335,169,0.17461271584033966,276
4,MCF7,6.0,A199,26,1,90.0,4,1.43,0.15807336568832397,189,0.17893606424331665,291
4,MCF7,6.0,A199,26,1,90.0,4,1.48,0.16268709301948547,162,0.1863025426864624,260
4,MCF7,6.0,A199,26,1,90.0,4,1.53,0.17527031898498535,189,0.1941438764333725,267
4,MCF7,6.0,A199,26,1,90.0,4,1.58,0.18048003315925598,205,0.1981537789106369,284
4,MCF7,6.0,A199,26,1,90.0,4,1.63,0.1811693161725998,220,0.19617128372192383,289
4,MCF7,6.0,A199,26,1,90.0,4,1.68,0.17961302399635315,200,0.19674058258533478,260
4,MCF7,6.0,A199,26,1,90.0,4,1.73,0.1859472095966339,227,0.19373340904712677,259
4,MCF7,6.0,A199,26,1,90.0,4,1.78,0.1837872415781021,219,0.18852876126766205,233
4,MCF7,6.0,A199,26,1,90.0,4,1.83,0.18257305026054382,158,0.18812917172908783,168
4,MCF7,6.0,A199,26,1,90.0,4,1.88,0.18739977478981018,114,0.19069886207580566,118
4,MCF7,6.0,A199,26,1,90.0,4,1.93,0.19380611181259155,83,0.19380611181259155,83
4,MCF7,6.0,A199,26,1,90.0,4,1.98,0.19004365801811218,53,0.19004365801811218,53
4,MCF7,6.0,A199,26,1,90.0,4,2.03,0.19213272631168365,41,0.19213272631168365,41
4,MCF7,6.0,A199,26,1,90.0,4,2.08,0.20428839325904846,18,0.20428839325904846,18
4,MCF7,6.0,A199,26,1,90.0,4,2.13,0.18330003321170807,19,0.18330003321170807,19
4,MCF7,6.0,A199,26,1,90.0,4,2.18,0.18574289977550507,16,0.18574289977550507,16
4,MCF7,6.0,A199,26,1,90.0,4,2.23,0.18872781097888947,20,0.18872781097888947,20
4,MCF7,6.0,A199,26,1,90.0,4,2.28,0.18944594264030457,14,0.18944594264030457,14
4,MCF7,6.0,A199,26,1,90.0,4,2.33,0.1983684003353119,8,,8
4,MCF7,6.0,A199,26,1,90.0,4,2.38,0.20270788669586182,10,0.20270788669586182,10
4,MCF7,6.0,A199,26,1,90.0,4,2.43,0.15162301063537598,9,,9
4,MCF7,6.0,A199,26,1,90.0,4,2.53,0.18733103573322296,7,,7
1,MCF7,6.0,A199,27,1,90.0,1,0.32,,0,,9
1,MCF7,6.0,A199,27,1,90.0,1,0.37,0.07668019086122513,11,0.05352203547954559,67
1,MCF7,6.0,A199,27,1,90.0,1,0.42,0.07897689938545227,128,0.0684889405965805,434
1,MCF7,6.0,A199,27,1,90.0,1,0.47,0.08622724562883377,403,0.07919975370168686,1034
1,MCF7,6.0,A199,27,1,90.0,1,0.52,0.09116047620773315,608,0.0864800214767456,1332
1,MCF7,6.0,A199,27,1,90.0,1,0.57,0.09258151054382324,601,0.09025859832763672,1343
1,MCF7,6.0,A199,27,1,90.0,1,0.62,0.09472736716270447,484,0.09524416923522949,1140
1,MCF7,6.0,A199,27,1,90.0,1,0.67,0.10070101916790009,394,0.10194360464811325,993
1,MCF7,6.0,A199,27,1,90.0,1,0.72,0.10842552781105042,396,0.10925441980361938,902
1,MCF7,6.0,A199,27,1,90.0,1,0.77,0.1113976240158081,312,0.11396978050470352,696
1,MCF7,6.0,A199,27,1,90.0,1,0.82,0.11375140398740768,318,0.11684165894985199,670
1,MCF7,6.0,A199,27,1,90.0,1,0.87,0.11761079728603363,278,0.11791256070137024,481
1,MCF7,6.0,A199,27,1,90.0,1,0.92,0.12071137875318527,339,0.12032870948314667,486
1,MCF7,6.0,A199,27,1,90.0,1,0.97,0.12514130771160126,309,0.12362129986286163,388
1,MCF7,6.0,A199,27,1,90.0,1,1.02,0.12452135235071182,308,0.12421823292970657,359
1,MCF7,6.0,A199,27,1,90.0,1,1.07,0.1272704303264618,252,0.12690503895282745,285
1,MCF7,6.0,A199,27,1,90.0,1,1.12,0.13372638821601868,203,0.13235880434513092,220
1,MCF7,6.0,A199,27,1,90.0,1,1.17,0.13586482405662537,167,0.13491381704807281,172
1,MCF7,6.0,A199,27,1,90.0,1,1.22,0.14194613695144653,147,0.14155110716819763,151
1,MCF7,6.0,A199,27,1,90.0,1,1.27,0.14059199392795563,113,0.14088407158851624,117
1,MCF7,6.0,A199,27,1,90.0,1,1.32,0.14797545969486237,91,0.1466882824897766,94
1,MCF7,6.0,A199,27,1,90.0,1,1.37,0.14830727875232697,44,0.14830727875232697,44
1,MCF7,6.0,A199,27,1,90.0,1,1.42,0.15209969878196716,41,0.15209969878196716,41
1,MCF7,6.0,A199,27,1,90.0,1,1.47,0.1594940572977066,34,0.1594940572977066,34
1,MCF7,6.0,A199,27,1,90.0,1,1.52,0.16425223648548126,32,0.16274894773960114,33
1,MCF7,6.0,A199,27,1,90.0,1,1.57,0.1572585552930832,36,0.15612588822841644,37
1,MCF7,6.0,A199,27,1,90.0,1,1.62,0.17054986953735352,30,0.16849270462989807,31
1,MCF7,6.0,A199,27,1,90.0,1,1.67,0.14858697354793549,31,0.14858697354793549,31
1,MCF7,6.0,A199,27,1,90.0,1,1.72,0.1581975519657135,21,0.1581975519657135,21
1,MCF7,6.0,A199,27,1,90.0,1,1.77,0.18842248618602753,20,0.18842248618602753,20
1,MCF7,6.0,A199,27,1,90.0,1,1.82,0.16725583374500275,22,0.16725583374500275,22
1,MCF7,6.0,A199,27,1,90.0,1,1.87,0.1293666809797287,11,0.1293666809797287,11
1,MCF7,6.0,A199,27,1,90.0,1,1.92,0.15142613649368286,10,0.15142613649368286,10
1,MCF7,6.0,A199,27,1,90.0,1,1.97,0.17670777440071106,8,,8
1,MCF7,6.0,A199,27,1,90.0,1,2.02,0.13861067593097687,11,0.13861067593097687,11
1,MCF7,6.0,A199,27,1,90.0,1,2.07,0.11503133177757263,11,0.11503133177757263,11
1,MCF7,6.0,A199,27,1,90.0,1,2.17,0.21420404314994812,9,,9
2,MCF7,6.0,A199,27,1,90.0,2,0.33,,0,0.05098625272512436,118
2,MCF7,6.0,A199,27,1,90.0,2,0.38,0.05199068412184715,6,0.053805336356163025,401
2,MCF7,6.0,A199,27,1,90.0,2,0.43,0.04620660841464996,31,0.05973993241786957,692
2,MCF7,6.0,A199,27,1,90.0,2,0.48,0.06505279988050461,91,0.06491751968860626,715
2,MCF7,6.0,A199,27,1,90.0,2,0.53,0.07084545493125916,260,0.0710214376449585,740
2,MCF7,6.0,A199,27,1,90.0,2,0.58,0.07317522913217545,569,0.0740063264966011,852
2,MCF7,6.0,A199,27,1,90.0,2,0.63,0.07427415251731873,782,0.07542071491479874,988
2,MCF7,6.0,A199,27,1,90.0,2,0.68,0.07628802955150604,869,0.07729199528694153,1004
2,MCF7,6.0,A199,27,1,90.0,2,0.73,0.07924363762140274,701,0.07933569699525833,792
2,MCF7,6.0,A199,27,1,90.0,2,0.78,0.08069983869791031,581,0.08079048246145248,661
2,MCF7,6.0,A199,27,1,90.0,2,0.83,0.08310375362634659,426,0.08260603249073029,489
2,MCF7,6.0,A199,27,1,90.0,2,0.88,0.08392572402954102,262,0.08239980041980743,289
2,MCF7,6.0,A199,27,1,90.0,2,0.93,0.08465497195720673,194,0.08376087993383408,230
2,MCF7,6.0,A199,27,1,90.0,2,0.98,0.08474820107221603,153,0.08416948467493057,181
2,MCF7,6.0,A199,27,1,90.0,2,1.03,0.08307286351919174,131,0.08080148696899414,159
2,MCF7,6.0,A199,27,1,90.0,2,1.08,0.08346857875585556,127,0.0830705538392067,142
2,MCF7,6.0,A199,27,1,90.0,2,1.13,0.0817749947309494,67,0.08135280758142471,82
2,MCF7,6.0,A199,27,1,90.0,2,1.18,0.09073475748300552,72,0.08752859383821487,84
2,MCF7,6.0,A199,27,1,90.0,2,1.23,0.08612507581710815,81,0.08688724786043167,88
2,MCF7,6.0,A199,27,1,90.0,2,1.28,0.08169002830982208,69,0.08016463369131088,77
2,MCF7,6.0,A199,27,1,90.0,2,1.33,0.07819429039955139,61,0.07799867540597916,72
2,MCF7,6.0,A199,27,1,90.0,2,1.38,0.08539793640375137,35,0.08142167329788208,39
2,MCF7,6.0,A199,27,1,90.0,2,1.43,0.08872624486684799,25,0.08466329425573349,30
2,MCF7,6.0,A199,27,1,90.0,2,1.48,0.08041566610336304,34,0.08041566610336304,34
2,MCF7,6.0,A199,27,1,90.0,2,1.53,0.07308965176343918,23,0.07292457669973373,25
2,MCF7,6.0,A199,27,1,90.0,2,1.58,0.077146016061306,22,0.0736348032951355,25
2,MCF7,6.0,A199,27,1,90.0,2,1.63,0.06713566184043884,13,0.0649043545126915,14
2,MCF7,6.0,A199,27,1,90.0,2,1.68,0.08073799312114716,8,,8
2,MCF7,6.0,A199,27,1,90.0,2,1.73,0.07723544538021088,6,,6
2,MCF7,6.0,A199,27,1,90.0,2,1.78,0.0781325176358223,6,,6
2,MCF7,6.0,A199,27,1,90.0,2,1.83,0.07027025520801544,7,,7
2,MCF7,6.0,A199,27,1,90.0,2,1.93,0.09178906679153442,7,,7
3,MCF7,6.0,A199,27,1,90.0,3,0.09,0.04051189869642258,8,0.036527954041957855,32
3,MCF7,6.0,A199,27,1,90.0,3,0.14,0.04500468075275421,493,0.045460205525159836,1325
3,MCF7,6.0,A199,27,1,90.0,3,0.19,0.046928517520427704,655,0.047405555844306946,1348
3,MCF7,6.0,A199,27,1,90.0,3,0.24,0.052722182124853134,603,0.058724116533994675,1061
3,MCF7,6.0,A199,27,1,90.0,3,0.29,0.05574730411171913,841,0.060085706412792206,1304
3,MCF7,6.0,A199,27,1,90.0,3,0.34,0.05728680640459061,883,0.058502085506916046,1164
3,MCF7,6.0,A199,27,1,90.0,3,0.39,0.06022927910089493,719,0.05854333937168121,877
3,MCF7,6.0,A199,27,1,90.0,3,0.44,0.06200017035007477,543,0.059418272227048874,682
3,MCF7,6.0,A199,27,1,90.0,3,0.49,0.06399142742156982,362,0.062293633818626404,459
3,MCF7,6.0,A199,27,1,90.0,3,0.54,0.06465613842010498,225,0.06412549316883087,316
3,MCF7,6.0,A199,27,1,90.0,3,0.59,0.06519825011491776,100,0.06410636752843857,182
3,MCF7,6.0,A199,27,1,90.0,3,0.64,0.06703285872936249,37,0.06495159864425659,78
3,MCF7,6.0,A199,27,1,90.0,3,0.69,0.07249928265810013,35,0.06813270598649979,55
3,MCF7,6.0,A199,27,1,90.0,3,0.74,0.06975246220827103,22,0.06919577717781067,36
3,MCF7,6.0,A199,27,1,90.0,3,0.79,0.07184082269668579,16,0.06804799288511276,21
3,MCF7,6.0,A199,27,1,90.0,3,0.84,0.06763332337141037,15,0.06769705563783646,19
3,MCF7,6.0,A199,27,1,90.0,3,0.89,0.07179917395114899,14,0.07281923294067383,19
3,MCF7,6.0,A199,27,1,90.0,3,0.94,0.06381348520517349,6,0.06324243545532227,10
4,MCF7,6.0,A199,27,1,90.0,4,0.16,0.05135213956236839,6,0.05767904222011566,16
4,MCF7,6.0,A199,27,1,90.0,4,0.21,0.05909965559840202,597,0.06243131682276726,1229
4,MCF7,6.0,A199,27,1,90.0,4,0.26,0.059450410306453705,2042,0.06158249080181122,4084
4,MCF7,6.0,A199,27,1,90.0,4,0.31,0.06186196953058243,2248,0.06021561846137047,4850
4,MCF7,6.0,A199,27,1,90.0,4,0.36,0.06435245275497437,1890,0.06343326717615128,3637
4,MCF7,6.0,A199,27,1,90.0,4,0.41,0.06714380532503128,1417,0.06572255492210388,2427
4,MCF7,6.0,A199,27,1,90.0,4,0.46,0.06987733393907547,969,0.06830063462257385,1521
4,MCF7,6.0,A199,27,1,90.0,4,0.51,0.07126520574092865,519,0.06899537146091461,848
4,MCF7,6.0,A199,27,1,90.0,4,0.56,0.07344777882099152,326,0.07256416976451874,511
4,MCF7,6.0,A199,27,1,90.0,4,0.61,0.07176944613456726,251,0.07163085043430328,370
4,MCF7,6.0,A199,27,1,90.0,4,0.66,0.07238739728927612,172,0.0733092725276947,259
4,MCF7,6.0,A199,27,1,90.0,4,0.71,0.07137160748243332,96,0.07122611999511719,150
4,MCF7,6.0,A199,27,1,90.0,4,0.76,0.06921085715293884,62,0.07230294495820999,90
4,MCF7,6.0,A199,27,1,90.0,4,0.81,0.07406757026910782,58,0.07918809354305267,97
4,MCF7,6.0,A199,27,1,90.0,4,0.86,0.06910798698663712,32,0.07272126525640488,45
4,MCF7,6.0,A199,27,1,90.0,4,0.91,0.06357300281524658,20,0.06824465095996857,31
4,MCF7,6.0,A199,27,1,90.0,4,0.96,0.07449191063642502,16,0.08085322380065918,25
4,MCF7,6.0,A199,27,1,90.0,4,1.01,,4,0.0780978798866272,12
4,MCF7,6.0,A199,27,1,90.0,4,1.06,0.06626442819833755,10,0.06721729040145874,19
4,MCF7,6.0,A199,27,1,90.0,4,1.11,,4,,7
4,MCF7,6.0,A199,27,1,90.0,4,1.16,0.062147680670022964,7,0.06731850653886795,13
5,MCF7,6.0,A199,27,1,90.0,5,0.05,,0,0.06623068451881409,29
5,MCF7,6.0,A199,27,1,90.0,5,0.1,,0,0.06431686878204346,1354
5,MCF7,6.0,A199,27,1,90.0,5,0.15,0.05059386417269707,48,0.05890865623950958,3302
5,MCF7,6.0,A199,27,1,90.0,5,0.2,0.05475139617919922,376,0.06597574800252914,3317
5,MCF7,6.0,A199,27,1,90.0,5,0.25,0.06519800424575806,1084,0.07288111001253128,2654
5,MCF7,6.0,A199,27,1,90.0,5,0.3,0.07441936433315277,1335,0.08072323352098465,2291
5,MCF7,6.0,A199,27,1,90.0,5,0.35,0.08702007681131363,1213,0.08963972330093384,1721
5,MCF7,6.0,A199,27,1,90.0,5,0.4,0.09075585007667542,1046,0.09201926738023758,1235
5,MCF7,6.0,A199,27,1,90.0,5,0.45,0.09370703250169754,836,0.09488929063081741,903
5,MCF7,6.0,A199,27,1,90.0,5,0.5,0.098789744079113,456,0.09926171600818634,487
5,MCF7,6.0,A199,27,1,90.0,5,0.55,0.10115870088338852,215,0.10198404639959335,228
5,MCF7,6.0,A199,27,1,90.0,5,0.6,0.09757242351770401,89,0.09963687509298325,98
5,MCF7,6.0,A199,27,1,90.0,5,0.65,0.08927500247955322,35,0.09366975724697113,38
5,MCF7,6.0,A199,27,1,90.0,5,0.7,0.08990197628736496,29,0.08990197628736496,29
5,MCF7,6.0,A199,27,1,90.0,5,0.75,0.08598925173282623,19,0.08598925173282623,19
5,MCF7,6.0,A199,27,1,90.0,5,0.8,0.09580612182617188,13,0.09580612182617188,13
5,MCF7,6.0,A199,27,1,90.0,5,0.85,0.08400774002075195,10,0.08400774002075195,10
1,MCF7,6.0,A199,28,1,90.0,1,0.0,,0,0.0,954
1,MCF7,6.0,A199,28,1,90.0,1,0.15,,0,0.08715230226516724,10
1,MCF7,6.0,A199,28,1,90.0,1,0.2,,3,0.07465354353189468,54
1,MCF7,6.0,A199,28,1,90.0,1,0.25,0.04230768606066704,35,0.06014000251889229,230
1,MCF7,6.0,A199,28,1,90.0,1,0.3,0.05697502940893173,237,0.062263067811727524,800
1,MCF7,6.0,A199,28,1,90.0,1,0.35,0.05832347273826599,513,0.0679938867688179,1462
1,MCF7,6.0,A199,28,1,90.0,1,0.4,0.06529168784618378,592,0.07315417379140854,1654
1,MCF7,6.0,A199,28,1,90.0,1,0.45,0.06937025487422943,497,0.07808385044336319,1375
1,MCF7,6.0,A199,28,1,90.0,1,0.5,0.07601404190063477,373,0.08899236470460892,1013
1,MCF7,6.0,A199,28,1,90.0,1,0.55,0.08048132061958313,316,0.09134609997272491,751
1,MCF7,6.0,A199,28,1,90.0,1,0.6,0.0859106183052063,232,0.09465275704860687,527
1,MCF7,6.0,A199,28,1,90.0,1,0.65,0.0811554342508316,150,0.09658078849315643,346
1,MCF7,6.0,A199,28,1,90.0,1,0.7,0.08344236761331558,156,0.0954119935631752,289
1,MCF7,6.0,A199,28,1,90.0,1,0.75,0.09148203581571579,121,0.10705442726612091,234
1,MCF7,6.0,A199,28,1,90.0,1,0.8,0.08871297538280487,140,0.09335143864154816,234
1,MCF7,6.0,A199,28,1,90.0,1,0.85,0.09136843681335449,104,0.10691390931606293,181
1,MCF7,6.0,A199,28,1,90.0,1,0.9,0.10498461872339249,77,0.10975451022386551,152
1,MCF7,6.0,A199,28,1,90.0,1,0.95,0.09886958450078964,71,0.11333736777305603,127
1,MCF7,6.0,A199,28,1,90.0,1,1.0,0.11151579767465591,56,0.11773718148469925,119
1,MCF7,6.0,A199,28,1,90.0,1,1.05,0.10510271787643433,54,0.12053259462118149,108
1,MCF7,6.0,A199,28,1,90.0,1,1.1,0.10341380536556244,52,0.12820538878440857,113
1,MCF7,6.0,A199,28,1,90.0,1,1.15,0.1108056977391243,41,0.12220516800880432,91
1,MCF7,6.0,A199,28,1,90.0,1,1.2,0.11475058645009995,33,0.137052983045578,76
1,MCF7,6.0,A199,28,1,90.0,1,1.25,0.11559724807739258,44,0.13164778053760529,87
1,MCF7,6.0,A199,28,1,90.0,1,1.3,0.12216504663228989,45,0.14404921233654022,87
1,MCF7,6.0,A199,28,1,90.0,1,1.35,0.10926085710525513,38,0.13751722872257233,64
1,MCF7,6.0,A199,28,1,90.0,1,1.4,0.13208526372909546,33,0.15854157507419586,77
1,MCF7,6.0,A199,28,1,90.0,1,1.45,0.12792189419269562,39,0.1402464061975479,66
1,MCF7,6.0,A199,28,1,90.0,1,1.5,0.13560107350349426,38,0.14451871812343597,60
1,MCF7,6.0,A199,28,1,90.0,1,1.55,0.14207695424556732,35,0.16118144989013672,68
1,MCF7,6.0,A199,28,1,90.0,1,1.6,0.1364481896162033,36,0.1571924239397049,65
1,MCF7,6.0,A199,28,1,90.0,1,1.65,0.13650116324424744,30,0.15942348539829254,51
1,MCF7,6.0,A199,28,1,90.0,1,1.7,0.1508200466632843,38,0.16526871919631958,64
1,MCF7,6.0,A199,28,1,90.0,1,1.75,0.13782420754432678,22,0.16710349917411804,42
1,MCF7,6.0,A199,28,1,90.0,1,1.8,0.1637970507144928,37,0.18584024906158447,63
1,MCF7,6.0,A199,28,1,90.0,1,1.85,0.16427603363990784,27,0.18438199162483215,49
1,MCF7,6.0,A199,28,1,90.0,1,1.9,0.18911543488502502,23,0.20681142807006836,46
1,MCF7,6.0,A199,28,1,90.0,1,1.95,0.1724299043416977,28,0.19752755761146545,46
1,MCF7,6.0,A199,28,1,90.0,1,2.0,0.19550222158432007,22,0.2275763750076294,42
1,MCF7,6.0,A199,28,1,90.0,1,2.05,0.14773397147655487,20,0.1919393688440323,35
1,MCF7,6.0,A199,28,1,90.0,1,2.1,0.17622916400432587,29,0.20742535591125488,44
1,MCF7,6.0,A199,28,1,90.0,1,2.15,0.1488603949546814,18,0.19075261056423187,35
1,MCF7,6.0,A199,28,1,90.0,1,2.2,0.21090000867843628,18,0.22320130467414856,38
1,MCF7,6.0,A199,28,1,90.0,1,2.25,0.20508833229541779,17,0.22380989789962769,30
1,MCF7,6.0,A199,28,1,90.0,1,2.3,0.18272694945335388,20,0.21247242391109467,31
1,MCF7,6.0,A199,28,1,90.0,1,2.35,0.22174131870269775,14,0.24604447185993195,29
1,MCF7,6.0,A199,28,1,90.0,1,2.4,0.19601283967494965,15,0.24190928041934967,33
1,MCF7,6.0,A199,28,1,90.0,1,2.45,0.19347326457500458,21,0.2310410887002945,35
1,MCF7,6.0,A199,28,1,90.0,1,2.5,0.222858265042305,18,0.2567695677280426,26
1,MCF7,6.0,A199,28,1,90.0,1,2.55,0.20253115892410278,18,0.2480183243751526,34
1,MCF7,6.0,A199,28,1,90.0,1,2.6,0.23089037835597992,27,0.25625571608543396,40
1,MCF7,6.0,A199,28,1,90.0,1,2.65,0.22064152359962463,25,0.24932362139225006,39
1,MCF7,6.0,A199,28,1,90.0,1,2.7,0.23179087042808533,29,0.25564199686050415,39
1,MCF7,6.0,A199,28,1,90.0,1,2.75,0.23412951827049255,22,0.2557534873485565,33
1,MCF7,6.0,A199,28,1,90.0,1,2.8,0.24638576805591583,29,0.2517264783382416,37
1,MCF7,6.0,A199,28,1,90.0,1,2.85,0.2499999701976776,31,0.2598137855529785,37
1,MCF7,6.0,A199,28,1,90.0,1,2.9,0.23454466462135315,32,0.26221081614494324,43
1,MCF7,6.0,A199,28,1,90.0,1,2.95,0.26628315448760986,30,0.28551381826400757,41
1,MCF7,6.0,A199,28,1,90.0,1,3.0,0.24173587560653687,36,0.25812429189682007,42
1,MCF7,6.0,A199,28,1,90.0,1,3.05,0.2860012948513031,29,0.29161250591278076,32
1,MCF7,6.0,A199,28,1,90.0,1,3.1,0.24839483201503754,31,0.26816028356552124,37
1,MCF7,6.0,A199,28,1,90.0,1,3.15,0.2773788869380951,34,0.2899782657623291,41
1,MCF7,6.0,A199,28,1,90.0,1,3.2,0.25811269879341125,23,0.26444119215011597,25
1,MCF7,6.0,A199,28,1,90.0,1,3.25,0.2600175440311432,26,0.28596311807632446,32
1,MCF7,6.0,A199,28,1,90.0,1,3.3,0.27697277069091797,32,0.29151058197021484,34
1,MCF7,6.0,A199,28,1,90.0,1,3.35,0.2857462763786316,26,0.29812154173851013,34
1,MCF7,6.0,A199,28,1,90.0,1,3.4,0.3077463209629059,10,0.3216360807418823,12
1,MCF7,6.0,A199,28,1,90.0,1,3.45,0.2645111382007599,20,0.2876719534397125,24
1,MCF7,6.0,A199,28,1,90.0,1,3.5,0.29913097620010376,22,0.32216086983680725,28
1,MCF7,6.0,A199,28,1,90.0,1,3.55,0.25986117124557495,11,0.30236124992370605,14
1,MCF7,6.0,A199,28,1,90.0,1,3.6,0.31454092264175415,10,0.31251955032348633,12
1,MCF7,6.0,A199,28,1,90.0,1,3.65,0.3320581614971161,14,0.3616108298301697,20
1,MCF7,6.0,A199,28,1,90.0,1,3.7,0.33256012201309204,19,0.3402225971221924,21
1,MCF7,6.0,A199,28,1,90.0,1,3.75,0.33213546872138977,20,0.35564571619033813,23
1,MCF7,6.0,A199,28,1,90.0,1,3.8,,4,,7
1,MCF7,6.0,A199,28,1,90.0,1,3.85,0.4112812876701355,7,,8
1,MCF7,6.0,A199,28,1,90.0,1,3.9,0.32844799757003784,11,0.36787188053131104,15
1,MCF7,6.0,A199,28,1,90.0,1,3.95,0.2523670494556427,11,0.2523670494556427,11
1,MCF7,6.0,A199,28,1,90.0,1,4.0,0.43373188376426697,7,0.46818283200263977,12
1,MCF7,6.0,A199,28,1,90.0,1,4.05,0.4153470993041992,8,0.422663152217865,16
1,MCF7,6.0,A199,28,1,90.0,1,4.1,0.3939327001571655,6,0.4030902087688446,11
1,MCF7,6.0,A199,28,1,90.0,1,4.15,0.3688516914844513,11,0.38533052802085876,14
1,MCF7,6.0,A199,28,1,90.0,1,4.2,0.4190979301929474,11,0.4356812834739685,14
1,MCF7,6.0,A199,28,1,90.0,1,4.25,0.3536490797996521,7,,8
1,MCF7,6.0,A199,28,1,90.0,1,4.3,0.3358970880508423,16,0.357585608959198,18
1,MCF7,6.0,A199,28,1,90.0,1,4.35,0.42775964736938477,7,,9
1,MCF7,6.0,A199,28,1,90.0,1,4.4,0.38244199752807617,12,0.38830888271331787,13
1,MCF7,6.0,A199,28,1,90.0,1,4.45,0.38467511534690857,11,0.38467511534690857,11
1,MCF7,6.0,A199,28,1,90.0,1,4.5,0.3877924978733063,10,0.3877924978733063,10
1,MCF7,6.0,A199,28,1,90.0,1,4.55,0.3350693881511688,8,0.4046649932861328,12
1,MCF7,6.0,A199,28,1,90.0,1,4.6,0.3311833441257477,6,,8
1,MCF7,6.0,A199,28,1,90.0,1,4.65,0.4230583608150482,9,0.4319881498813629,10
1,MCF7,6.0,A199,28,1,90.0,1,4.7,0.40884876251220703,6,,9
1,MCF7,6.0,A199,28,1,90.0,1,4.75,0.4394318461418152,11,0.45258426666259766,12
1,MCF7,6.0,A199,28,1,90.0,1,4.8,0.3714708983898163,17,0.3714708983898163,17
1,MCF7,6.0,A199,28,1,90.0,1,4.85,0.41402116417884827,12,0.40969356894493103,13
1,MCF7,6.0,A199,28,1,90.0,1,4.9,0.4733177423477173,8,0.5112020969390869,11
1,MCF7,6.0,A199,28,1,90.0,1,4.95,0.44218766689300537,18,0.444896399974823,22
1,MCF7,6.0,A199,28,1,90.0,1,5.0,0.4522278606891632,13,0.44884487986564636,15
1,MCF7,6.0,A199,28,1,90.0,1,5.05,0.41612938046455383,6,,6
1,MCF7,6.0,A199,28,1,90.0,1,5.1,0.41713979840278625,15,0.4296469986438751,16
1,MCF7,6.0,A199,28,1,90.0,1,5.15,0.4320617914199829,9,,9
1,MCF7,6.0,A199,28,1,90.0,1,5.2,0.43477964401245117,6,,7
1,MCF7,6.0,A199,28,1,90.0,1,5.25,0.43317997455596924,9,0.44033002853393555,10
1,MCF7,6.0,A199,28,1,90.0,1,5.3,0.4081669747829437,9,,9
1,MCF7,6.0,A199,28,1,90.0,1,5.35,0.39369773864746094,12,0.39369773864746094,12
1,MCF7,6.0,A199,28,1,90.0,1,5.4,0.3223923444747925,9,0.3421909511089325,10
1,MCF7,6.0,A199,28,1,90.0,1,5.45,0.3983416259288788,10,0.3983416259288788,10
1,MCF7,6.0,A199,28,1,90.0,1,5.5,0.43693479895591736,7,,7
1,MCF7,6.0,A199,28,1,90.0,1,5.55,0.40517914295196533,11,0.40517914295196533,11
1,MCF7,6.0,A199,28,1,90.0,1,5.6,0.38430163264274597,11,0.38430163264274597,11
1,MCF7,6.0,A199,28,1,90.0,1,5.65,0.44401857256889343,11,0.44401857256889343,11
1,MCF7,6.0,A199,28,1,90.0,1,5.7,0.5043754577636719,9,,9
1,MCF7,6.0,A199,28,1,90.0,1,5.75,0.41916894912719727,7,,7
1,MCF7,6.0,A199,28,1,90.0,1,5.8,0.4161789119243622,7,,7
1,MCF7,6.0,A199,28,1,90.0,1,5.85,0.4777274429798126,8,,8
1,MCF7,6.0,A199,28,1,90.0,1,5.95,0.45007771253585815,10,0.45007771253585815,10
1,MCF7,6.0,A199,28,1,90.0,1,6.05,0.48147284984588623,13,0.48147284984588623,13
1,MCF7,6.0,A199,28,1,90.0,1,6.1,0.4037775993347168,6,,6
1,MCF7,6.0,A199,28,1,90.0,1,6.15,0.41437414288520813,7,,7
1,MCF7,6.0,A199,28,1,90.0,1,6.2,0.39548829197883606,8,,8
1,MCF7,6.0,A199,28,1,90.0,1,6.3,0.45575854182243347,12,0.4453490376472473,13
1,MCF7,6.0,A199,28,1,90.0,1,6.35,0.3507208824157715,6,,6
1,MCF7,6.0,A199,28,1,90.0,1,6.4,0.37513577938079834,8,,8
1,MCF7,6.0,A199,28,1,90.0,1,6.5,0.30757078528404236,7,,7
1,MCF7,6.0,A199,28,1,90.0,1,6.55,0.43480509519577026,7,,7
1,MCF7,6.0,A199,28,1,90.0,1,6.65,0.4746205806732178,6,,6
1,MCF7,6.0,A199,28,1,90.0,1,6.95,0.4066982567310333,7,,7
1,MCF7,6.0,A199,28,1,90.0,1,7.25,0.28935354948043823,6,,6
1,MCF7,6.0,A199,28,1,90.0,1,7.55,0.4693610966205597,6,,6
1,MCF7,6.0,A199,28,1,90.0,1,7.6,0.44063255190849304,7,,7
1,MCF7,6.0,A199,28,1,90.0,1,7.7,0.41736432909965515,6,,6
1,MCF7,6.0,A199,28,1,90.0,1,8.15,0.41051948070526123,8,,8
2,MCF7,6.0,A199,28,1,90.0,2,0.0,,0,0.0,295
2,MCF7,6.0,A199,28,1,90.0,2,0.05,0.05639471858739853,75,0.06709074974060059,1524
2,MCF7,6.0,A199,28,1,90.0,2,0.1,0.059158243238925934,1041,0.06870242953300476,5988
2,MCF7,6.0,A199,28,1,90.0,2,0.15,0.062099888920784,1520,0.06767349690198898,3422
2,MCF7,6.0,A199,28,1,90.0,2,0.2,0.06776696443557739,1152,0.06949824839830399,1812
2,MCF7,6.0,A199,28,1,90.0,2,0.25,0.0716765895485878,738,0.07078457623720169,1164
2,MCF7,6.0,A199,28,1,90.0,2,0.3,0.07205505669116974,425,0.07095798850059509,687
2,MCF7,6.0,A199,28,1,90.0,2,0.35,0.0794597715139389,320,0.0745781809091568,522
2,MCF7,6.0,A199,28,1,90.0,2,0.4,0.08019720017910004,247,0.07545218616724014,365
2,MCF7,6.0,A199,28,1,90.0,2,0.45,0.08459312468767166,186,0.08188434690237045,253
2,MCF7,6.0,A199,28,1,90.0,2,0.5,0.0897212103009224,192,0.08704206347465515,234
2,MCF7,6.0,A199,28,1,90.0,2,0.55,0.09218050539493561,167,0.09098228067159653,179
2,MCF7,6.0,A199,28,1,90.0,2,0.6,0.0976109653711319,131,0.09779628366231918,137
2,MCF7,6.0,A199,28,1,90.0,2,0.65,0.10698526352643967,106,0.10609982907772064,112
2,MCF7,6.0,A199,28,1,90.0,2,0.7,0.10343434661626816,92,0.10345303267240524,93
2,MCF7,6.0,A199,28,1,90.0,2,0.75,0.10543220490217209,91,0.10556065291166306,93
2,MCF7,6.0,A199,28,1,90.0,2,0.8,0.09854255616664886,100,0.09882042557001114,101
2,MCF7,6.0,A199,28,1,90.0,2,0.85,0.10912240296602249,104,0.10937074571847916,105
2,MCF7,6.0,A199,28,1,90.0,2,0.9,0.10442639142274857,98,0.10442639142274857,98
2,MCF7,6.0,A199,28,1,90.0,2,0.95,0.11313582211732864,67,0.11313582211732864,67
2,MCF7,6.0,A199,28,1,90.0,2,1.0,0.12044959515333176,64,0.12044959515333176,64
2,MCF7,6.0,A199,28,1,90.0,2,1.05,0.12795434892177582,56,0.12795434892177582,56
2,MCF7,6.0,A199,28,1,90.0,2,1.1,0.11421450972557068,32,0.11421450972557068,32
2,MCF7,6.0,A199,28,1,90.0,2,1.15,0.1236778125166893,26,0.1236778125166893,26
2,MCF7,6.0,A199,28,1,90.0,2,1.2,0.10831423103809357,15,0.10831423103809357,15
2,MCF7,6.0,A199,28,1,90.0,2,1.25,0.12894995510578156,18,0.12894995510578156,18
2,MCF7,6.0,A199,28,1,90.0,2,1.3,0.13035278022289276,19,0.13035278022289276,19
2,MCF7,6.0,A199,28,1,90.0,2,1.35,0.1451387107372284,8,,8
2,MCF7,6.0,A199,28,1,90.0,2,1.4,0.11799654364585876,8,,8
2,MCF7,6.0,A199,28,1,90.0,2,1.45,0.11835818737745285,9,,9
2,MCF7,6.0,A199,28,1,90.0,2,1.65,0.11303446441888809,8,,8
2,MCF7,6.0,A199,28,1,90.0,2,1.8,0.1163725033402443,8,,8
3,MCF7,6.0,A199,28,1,90.0,3,0.15,,0,0.05680522322654724,21
3,MCF7,6.0,A199,28,1,90.0,3,0.2,,0,0.061121538281440735,470
3,MCF7,6.0,A199,28,1,90.0,3,0.25,,1,0.06667722761631012,1239
3,MCF7,6.0,A199,28,1,90.0,3,0.3,0.05615703761577606,175,0.07077617943286896,3153
3,MCF7,6.0,A199,28,1,90.0,3,0.35,0.06548961997032166,631,0.07431710511445999,3639
3,MCF7,6.0,A199,28,1,90.0,3,0.4,0.07733026146888733,689,0.08558426797389984,2083
3,MCF7,6.0,A199,28,1,90.0,3,0.45,0.08599898219108582,394,0.09226882457733154,1121
3,MCF7,6.0,A199,28,1,90.0,3,0.5,0.09526793658733368,317,0.0952177420258522,879
3,MCF7,6.0,A199,28,1,90.0,3,0.55,0.09932974725961685,268,0.09777629375457764,633
3,MCF7,6.0,A199,28,1,90.0,3,0.6,0.10550350695848465,331,0.10146637260913849,561
3,MCF7,6.0,A199,28,1,90.0,3,0.65,0.10547710955142975,259,0.10179341584444046,469
3,MCF7,6.0,A199,28,1,90.0,3,0.7,0.10871095210313797,313,0.10685672610998154,386
3,MCF7,6.0,A199,28,1,90.0,3,0.75,0.11359553784132004,288,0.11287292838096619,308
3,MCF7,6.0,A199,28,1,90.0,3,0.8,0.1168636903166771,286,0.11674077063798904,289
3,MCF7,6.0,A199,28,1,90.0,3,0.85,0.11890699714422226,234,0.11890699714422226,234
3,MCF7,6.0,A199,28,1,90.0,3,0.9,0.1259622722864151,176,0.1259622722864151,176
3,MCF7,6.0,A199,28,1,90.0,3,0.95,0.1308235228061676,179,0.1308235228061676,179
3,MCF7,6.0,A199,28,1,90.0,3,1.0,0.13817784190177917,116,0.13817784190177917,116
3,MCF7,6.0,A199,28,1,90.0,3,1.05,0.1459806263446808,94,0.1459806263446808,94
3,MCF7,6.0,A199,28,1,90.0,3,1.1,0.15312612056732178,95,0.15312612056732178,95
3,MCF7,6.0,A199,28,1,90.0,3,1.15,0.15478666126728058,80,0.15478666126728058,80
3,MCF7,6.0,A199,28,1,90.0,3,1.2,0.15849687159061432,37,0.15849687159061432,37
3,MCF7,6.0,A199,28,1,90.0,3,1.25,0.1654289811849594,34,0.1654289811849594,34
3,MCF7,6.0,A199,28,1,90.0,3,1.3,0.17335650324821472,34,0.17335650324821472,34
3,MCF7,6.0,A199,28,1,90.0,3,1.35,0.15494580566883087,29,0.15494580566883087,29
3,MCF7,6.0,A199,28,1,90.0,3,1.4,0.1804255247116089,33,0.1804255247116089,33
3,MCF7,6.0,A199,28,1,90.0,3,1.45,0.1781836301088333,24,0.1781836301088333,24
3,MCF7,6.0,A199,28,1,90.0,3,1.5,0.18130850791931152,18,0.18130850791931152,18
3,MCF7,6.0,A199,28,1,90.0,3,1.55,0.16882756352424622,23,0.16882756352424622,23
3,MCF7,6.0,A199,28,1,90.0,3,1.6,0.16461339592933655,16,0.16461339592933655,16
3,MCF7,6.0,A199,28,1,90.0,3,1.65,0.15394076704978943,10,0.15394076704978943,10
3,MCF7,6.0,A199,28,1,90.0,3,1.7,0.16201989352703094,6,,6
4,MCF7,6.0,A199,28,1,90.0,4,0.04,0.04481105878949165,5,0.03920873999595642,98
4,MCF7,6.0,A199,28,1,90.0,4,0.09,0.05365448072552681,1799,0.05195332691073418,5668
4,MCF7,6.0,A199,28,1,90.0,4,0.14,0.05555815249681473,1768,0.05618468299508095,7674
4,MCF7,6.0,A199,28,1,90.0,4,0.19,0.06738833338022232,1418,0.06984380632638931,3822
4,MCF7,6.0,A199,28,1,90.0,4,0.24,0.07515329867601395,872,0.08055248856544495,1260
4,MCF7,6.0,A199,28,1,90.0,4,0.29,0.07774555683135986,262,0.07893732935190201,281
4,MCF7,6.0,A199,28,1,90.0,4,0.34,0.0759069100022316,79,0.0759069100022316,79
4,MCF7,6.0,A199,28,1,90.0,4,0.39,0.07751576602458954,28,0.07751576602458954,28
4,MCF7,6.0,A199,28,1,90.0,4,0.44,0.07401009649038315,13,0.07401009649038315,13
5,MCF7,6.0,A199,28,1,90.0,5,0.0,,0,0.0,10
5,MCF7,6.0,A199,28,1,90.0,5,0.2,,0,0.06585361808538437,58
5,MCF7,6.0,A199,28,1,90.0,5,0.25,0.05822441354393959,38,0.06499762088060379,750
5,MCF7,6.0,A199,28,1,90.0,5,0.3,0.058054596185684204,143,0.06941767781972885,1682
5,MCF7,6.0,A199,28,1,90.0,5,0.35,0.06755203008651733,191,0.07749678194522858,1674
5,MCF7,6.0,A199,28,1,90.0,5,0.4,0.07241042703390121,141,0.08029192686080933,1378
5,MCF7,6.0,A199,28,1,90.0,5,0.45,0.08049897104501724,121,0.0862669125199318,1185
5,MCF7,6.0,A199,28,1,90.0,5,0.5,0.0884668156504631,108,0.08773008733987808,1136
5,MCF7,6.0,A199,28,1,90.0,5,0.55,0.09787876904010773,97,0.0894831120967865,947
5,MCF7,6.0,A199,28,1,90.0,5,0.6,0.10375586152076721,84,0.09007563441991806,876
5,MCF7,6.0,A199,28,1,90.0,5,0.65,0.10929246991872787,68,0.09320204704999924,806
5,MCF7,6.0,A199,28,1,90.0,5,0.7,0.11549173295497894,59,0.09740128368139267,771
5,MCF7,6.0,A199,28,1,90.0,5,0.75,0.12533994019031525,55,0.09759530425071716,662
5,MCF7,6.0,A199,28,1,90.0,5,0.8,0.11839509755373001,56,0.09966793656349182,613
5,MCF7,6.0,A199,28,1,90.0,5,0.85,0.1239703819155693,49,0.10413496941328049,530
5,MCF7,6.0,A199,28,1,90.0,5,0.9,0.11767584830522537,54,0.10770262032747269,479
5,MCF7,6.0,A199,28,1,90.0,5,0.95,0.11616814136505127,63,0.10655423253774643,374
5,MCF7,6.0,A199,28,1,90.0,5,1.0,0.11132685840129852,77,0.10332170873880386,369
5,MCF7,6.0,A199,28,1,90.0,5,1.05,0.11966553330421448,96,0.10276288539171219,355
5,MCF7,6.0,A199,28,1,90.0,5,1.1,0.11873520165681839,100,0.10267920792102814,332
5,MCF7,6.0,A199,28,1,90.0,5,1.15,0.11259713768959045,131,0.1040010154247284,393
5,MCF7,6.0,A199,28,1,90.0,5,1.2,0.10810031741857529,123,0.09856177121400833,366
5,MCF7,6.0,A199,28,1,90.0,5,1.25,0.1062689796090126,167,0.102046899497509,409
5,MCF7,6.0,A199,28,1,90.0,5,1.3,0.1077219694852829,178,0.10358773916959763,397
5,MCF7,6.0,A199,28,1,90.0,5,1.35,0.11739344894886017,175,0.11583542078733444,303
5,MCF7,6.0,A199,28,1,90.0,5,1.4,0.11394543945789337,160,0.1115863025188446,253
5,MCF7,6.0,A199,28,1,90.0,5,1.45,0.10804368555545807,160,0.10701293498277664,240
5,MCF7,6.0,A199,28,1,90.0,5,1.5,0.11882893741130829,172,0.11761127412319183,213
5,MCF7,6.0,A199,28,1,90.0,5,1.55,0.13232043385505676,161,0.1285921186208725,189
5,MCF7,6.0,A199,28,1,90.0,5,1.6,0.12935125827789307,165,0.12838752567768097,187
5,MCF7,6.0,A199,28,1,90.0,5,1.65,0.1337602287530899,150,0.13222211599349976,162
5,MCF7,6.0,A199,28,1,90.0,5,1.7,0.13637354969978333,158,0.13627833127975464,167
5,MCF7,6.0,A199,28,1,90.0,5,1.75,0.13588573038578033,173,0.13692180812358856,179
5,MCF7,6.0,A199,28,1,90.0,5,1.8,0.14224915206432343,117,0.14308486878871918,119
5,MCF7,6.0,A199,28,1,90.0,5,1.85,0.1407439410686493,130,0.14057092368602753,131
5,MCF7,6.0,A199,28,1,90.0,5,1.9,0.14576613903045654,122,0.14505958557128906,124
5,MCF7,6.0,A199,28,1,90.0,5,1.95,0.15208865702152252,110,0.15231098234653473,111
5,MCF7,6.0,A199,28,1,90.0,5,2.0,0.15251308679580688,85,0.15251308679580688,85
5,MCF7,6.0,A199,28,1,90.0,5,2.05,0.15714327991008759,95,0.15714327991008759,95
5,MCF7,6.0,A199,28,1,90.0,5,2.1,0.16021643579006195,95,0.16021643579006195,95
5,MCF7,6.0,A199,28,1,90.0,5,2.15,0.15442657470703125,75,0.15442657470703125,75
5,MCF7,6.0,A199,28,1,90.0,5,2.2,0.1632353663444519,98,0.1632353663444519,98
5,MCF7,6.0,A199,28,1,90.0,5,2.25,0.16197705268859863,91,0.16197705268859863,91
5,MCF7,6.0,A199,28,1,90.0,5,2.3,0.1687103509902954,96,0.1687103509902954,96
5,MCF7,6.0,A199,28,1,90.0,5,2.35,0.16633065044879913,81,0.16633065044879913,81
5,MCF7,6.0,A199,28,1,90.0,5,2.4,0.16696107387542725,79,0.16696107387542725,79
5,MCF7,6.0,A199,28,1,90.0,5,2.45,0.16308468580245972,75,0.16308468580245972,75
5,MCF7,6.0,A199,28,1,90.0,5,2.5,0.17791174352169037,50,0.17791174352169037,50
5,MCF7,6.0,A199,28,1,90.0,5,2.55,0.17206309735774994,70,0.17206309735774994,70
5,MCF7,6.0,A199,28,1,90.0,5,2.6,0.17151519656181335,43,0.17151519656181335,43
5,MCF7,6.0,A199,28,1,90.0,5,2.65,0.17023757100105286,52,0.17023757100105286,52
5,MCF7,6.0,A199,28,1,90.0,5,2.7,0.1726885735988617,37,0.1726885735988617,37
5,MCF7,6.0,A199,28,1,90.0,5,2.75,0.17226994037628174,40,0.17226994037628174,40
5,MCF7,6.0,A199,28,1,90.0,5,2.8,0.17063286900520325,40,0.17063286900520325,40
5,MCF7,6.0,A199,28,1,90.0,5,2.85,0.18583613634109497,25,0.18583613634109497,25
5,MCF7,6.0,A199,28,1,90.0,5,2.9,0.1464073359966278,25,0.1464073359966278,25
5,MCF7,6.0,A199,28,1,90.0,5,2.95,0.16388383507728577,23,0.16388383507728577,23
5,MCF7,6.0,A199,28,1,90.0,5,3.0,0.15273821353912354,19,0.15273821353912354,19
5,MCF7,6.0,A199,28,1,90.0,5,3.05,0.16325703263282776,20,0.16325703263282776,20
5,MCF7,6.0,A199,28,1,90.0,5,3.1,0.1678108423948288,13,0.1678108423948288,13
5,MCF7,6.0,A199,28,1,90.0,5,3.15,0.1594279557466507,12,0.1594279557466507,12
5,MCF7,6.0,A199,28,1,90.0,5,3.2,0.15957704186439514,16,0.15957704186439514,16
5,MCF7,6.0,A199,28,1,90.0,5,3.25,0.16440051794052124,18,0.16440051794052124,18
5,MCF7,6.0,A199,28,1,90.0,5,3.3,0.16734452545642853,12,0.16734452545642853,12
5,MCF7,6.0,A199,28,1,90.0,5,3.35,0.16372202336788177,13,0.16372202336788177,13
5,MCF7,6.0,A199,28,1,90.0,5,3.4,0.1609145849943161,8,,8
5,MCF7,6.0,A199,28,1,90.0,5,3.45,0.1653149276971817,10,0.1653149276971817,10
5,MCF7,6.0,A199,28,1,90.0,5,3.6,0.16137731075286865,10,0.16137731075286865,10
5,MCF7,6.0,A199,28,1,90.0,5,3.85,0.13861042261123657,6,,6
6,MCF7,6.0,A199,28,1,90.0,6,0.21,0.07071937620639801,35,0.07071937620639801,35
6,MCF7,6.0,A199,28,1,90.0,6,0.26,0.07419203966856003,870,0.07407310605049133,883
6,MCF7,6.0,A199,28,1,90.0,6,0.31,0.07937249541282654,2333,0.07799793034791946,2739
6,MCF7,6.0,A199,28,1,90.0,6,0.36,0.08404923230409622,2672,0.08148695528507233,4205
6,MCF7,6.0,A199,28,1,90.0,6,0.41,0.08799191564321518,1792,0.0872388482093811,4220
6,MCF7,6.0,A199,28,1,90.0,6,0.46,0.09190263599157333,854,0.09522460401058197,3095
6,MCF7,6.0,A199,28,1,90.0,6,0.51,0.09582274407148361,256,0.1035301685333252,1965
6,MCF7,6.0,A199,28,1,90.0,6,0.56,0.09580281376838684,68,0.10894227772951126,1371
6,MCF7,6.0,A199,28,1,90.0,6,0.61,0.09431490302085876,29,0.11473151296377182,1214
6,MCF7,6.0,A199,28,1,90.0,6,0.66,0.10183201730251312,5,0.11978806555271149,1003
6,MCF7,6.0,A199,28,1,90.0,6,0.71,,1,0.12341150641441345,841
6,MCF7,6.0,A199,28,1,90.0,6,0.76,,0,0.1319960206747055,722
6,MCF7,6.0,A199,28,1,90.0,6,0.81,,0,0.1363266110420227,539
6,MCF7,6.0,A199,28,1,90.0,6,0.86,,0,0.14318905770778656,367
6,MCF7,6.0,A199,28,1,90.0,6,0.91,,0,0.15122906863689423,234
6,MCF7,6.0,A199,28,1,90.0,6,0.96,,0,0.15399207174777985,141
6,MCF7,6.0,A199,28,1,90.0,6,1.01,,0,0.1769714653491974,78
6,MCF7,6.0,A199,28,1,90.0,6,1.06,,0,0.16460803151130676,42
6,MCF7,6.0,A199,28,1,90.0,6,1.11,,0,0.17872127890586853,20
6,MCF7,6.0,A199,28,1,90.0,6,1.16,,0,,7
7,MCF7,6.0,A199,28,1,90.0,7,0.0,0.04906749352812767,66,0.023273739963769913,277
7,MCF7,6.0,A199,28,1,90.0,7,0.05,0.04676435887813568,6392,0.048397354781627655,16581
7,MCF7,6.0,A199,28,1,90.0,7,0.1,0.05822313204407692,962,0.05874008312821388,4966
7,MCF7,6.0,A199,28,1,90.0,7,0.15,0.06360547244548798,131,0.07129133492708206,456
7,MCF7,6.0,A199,28,1,90.0,7,0.2,0.06997870653867722,44,0.06978217512369156,45
7,MCF7,6.0,A199,28,1,90.0,7,0.25,0.06760481745004654,31,0.06760481745004654,31
7,MCF7,6.0,A199,28,1,90.0,7,0.3,0.07252389937639236,21,0.07252389937639236,21
7,MCF7,6.0,A199,28,1,90.0,7,0.35,0.06874166429042816,20,0.06874166429042816,20
7,MCF7,6.0,A199,28,1,90.0,7,0.4,0.06686554104089737,17,0.06686554104089737,17
7,MCF7,6.0,A199,28,1,90.0,7,0.45,0.06757338345050812,9,,9
8,MCF7,6.0,A199,28,1,90.0,8,0.06,,0,0.022166065871715546,83
8,MCF7,6.0,A199,28,1,90.0,8,0.11,,0,0.03628714382648468,1796
8,MCF7,6.0,A199,28,1,90.0,8,0.16,,0,0.04377714544534683,1803
8,MCF7,6.0,A199,28,1,90.0,8,0.21,,0,0.04922555387020111,1217
8,MCF7,6.0,A199,28,1,90.0,8,0.26,0.04781628027558327,45,0.0554342158138752,1022
8,MCF7,6.0,A199,28,1,90.0,8,0.31,0.049519579857587814,224,0.0608094148337841,1013
8,MCF7,6.0,A199,28,1,90.0,8,0.36,0.05203908681869507,277,0.06406617909669876,793
8,MCF7,6.0,A199,28,1,90.0,8,0.41,0.06016106903553009,476,0.0660722628235817,734
8,MCF7,6.0,A199,28,1,90.0,8,0.46,0.06277003884315491,723,0.0634152814745903,784
8,MCF7,6.0,A199,28,1,90.0,8,0.51,0.0670865923166275,890,0.06691262125968933,900
8,MCF7,6.0,A199,28,1,90.0,8,0.56,0.06851306557655334,773,0.06803849339485168,785
8,MCF7,6.0,A199,28,1,90.0,8,0.61,0.0666876882314682,485,0.0667031779885292,486
8,MCF7,6.0,A199,28,1,90.0,8,0.66,0.07005874067544937,266,0.06963026523590088,269
8,MCF7,6.0,A199,28,1,90.0,8,0.71,0.07230184972286224,161,0.07214440405368805,162
8,MCF7,6.0,A199,28,1,90.0,8,0.76,0.0729655995965004,97,0.0729655995965004,97
8,MCF7,6.0,A199,28,1,90.0,8,0.81,0.07010584324598312,48,0.07010584324598312,48
8,MCF7,6.0,A199,28,1,90.0,8,0.86,0.05397956073284149,16,0.05397956073284149,16
1,MCF7,6.0,A199,29,1,90.0,1,0.0,,0,0.0,13
1,MCF7,6.0,A199,29,1,90.0,1,0.3,0.06433676928281784,9,0.06567773222923279,13
1,MCF7,6.0,A199,29,1,90.0,1,0.35,0.07514172792434692,172,0.07208620011806488,248
1,MCF7,6.0,A199,29,1,90.0,1,0.4,0.0770958736538887,751,0.0767877846956253,1155
1,MCF7,6.0,A199,29,1,90.0,1,0.45,0.081007219851017,1054,0.08153721690177917,1857
1,MCF7,6.0,A199,29,1,90.0,1,0.5,0.08330193161964417,781,0.08574653416872025,1821
1,MCF7,6.0,A199,29,1,90.0,1,0.55,0.0866299718618393,661,0.09011536836624146,1495
1,MCF7,6.0,A199,29,1,90.0,1,0.6,0.09034430980682373,617,0.09146464616060257,1444
1,MCF7,6.0,A199,29,1,90.0,1,0.65,0.0938974916934967,500,0.09622552990913391,1286
1,MCF7,6.0,A199,29,1,90.0,1,0.7,0.09681864827871323,416,0.09742181748151779,1130
1,MCF7,6.0,A199,29,1,90.0,1,0.75,0.10011790692806244,281,0.09785421937704086,930
1,MCF7,6.0,A199,29,1,90.0,1,0.8,0.10410073399543762,267,0.1018671840429306,805
1,MCF7,6.0,A199,29,1,90.0,1,0.85,0.11150001734495163,200,0.10465887933969498,655
1,MCF7,6.0,A199,29,1,90.0,1,0.9,0.11580153554677963,115,0.10876958072185516,439
1,MCF7,6.0,A199,29,1,90.0,1,0.95,0.127262681722641,69,0.11533968895673752,306
1,MCF7,6.0,A199,29,1,90.0,1,1.0,0.1333915740251541,55,0.11743027716875076,186
1,MCF7,6.0,A199,29,1,90.0,1,1.05,0.1384880691766739,51,0.11779869347810745,131
1,MCF7,6.0,A199,29,1,90.0,1,1.1,0.140965536236763,45,0.12827825546264648,100
1,MCF7,6.0,A199,29,1,90.0,1,1.15,0.16064013540744781,45,0.13768687844276428,82
1,MCF7,6.0,A199,29,1,90.0,1,1.2,0.1475655734539032,29,0.12286016345024109,61
1,MCF7,6.0,A199,29,1,90.0,1,1.25,0.16826191544532776,33,0.15185168385505676,55
1,MCF7,6.0,A199,29,1,90.0,1,1.3,0.1693848818540573,42,0.1466897875070572,73
1,MCF7,6.0,A199,29,1,90.0,1,1.35,0.16359463334083557,19,0.1208883598446846,38
1,MCF7,6.0,A199,29,1,90.0,1,1.4,0.17918479442596436,18,0.14662247896194458,32
1,MCF7,6.0,A199,29,1,90.0,1,1.45,0.18251129984855652,16,0.1588933765888214,35
1,MCF7,6.0,A199,29,1,90.0,1,1.5,0.1921621412038803,15,0.15245959162712097,32
1,MCF7,6.0,A199,29,1,90.0,1,1.55,0.19160985946655273,15,0.1423746794462204,29
1,MCF7,6.0,A199,29,1,90.0,1,1.6,0.15820766985416412,13,0.1403568834066391,30
1,MCF7,6.0,A199,29,1,90.0,1,1.65,0.1345483362674713,10,0.11881373077630997,15
1,MCF7,6.0,A199,29,1,90.0,1,1.7,0.22236649692058563,9,0.20028483867645264,17
1,MCF7,6.0,A199,29,1,90.0,1,1.75,0.15197236835956573,6,0.10851867496967316,11
1,MCF7,6.0,A199,29,1,90.0,1,1.8,0.19343550503253937,9,0.14823919534683228,19
1,MCF7,6.0,A199,29,1,90.0,1,1.85,0.18591861426830292,8,0.16294586658477783,14
1,MCF7,6.0,A199,29,1,90.0,1,1.9,0.21014170348644257,5,0.15153686702251434,13
1,MCF7,6.0,A199,29,1,90.0,1,1.95,0.1734398603439331,12,0.16153091192245483,15
1,MCF7,6.0,A199,29,1,90.0,1,2.0,0.18857337534427643,8,0.18379031121730804,12
1,MCF7,6.0,A199,29,1,90.0,1,2.05,0.2005208283662796,7,0.1912686973810196,11
1,MCF7,6.0,A199,29,1,90.0,1,2.1,0.12680011987686157,6,0.14060313999652863,10
1,MCF7,6.0,A199,29,1,90.0,1,2.15,,3,,9
1,MCF7,6.0,A199,29,1,90.0,1,2.2,0.16864143311977386,6,,8
1,MCF7,6.0,A199,29,1,90.0,1,2.25,0.2541045546531677,5,0.174452543258667,12
1,MCF7,6.0,A199,29,1,90.0,1,2.3,0.20077113807201385,5,,7
1,MCF7,6.0,A199,29,1,90.0,1,2.45,,4,,9
1,MCF7,6.0,A199,29,1,90.0,1,2.5,0.15302015841007233,6,0.16038665175437927,11
1,MCF7,6.0,A199,29,1,90.0,1,2.55,,3,,6
1,MCF7,6.0,A199,29,1,90.0,1,2.65,,4,0.15596839785575867,10
1,MCF7,6.0,A199,29,1,90.0,1,2.7,,2,,6
1,MCF7,6.0,A199,29,1,90.0,1,2.75,,3,,7
2,MCF7,6.0,A199,29,1,90.0,2,0.0,,0,0.0,13
2,MCF7,6.0,A199,29,1,90.0,2,0.15,0.06026652082800865,69,0.0621456578373909,153
2,MCF7,6.0,A199,29,1,90.0,2,0.2,0.053602397441864014,395,0.058230921626091,1196
2,MCF7,6.0,A199,29,1,90.0,2,0.25,0.04628923907876015,533,0.05466089025139809,2128
2,MCF7,6.0,A199,29,1,90.0,2,0.3,0.052003320306539536,427,0.0572366863489151,2083
2,MCF7,6.0,A199,29,1,90.0,2,0.35,0.05619160830974579,540,0.059752847999334335,2143
2,MCF7,6.0,A199,29,1,90.0,2,0.4,0.05851825699210167,599,0.06161481514573097,2073
2,MCF7,6.0,A199,29,1,90.0,2,0.45,0.06252233684062958,657,0.06514514237642288,1931
2,MCF7,6.0,A199,29,1,90.0,2,0.5,0.06381016969680786,648,0.06613577902317047,1623
2,MCF7,6.0,A199,29,1,90.0,2,0.55,0.06506075710058212,698,0.06660136580467224,1423
2,MCF7,6.0,A199,29,1,90.0,2,0.6,0.06657681614160538,796,0.06735678017139435,1336
2,MCF7,6.0,A199,29,1,90.0,2,0.65,0.06988642364740372,660,0.06716751307249069,1091
2,MCF7,6.0,A199,29,1,90.0,2,0.7,0.07460595667362213,521,0.06694009155035019,916
2,MCF7,6.0,A199,29,1,90.0,2,0.75,0.07740975171327591,479,0.07001414149999619,802
2,MCF7,6.0,A199,29,1,90.0,2,0.8,0.07896380871534348,421,0.07470489293336868,677
2,MCF7,6.0,A199,29,1,90.0,2,0.85,0.08161899447441101,303,0.07751356810331345,476
2,MCF7,6.0,A199,29,1,90.0,2,0.9,0.08279654383659363,193,0.07978387176990509,331
2,MCF7,6.0,A199,29,1,90.0,2,0.95,0.08794461190700531,165,0.08415871113538742,266
2,MCF7,6.0,A199,29,1,90.0,2,1.0,0.08554279804229736,111,0.08444314450025558,171
2,MCF7,6.0,A199,29,1,90.0,2,1.05,0.08706200867891312,110,0.09033137559890747,155
2,MCF7,6.0,A199,29,1,90.0,2,1.1,0.0878744125366211,72,0.08709561079740524,89
2,MCF7,6.0,A199,29,1,90.0,2,1.15,0.09618429839611053,104,0.09683702886104584,112
2,MCF7,6.0,A199,29,1,90.0,2,1.2,0.09304910153150558,85,0.09525195509195328,93
2,MCF7,6.0,A199,29,1,90.0,2,1.25,0.09316978603601456,57,0.09401559829711914,61
2,MCF7,6.0,A199,29,1,90.0,2,1.3,0.08404131233692169,54,0.09015299379825592,61
2,MCF7,6.0,A199,29,1,90.0,2,1.35,0.10709071159362793,40,0.1078248843550682,41
2,MCF7,6.0,A199,29,1,90.0,2,1.4,0.09351741522550583,43,0.09351741522550583,43
2,MCF7,6.0,A199,29,1,90.0,2,1.45,0.09554030001163483,30,0.09554030001163483,30
2,MCF7,6.0,A199,29,1,90.0,2,1.5,0.08666406571865082,28,0.09097509831190109,29
2,MCF7,6.0,A199,29,1,90.0,2,1.55,0.09679695218801498,28,0.09679695218801498,28
2,MCF7,6.0,A199,29,1,90.0,2,1.6,0.09519065171480179,19,0.09519065171480179,19
2,MCF7,6.0,A199,29,1,90.0,2,1.65,0.10869108140468597,20,0.10869108140468597,20
2,MCF7,6.0,A199,29,1,90.0,2,1.7,0.10132795572280884,12,0.10132795572280884,12
2,MCF7,6.0,A199,29,1,90.0,2,1.75,0.10318155586719513,13,0.10318155586719513,13
2,MCF7,6.0,A199,29,1,90.0,2,1.8,0.080992691218853,11,0.080992691218853,11
3,MCF7,6.0,A199,29,1,90.0,3,0.0,,0,0.0,444
3,MCF7,6.0,A199,29,1,90.0,3,0.35,0.03592732548713684,28,0.03592732548713684,28
3,MCF7,6.0,A199,29,1,90.0,3,0.4,0.04207552969455719,116,0.04182915762066841,117
3,MCF7,6.0,A199,29,1,90.0,3,0.45,0.04684934392571449,419,0.046325501054525375,430
3,MCF7,6.0,A199,29,1,90.0,3,0.5,0.05164243280887604,812,0.05069657042622566,849
3,MCF7,6.0,A199,29,1,90.0,3,0.55,0.052588753402233124,793,0.051610346883535385,882
3,MCF7,6.0,A199,29,1,90.0,3,0.6,0.05520232766866684,604,0.05252315476536751,832
3,MCF7,6.0,A199,29,1,90.0,3,0.65,0.05892622470855713,518,0.05464194715023041,936
3,MCF7,6.0,A199,29,1,90.0,3,0.7,0.06336640566587448,559,0.05832994729280472,1004
3,MCF7,6.0,A199,29,1,90.0,3,0.75,0.0686734989285469,704,0.06371030956506729,1289
3,MCF7,6.0,A199,29,1,90.0,3,0.8,0.07143177837133408,719,0.0667964443564415,1324
3,MCF7,6.0,A199,29,1,90.0,3,0.85,0.07313507050275803,596,0.06981451064348221,1289
3,MCF7,6.0,A199,29,1,90.0,3,0.9,0.07661500573158264,524,0.07239073514938354,1286
3,MCF7,6.0,A199,29,1,90.0,3,0.95,0.07983095943927765,434,0.07539934664964676,1236
3,MCF7,6.0,A199,29,1,90.0,3,1.0,0.08090318739414215,361,0.07956533133983612,1200
3,MCF7,6.0,A199,29,1,90.0,3,1.05,0.0843491405248642,287,0.08619141578674316,1091
3,MCF7,6.0,A199,29,1,90.0,3,1.1,0.0878693237900734,248,0.08597786724567413,1061
3,MCF7,6.0,A199,29,1,90.0,3,1.15,0.0905875489115715,224,0.09059863537549973,998
3,MCF7,6.0,A199,29,1,90.0,3,1.2,0.09091970324516296,217,0.09301548451185226,1033
3,MCF7,6.0,A199,29,1,90.0,3,1.25,0.0929054394364357,224,0.0943518802523613,1026
3,MCF7,6.0,A199,29,1,90.0,3,1.3,0.09777048975229263,209,0.09665803611278534,982
3,MCF7,6.0,A199,29,1,90.0,3,1.35,0.10494333505630493,187,0.10353750735521317,947
3,MCF7,6.0,A199,29,1,90.0,3,1.4,0.10464736819267273,184,0.10511815547943115,897
3,MCF7,6.0,A199,29,1,90.0,3,1.45,0.10759621858596802,145,0.10468413680791855,765
3,MCF7,6.0,A199,29,1,90.0,3,1.5,0.11453068256378174,145,0.10814468562602997,762
3,MCF7,6.0,A199,29,1,90.0,3,1.55,0.1120033860206604,110,0.11075033992528915,664
3,MCF7,6.0,A199,29,1,90.0,3,1.6,0.11102446913719177,108,0.11099548637866974,625
3,MCF7,6.0,A199,29,1,90.0,3,1.65,0.1152636781334877,115,0.11392827332019806,583
3,MCF7,6.0,A199,29,1,90.0,3,1.7,0.11148280650377274,125,0.11769136786460876,529
3,MCF7,6.0,A199,29,1,90.0,3,1.75,0.1156107634305954,98,0.12072459608316422,474
3,MCF7,6.0,A199,29,1,90.0,3,1.8,0.11599867790937424,82,0.11864163726568222,428
3,MCF7,6.0,A199,29,1,90.0,3,1.85,0.11700572818517685,81,0.12153181433677673,378
3,MCF7,6.0,A199,29,1,90.0,3,1.9,0.11755283921957016,72,0.1167711541056633,328
3,MCF7,6.0,A199,29,1,90.0,3,1.95,0.1254071742296219,72,0.12190812826156616,310
3,MCF7,6.0,A199,29,1,90.0,3,2.0,0.11497558653354645,53,0.11616615206003189,253
3,MCF7,6.0,A199,29,1,90.0,3,2.05,0.1341230422258377,56,0.13052788376808167,244
3,MCF7,6.0,A199,29,1,90.0,3,2.1,0.12225823849439621,55,0.13342022895812988,222
3,MCF7,6.0,A199,29,1,90.0,3,2.15,0.12575869262218475,40,0.1313028782606125,214
3,MCF7,6.0,A199,29,1,90.0,3,2.2,0.12713000178337097,34,0.1318749487400055,178
3,MCF7,6.0,A199,29,1,90.0,3,2.25,0.12718281149864197,30,0.12721383571624756,138
3,MCF7,6.0,A199,29,1,90.0,3,2.3,0.1346803903579712,34,0.1283188909292221,109
3,MCF7,6.0,A199,29,1,90.0,3,2.35,0.13860201835632324,16,0.13779833912849426,112
3,MCF7,6.0,A199,29,1,90.0,3,2.4,0.15464165806770325,26,0.13608241081237793,91
3,MCF7,6.0,A199,29,1,90.0,3,2.45,0.11333067715167999,19,0.12741468846797943,97
3,MCF7,6.0,A199,29,1,90.0,3,2.5,0.13580188155174255,15,0.12355563044548035,72
3,MCF7,6.0,A199,29,1,90.0,3,2.55,0.1113286241889,15,0.12345166504383087,71
3,MCF7,6.0,A199,29,1,90.0,3,2.6,0.11998776346445084,25,0.12072424590587616,51
3,MCF7,6.0,A199,29,1,90.0,3,2.65,0.1363399177789688,14,0.13006718456745148,47
3,MCF7,6.0,A199,29,1,90.0,3,2.7,0.1349286437034607,16,0.13030381500720978,50
3,MCF7,6.0,A199,29,1,90.0,3,2.75,0.12943406403064728,11,0.12795940041542053,40
3,MCF7,6.0,A199,29,1,90.0,3,2.8,0.12705302238464355,15,0.12372837960720062,40
3,MCF7,6.0,A199,29,1,90.0,3,2.85,0.14058512449264526,16,0.12218618392944336,37
3,MCF7,6.0,A199,29,1,90.0,3,2.9,0.13320879638195038,9,0.13326765596866608,14
3,MCF7,6.0,A199,29,1,90.0,3,2.95,0.10108557343482971,11,0.12451735138893127,22
3,MCF7,6.0,A199,29,1,90.0,3,3.0,0.15928465127944946,9,0.13095512986183167,22
3,MCF7,6.0,A199,29,1,90.0,3,3.05,0.10670635849237442,7,0.12991121411323547,15
3,MCF7,6.0,A199,29,1,90.0,3,3.1,0.11784505844116211,10,0.12713444232940674,15
3,MCF7,6.0,A199,29,1,90.0,3,3.15,0.12745921313762665,11,0.13432447612285614,15
3,MCF7,6.0,A199,29,1,90.0,3,3.2,0.11930188536643982,8,0.1606523096561432,12
3,MCF7,6.0,A199,29,1,90.0,3,3.25,0.10900816321372986,11,0.1251084953546524,14
3,MCF7,6.0,A199,29,1,90.0,3,3.3,0.14985264837741852,10,0.15276075899600983,14
3,MCF7,6.0,A199,29,1,90.0,3,3.35,0.103970967233181,6,,9
3,MCF7,6.0,A199,29,1,90.0,3,3.4,0.1313093602657318,7,,8
3,MCF7,6.0,A199,29,1,90.0,3,3.55,0.09976862370967865,7,,7
3,MCF7,6.0,A199,29,1,90.0,3,3.6,0.13506560027599335,5,,6
3,MCF7,6.0,A199,29,1,90.0,3,3.65,0.12356086820363998,10,0.12334334850311279,11
3,MCF7,6.0,A199,29,1,90.0,3,3.85,,4,,6
4,MCF7,6.0,A199,29,1,90.0,4,0.0,,0,0.0,76
4,MCF7,6.0,A199,29,1,90.0,4,0.15,0.05430044233798981,34,0.05232692137360573,38
4,MCF7,6.0,A199,29,1,90.0,4,0.2,0.05627918988466263,794,0.05617428198456764,931
4,MCF7,6.0,A199,29,1,90.0,4,0.25,0.06078522652387619,1828,0.06143667921423912,2661
4,MCF7,6.0,A199,29,1,90.0,4,0.3,0.06433803588151932,1217,0.06736300885677338,3133
4,MCF7,6.0,A199,29,1,90.0,4,0.35,0.06839320808649063,642,0.07260873168706894,2827
4,MCF7,6.0,A199,29,1,90.0,4,0.4,0.07384880632162094,462,0.07818078994750977,2332
4,MCF7,6.0,A199,29,1,90.0,4,0.45,0.07893041521310806,321,0.08292144536972046,1479
4,MCF7,6.0,A199,29,1,90.0,4,0.5,0.08245407044887543,312,0.08888542652130127,1022
4,MCF7,6.0,A199,29,1,90.0,4,0.55,0.0885748490691185,249,0.09057026356458664,670
4,MCF7,6.0,A199,29,1,90.0,4,0.6,0.09567077457904816,176,0.09617327153682709,427
4,MCF7,6.0,A199,29,1,90.0,4,0.65,0.09228920191526413,159,0.08878401666879654,329
4,MCF7,6.0,A199,29,1,90.0,4,0.7,0.10371977090835571,133,0.09475281089544296,241
4,MCF7,6.0,A199,29,1,90.0,4,0.75,0.09683683514595032,134,0.08548397570848465,243
4,MCF7,6.0,A199,29,1,90.0,4,0.8,0.10422373563051224,148,0.09660040587186813,221
4,MCF7,6.0,A199,29,1,90.0,4,0.85,0.10979869216680527,136,0.0961834266781807,221
4,MCF7,6.0,A199,29,1,90.0,4,0.9,0.11376261711120605,130,0.10256393998861313,203
4,MCF7,6.0,A199,29,1,90.0,4,0.95,0.11596936732530594,138,0.10637497901916504,185
4,MCF7,6.0,A199,29,1,90.0,4,1.0,0.1289597749710083,101,0.11329744756221771,154
4,MCF7,6.0,A199,29,1,90.0,4,1.05,0.12316985428333282,92,0.11352411657571793,129
4,MCF7,6.0,A199,29,1,90.0,4,1.1,0.13584674894809723,85,0.12151739746332169,124
4,MCF7,6.0,A199,29,1,90.0,4,1.15,0.13721776008605957,81,0.12531225383281708,106
4,MCF7,6.0,A199,29,1,90.0,4,1.2,0.14727850258350372,83,0.14126770198345184,96
4,MCF7,6.0,A199,29,1,90.0,4,1.25,0.1407322734594345,64,0.1296912431716919,78
4,MCF7,6.0,A199,29,1,90.0,4,1.3,0.15490201115608215,44,0.1470085233449936,52
4,MCF7,6.0,A199,29,1,90.0,4,1.35,0.13985274732112885,38,0.14088945090770721,40
4,MCF7,6.0,A199,29,1,90.0,4,1.4,0.14755569398403168,32,0.1412695050239563,35
4,MCF7,6.0,A199,29,1,90.0,4,1.45,0.140558660030365,32,0.1380208432674408,35
4,MCF7,6.0,A199,29,1,90.0,4,1.5,0.1421189159154892,23,0.13987982273101807,25
4,MCF7,6.0,A199,29,1,90.0,4,1.55,0.18488021194934845,23,0.18389621376991272,25
4,MCF7,6.0,A199,29,1,90.0,4,1.6,0.14317771792411804,26,0.14277008175849915,27
4,MCF7,6.0,A199,29,1,90.0,4,1.65,0.16452904045581818,19,0.16452904045581818,19
4,MCF7,6.0,A199,29,1,90.0,4,1.7,0.15843918919563293,13,0.15241126716136932,14
4,MCF7,6.0,A199,29,1,90.0,4,1.75,0.17970193922519684,16,0.17970193922519684,16
4,MCF7,6.0,A199,29,1,90.0,4,1.8,0.1670086830854416,12,0.1670086830854416,12
4,MCF7,6.0,A199,29,1,90.0,4,1.85,0.145805224776268,11,0.145805224776268,11
4,MCF7,6.0,A199,29,1,90.0,4,1.9,0.20241552591323853,8,,8
4,MCF7,6.0,A199,29,1,90.0,4,2.0,0.13653627038002014,10,0.13653627038002014,10
4,MCF7,6.0,A199,29,1,90.0,4,2.05,0.15329517424106598,11,0.15329517424106598,11
4,MCF7,6.0,A199,29,1,90.0,4,2.1,0.1543431431055069,7,,7
4,MCF7,6.0,A199,29,1,90.0,4,2.2,0.17915476858615875,15,0.17915476858615875,15
4,MCF7,6.0,A199,29,1,90.0,4,2.25,0.1396343857049942,8,,8
4,MCF7,6.0,A199,29,1,90.0,4,2.3,0.11767362058162689,10,0.11767362058162689,10
4,MCF7,6.0,A199,29,1,90.0,4,2.35,0.19691906869411469,7,,7
4,MCF7,6.0,A199,29,1,90.0,4,2.4,0.14185890555381775,8,,8
4,MCF7,6.0,A199,29,1,90.0,4,2.45,0.22790123522281647,11,0.22790123522281647,11
4,MCF7,6.0,A199,29,1,90.0,4,2.85,0.14381960034370422,6,,6
5,MCF7,6.0,A199,29,1,90.0,5,0.0,,0,0.0,25
5,MCF7,6.0,A199,29,1,90.0,5,0.1,0.07014106214046478,5,,7
5,MCF7,6.0,A199,29,1,90.0,5,0.15,0.06197298690676689,1176,0.06055276840925217,1362
5,MCF7,6.0,A199,29,1,90.0,5,0.2,0.061619531363248825,4544,0.06081724911928177,6257
5,MCF7,6.0,A199,29,1,90.0,5,0.25,0.061996717005968094,2377,0.06332051753997803,5860
5,MCF7,6.0,A199,29,1,90.0,5,0.3,0.058940354734659195,609,0.06588948518037796,4001
5,MCF7,6.0,A199,29,1,90.0,5,0.35,0.059121161699295044,295,0.06843767315149307,3162
5,MCF7,6.0,A199,29,1,90.0,5,0.4,0.06360097974538803,229,0.0715717300772667,2431
5,MCF7,6.0,A199,29,1,90.0,5,0.45,0.061411794275045395,100,0.0794694647192955,1684
5,MCF7,6.0,A199,29,1,90.0,5,0.5,0.06728030741214752,24,0.08472371846437454,871
5,MCF7,6.0,A199,29,1,90.0,5,0.55,0.052092090249061584,8,0.09820342808961868,481
5,MCF7,6.0,A199,29,1,90.0,5,0.6,,4,0.09940208494663239,223
5,MCF7,6.0,A199,29,1,90.0,5,0.65,,0,0.11140549182891846,94
5,MCF7,6.0,A199,29,1,90.0,5,0.7,,0,0.12825044989585876,39
5,MCF7,6.0,A199,29,1,90.0,5,0.75,,0,0.14233991503715515,17
5,MCF7,6.0,A199,29,1,90.0,5,0.8,,0,,9
6,MCF7,6.0,A199,29,1,90.0,6,0.15,,0,0.04359152168035507,17
6,MCF7,6.0,A199,29,1,90.0,6,0.2,,3,0.05377218872308731,736
6,MCF7,6.0,A199,29,1,90.0,6,0.25,0.08210429549217224,532,0.06564214080572128,3166
6,MCF7,6.0,A199,29,1,90.0,6,0.3,0.07344192266464233,1583,0.07167991250753403,6086
6,MCF7,6.0,A199,29,1,90.0,6,0.35,0.06957272440195084,1758,0.0706283450126648,7489
6,MCF7,6.0,A199,29,1,90.0,6,0.4,0.07554448395967484,1878,0.07305959612131119,6427
6,MCF7,6.0,A199,29,1,90.0,6,0.45,0.07996691018342972,953,0.07662030309438705,2688
6,MCF7,6.0,A199,29,1,90.0,6,0.5,0.08050274848937988,375,0.08112974464893341,695
6,MCF7,6.0,A199,29,1,90.0,6,0.55,0.08604168891906738,240,0.0863778293132782,272
6,MCF7,6.0,A199,29,1,90.0,6,0.6,0.09199928492307663,141,0.09236154705286026,143
6,MCF7,6.0,A199,29,1,90.0,6,0.65,0.08848854899406433,77,0.08848854899406433,77
6,MCF7,6.0,A199,29,1,90.0,6,0.7,0.09730737656354904,64,0.09730737656354904,64
6,MCF7,6.0,A199,29,1,90.0,6,0.75,0.09366977214813232,60,0.09366977214813232,60
6,MCF7,6.0,A199,29,1,90.0,6,0.8,0.09775638580322266,31,0.09775638580322266,31
6,MCF7,6.0,A199,29,1,90.0,6,0.85,0.09979782998561859,26,0.09979782998561859,26
6,MCF7,6.0,A199,29,1,90.0,6,0.9,0.09963376820087433,13,0.09963376820087433,13
6,MCF7,6.0,A199,29,1,90.0,6,0.95,0.0896957516670227,8,,8
1,MCF7,6.0,A199,3,1,90.0,1,0.0,,0,0.0,462
1,MCF7,6.0,A199,3,1,90.0,1,0.3,0.09122032672166824,180,0.08432938158512115,269
1,MCF7,6.0,A199,3,1,90.0,1,0.35,0.09418242424726486,1680,0.0905851349234581,2238
1,MCF7,6.0,A199,3,1,90.0,1,0.4,0.09775903075933456,3003,0.09293950349092484,4893
1,MCF7,6.0,A199,3,1,90.0,1,0.45,0.10209063440561295,2328,0.0947616919875145,5642
1,MCF7,6.0,A199,3,1,90.0,1,0.5,0.10649000853300095,1225,0.09709013253450394,5034
1,MCF7,6.0,A199,3,1,90.0,1,0.55,0.1091703251004219,660,0.10164354741573334,4243
1,MCF7,6.0,A199,3,1,90.0,1,0.6,0.1081516444683075,348,0.10553068667650223,3247
1,MCF7,6.0,A199,3,1,90.0,1,0.65,0.11076512187719345,199,0.11060293763875961,2417
1,MCF7,6.0,A199,3,1,90.0,1,0.7,0.11410140991210938,141,0.11368711292743683,1931
1,MCF7,6.0,A199,3,1,90.0,1,0.75,0.11647487431764603,126,0.116792231798172,1537
1,MCF7,6.0,A199,3,1,90.0,1,0.8,0.11502311378717422,66,0.12008675932884216,1043
1,MCF7,6.0,A199,3,1,90.0,1,0.85,0.11564809083938599,46,0.12505578994750977,768
1,MCF7,6.0,A199,3,1,90.0,1,0.9,0.11960286647081375,28,0.13074293732643127,496
1,MCF7,6.0,A199,3,1,90.0,1,0.95,0.11306169629096985,30,0.14121869206428528,305
1,MCF7,6.0,A199,3,1,90.0,1,1.0,0.12025198340415955,16,0.14579451084136963,199
1,MCF7,6.0,A199,3,1,90.0,1,1.05,0.12288249284029007,15,0.15144330263137817,129
1,MCF7,6.0,A199,3,1,90.0,1,1.1,0.12300648540258408,22,0.1492372453212738,69
1,MCF7,6.0,A199,3,1,90.0,1,1.15,0.1260007619857788,17,0.14327596127986908,46
1,MCF7,6.0,A199,3,1,90.0,1,1.2,0.1354825496673584,12,0.12852710485458374,33
1,MCF7,6.0,A199,3,1,90.0,1,1.25,0.14646460115909576,12,0.15556195378303528,25
1,MCF7,6.0,A199,3,1,90.0,1,1.3,,4,0.14589327573776245,11
1,MCF7,6.0,A199,3,1,90.0,1,1.35,,2,,8
2,MCF7,6.0,A199,3,1,90.0,2,0.0,,0,0.0,896
2,MCF7,6.0,A199,3,1,90.0,2,0.25,,0,,7
2,MCF7,6.0,A199,3,1,90.0,2,0.3,0.07825276255607605,22,0.0729922503232956,109
2,MCF7,6.0,A199,3,1,90.0,2,0.35,0.08522318303585052,199,0.08824548125267029,618
2,MCF7,6.0,A199,3,1,90.0,2,0.4,0.09028556942939758,454,0.09162324666976929,1533
2,MCF7,6.0,A199,3,1,90.0,2,0.45,0.09476940333843231,601,0.09733684360980988,2245
2,MCF7,6.0,A199,3,1,90.0,2,0.5,0.10010365396738052,566,0.10469140857458115,2524
2,MCF7,6.0,A199,3,1,90.0,2,0.55,0.10129541158676147,458,0.1068730354309082,2354
2,MCF7,6.0,A199,3,1,90.0,2,0.6,0.10661406069993973,363,0.11554812639951706,1936
2,MCF7,6.0,A199,3,1,90.0,2,0.65,0.10727173835039139,313,0.11691300570964813,1668
2,MCF7,6.0,A199,3,1,90.0,2,0.7,0.10735367238521576,274,0.12030543386936188,1329
2,MCF7,6.0,A199,3,1,90.0,2,0.75,0.114077627658844,222,0.12743447721004486,1058
2,MCF7,6.0,A199,3,1,90.0,2,0.8,0.1170867383480072,162,0.12532278895378113,805
2,MCF7,6.0,A199,3,1,90.0,2,0.85,0.11405068635940552,158,0.13265717029571533,685
2,MCF7,6.0,A199,3,1,90.0,2,0.9,0.1200370192527771,124,0.1321658194065094,573
2,MCF7,6.0,A199,3,1,90.0,2,0.95,0.11854644119739532,143,0.12910449504852295,522
2,MCF7,6.0,A199,3,1,90.0,2,1.0,0.12060873955488205,161,0.13161158561706543,535
2,MCF7,6.0,A199,3,1,90.0,2,1.05,0.12360038608312607,131,0.1338946372270584,459
2,MCF7,6.0,A199,3,1,90.0,2,1.1,0.1278361678123474,147,0.1304243952035904,434
2,MCF7,6.0,A199,3,1,90.0,2,1.15,0.13363438844680786,145,0.1390416920185089,411
2,MCF7,6.0,A199,3,1,90.0,2,1.2,0.13413597643375397,121,0.1429748386144638,333
2,MCF7,6.0,A199,3,1,90.0,2,1.25,0.13804574310779572,139,0.1387515664100647,288
2,MCF7,6.0,A199,3,1,90.0,2,1.3,0.14814046025276184,151,0.15057283639907837,260
2,MCF7,6.0,A199,3,1,90.0,2,1.35,0.1480553150177002,136,0.15264923870563507,232
2,MCF7,6.0,A199,3,1,90.0,2,1.4,0.15454263985157013,155,0.15651822090148926,227
2,MCF7,6.0,A199,3,1,90.0,2,1.45,0.15177388489246368,135,0.15853914618492126,186
2,MCF7,6.0,A199,3,1,90.0,2,1.5,0.15891453623771667,120,0.16473917663097382,153
2,MCF7,6.0,A199,3,1,90.0,2,1.55,0.1559663861989975,91,0.16005638241767883,117
2,MCF7,6.0,A199,3,1,90.0,2,1.6,0.15831531584262848,107,0.16332119703292847,125
2,MCF7,6.0,A199,3,1,90.0,2,1.65,0.15930739045143127,97,0.1609686315059662,113
2,MCF7,6.0,A199,3,1,90.0,2,1.7,0.15952827036380768,76,0.16076765954494476,86
2,MCF7,6.0,A199,3,1,90.0,2,1.75,0.15891574323177338,65,0.1625102311372757,73
2,MCF7,6.0,A199,3,1,90.0,2,1.8,0.15931998193264008,57,0.15658989548683167,62
2,MCF7,6.0,A199,3,1,90.0,2,1.85,0.16469989717006683,50,0.16323019564151764,55
2,MCF7,6.0,A199,3,1,90.0,2,1.9,0.1691116988658905,41,0.16514907777309418,43
2,MCF7,6.0,A199,3,1,90.0,2,1.95,0.16568875312805176,42,0.1609273999929428,44
2,MCF7,6.0,A199,3,1,90.0,2,2.0,0.1649608016014099,45,0.16346195340156555,47
2,MCF7,6.0,A199,3,1,90.0,2,2.05,0.1543700397014618,28,0.15697158873081207,29
2,MCF7,6.0,A199,3,1,90.0,2,2.1,0.17447996139526367,37,0.16497373580932617,41
2,MCF7,6.0,A199,3,1,90.0,2,2.15,0.1639498919248581,28,0.1639498919248581,28
2,MCF7,6.0,A199,3,1,90.0,2,2.2,0.1514003574848175,16,0.1440775990486145,18
2,MCF7,6.0,A199,3,1,90.0,2,2.25,0.1827406883239746,18,0.17216856777668,21
2,MCF7,6.0,A199,3,1,90.0,2,2.3,0.18896852433681488,12,0.18397165834903717,13
2,MCF7,6.0,A199,3,1,90.0,2,2.35,0.15263254940509796,7,,9
2,MCF7,6.0,A199,3,1,90.0,2,2.4,0.19030693173408508,16,0.19327932596206665,18
2,MCF7,6.0,A199,3,1,90.0,2,2.45,0.14966095983982086,5,,6
2,MCF7,6.0,A199,3,1,90.0,2,2.5,0.192952960729599,10,0.19968988001346588,13
2,MCF7,6.0,A199,3,1,90.0,2,2.7,0.18665820360183716,5,,6
2,MCF7,6.0,A199,3,1,90.0,2,2.75,,2,,7
3,MCF7,6.0,A199,3,1,90.0,3,0.0,,0,0.0,2145
3,MCF7,6.0,A199,3,1,90.0,3,0.1,0.08684586733579636,782,0.08635459840297699,1702
3,MCF7,6.0,A199,3,1,90.0,3,0.15,0.09437942504882812,3906,0.09383086860179901,10786
3,MCF7,6.0,A199,3,1,90.0,3,0.2,0.10522457957267761,2414,0.10318636894226074,11674
3,MCF7,6.0,A199,3,1,90.0,3,0.25,0.11112640053033829,2293,0.10985317826271057,11674
3,MCF7,6.0,A199,3,1,90.0,3,0.3,0.11453995108604431,1763,0.11646214872598648,10139
3,MCF7,6.0,A199,3,1,90.0,3,0.35,0.11838563531637192,1322,0.12290723621845245,7525
3,MCF7,6.0,A199,3,1,90.0,3,0.4,0.12532469630241394,1302,0.1303812563419342,5142
3,MCF7,6.0,A199,3,1,90.0,3,0.45,0.12881392240524292,1466,0.13618087768554688,3448
3,MCF7,6.0,A199,3,1,90.0,3,0.5,0.13243204355239868,1182,0.14229156076908112,2169
3,MCF7,6.0,A199,3,1,90.0,3,0.55,0.13388371467590332,993,0.14341865479946136,1477
3,MCF7,6.0,A199,3,1,90.0,3,0.6,0.13823887705802917,884,0.14534598588943481,1105
3,MCF7,6.0,A199,3,1,90.0,3,0.65,0.1390877366065979,751,0.14403066039085388,853
3,MCF7,6.0,A199,3,1,90.0,3,0.7,0.14177367091178894,662,0.14588040113449097,732
3,MCF7,6.0,A199,3,1,90.0,3,0.75,0.14489012956619263,504,0.1469760686159134,525
3,MCF7,6.0,A199,3,1,90.0,3,0.8,0.1501093953847885,352,0.15289120376110077,368
3,MCF7,6.0,A199,3,1,90.0,3,0.85,0.14763404428958893,234,0.14755359292030334,236
3,MCF7,6.0,A199,3,1,90.0,3,0.9,0.15161173045635223,162,0.15169288218021393,164
3,MCF7,6.0,A199,3,1,90.0,3,0.95,0.15175850689411163,133,0.15175850689411163,133
3,MCF7,6.0,A199,3,1,90.0,3,1.0,0.1456442028284073,93,0.1456442028284073,93
3,MCF7,6.0,A199,3,1,90.0,3,1.05,0.1496378630399704,75,0.1496378630399704,75
3,MCF7,6.0,A199,3,1,90.0,3,1.1,0.156536266207695,56,0.156536266207695,56
3,MCF7,6.0,A199,3,1,90.0,3,1.15,0.167190283536911,51,0.16733099520206451,52
3,MCF7,6.0,A199,3,1,90.0,3,1.2,0.16512206196784973,35,0.16512206196784973,35
3,MCF7,6.0,A199,3,1,90.0,3,1.25,0.15532247722148895,33,0.15532247722148895,33
3,MCF7,6.0,A199,3,1,90.0,3,1.3,0.16067159175872803,28,0.16067159175872803,28
3,MCF7,6.0,A199,3,1,90.0,3,1.35,0.17001411318778992,25,0.17001411318778992,25
3,MCF7,6.0,A199,3,1,90.0,3,1.4,0.1670432984828949,16,0.1670432984828949,16
3,MCF7,6.0,A199,3,1,90.0,3,1.45,0.15575876832008362,18,0.15575876832008362,18
3,MCF7,6.0,A199,3,1,90.0,3,1.5,0.1727692037820816,11,0.1727692037820816,11
3,MCF7,6.0,A199,3,1,90.0,3,1.55,0.15140710771083832,12,0.15140710771083832,12
3,MCF7,6.0,A199,3,1,90.0,3,1.6,0.18888446688652039,9,,9
3,MCF7,6.0,A199,3,1,90.0,3,1.65,0.17558357119560242,7,,7
3,MCF7,6.0,A199,3,1,90.0,3,1.7,0.17304417490959167,8,,8
1,MCF7,6.0,A199,4,1,90.0,1,0.05,0.039075035601854324,238,0.03588710352778435,477
1,MCF7,6.0,A199,4,1,90.0,1,0.1,0.03879721090197563,828,0.03810011222958565,2193
1,MCF7,6.0,A199,4,1,90.0,1,0.15,0.04349660873413086,1303,0.040602996945381165,3687
1,MCF7,6.0,A199,4,1,90.0,1,0.2,0.04652829095721245,1147,0.05004725605249405,1669
1,MCF7,6.0,A199,4,1,90.0,1,0.25,0.050494950264692307,570,0.054695531725883484,815
1,MCF7,6.0,A199,4,1,90.0,1,0.3,0.05649012699723244,517,0.059211745858192444,758
1,MCF7,6.0,A199,4,1,90.0,1,0.35,0.05792738124728203,663,0.061032455414533615,966
1,MCF7,6.0,A199,4,1,90.0,1,0.4,0.05866333842277527,500,0.06482639163732529,828
1,MCF7,6.0,A199,4,1,90.0,1,0.45,0.0584188811480999,258,0.07804401963949203,689
1,MCF7,6.0,A199,4,1,90.0,1,0.5,0.060959283262491226,227,0.08473747968673706,592
1,MCF7,6.0,A199,4,1,90.0,1,0.55,0.06933526694774628,297,0.08371693640947342,483
1,MCF7,6.0,A199,4,1,90.0,1,0.6,0.07445798814296722,260,0.08212081342935562,309
1,MCF7,6.0,A199,4,1,90.0,1,0.65,0.07675259560346603,222,0.07983830571174622,242
1,MCF7,6.0,A199,4,1,90.0,1,0.7,0.08194217085838318,135,0.08364284038543701,142
1,MCF7,6.0,A199,4,1,90.0,1,0.75,0.08493795245885849,66,0.08493795245885849,66
1,MCF7,6.0,A199,4,1,90.0,1,0.8,0.09031148254871368,30,0.09102345257997513,31
2,MCF7,6.0,A199,4,1,90.0,2,0.14,,0,0.05538538470864296,112
2,MCF7,6.0,A199,4,1,90.0,2,0.19,,0,0.060367897152900696,1653
2,MCF7,6.0,A199,4,1,90.0,2,0.24,,0,0.06396805495023727,3602
2,MCF7,6.0,A199,4,1,90.0,2,0.29,0.07235679030418396,192,0.07046341150999069,3993
2,MCF7,6.0,A199,4,1,90.0,2,0.34,0.07946610450744629,718,0.07739461958408356,2405
2,MCF7,6.0,A199,4,1,90.0,2,0.39,0.08501601219177246,2446,0.08398494124412537,5414
2,MCF7,6.0,A199,4,1,90.0,2,0.44,0.08823589235544205,1857,0.08869896084070206,3680
2,MCF7,6.0,A199,4,1,90.0,2,0.49,0.08934131264686584,214,0.09001344442367554,237
2,MCF7,6.0,A199,4,1,90.0,2,0.54,0.0977371409535408,38,0.0977371409535408,38
3,MCF7,6.0,A199,4,1,90.0,3,0.04,0.0494365394115448,249,0.0553690604865551,793
3,MCF7,6.0,A199,4,1,90.0,3,0.09,0.05070784315466881,1231,0.053857166320085526,4673
3,MCF7,6.0,A199,4,1,90.0,3,0.14,0.04907622188329697,906,0.044836387038230896,2670
3,MCF7,6.0,A199,4,1,90.0,3,0.19,0.04837645962834358,492,0.04486355185508728,1337
3,MCF7,6.0,A199,4,1,90.0,3,0.24,0.052724920213222504,428,0.04591299220919609,640
3,MCF7,6.0,A199,4,1,90.0,3,0.29,0.05535854771733284,320,0.04682997986674309,459
3,MCF7,6.0,A199,4,1,90.0,3,0.34,0.05711674317717552,194,0.043161582201719284,351
3,MCF7,6.0,A199,4,1,90.0,3,0.39,0.05832108482718468,179,0.04029140993952751,404
3,MCF7,6.0,A199,4,1,90.0,3,0.44,0.059054553508758545,149,0.041965801268815994,381
3,MCF7,6.0,A199,4,1,90.0,3,0.49,0.05810593068599701,163,0.043141793459653854,400
3,MCF7,6.0,A199,4,1,90.0,3,0.54,0.055172279477119446,177,0.04658191278576851,304
3,MCF7,6.0,A199,4,1,90.0,3,0.59,0.05527513474225998,189,0.051640767604112625,227
3,MCF7,6.0,A199,4,1,90.0,3,0.64,0.05680234730243683,163,0.05481657758355141,176
3,MCF7,6.0,A199,4,1,90.0,3,0.69,0.060045138001441956,234,0.059310432523489,239
3,MCF7,6.0,A199,4,1,90.0,3,0.74,0.06047017127275467,241,0.0604383759200573,242
3,MCF7,6.0,A199,4,1,90.0,3,0.79,0.061323437839746475,197,0.061323437839746475,197
3,MCF7,6.0,A199,4,1,90.0,3,0.84,0.06001004949212074,144,0.06001004949212074,144
3,MCF7,6.0,A199,4,1,90.0,3,0.89,0.06304500252008438,86,0.06304500252008438,86
3,MCF7,6.0,A199,4,1,90.0,3,0.94,0.06387340277433395,48,0.06387340277433395,48
3,MCF7,6.0,A199,4,1,90.0,3,0.99,0.06270494312047958,38,0.06270494312047958,38
3,MCF7,6.0,A199,4,1,90.0,3,1.04,0.06185418739914894,11,0.06185418739914894,11
3,MCF7,6.0,A199,4,1,90.0,3,1.09,0.061166584491729736,10,0.061166584491729736,10
3,MCF7,6.0,A199,4,1,90.0,3,1.14,0.0637311339378357,8,,8
4,MCF7,6.0,A199,4,1,90.0,4,0.17,,0,0.05853109434247017,80
4,MCF7,6.0,A199,4,1,90.0,4,0.22,0.05797197297215462,6,0.06332354247570038,1678
4,MCF7,6.0,A199,4,1,90.0,4,0.27,0.05784500390291214,199,0.06569261848926544,3278
4,MCF7,6.0,A199,4,1,90.0,4,0.32,0.05862182378768921,188,0.06750182062387466,2813
4,MCF7,6.0,A199,4,1,90.0,4,0.37,0.06229332461953163,214,0.07108563184738159,2386
4,MCF7,6.0,A199,4,1,90.0,4,0.42,0.0670274868607521,277,0.07546713203191757,2688
4,MCF7,6.0,A199,4,1,90.0,4,0.47,0.0708373486995697,499,0.07906970381736755,3134
4,MCF7,6.0,A199,4,1,90.0,4,0.52,0.07546021044254303,1076,0.08297699689865112,3345
4,MCF7,6.0,A199,4,1,90.0,4,0.57,0.08398792892694473,1516,0.08907848596572876,2541
4,MCF7,6.0,A199,4,1,90.0,4,0.62,0.09051591902971268,1528,0.09308778494596481,1714
4,MCF7,6.0,A199,4,1,90.0,4,0.67,0.09275802969932556,931,0.0938955619931221,969
4,MCF7,6.0,A199,4,1,90.0,4,0.72,0.09451226890087128,558,0.09493031352758408,568
4,MCF7,6.0,A199,4,1,90.0,4,0.77,0.09513941407203674,365,0.09556258469820023,372
4,MCF7,6.0,A199,4,1,90.0,4,0.82,0.09541051089763641,228,0.0957338884472847,230
4,MCF7,6.0,A199,4,1,90.0,4,0.87,0.09447040408849716,139,0.0947495624423027,142
4,MCF7,6.0,A199,4,1,90.0,4,0.92,0.09497271478176117,71,0.09517698734998703,72
4,MCF7,6.0,A199,4,1,90.0,4,0.97,0.10906646400690079,47,0.10906646400690079,47
4,MCF7,6.0,A199,4,1,90.0,4,1.02,0.10367588698863983,17,0.10367588698863983,17
4,MCF7,6.0,A199,4,1,90.0,4,1.07,0.09159683436155319,6,,6
1,MCF7,6.0,A199,5,1,90.0,1,0.0,,0,0.0,365
1,MCF7,6.0,A199,5,1,90.0,1,0.1,0.0404389463365078,384,0.03920580819249153,519
1,MCF7,6.0,A199,5,1,90.0,1,0.15,0.0399276427924633,1821,0.03822189196944237,3532
1,MCF7,6.0,A199,5,1,90.0,1,0.2,0.04428229480981827,2794,0.043846245855093,6410
1,MCF7,6.0,A199,5,1,90.0,1,0.25,0.050318215042352676,2139,0.0477980375289917,5905
1,MCF7,6.0,A199,5,1,90.0,1,0.3,0.05571571737527847,1422,0.053972188383340836,4338
1,MCF7,6.0,A199,5,1,90.0,1,0.35,0.060089562088251114,709,0.058244816958904266,2357
1,MCF7,6.0,A199,5,1,90.0,1,0.4,0.06378879398107529,277,0.0614197701215744,1020
1,MCF7,6.0,A199,5,1,90.0,1,0.45,0.07021237909793854,103,0.07138035446405411,349
1,MCF7,6.0,A199,5,1,90.0,1,0.5,0.06860560923814774,65,0.07247808575630188,106
1,MCF7,6.0,A199,5,1,90.0,1,0.55,0.07378635555505753,60,0.07579567283391953,73
1,MCF7,6.0,A199,5,1,90.0,1,0.6,0.07931607216596603,42,0.08015191555023193,47
1,MCF7,6.0,A199,5,1,90.0,1,0.65,0.08308359235525131,25,0.08308359235525131,25
1,MCF7,6.0,A199,5,1,90.0,1,0.7,0.08146853744983673,13,0.08146853744983673,13
1,MCF7,6.0,A199,5,1,90.0,1,0.8,0.0661875456571579,7,,7
2,MCF7,6.0,A199,5,1,90.0,2,0.0,,0,0.0,134
2,MCF7,6.0,A199,5,1,90.0,2,0.25,0.053849466145038605,15,0.06556977331638336,27
2,MCF7,6.0,A199,5,1,90.0,2,0.3,0.060275848954916,88,0.06481996923685074,191
2,MCF7,6.0,A199,5,1,90.0,2,0.35,0.06542035937309265,175,0.06931564956903458,520
2,MCF7,6.0,A199,5,1,90.0,2,0.4,0.0697532594203949,348,0.07106111943721771,1004
2,MCF7,6.0,A199,5,1,90.0,2,0.45,0.07397841662168503,583,0.07516822963953018,1796
2,MCF7,6.0,A199,5,1,90.0,2,0.5,0.07911355793476105,634,0.07863273471593857,2349
2,MCF7,6.0,A199,5,1,90.0,2,0.55,0.08512908220291138,513,0.08188121765851974,2627
2,MCF7,6.0,A199,5,1,90.0,2,0.6,0.08526619523763657,406,0.08309562504291534,2396
2,MCF7,6.0,A199,5,1,90.0,2,0.65,0.08774080872535706,383,0.08871261775493622,2204
2,MCF7,6.0,A199,5,1,90.0,2,0.7,0.09039777517318726,419,0.09244892001152039,2013
2,MCF7,6.0,A199,5,1,90.0,2,0.75,0.09347047656774521,422,0.0981912612915039,1717
2,MCF7,6.0,A199,5,1,90.0,2,0.8,0.09937448799610138,388,0.10094454884529114,1373
2,MCF7,6.0,A199,5,1,90.0,2,0.85,0.10415051132440567,362,0.10639283806085587,1095
2,MCF7,6.0,A199,5,1,90.0,2,0.9,0.10782663524150848,334,0.11098989844322205,849
2,MCF7,6.0,A199,5,1,90.0,2,0.95,0.10979270935058594,332,0.1161573976278305,725
2,MCF7,6.0,A199,5,1,90.0,2,1.0,0.11243550479412079,345,0.12082967907190323,634
2,MCF7,6.0,A199,5,1,90.0,2,1.05,0.1152535006403923,298,0.12231557071208954,475
2,MCF7,6.0,A199,5,1,90.0,2,1.1,0.1173681989312172,304,0.12398645281791687,431
2,MCF7,6.0,A199,5,1,90.0,2,1.15,0.1215909942984581,301,0.12724466621875763,395
2,MCF7,6.0,A199,5,1,90.0,2,1.2,0.12252343446016312,268,0.12590211629867554,326
2,MCF7,6.0,A199,5,1,90.0,2,1.25,0.12968230247497559,199,0.13623620569705963,243
2,MCF7,6.0,A199,5,1,90.0,2,1.3,0.12245147675275803,181,0.12855562567710876,207
2,MCF7,6.0,A199,5,1,90.0,2,1.35,0.12794925272464752,109,0.13162346184253693,124
2,MCF7,6.0,A199,5,1,90.0,2,1.4,0.13592123985290527,115,0.13538885116577148,121
2,MCF7,6.0,A199,5,1,90.0,2,1.45,0.1353752315044403,109,0.13837434351444244,117
2,MCF7,6.0,A199,5,1,90.0,2,1.5,0.13288366794586182,87,0.13288499414920807,90
2,MCF7,6.0,A199,5,1,90.0,2,1.55,0.137364462018013,84,0.1372060477733612,88
2,MCF7,6.0,A199,5,1,90.0,2,1.6,0.14762580394744873,73,0.1501014232635498,75
2,MCF7,6.0,A199,5,1,90.0,2,1.65,0.14948169887065887,80,0.14948169887065887,80
2,MCF7,6.0,A199,5,1,90.0,2,1.7,0.15084238350391388,71,0.15114276111125946,72
2,MCF7,6.0,A199,5,1,90.0,2,1.75,0.14273682236671448,67,0.14273682236671448,67
2,MCF7,6.0,A199,5,1,90.0,2,1.8,0.15608647465705872,65,0.15608647465705872,65
2,MCF7,6.0,A199,5,1,90.0,2,1.85,0.15206465125083923,39,0.15206465125083923,39
2,MCF7,6.0,A199,5,1,90.0,2,1.9,0.15858513116836548,46,0.15858513116836548,46
2,MCF7,6.0,A199,5,1,90.0,2,1.95,0.15503868460655212,33,0.15503868460655212,33
2,MCF7,6.0,A199,5,1,90.0,2,2.0,0.1648402214050293,34,0.1648402214050293,34
2,MCF7,6.0,A199,5,1,90.0,2,2.05,0.1623837649822235,25,0.1623837649822235,25
2,MCF7,6.0,A199,5,1,90.0,2,2.1,0.16145522892475128,20,0.16145522892475128,20
2,MCF7,6.0,A199,5,1,90.0,2,2.15,0.1480076164007187,26,0.1480076164007187,26
2,MCF7,6.0,A199,5,1,90.0,2,2.2,0.16666914522647858,12,0.16666914522647858,12
2,MCF7,6.0,A199,5,1,90.0,2,2.25,0.14871099591255188,10,0.14871099591255188,10
2,MCF7,6.0,A199,5,1,90.0,2,2.3,0.1500774472951889,11,0.1500774472951889,11
2,MCF7,6.0,A199,5,1,90.0,2,2.35,0.16780315339565277,12,0.16780315339565277,12
2,MCF7,6.0,A199,5,1,90.0,2,2.4,0.15736369788646698,9,,9
2,MCF7,6.0,A199,5,1,90.0,2,2.6,0.14362378418445587,6,,6
3,MCF7,6.0,A199,5,1,90.0,3,0.0,,0,0.0,56
3,MCF7,6.0,A199,5,1,90.0,3,0.2,,0,,8
3,MCF7,6.0,A199,5,1,90.0,3,0.25,,0,0.04304143413901329,104
3,MCF7,6.0,A199,5,1,90.0,3,0.3,,0,0.04688877984881401,413
3,MCF7,6.0,A199,5,1,90.0,3,0.35,,0,0.05688665062189102,680
3,MCF7,6.0,A199,5,1,90.0,3,0.4,,0,0.0651584193110466,862
3,MCF7,6.0,A199,5,1,90.0,3,0.45,,0,0.06657128781080246,879
3,MCF7,6.0,A199,5,1,90.0,3,0.5,,0,0.07025019824504852,914
3,MCF7,6.0,A199,5,1,90.0,3,0.55,,1,0.07251393049955368,820
3,MCF7,6.0,A199,5,1,90.0,3,0.6,0.05191956087946892,14,0.07317931950092316,803
3,MCF7,6.0,A199,5,1,90.0,3,0.65,0.06005103886127472,21,0.07485887408256531,832
3,MCF7,6.0,A199,5,1,90.0,3,0.7,0.06347650289535522,37,0.07641439884901047,825
3,MCF7,6.0,A199,5,1,90.0,3,0.75,0.06007779389619827,66,0.0795404389500618,738
3,MCF7,6.0,A199,5,1,90.0,3,0.8,0.06374824047088623,72,0.08542780578136444,647
3,MCF7,6.0,A199,5,1,90.0,3,0.85,0.06730983406305313,93,0.08639946579933167,634
3,MCF7,6.0,A199,5,1,90.0,3,0.9,0.07330912351608276,106,0.0907030999660492,585
3,MCF7,6.0,A199,5,1,90.0,3,0.95,0.0826825276017189,129,0.09629754722118378,537
3,MCF7,6.0,A199,5,1,90.0,3,1.0,0.08507849276065826,148,0.1010046973824501,471
3,MCF7,6.0,A199,5,1,90.0,3,1.05,0.09124281257390976,121,0.10671649128198624,432
3,MCF7,6.0,A199,5,1,90.0,3,1.1,0.09648563712835312,131,0.1116366907954216,370
3,MCF7,6.0,A199,5,1,90.0,3,1.15,0.09873579442501068,163,0.1147768646478653,390
3,MCF7,6.0,A199,5,1,90.0,3,1.2,0.10702769458293915,167,0.12290263175964355,409
3,MCF7,6.0,A199,5,1,90.0,3,1.25,0.10778976231813431,164,0.12474527209997177,400
3,MCF7,6.0,A199,5,1,90.0,3,1.3,0.1112714484333992,178,0.1281583458185196,354
3,MCF7,6.0,A199,5,1,90.0,3,1.35,0.1192142516374588,188,0.13132502138614655,337
3,MCF7,6.0,A199,5,1,90.0,3,1.4,0.11899349838495255,202,0.1322871297597885,329
3,MCF7,6.0,A199,5,1,90.0,3,1.45,0.1266258955001831,192,0.1373627781867981,301
3,MCF7,6.0,A199,5,1,90.0,3,1.5,0.12941081821918488,183,0.13885343074798584,267
3,MCF7,6.0,A199,5,1,90.0,3,1.55,0.12887302041053772,142,0.13820688426494598,189
3,MCF7,6.0,A199,5,1,90.0,3,1.6,0.13142384588718414,146,0.1399325132369995,187
3,MCF7,6.0,A199,5,1,90.0,3,1.65,0.14133420586585999,100,0.14815184473991394,126
3,MCF7,6.0,A199,5,1,90.0,3,1.7,0.14395573735237122,127,0.1471513956785202,139
3,MCF7,6.0,A199,5,1,90.0,3,1.75,0.13963305950164795,99,0.14472134411334991,108
3,MCF7,6.0,A199,5,1,90.0,3,1.8,0.1385948359966278,104,0.1435094177722931,112
3,MCF7,6.0,A199,5,1,90.0,3,1.85,0.14647042751312256,71,0.14967024326324463,76
3,MCF7,6.0,A199,5,1,90.0,3,1.9,0.1550663709640503,91,0.1548004299402237,95
3,MCF7,6.0,A199,5,1,90.0,3,1.95,0.14269332587718964,89,0.1430566906929016,91
3,MCF7,6.0,A199,5,1,90.0,3,2.0,0.15123353898525238,84,0.15209348499774933,87
3,MCF7,6.0,A199,5,1,90.0,3,2.05,0.15289096534252167,96,0.15363682806491852,100
3,MCF7,6.0,A199,5,1,90.0,3,2.1,0.1497408151626587,76,0.1497408151626587,76
3,MCF7,6.0,A199,5,1,90.0,3,2.15,0.14543527364730835,78,0.14525054395198822,79
3,MCF7,6.0,A199,5,1,90.0,3,2.2,0.1557222306728363,114,0.1557222306728363,114
3,MCF7,6.0,A199,5,1,90.0,3,2.25,0.16618549823760986,101,0.16589869558811188,102
3,MCF7,6.0,A199,5,1,90.0,3,2.3,0.15852835774421692,107,0.15852835774421692,107
3,MCF7,6.0,A199,5,1,90.0,3,2.35,0.17273668944835663,88,0.17273668944835663,88
3,MCF7,6.0,A199,5,1,90.0,3,2.4,0.1595187932252884,86,0.1595187932252884,86
3,MCF7,6.0,A199,5,1,90.0,3,2.45,0.15841753780841827,78,0.15841753780841827,78
3,MCF7,6.0,A199,5,1,90.0,3,2.5,0.16655975580215454,81,0.16655975580215454,81
3,MCF7,6.0,A199,5,1,90.0,3,2.55,0.1774810552597046,77,0.1774810552597046,77
3,MCF7,6.0,A199,5,1,90.0,3,2.6,0.18229030072689056,60,0.18229030072689056,60
3,MCF7,6.0,A199,5,1,90.0,3,2.65,0.1807454526424408,73,0.1807454526424408,73
3,MCF7,6.0,A199,5,1,90.0,3,2.7,0.17722457647323608,75,0.17722457647323608,75
3,MCF7,6.0,A199,5,1,90.0,3,2.75,0.17390497028827667,70,0.17390497028827667,70
3,MCF7,6.0,A199,5,1,90.0,3,2.8,0.17824967205524445,63,0.17824967205524445,63
3,MCF7,6.0,A199,5,1,90.0,3,2.85,0.19326679408550262,69,0.19326679408550262,69
3,MCF7,6.0,A199,5,1,90.0,3,2.9,0.1942046731710434,54,0.1942046731710434,54
3,MCF7,6.0,A199,5,1,90.0,3,2.95,0.19233226776123047,45,0.19233226776123047,45
3,MCF7,6.0,A199,5,1,90.0,3,3.0,0.19364811480045319,44,0.19364811480045319,44
3,MCF7,6.0,A199,5,1,90.0,3,3.05,0.17335733771324158,47,0.17335733771324158,47
3,MCF7,6.0,A199,5,1,90.0,3,3.1,0.19752831757068634,30,0.19752831757068634,30
3,MCF7,6.0,A199,5,1,90.0,3,3.15,0.18802747130393982,40,0.18802747130393982,40
3,MCF7,6.0,A199,5,1,90.0,3,3.2,0.19452804327011108,30,0.19452804327011108,30
3,MCF7,6.0,A199,5,1,90.0,3,3.25,0.16021808981895447,25,0.16021808981895447,25
3,MCF7,6.0,A199,5,1,90.0,3,3.3,0.16822421550750732,20,0.16822421550750732,20
3,MCF7,6.0,A199,5,1,90.0,3,3.35,0.20608480274677277,21,0.20608480274677277,21
3,MCF7,6.0,A199,5,1,90.0,3,3.4,0.19261176884174347,18,0.19261176884174347,18
3,MCF7,6.0,A199,5,1,90.0,3,3.45,0.1908583790063858,27,0.1908583790063858,27
3,MCF7,6.0,A199,5,1,90.0,3,3.5,0.22630256414413452,23,0.22630256414413452,23
3,MCF7,6.0,A199,5,1,90.0,3,3.55,0.21204540133476257,14,0.21204540133476257,14
3,MCF7,6.0,A199,5,1,90.0,3,3.6,0.163467139005661,17,0.163467139005661,17
3,MCF7,6.0,A199,5,1,90.0,3,3.65,0.21828261017799377,11,0.21828261017799377,11
3,MCF7,6.0,A199,5,1,90.0,3,3.7,0.1705450564622879,10,0.1705450564622879,10
3,MCF7,6.0,A199,5,1,90.0,3,3.75,0.2176322340965271,12,0.2176322340965271,12
3,MCF7,6.0,A199,5,1,90.0,3,3.8,0.1942729949951172,10,0.1942729949951172,10
3,MCF7,6.0,A199,5,1,90.0,3,3.85,0.20587553083896637,11,0.20587553083896637,11
3,MCF7,6.0,A199,5,1,90.0,3,3.9,0.1653226763010025,10,0.1653226763010025,10
3,MCF7,6.0,A199,5,1,90.0,3,3.95,0.16715370118618011,6,,6
3,MCF7,6.0,A199,5,1,90.0,3,4.05,0.18923421204090118,7,,7
3,MCF7,6.0,A199,5,1,90.0,3,4.1,0.18010641634464264,11,0.18010641634464264,11
3,MCF7,6.0,A199,5,1,90.0,3,4.15,0.2159341722726822,6,,6
3,MCF7,6.0,A199,5,1,90.0,3,4.2,0.1388847529888153,6,,6
3,MCF7,6.0,A199,5,1,90.0,3,4.25,0.1856973022222519,10,0.1856973022222519,10
3,MCF7,6.0,A199,5,1,90.0,3,4.5,0.15869581699371338,6,,6
4,MCF7,6.0,A199,5,1,90.0,4,0.0,,0,,6
4,MCF7,6.0,A199,5,1,90.0,4,0.05,0.040939271450042725,562,0.04087013751268387,814
4,MCF7,6.0,A199,5,1,90.0,4,0.1,0.046994663774967194,2503,0.04614226520061493,6531
4,MCF7,6.0,A199,5,1,90.0,4,0.15,0.05411915108561516,2056,0.05329445004463196,9161
4,MCF7,6.0,A199,5,1,90.0,4,0.2,0.055937834084033966,2049,0.05575484409928322,6578
4,MCF7,6.0,A199,5,1,90.0,4,0.25,0.0571783185005188,1316,0.055268894881010056,2681
4,MCF7,6.0,A199,5,1,90.0,4,0.3,0.059199653565883636,524,0.05095234513282776,993
4,MCF7,6.0,A199,5,1,90.0,4,0.35,0.05801843851804733,178,0.048332035541534424,377
4,MCF7,6.0,A199,5,1,90.0,4,0.4,0.06393095850944519,98,0.05061350390315056,200
4,MCF7,6.0,A199,5,1,90.0,4,0.45,0.06237748637795448,81,0.05446619540452957,183
4,MCF7,6.0,A199,5,1,90.0,4,0.5,0.06108197197318077,67,0.05864882841706276,119
4,MCF7,6.0,A199,5,1,90.0,4,0.55,0.06469931453466415,29,0.060915421694517136,53
4,MCF7,6.0,A199,5,1,90.0,4,0.6,0.05682935565710068,21,0.05707833170890808,24
4,MCF7,6.0,A199,5,1,90.0,4,0.65,0.06656753271818161,15,0.06656753271818161,15
4,MCF7,6.0,A199,5,1,90.0,4,0.7,0.060276370495557785,7,,7
5,MCF7,6.0,A199,5,1,90.0,5,0.23,,1,0.042406391352415085,11
5,MCF7,6.0,A199,5,1,90.0,5,0.28,0.05412505939602852,51,0.0538875050842762,243
5,MCF7,6.0,A199,5,1,90.0,5,0.33,0.049453254789114,235,0.0558178536593914,976
5,MCF7,6.0,A199,5,1,90.0,5,0.38,0.05386348441243172,384,0.06160568818449974,1569
5,MCF7,6.0,A199,5,1,90.0,5,0.43,0.062097351998090744,556,0.06926405429840088,2098
5,MCF7,6.0,A199,5,1,90.0,5,0.48,0.06894052028656006,933,0.07168801873922348,2408
5,MCF7,6.0,A199,5,1,90.0,5,0.53,0.07380371540784836,1466,0.07633915543556213,2623
5,MCF7,6.0,A199,5,1,90.0,5,0.58,0.0763496607542038,1211,0.07847192138433456,1935
5,MCF7,6.0,A199,5,1,90.0,5,0.63,0.07852968573570251,654,0.08182667940855026,1047
5,MCF7,6.0,A199,5,1,90.0,5,0.68,0.07735574245452881,416,0.0810883417725563,683
5,MCF7,6.0,A199,5,1,90.0,5,0.73,0.08008044213056564,258,0.0818619430065155,470
5,MCF7,6.0,A199,5,1,90.0,5,0.78,0.08087185770273209,234,0.08116280287504196,418
5,MCF7,6.0,A199,5,1,90.0,5,0.83,0.0822315439581871,173,0.08410285413265228,360
5,MCF7,6.0,A199,5,1,90.0,5,0.88,0.08702890574932098,129,0.08516194671392441,273
5,MCF7,6.0,A199,5,1,90.0,5,0.93,0.08769491314888,129,0.08536345511674881,337
5,MCF7,6.0,A199,5,1,90.0,5,0.98,0.08971384167671204,126,0.0842369794845581,326
5,MCF7,6.0,A199,5,1,90.0,5,1.03,0.09770180284976959,104,0.08708711713552475,301
5,MCF7,6.0,A199,5,1,90.0,5,1.08,0.09501690417528152,105,0.08563145250082016,294
5,MCF7,6.0,A199,5,1,90.0,5,1.13,0.08532539010047913,101,0.08539542555809021,290
5,MCF7,6.0,A199,5,1,90.0,5,1.18,0.09973423182964325,114,0.09105058014392853,281
5,MCF7,6.0,A199,5,1,90.0,5,1.23,0.1012757271528244,115,0.09588497877120972,235
5,MCF7,6.0,A199,5,1,90.0,5,1.28,0.09764769673347473,87,0.09663578867912292,188
5,MCF7,6.0,A199,5,1,90.0,5,1.33,0.10357054322957993,97,0.10296900570392609,172
5,MCF7,6.0,A199,5,1,90.0,5,1.38,0.10635054111480713,96,0.10559438914060593,163
5,MCF7,6.0,A199,5,1,90.0,5,1.43,0.111252062022686,99,0.11132730543613434,149
5,MCF7,6.0,A199,5,1,90.0,5,1.48,0.11469195783138275,104,0.11586130410432816,139
5,MCF7,6.0,A199,5,1,90.0,5,1.53,0.11137379705905914,112,0.11357542872428894,141
5,MCF7,6.0,A199,5,1,90.0,5,1.58,0.11164997518062592,103,0.11563941091299057,129
5,MCF7,6.0,A199,5,1,90.0,5,1.63,0.11258108913898468,114,0.11308407038450241,136
5,MCF7,6.0,A199,5,1,90.0,5,1.68,0.11965695768594742,99,0.12056849896907806,108
5,MCF7,6.0,A199,5,1,90.0,5,1.73,0.12043318897485733,89,0.12130806595087051,95
5,MCF7,6.0,A199,5,1,90.0,5,1.78,0.12131953984498978,96,0.12543997168540955,106
5,MCF7,6.0,A199,5,1,90.0,5,1.83,0.13172492384910583,73,0.1338047832250595,78
5,MCF7,6.0,A199,5,1,90.0,5,1.88,0.13094547390937805,80,0.1294514536857605,91
5,MCF7,6.0,A199,5,1,90.0,5,1.93,0.13679106533527374,54,0.13437776267528534,58
5,MCF7,6.0,A199,5,1,90.0,5,1.98,0.1426517516374588,55,0.14425118267536163,62
5,MCF7,6.0,A199,5,1,90.0,5,2.03,0.1535111665725708,46,0.15529774129390717,50
5,MCF7,6.0,A199,5,1,90.0,5,2.08,0.1454300433397293,40,0.14572523534297943,45
5,MCF7,6.0,A199,5,1,90.0,5,2.13,0.15693506598472595,43,0.15930618345737457,45
5,MCF7,6.0,A199,5,1,90.0,5,2.18,0.14147011935710907,31,0.14210724830627441,35
5,MCF7,6.0,A199,5,1,90.0,5,2.23,0.17061221599578857,32,0.1762537807226181,35
5,MCF7,6.0,A199,5,1,90.0,5,2.28,0.15124887228012085,25,0.15122869610786438,27
5,MCF7,6.0,A199,5,1,90.0,5,2.33,0.17116129398345947,25,0.1754225343465805,28
5,MCF7,6.0,A199,5,1,90.0,5,2.38,0.15223611891269684,14,0.15314897894859314,16
5,MCF7,6.0,A199,5,1,90.0,5,2.43,0.16149556636810303,28,0.16098609566688538,29
5,MCF7,6.0,A199,5,1,90.0,5,2.48,0.17916272580623627,22,0.17851001024246216,24
5,MCF7,6.0,A199,5,1,90.0,5,2.53,0.18768733739852905,24,0.19379204511642456,26
5,MCF7,6.0,A199,5,1,90.0,5,2.58,0.18819665908813477,25,0.20347270369529724,28
5,MCF7,6.0,A199,5,1,90.0,5,2.63,0.1698078215122223,19,0.1694687306880951,20
5,MCF7,6.0,A199,5,1,90.0,5,2.68,0.1721612811088562,22,0.17115026712417603,25
5,MCF7,6.0,A199,5,1,90.0,5,2.73,0.2118566334247589,18,0.20776160061359406,20
5,MCF7,6.0,A199,5,1,90.0,5,2.78,0.18514613807201385,20,0.19045066833496094,22
5,MCF7,6.0,A199,5,1,90.0,5,2.83,0.19637750089168549,14,0.19419151544570923,15
5,MCF7,6.0,A199,5,1,90.0,5,2.88,0.18856815993785858,12,0.19314166903495789,13
5,MCF7,6.0,A199,5,1,90.0,5,2.93,0.1898718923330307,7,,7
5,MCF7,6.0,A199,5,1,90.0,5,2.98,0.19666190445423126,12,0.19475984573364258,13
5,MCF7,6.0,A199,5,1,90.0,5,3.03,0.20972013473510742,8,0.20008905231952667,10
5,MCF7,6.0,A199,5,1,90.0,5,3.08,0.1957450807094574,10,0.1957450807094574,10
5,MCF7,6.0,A199,5,1,90.0,5,3.13,0.19681204855442047,7,,8
5,MCF7,6.0,A199,5,1,90.0,5,3.18,0.21179300546646118,13,0.22237396240234375,14
5,MCF7,6.0,A199,5,1,90.0,5,3.28,0.22989480197429657,9,0.23163923621177673,10
5,MCF7,6.0,A199,5,1,90.0,5,3.48,0.21893435716629028,6,,7
5,MCF7,6.0,A199,5,1,90.0,5,3.53,0.22035759687423706,8,,8
5,MCF7,6.0,A199,5,1,90.0,5,3.58,0.17037075757980347,9,,9
5,MCF7,6.0,A199,5,1,90.0,5,3.73,0.19205522537231445,8,,8
5,MCF7,6.0,A199,5,1,90.0,5,3.78,0.27119430899620056,6,,6
5,MCF7,6.0,A199,5,1,90.0,5,4.08,0.2711268365383148,6,,6
5,MCF7,6.0,A199,5,1,90.0,5,4.13,0.21178129315376282,7,,7
5,MCF7,6.0,A199,5,1,90.0,5,4.28,0.25886300206184387,6,,6
5,MCF7,6.0,A199,5,1,90.0,5,4.48,0.2693362534046173,6,,6
5,MCF7,6.0,A199,5,1,90.0,5,4.63,0.20959682762622833,6,,6
5,MCF7,6.0,A199,5,1,90.0,5,4.73,0.34542039036750793,12,0.34542039036750793,12
5,MCF7,6.0,A199,5,1,90.0,5,4.78,0.2907654345035553,7,,7
5,MCF7,6.0,A199,5,1,90.0,5,4.93,0.3298507332801819,6,,6
5,MCF7,6.0,A199,5,1,90.0,5,4.98,0.28793105483055115,7,,7
5,MCF7,6.0,A199,5,1,90.0,5,5.03,0.2854129672050476,7,,7
5,MCF7,6.0,A199,5,1,90.0,5,5.08,0.30025598406791687,6,,6
5,MCF7,6.0,A199,5,1,90.0,5,5.13,0.2678653597831726,7,,7
5,MCF7,6.0,A199,5,1,90.0,5,5.23,0.30700403451919556,7,,7
5,MCF7,6.0,A199,5,1,90.0,5,5.28,0.40813881158828735,7,,7
5,MCF7,6.0,A199,5,1,90.0,5,5.48,0.3637884557247162,6,,6
5,MCF7,6.0,A199,5,1,90.0,5,5.63,0.24416707456111908,8,,8
5,MCF7,6.0,A199,5,1,90.0,5,5.68,0.24324649572372437,6,,6
5,MCF7,6.0,A199,5,1,90.0,5,5.98,0.2852828800678253,7,,8
5,MCF7,6.0,A199,5,1,90.0,5,6.03,0.31628942489624023,6,,6
5,MCF7,6.0,A199,5,1,90.0,5,6.08,0.29994672536849976,7,,7
5,MCF7,6.0,A199,5,1,90.0,5,6.13,0.2641364336013794,9,,9
5,MCF7,6.0,A199,5,1,90.0,5,6.18,0.3785412311553955,6,,6
5,MCF7,6.0,A199,5,1,90.0,5,6.28,0.3041321635246277,7,,7
5,MCF7,6.0,A199,5,1,90.0,5,6.38,0.33529382944107056,8,,8
5,MCF7,6.0,A199,5,1,90.0,5,6.53,0.2278645783662796,6,,6
5,MCF7,6.0,A199,5,1,90.0,5,6.58,0.259134978055954,6,,6
5,MCF7,6.0,A199,5,1,90.0,5,6.88,0.3212011158466339,6,,6
5,MCF7,6.0,A199,5,1,90.0,5,7.08,0.3004694879055023,6,,6
5,MCF7,6.0,A199,5,1,90.0,5,7.38,0.2455531805753708,7,,7
1,MCF7,6.0,A199,6,1,90.0,1,0.0,,0,,8
1,MCF7,6.0,A199,6,1,90.0,1,0.05,0.05847100540995598,164,0.06338493525981903,558
1,MCF7,6.0,A199,6,1,90.0,1,0.1,0.0672893226146698,2756,0.07040011882781982,5784
1,MCF7,6.0,A199,6,1,90.0,1,0.15,0.07390842586755753,1546,0.07889287918806076,2781
1,MCF7,6.0,A199,6,1,90.0,1,0.2,0.0777902752161026,377,0.08126937597990036,507
1,MCF7,6.0,A199,6,1,90.0,1,0.25,0.08374898880720139,71,0.086727574467659,91
1,MCF7,6.0,A199,6,1,90.0,1,0.3,0.07505913078784943,19,0.0825139507651329,23
1,MCF7,6.0,A199,6,1,90.0,1,0.35,0.06952199339866638,6,,6
2,MCF7,6.0,A199,6,1,90.0,2,0.07,,1,0.06609337031841278,123
2,MCF7,6.0,A199,6,1,90.0,2,0.12,0.059244100004434586,346,0.06680850684642792,2527
2,MCF7,6.0,A199,6,1,90.0,2,0.17,0.06942117214202881,433,0.06665809452533722,2321
2,MCF7,6.0,A199,6,1,90.0,2,0.22,0.07386691123247147,313,0.07198628783226013,1426
2,MCF7,6.0,A199,6,1,90.0,2,0.27,0.07408780604600906,355,0.08496206998825073,1480
2,MCF7,6.0,A199,6,1,90.0,2,0.32,0.07774557918310165,407,0.10019976645708084,1085
2,MCF7,6.0,A199,6,1,90.0,2,0.37,0.08668680489063263,678,0.10274484753608704,1063
2,MCF7,6.0,A199,6,1,90.0,2,0.42,0.09787275642156601,752,0.10634493082761765,918
2,MCF7,6.0,A199,6,1,90.0,2,0.47,0.10818792134523392,655,0.1135653406381607,720
2,MCF7,6.0,A199,6,1,90.0,2,0.52,0.11352989077568054,542,0.11672762781381607,575
2,MCF7,6.0,A199,6,1,90.0,2,0.57,0.11750853806734085,392,0.12094941735267639,414
2,MCF7,6.0,A199,6,1,90.0,2,0.62,0.12072701752185822,146,0.1246088519692421,166
2,MCF7,6.0,A199,6,1,90.0,2,0.67,0.1247461810708046,60,0.12721483409404755,68
2,MCF7,6.0,A199,6,1,90.0,2,0.72,0.1281902939081192,20,0.13211219012737274,22
3,MCF7,6.0,A199,6,1,90.0,3,0.0,,0,0.0,40
3,MCF7,6.0,A199,6,1,90.0,3,0.05,0.048714179545640945,131,0.06186356768012047,1637
3,MCF7,6.0,A199,6,1,90.0,3,0.1,0.06605387479066849,563,0.06900376826524734,4586
3,MCF7,6.0,A199,6,1,90.0,3,0.15,0.07171346247196198,900,0.07048811763525009,1978
3,MCF7,6.0,A199,6,1,90.0,3,0.2,0.0735856220126152,812,0.05920154228806496,1359
3,MCF7,6.0,A199,6,1,90.0,3,0.25,0.06424372643232346,1109,0.05313226208090782,1667
3,MCF7,6.0,A199,6,1,90.0,3,0.3,0.07284850627183914,1270,0.0638190433382988,1697
3,MCF7,6.0,A199,6,1,90.0,3,0.35,0.07822034507989883,1046,0.07560181617736816,1135
3,MCF7,6.0,A199,6,1,90.0,3,0.4,0.07756797969341278,449,0.07728961110115051,457
3,MCF7,6.0,A199,6,1,90.0,3,0.45,0.08559989184141159,187,0.08559989184141159,187
3,MCF7,6.0,A199,6,1,90.0,3,0.5,0.08461691439151764,38,0.08461691439151764,38
4,MCF7,6.0,A199,6,1,90.0,4,0.0,,0,,8
4,MCF7,6.0,A199,6,1,90.0,4,0.45,0.05244319513440132,5,0.05871162563562393,16
4,MCF7,6.0,A199,6,1,90.0,4,0.5,0.06429161131381989,97,0.06327991932630539,162
4,MCF7,6.0,A199,6,1,90.0,4,0.55,0.06869315356016159,391,0.06875689327716827,570
4,MCF7,6.0,A199,6,1,90.0,4,0.6,0.07472958415746689,849,0.07528416067361832,1378
4,MCF7,6.0,A199,6,1,90.0,4,0.65,0.07938500493764877,1176,0.08026401698589325,1948
4,MCF7,6.0,A199,6,1,90.0,4,0.7,0.08542681485414505,1042,0.0852058008313179,2041
4,MCF7,6.0,A199,6,1,90.0,4,0.75,0.09240700304508209,898,0.09211860597133636,2087
4,MCF7,6.0,A199,6,1,90.0,4,0.8,0.0972057580947876,861,0.09686677902936935,1926
4,MCF7,6.0,A199,6,1,90.0,4,0.85,0.10249682515859604,763,0.1038004532456398,1795
4,MCF7,6.0,A199,6,1,90.0,4,0.9,0.10655117779970169,645,0.1104525551199913,1691
4,MCF7,6.0,A199,6,1,90.0,4,0.95,0.11069198697805405,532,0.11439801007509232,1548
4,MCF7,6.0,A199,6,1,90.0,4,1.0,0.11432619392871857,327,0.11921510845422745,1323
4,MCF7,6.0,A199,6,1,90.0,4,1.05,0.12181767076253891,214,0.12641720473766327,1185
4,MCF7,6.0,A199,6,1,90.0,4,1.1,0.11840609461069107,132,0.13047949969768524,1082
4,MCF7,6.0,A199,6,1,90.0,4,1.15,0.12114721536636353,95,0.13446030020713806,1012
4,MCF7,6.0,A199,6,1,90.0,4,1.2,0.12523780763149261,48,0.13797156512737274,816
4,MCF7,6.0,A199,6,1,90.0,4,1.25,0.12272454798221588,18,0.14332522451877594,661
4,MCF7,6.0,A199,6,1,90.0,4,1.3,0.11552579700946808,8,0.15010692179203033,533
4,MCF7,6.0,A199,6,1,90.0,4,1.35,,3,0.15440796315670013,411
4,MCF7,6.0,A199,6,1,90.0,4,1.4,,0,0.16312888264656067,262
4,MCF7,6.0,A199,6,1,90.0,4,1.45,,0,0.16605058312416077,199
4,MCF7,6.0,A199,6,1,90.0,4,1.5,,0,0.16507767140865326,140
4,MCF7,6.0,A199,6,1,90.0,4,1.55,,0,0.18081960082054138,69
4,MCF7,6.0,A199,6,1,90.0,4,1.6,,0,0.17574520409107208,60
4,MCF7,6.0,A199,6,1,90.0,4,1.65,,0,0.18619555234909058,42
4,MCF7,6.0,A199,6,1,90.0,4,1.7,,0,0.18945936858654022,31
4,MCF7,6.0,A199,6,1,90.0,4,1.75,,0,0.20244602859020233,18
4,MCF7,6.0,A199,6,1,90.0,4,1.8,,0,,7
4,MCF7,6.0,A199,6,1,90.0,4,1.9,,0,,8
5,MCF7,6.0,A199,6,1,90.0,5,0.0,,0,0.0,8444
5,MCF7,6.0,A199,6,1,90.0,5,0.1,0.040450144559144974,23,0.047192491590976715,31
5,MCF7,6.0,A199,6,1,90.0,5,0.15,0.04008135944604874,762,0.043992213904857635,938
5,MCF7,6.0,A199,6,1,90.0,5,0.2,0.04519077017903328,2630,0.04849058762192726,3426
5,MCF7,6.0,A199,6,1,90.0,5,0.25,0.049977146089076996,2396,0.05523132160305977,3773
5,MCF7,6.0,A199,6,1,90.0,5,0.3,0.05673367530107498,1285,0.06358113139867783,2853
5,MCF7,6.0,A199,6,1,90.0,5,0.35,0.057699065655469894,507,0.06955257058143616,1773
5,MCF7,6.0,A199,6,1,90.0,5,0.4,0.05937378108501434,143,0.08088313788175583,1046
5,MCF7,6.0,A199,6,1,90.0,5,0.45,0.07158851623535156,72,0.09045573323965073,656
5,MCF7,6.0,A199,6,1,90.0,5,0.5,0.07330365478992462,23,0.10065813362598419,387
5,MCF7,6.0,A199,6,1,90.0,5,0.55,0.07534641772508621,18,0.11519746482372284,268
5,MCF7,6.0,A199,6,1,90.0,5,0.6,0.08187796175479889,9,0.11926646530628204,169
5,MCF7,6.0,A199,6,1,90.0,5,0.65,0.07228046655654907,8,0.11992283910512924,96
5,MCF7,6.0,A199,6,1,90.0,5,0.7,,2,0.13478265702724457,56
5,MCF7,6.0,A199,6,1,90.0,5,0.75,,1,0.14170081913471222,25
5,MCF7,6.0,A199,6,1,90.0,5,0.8,,0,0.14690278470516205,13
5,MCF7,6.0,A199,6,1,90.0,5,0.85,,0,0.11765293776988983,10
6,MCF7,6.0,A199,6,1,90.0,6,0.0,,0,0.0,875
6,MCF7,6.0,A199,6,1,90.0,6,0.1,,0,,7
6,MCF7,6.0,A199,6,1,90.0,6,0.15,,2,0.056983958929777145,100
6,MCF7,6.0,A199,6,1,90.0,6,0.2,0.04934842139482498,92,0.05853838101029396,630
6,MCF7,6.0,A199,6,1,90.0,6,0.25,0.06135225668549538,890,0.06584690511226654,2315
6,MCF7,6.0,A199,6,1,90.0,6,0.3,0.06852307915687561,2221,0.07383094727993011,4227
6,MCF7,6.0,A199,6,1,90.0,6,0.35,0.07593555003404617,2275,0.08266311138868332,3992
6,MCF7,6.0,A199,6,1,90.0,6,0.4,0.07958075404167175,1655,0.08622149378061295,2837
6,MCF7,6.0,A199,6,1,90.0,6,0.45,0.08218293637037277,907,0.08879697322845459,1621
6,MCF7,6.0,A199,6,1,90.0,6,0.5,0.0822274461388588,391,0.09371762722730637,839
6,MCF7,6.0,A199,6,1,90.0,6,0.55,0.08125519752502441,182,0.09581183642148972,477
6,MCF7,6.0,A199,6,1,90.0,6,0.6,0.08086247742176056,90,0.09402884542942047,315
6,MCF7,6.0,A199,6,1,90.0,6,0.65,0.08559610694646835,57,0.10197020322084427,196
6,MCF7,6.0,A199,6,1,90.0,6,0.7,0.07377166301012039,30,0.10019288212060928,148
6,MCF7,6.0,A199,6,1,90.0,6,0.75,0.08641459792852402,24,0.1006866917014122,80
6,MCF7,6.0,A199,6,1,90.0,6,0.8,0.07536982744932175,12,0.12471015751361847,64
6,MCF7,6.0,A199,6,1,90.0,6,0.85,0.10475484281778336,9,0.12595589458942413,45
6,MCF7,6.0,A199,6,1,90.0,6,0.9,0.06391826272010803,11,0.10382131487131119,25
6,MCF7,6.0,A199,6,1,90.0,6,0.95,0.07427705079317093,7,0.14119359850883484,20
6,MCF7,6.0,A199,6,1,90.0,6,1.0,0.07429002225399017,6,0.10480905324220657,11
6,MCF7,6.0,A199,6,1,90.0,6,1.05,0.07891812175512314,5,0.09347778558731079,17
6,MCF7,6.0,A199,6,1,90.0,6,1.1,,2,,7
1,MCF7,6.0,A199,7,1,90.0,1,0.52,0.06083358824253082,48,0.058262500911951065,79
1,MCF7,6.0,A199,7,1,90.0,1,0.57,0.0640401616692543,258,0.06063735485076904,397
1,MCF7,6.0,A199,7,1,90.0,1,0.62,0.06789824366569519,390,0.06332996487617493,798
1,MCF7,6.0,A199,7,1,90.0,1,0.67,0.07162386178970337,461,0.06746767461299896,1127
1,MCF7,6.0,A199,7,1,90.0,1,0.72,0.07332683354616165,573,0.07035914063453674,1390
1,MCF7,6.0,A199,7,1,90.0,1,0.77,0.075346440076828,675,0.07576069235801697,1518
1,MCF7,6.0,A199,7,1,90.0,1,0.82,0.07628656923770905,626,0.07849971950054169,1454
1,MCF7,6.0,A199,7,1,90.0,1,0.87,0.07870081812143326,524,0.08275052905082703,1391
1,MCF7,6.0,A199,7,1,90.0,1,0.92,0.08023581653833389,412,0.08441390842199326,1196
1,MCF7,6.0,A199,7,1,90.0,1,0.97,0.08592677861452103,281,0.08774435520172119,971
1,MCF7,6.0,A199,7,1,90.0,1,1.02,0.09388697147369385,275,0.09316359460353851,829
1,MCF7,6.0,A199,7,1,90.0,1,1.07,0.09644018113613129,247,0.09564169496297836,702
1,MCF7,6.0,A199,7,1,90.0,1,1.12,0.09819146245718002,201,0.10096684098243713,563
1,MCF7,6.0,A199,7,1,90.0,1,1.17,0.10129843652248383,177,0.10644982010126114,455
1,MCF7,6.0,A199,7,1,90.0,1,1.22,0.10012921690940857,164,0.11280152201652527,463
1,MCF7,6.0,A199,7,1,90.0,1,1.27,0.10356412827968597,114,0.12134656310081482,365
1,MCF7,6.0,A199,7,1,90.0,1,1.32,0.11036767810583115,109,0.1257612109184265,358
1,MCF7,6.0,A199,7,1,90.0,1,1.37,0.10897304117679596,111,0.1288623958826065,358
1,MCF7,6.0,A199,7,1,90.0,1,1.42,0.11372490972280502,89,0.1303933560848236,306
1,MCF7,6.0,A199,7,1,90.0,1,1.47,0.11401313543319702,100,0.13493654131889343,291
1,MCF7,6.0,A199,7,1,90.0,1,1.52,0.12166458368301392,94,0.14025041460990906,278
1,MCF7,6.0,A199,7,1,90.0,1,1.57,0.12832091748714447,79,0.1415475755929947,201
1,MCF7,6.0,A199,7,1,90.0,1,1.62,0.1246093139052391,77,0.14167562127113342,167
1,MCF7,6.0,A199,7,1,90.0,1,1.67,0.13280914723873138,63,0.14514680206775665,129
1,MCF7,6.0,A199,7,1,90.0,1,1.72,0.13210128247737885,60,0.1480785310268402,126
1,MCF7,6.0,A199,7,1,90.0,1,1.77,0.1335621178150177,41,0.148292675614357,74
1,MCF7,6.0,A199,7,1,90.0,1,1.82,0.1288410872220993,33,0.14987756311893463,60
1,MCF7,6.0,A199,7,1,90.0,1,1.87,0.15381407737731934,30,0.1582130640745163,41
1,MCF7,6.0,A199,7,1,90.0,1,1.92,0.1235189214348793,37,0.1333513855934143,44
1,MCF7,6.0,A199,7,1,90.0,1,1.97,0.12479755282402039,37,0.13263648748397827,41
1,MCF7,6.0,A199,7,1,90.0,1,2.02,0.1274268478155136,28,0.13871580362319946,32
1,MCF7,6.0,A199,7,1,90.0,1,2.07,0.13553640246391296,28,0.14013536274433136,31
1,MCF7,6.0,A199,7,1,90.0,1,2.12,0.1275232881307602,24,0.13608704507350922,26
1,MCF7,6.0,A199,7,1,90.0,1,2.17,0.14524371922016144,25,0.14860887825489044,26
1,MCF7,6.0,A199,7,1,90.0,1,2.22,0.14813238382339478,18,0.14813238382339478,18
1,MCF7,6.0,A199,7,1,90.0,1,2.27,0.12264267355203629,21,0.12264267355203629,21
1,MCF7,6.0,A199,7,1,90.0,1,2.32,0.11685732752084732,20,0.12328578531742096,21
1,MCF7,6.0,A199,7,1,90.0,1,2.37,0.16025783121585846,21,0.16025783121585846,21
1,MCF7,6.0,A199,7,1,90.0,1,2.42,0.16152851283550262,15,0.16152851283550262,15
1,MCF7,6.0,A199,7,1,90.0,1,2.47,0.15016886591911316,9,,9
1,MCF7,6.0,A199,7,1,90.0,1,2.52,0.13847528398036957,7,,7
1,MCF7,6.0,A199,7,1,90.0,1,2.57,0.17615756392478943,15,0.17615756392478943,15
1,MCF7,6.0,A199,7,1,90.0,1,2.62,0.1549169421195984,13,0.1549169421195984,13
1,MCF7,6.0,A199,7,1,90.0,1,2.67,0.18129515647888184,6,,6
1,MCF7,6.0,A199,7,1,90.0,1,2.72,0.1361771672964096,12,0.1361771672964096,12
1,MCF7,6.0,A199,7,1,90.0,1,2.77,0.17889057099819183,7,,7
1,MCF7,6.0,A199,7,1,90.0,1,2.82,0.10637092590332031,7,,7
1,MCF7,6.0,A199,7,1,90.0,1,2.87,0.13473153114318848,12,0.13473153114318848,12
1,MCF7,6.0,A199,7,1,90.0,1,3.02,0.16367889940738678,11,0.16367889940738678,11
1,MCF7,6.0,A199,7,1,90.0,1,3.07,0.16341522336006165,7,,7
1,MCF7,6.0,A199,7,1,90.0,1,3.17,0.17146727442741394,7,,7
1,MCF7,6.0,A199,7,1,90.0,1,3.27,0.21076621115207672,8,,8
1,MCF7,6.0,A199,7,1,90.0,1,3.37,0.12525905668735504,6,,6
1,MCF7,6.0,A199,7,1,90.0,1,3.47,0.20021052658557892,7,,7
1,MCF7,6.0,A199,7,1,90.0,1,3.52,0.17875945568084717,9,,9
1,MCF7,6.0,A199,7,1,90.0,1,3.62,0.14877144992351532,9,,9
1,MCF7,6.0,A199,7,1,90.0,1,3.72,0.1585037261247635,6,,6
1,MCF7,6.0,A199,7,1,90.0,1,3.92,0.185838982462883,6,,6
1,MCF7,6.0,A199,7,1,90.0,1,4.12,0.18997181951999664,8,,8
1,MCF7,6.0,A199,7,1,90.0,1,4.17,0.18260344862937927,7,,7
1,MCF7,6.0,A199,7,1,90.0,1,4.47,0.15167710185050964,7,,7
1,MCF7,6.0,A199,7,1,90.0,1,4.67,0.1507110595703125,8,,8
1,MCF7,6.0,A199,7,1,90.0,1,4.77,0.15761420130729675,8,,8
2,MCF7,6.0,A199,7,1,90.0,2,0.5,,0,0.04768279567360878,11
2,MCF7,6.0,A199,7,1,90.0,2,0.55,0.03442656248807907,5,0.03683442622423172,32
2,MCF7,6.0,A199,7,1,90.0,2,0.6,0.045460984110832214,11,0.05756093189120293,93
2,MCF7,6.0,A199,7,1,90.0,2,0.65,0.05069732666015625,34,0.0587521493434906,238
2,MCF7,6.0,A199,7,1,90.0,2,0.7,0.058489419519901276,75,0.061074379831552505,408
2,MCF7,6.0,A199,7,1,90.0,2,0.75,0.07310432195663452,136,0.06876853853464127,489
2,MCF7,6.0,A199,7,1,90.0,2,0.8,0.07478481531143188,188,0.07337216287851334,530
2,MCF7,6.0,A199,7,1,90.0,2,0.85,0.07977475970983505,261,0.077460877597332,514
2,MCF7,6.0,A199,7,1,90.0,2,0.9,0.08125945925712585,310,0.07840613275766373,543
2,MCF7,6.0,A199,7,1,90.0,2,0.95,0.08148075640201569,376,0.08254871517419815,637
2,MCF7,6.0,A199,7,1,90.0,2,1.0,0.08488593250513077,445,0.0864698737859726,674
2,MCF7,6.0,A199,7,1,90.0,2,1.05,0.08771704137325287,407,0.08870165050029755,635
2,MCF7,6.0,A199,7,1,90.0,2,1.1,0.08683479577302933,327,0.0890759751200676,541
2,MCF7,6.0,A199,7,1,90.0,2,1.15,0.08627429604530334,228,0.09197460860013962,377
2,MCF7,6.0,A199,7,1,90.0,2,1.2,0.08813174813985825,192,0.09269648045301437,287
2,MCF7,6.0,A199,7,1,90.0,2,1.25,0.09130480140447617,174,0.09691544622182846,248
2,MCF7,6.0,A199,7,1,90.0,2,1.3,0.09327414631843567,144,0.09429850429296494,220
2,MCF7,6.0,A199,7,1,90.0,2,1.35,0.09488223493099213,95,0.09915614128112793,160
2,MCF7,6.0,A199,7,1,90.0,2,1.4,0.09442233294248581,76,0.09661014378070831,154
2,MCF7,6.0,A199,7,1,90.0,2,1.45,0.09801451116800308,65,0.1036413237452507,131
2,MCF7,6.0,A199,7,1,90.0,2,1.5,0.10107913613319397,63,0.10629414021968842,120
2,MCF7,6.0,A199,7,1,90.0,2,1.55,0.1058250144124031,50,0.11421079933643341,120
2,MCF7,6.0,A199,7,1,90.0,2,1.6,0.09580203890800476,51,0.11312979459762573,111
2,MCF7,6.0,A199,7,1,90.0,2,1.65,0.10328447073698044,46,0.11723765730857849,132
2,MCF7,6.0,A199,7,1,90.0,2,1.7,0.10895457863807678,49,0.11970770359039307,138
2,MCF7,6.0,A199,7,1,90.0,2,1.75,0.10691779106855392,43,0.12214561551809311,154
2,MCF7,6.0,A199,7,1,90.0,2,1.8,0.11751982569694519,57,0.13182292878627777,168
2,MCF7,6.0,A199,7,1,90.0,2,1.85,0.1167597845196724,56,0.13220372796058655,195
2,MCF7,6.0,A199,7,1,90.0,2,1.9,0.126127228140831,48,0.13426244258880615,181
2,MCF7,6.0,A199,7,1,90.0,2,1.95,0.12076932936906815,54,0.14027124643325806,210
2,MCF7,6.0,A199,7,1,90.0,2,2.0,0.11943738162517548,49,0.14190781116485596,213
2,MCF7,6.0,A199,7,1,90.0,2,2.05,0.12456630170345306,43,0.14981190860271454,211
2,MCF7,6.0,A199,7,1,90.0,2,2.1,0.12923315167427063,61,0.13896895945072174,203
2,MCF7,6.0,A199,7,1,90.0,2,2.15,0.1215747594833374,45,0.1437305510044098,184
2,MCF7,6.0,A199,7,1,90.0,2,2.2,0.1331966370344162,50,0.1562632918357849,204
2,MCF7,6.0,A199,7,1,90.0,2,2.25,0.1366634964942932,69,0.1497812569141388,210
2,MCF7,6.0,A199,7,1,90.0,2,2.3,0.13788042962551117,78,0.15119147300720215,179
2,MCF7,6.0,A199,7,1,90.0,2,2.35,0.14323937892913818,73,0.15523424744606018,193
2,MCF7,6.0,A199,7,1,90.0,2,2.4,0.14417046308517456,75,0.16294091939926147,179
2,MCF7,6.0,A199,7,1,90.0,2,2.45,0.14963990449905396,63,0.1667894721031189,160
2,MCF7,6.0,A199,7,1,90.0,2,2.5,0.14709487557411194,75,0.15787814557552338,139
2,MCF7,6.0,A199,7,1,90.0,2,2.55,0.14724458754062653,55,0.16317857801914215,122
2,MCF7,6.0,A199,7,1,90.0,2,2.6,0.1473672240972519,52,0.17184551060199738,121
2,MCF7,6.0,A199,7,1,90.0,2,2.65,0.14921483397483826,67,0.16699913144111633,119
2,MCF7,6.0,A199,7,1,90.0,2,2.7,0.15636329352855682,41,0.17676781117916107,91
2,MCF7,6.0,A199,7,1,90.0,2,2.75,0.1430477499961853,44,0.16622984409332275,79
2,MCF7,6.0,A199,7,1,90.0,2,2.8,0.16036467254161835,49,0.17232254147529602,80
2,MCF7,6.0,A199,7,1,90.0,2,2.85,0.1532755196094513,50,0.16696462035179138,75
2,MCF7,6.0,A199,7,1,90.0,2,2.9,0.15937678515911102,45,0.1696809083223343,63
2,MCF7,6.0,A199,7,1,90.0,2,2.95,0.1520322561264038,47,0.16534045338630676,61
2,MCF7,6.0,A199,7,1,90.0,2,3.0,0.16559751331806183,35,0.1745513528585434,44
2,MCF7,6.0,A199,7,1,90.0,2,3.05,0.1371883749961853,35,0.1475735753774643,42
2,MCF7,6.0,A199,7,1,90.0,2,3.1,0.17737823724746704,32,0.180107980966568,35
2,MCF7,6.0,A199,7,1,90.0,2,3.15,0.16884909570217133,19,0.17169426381587982,22
2,MCF7,6.0,A199,7,1,90.0,2,3.2,0.17356495559215546,28,0.17840640246868134,31
2,MCF7,6.0,A199,7,1,90.0,2,3.25,0.15949861705303192,28,0.1624041050672531,30
2,MCF7,6.0,A199,7,1,90.0,2,3.3,0.1737051159143448,32,0.1822723001241684,35
2,MCF7,6.0,A199,7,1,90.0,2,3.35,0.16750454902648926,28,0.16750454902648926,28
2,MCF7,6.0,A199,7,1,90.0,2,3.4,0.17728671431541443,33,0.17728671431541443,33
2,MCF7,6.0,A199,7,1,90.0,2,3.45,0.15849602222442627,23,0.15849602222442627,23
2,MCF7,6.0,A199,7,1,90.0,2,3.5,0.16716010868549347,25,0.16716010868549347,25
2,MCF7,6.0,A199,7,1,90.0,2,3.55,0.18257766962051392,26,0.18257766962051392,26
2,MCF7,6.0,A199,7,1,90.0,2,3.6,0.17773288488388062,29,0.17773288488388062,29
2,MCF7,6.0,A199,7,1,90.0,2,3.65,0.1854843646287918,24,0.18811199069023132,26
2,MCF7,6.0,A199,7,1,90.0,2,3.7,0.16280224919319153,37,0.16296325623989105,38
2,MCF7,6.0,A199,7,1,90.0,2,3.75,0.1836942434310913,24,0.1836942434310913,24
2,MCF7,6.0,A199,7,1,90.0,2,3.8,0.18845710158348083,23,0.18845710158348083,23
2,MCF7,6.0,A199,7,1,90.0,2,3.85,0.19635294377803802,23,0.19635294377803802,23
2,MCF7,6.0,A199,7,1,90.0,2,3.9,0.18359778821468353,32,0.18359778821468353,32
2,MCF7,6.0,A199,7,1,90.0,2,3.95,0.18769550323486328,29,0.18769550323486328,29
2,MCF7,6.0,A199,7,1,90.0,2,4.0,0.20642653107643127,29,0.20642653107643127,29
2,MCF7,6.0,A199,7,1,90.0,2,4.05,0.20227313041687012,20,0.20227313041687012,20
2,MCF7,6.0,A199,7,1,90.0,2,4.1,0.18597157299518585,23,0.18597157299518585,23
2,MCF7,6.0,A199,7,1,90.0,2,4.15,0.20065662264823914,25,0.20065662264823914,25
2,MCF7,6.0,A199,7,1,90.0,2,4.2,0.22588415443897247,23,0.22588415443897247,23
2,MCF7,6.0,A199,7,1,90.0,2,4.25,0.20250797271728516,36,0.20250797271728516,36
2,MCF7,6.0,A199,7,1,90.0,2,4.3,0.20213766396045685,19,0.20213766396045685,19
2,MCF7,6.0,A199,7,1,90.0,2,4.35,0.18626731634140015,22,0.18626731634140015,22
2,MCF7,6.0,A199,7,1,90.0,2,4.4,0.21958708763122559,14,0.21958708763122559,14
2,MCF7,6.0,A199,7,1,90.0,2,4.45,0.18626457452774048,16,0.18626457452774048,16
2,MCF7,6.0,A199,7,1,90.0,2,4.5,0.21425972878932953,18,0.21425972878932953,18
2,MCF7,6.0,A199,7,1,90.0,2,4.55,0.1939123570919037,16,0.1939123570919037,16
2,MCF7,6.0,A199,7,1,90.0,2,4.6,0.206403449177742,15,0.206403449177742,15
2,MCF7,6.0,A199,7,1,90.0,2,4.65,0.24331888556480408,19,0.24331888556480408,19
2,MCF7,6.0,A199,7,1,90.0,2,4.7,0.22318615019321442,14,0.22318615019321442,14
2,MCF7,6.0,A199,7,1,90.0,2,4.75,0.2089414894580841,16,0.2089414894580841,16
2,MCF7,6.0,A199,7,1,90.0,2,4.8,0.19731566309928894,14,0.19731566309928894,14
2,MCF7,6.0,A199,7,1,90.0,2,4.85,0.20563744008541107,11,0.20563744008541107,11
2,MCF7,6.0,A199,7,1,90.0,2,4.9,0.22542284429073334,15,0.22542284429073334,15
2,MCF7,6.0,A199,7,1,90.0,2,4.95,0.19965232908725739,9,,9
2,MCF7,6.0,A199,7,1,90.0,2,5.0,0.22098000347614288,17,0.22098000347614288,17
2,MCF7,6.0,A199,7,1,90.0,2,5.05,0.20702676475048065,9,,9
2,MCF7,6.0,A199,7,1,90.0,2,5.1,0.24972207844257355,10,0.24972207844257355,10
2,MCF7,6.0,A199,7,1,90.0,2,5.15,0.23151955008506775,14,0.23151955008506775,14
2,MCF7,6.0,A199,7,1,90.0,2,5.2,0.21861082315444946,9,,9
2,MCF7,6.0,A199,7,1,90.0,2,5.25,0.2102130651473999,16,0.2102130651473999,16
2,MCF7,6.0,A199,7,1,90.0,2,5.3,0.22576265037059784,11,0.22576265037059784,11
2,MCF7,6.0,A199,7,1,90.0,2,5.35,0.20305423438549042,10,0.20305423438549042,10
2,MCF7,6.0,A199,7,1,90.0,2,5.4,0.2216259241104126,10,0.2216259241104126,10
2,MCF7,6.0,A199,7,1,90.0,2,5.45,0.2500115633010864,10,0.2500115633010864,10
2,MCF7,6.0,A199,7,1,90.0,2,5.55,0.24587032198905945,8,,8
2,MCF7,6.0,A199,7,1,90.0,2,5.6,0.20945307612419128,13,0.20945307612419128,13
2,MCF7,6.0,A199,7,1,90.0,2,5.65,0.19516213238239288,10,0.19516213238239288,10
2,MCF7,6.0,A199,7,1,90.0,2,5.7,0.1943248063325882,10,0.1943248063325882,10
2,MCF7,6.0,A199,7,1,90.0,2,5.75,0.23333026468753815,12,0.23333026468753815,12
2,MCF7,6.0,A199,7,1,90.0,2,5.8,0.18886969983577728,8,,8
2,MCF7,6.0,A199,7,1,90.0,2,5.85,0.22490131855010986,7,,7
2,MCF7,6.0,A199,7,1,90.0,2,5.9,0.24156218767166138,8,,8
2,MCF7,6.0,A199,7,1,90.0,2,5.95,0.21758334338665009,8,,8
2,MCF7,6.0,A199,7,1,90.0,2,6.0,0.2489498108625412,7,,7
2,MCF7,6.0,A199,7,1,90.0,2,6.1,0.23974871635437012,6,,6
2,MCF7,6.0,A199,7,1,90.0,2,6.2,0.2417631596326828,11,0.2417631596326828,11
2,MCF7,6.0,A199,7,1,90.0,2,6.35,0.21239754557609558,8,,8
2,MCF7,6.0,A199,7,1,90.0,2,6.4,0.22311246395111084,6,,6
2,MCF7,6.0,A199,7,1,90.0,2,6.55,0.23069246113300323,7,,7
2,MCF7,6.0,A199,7,1,90.0,2,6.6,0.16037572920322418,6,,6
2,MCF7,6.0,A199,7,1,90.0,2,6.85,0.18656007945537567,7,,7
3,MCF7,6.0,A199,7,1,90.0,3,0.06,,4,0.03717431798577309,36
3,MCF7,6.0,A199,7,1,90.0,3,0.11,0.04001005366444588,386,0.0502016581594944,2903
3,MCF7,6.0,A199,7,1,90.0,3,0.16,0.0428900271654129,785,0.05105668306350708,4928
3,MCF7,6.0,A199,7,1,90.0,3,0.21,0.04916663467884064,708,0.045823972672224045,4802
3,MCF7,6.0,A199,7,1,90.0,3,0.26,0.05005060136318207,463,0.046381693333387375,2244
3,MCF7,6.0,A199,7,1,90.0,3,0.31,0.047557733952999115,515,0.04754946380853653,1028
3,MCF7,6.0,A199,7,1,90.0,3,0.36,0.05302182585000992,422,0.05534869432449341,595
3,MCF7,6.0,A199,7,1,90.0,3,0.41,0.05217791348695755,440,0.05430355295538902,504
3,MCF7,6.0,A199,7,1,90.0,3,0.46,0.058817584067583084,402,0.06024400517344475,424
3,MCF7,6.0,A199,7,1,90.0,3,0.51,0.06320471316576004,380,0.0637461394071579,384
3,MCF7,6.0,A199,7,1,90.0,3,0.56,0.06610049307346344,342,0.0662335753440857,343
3,MCF7,6.0,A199,7,1,90.0,3,0.61,0.06752747297286987,337,0.06752747297286987,337
3,MCF7,6.0,A199,7,1,90.0,3,0.66,0.07275547087192535,347,0.07275547087192535,347
3,MCF7,6.0,A199,7,1,90.0,3,0.71,0.07388243079185486,356,0.07388243079185486,356
3,MCF7,6.0,A199,7,1,90.0,3,0.76,0.0761345848441124,353,0.0761345848441124,353
3,MCF7,6.0,A199,7,1,90.0,3,0.81,0.07620516419410706,312,0.07620516419410706,312
3,MCF7,6.0,A199,7,1,90.0,3,0.86,0.07447411119937897,185,0.07447411119937897,185
3,MCF7,6.0,A199,7,1,90.0,3,0.91,0.07332149147987366,142,0.07332149147987366,142
3,MCF7,6.0,A199,7,1,90.0,3,0.96,0.07195036858320236,96,0.07195036858320236,96
3,MCF7,6.0,A199,7,1,90.0,3,1.01,0.07655132561922073,38,0.07655132561922073,38
3,MCF7,6.0,A199,7,1,90.0,3,1.06,0.07820121943950653,28,0.07820121943950653,28
3,MCF7,6.0,A199,7,1,90.0,3,1.11,0.07195054739713669,11,0.07195054739713669,11
1,MCF7,6.0,A199,8,1,90.0,1,0.0,,0,0.0,1330
1,MCF7,6.0,A199,8,1,90.0,1,0.15,,2,,6
1,MCF7,6.0,A199,8,1,90.0,1,0.2,0.023511067032814026,23,0.027369854971766472,52
1,MCF7,6.0,A199,8,1,90.0,1,0.25,0.032375235110521317,297,0.03324022516608238,496
1,MCF7,6.0,A199,8,1,90.0,1,0.3,0.037280261516571045,872,0.03815760090947151,1332
1,MCF7,6.0,A199,8,1,90.0,1,0.35,0.03814276307821274,1095,0.03970259800553322,1822
1,MCF7,6.0,A199,8,1,90.0,1,0.4,0.038992736488580704,1008,0.04110759124159813,1786
1,MCF7,6.0,A199,8,1,90.0,1,0.45,0.040518902242183685,797,0.04367750138044357,1570
1,MCF7,6.0,A199,8,1,90.0,1,0.5,0.041445184499025345,688,0.044339705258607864,1474
1,MCF7,6.0,A199,8,1,90.0,1,0.55,0.043544698506593704,641,0.046668268740177155,1386
1,MCF7,6.0,A199,8,1,90.0,1,0.6,0.04307055100798607,634,0.04663938656449318,1341
1,MCF7,6.0,A199,8,1,90.0,1,0.65,0.04446042329072952,502,0.0499519519507885,1141
1,MCF7,6.0,A199,8,1,90.0,1,0.7,0.04260500520467758,413,0.04922140762209892,1029
1,MCF7,6.0,A199,8,1,90.0,1,0.75,0.043971993029117584,274,0.05283118411898613,853
1,MCF7,6.0,A199,8,1,90.0,1,0.8,0.04886670410633087,164,0.05799812823534012,612
1,MCF7,6.0,A199,8,1,90.0,1,0.85,0.048868853598833084,99,0.058296795934438705,463
1,MCF7,6.0,A199,8,1,90.0,1,0.9,0.04021703079342842,60,0.0639800876379013,339
1,MCF7,6.0,A199,8,1,90.0,1,0.95,0.047291290014982224,23,0.0661078467965126,241
1,MCF7,6.0,A199,8,1,90.0,1,1.0,0.03389621526002884,7,0.07612478733062744,159
1,MCF7,6.0,A199,8,1,90.0,1,1.05,,2,0.07771788537502289,112
1,MCF7,6.0,A199,8,1,90.0,1,1.1,,0,0.07962381094694138,75
1,MCF7,6.0,A199,8,1,90.0,1,1.15,,0,0.07371030747890472,45
1,MCF7,6.0,A199,8,1,90.0,1,1.2,,1,0.09585993736982346,29
1,MCF7,6.0,A199,8,1,90.0,1,1.25,,0,0.07465465366840363,15
1,MCF7,6.0,A199,8,1,90.0,1,1.3,,0,0.10485129803419113,18
1,MCF7,6.0,A199,8,1,90.0,1,1.4,,0,,6
2,MCF7,6.0,A199,8,1,90.0,2,0.07,,0,0.009102494455873966,406
2,MCF7,6.0,A199,8,1,90.0,2,0.12,,0,0.01626238413155079,1708
2,MCF7,6.0,A199,8,1,90.0,2,0.17,,0,0.023949820548295975,2526
2,MCF7,6.0,A199,8,1,90.0,2,0.22,,0,0.03059055283665657,2048
2,MCF7,6.0,A199,8,1,90.0,2,0.27,0.03163020312786102,5,0.03699268028140068,1124
2,MCF7,6.0,A199,8,1,90.0,2,0.32,0.03449536859989166,60,0.04068147391080856,1107
2,MCF7,6.0,A199,8,1,90.0,2,0.37,0.042552702128887177,155,0.04731732979416847,1111
2,MCF7,6.0,A199,8,1,90.0,2,0.42,0.04724229872226715,233,0.05735365301370621,1029
2,MCF7,6.0,A199,8,1,90.0,2,0.47,0.05072798952460289,246,0.06133449450135231,798
2,MCF7,6.0,A199,8,1,90.0,2,0.52,0.05526377633213997,213,0.06776884943246841,675
2,MCF7,6.0,A199,8,1,90.0,2,0.57,0.055164724588394165,238,0.061173226684331894,575
2,MCF7,6.0,A199,8,1,90.0,2,0.62,0.060246359556913376,246,0.06317167729139328,383
2,MCF7,6.0,A199,8,1,90.0,2,0.67,0.062331635504961014,302,0.06306159496307373,342
2,MCF7,6.0,A199,8,1,90.0,2,0.72,0.07232312113046646,358,0.07267637550830841,368
2,MCF7,6.0,A199,8,1,90.0,2,0.77,0.0785798579454422,504,0.07839711010456085,508
2,MCF7,6.0,A199,8,1,90.0,2,0.82,0.08299349248409271,611,0.08265132457017899,616
2,MCF7,6.0,A199,8,1,90.0,2,0.87,0.08741279691457748,432,0.08722081780433655,435
2,MCF7,6.0,A199,8,1,90.0,2,0.92,0.09135985374450684,304,0.09046425670385361,308
2,MCF7,6.0,A199,8,1,90.0,2,0.97,0.09593144804239273,233,0.09488628059625626,237
2,MCF7,6.0,A199,8,1,90.0,2,1.02,0.0980619564652443,238,0.09761557728052139,240
2,MCF7,6.0,A199,8,1,90.0,2,1.07,0.10036793351173401,203,0.10036793351173401,203
2,MCF7,6.0,A199,8,1,90.0,2,1.12,0.09938231855630875,136,0.09938231855630875,136
2,MCF7,6.0,A199,8,1,90.0,2,1.17,0.10291136801242828,99,0.10291136801242828,99
2,MCF7,6.0,A199,8,1,90.0,2,1.22,0.10655740648508072,84,0.10655740648508072,84
2,MCF7,6.0,A199,8,1,90.0,2,1.27,0.10489778965711594,62,0.10489778965711594,62
2,MCF7,6.0,A199,8,1,90.0,2,1.32,0.09885399788618088,29,0.09885399788618088,29
2,MCF7,6.0,A199,8,1,90.0,2,1.37,0.10797008126974106,33,0.10797008126974106,33
2,MCF7,6.0,A199,8,1,90.0,2,1.42,0.10691343992948532,35,0.10691343992948532,35
2,MCF7,6.0,A199,8,1,90.0,2,1.47,0.10724879801273346,19,0.10724879801273346,19
2,MCF7,6.0,A199,8,1,90.0,2,1.52,0.11369221657514572,11,0.11369221657514572,11
2,MCF7,6.0,A199,8,1,90.0,2,1.57,0.1157272607088089,16,0.1157272607088089,16
2,MCF7,6.0,A199,8,1,90.0,2,1.62,0.11391956359148026,11,0.11391956359148026,11
2,MCF7,6.0,A199,8,1,90.0,2,1.67,0.11640548706054688,7,,7
3,MCF7,6.0,A199,8,1,90.0,3,0.15,0.019514737650752068,2357,0.0202652420848608,2455
3,MCF7,6.0,A199,8,1,90.0,3,0.2,0.022673333063721657,4901,0.025869058445096016,7547
3,MCF7,6.0,A199,8,1,90.0,3,0.25,0.0298418328166008,1573,0.02716604433953762,8549
3,MCF7,6.0,A199,8,1,90.0,3,0.3,0.03411711007356644,954,0.027499118819832802,6430
3,MCF7,6.0,A199,8,1,90.0,3,0.35,0.03669491782784462,372,0.03021448291838169,2017
3,MCF7,6.0,A199,8,1,90.0,3,0.4,0.039230190217494965,144,0.033826254308223724,506
3,MCF7,6.0,A199,8,1,90.0,3,0.45,0.04233374819159508,59,0.03969072178006172,130
3,MCF7,6.0,A199,8,1,90.0,3,0.5,0.03601714223623276,36,0.03987617418169975,58
3,MCF7,6.0,A199,8,1,90.0,3,0.55,0.03981157764792442,24,0.03826769068837166,31
3,MCF7,6.0,A199,8,1,90.0,3,0.6,0.03972364217042923,10,0.043277960270643234,12
1,MCF7,6.0,A199,9,1,90.0,1,0.0,0.0,69,0.0,8189
1,MCF7,6.0,A199,9,1,90.0,1,0.05,0.01740346848964691,1851,0.021495934575796127,4001
1,MCF7,6.0,A199,9,1,90.0,1,0.1,0.022120554000139236,1628,0.028145860880613327,3230
1,MCF7,6.0,A199,9,1,90.0,1,0.15,0.026620734483003616,730,0.032145701348781586,1321
1,MCF7,6.0,A199,9,1,90.0,1,0.2,0.028466783463954926,651,0.031897347420454025,825
1,MCF7,6.0,A199,9,1,90.0,1,0.25,0.03153131902217865,583,0.033248815685510635,627
1,MCF7,6.0,A199,9,1,90.0,1,0.3,0.036807265132665634,639,0.03703198954463005,646
1,MCF7,6.0,A199,9,1,90.0,1,0.35,0.03776770457625389,466,0.03791135177016258,467
1,MCF7,6.0,A199,9,1,90.0,1,0.4,0.04053889960050583,298,0.04053889960050583,298
1,MCF7,6.0,A199,9,1,90.0,1,0.45,0.04705466330051422,166,0.04705466330051422,166
1,MCF7,6.0,A199,9,1,90.0,1,0.5,0.04489115998148918,96,0.04489115998148918,96
1,MCF7,6.0,A199,9,1,90.0,1,0.55,0.05310869216918945,59,0.05310869216918945,59
1,MCF7,6.0,A199,9,1,90.0,1,0.6,0.058634866029024124,37,0.058634866029024124,37
1,MCF7,6.0,A199,9,1,90.0,1,0.65,0.05140407010912895,36,0.05140407010912895,36
1,MCF7,6.0,A199,9,1,90.0,1,0.7,0.04283836483955383,20,0.04283836483955383,20
1,MCF7,6.0,A199,9,1,90.0,1,0.75,0.042906004935503006,21,0.042906004935503006,21
1,MCF7,6.0,A199,9,1,90.0,1,0.8,0.05281725898385048,9,,9
1,MCF7,6.0,A199,9,1,90.0,1,0.85,0.06197970360517502,14,0.06197970360517502,14
1,MCF7,6.0,A199,9,1,90.0,1,0.9,0.06688659638166428,14,0.06688659638166428,14
1,MCF7,6.0,A199,9,1,90.0,1,0.95,0.032117802649736404,6,,6
1,MCF7,6.0,A199,9,1,90.0,1,1.0,0.09002511203289032,10,0.09002511203289032,10
1,MCF7,6.0,A199,9,1,90.0,1,1.1,0.055336788296699524,11,0.055336788296699524,11
1,MCF7,6.0,A199,9,1,90.0,1,1.15,0.05481186509132385,9,,9
1,MCF7,6.0,A199,9,1,90.0,1,1.2,0.09314199537038803,6,,6
1,MCF7,6.0,A199,9,1,90.0,1,1.3,0.046404141932725906,8,,8
1,MCF7,6.0,A199,9,1,90.0,1,1.55,0.05261221528053284,9,,9
2,MCF7,6.0,A199,9,1,90.0,2,0.0,,0,0.0,115
2,MCF7,6.0,A199,9,1,90.0,2,0.05,,0,0.014556340873241425,178
2,MCF7,6.0,A199,9,1,90.0,2,0.1,,0,0.01922501064836979,1518
2,MCF7,6.0,A199,9,1,90.0,2,0.15,0.01765734702348709,71,0.02327064238488674,2542
2,MCF7,6.0,A199,9,1,90.0,2,0.2,0.021172748878598213,784,0.027130834758281708,3404
2,MCF7,6.0,A199,9,1,90.0,2,0.25,0.025898689404129982,972,0.03249538689851761,2992
2,MCF7,6.0,A199,9,1,90.0,2,0.3,0.029713695868849754,925,0.03363090008497238,2478
2,MCF7,6.0,A199,9,1,90.0,2,0.35,0.031224586069583893,1072,0.03429178148508072,2096
2,MCF7,6.0,A199,9,1,90.0,2,0.4,0.032942499965429306,965,0.0352666899561882,1359
2,MCF7,6.0,A199,9,1,90.0,2,0.45,0.038073230534791946,616,0.038628239184617996,715
2,MCF7,6.0,A199,9,1,90.0,2,0.5,0.04002789035439491,307,0.04015055671334267,329
2,MCF7,6.0,A199,9,1,90.0,2,0.55,0.04014923796057701,199,0.04033510014414787,217
2,MCF7,6.0,A199,9,1,90.0,2,0.6,0.043862927705049515,124,0.04393501207232475,131
2,MCF7,6.0,A199,9,1,90.0,2,0.65,0.04065718874335289,62,0.041055332869291306,67
2,MCF7,6.0,A199,9,1,90.0,2,0.7,0.043482705950737,58,0.043270543217659,63
2,MCF7,6.0,A199,9,1,90.0,2,0.75,0.047053538262844086,40,0.044509027153253555,43
2,MCF7,6.0,A199,9,1,90.0,2,0.8,0.043785225600004196,38,0.04159596189856529,40
2,MCF7,6.0,A199,9,1,90.0,2,0.85,0.047638606280088425,18,0.047638606280088425,18
2,MCF7,6.0,A199,9,1,90.0,2,0.9,0.044768325984478,19,0.04317553713917732,20
2,MCF7,6.0,A199,9,1,90.0,2,0.95,0.05067194625735283,10,0.05067194625735283,10
2,MCF7,6.0,A199,9,1,90.0,2,1.0,0.048205435276031494,6,,7
2,MCF7,6.0,A199,9,1,90.0,2,1.05,0.034278109669685364,8,,8
2,MCF7,6.0,A199,9,1,90.0,2,1.1,0.048477474600076675,6,,6
3,MCF7,6.0,A199,9,1,90.0,3,0.0,,2,6.964628846617416e-05,626
3,MCF7,6.0,A199,9,1,90.0,3,0.05,0.02466285228729248,4130,0.02708558365702629,7352
3,MCF7,6.0,A199,9,1,90.0,3,0.1,0.020346064120531082,2729,0.027356423437595367,10036
3,MCF7,6.0,A199,9,1,90.0,3,0.15,0.017783652991056442,158,0.035830121487379074,2581
3,MCF7,6.0,A199,9,1,90.0,3,0.2,0.0212520994246006,32,0.05061265453696251,412
3,MCF7,6.0,A199,9,1,90.0,3,0.25,0.015044844709336758,7,0.05664071440696716,45
4,MCF7,6.0,A199,9,1,90.0,4,0.0,,0,0.0,413
4,MCF7,6.0,A199,9,1,90.0,4,0.05,0.009386628866195679,497,0.020367490127682686,1866
4,MCF7,6.0,A199,9,1,90.0,4,0.1,0.015243158675730228,1487,0.02671162039041519,6870
4,MCF7,6.0,A199,9,1,90.0,4,0.15,0.022043608129024506,118,0.03617461398243904,2970
4,MCF7,6.0,A199,9,1,90.0,4,0.2,,0,0.04761222377419472,420
4,MCF7,6.0,A199,9,1,90.0,4,0.25,,0,0.06366103887557983,46
4,MCF7,6.0,A199,9,1,90.0,4,0.3,,0,,7
5,MCF7,6.0,A199,9,1,90.0,5,0.05,0.014928917400538921,1297,0.013784985989332199,1996
5,MCF7,6.0,A199,9,1,90.0,5,0.1,0.01954679936170578,2812,0.02092849463224411,4556
5,MCF7,6.0,A199,9,1,90.0,5,0.15,0.023715710267424583,650,0.03249243274331093,1517
5,MCF7,6.0,A199,9,1,90.0,5,0.2,0.033341165632009506,483,0.043900538235902786,1197
5,MCF7,6.0,A199,9,1,90.0,5,0.25,0.041762497276067734,482,0.055846236646175385,1333
5,MCF7,6.0,A199,9,1,90.0,5,0.3,0.04817691817879677,453,0.06473705172538757,1051
5,MCF7,6.0,A199,9,1,90.0,5,0.35,0.05504512041807175,416,0.06699089705944061,717
5,MCF7,6.0,A199,9,1,90.0,5,0.4,0.05924765765666962,238,0.0677989050745964,326
5,MCF7,6.0,A199,9,1,90.0,5,0.45,0.06500521302223206,137,0.06643308699131012,156
5,MCF7,6.0,A199,9,1,90.0,5,0.5,0.06354323029518127,95,0.0639740452170372,102
5,MCF7,6.0,A199,9,1,90.0,5,0.55,0.06365857273340225,48,0.0640977993607521,49
5,MCF7,6.0,A199,9,1,90.0,5,0.6,0.06897453218698502,35,0.0696379765868187,36
5,MCF7,6.0,A199,9,1,90.0,5,0.65,0.06042560189962387,19,0.06066424772143364,20
5,MCF7,6.0,A199,9,1,90.0,5,0.7,0.06239207834005356,5,,6
5,MCF7,6.0,A199,9,1,90.0,5,0.75,0.059084951877593994,10,0.059084951877593994,10
5,MCF7,6.0,A199,9,1,90.0,5,0.8,0.057655174285173416,6,,6
