ObjectNumber,Metadata_cell,Metadata_hour,Metadata_treatment,Metadata_site,Metadata_dish,Metadata_concentration,ObjectNumber,Rc,Region_Ed,Region_pixels_sum,Cell_Ed,Cell_pixels_sum
1,MCF7,2.0,A133,0,1,80.0,1,0.0,,0,0.0,4538
1,MCF7,2.0,A133,0,1,80.0,1,0.1,,0,,0
1,MCF7,2.0,A133,0,1,80.0,1,0.2,,0,0.07066627591848373,20
1,MCF7,2.0,A133,0,1,80.0,1,0.3,0.07813965529203415,46,0.07998055964708328,817
1,MCF7,2.0,A133,0,1,80.0,1,0.4,0.0924147367477417,5914,0.09193559736013412,11860
1,MCF7,2.0,A133,0,1,80.0,1,0.5,0.10122227668762207,4023,0.10023502260446548,11987
1,MCF7,2.0,A133,0,1,80.0,1,0.6,0.1077415943145752,138,0.1116439700126648,3097
1,MCF7,2.0,A133,0,1,80.0,1,0.7,0.1265636533498764,5,0.12679322063922882,634
1,MCF7,2.0,A133,0,1,80.0,1,0.8,,0,0.14328458905220032,86
1,MCF7,2.0,A133,0,1,80.0,1,0.9,,0,0.13067267835140228,13
1,MCF7,2.0,A133,0,1,80.0,1,1.0,,0,,4
2,MCF7,2.0,A133,0,1,80.0,2,0.0,,0,0.005544036161154509,1843
2,MCF7,2.0,A133,0,1,80.0,2,0.1,0.06314049661159515,9428,0.0616275891661644,39376
2,MCF7,2.0,A133,0,1,80.0,2,0.2,0.0652124360203743,1131,0.07511788606643677,3692
2,MCF7,2.0,A133,0,1,80.0,2,0.3,,0,,1
3,MCF7,2.0,A133,0,1,80.0,3,0.0,,0,0.0,67
3,MCF7,2.0,A133,0,1,80.0,3,0.1,0.0667823851108551,16,0.057206518948078156,1283
3,MCF7,2.0,A133,0,1,80.0,3,0.2,0.07673797756433487,10381,0.07572634518146515,31310
3,MCF7,2.0,A133,0,1,80.0,3,0.3,0.12013465911149979,336,0.10974808037281036,2505
3,MCF7,2.0,A133,0,1,80.0,3,0.4,,0,0.12535107135772705,332
3,MCF7,2.0,A133,0,1,80.0,3,0.5,,0,0.12403604388237,141
3,MCF7,2.0,A133,0,1,80.0,3,0.6,,0,0.1369273066520691,37
3,MCF7,2.0,A133,0,1,80.0,3,0.7,,0,,5
3,MCF7,2.0,A133,0,1,80.0,3,0.8,,0,,0
4,MCF7,2.0,A133,0,1,80.0,4,0.6,0.1042480543255806,113,0.09752091765403748,172
4,MCF7,2.0,A133,0,1,80.0,4,0.7,0.11692849546670914,3419,0.10740319639444351,6809
4,MCF7,2.0,A133,0,1,80.0,4,0.8,0.1254817098379135,2124,0.11444796621799469,11409
4,MCF7,2.0,A133,0,1,80.0,4,0.9,0.12456335127353668,7,0.12809306383132935,3118
4,MCF7,2.0,A133,0,1,80.0,4,1.0,,0,0.14367981255054474,417
4,MCF7,2.0,A133,0,1,80.0,4,1.1,,0,0.15664920210838318,35
4,MCF7,2.0,A133,0,1,80.0,4,1.2,,0,,6
4,MCF7,2.0,A133,0,1,80.0,4,1.3,,0,,2
4,MCF7,2.0,A133,0,1,80.0,4,1.4,,0,,0
1,MCF7,2.0,A133,1,1,80.0,1,0.0,,0,0.0,2015
1,MCF7,2.0,A133,1,1,80.0,1,0.1,,0,,0
1,MCF7,2.0,A133,1,1,80.0,1,0.2,0.08939231187105179,54,0.09314858168363571,62
1,MCF7,2.0,A133,1,1,80.0,1,0.3,0.11304911971092224,1542,0.12042097747325897,3257
1,MCF7,2.0,A133,1,1,80.0,1,0.4,0.12732431292533875,1902,0.14040511846542358,9207
1,MCF7,2.0,A133,1,1,80.0,1,0.5,0.12359903007745743,1248,0.1551329344511032,11163
1,MCF7,2.0,A133,1,1,80.0,1,0.6,0.12774161994457245,937,0.16997236013412476,7157
1,MCF7,2.0,A133,1,1,80.0,1,0.7,0.13980050384998322,462,0.18588656187057495,2863
1,MCF7,2.0,A133,1,1,80.0,1,0.8,0.1430523842573166,192,0.18884974718093872,932
1,MCF7,2.0,A133,1,1,80.0,1,0.9,0.14138853549957275,145,0.17114520072937012,326
1,MCF7,2.0,A133,1,1,80.0,1,1.0,0.1498725265264511,116,0.1541639268398285,163
1,MCF7,2.0,A133,1,1,80.0,1,1.1,0.15568910539150238,86,0.15170831978321075,106
1,MCF7,2.0,A133,1,1,80.0,1,1.2,0.16721363365650177,60,0.16170373558998108,71
1,MCF7,2.0,A133,1,1,80.0,1,1.3,0.17260611057281494,23,0.16833968460559845,30
1,MCF7,2.0,A133,1,1,80.0,1,1.4,,2,,7
1,MCF7,2.0,A133,1,1,80.0,1,1.5,,0,,1
2,MCF7,2.0,A133,1,1,80.0,2,0.0,,0,0.0,1599
2,MCF7,2.0,A133,1,1,80.0,2,0.1,,0,,0
2,MCF7,2.0,A133,1,1,80.0,2,0.2,,0,,0
2,MCF7,2.0,A133,1,1,80.0,2,0.3,,0,0.12974447011947632,53
2,MCF7,2.0,A133,1,1,80.0,2,0.4,,0,0.14166465401649475,595
2,MCF7,2.0,A133,1,1,80.0,2,0.5,,0,0.15122419595718384,2246
2,MCF7,2.0,A133,1,1,80.0,2,0.6,0.126329243183136,27,0.15848056972026825,3420
2,MCF7,2.0,A133,1,1,80.0,2,0.7,0.13343575596809387,122,0.1622828245162964,3876
2,MCF7,2.0,A133,1,1,80.0,2,0.8,0.13326683640480042,258,0.16418373584747314,4226
2,MCF7,2.0,A133,1,1,80.0,2,0.9,0.13562403619289398,767,0.16542649269104004,4851
2,MCF7,2.0,A133,1,1,80.0,2,1.0,0.14612823724746704,1418,0.16960911452770233,4922
2,MCF7,2.0,A133,1,1,80.0,2,1.1,0.15518403053283691,1453,0.17741140723228455,4198
2,MCF7,2.0,A133,1,1,80.0,2,1.2,0.1632584035396576,1139,0.18285733461380005,2510
2,MCF7,2.0,A133,1,1,80.0,2,1.3,0.17402000725269318,835,0.1893099993467331,1420
2,MCF7,2.0,A133,1,1,80.0,2,1.4,0.1806543469429016,654,0.1908423900604248,860
2,MCF7,2.0,A133,1,1,80.0,2,1.5,0.18774130940437317,518,0.1947687566280365,603
2,MCF7,2.0,A133,1,1,80.0,2,1.6,0.1918029487133026,337,0.1969410926103592,365
2,MCF7,2.0,A133,1,1,80.0,2,1.7,0.19162428379058838,263,0.19355182349681854,274
2,MCF7,2.0,A133,1,1,80.0,2,1.8,0.19392438232898712,214,0.1950647532939911,218
2,MCF7,2.0,A133,1,1,80.0,2,1.9,0.19158776104450226,167,0.19271643459796906,170
2,MCF7,2.0,A133,1,1,80.0,2,2.0,0.19857124984264374,138,0.19857124984264374,138
2,MCF7,2.0,A133,1,1,80.0,2,2.1,0.1887776255607605,98,0.18945463001728058,100
2,MCF7,2.0,A133,1,1,80.0,2,2.2,0.1995241343975067,71,0.1982445865869522,73
2,MCF7,2.0,A133,1,1,80.0,2,2.3,0.18983323872089386,30,0.18983323872089386,30
2,MCF7,2.0,A133,1,1,80.0,2,2.4,0.19233421981334686,22,0.19233421981334686,22
2,MCF7,2.0,A133,1,1,80.0,2,2.5,0.16981245577335358,13,0.16981245577335358,13
2,MCF7,2.0,A133,1,1,80.0,2,2.6,0.20390532910823822,11,0.20390532910823822,11
2,MCF7,2.0,A133,1,1,80.0,2,2.7,,4,,4
2,MCF7,2.0,A133,1,1,80.0,2,2.8,,4,,4
2,MCF7,2.0,A133,1,1,80.0,2,2.9,0.17173661291599274,5,,5
2,MCF7,2.0,A133,1,1,80.0,2,3.0,,3,,3
2,MCF7,2.0,A133,1,1,80.0,2,3.1,,3,,3
2,MCF7,2.0,A133,1,1,80.0,2,3.2,,2,,2
2,MCF7,2.0,A133,1,1,80.0,2,3.3,,1,,1
2,MCF7,2.0,A133,1,1,80.0,2,3.4,,1,,1
1,MCF7,2.0,A133,10,1,80.0,1,0.1,,0,,1
1,MCF7,2.0,A133,10,1,80.0,1,0.2,0.03682988882064819,10,0.041850775480270386,8075
1,MCF7,2.0,A133,10,1,80.0,1,0.3,0.07449767738580704,11049,0.06293128430843353,45864
1,MCF7,2.0,A133,10,1,80.0,1,0.4,0.07590744644403458,934,0.07648500800132751,1196
2,MCF7,2.0,A133,10,1,80.0,2,0.1,,0,0.05574178323149681,26
2,MCF7,2.0,A133,10,1,80.0,2,0.2,0.06273992359638214,3706,0.057499960064888,21574
2,MCF7,2.0,A133,10,1,80.0,2,0.3,0.07892947643995285,2138,0.07373739778995514,6047
2,MCF7,2.0,A133,10,1,80.0,2,0.4,,0,,1
3,MCF7,2.0,A133,10,1,80.0,3,0.0,,0,,1
3,MCF7,2.0,A133,10,1,80.0,3,0.1,,0,,0
3,MCF7,2.0,A133,10,1,80.0,3,0.2,,0,,0
3,MCF7,2.0,A133,10,1,80.0,3,0.3,,0,,0
3,MCF7,2.0,A133,10,1,80.0,3,0.4,,0,,0
3,MCF7,2.0,A133,10,1,80.0,3,0.5,,0,,0
3,MCF7,2.0,A133,10,1,80.0,3,0.6,,0,,0
3,MCF7,2.0,A133,10,1,80.0,3,0.7,,0,,0
3,MCF7,2.0,A133,10,1,80.0,3,0.8,,0,0.12685620784759521,28
3,MCF7,2.0,A133,10,1,80.0,3,0.9,,0,0.13695351779460907,234
3,MCF7,2.0,A133,10,1,80.0,3,1.0,,2,0.15265882015228271,729
3,MCF7,2.0,A133,10,1,80.0,3,1.1,0.17306123673915863,88,0.16673971712589264,1567
3,MCF7,2.0,A133,10,1,80.0,3,1.2,0.1825464367866516,463,0.18061396479606628,2428
3,MCF7,2.0,A133,10,1,80.0,3,1.3,0.18808887898921967,1073,0.18985101580619812,3115
3,MCF7,2.0,A133,10,1,80.0,3,1.4,0.19864653050899506,1368,0.19739216566085815,3177
3,MCF7,2.0,A133,10,1,80.0,3,1.5,0.2071787416934967,1412,0.2063496708869934,2833
3,MCF7,2.0,A133,10,1,80.0,3,1.6,0.22215265035629272,1038,0.21968474984169006,1772
3,MCF7,2.0,A133,10,1,80.0,3,1.7,0.23752842843532562,564,0.23491407930850983,894
3,MCF7,2.0,A133,10,1,80.0,3,1.8,0.2494463175535202,165,0.24750542640686035,264
3,MCF7,2.0,A133,10,1,80.0,3,1.9,0.2592790722846985,30,0.25614091753959656,59
3,MCF7,2.0,A133,10,1,80.0,3,2.0,0.2772541344165802,6,0.28746676445007324,17
3,MCF7,2.0,A133,10,1,80.0,3,2.1,,0,,1
3,MCF7,2.0,A133,10,1,80.0,3,2.2,,0,,1
4,MCF7,2.0,A133,10,1,80.0,4,0.2,0.05134933441877365,509,0.06024268642067909,1293
4,MCF7,2.0,A133,10,1,80.0,4,0.3,0.06955530494451523,3315,0.07050026953220367,9056
4,MCF7,2.0,A133,10,1,80.0,4,0.4,,0,0.06533977389335632,179
4,MCF7,2.0,A133,10,1,80.0,4,0.5,,0,,0
1,MCF7,2.0,A133,11,1,80.0,1,0.0,,0,0.0,3611
1,MCF7,2.0,A133,11,1,80.0,1,0.1,,0,,0
1,MCF7,2.0,A133,11,1,80.0,1,0.2,,0,,0
1,MCF7,2.0,A133,11,1,80.0,1,0.3,,0,,0
1,MCF7,2.0,A133,11,1,80.0,1,0.4,,0,0.03682098165154457,12
1,MCF7,2.0,A133,11,1,80.0,1,0.5,,0,0.03371509909629822,252
1,MCF7,2.0,A133,11,1,80.0,1,0.6,0.06373748928308487,57,0.04388443008065224,2443
1,MCF7,2.0,A133,11,1,80.0,1,0.7,0.0691954642534256,2076,0.056256815791130066,10730
1,MCF7,2.0,A133,11,1,80.0,1,0.8,0.07154803723096848,4099,0.06516382843255997,13933
1,MCF7,2.0,A133,11,1,80.0,1,0.9,0.06785041838884354,436,0.06964589655399323,5700
1,MCF7,2.0,A133,11,1,80.0,1,1.0,0.06266038864850998,5,0.07827005535364151,2257
1,MCF7,2.0,A133,11,1,80.0,1,1.1,,0,0.08418796211481094,833
1,MCF7,2.0,A133,11,1,80.0,1,1.2,,0,0.0912700891494751,222
1,MCF7,2.0,A133,11,1,80.0,1,1.3,,0,0.09583445638418198,70
1,MCF7,2.0,A133,11,1,80.0,1,1.4,,0,0.0763716921210289,13
1,MCF7,2.0,A133,11,1,80.0,1,1.5,,0,,3
1,MCF7,2.0,A133,11,1,80.0,1,1.6,,0,,1
2,MCF7,2.0,A133,11,1,80.0,2,0.2,,0,0.05824531242251396,25
2,MCF7,2.0,A133,11,1,80.0,2,0.3,,0,0.08074545860290527,7237
2,MCF7,2.0,A133,11,1,80.0,2,0.4,0.12623965740203857,203,0.10631456226110458,10339
2,MCF7,2.0,A133,11,1,80.0,2,0.5,0.14838770031929016,3913,0.13384753465652466,8955
2,MCF7,2.0,A133,11,1,80.0,2,0.6,0.15102219581604004,1926,0.1453353762626648,3382
2,MCF7,2.0,A133,11,1,80.0,2,0.7,0.1645483821630478,161,0.15874430537223816,374
2,MCF7,2.0,A133,11,1,80.0,2,0.8,0.18633027374744415,29,0.1844460666179657,87
2,MCF7,2.0,A133,11,1,80.0,2,0.9,,0,,1
3,MCF7,2.0,A133,11,1,80.0,3,0.0,,0,0.0,645
3,MCF7,2.0,A133,11,1,80.0,3,0.1,,0,,0
3,MCF7,2.0,A133,11,1,80.0,3,0.2,,0,0.035502418875694275,39
3,MCF7,2.0,A133,11,1,80.0,3,0.3,0.04574251547455788,14,0.040661681443452835,2136
3,MCF7,2.0,A133,11,1,80.0,3,0.4,0.07126592099666595,2854,0.06471271812915802,12164
3,MCF7,2.0,A133,11,1,80.0,3,0.5,0.08100859075784683,13337,0.08095236867666245,24594
3,MCF7,2.0,A133,11,1,80.0,3,0.6,0.09018710255622864,3407,0.0915399119257927,8677
3,MCF7,2.0,A133,11,1,80.0,3,0.7,0.09410909563302994,52,0.10492516309022903,1002
3,MCF7,2.0,A133,11,1,80.0,3,0.8,,0,0.12042305618524551,105
3,MCF7,2.0,A133,11,1,80.0,3,0.9,,0,0.10651606321334839,12
3,MCF7,2.0,A133,11,1,80.0,3,1.0,,0,,2
3,MCF7,2.0,A133,11,1,80.0,3,1.1,,0,,0
4,MCF7,2.0,A133,11,1,80.0,4,0.0,,0,0.0,259
4,MCF7,2.0,A133,11,1,80.0,4,0.1,,0,,0
4,MCF7,2.0,A133,11,1,80.0,4,0.2,,0,,0
4,MCF7,2.0,A133,11,1,80.0,4,0.3,,0,0.017099764198064804,32
4,MCF7,2.0,A133,11,1,80.0,4,0.4,,0,0.0383695513010025,721
4,MCF7,2.0,A133,11,1,80.0,4,0.5,0.07777287065982819,31,0.05882562696933746,4106
4,MCF7,2.0,A133,11,1,80.0,4,0.6,0.08303707093000412,2216,0.07728422433137894,9682
4,MCF7,2.0,A133,11,1,80.0,4,0.7,0.08278129994869232,3542,0.08368855714797974,6490
4,MCF7,2.0,A133,11,1,80.0,4,0.8,0.08097232133150101,95,0.08897016942501068,528
4,MCF7,2.0,A133,11,1,80.0,4,0.9,,0,0.11228968948125839,44
4,MCF7,2.0,A133,11,1,80.0,4,1.0,,0,,8
4,MCF7,2.0,A133,11,1,80.0,4,1.1,,0,,2
5,MCF7,2.0,A133,11,1,80.0,5,0.2,0.052407342940568924,7894,0.051593270152807236,20667
5,MCF7,2.0,A133,11,1,80.0,5,0.3,,0,0.0643354281783104,85
5,MCF7,2.0,A133,11,1,80.0,5,0.4,,0,,0
6,MCF7,2.0,A133,11,1,80.0,6,0.1,,0,,1
6,MCF7,2.0,A133,11,1,80.0,6,0.2,,4,0.03062249906361103,5965
6,MCF7,2.0,A133,11,1,80.0,6,0.3,0.04036971181631088,3899,0.03929798677563667,38709
6,MCF7,2.0,A133,11,1,80.0,6,0.4,0.047266725450754166,3025,0.0478694811463356,4229
6,MCF7,2.0,A133,11,1,80.0,6,0.5,0.05198097601532936,1113,0.0520104356110096,1129
6,MCF7,2.0,A133,11,1,80.0,6,0.6,0.0521143302321434,110,0.052175454795360565,111
7,MCF7,2.0,A133,11,1,80.0,7,0.1,,0,0.012389362789690495,65
7,MCF7,2.0,A133,11,1,80.0,7,0.2,0.03748591989278793,4271,0.03466429561376572,20842
7,MCF7,2.0,A133,11,1,80.0,7,0.3,0.06883644312620163,111,0.07677081227302551,965
1,MCF7,2.0,A133,12,1,80.0,1,0.0,,0,1.8634020761965076e-06,2313
1,MCF7,2.0,A133,12,1,80.0,1,0.1,0.02946971356868744,12,0.02827642299234867,3345
1,MCF7,2.0,A133,12,1,80.0,1,0.2,0.03634444624185562,13450,0.03659285977482796,36261
1,MCF7,2.0,A133,12,1,80.0,1,0.3,0.041980113834142685,411,0.04939443990588188,1593
1,MCF7,2.0,A133,12,1,80.0,1,0.4,,0,,8
2,MCF7,2.0,A133,12,1,80.0,2,0.0,,0,0.0016463961219415069,37
2,MCF7,2.0,A133,12,1,80.0,2,0.1,,0,0.031124167144298553,8141
2,MCF7,2.0,A133,12,1,80.0,2,0.2,0.04998048394918442,12302,0.04403306171298027,45615
2,MCF7,2.0,A133,12,1,80.0,2,0.3,0.05367179214954376,4778,0.05358607694506645,5839
2,MCF7,2.0,A133,12,1,80.0,2,0.4,,0,,0
1,MCF7,2.0,A133,13,1,80.0,1,0.5,0.06742090731859207,79,0.06639348715543747,125
1,MCF7,2.0,A133,13,1,80.0,1,0.6,0.0765974298119545,497,0.07492029666900635,1011
1,MCF7,2.0,A133,13,1,80.0,1,0.7,0.0889577865600586,391,0.08310464769601822,1047
1,MCF7,2.0,A133,13,1,80.0,1,0.8,0.09696502983570099,402,0.09601939469575882,1187
1,MCF7,2.0,A133,13,1,80.0,1,0.9,0.11577729880809784,538,0.11614934355020523,1509
1,MCF7,2.0,A133,13,1,80.0,1,1.0,0.12728939950466156,468,0.12993013858795166,1296
1,MCF7,2.0,A133,13,1,80.0,1,1.1,0.14095242321491241,443,0.1350131779909134,1103
1,MCF7,2.0,A133,13,1,80.0,1,1.2,0.14723509550094604,421,0.14015156030654907,1089
1,MCF7,2.0,A133,13,1,80.0,1,1.3,0.1535964459180832,412,0.14595608413219452,1012
1,MCF7,2.0,A133,13,1,80.0,1,1.4,0.16569511592388153,441,0.15748073160648346,809
1,MCF7,2.0,A133,13,1,80.0,1,1.5,0.17254497110843658,280,0.16415618360042572,423
1,MCF7,2.0,A133,13,1,80.0,1,1.6,0.18895380198955536,199,0.1837533414363861,237
1,MCF7,2.0,A133,13,1,80.0,1,1.7,0.19539721310138702,182,0.1942833662033081,195
1,MCF7,2.0,A133,13,1,80.0,1,1.8,0.19865766167640686,162,0.19794443249702454,168
1,MCF7,2.0,A133,13,1,80.0,1,1.9,0.20229628682136536,115,0.20159626007080078,118
1,MCF7,2.0,A133,13,1,80.0,1,2.0,0.19929277896881104,63,0.19867724180221558,65
1,MCF7,2.0,A133,13,1,80.0,1,2.1,0.19295811653137207,51,0.19295811653137207,51
1,MCF7,2.0,A133,13,1,80.0,1,2.2,0.19983960688114166,30,0.19983960688114166,30
1,MCF7,2.0,A133,13,1,80.0,1,2.3,0.19346338510513306,20,0.19346338510513306,20
1,MCF7,2.0,A133,13,1,80.0,1,2.4,0.2080090045928955,8,,8
1,MCF7,2.0,A133,13,1,80.0,1,2.5,0.1672315001487732,6,,6
1,MCF7,2.0,A133,13,1,80.0,1,2.6,0.1741597056388855,5,,5
1,MCF7,2.0,A133,13,1,80.0,1,2.7,,3,,3
1,MCF7,2.0,A133,13,1,80.0,1,2.8,,1,,1
1,MCF7,2.0,A133,13,1,80.0,1,2.9,,2,,2
2,MCF7,2.0,A133,13,1,80.0,2,0.0,0.014093995094299316,5,0.0002777984191197902,1346
2,MCF7,2.0,A133,13,1,80.0,2,0.1,0.02418094500899315,5411,0.0283864364027977,11165
2,MCF7,2.0,A133,13,1,80.0,2,0.2,0.03994288668036461,7,0.05496155098080635,591
2,MCF7,2.0,A133,13,1,80.0,2,0.3,,0,,2
3,MCF7,2.0,A133,13,1,80.0,3,0.0,,0,0.0,191
3,MCF7,2.0,A133,13,1,80.0,3,0.1,,0,,0
3,MCF7,2.0,A133,13,1,80.0,3,0.2,,0,0.020556224510073662,28
3,MCF7,2.0,A133,13,1,80.0,3,0.3,0.03356162831187248,173,0.038057971745729446,1521
3,MCF7,2.0,A133,13,1,80.0,3,0.4,0.054528482258319855,1735,0.05542348697781563,6680
3,MCF7,2.0,A133,13,1,80.0,3,0.5,0.06953413039445877,677,0.07949426025152206,2898
3,MCF7,2.0,A133,13,1,80.0,3,0.6,0.0943286120891571,9,0.11374474316835403,362
3,MCF7,2.0,A133,13,1,80.0,3,0.7,,0,0.12640735507011414,46
3,MCF7,2.0,A133,13,1,80.0,3,0.8,,0,,2
4,MCF7,2.0,A133,13,1,80.0,4,0.0,,0,0.0,52
4,MCF7,2.0,A133,13,1,80.0,4,0.1,,0,,0
4,MCF7,2.0,A133,13,1,80.0,4,0.2,,0,,0
4,MCF7,2.0,A133,13,1,80.0,4,0.3,,0,,0
4,MCF7,2.0,A133,13,1,80.0,4,0.4,0.046085797250270844,64,0.03953397274017334,117
4,MCF7,2.0,A133,13,1,80.0,4,0.5,0.051341619342565536,2510,0.050745729357004166,3535
4,MCF7,2.0,A133,13,1,80.0,4,0.6,0.05596953630447388,2656,0.05494758486747742,5248
4,MCF7,2.0,A133,13,1,80.0,4,0.7,0.057995885610580444,406,0.05850629135966301,2144
4,MCF7,2.0,A133,13,1,80.0,4,0.8,0.049782413989305496,7,0.06364371627569199,721
4,MCF7,2.0,A133,13,1,80.0,4,0.9,,0,0.07660767436027527,237
4,MCF7,2.0,A133,13,1,80.0,4,1.0,,0,0.09639926254749298,82
4,MCF7,2.0,A133,13,1,80.0,4,1.1,,0,0.08523258566856384,16
4,MCF7,2.0,A133,13,1,80.0,4,1.2,,0,,7
4,MCF7,2.0,A133,13,1,80.0,4,1.3,,0,,1
1,MCF7,2.0,A133,14,1,80.0,1,0.3,,0,,7
1,MCF7,2.0,A133,14,1,80.0,1,0.4,,0,0.06628172844648361,1590
1,MCF7,2.0,A133,14,1,80.0,1,0.5,0.11587859690189362,145,0.08122164756059647,7184
1,MCF7,2.0,A133,14,1,80.0,1,0.6,0.0995195060968399,2013,0.09533852338790894,8271
1,MCF7,2.0,A133,14,1,80.0,1,0.7,0.1101558655500412,1379,0.10828811675310135,1955
1,MCF7,2.0,A133,14,1,80.0,1,0.8,0.09974975138902664,250,0.10025405883789062,254
1,MCF7,2.0,A133,14,1,80.0,1,0.9,0.0900239497423172,19,0.0900239497423172,19
2,MCF7,2.0,A133,14,1,80.0,2,0.2,0.043789591640233994,96,0.056322794407606125,2472
2,MCF7,2.0,A133,14,1,80.0,2,0.3,0.04563906043767929,3367,0.04381159693002701,6219
2,MCF7,2.0,A133,14,1,80.0,2,0.4,0.05058950185775757,428,0.05229002609848976,477
2,MCF7,2.0,A133,14,1,80.0,2,0.5,,0,,0
3,MCF7,2.0,A133,14,1,80.0,3,0.2,0.03705812990665436,1367,0.03752275928854942,7084
3,MCF7,2.0,A133,14,1,80.0,3,0.3,0.053104136139154434,2593,0.06073768064379692,5156
3,MCF7,2.0,A133,14,1,80.0,3,0.4,,0,,0
1,MCF7,2.0,A133,2,1,80.0,1,0.2,,0,,3
1,MCF7,2.0,A133,2,1,80.0,1,0.3,0.10384213924407959,5652,0.09791602194309235,17496
1,MCF7,2.0,A133,2,1,80.0,1,0.4,0.10858866572380066,5237,0.1084192618727684,7269
1,MCF7,2.0,A133,2,1,80.0,1,0.5,,0,,0
2,MCF7,2.0,A133,2,1,80.0,2,0.4,,0,0.08111494779586792,168
2,MCF7,2.0,A133,2,1,80.0,2,0.5,,1,0.08724489063024521,2615
2,MCF7,2.0,A133,2,1,80.0,2,0.6,0.08127450942993164,74,0.0968988835811615,6002
2,MCF7,2.0,A133,2,1,80.0,2,0.7,0.09137578308582306,588,0.10695246607065201,5819
2,MCF7,2.0,A133,2,1,80.0,2,0.8,0.10609082132577896,1229,0.11152766644954681,2960
2,MCF7,2.0,A133,2,1,80.0,2,0.9,0.1192997545003891,1969,0.11945178359746933,2565
2,MCF7,2.0,A133,2,1,80.0,2,1.0,0.12264548987150192,1941,0.12227830290794373,2037
2,MCF7,2.0,A133,2,1,80.0,2,1.1,0.12399987876415253,1188,0.12370136380195618,1210
2,MCF7,2.0,A133,2,1,80.0,2,1.2,0.12620429694652557,728,0.12615960836410522,729
2,MCF7,2.0,A133,2,1,80.0,2,1.3,0.12717419862747192,377,0.12706498801708221,378
2,MCF7,2.0,A133,2,1,80.0,2,1.4,0.13203760981559753,156,0.13141445815563202,158
2,MCF7,2.0,A133,2,1,80.0,2,1.5,0.13312208652496338,66,0.13312208652496338,66
2,MCF7,2.0,A133,2,1,80.0,2,1.6,0.1146157905459404,12,0.1146157905459404,12
2,MCF7,2.0,A133,2,1,80.0,2,1.7,,1,,1
3,MCF7,2.0,A133,2,1,80.0,3,0.4,,0,0.06141193211078644,353
3,MCF7,2.0,A133,2,1,80.0,3,0.5,,0,0.07921932637691498,5702
3,MCF7,2.0,A133,2,1,80.0,3,0.6,0.0699722021818161,69,0.09073851257562637,6314
3,MCF7,2.0,A133,2,1,80.0,3,0.7,0.08634790033102036,595,0.09460251033306122,2776
3,MCF7,2.0,A133,2,1,80.0,3,0.8,0.09911885857582092,2348,0.09922686219215393,3112
3,MCF7,2.0,A133,2,1,80.0,3,0.9,0.10351286828517914,3356,0.10383181273937225,3547
3,MCF7,2.0,A133,2,1,80.0,3,1.0,0.11315739899873734,779,0.11349321901798248,812
3,MCF7,2.0,A133,2,1,80.0,3,1.1,0.11868666112422943,260,0.1191672831773758,269
3,MCF7,2.0,A133,2,1,80.0,3,1.2,0.12302225828170776,81,0.1231720894575119,84
3,MCF7,2.0,A133,2,1,80.0,3,1.3,0.12911348044872284,56,0.12911348044872284,56
3,MCF7,2.0,A133,2,1,80.0,3,1.4,0.12558551132678986,24,0.12558551132678986,24
3,MCF7,2.0,A133,2,1,80.0,3,1.5,0.12718291580677032,7,,7
3,MCF7,2.0,A133,2,1,80.0,3,1.6,,0,,0
1,MCF7,2.0,A133,3,1,80.0,1,0.3,0.0693475753068924,13,0.09053844958543777,38
1,MCF7,2.0,A133,3,1,80.0,1,0.4,0.06902609765529633,1969,0.07321769744157791,4596
1,MCF7,2.0,A133,3,1,80.0,1,0.5,0.07025208324193954,2877,0.07642064988613129,7795
1,MCF7,2.0,A133,3,1,80.0,1,0.6,0.08349569141864777,1729,0.08504307270050049,4064
1,MCF7,2.0,A133,3,1,80.0,1,0.7,0.08985663205385208,1195,0.09106048941612244,2818
1,MCF7,2.0,A133,3,1,80.0,1,0.8,0.09580948948860168,965,0.09811283648014069,2113
1,MCF7,2.0,A133,3,1,80.0,1,0.9,0.10107078403234482,627,0.10393980145454407,1561
1,MCF7,2.0,A133,3,1,80.0,1,1.0,0.10356710106134415,446,0.10779139399528503,1103
1,MCF7,2.0,A133,3,1,80.0,1,1.1,0.10276039689779282,269,0.10920438170433044,557
1,MCF7,2.0,A133,3,1,80.0,1,1.2,0.10486496239900589,112,0.10753690451383591,188
1,MCF7,2.0,A133,3,1,80.0,1,1.3,0.10397449135780334,57,0.10330061614513397,77
1,MCF7,2.0,A133,3,1,80.0,1,1.4,0.1071784719824791,11,0.10736122727394104,15
1,MCF7,2.0,A133,3,1,80.0,1,1.5,,2,,3
1,MCF7,2.0,A133,3,1,80.0,1,1.6,,0,,0
1,MCF7,2.0,A133,4,1,80.0,1,0.1,,0,,7
1,MCF7,2.0,A133,4,1,80.0,1,0.2,0.1176367923617363,1995,0.1064828559756279,28637
1,MCF7,2.0,A133,4,1,80.0,1,0.3,0.12084410339593887,9760,0.11922997236251831,15739
1,MCF7,2.0,A133,4,1,80.0,1,0.4,,0,,1
2,MCF7,2.0,A133,4,1,80.0,2,0.0,,0,,3
2,MCF7,2.0,A133,4,1,80.0,2,0.1,,0,,1
2,MCF7,2.0,A133,4,1,80.0,2,0.2,,0,0.08891203254461288,3385
2,MCF7,2.0,A133,4,1,80.0,2,0.3,0.13350076973438263,234,0.10847122222185135,23620
2,MCF7,2.0,A133,4,1,80.0,2,0.4,0.1300821751356125,5832,0.12532350420951843,9891
2,MCF7,2.0,A133,4,1,80.0,2,0.5,0.11109357327222824,53,0.11238688975572586,76
1,MCF7,2.0,A133,5,1,80.0,1,0.5,,3,0.1062384769320488,114
1,MCF7,2.0,A133,5,1,80.0,1,0.6,0.10904347151517868,647,0.11328355222940445,3411
1,MCF7,2.0,A133,5,1,80.0,1,0.7,0.11283835023641586,1390,0.11144669353961945,4118
1,MCF7,2.0,A133,5,1,80.0,1,0.8,0.11810710281133652,1580,0.10726846009492874,4161
1,MCF7,2.0,A133,5,1,80.0,1,0.9,0.12123650312423706,1936,0.11106126010417938,3759
1,MCF7,2.0,A133,5,1,80.0,1,1.0,0.12552376091480255,1613,0.12161960452795029,2067
1,MCF7,2.0,A133,5,1,80.0,1,1.1,0.13269855082035065,1155,0.13226883113384247,1201
1,MCF7,2.0,A133,5,1,80.0,1,1.2,0.13812628388404846,670,0.13797405362129211,676
1,MCF7,2.0,A133,5,1,80.0,1,1.3,0.1483089029788971,346,0.1483089029788971,346
1,MCF7,2.0,A133,5,1,80.0,1,1.4,0.15506570041179657,188,0.15481798350811005,189
1,MCF7,2.0,A133,5,1,80.0,1,1.5,0.15360109508037567,111,0.15360109508037567,111
1,MCF7,2.0,A133,5,1,80.0,1,1.6,0.16386693716049194,76,0.16308510303497314,77
1,MCF7,2.0,A133,5,1,80.0,1,1.7,0.1731041818857193,47,0.1731041818857193,47
1,MCF7,2.0,A133,5,1,80.0,1,1.8,0.1717720776796341,30,0.1717720776796341,30
1,MCF7,2.0,A133,5,1,80.0,1,1.9,0.15878748893737793,15,0.15878748893737793,15
1,MCF7,2.0,A133,5,1,80.0,1,2.0,0.1663258820772171,10,0.1663258820772171,10
1,MCF7,2.0,A133,5,1,80.0,1,2.1,0.1572037786245346,12,0.1572037786245346,12
1,MCF7,2.0,A133,5,1,80.0,1,2.2,0.18323899805545807,6,,6
1,MCF7,2.0,A133,5,1,80.0,1,2.3,,2,,2
2,MCF7,2.0,A133,5,1,80.0,2,0.4,,0,0.11587408185005188,87
2,MCF7,2.0,A133,5,1,80.0,2,0.5,,3,0.1029423251748085,3078
2,MCF7,2.0,A133,5,1,80.0,2,0.6,0.11496417969465256,496,0.10986793786287308,8464
2,MCF7,2.0,A133,5,1,80.0,2,0.7,0.11226623505353928,1292,0.10696787387132645,4379
2,MCF7,2.0,A133,5,1,80.0,2,0.8,0.11109073460102081,1506,0.10411598533391953,2436
2,MCF7,2.0,A133,5,1,80.0,2,0.9,0.12141446024179459,1007,0.11440230906009674,1262
2,MCF7,2.0,A133,5,1,80.0,2,1.0,0.12972666323184967,703,0.12465734034776688,793
2,MCF7,2.0,A133,5,1,80.0,2,1.1,0.1371103972196579,540,0.13124282658100128,605
2,MCF7,2.0,A133,5,1,80.0,2,1.2,0.1394583135843277,252,0.12960456311702728,310
2,MCF7,2.0,A133,5,1,80.0,2,1.3,0.1381121724843979,137,0.12548519670963287,196
2,MCF7,2.0,A133,5,1,80.0,2,1.4,0.1300257295370102,108,0.12256187945604324,152
2,MCF7,2.0,A133,5,1,80.0,2,1.5,0.13802538812160492,70,0.12867431342601776,101
2,MCF7,2.0,A133,5,1,80.0,2,1.6,0.14150911569595337,30,0.13329224288463593,38
2,MCF7,2.0,A133,5,1,80.0,2,1.7,,3,,3
3,MCF7,2.0,A133,5,1,80.0,3,0.2,,0,0.07503774017095566,48
3,MCF7,2.0,A133,5,1,80.0,3,0.3,,0,0.0924442932009697,10488
3,MCF7,2.0,A133,5,1,80.0,3,0.4,0.1313936412334442,1738,0.12414255738258362,8529
3,MCF7,2.0,A133,5,1,80.0,3,0.5,0.1465269923210144,8412,0.146754190325737,18356
3,MCF7,2.0,A133,5,1,80.0,3,0.6,0.1672879457473755,4638,0.1672625094652176,4995
3,MCF7,2.0,A133,5,1,80.0,3,0.7,,0,,0
1,MCF7,2.0,A133,6,1,80.0,1,0.1,,0,0.07535546272993088,97
1,MCF7,2.0,A133,6,1,80.0,1,0.2,0.07689827680587769,3711,0.08437570929527283,11376
1,MCF7,2.0,A133,6,1,80.0,1,0.3,0.08084612339735031,4527,0.09204665571451187,12210
1,MCF7,2.0,A133,6,1,80.0,1,0.4,,2,0.1079229786992073,921
1,MCF7,2.0,A133,6,1,80.0,1,0.5,,0,0.13742730021476746,20
1,MCF7,2.0,A133,6,1,80.0,1,0.6,,0,,0
2,MCF7,2.0,A133,6,1,80.0,2,0.0,,0,0.0,13
2,MCF7,2.0,A133,6,1,80.0,2,0.1,0.05566620081663132,8819,0.06263155490159988,24242
2,MCF7,2.0,A133,6,1,80.0,2,0.2,0.06454284489154816,2833,0.07563979178667068,16109
2,MCF7,2.0,A133,6,1,80.0,2,0.3,,0,0.09577632695436478,190
2,MCF7,2.0,A133,6,1,80.0,2,0.4,,0,,6
2,MCF7,2.0,A133,6,1,80.0,2,0.5,,0,,0
3,MCF7,2.0,A133,6,1,80.0,3,0.0,,0,0.0,113
3,MCF7,2.0,A133,6,1,80.0,3,0.1,,0,,0
3,MCF7,2.0,A133,6,1,80.0,3,0.2,,0,0.06743474304676056,1093
3,MCF7,2.0,A133,6,1,80.0,3,0.3,0.0675245001912117,264,0.08114331215620041,25758
3,MCF7,2.0,A133,6,1,80.0,3,0.4,0.0862308070063591,10545,0.09414058178663254,30422
3,MCF7,2.0,A133,6,1,80.0,3,0.5,0.09917506575584412,494,0.12006868422031403,1720
3,MCF7,2.0,A133,6,1,80.0,3,0.6,,0,0.1607142984867096,45
3,MCF7,2.0,A133,6,1,80.0,3,0.7,,0,,1
3,MCF7,2.0,A133,6,1,80.0,3,0.8,,0,,0
4,MCF7,2.0,A133,6,1,80.0,4,0.1,,0,0.03962959721684456,19
4,MCF7,2.0,A133,6,1,80.0,4,0.2,0.059514690190553665,5525,0.06203775480389595,20948
4,MCF7,2.0,A133,6,1,80.0,4,0.3,0.0655185654759407,4582,0.0697193518280983,13114
4,MCF7,2.0,A133,6,1,80.0,4,0.4,,0,0.08775617927312851,47
1,MCF7,2.0,A133,7,1,80.0,1,0.3,0.08202057331800461,3057,0.0816662386059761,6296
1,MCF7,2.0,A133,7,1,80.0,1,0.4,0.08392736315727234,1851,0.08172936737537384,4855
1,MCF7,2.0,A133,7,1,80.0,1,0.5,,0,,1
2,MCF7,2.0,A133,7,1,80.0,2,0.1,0.09741029143333435,2975,0.0909498929977417,14353
2,MCF7,2.0,A133,7,1,80.0,2,0.2,0.10175006091594696,5894,0.09900356084108353,13998
2,MCF7,2.0,A133,7,1,80.0,2,0.3,,0,,1
3,MCF7,2.0,A133,7,1,80.0,3,0.3,0.11138791590929031,113,0.11364028602838516,2791
3,MCF7,2.0,A133,7,1,80.0,3,0.4,0.12215812504291534,2561,0.11784430593252182,7385
3,MCF7,2.0,A133,7,1,80.0,3,0.5,,0,,0
1,MCF7,2.0,A133,8,1,80.0,1,0.0,,0,,6
1,MCF7,2.0,A133,8,1,80.0,1,0.1,,0,,0
1,MCF7,2.0,A133,8,1,80.0,1,0.2,,0,,1
1,MCF7,2.0,A133,8,1,80.0,1,0.3,0.05051127448678017,71,0.04597461596131325,601
1,MCF7,2.0,A133,8,1,80.0,1,0.4,0.05733395740389824,4535,0.05712155997753143,9363
1,MCF7,2.0,A133,8,1,80.0,1,0.5,0.06347858160734177,3431,0.06518712639808655,6078
1,MCF7,2.0,A133,8,1,80.0,1,0.6,0.07646254450082779,61,0.07745134830474854,314
1,MCF7,2.0,A133,8,1,80.0,1,0.7,,0,0.09106117486953735,19
1,MCF7,2.0,A133,8,1,80.0,1,0.8,,0,,2
2,MCF7,2.0,A133,8,1,80.0,2,0.0,,0,,2
2,MCF7,2.0,A133,8,1,80.0,2,0.1,,0,,0
2,MCF7,2.0,A133,8,1,80.0,2,0.2,,0,0.028529196977615356,14
2,MCF7,2.0,A133,8,1,80.0,2,0.3,0.0509900227189064,267,0.04532822221517563,2665
2,MCF7,2.0,A133,8,1,80.0,2,0.4,0.05918081849813461,3767,0.05910170450806618,8350
2,MCF7,2.0,A133,8,1,80.0,2,0.5,0.07345981895923615,626,0.07562590390443802,1454
2,MCF7,2.0,A133,8,1,80.0,2,0.6,0.0933607816696167,6,0.09374458342790604,130
2,MCF7,2.0,A133,8,1,80.0,2,0.7,,0,,9
2,MCF7,2.0,A133,8,1,80.0,2,0.8,,0,,0
3,MCF7,2.0,A133,8,1,80.0,3,0.2,,0,0.03503395617008209,17
3,MCF7,2.0,A133,8,1,80.0,3,0.3,0.06331443041563034,4286,0.06351128220558167,10290
3,MCF7,2.0,A133,8,1,80.0,3,0.4,0.07191949337720871,575,0.07509994506835938,2089
3,MCF7,2.0,A133,8,1,80.0,3,0.5,0.06980890780687332,6,0.07381825149059296,20
4,MCF7,2.0,A133,8,1,80.0,4,0.2,0.07995512336492538,2361,0.06885987520217896,14890
4,MCF7,2.0,A133,8,1,80.0,4,0.3,0.09373104572296143,2547,0.09571962803602219,3910
4,MCF7,2.0,A133,8,1,80.0,4,0.4,,0,,0
5,MCF7,2.0,A133,8,1,80.0,5,0.1,,0,,6
5,MCF7,2.0,A133,8,1,80.0,5,0.2,0.07586796581745148,220,0.060828663408756256,13021
5,MCF7,2.0,A133,8,1,80.0,5,0.3,0.08704952895641327,4684,0.08562352508306503,9083
5,MCF7,2.0,A133,8,1,80.0,5,0.4,,0,,2
6,MCF7,2.0,A133,8,1,80.0,6,0.0,,0,0.0,71
6,MCF7,2.0,A133,8,1,80.0,6,0.1,,0,0.01732916384935379,20
6,MCF7,2.0,A133,8,1,80.0,6,0.2,0.03402058407664299,245,0.027976181358098984,10170
6,MCF7,2.0,A133,8,1,80.0,6,0.3,0.048147592693567276,5886,0.045841772109270096,22863
6,MCF7,2.0,A133,8,1,80.0,6,0.4,0.06512819230556488,3633,0.06667731702327728,4279
6,MCF7,2.0,A133,8,1,80.0,6,0.5,0.08766891807317734,5,,5
1,MCF7,2.0,A133,9,1,80.0,1,0.1,0.018281321972608566,44,0.018160982057452202,65
1,MCF7,2.0,A133,9,1,80.0,1,0.2,0.027074875310063362,3944,0.02932112291455269,12829
1,MCF7,2.0,A133,9,1,80.0,1,0.3,0.030590912327170372,173,0.04255380481481552,3659
1,MCF7,2.0,A133,9,1,80.0,1,0.4,0.032896433025598526,6,0.06581676006317139,63
1,MCF7,2.0,A133,9,1,80.0,1,0.5,,0,,7
1,MCF7,2.0,A133,9,1,80.0,1,0.6,,0,,5
1,MCF7,2.0,A133,9,1,80.0,1,0.7,,0,,3
1,MCF7,2.0,A133,9,1,80.0,1,0.8,,0,,5
1,MCF7,2.0,A133,9,1,80.0,1,0.9,,0,,6
1,MCF7,2.0,A133,9,1,80.0,1,1.0,,0,,4
1,MCF7,2.0,A133,9,1,80.0,1,1.1,,0,,3
1,MCF7,2.0,A133,9,1,80.0,1,1.2,,0,,1
1,MCF7,2.0,A133,9,1,80.0,1,1.3,,0,,3
1,MCF7,2.0,A133,9,1,80.0,1,1.4,,0,,2
1,MCF7,2.0,A133,9,1,80.0,1,1.5,,0,,1
2,MCF7,2.0,A133,9,1,80.0,2,0.3,,1,0.04980066046118736,121
2,MCF7,2.0,A133,9,1,80.0,2,0.4,0.06689097732305527,2004,0.06206837296485901,9820
2,MCF7,2.0,A133,9,1,80.0,2,0.5,0.06925938278436661,2919,0.0680689662694931,5505
2,MCF7,2.0,A133,9,1,80.0,2,0.6,0.08127783983945847,110,0.08117233961820602,121
2,MCF7,2.0,A133,9,1,80.0,2,0.7,,1,,1
3,MCF7,2.0,A133,9,1,80.0,3,0.3,0.02428470179438591,200,0.031136760488152504,400
3,MCF7,2.0,A133,9,1,80.0,3,0.4,0.03691118583083153,1142,0.04373909533023834,5021
3,MCF7,2.0,A133,9,1,80.0,3,0.5,0.04806886613368988,817,0.057581424713134766,3683
3,MCF7,2.0,A133,9,1,80.0,3,0.6,0.05977233126759529,660,0.07256829738616943,2197
3,MCF7,2.0,A133,9,1,80.0,3,0.7,0.06814027577638626,509,0.07866360992193222,1335
3,MCF7,2.0,A133,9,1,80.0,3,0.8,0.07953796535730362,556,0.08450031280517578,741
3,MCF7,2.0,A133,9,1,80.0,3,0.9,0.09342608600854874,799,0.09519142657518387,874
3,MCF7,2.0,A133,9,1,80.0,3,1.0,0.09993039071559906,817,0.10047675669193268,851
3,MCF7,2.0,A133,9,1,80.0,3,1.1,0.10559242963790894,496,0.10565950721502304,524
3,MCF7,2.0,A133,9,1,80.0,3,1.2,0.11218348890542984,315,0.11337930709123611,333
3,MCF7,2.0,A133,9,1,80.0,3,1.3,0.11966811120510101,211,0.11864101886749268,228
3,MCF7,2.0,A133,9,1,80.0,3,1.4,0.11931003630161285,199,0.11917143315076828,212
3,MCF7,2.0,A133,9,1,80.0,3,1.5,0.12424499541521072,149,0.12431567907333374,156
3,MCF7,2.0,A133,9,1,80.0,3,1.6,0.12545989453792572,105,0.12548090517520905,106
3,MCF7,2.0,A133,9,1,80.0,3,1.7,0.13462470471858978,80,0.13462470471858978,80
3,MCF7,2.0,A133,9,1,80.0,3,1.8,0.13546624779701233,62,0.13572610914707184,65
3,MCF7,2.0,A133,9,1,80.0,3,1.9,0.12569765746593475,47,0.12569765746593475,47
3,MCF7,2.0,A133,9,1,80.0,3,2.0,0.14517846703529358,38,0.14517846703529358,38
3,MCF7,2.0,A133,9,1,80.0,3,2.1,0.13713617622852325,30,0.13713617622852325,30
3,MCF7,2.0,A133,9,1,80.0,3,2.2,0.16744177043437958,26,0.16744177043437958,26
3,MCF7,2.0,A133,9,1,80.0,3,2.3,0.14848972856998444,13,0.14848972856998444,13
3,MCF7,2.0,A133,9,1,80.0,3,2.4,0.1362028867006302,6,,6
3,MCF7,2.0,A133,9,1,80.0,3,2.5,0.1471877247095108,10,0.1471877247095108,10
3,MCF7,2.0,A133,9,1,80.0,3,2.6,0.14584048092365265,5,,5
3,MCF7,2.0,A133,9,1,80.0,3,2.7,0.16036613285541534,7,,7
3,MCF7,2.0,A133,9,1,80.0,3,2.8,,2,,2
3,MCF7,2.0,A133,9,1,80.0,3,2.9,,0,,0
3,MCF7,2.0,A133,9,1,80.0,3,3.0,,2,,2
3,MCF7,2.0,A133,9,1,80.0,3,3.1,,0,,0
4,MCF7,2.0,A133,9,1,80.0,4,0.0,,0,0.0,12
4,MCF7,2.0,A133,9,1,80.0,4,0.1,,0,,0
4,MCF7,2.0,A133,9,1,80.0,4,0.2,,0,,0
4,MCF7,2.0,A133,9,1,80.0,4,0.3,,0,,0
4,MCF7,2.0,A133,9,1,80.0,4,0.4,,0,,0
4,MCF7,2.0,A133,9,1,80.0,4,0.5,,0,,0
4,MCF7,2.0,A133,9,1,80.0,4,0.6,,0,0.07145872712135315,35
4,MCF7,2.0,A133,9,1,80.0,4,0.7,0.062299445271492004,27,0.06378132849931717,419
4,MCF7,2.0,A133,9,1,80.0,4,0.8,0.0701773539185524,371,0.06946544349193573,1946
4,MCF7,2.0,A133,9,1,80.0,4,0.9,0.0801272988319397,1114,0.07891722768545151,3633
4,MCF7,2.0,A133,9,1,80.0,4,1.0,0.0834207832813263,922,0.08430369198322296,3000
4,MCF7,2.0,A133,9,1,80.0,4,1.1,0.08694948256015778,533,0.08811002224683762,1808
4,MCF7,2.0,A133,9,1,80.0,4,1.2,0.09445253759622574,315,0.09241201728582382,1017
4,MCF7,2.0,A133,9,1,80.0,4,1.3,0.09819521754980087,290,0.09505584090948105,698
4,MCF7,2.0,A133,9,1,80.0,4,1.4,0.10171240568161011,234,0.10044864565134048,445
4,MCF7,2.0,A133,9,1,80.0,4,1.5,0.11143124103546143,222,0.11307438462972641,314
4,MCF7,2.0,A133,9,1,80.0,4,1.6,0.12144806981086731,214,0.12363234162330627,267
4,MCF7,2.0,A133,9,1,80.0,4,1.7,0.12811794877052307,196,0.130859836935997,212
4,MCF7,2.0,A133,9,1,80.0,4,1.8,0.13351264595985413,169,0.13288116455078125,176
4,MCF7,2.0,A133,9,1,80.0,4,1.9,0.1386132836341858,155,0.14018909633159637,161
4,MCF7,2.0,A133,9,1,80.0,4,2.0,0.15046687424182892,131,0.149260476231575,133
4,MCF7,2.0,A133,9,1,80.0,4,2.1,0.15332800149917603,121,0.15281939506530762,122
4,MCF7,2.0,A133,9,1,80.0,4,2.2,0.15183542668819427,113,0.15210269391536713,114
4,MCF7,2.0,A133,9,1,80.0,4,2.3,0.15668907761573792,107,0.1562138795852661,108
4,MCF7,2.0,A133,9,1,80.0,4,2.4,0.1706165224313736,81,0.16942563652992249,84
4,MCF7,2.0,A133,9,1,80.0,4,2.5,0.16778141260147095,82,0.16778141260147095,82
4,MCF7,2.0,A133,9,1,80.0,4,2.6,0.1674938201904297,53,0.1674938201904297,53
4,MCF7,2.0,A133,9,1,80.0,4,2.7,0.18894653022289276,38,0.18894653022289276,38
4,MCF7,2.0,A133,9,1,80.0,4,2.8,0.16392859816551208,26,0.16392859816551208,26
4,MCF7,2.0,A133,9,1,80.0,4,2.9,0.1748584359884262,16,0.1748584359884262,16
4,MCF7,2.0,A133,9,1,80.0,4,3.0,0.20305198431015015,24,0.19918644428253174,25
4,MCF7,2.0,A133,9,1,80.0,4,3.1,0.2001776099205017,17,0.2001776099205017,17
4,MCF7,2.0,A133,9,1,80.0,4,3.2,0.2264491468667984,16,0.2264491468667984,16
4,MCF7,2.0,A133,9,1,80.0,4,3.3,0.19720913469791412,19,0.19720913469791412,19
4,MCF7,2.0,A133,9,1,80.0,4,3.4,0.19460001587867737,17,0.19460001587867737,17
4,MCF7,2.0,A133,9,1,80.0,4,3.5,0.21534013748168945,5,,5
4,MCF7,2.0,A133,9,1,80.0,4,3.6,0.1868177205324173,7,,7
4,MCF7,2.0,A133,9,1,80.0,4,3.7,0.24982380867004395,9,,9
4,MCF7,2.0,A133,9,1,80.0,4,3.8,0.2038966417312622,10,0.2038966417312622,10
4,MCF7,2.0,A133,9,1,80.0,4,3.9,0.22900451719760895,6,,6
4,MCF7,2.0,A133,9,1,80.0,4,4.0,0.25105035305023193,9,,9
4,MCF7,2.0,A133,9,1,80.0,4,4.1,0.18928486108779907,6,,6
4,MCF7,2.0,A133,9,1,80.0,4,4.2,0.20808595418930054,11,0.20808595418930054,11
4,MCF7,2.0,A133,9,1,80.0,4,4.3,0.20518851280212402,5,,5
4,MCF7,2.0,A133,9,1,80.0,4,4.4,,3,,3
4,MCF7,2.0,A133,9,1,80.0,4,4.5,0.21912869811058044,7,,7
4,MCF7,2.0,A133,9,1,80.0,4,4.6,0.20066054165363312,6,,6
4,MCF7,2.0,A133,9,1,80.0,4,4.7,0.22330421209335327,8,,8
4,MCF7,2.0,A133,9,1,80.0,4,4.8,,1,,1
4,MCF7,2.0,A133,9,1,80.0,4,4.9,0.16981486976146698,6,,6
4,MCF7,2.0,A133,9,1,80.0,4,5.0,0.21042007207870483,6,,6
4,MCF7,2.0,A133,9,1,80.0,4,5.1,0.2005007565021515,5,,5
4,MCF7,2.0,A133,9,1,80.0,4,5.2,,3,,3
4,MCF7,2.0,A133,9,1,80.0,4,5.3,,4,,4
4,MCF7,2.0,A133,9,1,80.0,4,5.4,,1,,1
4,MCF7,2.0,A133,9,1,80.0,4,5.5,,2,,2
4,MCF7,2.0,A133,9,1,80.0,4,5.6,,2,,2
4,MCF7,2.0,A133,9,1,80.0,4,5.7,,0,,0
4,MCF7,2.0,A133,9,1,80.0,4,5.8,,1,,1
5,MCF7,2.0,A133,9,1,80.0,5,0.0,,0,0.0,10
5,MCF7,2.0,A133,9,1,80.0,5,0.1,,0,,0
5,MCF7,2.0,A133,9,1,80.0,5,0.2,,0,,3
5,MCF7,2.0,A133,9,1,80.0,5,0.3,,2,0.04967408999800682,696
5,MCF7,2.0,A133,9,1,80.0,5,0.4,0.02906089834868908,116,0.05749562382698059,3002
5,MCF7,2.0,A133,9,1,80.0,5,0.5,0.029068391770124435,431,0.05721452087163925,4456
5,MCF7,2.0,A133,9,1,80.0,5,0.6,0.058028124272823334,657,0.07447236776351929,3335
5,MCF7,2.0,A133,9,1,80.0,5,0.7,0.08172944188117981,804,0.08750035613775253,1583
5,MCF7,2.0,A133,9,1,80.0,5,0.8,0.09229416400194168,742,0.0939050018787384,924
5,MCF7,2.0,A133,9,1,80.0,5,0.9,0.09928123652935028,733,0.09996069967746735,802
5,MCF7,2.0,A133,9,1,80.0,5,1.0,0.10912682116031647,707,0.10908117890357971,738
5,MCF7,2.0,A133,9,1,80.0,5,1.1,0.12072879821062088,451,0.12071961909532547,464
5,MCF7,2.0,A133,9,1,80.0,5,1.2,0.12347020953893661,364,0.1235668882727623,371
5,MCF7,2.0,A133,9,1,80.0,5,1.3,0.123746357858181,247,0.123746357858181,247
5,MCF7,2.0,A133,9,1,80.0,5,1.4,0.12471186369657516,137,0.12492721527814865,138
5,MCF7,2.0,A133,9,1,80.0,5,1.5,0.1272192746400833,61,0.1272192746400833,61
5,MCF7,2.0,A133,9,1,80.0,5,1.6,0.1291647106409073,25,0.1291647106409073,25
5,MCF7,2.0,A133,9,1,80.0,5,1.7,0.13099552690982819,9,,9
5,MCF7,2.0,A133,9,1,80.0,5,1.8,,0,,0
1,MCF7,2.0,A133,0,2,40.0,1,0.0,,0,0.0,9677
1,MCF7,2.0,A133,0,2,40.0,1,0.1,,0,,0
1,MCF7,2.0,A133,0,2,40.0,1,0.2,,0,0.06267756223678589,15
1,MCF7,2.0,A133,0,2,40.0,1,0.3,,1,0.05225582793354988,415
1,MCF7,2.0,A133,0,2,40.0,1,0.4,0.09172206372022629,375,0.06400676816701889,4804
1,MCF7,2.0,A133,0,2,40.0,1,0.5,0.11446747928857803,5711,0.09437863528728485,15614
1,MCF7,2.0,A133,0,2,40.0,1,0.6,0.1235165074467659,3561,0.11040615290403366,8897
1,MCF7,2.0,A133,0,2,40.0,1,0.7,0.12153175473213196,179,0.1171572357416153,1338
1,MCF7,2.0,A133,0,2,40.0,1,0.8,,3,0.132820725440979,238
1,MCF7,2.0,A133,0,2,40.0,1,0.9,,0,0.1453813910484314,26
1,MCF7,2.0,A133,0,2,40.0,1,1.0,,0,,0
2,MCF7,2.0,A133,0,2,40.0,2,0.0,,0,0.0,666
2,MCF7,2.0,A133,0,2,40.0,2,0.1,,0,,6
2,MCF7,2.0,A133,0,2,40.0,2,0.2,0.029684120789170265,12,0.04882914572954178,398
2,MCF7,2.0,A133,0,2,40.0,2,0.3,0.05969364941120148,249,0.07100851088762283,1390
2,MCF7,2.0,A133,0,2,40.0,2,0.4,0.07692284882068634,821,0.09190282225608826,2290
2,MCF7,2.0,A133,0,2,40.0,2,0.5,0.08783014118671417,729,0.10191801935434341,1497
2,MCF7,2.0,A133,0,2,40.0,2,0.6,0.09532801806926727,589,0.10519862920045853,916
2,MCF7,2.0,A133,0,2,40.0,2,0.7,0.10728053003549576,342,0.11277732253074646,512
2,MCF7,2.0,A133,0,2,40.0,2,0.8,0.11415649205446243,99,0.12107992172241211,161
2,MCF7,2.0,A133,0,2,40.0,2,0.9,0.11402174830436707,43,0.11858323216438293,70
2,MCF7,2.0,A133,0,2,40.0,2,1.0,0.10932166874408722,16,0.10343454778194427,29
2,MCF7,2.0,A133,0,2,40.0,2,1.1,0.11847148835659027,14,0.1156301274895668,21
2,MCF7,2.0,A133,0,2,40.0,2,1.2,0.11081216484308243,7,0.1138991042971611,11
2,MCF7,2.0,A133,0,2,40.0,2,1.3,0.13747040927410126,9,0.12371004372835159,11
2,MCF7,2.0,A133,0,2,40.0,2,1.4,,4,,5
2,MCF7,2.0,A133,0,2,40.0,2,1.5,,0,,0
2,MCF7,2.0,A133,0,2,40.0,2,1.6,,1,,1
2,MCF7,2.0,A133,0,2,40.0,2,1.7,,0,,0
3,MCF7,2.0,A133,0,2,40.0,3,0.0,,0,0.0,4022
3,MCF7,2.0,A133,0,2,40.0,3,0.1,,0,,0
3,MCF7,2.0,A133,0,2,40.0,3,0.2,0.05398394912481308,5,0.04389238357543945,88
3,MCF7,2.0,A133,0,2,40.0,3,0.3,0.061293862760066986,965,0.05876960977911949,2089
3,MCF7,2.0,A133,0,2,40.0,3,0.4,0.06234753876924515,2670,0.058740947395563126,5032
3,MCF7,2.0,A133,0,2,40.0,3,0.5,0.06357522308826447,2674,0.058021727949380875,6140
3,MCF7,2.0,A133,0,2,40.0,3,0.6,0.06859353929758072,1543,0.0615139938890934,3367
3,MCF7,2.0,A133,0,2,40.0,3,0.7,0.06878074258565903,540,0.06261288374662399,1249
3,MCF7,2.0,A133,0,2,40.0,3,0.8,0.06399085372686386,105,0.06526351720094681,293
3,MCF7,2.0,A133,0,2,40.0,3,0.9,0.055649492889642715,29,0.06324277073144913,64
3,MCF7,2.0,A133,0,2,40.0,3,1.0,,4,,6
3,MCF7,2.0,A133,0,2,40.0,3,1.1,,0,,2
3,MCF7,2.0,A133,0,2,40.0,3,1.2,,0,,0
1,MCF7,2.0,A133,10,2,40.0,1,0.2,0.11621825397014618,654,0.10837248712778091,5238
1,MCF7,2.0,A133,10,2,40.0,1,0.3,0.11492551118135452,2896,0.10879698395729065,6006
1,MCF7,2.0,A133,10,2,40.0,1,0.4,,2,,4
1,MCF7,2.0,A133,10,2,40.0,1,0.5,,0,,0
2,MCF7,2.0,A133,10,2,40.0,2,0.2,0.10406267642974854,1821,0.1024312973022461,6578
2,MCF7,2.0,A133,10,2,40.0,2,0.3,0.09682556241750717,2065,0.08985229581594467,4128
2,MCF7,2.0,A133,10,2,40.0,2,0.4,0.08852827548980713,55,0.07602059096097946,87
2,MCF7,2.0,A133,10,2,40.0,2,0.5,,2,,7
2,MCF7,2.0,A133,10,2,40.0,2,0.6,,0,,0
3,MCF7,2.0,A133,10,2,40.0,3,0.4,,0,0.12474139034748077,104
3,MCF7,2.0,A133,10,2,40.0,3,0.5,,3,0.14216016232967377,3256
3,MCF7,2.0,A133,10,2,40.0,3,0.6,0.16179078817367554,2637,0.15326936542987823,7936
3,MCF7,2.0,A133,10,2,40.0,3,0.7,0.16091549396514893,2085,0.1595297008752823,2331
3,MCF7,2.0,A133,10,2,40.0,3,0.8,0.1580936312675476,98,0.1580936312675476,98
3,MCF7,2.0,A133,10,2,40.0,3,0.9,,3,,3
3,MCF7,2.0,A133,10,2,40.0,3,1.0,,0,,0
1,MCF7,2.0,A133,11,2,40.0,1,0.0,,0,0.0,97
1,MCF7,2.0,A133,11,2,40.0,1,0.1,,0,,2
1,MCF7,2.0,A133,11,2,40.0,1,0.2,,0,0.10424041002988815,688
1,MCF7,2.0,A133,11,2,40.0,1,0.3,0.10758678615093231,147,0.1215309277176857,5095
1,MCF7,2.0,A133,11,2,40.0,1,0.4,0.13457947969436646,3211,0.14287003874778748,7566
1,MCF7,2.0,A133,11,2,40.0,1,0.5,0.13920991122722626,960,0.14544549584388733,1283
1,MCF7,2.0,A133,11,2,40.0,1,0.6,0.14865680038928986,38,0.15124574303627014,47
1,MCF7,2.0,A133,11,2,40.0,1,0.7,0.1422761082649231,6,,6
1,MCF7,2.0,A133,12,2,40.0,1,0.0,,0,0.0,11110
1,MCF7,2.0,A133,12,2,40.0,1,0.1,,0,0.1296631246805191,1270
1,MCF7,2.0,A133,12,2,40.0,1,0.2,0.09863053262233734,208,0.11260061711072922,10164
1,MCF7,2.0,A133,12,2,40.0,1,0.3,0.09337063878774643,9796,0.10463741421699524,35078
1,MCF7,2.0,A133,12,2,40.0,1,0.4,0.09949211776256561,4702,0.1107129380106926,12903
1,MCF7,2.0,A133,12,2,40.0,1,0.5,0.09937734156847,1128,0.10784762352705002,1511
1,MCF7,2.0,A133,12,2,40.0,1,0.6,0.10052381455898285,252,0.10151307284832001,283
1,MCF7,2.0,A133,12,2,40.0,1,0.7,0.09639691561460495,107,0.0946071520447731,122
1,MCF7,2.0,A133,12,2,40.0,1,0.8,0.10304776579141617,46,0.10189614444971085,48
1,MCF7,2.0,A133,12,2,40.0,1,0.9,0.12505067884922028,11,0.12505067884922028,11
1,MCF7,2.0,A133,12,2,40.0,1,1.0,0.12742969393730164,10,0.12742969393730164,10
1,MCF7,2.0,A133,12,2,40.0,1,1.1,0.12149178236722946,6,,6
1,MCF7,2.0,A133,12,2,40.0,1,1.2,0.1277095228433609,8,,8
1,MCF7,2.0,A133,12,2,40.0,1,1.3,,3,,3
1,MCF7,2.0,A133,12,2,40.0,1,1.4,,1,,1
1,MCF7,2.0,A133,13,2,40.0,1,0.0,,0,0.0,1081
1,MCF7,2.0,A133,13,2,40.0,1,0.1,0.09809349477291107,104,0.10782568156719208,7275
1,MCF7,2.0,A133,13,2,40.0,1,0.2,0.11901702731847763,17675,0.12214119732379913,42287
1,MCF7,2.0,A133,13,2,40.0,1,0.3,0.13115693628787994,1295,0.1388663798570633,2161
1,MCF7,2.0,A133,13,2,40.0,1,0.4,,0,0.1916058510541916,12
1,MCF7,2.0,A133,14,2,40.0,1,0.0,,0,0.0,739
1,MCF7,2.0,A133,14,2,40.0,1,0.1,0.06365154683589935,569,0.06358806788921356,1485
1,MCF7,2.0,A133,14,2,40.0,1,0.2,0.06475172191858292,6284,0.06796760857105255,10881
1,MCF7,2.0,A133,14,2,40.0,1,0.3,0.07709339261054993,11,0.08647878468036652,237
1,MCF7,2.0,A133,14,2,40.0,1,0.4,,0,,2
1,MCF7,2.0,A133,14,2,40.0,1,0.5,,0,,0
2,MCF7,2.0,A133,14,2,40.0,2,0.0,,0,0.0,865
2,MCF7,2.0,A133,14,2,40.0,2,0.1,,0,,0
2,MCF7,2.0,A133,14,2,40.0,2,0.2,0.09308674931526184,9,0.07414037734270096,307
2,MCF7,2.0,A133,14,2,40.0,2,0.3,0.10617922246456146,2204,0.09911017119884491,6124
2,MCF7,2.0,A133,14,2,40.0,2,0.4,0.11357999593019485,6200,0.11432212591171265,9612
2,MCF7,2.0,A133,14,2,40.0,2,0.5,0.12445724010467529,263,0.1306644231081009,1154
2,MCF7,2.0,A133,14,2,40.0,2,0.6,,1,0.1292201280593872,125
2,MCF7,2.0,A133,14,2,40.0,2,0.7,,0,0.1276693344116211,18
2,MCF7,2.0,A133,14,2,40.0,2,0.8,,0,,2
2,MCF7,2.0,A133,14,2,40.0,2,0.9,,0,,1
3,MCF7,2.0,A133,14,2,40.0,3,0.2,0.07438649982213974,2741,0.07161202281713486,10318
3,MCF7,2.0,A133,14,2,40.0,3,0.3,0.07306239753961563,4155,0.07086227834224701,11106
3,MCF7,2.0,A133,14,2,40.0,3,0.4,,0,,0
4,MCF7,2.0,A133,14,2,40.0,4,0.0,,0,0.0,2039
4,MCF7,2.0,A133,14,2,40.0,4,0.1,,0,0.09036549180746078,348
4,MCF7,2.0,A133,14,2,40.0,4,0.2,0.08348368108272552,1554,0.09382937103509903,15216
4,MCF7,2.0,A133,14,2,40.0,4,0.3,0.0964725911617279,3982,0.10308846086263657,8557
4,MCF7,2.0,A133,14,2,40.0,4,0.4,,1,0.14476148784160614,80
4,MCF7,2.0,A133,14,2,40.0,4,0.5,,0,,0
5,MCF7,2.0,A133,14,2,40.0,5,0.0,,0,0.0006531146354973316,3697
5,MCF7,2.0,A133,14,2,40.0,5,0.1,0.06157568469643593,1159,0.08506378531455994,18192
5,MCF7,2.0,A133,14,2,40.0,5,0.2,0.07227206975221634,15478,0.0838569849729538,37509
5,MCF7,2.0,A133,14,2,40.0,5,0.3,0.08542773872613907,75,0.1238345354795456,774
5,MCF7,2.0,A133,14,2,40.0,5,0.4,,0,,4
1,MCF7,2.0,A133,2,2,40.0,1,0.0,,0,0.0,313
1,MCF7,2.0,A133,2,2,40.0,1,0.1,0.05496435984969139,7,0.04585818573832512,95
1,MCF7,2.0,A133,2,2,40.0,1,0.2,0.06348919123411179,7603,0.060203466564416885,25103
1,MCF7,2.0,A133,2,2,40.0,1,0.3,0.06827244907617569,1838,0.06975439935922623,10225
1,MCF7,2.0,A133,2,2,40.0,1,0.4,,0,0.09671027213335037,195
1,MCF7,2.0,A133,2,2,40.0,1,0.5,,0,,5
2,MCF7,2.0,A133,2,2,40.0,2,0.0,,0,0.0,322
2,MCF7,2.0,A133,2,2,40.0,2,0.1,,0,0.04019835218787193,31
2,MCF7,2.0,A133,2,2,40.0,2,0.2,0.07578521221876144,491,0.06602457910776138,10874
2,MCF7,2.0,A133,2,2,40.0,2,0.3,0.08745633810758591,9508,0.08336636424064636,29375
2,MCF7,2.0,A133,2,2,40.0,2,0.4,0.09591353684663773,750,0.09447034448385239,1469
2,MCF7,2.0,A133,2,2,40.0,2,0.5,0.10331115871667862,37,0.09666915982961655,56
2,MCF7,2.0,A133,2,2,40.0,2,0.6,,1,,1
3,MCF7,2.0,A133,2,2,40.0,3,0.0,,0,0.0,2337
3,MCF7,2.0,A133,2,2,40.0,3,0.1,0.03130456060171127,5,0.03776615858078003,766
3,MCF7,2.0,A133,2,2,40.0,3,0.2,0.05354633927345276,8073,0.0500110499560833,19151
3,MCF7,2.0,A133,2,2,40.0,3,0.3,0.06101132929325104,577,0.06038924679160118,2198
3,MCF7,2.0,A133,2,2,40.0,3,0.4,,0,0.11345928907394409,12
3,MCF7,2.0,A133,2,2,40.0,3,0.5,,0,,0
1,MCF7,2.0,A133,5,2,40.0,1,0.0,,0,0.0,2591
1,MCF7,2.0,A133,5,2,40.0,1,0.1,,0,,2
1,MCF7,2.0,A133,5,2,40.0,1,0.2,0.07511640340089798,68,0.07064114511013031,1442
1,MCF7,2.0,A133,5,2,40.0,1,0.3,0.08959513157606125,6902,0.08655554056167603,18605
1,MCF7,2.0,A133,5,2,40.0,1,0.4,0.09959426522254944,4132,0.1001783236861229,9488
1,MCF7,2.0,A133,5,2,40.0,1,0.5,0.1097455769777298,31,0.11093005537986755,404
1,MCF7,2.0,A133,5,2,40.0,1,0.6,,0,0.10447920113801956,27
1,MCF7,2.0,A133,5,2,40.0,1,0.7,,0,,1
2,MCF7,2.0,A133,5,2,40.0,2,0.0,,0,0.0,288
2,MCF7,2.0,A133,5,2,40.0,2,0.1,,0,,3
2,MCF7,2.0,A133,5,2,40.0,2,0.2,0.12090945243835449,7,0.07462650537490845,4923
2,MCF7,2.0,A133,5,2,40.0,2,0.3,0.09852039813995361,5075,0.09367657452821732,29076
2,MCF7,2.0,A133,5,2,40.0,2,0.4,0.1079757809638977,11397,0.10939623415470123,16692
2,MCF7,2.0,A133,5,2,40.0,2,0.5,0.11779824644327164,292,0.12320993840694427,515
2,MCF7,2.0,A133,5,2,40.0,2,0.6,,0,,7
2,MCF7,2.0,A133,5,2,40.0,2,0.7,,0,,0
1,MCF7,2.0,A133,6,2,40.0,1,0.0,,0,0.0,202
1,MCF7,2.0,A133,6,2,40.0,1,0.1,,0,,0
1,MCF7,2.0,A133,6,2,40.0,1,0.2,,1,0.07837498933076859,46
1,MCF7,2.0,A133,6,2,40.0,1,0.3,0.07600513845682144,1059,0.08666448295116425,3671
1,MCF7,2.0,A133,6,2,40.0,1,0.4,0.07804577797651291,3090,0.08740407973527908,8020
1,MCF7,2.0,A133,6,2,40.0,1,0.5,0.07871679216623306,1737,0.08699629455804825,3765
1,MCF7,2.0,A133,6,2,40.0,1,0.6,0.08873520791530609,1153,0.09219291061162949,1586
1,MCF7,2.0,A133,6,2,40.0,1,0.7,0.09539643675088882,576,0.09629783034324646,668
1,MCF7,2.0,A133,6,2,40.0,1,0.8,0.102034792304039,340,0.10058935731649399,367
1,MCF7,2.0,A133,6,2,40.0,1,0.9,0.10470238327980042,220,0.10335218906402588,238
1,MCF7,2.0,A133,6,2,40.0,1,1.0,0.10075490176677704,92,0.09892690926790237,101
1,MCF7,2.0,A133,6,2,40.0,1,1.1,0.1042821854352951,56,0.10167404264211655,61
1,MCF7,2.0,A133,6,2,40.0,1,1.2,0.11350664496421814,29,0.11350664496421814,29
1,MCF7,2.0,A133,6,2,40.0,1,1.3,0.12490962445735931,20,0.12490962445735931,20
1,MCF7,2.0,A133,6,2,40.0,1,1.4,0.09748316556215286,16,0.09748316556215286,16
1,MCF7,2.0,A133,6,2,40.0,1,1.5,0.09710845351219177,9,,9
1,MCF7,2.0,A133,6,2,40.0,1,1.6,0.12130474299192429,12,0.12130474299192429,12
1,MCF7,2.0,A133,6,2,40.0,1,1.7,,2,,2
1,MCF7,2.0,A133,6,2,40.0,1,1.8,,2,,2
1,MCF7,2.0,A133,6,2,40.0,1,1.9,,1,,1
1,MCF7,2.0,A133,6,2,40.0,1,2.0,,0,,0
1,MCF7,2.0,A133,7,2,40.0,1,0.0,,0,0.0,37
1,MCF7,2.0,A133,7,2,40.0,1,0.1,,0,0.05257356911897659,56
1,MCF7,2.0,A133,7,2,40.0,1,0.2,0.09013484418392181,5549,0.08730453997850418,14737
1,MCF7,2.0,A133,7,2,40.0,1,0.3,0.10312957316637039,766,0.11402807384729385,3693
1,MCF7,2.0,A133,7,2,40.0,1,0.4,,0,0.1537594199180603,53
1,MCF7,2.0,A133,7,2,40.0,1,0.5,,0,,0
2,MCF7,2.0,A133,7,2,40.0,2,0.0,,0,0.0,200
2,MCF7,2.0,A133,7,2,40.0,2,0.1,,0,0.0277312733232975,14
2,MCF7,2.0,A133,7,2,40.0,2,0.2,0.04429453983902931,590,0.05066525936126709,8989
2,MCF7,2.0,A133,7,2,40.0,2,0.3,0.06397734582424164,2717,0.0734415352344513,12670
2,MCF7,2.0,A133,7,2,40.0,2,0.4,0.07355578988790512,1309,0.08158942312002182,1748
2,MCF7,2.0,A133,7,2,40.0,2,0.5,0.07941381633281708,647,0.08011983335018158,657
2,MCF7,2.0,A133,7,2,40.0,2,0.6,0.08359497040510178,749,0.08359497040510178,749
2,MCF7,2.0,A133,7,2,40.0,2,0.7,0.0821237713098526,449,0.0821237713098526,449
2,MCF7,2.0,A133,7,2,40.0,2,0.8,0.0809478759765625,183,0.0809478759765625,183
2,MCF7,2.0,A133,7,2,40.0,2,0.9,0.08062120527029037,50,0.08062120527029037,50
2,MCF7,2.0,A133,7,2,40.0,2,1.0,0.07493126392364502,15,0.07493126392364502,15
2,MCF7,2.0,A133,7,2,40.0,2,1.1,,4,,4
1,MCF7,2.0,A133,8,2,40.0,1,0.3,0.10624741017818451,8,0.09541788697242737,363
1,MCF7,2.0,A133,8,2,40.0,1,0.4,0.10665629059076309,3043,0.10666042566299438,7654
1,MCF7,2.0,A133,8,2,40.0,1,0.5,0.11023831367492676,721,0.11021788418292999,1665
1,MCF7,2.0,A133,8,2,40.0,1,0.6,0.10671263188123703,79,0.11473160982131958,158
1,MCF7,2.0,A133,8,2,40.0,1,0.7,,0,,0
1,MCF7,2.0,A133,9,2,40.0,1,0.0,,0,0.0,1152
1,MCF7,2.0,A133,9,2,40.0,1,0.1,,0,0.05043908208608627,1058
1,MCF7,2.0,A133,9,2,40.0,1,0.2,0.07571563124656677,1232,0.0676923543214798,28447
1,MCF7,2.0,A133,9,2,40.0,1,0.3,0.09638974815607071,9728,0.09204541891813278,22003
1,MCF7,2.0,A133,9,2,40.0,1,0.4,0.110707588493824,481,0.10680252313613892,795
1,MCF7,2.0,A133,9,2,40.0,1,0.5,,0,,1
1,MCF7,4.0,A133,0,1,80.0,1,0.2,,0,0.03983497992157936,4283
1,MCF7,4.0,A133,0,1,80.0,1,0.3,0.07120469957590103,6101,0.06235018000006676,22357
1,MCF7,4.0,A133,0,1,80.0,1,0.4,0.08393548429012299,3725,0.0811779797077179,5088
1,MCF7,4.0,A133,0,1,80.0,1,0.5,,0,,0
2,MCF7,4.0,A133,0,1,80.0,2,0.2,,0,0.046898629516363144,17
2,MCF7,4.0,A133,0,1,80.0,2,0.3,,1,0.06396908313035965,18131
2,MCF7,4.0,A133,0,1,80.0,2,0.4,0.09191098064184189,3726,0.08334153890609741,24464
2,MCF7,4.0,A133,0,1,80.0,2,0.5,0.11263689398765564,5510,0.11345391720533371,6644
2,MCF7,4.0,A133,0,1,80.0,2,0.6,0.13295716047286987,89,0.13416971266269684,104
1,MCF7,4.0,A133,1,1,80.0,1,0.3,0.09984198957681656,616,0.09109946340322495,3647
1,MCF7,4.0,A133,1,1,80.0,1,0.4,0.10348069667816162,3163,0.09820475429296494,6597
1,MCF7,4.0,A133,1,1,80.0,1,0.5,0.11258970201015472,27,0.11240880936384201,28
1,MCF7,4.0,A133,1,1,80.0,1,0.6,,0,,0
2,MCF7,4.0,A133,1,1,80.0,2,0.0,,0,0.0,343
2,MCF7,4.0,A133,1,1,80.0,2,0.1,,0,,0
2,MCF7,4.0,A133,1,1,80.0,2,0.2,,0,,0
2,MCF7,4.0,A133,1,1,80.0,2,0.3,,0,,0
2,MCF7,4.0,A133,1,1,80.0,2,0.4,,0,,6
2,MCF7,4.0,A133,1,1,80.0,2,0.5,,4,0.08024122565984726,311
2,MCF7,4.0,A133,1,1,80.0,2,0.6,0.1036892831325531,609,0.0961989015340805,3508
2,MCF7,4.0,A133,1,1,80.0,2,0.7,0.11288181692361832,3412,0.11026383191347122,9295
2,MCF7,4.0,A133,1,1,80.0,2,0.8,0.11911717802286148,1196,0.12075386196374893,5468
2,MCF7,4.0,A133,1,1,80.0,2,0.9,0.10957244038581848,117,0.12930822372436523,2086
2,MCF7,4.0,A133,1,1,80.0,2,1.0,0.10522899031639099,68,0.1365833580493927,759
2,MCF7,4.0,A133,1,1,80.0,2,1.1,0.11647929251194,16,0.15049029886722565,220
2,MCF7,4.0,A133,1,1,80.0,2,1.2,,2,0.15925538539886475,54
2,MCF7,4.0,A133,1,1,80.0,2,1.3,,0,0.1618248075246811,12
2,MCF7,4.0,A133,1,1,80.0,2,1.4,,0,,1
2,MCF7,4.0,A133,1,1,80.0,2,1.5,,0,,1
3,MCF7,4.0,A133,1,1,80.0,3,0.0,,0,0.0,429
3,MCF7,4.0,A133,1,1,80.0,3,0.1,,0,,4
3,MCF7,4.0,A133,1,1,80.0,3,0.2,,0,0.0735868290066719,1982
3,MCF7,4.0,A133,1,1,80.0,3,0.3,0.07747145742177963,738,0.08594575524330139,22130
3,MCF7,4.0,A133,1,1,80.0,3,0.4,0.09092553704977036,4014,0.09582991153001785,22691
3,MCF7,4.0,A133,1,1,80.0,3,0.5,0.10236984491348267,9180,0.10273948311805725,12955
3,MCF7,4.0,A133,1,1,80.0,3,0.6,0.10774567723274231,277,0.1112600713968277,399
3,MCF7,4.0,A133,1,1,80.0,3,0.7,,0,,2
4,MCF7,4.0,A133,1,1,80.0,4,0.0,,0,0.0,10
4,MCF7,4.0,A133,1,1,80.0,4,0.1,,0,,0
4,MCF7,4.0,A133,1,1,80.0,4,0.2,,0,,0
4,MCF7,4.0,A133,1,1,80.0,4,0.3,,0,,5
4,MCF7,4.0,A133,1,1,80.0,4,0.4,,0,0.07730989158153534,399
4,MCF7,4.0,A133,1,1,80.0,4,0.5,0.09306750446557999,1041,0.09385081380605698,6811
4,MCF7,4.0,A133,1,1,80.0,4,0.6,0.10506982356309891,6105,0.10848326981067657,16593
4,MCF7,4.0,A133,1,1,80.0,4,0.7,0.11800240725278854,853,0.1266094446182251,4786
4,MCF7,4.0,A133,1,1,80.0,4,0.8,,4,0.14272184669971466,488
4,MCF7,4.0,A133,1,1,80.0,4,0.9,,0,0.15031728148460388,41
4,MCF7,4.0,A133,1,1,80.0,4,1.0,,0,,3
4,MCF7,4.0,A133,1,1,80.0,4,1.1,,0,,0
1,MCF7,4.0,A133,10,1,80.0,1,0.0,,0,0.0,5278
1,MCF7,4.0,A133,10,1,80.0,1,0.1,,0,0.052715592086315155,471
1,MCF7,4.0,A133,10,1,80.0,1,0.2,0.06918688863515854,3250,0.06200790777802467,17750
1,MCF7,4.0,A133,10,1,80.0,1,0.3,0.07553063333034515,2564,0.07661233842372894,7682
1,MCF7,4.0,A133,10,1,80.0,1,0.4,0.08843307197093964,141,0.09097076207399368,268
1,MCF7,4.0,A133,10,1,80.0,1,0.5,,4,,7
1,MCF7,4.0,A133,10,1,80.0,1,0.6,,0,,0
2,MCF7,4.0,A133,10,1,80.0,2,0.0,,0,0.0,10205
2,MCF7,4.0,A133,10,1,80.0,2,0.1,,0,,2
2,MCF7,4.0,A133,10,1,80.0,2,0.2,,0,0.06903339177370071,237
2,MCF7,4.0,A133,10,1,80.0,2,0.3,0.08339031040668488,36,0.0790477991104126,3719
2,MCF7,4.0,A133,10,1,80.0,2,0.4,0.09761172533035278,3811,0.09373732656240463,14325
2,MCF7,4.0,A133,10,1,80.0,2,0.5,0.10561840236186981,5581,0.10616157948970795,11870
2,MCF7,4.0,A133,10,1,80.0,2,0.6,0.11596231907606125,723,0.1202925592660904,1993
2,MCF7,4.0,A133,10,1,80.0,2,0.7,0.12297670543193817,25,0.13645881414413452,223
2,MCF7,4.0,A133,10,1,80.0,2,0.8,,1,0.1527443677186966,26
2,MCF7,4.0,A133,10,1,80.0,2,0.9,,0,,7
2,MCF7,4.0,A133,10,1,80.0,2,1.0,,0,,1
1,MCF7,4.0,A133,2,1,80.0,1,0.5,,3,0.1408345103263855,227
1,MCF7,4.0,A133,2,1,80.0,1,0.6,0.13070926070213318,207,0.14006103575229645,1185
1,MCF7,4.0,A133,2,1,80.0,1,0.7,0.14168670773506165,1016,0.14832283556461334,2672
1,MCF7,4.0,A133,2,1,80.0,1,0.8,0.15044744312763214,841,0.15472424030303955,2069
1,MCF7,4.0,A133,2,1,80.0,1,0.9,0.16248644888401031,879,0.1630556583404541,1529
1,MCF7,4.0,A133,2,1,80.0,1,1.0,0.16680839657783508,706,0.16689829528331757,976
1,MCF7,4.0,A133,2,1,80.0,1,1.1,0.1698387712240219,361,0.17256154119968414,453
1,MCF7,4.0,A133,2,1,80.0,1,1.2,0.17389801144599915,153,0.1779337227344513,185
1,MCF7,4.0,A133,2,1,80.0,1,1.3,0.176646426320076,53,0.17666439712047577,66
1,MCF7,4.0,A133,2,1,80.0,1,1.4,0.20399102568626404,18,0.20499569177627563,24
1,MCF7,4.0,A133,2,1,80.0,1,1.5,0.17727424204349518,7,0.18647310137748718,14
1,MCF7,4.0,A133,2,1,80.0,1,1.6,0.18926870822906494,9,0.19091545045375824,11
1,MCF7,4.0,A133,2,1,80.0,1,1.7,0.20704233646392822,5,,8
1,MCF7,4.0,A133,2,1,80.0,1,1.8,,1,,3
1,MCF7,4.0,A133,2,1,80.0,1,1.9,,1,,2
1,MCF7,4.0,A133,2,1,80.0,1,2.0,,0,,0
2,MCF7,4.0,A133,2,1,80.0,2,0.2,0.10115636885166168,9,0.1044049859046936,3333
2,MCF7,4.0,A133,2,1,80.0,2,0.3,0.13990001380443573,5678,0.12695977091789246,17997
2,MCF7,4.0,A133,2,1,80.0,2,0.4,0.13853226602077484,14,0.13853226602077484,14
3,MCF7,4.0,A133,2,1,80.0,3,0.3,0.09802104532718658,712,0.09609079360961914,1800
3,MCF7,4.0,A133,2,1,80.0,3,0.4,0.09941628575325012,2020,0.10285364091396332,5453
3,MCF7,4.0,A133,2,1,80.0,3,0.5,0.10321224480867386,118,0.10866031050682068,721
3,MCF7,4.0,A133,2,1,80.0,3,0.6,,0,0.09798987209796906,10
3,MCF7,4.0,A133,2,1,80.0,3,0.7,,0,,0
4,MCF7,4.0,A133,2,1,80.0,4,0.2,,0,0.10664360225200653,240
4,MCF7,4.0,A133,2,1,80.0,4,0.3,0.13572604954242706,4161,0.12833935022354126,23951
4,MCF7,4.0,A133,2,1,80.0,4,0.4,0.14793147146701813,3610,0.14807941019535065,3953
4,MCF7,4.0,A133,2,1,80.0,4,0.5,,0,,0
5,MCF7,4.0,A133,2,1,80.0,5,0.8,,0,,5
5,MCF7,4.0,A133,2,1,80.0,5,0.9,,0,0.14445364475250244,93
5,MCF7,4.0,A133,2,1,80.0,5,1.0,,0,0.1575131118297577,397
5,MCF7,4.0,A133,2,1,80.0,5,1.1,,0,0.16902464628219604,917
5,MCF7,4.0,A133,2,1,80.0,5,1.2,0.1649482250213623,26,0.17460204660892487,1368
5,MCF7,4.0,A133,2,1,80.0,5,1.3,0.16836266219615936,450,0.17819488048553467,2031
5,MCF7,4.0,A133,2,1,80.0,5,1.4,0.172535702586174,1208,0.17792253196239471,2440
5,MCF7,4.0,A133,2,1,80.0,5,1.5,0.18579480051994324,1217,0.1859549731016159,1909
5,MCF7,4.0,A133,2,1,80.0,5,1.6,0.19388791918754578,942,0.1913945972919464,1240
5,MCF7,4.0,A133,2,1,80.0,5,1.7,0.18505319952964783,318,0.17748741805553436,412
5,MCF7,4.0,A133,2,1,80.0,5,1.8,0.14392229914665222,25,0.14661280810832977,48
5,MCF7,4.0,A133,2,1,80.0,5,1.9,,0,,3
5,MCF7,4.0,A133,2,1,80.0,5,2.0,,0,,0
5,MCF7,4.0,A133,2,1,80.0,5,2.1,,0,,0
5,MCF7,4.0,A133,2,1,80.0,5,2.2,,0,,1
5,MCF7,4.0,A133,2,1,80.0,5,2.3,,0,,0
1,MCF7,4.0,A133,3,1,80.0,1,0.2,,0,,1
1,MCF7,4.0,A133,3,1,80.0,1,0.3,0.08351337909698486,2710,0.09071793407201767,17856
1,MCF7,4.0,A133,3,1,80.0,1,0.4,0.10716884583234787,3721,0.10709981620311737,10619
1,MCF7,4.0,A133,3,1,80.0,1,0.5,0.12079761922359467,582,0.12091079354286194,614
1,MCF7,4.0,A133,3,1,80.0,1,0.6,0.12203021347522736,62,0.12203021347522736,62
2,MCF7,4.0,A133,3,1,80.0,2,0.3,,0,0.03380986675620079,72
2,MCF7,4.0,A133,3,1,80.0,2,0.4,0.07749233394861221,1472,0.07457379996776581,5549
2,MCF7,4.0,A133,3,1,80.0,2,0.5,0.07683619856834412,1670,0.07425601035356522,5452
2,MCF7,4.0,A133,3,1,80.0,2,0.6,0.08358003199100494,1649,0.08215996623039246,1929
2,MCF7,4.0,A133,3,1,80.0,2,0.7,0.08636710792779922,626,0.08520094305276871,672
2,MCF7,4.0,A133,3,1,80.0,2,0.8,0.09414143860340118,282,0.09319554269313812,302
2,MCF7,4.0,A133,3,1,80.0,2,0.9,0.0988810732960701,87,0.09376228600740433,104
2,MCF7,4.0,A133,3,1,80.0,2,1.0,0.0939689353108406,50,0.0931091234087944,52
2,MCF7,4.0,A133,3,1,80.0,2,1.1,0.09420391917228699,32,0.09420391917228699,32
2,MCF7,4.0,A133,3,1,80.0,2,1.2,0.0977318063378334,11,0.0977318063378334,11
2,MCF7,4.0,A133,3,1,80.0,2,1.3,,1,,1
3,MCF7,4.0,A133,3,1,80.0,3,0.2,0.05771961808204651,24,0.0698351263999939,341
3,MCF7,4.0,A133,3,1,80.0,3,0.3,0.071319580078125,4038,0.07911914587020874,11595
3,MCF7,4.0,A133,3,1,80.0,3,0.4,0.08908326923847198,3328,0.09297388792037964,4797
3,MCF7,4.0,A133,3,1,80.0,3,0.5,0.100321926176548,1093,0.10218916088342667,1245
3,MCF7,4.0,A133,3,1,80.0,3,0.6,0.11136054247617722,325,0.11183023452758789,480
3,MCF7,4.0,A133,3,1,80.0,3,0.7,0.11941135674715042,170,0.12043306231498718,215
3,MCF7,4.0,A133,3,1,80.0,3,0.8,0.1183018833398819,84,0.12059587240219116,92
3,MCF7,4.0,A133,3,1,80.0,3,0.9,0.1263531893491745,28,0.12983065843582153,32
3,MCF7,4.0,A133,3,1,80.0,3,1.0,,3,,3
3,MCF7,4.0,A133,3,1,80.0,3,1.1,,0,,0
4,MCF7,4.0,A133,3,1,80.0,4,0.3,0.07086560875177383,5,0.0505230613052845,72
4,MCF7,4.0,A133,3,1,80.0,4,0.4,0.06644218415021896,2114,0.06521966308355331,7299
4,MCF7,4.0,A133,3,1,80.0,4,0.5,0.06592521071434021,5376,0.070308156311512,10137
4,MCF7,4.0,A133,3,1,80.0,4,0.6,0.07212809473276138,2487,0.07356011867523193,2778
4,MCF7,4.0,A133,3,1,80.0,4,0.7,0.07345584034919739,382,0.07375597953796387,390
4,MCF7,4.0,A133,3,1,80.0,4,0.8,0.07739570736885071,72,0.07739570736885071,72
4,MCF7,4.0,A133,3,1,80.0,4,0.9,,4,,4
5,MCF7,4.0,A133,3,1,80.0,5,0.0,,0,,1
5,MCF7,4.0,A133,3,1,80.0,5,0.1,,0,,0
5,MCF7,4.0,A133,3,1,80.0,5,0.2,,0,0.07369958609342575,13
5,MCF7,4.0,A133,3,1,80.0,5,0.3,0.052364327013492584,21,0.08281372487545013,3761
5,MCF7,4.0,A133,3,1,80.0,5,0.4,0.10450761765241623,3337,0.10055126994848251,15960
5,MCF7,4.0,A133,3,1,80.0,5,0.5,0.1313033401966095,5146,0.1336025446653366,10239
5,MCF7,4.0,A133,3,1,80.0,5,0.6,0.14594529569149017,283,0.15442873537540436,860
5,MCF7,4.0,A133,3,1,80.0,5,0.7,0.13978663086891174,7,0.16137757897377014,14
5,MCF7,4.0,A133,3,1,80.0,5,0.8,,0,,0
1,MCF7,4.0,A133,4,1,80.0,1,0.2,,0,0.05844162404537201,92
1,MCF7,4.0,A133,4,1,80.0,1,0.3,0.07891251146793365,709,0.07246960699558258,8578
1,MCF7,4.0,A133,4,1,80.0,1,0.4,0.0862584263086319,3917,0.08499307185411453,8627
1,MCF7,4.0,A133,4,1,80.0,1,0.5,0.09984850138425827,959,0.09918603301048279,2165
1,MCF7,4.0,A133,4,1,80.0,1,0.6,0.10839850455522537,780,0.10787450522184372,1242
1,MCF7,4.0,A133,4,1,80.0,1,0.7,0.11509791016578674,239,0.11500544100999832,280
1,MCF7,4.0,A133,4,1,80.0,1,0.8,0.12625724077224731,70,0.12604451179504395,74
1,MCF7,4.0,A133,4,1,80.0,1,0.9,0.1342686116695404,38,0.13500753045082092,40
1,MCF7,4.0,A133,4,1,80.0,1,1.0,0.14325717091560364,28,0.14325717091560364,28
1,MCF7,4.0,A133,4,1,80.0,1,1.1,0.15555185079574585,17,0.15555185079574585,17
1,MCF7,4.0,A133,4,1,80.0,1,1.2,0.17060500383377075,9,,9
1,MCF7,4.0,A133,4,1,80.0,1,1.3,,0,,0
2,MCF7,4.0,A133,4,1,80.0,2,0.4,,0,,2
2,MCF7,4.0,A133,4,1,80.0,2,0.5,0.099066361784935,640,0.08871271461248398,2303
2,MCF7,4.0,A133,4,1,80.0,2,0.6,0.10127823054790497,632,0.09647337347269058,1221
2,MCF7,4.0,A133,4,1,80.0,2,0.7,0.1085161492228508,497,0.12017423659563065,746
2,MCF7,4.0,A133,4,1,80.0,2,0.8,0.12674792110919952,778,0.14026370644569397,1135
2,MCF7,4.0,A133,4,1,80.0,2,0.9,0.13245896995067596,1305,0.13781845569610596,1649
2,MCF7,4.0,A133,4,1,80.0,2,1.0,0.14127181470394135,660,0.14570288360118866,1015
2,MCF7,4.0,A133,4,1,80.0,2,1.1,0.14049439132213593,14,0.15596960484981537,57
1,MCF7,4.0,A133,5,1,80.0,1,0.0,,0,0.0,391
1,MCF7,4.0,A133,5,1,80.0,1,0.1,,0,,0
1,MCF7,4.0,A133,5,1,80.0,1,0.2,,0,,0
1,MCF7,4.0,A133,5,1,80.0,1,0.3,,0,,0
1,MCF7,4.0,A133,5,1,80.0,1,0.4,,0,,2
1,MCF7,4.0,A133,5,1,80.0,1,0.5,,0,0.06819552928209305,76
1,MCF7,4.0,A133,5,1,80.0,1,0.6,0.07080947607755661,70,0.08192996680736542,846
1,MCF7,4.0,A133,5,1,80.0,1,0.7,0.09892725944519043,632,0.09699893742799759,3867
1,MCF7,4.0,A133,5,1,80.0,1,0.8,0.10817712545394897,1552,0.11113474518060684,6748
1,MCF7,4.0,A133,5,1,80.0,1,0.9,0.11142254620790482,1500,0.12168975174427032,5830
1,MCF7,4.0,A133,5,1,80.0,1,1.0,0.1165694072842598,889,0.1333615928888321,3282
1,MCF7,4.0,A133,5,1,80.0,1,1.1,0.12403532862663269,308,0.14300386607646942,1404
1,MCF7,4.0,A133,5,1,80.0,1,1.2,0.12305780500173569,91,0.1567191779613495,549
1,MCF7,4.0,A133,5,1,80.0,1,1.3,0.1260206252336502,19,0.16403822600841522,195
1,MCF7,4.0,A133,5,1,80.0,1,1.4,,2,0.17583537101745605,63
1,MCF7,4.0,A133,5,1,80.0,1,1.5,,0,0.1695343405008316,16
1,MCF7,4.0,A133,5,1,80.0,1,1.6,,0,,9
1,MCF7,4.0,A133,5,1,80.0,1,1.7,,0,,2
1,MCF7,4.0,A133,5,1,80.0,1,1.8,,0,,0
2,MCF7,4.0,A133,5,1,80.0,2,0.0,,0,0.0,90
2,MCF7,4.0,A133,5,1,80.0,2,0.1,,0,,0
2,MCF7,4.0,A133,5,1,80.0,2,0.2,,0,,0
2,MCF7,4.0,A133,5,1,80.0,2,0.3,,0,,0
2,MCF7,4.0,A133,5,1,80.0,2,0.4,,1,0.051054682582616806,15
2,MCF7,4.0,A133,5,1,80.0,2,0.5,0.08086225390434265,199,0.07739207148551941,1414
2,MCF7,4.0,A133,5,1,80.0,2,0.6,0.08819574862718582,3533,0.08788330852985382,13303
2,MCF7,4.0,A133,5,1,80.0,2,0.7,0.09806977957487106,3906,0.09689760953187943,13473
2,MCF7,4.0,A133,5,1,80.0,2,0.8,0.10363082587718964,897,0.10746927559375763,4187
2,MCF7,4.0,A133,5,1,80.0,2,0.9,0.10212785005569458,84,0.12320848554372787,955
2,MCF7,4.0,A133,5,1,80.0,2,1.0,0.08264046907424927,12,0.13682787120342255,233
2,MCF7,4.0,A133,5,1,80.0,2,1.1,,1,0.14414918422698975,50
2,MCF7,4.0,A133,5,1,80.0,2,1.2,,0,,6
2,MCF7,4.0,A133,5,1,80.0,2,1.3,,0,,2
1,MCF7,4.0,A133,7,1,80.0,1,0.3,0.1220746710896492,2066,0.11357999593019485,8421
1,MCF7,4.0,A133,7,1,80.0,1,0.4,0.14071017503738403,1710,0.14340431988239288,2843
1,MCF7,4.0,A133,7,1,80.0,1,0.5,,0,,0
1,MCF7,4.0,A133,8,1,80.0,1,0.1,0.06462686508893967,37,0.06731043756008148,96
1,MCF7,4.0,A133,8,1,80.0,1,0.2,0.06963132321834564,8114,0.0730372965335846,16849
1,MCF7,4.0,A133,8,1,80.0,1,0.3,0.07893075048923492,2899,0.07783060520887375,3812
1,MCF7,4.0,A133,8,1,80.0,1,0.4,0.08724414557218552,1032,0.08710625767707825,1054
1,MCF7,4.0,A133,8,1,80.0,1,0.5,0.08908850699663162,160,0.08899432420730591,162
1,MCF7,4.0,A133,8,1,80.0,1,0.6,0.09210047870874405,39,0.09190201759338379,40
1,MCF7,4.0,A133,8,1,80.0,1,0.7,0.09163109213113785,12,0.09163109213113785,12
1,MCF7,4.0,A133,8,1,80.0,1,0.8,0.08638681471347809,16,0.08638681471347809,16
1,MCF7,4.0,A133,8,1,80.0,1,0.9,,3,,3
1,MCF7,4.0,A133,8,1,80.0,1,1.0,,4,,4
2,MCF7,4.0,A133,8,1,80.0,2,0.2,,0,0.0928279459476471,48
2,MCF7,4.0,A133,8,1,80.0,2,0.3,0.09945081919431686,51,0.10038666427135468,3556
2,MCF7,4.0,A133,8,1,80.0,2,0.4,0.10633285343647003,4833,0.11246973276138306,14535
2,MCF7,4.0,A133,8,1,80.0,2,0.5,0.11711053550243378,7905,0.12143301218748093,10965
2,MCF7,4.0,A133,8,1,80.0,2,0.6,0.12440316379070282,1021,0.1272229105234146,1196
2,MCF7,4.0,A133,8,1,80.0,2,0.7,,4,,4
3,MCF7,4.0,A133,8,1,80.0,3,0.0,,0,0.0010148703586310148,345
3,MCF7,4.0,A133,8,1,80.0,3,0.1,,0,0.1108703762292862,1873
3,MCF7,4.0,A133,8,1,80.0,3,0.2,0.07339493930339813,1303,0.09008509665727615,14251
3,MCF7,4.0,A133,8,1,80.0,3,0.3,0.08491366356611252,6339,0.09462154656648636,11619
3,MCF7,4.0,A133,8,1,80.0,3,0.4,,4,0.1382032185792923,71
3,MCF7,4.0,A133,8,1,80.0,3,0.5,,0,,1
1,MCF7,4.0,A133,9,1,80.0,1,0.4,0.09526066482067108,300,0.09848852455615997,415
1,MCF7,4.0,A133,9,1,80.0,1,0.5,0.09780680388212204,933,0.0963280200958252,1920
1,MCF7,4.0,A133,9,1,80.0,1,0.6,0.09890274703502655,618,0.0994735062122345,3280
1,MCF7,4.0,A133,9,1,80.0,1,0.7,0.09962371736764908,910,0.10401377826929092,3150
1,MCF7,4.0,A133,9,1,80.0,1,0.8,0.11082773655653,738,0.11335288733243942,1760
1,MCF7,4.0,A133,9,1,80.0,1,0.9,0.11975640058517456,705,0.1208333671092987,1135
1,MCF7,4.0,A133,9,1,80.0,1,1.0,0.12713392078876495,662,0.12788549065589905,906
1,MCF7,4.0,A133,9,1,80.0,1,1.1,0.1378118097782135,463,0.13798916339874268,621
1,MCF7,4.0,A133,9,1,80.0,1,1.2,0.14403995871543884,357,0.1422777622938156,460
1,MCF7,4.0,A133,9,1,80.0,1,1.3,0.14809918403625488,241,0.14517171680927277,317
1,MCF7,4.0,A133,9,1,80.0,1,1.4,0.1512601673603058,188,0.14970183372497559,227
1,MCF7,4.0,A133,9,1,80.0,1,1.5,0.15841978788375854,92,0.1579131931066513,115
1,MCF7,4.0,A133,9,1,80.0,1,1.6,0.16137170791625977,47,0.16099584102630615,62
1,MCF7,4.0,A133,9,1,80.0,1,1.7,0.16480393707752228,21,0.16245132684707642,23
1,MCF7,4.0,A133,9,1,80.0,1,1.8,0.17671063542366028,8,,8
1,MCF7,4.0,A133,9,1,80.0,1,1.9,,0,,1
1,MCF7,4.0,A133,9,1,80.0,1,2.0,,0,,0
2,MCF7,4.0,A133,9,1,80.0,2,0.1,,0,0.09817004203796387,113
2,MCF7,4.0,A133,9,1,80.0,2,0.2,0.11602292209863663,4684,0.10842272639274597,20808
2,MCF7,4.0,A133,9,1,80.0,2,0.3,0.11727156490087509,213,0.11152268201112747,343
3,MCF7,4.0,A133,9,1,80.0,3,0.3,,1,0.09419620782136917,386
3,MCF7,4.0,A133,9,1,80.0,3,0.4,0.09601663053035736,2079,0.1019435003399849,7794
3,MCF7,4.0,A133,9,1,80.0,3,0.5,0.10099469870328903,1063,0.11045359075069427,2098
3,MCF7,4.0,A133,9,1,80.0,3,0.6,0.13767707347869873,20,0.14376811683177948,49
3,MCF7,4.0,A133,9,1,80.0,3,0.7,,0,0.12397897988557816,16
3,MCF7,4.0,A133,9,1,80.0,3,0.8,,0,,8
3,MCF7,4.0,A133,9,1,80.0,3,0.9,,0,,0
3,MCF7,4.0,A133,9,1,80.0,3,1.0,,0,,1
1,MCF7,4.0,A133,0,2,40.0,1,0.0,,0,0.0,432
1,MCF7,4.0,A133,0,2,40.0,1,0.1,,0,,0
1,MCF7,4.0,A133,0,2,40.0,1,0.2,,0,,0
1,MCF7,4.0,A133,0,2,40.0,1,0.3,,0,,0
1,MCF7,4.0,A133,0,2,40.0,1,0.4,,0,,0
1,MCF7,4.0,A133,0,2,40.0,1,0.5,,0,,0
1,MCF7,4.0,A133,0,2,40.0,1,0.6,,0,,0
1,MCF7,4.0,A133,0,2,40.0,1,0.7,,0,,0
1,MCF7,4.0,A133,0,2,40.0,1,0.8,,0,,0
1,MCF7,4.0,A133,0,2,40.0,1,0.9,,0,,0
1,MCF7,4.0,A133,0,2,40.0,1,1.0,,0,,0
1,MCF7,4.0,A133,0,2,40.0,1,1.1,,0,,5
1,MCF7,4.0,A133,0,2,40.0,1,1.2,,0,0.1910005360841751,48
1,MCF7,4.0,A133,0,2,40.0,1,1.3,,0,0.2109207808971405,219
1,MCF7,4.0,A133,0,2,40.0,1,1.4,,0,0.22490058839321136,717
1,MCF7,4.0,A133,0,2,40.0,1,1.5,0.2803301513195038,7,0.2411876916885376,1457
1,MCF7,4.0,A133,0,2,40.0,1,1.6,0.30072227120399475,127,0.2598629891872406,2419
1,MCF7,4.0,A133,0,2,40.0,1,1.7,0.3071131706237793,479,0.27685126662254333,3216
1,MCF7,4.0,A133,0,2,40.0,1,1.8,0.31437253952026367,838,0.2911882698535919,3351
1,MCF7,4.0,A133,0,2,40.0,1,1.9,0.3311103284358978,791,0.30368322134017944,2929
1,MCF7,4.0,A133,0,2,40.0,1,2.0,0.33516135811805725,879,0.3075297474861145,2760
1,MCF7,4.0,A133,0,2,40.0,1,2.1,0.33278998732566833,997,0.30875420570373535,2725
1,MCF7,4.0,A133,0,2,40.0,1,2.2,0.32727715373039246,816,0.30572161078453064,2290
1,MCF7,4.0,A133,0,2,40.0,1,2.3,0.3201339542865753,482,0.30481812357902527,1724
1,MCF7,4.0,A133,0,2,40.0,1,2.4,0.3143485188484192,242,0.3003796935081482,1157
1,MCF7,4.0,A133,0,2,40.0,1,2.5,0.30424049496650696,87,0.3016081154346466,716
1,MCF7,4.0,A133,0,2,40.0,1,2.6,0.2917546033859253,12,0.30742913484573364,410
1,MCF7,4.0,A133,0,2,40.0,1,2.7,,2,0.30322346091270447,248
1,MCF7,4.0,A133,0,2,40.0,1,2.8,,0,0.302998423576355,147
1,MCF7,4.0,A133,0,2,40.0,1,2.9,,0,0.3243117928504944,69
1,MCF7,4.0,A133,0,2,40.0,1,3.0,,0,0.322753369808197,38
1,MCF7,4.0,A133,0,2,40.0,1,3.1,,0,0.3140188455581665,21
1,MCF7,4.0,A133,0,2,40.0,1,3.2,,0,0.2782277464866638,17
1,MCF7,4.0,A133,0,2,40.0,1,3.3,,0,0.3298962116241455,12
1,MCF7,4.0,A133,0,2,40.0,1,3.4,,0,,2
1,MCF7,4.0,A133,0,2,40.0,1,3.5,,0,,3
1,MCF7,4.0,A133,0,2,40.0,1,3.6,,0,,3
1,MCF7,4.0,A133,0,2,40.0,1,3.7,,0,,0
1,MCF7,4.0,A133,0,2,40.0,1,3.8,,0,,0
1,MCF7,4.0,A133,0,2,40.0,1,3.9,,0,,1
1,MCF7,4.0,A133,0,2,40.0,1,4.0,,0,,0
2,MCF7,4.0,A133,0,2,40.0,2,0.0,,0,0.0,122
2,MCF7,4.0,A133,0,2,40.0,2,0.1,0.0489158108830452,10,0.045473363250494,900
2,MCF7,4.0,A133,0,2,40.0,2,0.2,0.07391596585512161,11895,0.06908459216356277,31374
2,MCF7,4.0,A133,0,2,40.0,2,0.3,0.08558866381645203,6389,0.08393440395593643,10377
2,MCF7,4.0,A133,0,2,40.0,2,0.4,,1,0.08688757568597794,43
2,MCF7,4.0,A133,0,2,40.0,2,0.5,,0,,0
3,MCF7,4.0,A133,0,2,40.0,3,0.0,,0,0.0,36
3,MCF7,4.0,A133,0,2,40.0,3,0.1,,0,0.042704906314611435,13
3,MCF7,4.0,A133,0,2,40.0,3,0.2,0.055233195424079895,139,0.06289706379175186,7795
3,MCF7,4.0,A133,0,2,40.0,3,0.3,0.08528675138950348,9654,0.08071321249008179,28733
3,MCF7,4.0,A133,0,2,40.0,3,0.4,0.09228461980819702,6248,0.09317941963672638,8877
3,MCF7,4.0,A133,0,2,40.0,3,0.5,0.099270299077034,263,0.10036608576774597,338
3,MCF7,4.0,A133,0,2,40.0,3,0.6,,0,,0
1,MCF7,4.0,A133,10,2,40.0,1,0.0,,0,0.0,1972
1,MCF7,4.0,A133,10,2,40.0,1,0.1,,0,,3
1,MCF7,4.0,A133,10,2,40.0,1,0.2,,1,0.07307364046573639,972
1,MCF7,4.0,A133,10,2,40.0,1,0.3,0.08421729505062103,1873,0.09074883162975311,15667
1,MCF7,4.0,A133,10,2,40.0,1,0.4,0.10564917325973511,8253,0.11449462175369263,23578
1,MCF7,4.0,A133,10,2,40.0,1,0.5,0.12271402031183243,5947,0.13119001686573029,11569
1,MCF7,4.0,A133,10,2,40.0,1,0.6,0.13561570644378662,748,0.14613205194473267,1658
1,MCF7,4.0,A133,10,2,40.0,1,0.7,0.15642350912094116,9,0.18338297307491302,108
1,MCF7,4.0,A133,10,2,40.0,1,0.8,,0,,7
1,MCF7,4.0,A133,10,2,40.0,1,0.9,,0,,2
2,MCF7,4.0,A133,10,2,40.0,2,0.0,,0,0.0,104
2,MCF7,4.0,A133,10,2,40.0,2,0.1,,0,,3
2,MCF7,4.0,A133,10,2,40.0,2,0.2,,0,0.0588269904255867,187
2,MCF7,4.0,A133,10,2,40.0,2,0.3,,0,0.08886680006980896,1380
2,MCF7,4.0,A133,10,2,40.0,2,0.4,0.08693518489599228,71,0.10402227193117142,10720
2,MCF7,4.0,A133,10,2,40.0,2,0.5,0.10558492690324783,2987,0.11559075862169266,20949
2,MCF7,4.0,A133,10,2,40.0,2,0.6,0.1222829818725586,6890,0.12858743965625763,14649
2,MCF7,4.0,A133,10,2,40.0,2,0.7,0.14094795286655426,6002,0.1428898125886917,7829
2,MCF7,4.0,A133,10,2,40.0,2,0.8,0.15351735055446625,2279,0.1555451601743698,2603
2,MCF7,4.0,A133,10,2,40.0,2,0.9,0.16328296065330505,134,0.1701074093580246,181
2,MCF7,4.0,A133,10,2,40.0,2,1.0,,0,,3
1,MCF7,4.0,A133,2,2,40.0,1,0.0,,0,0.0,3397
1,MCF7,4.0,A133,2,2,40.0,1,0.1,,0,,0
1,MCF7,4.0,A133,2,2,40.0,1,0.2,,0,,0
1,MCF7,4.0,A133,2,2,40.0,1,0.3,0.05509356036782265,43,0.05509356036782265,43
1,MCF7,4.0,A133,2,2,40.0,1,0.4,0.05485381931066513,705,0.05210386961698532,801
1,MCF7,4.0,A133,2,2,40.0,1,0.5,0.05512123554944992,943,0.04961467161774635,1877
1,MCF7,4.0,A133,2,2,40.0,1,0.6,0.06252972781658173,1291,0.05414808541536331,3205
1,MCF7,4.0,A133,2,2,40.0,1,0.7,0.0736793801188469,1689,0.0642935186624527,3961
1,MCF7,4.0,A133,2,2,40.0,1,0.8,0.08263242989778519,1474,0.0715911015868187,4034
1,MCF7,4.0,A133,2,2,40.0,1,0.9,0.08980562537908554,1361,0.07918712496757507,3817
1,MCF7,4.0,A133,2,2,40.0,1,1.0,0.09817373752593994,1086,0.0873815193772316,2723
1,MCF7,4.0,A133,2,2,40.0,1,1.1,0.10764506459236145,706,0.09558691829442978,1571
1,MCF7,4.0,A133,2,2,40.0,1,1.2,0.11600054800510406,363,0.1035849004983902,696
1,MCF7,4.0,A133,2,2,40.0,1,1.3,0.11787251383066177,154,0.11181783676147461,296
1,MCF7,4.0,A133,2,2,40.0,1,1.4,0.11375810950994492,42,0.11944331228733063,92
1,MCF7,4.0,A133,2,2,40.0,1,1.5,0.12820875644683838,10,0.11739639937877655,23
1,MCF7,4.0,A133,2,2,40.0,1,1.6,,2,,8
1,MCF7,4.0,A133,2,2,40.0,1,1.7,,0,,0
2,MCF7,4.0,A133,2,2,40.0,2,0.0,,0,0.0,12222
2,MCF7,4.0,A133,2,2,40.0,2,0.1,,4,0.04370500519871712,950
2,MCF7,4.0,A133,2,2,40.0,2,0.2,0.0729624405503273,11490,0.06337336450815201,34839
2,MCF7,4.0,A133,2,2,40.0,2,0.3,0.07701542973518372,8498,0.07425033301115036,16699
2,MCF7,4.0,A133,2,2,40.0,2,0.4,0.034970931708812714,5,0.08280850946903229,481
2,MCF7,4.0,A133,2,2,40.0,2,0.5,,0,0.12069161981344223,23
2,MCF7,4.0,A133,2,2,40.0,2,0.6,,0,,1
2,MCF7,4.0,A133,2,2,40.0,2,0.7,,0,,1
3,MCF7,4.0,A133,2,2,40.0,3,0.0,,0,0.0,12416
3,MCF7,4.0,A133,2,2,40.0,3,0.1,0.05466456711292267,6,0.05743057653307915,1989
3,MCF7,4.0,A133,2,2,40.0,3,0.2,0.06987657397985458,12408,0.06817524135112762,29859
3,MCF7,4.0,A133,2,2,40.0,3,0.3,0.07659268379211426,1440,0.08324048668146133,3428
3,MCF7,4.0,A133,2,2,40.0,3,0.4,,0,0.12707415223121643,20
3,MCF7,4.0,A133,2,2,40.0,3,0.5,,0,,0
1,MCF7,4.0,A133,3,2,40.0,1,0.0,,0,0.0,2040
1,MCF7,4.0,A133,3,2,40.0,1,0.1,,0,,0
1,MCF7,4.0,A133,3,2,40.0,1,0.2,,0,,1
1,MCF7,4.0,A133,3,2,40.0,1,0.3,,0,0.11182081699371338,236
1,MCF7,4.0,A133,3,2,40.0,1,0.4,0.11260391026735306,32,0.12733374536037445,2719
1,MCF7,4.0,A133,3,2,40.0,1,0.5,0.13995079696178436,119,0.14160500466823578,8576
1,MCF7,4.0,A133,3,2,40.0,1,0.6,0.1670062243938446,1179,0.1567918211221695,10927
1,MCF7,4.0,A133,3,2,40.0,1,0.7,0.1761322170495987,1938,0.16849248111248016,7122
1,MCF7,4.0,A133,3,2,40.0,1,0.8,0.18438825011253357,1287,0.17912352085113525,2692
1,MCF7,4.0,A133,3,2,40.0,1,0.9,0.19205552339553833,681,0.18785959482192993,915
1,MCF7,4.0,A133,3,2,40.0,1,1.0,0.20554010570049286,395,0.2038649171590805,432
1,MCF7,4.0,A133,3,2,40.0,1,1.1,0.20709547400474548,214,0.20693126320838928,217
1,MCF7,4.0,A133,3,2,40.0,1,1.2,0.22387298941612244,132,0.22387298941612244,132
1,MCF7,4.0,A133,3,2,40.0,1,1.3,0.23104502260684967,112,0.23104502260684967,112
1,MCF7,4.0,A133,3,2,40.0,1,1.4,0.22996416687965393,93,0.22996416687965393,93
1,MCF7,4.0,A133,3,2,40.0,1,1.5,0.2208695262670517,50,0.2208695262670517,50
1,MCF7,4.0,A133,3,2,40.0,1,1.6,0.2133648842573166,24,0.2133648842573166,24
1,MCF7,4.0,A133,3,2,40.0,1,1.7,0.22944696247577667,15,0.22944696247577667,15
1,MCF7,4.0,A133,3,2,40.0,1,1.8,,1,,1
2,MCF7,4.0,A133,3,2,40.0,2,0.0,,0,0.0,51
2,MCF7,4.0,A133,3,2,40.0,2,0.1,,0,,0
2,MCF7,4.0,A133,3,2,40.0,2,0.2,,0,,0
2,MCF7,4.0,A133,3,2,40.0,2,0.3,,0,,6
2,MCF7,4.0,A133,3,2,40.0,2,0.4,0.08520195633172989,84,0.07954445481300354,649
2,MCF7,4.0,A133,3,2,40.0,2,0.5,0.10961423814296722,924,0.10328057408332825,4458
2,MCF7,4.0,A133,3,2,40.0,2,0.6,0.12030554562807083,3078,0.11625450104475021,8698
2,MCF7,4.0,A133,3,2,40.0,2,0.7,0.12381662428379059,3419,0.12450843304395676,6824
2,MCF7,4.0,A133,3,2,40.0,2,0.8,0.13455133140087128,446,0.13555042445659637,1590
2,MCF7,4.0,A133,3,2,40.0,2,0.9,0.13637858629226685,18,0.14599883556365967,246
2,MCF7,4.0,A133,3,2,40.0,2,1.0,0.13134892284870148,7,0.1426936388015747,46
2,MCF7,4.0,A133,3,2,40.0,2,1.1,,0,,6
2,MCF7,4.0,A133,3,2,40.0,2,1.2,,0,,2
2,MCF7,4.0,A133,3,2,40.0,2,1.3,,0,,0
3,MCF7,4.0,A133,3,2,40.0,3,0.0,,0,0.0,14
3,MCF7,4.0,A133,3,2,40.0,3,0.1,,0,,0
3,MCF7,4.0,A133,3,2,40.0,3,0.2,,0,0.09600397199392319,97
3,MCF7,4.0,A133,3,2,40.0,3,0.3,0.1306755095720291,452,0.11447795480489731,5626
3,MCF7,4.0,A133,3,2,40.0,3,0.4,0.13434888422489166,2636,0.12382523715496063,10390
3,MCF7,4.0,A133,3,2,40.0,3,0.5,0.13150198757648468,550,0.13145992159843445,1367
3,MCF7,4.0,A133,3,2,40.0,3,0.6,0.14791402220726013,76,0.14714257419109344,120
3,MCF7,4.0,A133,3,2,40.0,3,0.7,,0,,2
3,MCF7,4.0,A133,3,2,40.0,3,0.8,,0,,0
1,MCF7,4.0,A133,4,2,40.0,1,0.0,,0,0.0,6364
1,MCF7,4.0,A133,4,2,40.0,1,0.1,0.06903047114610672,572,0.054338641464710236,8094
1,MCF7,4.0,A133,4,2,40.0,1,0.2,0.08106745779514313,16678,0.07023721933364868,40480
1,MCF7,4.0,A133,4,2,40.0,1,0.3,0.08017055690288544,255,0.0704696774482727,1373
1,MCF7,4.0,A133,4,2,40.0,1,0.4,,0,0.07516121119260788,24
1,MCF7,4.0,A133,4,2,40.0,1,0.5,,0,,1
2,MCF7,4.0,A133,4,2,40.0,2,0.0,,0,0.0,15655
2,MCF7,4.0,A133,4,2,40.0,2,0.1,,0,0.034248124808073044,17
2,MCF7,4.0,A133,4,2,40.0,2,0.2,,0,0.04399685561656952,1307
2,MCF7,4.0,A133,4,2,40.0,2,0.3,0.09379398077726364,382,0.05772470682859421,7080
2,MCF7,4.0,A133,4,2,40.0,2,0.4,0.09556782990694046,7769,0.08564849197864532,15731
2,MCF7,4.0,A133,4,2,40.0,2,0.5,0.08416108042001724,852,0.08373378217220306,2913
2,MCF7,4.0,A133,4,2,40.0,2,0.6,,1,0.09910355508327484,315
2,MCF7,4.0,A133,4,2,40.0,2,0.7,,0,0.1090184897184372,46
2,MCF7,4.0,A133,4,2,40.0,2,0.8,,0,,7
2,MCF7,4.0,A133,4,2,40.0,2,0.9,,0,,1
2,MCF7,4.0,A133,4,2,40.0,2,1.0,,0,,0
3,MCF7,4.0,A133,4,2,40.0,3,0.2,0.05792895331978798,1364,0.0555877611041069,6049
3,MCF7,4.0,A133,4,2,40.0,3,0.3,0.07645635306835175,7158,0.0776083916425705,18146
3,MCF7,4.0,A133,4,2,40.0,3,0.4,0.08618395775556564,29,0.08618395775556564,29
1,MCF7,4.0,A133,5,2,40.0,1,0.0,,0,,5
1,MCF7,4.0,A133,5,2,40.0,1,0.1,,0,,0
1,MCF7,4.0,A133,5,2,40.0,1,0.2,,0,,0
1,MCF7,4.0,A133,5,2,40.0,1,0.3,,0,,0
1,MCF7,4.0,A133,5,2,40.0,1,0.4,0.12527616322040558,70,0.11194383352994919,309
1,MCF7,4.0,A133,5,2,40.0,1,0.5,0.1289493441581726,1910,0.12301000207662582,6310
1,MCF7,4.0,A133,5,2,40.0,1,0.6,0.1306491643190384,3225,0.12841494381427765,5892
1,MCF7,4.0,A133,5,2,40.0,1,0.7,0.13518989086151123,1602,0.13505730032920837,2089
1,MCF7,4.0,A133,5,2,40.0,1,0.8,0.14309737086296082,306,0.14455163478851318,418
1,MCF7,4.0,A133,5,2,40.0,1,0.9,0.15083403885364532,41,0.14638184010982513,48
1,MCF7,4.0,A133,5,2,40.0,1,1.0,,1,,1
2,MCF7,4.0,A133,5,2,40.0,2,0.0,,0,0.0,135
2,MCF7,4.0,A133,5,2,40.0,2,0.1,,0,,0
2,MCF7,4.0,A133,5,2,40.0,2,0.2,,0,0.08225183933973312,19
2,MCF7,4.0,A133,5,2,40.0,2,0.3,0.08451184630393982,270,0.08050175756216049,3034
2,MCF7,4.0,A133,5,2,40.0,2,0.4,0.09589333087205887,658,0.08630465716123581,2971
2,MCF7,4.0,A133,5,2,40.0,2,0.5,0.1098780632019043,628,0.10394348949193954,1573
2,MCF7,4.0,A133,5,2,40.0,2,0.6,0.12797364592552185,747,0.13197380304336548,1518
2,MCF7,4.0,A133,5,2,40.0,2,0.7,0.13778690993785858,803,0.14297804236412048,1308
2,MCF7,4.0,A133,5,2,40.0,2,0.8,0.14537769556045532,500,0.1533491313457489,844
2,MCF7,4.0,A133,5,2,40.0,2,0.9,0.15443187952041626,365,0.1584261804819107,451
2,MCF7,4.0,A133,5,2,40.0,2,1.0,0.15799953043460846,303,0.15927915275096893,322
2,MCF7,4.0,A133,5,2,40.0,2,1.1,0.16315379738807678,280,0.16343799233436584,284
2,MCF7,4.0,A133,5,2,40.0,2,1.2,0.16771553456783295,197,0.16802890598773956,200
2,MCF7,4.0,A133,5,2,40.0,2,1.3,0.170380100607872,133,0.170380100607872,133
2,MCF7,4.0,A133,5,2,40.0,2,1.4,0.16748656332492828,95,0.16748656332492828,95
2,MCF7,4.0,A133,5,2,40.0,2,1.5,0.1652984470129013,34,0.1652984470129013,34
2,MCF7,4.0,A133,5,2,40.0,2,1.6,0.17472878098487854,18,0.17472878098487854,18
2,MCF7,4.0,A133,5,2,40.0,2,1.7,0.1719353348016739,12,0.1719353348016739,12
2,MCF7,4.0,A133,5,2,40.0,2,1.8,0.16530118882656097,6,,6
2,MCF7,4.0,A133,5,2,40.0,2,1.9,,3,,3
3,MCF7,4.0,A133,5,2,40.0,3,0.5,,0,0.12666729092597961,21
3,MCF7,4.0,A133,5,2,40.0,3,0.6,,0,0.14393578469753265,387
3,MCF7,4.0,A133,5,2,40.0,3,0.7,,2,0.16937954723834991,1433
3,MCF7,4.0,A133,5,2,40.0,3,0.8,0.22228652238845825,267,0.2042486071586609,3437
3,MCF7,4.0,A133,5,2,40.0,3,0.9,0.22987563908100128,1420,0.22798167169094086,3119
3,MCF7,4.0,A133,5,2,40.0,3,1.0,0.24705319106578827,607,0.24843445420265198,720
3,MCF7,4.0,A133,5,2,40.0,3,1.1,0.26400965452194214,87,0.26400965452194214,87
3,MCF7,4.0,A133,5,2,40.0,3,1.2,0.25530046224594116,30,0.25530046224594116,30
3,MCF7,4.0,A133,5,2,40.0,3,1.3,0.2613939940929413,14,0.2613939940929413,14
3,MCF7,4.0,A133,5,2,40.0,3,1.4,,0,,0
1,MCF7,4.0,A133,6,2,40.0,1,0.0,,0,0.0,3055
1,MCF7,4.0,A133,6,2,40.0,1,0.1,,0,,0
1,MCF7,4.0,A133,6,2,40.0,1,0.2,,0,,0
1,MCF7,4.0,A133,6,2,40.0,1,0.3,,0,,0
1,MCF7,4.0,A133,6,2,40.0,1,0.4,,0,0.029475213959813118,106
1,MCF7,4.0,A133,6,2,40.0,1,0.5,,0,0.041587140411138535,1557
1,MCF7,4.0,A133,6,2,40.0,1,0.6,0.07141772657632828,9,0.05420372262597084,6301
1,MCF7,4.0,A133,6,2,40.0,1,0.7,0.08703981339931488,953,0.06885689496994019,11628
1,MCF7,4.0,A133,6,2,40.0,1,0.8,0.09839940071105957,4021,0.08533826470375061,12296
1,MCF7,4.0,A133,6,2,40.0,1,0.9,0.10606101155281067,3572,0.0959722176194191,8534
1,MCF7,4.0,A133,6,2,40.0,1,1.0,0.11502166092395782,1097,0.10023221373558044,3787
1,MCF7,4.0,A133,6,2,40.0,1,1.1,0.1162087693810463,119,0.0992162674665451,1340
1,MCF7,4.0,A133,6,2,40.0,1,1.2,0.11775355786085129,33,0.10371237993240356,583
1,MCF7,4.0,A133,6,2,40.0,1,1.3,0.11326296627521515,16,0.10525605827569962,279
1,MCF7,4.0,A133,6,2,40.0,1,1.4,,0,0.10869943350553513,130
1,MCF7,4.0,A133,6,2,40.0,1,1.5,,0,0.09622976928949356,76
1,MCF7,4.0,A133,6,2,40.0,1,1.6,,0,0.11223635077476501,26
1,MCF7,4.0,A133,6,2,40.0,1,1.7,,0,,9
1,MCF7,4.0,A133,6,2,40.0,1,1.8,,0,,4
1,MCF7,4.0,A133,6,2,40.0,1,1.9,,0,,1
2,MCF7,4.0,A133,6,2,40.0,2,0.0,,0,0.0,12982
2,MCF7,4.0,A133,6,2,40.0,2,0.1,,0,,0
2,MCF7,4.0,A133,6,2,40.0,2,0.2,,0,,0
2,MCF7,4.0,A133,6,2,40.0,2,0.3,,0,0.03340072184801102,39
2,MCF7,4.0,A133,6,2,40.0,2,0.4,0.05296776071190834,15,0.047606900334358215,1376
2,MCF7,4.0,A133,6,2,40.0,2,0.5,0.06766507029533386,4481,0.0628010705113411,17360
2,MCF7,4.0,A133,6,2,40.0,2,0.6,0.07622136175632477,10441,0.07239603996276855,32868
2,MCF7,4.0,A133,6,2,40.0,2,0.7,0.08206140249967575,579,0.07810602337121964,11066
2,MCF7,4.0,A133,6,2,40.0,2,0.8,0.07655029743909836,44,0.08447784185409546,3872
2,MCF7,4.0,A133,6,2,40.0,2,0.9,,4,0.08908826857805252,1268
2,MCF7,4.0,A133,6,2,40.0,2,1.0,,0,0.09790346771478653,379
2,MCF7,4.0,A133,6,2,40.0,2,1.1,,0,0.09098756313323975,81
2,MCF7,4.0,A133,6,2,40.0,2,1.2,,0,0.09815153479576111,18
2,MCF7,4.0,A133,6,2,40.0,2,1.3,,0,,2
2,MCF7,4.0,A133,6,2,40.0,2,1.4,,0,,1
2,MCF7,4.0,A133,6,2,40.0,2,1.5,,0,,0
3,MCF7,4.0,A133,6,2,40.0,3,0.2,,0,,5
3,MCF7,4.0,A133,6,2,40.0,3,0.3,0.08023938536643982,22,0.06190359219908714,4338
3,MCF7,4.0,A133,6,2,40.0,3,0.4,0.0795847624540329,5577,0.07415363937616348,22584
3,MCF7,4.0,A133,6,2,40.0,3,0.5,0.09383808076381683,1434,0.08948640525341034,3090
3,MCF7,4.0,A133,6,2,40.0,3,0.6,,0,0.09246237576007843,15
1,MCF7,4.0,A133,7,2,40.0,1,0.2,0.04136914014816284,267,0.03701663389801979,4471
1,MCF7,4.0,A133,7,2,40.0,1,0.3,0.050888221710920334,4797,0.04769279062747955,11407
1,MCF7,4.0,A133,7,2,40.0,1,0.4,0.05978705361485481,1223,0.05980445817112923,1242
1,MCF7,4.0,A133,7,2,40.0,1,0.5,,0,,0
2,MCF7,4.0,A133,7,2,40.0,2,0.1,,0,,1
2,MCF7,4.0,A133,7,2,40.0,2,0.2,0.046774931252002716,4339,0.043906472623348236,18091
2,MCF7,4.0,A133,7,2,40.0,2,0.3,0.05331454426050186,4821,0.055433206260204315,6395
2,MCF7,4.0,A133,7,2,40.0,2,0.4,0.058566052466630936,73,0.058566052466630936,73
3,MCF7,4.0,A133,7,2,40.0,3,0.2,0.02649761363863945,50,0.007234054617583752,469
3,MCF7,4.0,A133,7,2,40.0,3,0.3,0.05323375388979912,675,0.05592608451843262,5024
3,MCF7,4.0,A133,7,2,40.0,3,0.4,0.06465074419975281,2094,0.06428096443414688,5494
3,MCF7,4.0,A133,7,2,40.0,3,0.5,0.07982145249843597,1867,0.0778377577662468,2267
3,MCF7,4.0,A133,7,2,40.0,3,0.6,0.08398106694221497,553,0.08387118577957153,566
3,MCF7,4.0,A133,7,2,40.0,3,0.7,0.08508181571960449,174,0.08508181571960449,174
3,MCF7,4.0,A133,7,2,40.0,3,0.8,0.08917365223169327,54,0.08917365223169327,54
3,MCF7,4.0,A133,7,2,40.0,3,0.9,,0,,0
4,MCF7,4.0,A133,7,2,40.0,4,0.1,0.019546277821063995,4363,0.024509306997060776,8963
4,MCF7,4.0,A133,7,2,40.0,4,0.2,0.02551494538784027,1460,0.027710668742656708,3442
4,MCF7,4.0,A133,7,2,40.0,4,0.3,0.0359831266105175,464,0.039307575672864914,824
4,MCF7,4.0,A133,7,2,40.0,4,0.4,0.046051882207393646,232,0.048017390072345734,271
4,MCF7,4.0,A133,7,2,40.0,4,0.5,0.04432665929198265,180,0.045982252806425095,194
4,MCF7,4.0,A133,7,2,40.0,4,0.6,0.05820823833346367,80,0.05734454095363617,87
4,MCF7,4.0,A133,7,2,40.0,4,0.7,0.07082492113113403,42,0.06880174577236176,45
4,MCF7,4.0,A133,7,2,40.0,4,0.8,0.0701049342751503,24,0.0701049342751503,24
4,MCF7,4.0,A133,7,2,40.0,4,0.9,0.07739092409610748,5,,5
4,MCF7,4.0,A133,7,2,40.0,4,1.0,,1,,1
4,MCF7,4.0,A133,7,2,40.0,4,1.1,,0,,0
1,MCF7,4.0,A133,8,2,40.0,1,0.0,,0,,8
1,MCF7,4.0,A133,8,2,40.0,1,0.1,,0,,0
1,MCF7,4.0,A133,8,2,40.0,1,0.2,,0,,9
1,MCF7,4.0,A133,8,2,40.0,1,0.3,0.06965719163417816,19,0.06865385174751282,2367
1,MCF7,4.0,A133,8,2,40.0,1,0.4,0.08839734643697739,1354,0.08433054387569427,14625
1,MCF7,4.0,A133,8,2,40.0,1,0.5,0.09722895175218582,2263,0.09993214160203934,17494
1,MCF7,4.0,A133,8,2,40.0,1,0.6,0.1074480339884758,4123,0.11351566761732101,14292
1,MCF7,4.0,A133,8,2,40.0,1,0.7,0.11752858012914658,700,0.13002532720565796,2155
1,MCF7,4.0,A133,8,2,40.0,1,0.8,,2,0.1644187867641449,112
1,MCF7,4.0,A133,8,2,40.0,1,0.9,,0,,7
1,MCF7,4.0,A133,8,2,40.0,1,1.0,,0,,3
1,MCF7,4.0,A133,8,2,40.0,1,1.1,,0,,0
2,MCF7,4.0,A133,8,2,40.0,2,0.0,,0,0.0,90
2,MCF7,4.0,A133,8,2,40.0,2,0.1,,0,0.042213667184114456,90
2,MCF7,4.0,A133,8,2,40.0,2,0.2,0.03943176567554474,105,0.048542022705078125,5827
2,MCF7,4.0,A133,8,2,40.0,2,0.3,0.051502328366041183,8215,0.05476191267371178,22743
2,MCF7,4.0,A133,8,2,40.0,2,0.4,0.05606977641582489,1474,0.06076959893107414,3065
2,MCF7,4.0,A133,8,2,40.0,2,0.5,0.06557788699865341,18,0.06421098858118057,81
2,MCF7,4.0,A133,8,2,40.0,2,0.6,,0,,8
2,MCF7,4.0,A133,8,2,40.0,2,0.7,,0,,0
3,MCF7,4.0,A133,8,2,40.0,3,0.0,,0,,1
3,MCF7,4.0,A133,8,2,40.0,3,0.1,,0,,0
3,MCF7,4.0,A133,8,2,40.0,3,0.2,,0,,3
3,MCF7,4.0,A133,8,2,40.0,3,0.3,,0,0.041681062430143356,193
3,MCF7,4.0,A133,8,2,40.0,3,0.4,,0,0.047629695385694504,1390
3,MCF7,4.0,A133,8,2,40.0,3,0.5,0.07009179145097733,115,0.06476519256830215,5564
3,MCF7,4.0,A133,8,2,40.0,3,0.6,0.07537500560283661,1403,0.07625677436590195,11723
3,MCF7,4.0,A133,8,2,40.0,3,0.7,0.07699520140886307,1799,0.08215989172458649,7544
3,MCF7,4.0,A133,8,2,40.0,3,0.8,0.08184338361024857,1628,0.08479521423578262,4012
3,MCF7,4.0,A133,8,2,40.0,3,0.9,0.08635140210390091,1468,0.08678899705410004,2850
3,MCF7,4.0,A133,8,2,40.0,3,1.0,0.09414089471101761,1008,0.09312456101179123,1810
3,MCF7,4.0,A133,8,2,40.0,3,1.1,0.10246996581554413,779,0.10129008442163467,1086
3,MCF7,4.0,A133,8,2,40.0,3,1.2,0.11117139458656311,706,0.11142351478338242,764
3,MCF7,4.0,A133,8,2,40.0,3,1.3,0.11846648156642914,559,0.11806918680667877,581
3,MCF7,4.0,A133,8,2,40.0,3,1.4,0.12802039086818695,438,0.12813375890254974,441
3,MCF7,4.0,A133,8,2,40.0,3,1.5,0.12997537851333618,362,0.12996158003807068,363
3,MCF7,4.0,A133,8,2,40.0,3,1.6,0.1417967975139618,266,0.1417967975139618,266
3,MCF7,4.0,A133,8,2,40.0,3,1.7,0.14853407442569733,252,0.14859165251255035,253
3,MCF7,4.0,A133,8,2,40.0,3,1.8,0.16104595363140106,188,0.16104595363140106,188
3,MCF7,4.0,A133,8,2,40.0,3,1.9,0.16112084686756134,143,0.16112084686756134,143
3,MCF7,4.0,A133,8,2,40.0,3,2.0,0.16121430695056915,98,0.16121430695056915,98
3,MCF7,4.0,A133,8,2,40.0,3,2.1,0.1747637838125229,78,0.1747637838125229,78
3,MCF7,4.0,A133,8,2,40.0,3,2.2,0.18163743615150452,58,0.18163743615150452,58
3,MCF7,4.0,A133,8,2,40.0,3,2.3,0.1740046590566635,39,0.1740046590566635,39
3,MCF7,4.0,A133,8,2,40.0,3,2.4,0.19416995346546173,23,0.19416995346546173,23
3,MCF7,4.0,A133,8,2,40.0,3,2.5,0.19378677010536194,13,0.19378677010536194,13
3,MCF7,4.0,A133,8,2,40.0,3,2.6,0.14973492920398712,8,,8
3,MCF7,4.0,A133,8,2,40.0,3,2.7,0.17500275373458862,9,,9
3,MCF7,4.0,A133,8,2,40.0,3,2.8,0.1900726556777954,9,,9
3,MCF7,4.0,A133,8,2,40.0,3,2.9,0.17979200184345245,9,,9
3,MCF7,4.0,A133,8,2,40.0,3,3.0,0.1848030984401703,8,,8
3,MCF7,4.0,A133,8,2,40.0,3,3.1,0.18369434773921967,6,,6
3,MCF7,4.0,A133,8,2,40.0,3,3.2,,3,,3
3,MCF7,4.0,A133,8,2,40.0,3,3.3,,0,,0
4,MCF7,4.0,A133,8,2,40.0,4,0.4,,0,0.03917446732521057,131
4,MCF7,4.0,A133,8,2,40.0,4,0.5,0.06116202473640442,393,0.053184960037469864,4030
4,MCF7,4.0,A133,8,2,40.0,4,0.6,0.07670655101537704,10264,0.07655730098485947,21808
4,MCF7,4.0,A133,8,2,40.0,4,0.7,0.09281788766384125,953,0.0925767570734024,1375
4,MCF7,4.0,A133,8,2,40.0,4,0.8,,0,,0
5,MCF7,4.0,A133,8,2,40.0,5,0.2,0.04355098679661751,1223,0.043916475027799606,2106
5,MCF7,4.0,A133,8,2,40.0,5,0.3,0.03810843825340271,2568,0.0453047938644886,7836
5,MCF7,4.0,A133,8,2,40.0,5,0.4,0.04372929409146309,1574,0.04480746015906334,2472
5,MCF7,4.0,A133,8,2,40.0,5,0.5,0.05295497551560402,666,0.05298129469156265,667
5,MCF7,4.0,A133,8,2,40.0,5,0.6,0.032698724418878555,7,,7
5,MCF7,4.0,A133,8,2,40.0,5,0.7,,0,,0
1,MCF7,4.0,A133,9,2,40.0,1,0.0,,0,0.0,298
1,MCF7,4.0,A133,9,2,40.0,1,0.1,,0,,0
1,MCF7,4.0,A133,9,2,40.0,1,0.2,,0,,0
1,MCF7,4.0,A133,9,2,40.0,1,0.3,,0,,0
1,MCF7,4.0,A133,9,2,40.0,1,0.4,,0,,0
1,MCF7,4.0,A133,9,2,40.0,1,0.5,,0,,0
1,MCF7,4.0,A133,9,2,40.0,1,0.6,,0,,7
1,MCF7,4.0,A133,9,2,40.0,1,0.7,,0,0.08699924498796463,44
1,MCF7,4.0,A133,9,2,40.0,1,0.8,,0,0.12308633327484131,221
1,MCF7,4.0,A133,9,2,40.0,1,0.9,,0,0.1461002230644226,869
1,MCF7,4.0,A133,9,2,40.0,1,1.0,,2,0.16428770124912262,2247
1,MCF7,4.0,A133,9,2,40.0,1,1.1,0.18391157686710358,49,0.18234893679618835,3823
1,MCF7,4.0,A133,9,2,40.0,1,1.2,0.2012476623058319,336,0.19719456136226654,5220
1,MCF7,4.0,A133,9,2,40.0,1,1.3,0.21606793999671936,1253,0.2143486589193344,6071
1,MCF7,4.0,A133,9,2,40.0,1,1.4,0.23356673121452332,2048,0.23001769185066223,6349
1,MCF7,4.0,A133,9,2,40.0,1,1.5,0.24642948806285858,2195,0.24190643429756165,5510
1,MCF7,4.0,A133,9,2,40.0,1,1.6,0.25612086057662964,2012,0.2541843354701996,4256
1,MCF7,4.0,A133,9,2,40.0,1,1.7,0.2618127763271332,729,0.26362234354019165,1801
1,MCF7,4.0,A133,9,2,40.0,1,1.8,0.2676618993282318,82,0.2748344838619232,576
1,MCF7,4.0,A133,9,2,40.0,1,1.9,0.24862393736839294,5,0.2898528575897217,186
1,MCF7,4.0,A133,9,2,40.0,1,2.0,,0,0.30653756856918335,72
1,MCF7,4.0,A133,9,2,40.0,1,2.1,,0,0.32666251063346863,28
1,MCF7,4.0,A133,9,2,40.0,1,2.2,,0,0.32557523250579834,19
1,MCF7,4.0,A133,9,2,40.0,1,2.3,,0,,2
1,MCF7,4.0,A133,9,2,40.0,1,2.4,,0,,1
2,MCF7,4.0,A133,9,2,40.0,2,0.0,,0,0.012166693806648254,11
2,MCF7,4.0,A133,9,2,40.0,2,0.1,0.03298024460673332,8877,0.032827720046043396,26566
2,MCF7,4.0,A133,9,2,40.0,2,0.2,0.044702913612127304,10552,0.04621267691254616,18140
2,MCF7,4.0,A133,9,2,40.0,2,0.3,,0,0.07157568633556366,18
2,MCF7,4.0,A133,9,2,40.0,2,0.4,,0,,1
2,MCF7,4.0,A133,9,2,40.0,2,0.5,,0,,0
3,MCF7,4.0,A133,9,2,40.0,3,0.0,,0,,2
3,MCF7,4.0,A133,9,2,40.0,3,0.1,0.02626744471490383,115,0.03658725693821907,7284
3,MCF7,4.0,A133,9,2,40.0,3,0.2,0.04522574692964554,14655,0.04574385657906532,37743
3,MCF7,4.0,A133,9,2,40.0,3,0.3,0.05173496529459953,2130,0.05386120080947876,3163
3,MCF7,4.0,A133,9,2,40.0,3,0.4,,0,,0
1,MCF7,6.0,A133,0,1,80.0,1,0.0,,0,0.0,10717
1,MCF7,6.0,A133,0,1,80.0,1,0.1,,2,0.07400507479906082,3061
1,MCF7,6.0,A133,0,1,80.0,1,0.2,0.08097325265407562,13779,0.08421826362609863,36564
1,MCF7,6.0,A133,0,1,80.0,1,0.3,0.09687939286231995,1216,0.10600887984037399,2246
1,MCF7,6.0,A133,0,1,80.0,1,0.4,,0,,4
1,MCF7,6.0,A133,1,1,80.0,1,0.1,0.061341654509305954,5,0.05705157667398453,1886
1,MCF7,6.0,A133,1,1,80.0,1,0.2,0.06834506243467331,5211,0.06862042844295502,15328
1,MCF7,6.0,A133,1,1,80.0,1,0.3,0.07621902227401733,739,0.07617844641208649,770
1,MCF7,6.0,A133,1,1,80.0,1,0.4,0.08317342400550842,232,0.08317342400550842,232
1,MCF7,6.0,A133,1,1,80.0,1,0.5,0.08538226038217545,56,0.08538226038217545,56
1,MCF7,6.0,A133,1,1,80.0,1,0.6,,0,,0
2,MCF7,6.0,A133,1,1,80.0,2,0.2,0.0775807723402977,142,0.0809403657913208,856
2,MCF7,6.0,A133,1,1,80.0,2,0.3,0.10469773411750793,4314,0.10601852089166641,12524
2,MCF7,6.0,A133,1,1,80.0,2,0.4,0.11594995856285095,1379,0.11629887670278549,1641
2,MCF7,6.0,A133,1,1,80.0,2,0.5,0.1222778782248497,148,0.1222778782248497,148
2,MCF7,6.0,A133,1,1,80.0,2,0.6,0.1314944624900818,65,0.1314944624900818,65
2,MCF7,6.0,A133,1,1,80.0,2,0.7,0.13005048036575317,28,0.13005048036575317,28
2,MCF7,6.0,A133,1,1,80.0,2,0.8,0.12496918439865112,19,0.12496918439865112,19
2,MCF7,6.0,A133,1,1,80.0,2,0.9,0.1191803514957428,13,0.1191803514957428,13
2,MCF7,6.0,A133,1,1,80.0,2,1.0,,2,,2
1,MCF7,6.0,A133,3,1,80.0,1,0.0,,0,0.0,7307
1,MCF7,6.0,A133,3,1,80.0,1,0.1,,0,0.1508251130580902,220
1,MCF7,6.0,A133,3,1,80.0,1,0.2,0.1232488602399826,5,0.15378865599632263,1552
1,MCF7,6.0,A133,3,1,80.0,1,0.3,0.1123453751206398,1022,0.14222624897956848,12655
1,MCF7,6.0,A133,3,1,80.0,1,0.4,0.12051162868738174,7881,0.1479020118713379,32575
1,MCF7,6.0,A133,3,1,80.0,1,0.5,0.13436104357242584,808,0.17867423593997955,4025
1,MCF7,6.0,A133,3,1,80.0,1,0.6,0.12918692827224731,96,0.1698881983757019,263
1,MCF7,6.0,A133,3,1,80.0,1,0.7,,2,0.15172335505485535,30
1,MCF7,6.0,A133,3,1,80.0,1,0.8,,0,,9
1,MCF7,6.0,A133,3,1,80.0,1,0.9,,0,,4
1,MCF7,6.0,A133,3,1,80.0,1,1.0,,0,,0
1,MCF7,6.0,A133,4,1,80.0,1,0.2,,0,0.10093944519758224,39
1,MCF7,6.0,A133,4,1,80.0,1,0.3,,0,0.12186363339424133,2853
1,MCF7,6.0,A133,4,1,80.0,1,0.4,0.14325840771198273,1350,0.13665911555290222,14492
1,MCF7,6.0,A133,4,1,80.0,1,0.5,0.1402042955160141,5004,0.14130906760692596,11277
1,MCF7,6.0,A133,4,1,80.0,1,0.6,0.14291885495185852,1013,0.14335741102695465,1511
1,MCF7,6.0,A133,4,1,80.0,1,0.7,0.15321165323257446,225,0.15087226033210754,297
1,MCF7,6.0,A133,4,1,80.0,1,0.8,0.1498418003320694,65,0.14628702402114868,105
1,MCF7,6.0,A133,4,1,80.0,1,0.9,0.14763230085372925,29,0.14960315823554993,56
1,MCF7,6.0,A133,4,1,80.0,1,1.0,,2,0.158975750207901,16
1,MCF7,6.0,A133,4,1,80.0,1,1.1,,0,0.153209388256073,16
1,MCF7,6.0,A133,4,1,80.0,1,1.2,,0,,9
1,MCF7,6.0,A133,4,1,80.0,1,1.3,,0,,1
2,MCF7,6.0,A133,4,1,80.0,2,0.1,,0,,3
2,MCF7,6.0,A133,4,1,80.0,2,0.2,,0,0.11290175467729568,19208
2,MCF7,6.0,A133,4,1,80.0,2,0.3,0.13444915413856506,11077,0.12902097404003143,31968
2,MCF7,6.0,A133,4,1,80.0,2,0.4,0.14049243927001953,1990,0.14056764543056488,2154
2,MCF7,6.0,A133,4,1,80.0,2,0.5,0.10233230888843536,11,0.10233230888843536,11
1,MCF7,6.0,A133,5,1,80.0,1,0.0,,0,0.0,136
1,MCF7,6.0,A133,5,1,80.0,1,0.1,,0,,0
1,MCF7,6.0,A133,5,1,80.0,1,0.2,,0,0.07457792013883591,11021
1,MCF7,6.0,A133,5,1,80.0,1,0.3,0.10603666305541992,2455,0.08946198225021362,35117
1,MCF7,6.0,A133,5,1,80.0,1,0.4,0.12047445774078369,8201,0.11209958046674728,17576
1,MCF7,6.0,A133,5,1,80.0,1,0.5,0.13960880041122437,7993,0.13492105901241302,10538
1,MCF7,6.0,A133,5,1,80.0,1,0.6,0.14585235714912415,801,0.1358475238084793,1528
1,MCF7,6.0,A133,5,1,80.0,1,0.7,,3,0.11461929976940155,160
1,MCF7,6.0,A133,5,1,80.0,1,0.8,,0,0.1040404811501503,19
1,MCF7,6.0,A133,5,1,80.0,1,0.9,,0,,1
2,MCF7,6.0,A133,5,1,80.0,2,0.1,0.0777030661702156,6321,0.07927511632442474,23336
2,MCF7,6.0,A133,5,1,80.0,2,0.2,,2,,8
3,MCF7,6.0,A133,5,1,80.0,3,0.4,,0,0.11061200499534607,16
3,MCF7,6.0,A133,5,1,80.0,3,0.5,,0,0.1160835325717926,1454
3,MCF7,6.0,A133,5,1,80.0,3,0.6,0.14632558822631836,841,0.1322268545627594,8559
3,MCF7,6.0,A133,5,1,80.0,3,0.7,0.1471714824438095,2858,0.14081647992134094,7237
3,MCF7,6.0,A133,5,1,80.0,3,0.8,0.13248272240161896,430,0.13585948944091797,748
3,MCF7,6.0,A133,5,1,80.0,3,0.9,0.1056954488158226,15,0.10681456327438354,17
3,MCF7,6.0,A133,5,1,80.0,3,1.0,,0,,1
1,MCF7,6.0,A133,6,1,80.0,1,0.0,,0,8.26781615614891e-06,11839
1,MCF7,6.0,A133,6,1,80.0,1,0.1,,1,0.09030184149742126,10795
1,MCF7,6.0,A133,6,1,80.0,1,0.2,0.08416059613227844,9534,0.09371774643659592,39960
1,MCF7,6.0,A133,6,1,80.0,1,0.3,0.08739954233169556,379,0.10872714221477509,1789
1,MCF7,6.0,A133,6,1,80.0,1,0.4,,0,0.15844178199768066,17
2,MCF7,6.0,A133,6,1,80.0,2,0.0,,0,0.0,3622
2,MCF7,6.0,A133,6,1,80.0,2,0.1,,0,0.11005450785160065,10
2,MCF7,6.0,A133,6,1,80.0,2,0.2,,0,0.11022830754518509,392
2,MCF7,6.0,A133,6,1,80.0,2,0.3,0.07841385900974274,5,0.11780035495758057,2327
2,MCF7,6.0,A133,6,1,80.0,2,0.4,0.10020018368959427,6384,0.10882163047790527,18249
2,MCF7,6.0,A133,6,1,80.0,2,0.5,0.10391031205654144,702,0.12195225059986115,17329
2,MCF7,6.0,A133,6,1,80.0,2,0.6,,0,0.14121069014072418,6448
2,MCF7,6.0,A133,6,1,80.0,2,0.7,,0,0.16114531457424164,1130
2,MCF7,6.0,A133,6,1,80.0,2,0.8,,0,0.17679965496063232,163
2,MCF7,6.0,A133,6,1,80.0,2,0.9,,0,,9
2,MCF7,6.0,A133,6,1,80.0,2,1.0,,0,,1
1,MCF7,6.0,A133,7,1,80.0,1,0.3,,0,0.0663871318101883,290
1,MCF7,6.0,A133,7,1,80.0,1,0.4,0.09783430397510529,3512,0.09101296961307526,15772
1,MCF7,6.0,A133,7,1,80.0,1,0.5,0.0952211320400238,3100,0.08978109061717987,6501
1,MCF7,6.0,A133,7,1,80.0,1,0.6,0.10502872616052628,271,0.1044444590806961,297
1,MCF7,6.0,A133,7,1,80.0,1,0.7,0.11078736186027527,143,0.11078736186027527,143
1,MCF7,6.0,A133,7,1,80.0,1,0.8,0.11289343237876892,101,0.11289343237876892,101
1,MCF7,6.0,A133,7,1,80.0,1,0.9,0.1135513037443161,95,0.1135513037443161,95
1,MCF7,6.0,A133,7,1,80.0,1,1.0,0.11375868320465088,59,0.11375868320465088,59
1,MCF7,6.0,A133,7,1,80.0,1,1.1,0.1189759373664856,35,0.1189759373664856,35
1,MCF7,6.0,A133,7,1,80.0,1,1.2,0.13135185837745667,20,0.13135185837745667,20
1,MCF7,6.0,A133,7,1,80.0,1,1.3,0.12760408222675323,23,0.12760408222675323,23
1,MCF7,6.0,A133,7,1,80.0,1,1.4,0.12268735468387604,7,,7
1,MCF7,6.0,A133,7,1,80.0,1,1.5,,1,,1
2,MCF7,6.0,A133,7,1,80.0,2,0.0,,0,0.0,276
2,MCF7,6.0,A133,7,1,80.0,2,0.1,,0,,0
2,MCF7,6.0,A133,7,1,80.0,2,0.2,,0,0.062045153230428696,204
2,MCF7,6.0,A133,7,1,80.0,2,0.3,,3,0.07516280561685562,3546
2,MCF7,6.0,A133,7,1,80.0,2,0.4,0.1124546229839325,280,0.09326129406690598,8083
2,MCF7,6.0,A133,7,1,80.0,2,0.5,0.10864655673503876,4345,0.10479976236820221,9216
2,MCF7,6.0,A133,7,1,80.0,2,0.6,0.11839667707681656,1337,0.11116697639226913,2047
2,MCF7,6.0,A133,7,1,80.0,2,0.7,0.12735024094581604,297,0.12610463798046112,315
2,MCF7,6.0,A133,7,1,80.0,2,0.8,0.13607624173164368,191,0.13607624173164368,191
2,MCF7,6.0,A133,7,1,80.0,2,0.9,0.14443638920783997,129,0.14443638920783997,129
2,MCF7,6.0,A133,7,1,80.0,2,1.0,0.15424364805221558,118,0.15424364805221558,118
2,MCF7,6.0,A133,7,1,80.0,2,1.1,0.1515895426273346,64,0.1515895426273346,64
2,MCF7,6.0,A133,7,1,80.0,2,1.2,0.16933928430080414,48,0.16933928430080414,48
2,MCF7,6.0,A133,7,1,80.0,2,1.3,0.1638401448726654,37,0.1638401448726654,37
2,MCF7,6.0,A133,7,1,80.0,2,1.4,0.15998457372188568,28,0.15998457372188568,28
2,MCF7,6.0,A133,7,1,80.0,2,1.5,0.17856213450431824,27,0.17856213450431824,27
2,MCF7,6.0,A133,7,1,80.0,2,1.6,0.1596018522977829,26,0.1596018522977829,26
2,MCF7,6.0,A133,7,1,80.0,2,1.7,0.16752482950687408,23,0.16752482950687408,23
2,MCF7,6.0,A133,7,1,80.0,2,1.8,0.1754968762397766,17,0.1754968762397766,17
2,MCF7,6.0,A133,7,1,80.0,2,1.9,0.1781902313232422,15,0.1781902313232422,15
2,MCF7,6.0,A133,7,1,80.0,2,2.0,0.15612158179283142,10,0.15612158179283142,10
2,MCF7,6.0,A133,7,1,80.0,2,2.1,0.18848727643489838,7,,7
2,MCF7,6.0,A133,7,1,80.0,2,2.2,0.17181065678596497,5,,5
2,MCF7,6.0,A133,7,1,80.0,2,2.3,,0,,0
3,MCF7,6.0,A133,7,1,80.0,3,0.3,0.09480278193950653,9,0.10044339299201965,1189
3,MCF7,6.0,A133,7,1,80.0,3,0.4,0.10369280725717545,3020,0.10284335911273956,10558
3,MCF7,6.0,A133,7,1,80.0,3,0.5,0.10562865436077118,2381,0.101115882396698,3184
3,MCF7,6.0,A133,7,1,80.0,3,0.6,0.11329242587089539,1092,0.11225540190935135,1134
3,MCF7,6.0,A133,7,1,80.0,3,0.7,0.12271296232938766,516,0.12174098938703537,532
3,MCF7,6.0,A133,7,1,80.0,3,0.8,0.1308252215385437,196,0.12992222607135773,201
3,MCF7,6.0,A133,7,1,80.0,3,0.9,0.1430807262659073,118,0.1430807262659073,118
3,MCF7,6.0,A133,7,1,80.0,3,1.0,0.149400532245636,86,0.149400532245636,86
3,MCF7,6.0,A133,7,1,80.0,3,1.1,0.1537517011165619,73,0.1537517011165619,73
3,MCF7,6.0,A133,7,1,80.0,3,1.2,0.16255898773670197,68,0.16255898773670197,68
3,MCF7,6.0,A133,7,1,80.0,3,1.3,0.1638345569372177,60,0.1638345569372177,60
3,MCF7,6.0,A133,7,1,80.0,3,1.4,0.16595952212810516,52,0.16595952212810516,52
3,MCF7,6.0,A133,7,1,80.0,3,1.5,0.1741318553686142,43,0.1741318553686142,43
3,MCF7,6.0,A133,7,1,80.0,3,1.6,0.16939346492290497,34,0.16939346492290497,34
3,MCF7,6.0,A133,7,1,80.0,3,1.7,0.16247770190238953,7,,7
3,MCF7,6.0,A133,7,1,80.0,3,1.8,,4,,4
3,MCF7,6.0,A133,7,1,80.0,3,1.9,,1,,1
1,MCF7,6.0,A133,8,1,80.0,1,0.3,0.09635460376739502,442,0.08654188364744186,9727
1,MCF7,6.0,A133,8,1,80.0,1,0.4,0.10169965028762817,3280,0.09534024447202682,7370
1,MCF7,6.0,A133,8,1,80.0,1,0.5,0.10784818232059479,82,0.11076739430427551,106
1,MCF7,6.0,A133,8,1,80.0,1,0.6,0.1212838813662529,23,0.12121307849884033,24
1,MCF7,6.0,A133,8,1,80.0,1,0.7,0.1213170662522316,16,0.1213170662522316,16
1,MCF7,6.0,A133,8,1,80.0,1,0.8,0.12515220046043396,5,,5
1,MCF7,6.0,A133,8,1,80.0,1,0.9,,0,,0
2,MCF7,6.0,A133,8,1,80.0,2,0.2,0.08257003873586655,9,0.08986999839544296,36
2,MCF7,6.0,A133,8,1,80.0,2,0.3,0.08395282179117203,3929,0.08453376591205597,9454
2,MCF7,6.0,A133,8,1,80.0,2,0.4,0.08636748045682907,85,0.07888542860746384,1950
2,MCF7,6.0,A133,8,1,80.0,2,0.5,,0,0.08187729120254517,32
1,MCF7,6.0,A133,9,1,80.0,1,0.3,,0,0.1142665296792984,71
1,MCF7,6.0,A133,9,1,80.0,1,0.4,0.1289495825767517,1892,0.12558718025684357,5898
1,MCF7,6.0,A133,9,1,80.0,1,0.5,0.1357305347919464,2467,0.1359097808599472,4274
1,MCF7,6.0,A133,9,1,80.0,1,0.6,0.13906213641166687,116,0.1377343386411667,178
1,MCF7,6.0,A133,9,1,80.0,1,0.7,,3,0.1354779452085495,11
1,MCF7,6.0,A133,9,1,80.0,1,0.8,,0,,0
2,MCF7,6.0,A133,9,1,80.0,2,0.2,0.09665093570947647,281,0.08727987855672836,4981
2,MCF7,6.0,A133,9,1,80.0,2,0.3,0.11126133799552917,2769,0.11168299615383148,5093
2,MCF7,6.0,A133,9,1,80.0,2,0.4,0.125145822763443,268,0.12767034769058228,345
2,MCF7,6.0,A133,9,1,80.0,2,0.5,0.1307240128517151,72,0.1307240128517151,72
2,MCF7,6.0,A133,9,1,80.0,2,0.6,0.13629908859729767,5,,5
2,MCF7,6.0,A133,9,1,80.0,2,0.7,,0,,0
3,MCF7,6.0,A133,9,1,80.0,3,0.1,0.07969614863395691,5,0.08419793844223022,46
3,MCF7,6.0,A133,9,1,80.0,3,0.2,0.12390656769275665,4236,0.12489896267652512,9897
3,MCF7,6.0,A133,9,1,80.0,3,0.3,,2,0.15044426918029785,25
1,MCF7,6.0,A133,0,2,40.0,1,0.0,,0,0.0,109
1,MCF7,6.0,A133,0,2,40.0,1,0.1,,0,,0
1,MCF7,6.0,A133,0,2,40.0,1,0.2,,0,,0
1,MCF7,6.0,A133,0,2,40.0,1,0.3,,1,,9
1,MCF7,6.0,A133,0,2,40.0,1,0.4,0.10887593775987625,458,0.1148919016122818,919
1,MCF7,6.0,A133,0,2,40.0,1,0.5,0.12107346206903458,1653,0.12665218114852905,3601
1,MCF7,6.0,A133,0,2,40.0,1,0.6,0.12875379621982574,1053,0.13683828711509705,2983
1,MCF7,6.0,A133,0,2,40.0,1,0.7,0.13749000430107117,870,0.14317429065704346,2091
1,MCF7,6.0,A133,0,2,40.0,1,0.8,0.15422751009464264,858,0.15566666424274445,1593
1,MCF7,6.0,A133,0,2,40.0,1,0.9,0.1629587709903717,670,0.16549377143383026,1002
1,MCF7,6.0,A133,0,2,40.0,1,1.0,0.17116683721542358,313,0.17573317885398865,406
1,MCF7,6.0,A133,0,2,40.0,1,1.1,0.1796179711818695,132,0.1815865933895111,153
1,MCF7,6.0,A133,0,2,40.0,1,1.2,0.1812206655740738,84,0.18215720355510712,87
1,MCF7,6.0,A133,0,2,40.0,1,1.3,0.17607557773590088,42,0.17993856966495514,46
1,MCF7,6.0,A133,0,2,40.0,1,1.4,0.1688699573278427,31,0.16817626357078552,32
1,MCF7,6.0,A133,0,2,40.0,1,1.5,0.18965861201286316,20,0.19089317321777344,23
1,MCF7,6.0,A133,0,2,40.0,1,1.6,0.17402207851409912,29,0.17558154463768005,31
1,MCF7,6.0,A133,0,2,40.0,1,1.7,0.18625307083129883,14,0.18625307083129883,14
1,MCF7,6.0,A133,0,2,40.0,1,1.8,0.19258412718772888,10,0.19280323386192322,11
1,MCF7,6.0,A133,0,2,40.0,1,1.9,0.17102311551570892,7,,7
1,MCF7,6.0,A133,0,2,40.0,1,2.0,,1,,1
1,MCF7,6.0,A133,0,2,40.0,1,2.1,,1,,2
1,MCF7,6.0,A133,0,2,40.0,1,2.2,,0,,0
2,MCF7,6.0,A133,0,2,40.0,2,0.0,,0,0.0,5427
2,MCF7,6.0,A133,0,2,40.0,2,0.1,,0,,0
2,MCF7,6.0,A133,0,2,40.0,2,0.2,0.0655696913599968,16,0.063968725502491,86
2,MCF7,6.0,A133,0,2,40.0,2,0.3,0.08139481395483017,3080,0.08305839449167252,8344
2,MCF7,6.0,A133,0,2,40.0,2,0.4,0.0901726484298706,1468,0.09687665104866028,8638
2,MCF7,6.0,A133,0,2,40.0,2,0.5,0.08810266852378845,45,0.11511345207691193,2947
2,MCF7,6.0,A133,0,2,40.0,2,0.6,,1,0.13877926766872406,794
2,MCF7,6.0,A133,0,2,40.0,2,0.7,,0,0.1547141671180725,157
2,MCF7,6.0,A133,0,2,40.0,2,0.8,,0,0.1474665105342865,21
2,MCF7,6.0,A133,0,2,40.0,2,0.9,,0,,2
1,MCF7,6.0,A133,1,2,40.0,1,0.1,,0,0.09484212100505829,465
1,MCF7,6.0,A133,1,2,40.0,1,0.2,0.09273549914360046,1600,0.09625345468521118,27307
1,MCF7,6.0,A133,1,2,40.0,1,0.3,0.09452945739030838,3191,0.0970885157585144,5630
1,MCF7,6.0,A133,1,2,40.0,1,0.4,0.0992363914847374,231,0.09934967756271362,292
1,MCF7,6.0,A133,1,2,40.0,1,0.5,0.10839338600635529,20,0.11064248532056808,33
1,MCF7,6.0,A133,1,2,40.0,1,0.6,0.10828793048858643,5,0.10916174948215485,14
1,MCF7,6.0,A133,1,2,40.0,1,0.7,,0,,3
1,MCF7,6.0,A133,1,2,40.0,1,0.8,,0,,0
2,MCF7,6.0,A133,1,2,40.0,2,0.0,,0,0.0,209
2,MCF7,6.0,A133,1,2,40.0,2,0.1,0.09561331570148468,5,0.09322024881839752,3725
2,MCF7,6.0,A133,1,2,40.0,2,0.2,0.08999915421009064,10701,0.09782429039478302,37036
2,MCF7,6.0,A133,1,2,40.0,2,0.3,0.09610507637262344,3995,0.10176132619380951,5891
2,MCF7,6.0,A133,1,2,40.0,2,0.4,,0,,3
1,MCF7,6.0,A133,10,2,40.0,1,0.2,,2,,3
1,MCF7,6.0,A133,10,2,40.0,1,0.3,0.07363327592611313,818,0.07017306238412857,2269
1,MCF7,6.0,A133,10,2,40.0,1,0.4,0.09129323810338974,2254,0.08839628100395203,8542
1,MCF7,6.0,A133,10,2,40.0,1,0.5,0.10489610582590103,5615,0.10555324703454971,10393
1,MCF7,6.0,A133,10,2,40.0,1,0.6,0.11383577436208725,4492,0.11402587592601776,4592
1,MCF7,6.0,A133,10,2,40.0,1,0.7,0.12299539893865585,89,0.12299539893865585,89
2,MCF7,6.0,A133,10,2,40.0,2,0.0,,0,,2
2,MCF7,6.0,A133,10,2,40.0,2,0.1,,0,,0
2,MCF7,6.0,A133,10,2,40.0,2,0.2,,0,,0
2,MCF7,6.0,A133,10,2,40.0,2,0.3,,0,0.06758371740579605,46
2,MCF7,6.0,A133,10,2,40.0,2,0.4,,1,0.0794847384095192,2875
2,MCF7,6.0,A133,10,2,40.0,2,0.5,0.08915884792804718,1529,0.09475637227296829,15157
2,MCF7,6.0,A133,10,2,40.0,2,0.6,0.11592929065227509,1703,0.11684862524271011,7922
2,MCF7,6.0,A133,10,2,40.0,2,0.7,0.13362033665180206,451,0.13641607761383057,1266
2,MCF7,6.0,A133,10,2,40.0,2,0.8,0.1385008841753006,230,0.13885976374149323,279
2,MCF7,6.0,A133,10,2,40.0,2,0.9,0.14501358568668365,218,0.14551113545894623,225
2,MCF7,6.0,A133,10,2,40.0,2,1.0,0.14878113567829132,162,0.14878113567829132,162
2,MCF7,6.0,A133,10,2,40.0,2,1.1,0.1450904905796051,62,0.1450904905796051,62
2,MCF7,6.0,A133,10,2,40.0,2,1.2,,4,,4
1,MCF7,6.0,A133,2,2,40.0,1,0.5,0.0911511555314064,7,0.10344285517930984,13
1,MCF7,6.0,A133,2,2,40.0,1,0.6,0.10347708314657211,97,0.10307364165782928,322
1,MCF7,6.0,A133,2,2,40.0,1,0.7,0.11916178464889526,300,0.1122489869594574,1218
1,MCF7,6.0,A133,2,2,40.0,1,0.8,0.12216291576623917,1004,0.11908125877380371,2540
1,MCF7,6.0,A133,2,2,40.0,1,0.9,0.12885509431362152,1067,0.12297166138887405,2721
1,MCF7,6.0,A133,2,2,40.0,1,1.0,0.13981853425502777,741,0.12826243042945862,2519
1,MCF7,6.0,A133,2,2,40.0,1,1.1,0.15238799154758453,391,0.1349920630455017,1501
1,MCF7,6.0,A133,2,2,40.0,1,1.2,0.16255785524845123,274,0.14526402950286865,722
1,MCF7,6.0,A133,2,2,40.0,1,1.3,0.1672544777393341,173,0.15350666642189026,396
1,MCF7,6.0,A133,2,2,40.0,1,1.4,0.17172695696353912,137,0.1601216048002243,236
1,MCF7,6.0,A133,2,2,40.0,1,1.5,0.18162381649017334,106,0.1759016513824463,142
1,MCF7,6.0,A133,2,2,40.0,1,1.6,0.1953980177640915,45,0.18183816969394684,65
1,MCF7,6.0,A133,2,2,40.0,1,1.7,0.1940477192401886,13,0.18568241596221924,18
1,MCF7,6.0,A133,2,2,40.0,1,1.8,0.19096781313419342,7,0.18315711617469788,13
1,MCF7,6.0,A133,2,2,40.0,1,1.9,0.19428639113903046,6,0.18129394948482513,11
1,MCF7,6.0,A133,2,2,40.0,1,2.0,0.20841839909553528,7,,7
1,MCF7,6.0,A133,2,2,40.0,1,2.1,0.17668890953063965,5,,9
1,MCF7,6.0,A133,2,2,40.0,1,2.2,,1,,3
1,MCF7,6.0,A133,2,2,40.0,1,2.3,,2,,3
1,MCF7,6.0,A133,2,2,40.0,1,2.4,,3,,5
1,MCF7,6.0,A133,2,2,40.0,1,2.5,0.21915018558502197,5,,5
1,MCF7,6.0,A133,2,2,40.0,1,2.6,,1,,1
1,MCF7,6.0,A133,2,2,40.0,1,2.7,,1,,1
1,MCF7,6.0,A133,2,2,40.0,1,2.8,,2,,2
1,MCF7,6.0,A133,2,2,40.0,1,2.9,,4,,4
1,MCF7,6.0,A133,2,2,40.0,1,3.0,,3,,3
2,MCF7,6.0,A133,2,2,40.0,2,0.1,0.05968482419848442,324,0.06115465983748436,338
2,MCF7,6.0,A133,2,2,40.0,2,0.2,0.07034993171691895,3400,0.07210808992385864,6493
2,MCF7,6.0,A133,2,2,40.0,2,0.3,0.07703845947980881,2228,0.07299184054136276,7314
2,MCF7,6.0,A133,2,2,40.0,2,0.4,0.09566725790500641,322,0.08667107671499252,953
2,MCF7,6.0,A133,2,2,40.0,2,0.5,0.09754563868045807,146,0.11064448207616806,400
2,MCF7,6.0,A133,2,2,40.0,2,0.6,0.11019793897867203,46,0.12865640223026276,241
2,MCF7,6.0,A133,2,2,40.0,2,0.7,0.11573068052530289,29,0.12322933226823807,47
2,MCF7,6.0,A133,2,2,40.0,2,0.8,0.12016502022743225,18,0.12016502022743225,18
2,MCF7,6.0,A133,2,2,40.0,2,0.9,0.13243602216243744,13,0.13243602216243744,13
2,MCF7,6.0,A133,2,2,40.0,2,1.0,0.1244298592209816,16,0.1244298592209816,16
2,MCF7,6.0,A133,2,2,40.0,2,1.1,0.1373484581708908,7,,7
2,MCF7,6.0,A133,2,2,40.0,2,1.2,,0,,0
3,MCF7,6.0,A133,2,2,40.0,3,0.5,0.10740166157484055,46,0.10686948150396347,140
3,MCF7,6.0,A133,2,2,40.0,3,0.6,0.11018256843090057,386,0.11292383819818497,1500
3,MCF7,6.0,A133,2,2,40.0,3,0.7,0.11567845195531845,1192,0.11927399039268494,3632
3,MCF7,6.0,A133,2,2,40.0,3,0.8,0.12673577666282654,973,0.1295507699251175,3567
3,MCF7,6.0,A133,2,2,40.0,3,0.9,0.14028003811836243,729,0.144070103764534,2038
3,MCF7,6.0,A133,2,2,40.0,3,1.0,0.1530771106481552,473,0.15930615365505219,890
3,MCF7,6.0,A133,2,2,40.0,3,1.1,0.16030961275100708,291,0.1678248643875122,450
3,MCF7,6.0,A133,2,2,40.0,3,1.2,0.16549964249134064,252,0.1760982871055603,325
3,MCF7,6.0,A133,2,2,40.0,3,1.3,0.17532233893871307,175,0.18350455164909363,198
3,MCF7,6.0,A133,2,2,40.0,3,1.4,0.17989055812358856,187,0.18127289414405823,191
3,MCF7,6.0,A133,2,2,40.0,3,1.5,0.18908566236495972,191,0.18966130912303925,193
3,MCF7,6.0,A133,2,2,40.0,3,1.6,0.19606490433216095,168,0.19628112018108368,169
3,MCF7,6.0,A133,2,2,40.0,3,1.7,0.19980370998382568,140,0.20025905966758728,141
3,MCF7,6.0,A133,2,2,40.0,3,1.8,0.2125355452299118,103,0.2125355452299118,103
3,MCF7,6.0,A133,2,2,40.0,3,1.9,0.20998747646808624,83,0.20998747646808624,83
3,MCF7,6.0,A133,2,2,40.0,3,2.0,0.2047600895166397,74,0.2047600895166397,74
3,MCF7,6.0,A133,2,2,40.0,3,2.1,0.2216915488243103,57,0.2229943871498108,58
3,MCF7,6.0,A133,2,2,40.0,3,2.2,0.24097274243831635,47,0.24097274243831635,47
3,MCF7,6.0,A133,2,2,40.0,3,2.3,0.23731081187725067,35,0.23731081187725067,35
3,MCF7,6.0,A133,2,2,40.0,3,2.4,0.2502458095550537,16,0.2502458095550537,16
3,MCF7,6.0,A133,2,2,40.0,3,2.5,0.25179165601730347,19,0.25179165601730347,19
3,MCF7,6.0,A133,2,2,40.0,3,2.6,0.24026508629322052,6,,6
3,MCF7,6.0,A133,2,2,40.0,3,2.7,0.20037470757961273,7,,7
3,MCF7,6.0,A133,2,2,40.0,3,2.8,0.25278034806251526,5,,5
3,MCF7,6.0,A133,2,2,40.0,3,2.9,0.241800457239151,7,,7
3,MCF7,6.0,A133,2,2,40.0,3,3.0,,3,,3
3,MCF7,6.0,A133,2,2,40.0,3,3.1,0.2616685926914215,5,,5
3,MCF7,6.0,A133,2,2,40.0,3,3.2,,2,,2
3,MCF7,6.0,A133,2,2,40.0,3,3.3,,0,,0
1,MCF7,6.0,A133,3,2,40.0,1,0.0,,0,0.0,557
1,MCF7,6.0,A133,3,2,40.0,1,0.1,0.07266195863485336,2496,0.0752849131822586,3714
1,MCF7,6.0,A133,3,2,40.0,1,0.2,0.07869485765695572,7959,0.0837157741189003,14351
1,MCF7,6.0,A133,3,2,40.0,1,0.3,,4,0.09380711615085602,1605
1,MCF7,6.0,A133,3,2,40.0,1,0.4,0.11574804782867432,28,0.1055818423628807,1319
1,MCF7,6.0,A133,3,2,40.0,1,0.5,0.12083114683628082,54,0.12243861705064774,619
1,MCF7,6.0,A133,3,2,40.0,1,0.6,0.13937810063362122,18,0.13959211111068726,192
1,MCF7,6.0,A133,3,2,40.0,1,0.7,,0,0.13914932310581207,34
1,MCF7,6.0,A133,3,2,40.0,1,0.8,,0,,8
1,MCF7,6.0,A133,3,2,40.0,1,0.9,,0,,1
2,MCF7,6.0,A133,3,2,40.0,2,0.4,,0,0.14477494359016418,76
2,MCF7,6.0,A133,3,2,40.0,2,0.5,,0,0.15452951192855835,915
2,MCF7,6.0,A133,3,2,40.0,2,0.6,0.17367824912071228,467,0.17206533253192902,2582
2,MCF7,6.0,A133,3,2,40.0,2,0.7,0.17972196638584137,2709,0.17919693887233734,5193
2,MCF7,6.0,A133,3,2,40.0,2,0.8,0.18692095577716827,1589,0.18595047295093536,2055
2,MCF7,6.0,A133,3,2,40.0,2,0.9,0.20089857280254364,378,0.20098024606704712,403
2,MCF7,6.0,A133,3,2,40.0,2,1.0,0.21755413711071014,80,0.2171071618795395,82
2,MCF7,6.0,A133,3,2,40.0,2,1.1,0.23383881151676178,6,,6
3,MCF7,6.0,A133,3,2,40.0,3,0.1,,0,0.09381458908319473,10
3,MCF7,6.0,A133,3,2,40.0,3,0.2,0.1144510805606842,3969,0.11265145987272263,10179
3,MCF7,6.0,A133,3,2,40.0,3,0.3,0.11616204679012299,1910,0.11365814507007599,4513
3,MCF7,6.0,A133,3,2,40.0,3,0.4,,0,0.1295231729745865,826
3,MCF7,6.0,A133,3,2,40.0,3,0.5,,0,0.1476251482963562,211
3,MCF7,6.0,A133,3,2,40.0,3,0.6,,0,,5
4,MCF7,6.0,A133,3,2,40.0,4,0.7,,0,,8
4,MCF7,6.0,A133,3,2,40.0,4,0.8,,0,0.1268489807844162,208
4,MCF7,6.0,A133,3,2,40.0,4,0.9,,0,0.13696101307868958,1521
4,MCF7,6.0,A133,3,2,40.0,4,1.0,0.15116263926029205,51,0.14639419317245483,3835
4,MCF7,6.0,A133,3,2,40.0,4,1.1,0.16045881807804108,1029,0.15616151690483093,6167
4,MCF7,6.0,A133,3,2,40.0,4,1.2,0.1683340221643448,2618,0.16257070004940033,7010
4,MCF7,6.0,A133,3,2,40.0,4,1.3,0.17230160534381866,2287,0.16650891304016113,5000
4,MCF7,6.0,A133,3,2,40.0,4,1.4,0.17067331075668335,1192,0.16908754408359528,2534
4,MCF7,6.0,A133,3,2,40.0,4,1.5,0.172142893075943,462,0.1759607493877411,974
4,MCF7,6.0,A133,3,2,40.0,4,1.6,0.17147338390350342,150,0.18077509105205536,306
4,MCF7,6.0,A133,3,2,40.0,4,1.7,0.15923234820365906,39,0.183522567152977,81
4,MCF7,6.0,A133,3,2,40.0,4,1.8,0.17108984291553497,20,0.194954976439476,31
4,MCF7,6.0,A133,3,2,40.0,4,1.9,0.144215390086174,11,0.15775667130947113,13
4,MCF7,6.0,A133,3,2,40.0,4,2.0,0.1531011462211609,18,0.1531011462211609,18
4,MCF7,6.0,A133,3,2,40.0,4,2.1,0.14100445806980133,6,,6
4,MCF7,6.0,A133,3,2,40.0,4,2.2,0.14133527874946594,5,,5
4,MCF7,6.0,A133,3,2,40.0,4,2.3,,2,,2
4,MCF7,6.0,A133,3,2,40.0,4,2.4,0.14148011803627014,7,,7
4,MCF7,6.0,A133,3,2,40.0,4,2.5,,2,,2
5,MCF7,6.0,A133,3,2,40.0,5,0.3,0.07376204431056976,636,0.07711140811443329,2174
5,MCF7,6.0,A133,3,2,40.0,5,0.4,0.08502262830734253,5187,0.09010420739650726,19733
5,MCF7,6.0,A133,3,2,40.0,5,0.5,0.10990186780691147,8045,0.11369526386260986,17227
5,MCF7,6.0,A133,3,2,40.0,5,0.6,0.13174301385879517,6730,0.13507415354251862,9609
5,MCF7,6.0,A133,3,2,40.0,5,0.7,0.1461351364850998,250,0.14327391982078552,535
5,MCF7,6.0,A133,3,2,40.0,5,0.8,,0,0.16495530307292938,26
5,MCF7,6.0,A133,3,2,40.0,5,0.9,,0,,8
5,MCF7,6.0,A133,3,2,40.0,5,1.0,,0,,0
6,MCF7,6.0,A133,3,2,40.0,6,0.6,,0,0.06995875388383865,81
6,MCF7,6.0,A133,3,2,40.0,6,0.7,,1,0.08408550918102264,879
6,MCF7,6.0,A133,3,2,40.0,6,0.8,0.07494814693927765,39,0.09484957158565521,2170
6,MCF7,6.0,A133,3,2,40.0,6,0.9,0.09610170871019363,326,0.10203605145215988,2984
6,MCF7,6.0,A133,3,2,40.0,6,1.0,0.10186995565891266,722,0.10914706438779831,3141
6,MCF7,6.0,A133,3,2,40.0,6,1.1,0.10476112365722656,763,0.1155480295419693,2535
6,MCF7,6.0,A133,3,2,40.0,6,1.2,0.10858215391635895,660,0.12442254275083542,1893
6,MCF7,6.0,A133,3,2,40.0,6,1.3,0.12104686349630356,659,0.1348971277475357,1479
6,MCF7,6.0,A133,3,2,40.0,6,1.4,0.1311878114938736,584,0.1466967612504959,1212
6,MCF7,6.0,A133,3,2,40.0,6,1.5,0.13761772215366364,562,0.15258269011974335,1007
6,MCF7,6.0,A133,3,2,40.0,6,1.6,0.14322687685489655,478,0.15553368628025055,703
6,MCF7,6.0,A133,3,2,40.0,6,1.7,0.14900067448616028,412,0.1575288623571396,533
6,MCF7,6.0,A133,3,2,40.0,6,1.8,0.1577695608139038,304,0.16510917246341705,352
6,MCF7,6.0,A133,3,2,40.0,6,1.9,0.1610373556613922,250,0.16254863142967224,258
6,MCF7,6.0,A133,3,2,40.0,6,2.0,0.1707155555486679,134,0.1712876260280609,139
6,MCF7,6.0,A133,3,2,40.0,6,2.1,0.17456728219985962,92,0.17582997679710388,93
6,MCF7,6.0,A133,3,2,40.0,6,2.2,0.18045863509178162,81,0.18045863509178162,81
6,MCF7,6.0,A133,3,2,40.0,6,2.3,0.1950249969959259,58,0.1950249969959259,58
6,MCF7,6.0,A133,3,2,40.0,6,2.4,0.18587611615657806,41,0.18587611615657806,41
6,MCF7,6.0,A133,3,2,40.0,6,2.5,0.19161543250083923,35,0.19161543250083923,35
6,MCF7,6.0,A133,3,2,40.0,6,2.6,0.20196542143821716,25,0.20196542143821716,25
6,MCF7,6.0,A133,3,2,40.0,6,2.7,0.19638051092624664,19,0.19638051092624664,19
6,MCF7,6.0,A133,3,2,40.0,6,2.8,0.19932755827903748,18,0.19932755827903748,18
6,MCF7,6.0,A133,3,2,40.0,6,2.9,0.18876925110816956,14,0.18876925110816956,14
6,MCF7,6.0,A133,3,2,40.0,6,3.0,0.18552230298519135,12,0.18552230298519135,12
6,MCF7,6.0,A133,3,2,40.0,6,3.1,0.1778104156255722,12,0.1778104156255722,12
6,MCF7,6.0,A133,3,2,40.0,6,3.2,0.165832981467247,10,0.165832981467247,10
6,MCF7,6.0,A133,3,2,40.0,6,3.3,0.1762537658214569,8,,8
6,MCF7,6.0,A133,3,2,40.0,6,3.4,0.18218974769115448,6,,6
6,MCF7,6.0,A133,3,2,40.0,6,3.5,0.17971953749656677,8,,8
6,MCF7,6.0,A133,3,2,40.0,6,3.6,0.1816072016954422,6,,6
6,MCF7,6.0,A133,3,2,40.0,6,3.7,0.18333831429481506,5,,5
6,MCF7,6.0,A133,3,2,40.0,6,3.8,,2,,2
6,MCF7,6.0,A133,3,2,40.0,6,3.9,,3,,3
6,MCF7,6.0,A133,3,2,40.0,6,4.0,,2,,2
6,MCF7,6.0,A133,3,2,40.0,6,4.1,,0,,0
1,MCF7,6.0,A133,4,2,40.0,1,0.4,,1,0.14993080496788025,11
1,MCF7,6.0,A133,4,2,40.0,1,0.5,0.1286504566669464,99,0.11969859153032303,620
1,MCF7,6.0,A133,4,2,40.0,1,0.6,0.11698604375123978,1050,0.11311530321836472,3200
1,MCF7,6.0,A133,4,2,40.0,1,0.7,0.1174638494849205,2712,0.11387638747692108,5120
1,MCF7,6.0,A133,4,2,40.0,1,0.8,0.11341118812561035,1023,0.11146261543035507,2060
1,MCF7,6.0,A133,4,2,40.0,1,0.9,0.12217389792203903,150,0.11593101918697357,322
1,MCF7,6.0,A133,4,2,40.0,1,1.0,0.1193290650844574,27,0.12133492529392242,47
1,MCF7,6.0,A133,4,2,40.0,1,1.1,0.14101764559745789,5,0.12164436280727386,16
1,MCF7,6.0,A133,4,2,40.0,1,1.2,,2,0.12842081487178802,13
1,MCF7,6.0,A133,4,2,40.0,1,1.3,,1,,8
1,MCF7,6.0,A133,4,2,40.0,1,1.4,,0,,9
1,MCF7,6.0,A133,4,2,40.0,1,1.5,,0,,4
1,MCF7,6.0,A133,4,2,40.0,1,1.6,,0,,6
1,MCF7,6.0,A133,4,2,40.0,1,1.7,,0,,3
1,MCF7,6.0,A133,4,2,40.0,1,1.8,,0,,0
1,MCF7,6.0,A133,4,2,40.0,1,1.9,,0,,1
2,MCF7,6.0,A133,4,2,40.0,2,0.7,0.14528988301753998,7,0.11554081737995148,101
2,MCF7,6.0,A133,4,2,40.0,2,0.8,0.15160119533538818,168,0.13038592040538788,1132
2,MCF7,6.0,A133,4,2,40.0,2,0.9,0.1430489867925644,717,0.13691604137420654,2938
2,MCF7,6.0,A133,4,2,40.0,2,1.0,0.14196130633354187,1318,0.14164261519908905,2977
2,MCF7,6.0,A133,4,2,40.0,2,1.1,0.14713680744171143,1546,0.1479267179965973,2336
2,MCF7,6.0,A133,4,2,40.0,2,1.2,0.15172508358955383,803,0.15330377221107483,1046
2,MCF7,6.0,A133,4,2,40.0,2,1.3,0.15495775640010834,235,0.15595440566539764,302
2,MCF7,6.0,A133,4,2,40.0,2,1.4,0.15287137031555176,88,0.15515422821044922,110
2,MCF7,6.0,A133,4,2,40.0,2,1.5,0.16006118059158325,36,0.1615879088640213,38
2,MCF7,6.0,A133,4,2,40.0,2,1.6,0.16833870112895966,14,0.17086245119571686,15
2,MCF7,6.0,A133,4,2,40.0,2,1.7,0.173095241189003,11,0.173095241189003,11
2,MCF7,6.0,A133,4,2,40.0,2,1.8,,2,,2
2,MCF7,6.0,A133,4,2,40.0,2,1.9,,0,,0
1,MCF7,6.0,A133,5,2,40.0,1,0.1,0.056082457304000854,1374,0.062495097517967224,15696
1,MCF7,6.0,A133,5,2,40.0,1,0.2,0.08254102617502213,11555,0.08697006106376648,31330
1,MCF7,6.0,A133,5,2,40.0,1,0.3,0.1060267835855484,10,0.11310416460037231,14
1,MCF7,6.0,A133,6,2,40.0,1,0.0,,0,0.0,29
1,MCF7,6.0,A133,6,2,40.0,1,0.1,,0,,0
1,MCF7,6.0,A133,6,2,40.0,1,0.2,,0,,0
1,MCF7,6.0,A133,6,2,40.0,1,0.3,,0,,0
1,MCF7,6.0,A133,6,2,40.0,1,0.4,,0,,0
1,MCF7,6.0,A133,6,2,40.0,1,0.5,,0,,0
1,MCF7,6.0,A133,6,2,40.0,1,0.6,,0,,7
1,MCF7,6.0,A133,6,2,40.0,1,0.7,,1,0.14608991146087646,218
1,MCF7,6.0,A133,6,2,40.0,1,0.8,0.17440079152584076,66,0.15917719900608063,1470
1,MCF7,6.0,A133,6,2,40.0,1,0.9,0.1778479814529419,756,0.17224180698394775,4341
1,MCF7,6.0,A133,6,2,40.0,1,1.0,0.17864610254764557,3046,0.18067282438278198,7993
1,MCF7,6.0,A133,6,2,40.0,1,1.1,0.18073734641075134,2605,0.18708516657352448,6661
1,MCF7,6.0,A133,6,2,40.0,1,1.2,0.18415337800979614,522,0.19869287312030792,2442
1,MCF7,6.0,A133,6,2,40.0,1,1.3,0.1846945434808731,48,0.21665436029434204,679
1,MCF7,6.0,A133,6,2,40.0,1,1.4,,3,0.2286173552274704,195
1,MCF7,6.0,A133,6,2,40.0,1,1.5,,0,0.23963555693626404,52
1,MCF7,6.0,A133,6,2,40.0,1,1.6,,0,0.25830909609794617,20
1,MCF7,6.0,A133,6,2,40.0,1,1.7,,0,,3
1,MCF7,6.0,A133,6,2,40.0,1,1.8,,0,,2
1,MCF7,6.0,A133,6,2,40.0,1,1.9,,0,,0
2,MCF7,6.0,A133,6,2,40.0,2,0.0,,0,0.0,48
2,MCF7,6.0,A133,6,2,40.0,2,0.1,,0,0.07188982516527176,95
2,MCF7,6.0,A133,6,2,40.0,2,0.2,0.086306631565094,125,0.08722062408924103,19766
2,MCF7,6.0,A133,6,2,40.0,2,0.3,0.10021068900823593,6161,0.0998324379324913,32053
2,MCF7,6.0,A133,6,2,40.0,2,0.4,0.11255110055208206,4502,0.10977709293365479,7164
2,MCF7,6.0,A133,6,2,40.0,2,0.5,0.12023214995861053,1090,0.1177469938993454,1181
2,MCF7,6.0,A133,6,2,40.0,2,0.6,0.1332363784313202,313,0.13275791704654694,318
2,MCF7,6.0,A133,6,2,40.0,2,0.7,0.1401594579219818,171,0.13922742009162903,174
2,MCF7,6.0,A133,6,2,40.0,2,0.8,0.14820221066474915,106,0.14727461338043213,108
2,MCF7,6.0,A133,6,2,40.0,2,0.9,0.14753246307373047,72,0.14753246307373047,72
2,MCF7,6.0,A133,6,2,40.0,2,1.0,0.16754451394081116,37,0.16340497136116028,39
2,MCF7,6.0,A133,6,2,40.0,2,1.1,0.17992907762527466,15,0.17992907762527466,15
2,MCF7,6.0,A133,6,2,40.0,2,1.2,0.20446603000164032,7,,7
2,MCF7,6.0,A133,6,2,40.0,2,1.3,,0,,0
1,MCF7,6.0,A133,7,2,40.0,1,0.2,,0,0.0729331448674202,13
1,MCF7,6.0,A133,7,2,40.0,1,0.3,0.10061606019735336,424,0.08565293997526169,4670
1,MCF7,6.0,A133,7,2,40.0,1,0.4,0.08588646352291107,777,0.08614324778318405,2402
1,MCF7,6.0,A133,7,2,40.0,1,0.5,0.09013183414936066,637,0.08149740099906921,956
1,MCF7,6.0,A133,7,2,40.0,1,0.6,0.09021484851837158,518,0.07985740900039673,802
1,MCF7,6.0,A133,7,2,40.0,1,0.7,0.0924195647239685,405,0.09045525640249252,436
1,MCF7,6.0,A133,7,2,40.0,1,0.8,0.09847662597894669,165,0.09778676927089691,168
1,MCF7,6.0,A133,7,2,40.0,1,0.9,0.0998796597123146,96,0.09975409507751465,97
1,MCF7,6.0,A133,7,2,40.0,1,1.0,0.08937384933233261,32,0.08937384933233261,32
1,MCF7,6.0,A133,7,2,40.0,1,1.1,0.08948007225990295,8,,8
2,MCF7,6.0,A133,7,2,40.0,2,0.0,,0,6.567790842382237e-05,916
2,MCF7,6.0,A133,7,2,40.0,2,0.1,0.05465615913271904,4663,0.0603630393743515,7235
2,MCF7,6.0,A133,7,2,40.0,2,0.2,0.0549008846282959,276,0.07343415170907974,1388
2,MCF7,6.0,A133,7,2,40.0,2,0.3,,0,0.12000441551208496,13
2,MCF7,6.0,A133,7,2,40.0,2,0.4,,0,,0
1,MCF7,6.0,A133,8,2,40.0,1,0.2,0.08157137036323547,868,0.08249703794717789,1845
1,MCF7,6.0,A133,8,2,40.0,1,0.3,0.0871562510728836,2940,0.08788327127695084,7220
1,MCF7,6.0,A133,8,2,40.0,1,0.4,0.09458588063716888,1255,0.09097040444612503,2323
1,MCF7,6.0,A133,8,2,40.0,1,0.5,0.10293658822774887,605,0.1010143980383873,692
1,MCF7,6.0,A133,8,2,40.0,1,0.6,0.10503280162811279,190,0.10454031825065613,199
1,MCF7,6.0,A133,8,2,40.0,1,0.7,0.10507141798734665,88,0.10507141798734665,88
1,MCF7,6.0,A133,8,2,40.0,1,0.8,0.10570132732391357,10,0.10570132732391357,10
1,MCF7,6.0,A133,8,2,40.0,1,0.9,0.1011819839477539,7,,7
1,MCF7,6.0,A133,8,2,40.0,1,1.0,,0,,0
2,MCF7,6.0,A133,8,2,40.0,2,0.2,0.08951364457607269,464,0.08781874179840088,3313
2,MCF7,6.0,A133,8,2,40.0,2,0.3,0.09760808944702148,601,0.09363647550344467,6894
2,MCF7,6.0,A133,8,2,40.0,2,0.4,,0,,1
3,MCF7,6.0,A133,8,2,40.0,3,0.2,,0,,4
3,MCF7,6.0,A133,8,2,40.0,3,0.3,0.08315830677747726,1864,0.08887694776058197,13270
3,MCF7,6.0,A133,8,2,40.0,3,0.4,0.09606336057186127,3004,0.09354672580957413,5177
3,MCF7,6.0,A133,8,2,40.0,3,0.5,0.10052955895662308,669,0.10052955895662308,669
3,MCF7,6.0,A133,8,2,40.0,3,0.6,,0,,0
1,MCF7,6.0,A133,9,2,40.0,1,0.0,,0,0.002058560959994793,712
1,MCF7,6.0,A133,9,2,40.0,1,0.1,0.06902241706848145,1735,0.06737381964921951,26789
1,MCF7,6.0,A133,9,2,40.0,1,0.2,0.07359962165355682,12154,0.07368068397045135,23549
1,MCF7,6.0,A133,9,2,40.0,1,0.3,,0,0.11420736461877823,22
1,MCF7,6.0,A133,9,2,40.0,1,0.4,,0,,0
2,MCF7,6.0,A133,9,2,40.0,2,0.4,0.06946022063493729,480,0.07211326062679291,1586
2,MCF7,6.0,A133,9,2,40.0,2,0.5,0.0808158814907074,5357,0.08661051094532013,18912
2,MCF7,6.0,A133,9,2,40.0,2,0.6,0.09406682103872299,1865,0.09715138375759125,7504
2,MCF7,6.0,A133,9,2,40.0,2,0.7,0.09998814016580582,734,0.10420046746730804,1395
2,MCF7,6.0,A133,9,2,40.0,2,0.8,0.09649766981601715,133,0.10461786389350891,173
2,MCF7,6.0,A133,9,2,40.0,2,0.9,0.08981272578239441,12,0.1002747043967247,14
2,MCF7,6.0,A133,9,2,40.0,2,1.0,,0,,0
3,MCF7,6.0,A133,9,2,40.0,3,0.0,,0,0.0,762
3,MCF7,6.0,A133,9,2,40.0,3,0.1,,0,,0
3,MCF7,6.0,A133,9,2,40.0,3,0.2,,0,,0
3,MCF7,6.0,A133,9,2,40.0,3,0.3,,0,,2
3,MCF7,6.0,A133,9,2,40.0,3,0.4,0.0643393024802208,11,0.08654307574033737,155
3,MCF7,6.0,A133,9,2,40.0,3,0.5,0.07537762075662613,111,0.10019031912088394,878
3,MCF7,6.0,A133,9,2,40.0,3,0.6,0.08158809691667557,179,0.10903723537921906,1591
3,MCF7,6.0,A133,9,2,40.0,3,0.7,0.09820384532213211,447,0.11940302699804306,1845
3,MCF7,6.0,A133,9,2,40.0,3,0.8,0.11053580045700073,600,0.1285446584224701,1520
3,MCF7,6.0,A133,9,2,40.0,3,0.9,0.11857519298791885,776,0.13161210715770721,1403
3,MCF7,6.0,A133,9,2,40.0,3,1.0,0.1276244968175888,973,0.13615816831588745,1365
3,MCF7,6.0,A133,9,2,40.0,3,1.1,0.12960678339004517,966,0.13561274111270905,1206
3,MCF7,6.0,A133,9,2,40.0,3,1.2,0.13739383220672607,773,0.14105506241321564,865
3,MCF7,6.0,A133,9,2,40.0,3,1.3,0.1362583041191101,467,0.138630673289299,507
3,MCF7,6.0,A133,9,2,40.0,3,1.4,0.14035248756408691,292,0.14369957149028778,315
3,MCF7,6.0,A133,9,2,40.0,3,1.5,0.1393226981163025,144,0.1392897069454193,155
3,MCF7,6.0,A133,9,2,40.0,3,1.6,0.14574076235294342,93,0.14790621399879456,99
3,MCF7,6.0,A133,9,2,40.0,3,1.7,0.1444430649280548,47,0.14850658178329468,54
3,MCF7,6.0,A133,9,2,40.0,3,1.8,0.1522790789604187,16,0.16801536083221436,21
3,MCF7,6.0,A133,9,2,40.0,3,1.9,0.1393822729587555,6,,6
3,MCF7,6.0,A133,9,2,40.0,3,2.0,,1,,2
3,MCF7,6.0,A133,9,2,40.0,3,2.1,,0,,0
3,MCF7,6.0,A133,9,2,40.0,3,2.2,,1,,1
3,MCF7,6.0,A133,9,2,40.0,3,2.3,,0,,0
1,MCF7,2.0,control,0,3,0.0,1,0.0,,0,0.0,3938
1,MCF7,2.0,control,0,3,0.0,1,0.1,,0,,1
1,MCF7,2.0,control,0,3,0.0,1,0.2,,0,0.0949176549911499,740
1,MCF7,2.0,control,0,3,0.0,1,0.3,0.11361591517925262,64,0.10270978510379791,14562
1,MCF7,2.0,control,0,3,0.0,1,0.4,0.12732993066310883,4459,0.1197238638997078,21640
1,MCF7,2.0,control,0,3,0.0,1,0.5,0.1372738480567932,5916,0.13482946157455444,9450
1,MCF7,2.0,control,0,3,0.0,1,0.6,0.14727741479873657,116,0.13580290973186493,520
1,MCF7,2.0,control,0,3,0.0,1,0.7,,0,0.1455858051776886,73
1,MCF7,2.0,control,0,3,0.0,1,0.8,,0,0.15270064771175385,17
1,MCF7,2.0,control,0,3,0.0,1,0.9,,0,,2
1,MCF7,2.0,control,0,3,0.0,1,1.0,,0,,1
1,MCF7,2.0,control,0,3,0.0,1,1.1,,0,,0
2,MCF7,2.0,control,0,3,0.0,2,0.0,,0,0.0,5682
2,MCF7,2.0,control,0,3,0.0,2,0.1,,0,,0
2,MCF7,2.0,control,0,3,0.0,2,0.2,,0,0.1269218623638153,282
2,MCF7,2.0,control,0,3,0.0,2,0.3,,0,0.12191447615623474,4117
2,MCF7,2.0,control,0,3,0.0,2,0.4,0.13361072540283203,29,0.12113294005393982,13286
2,MCF7,2.0,control,0,3,0.0,2,0.5,0.1290905475616455,1777,0.1282418966293335,16009
2,MCF7,2.0,control,0,3,0.0,2,0.6,0.1357363611459732,6292,0.13617219030857086,11446
2,MCF7,2.0,control,0,3,0.0,2,0.7,0.1405661255121231,988,0.14100492000579834,1696
2,MCF7,2.0,control,0,3,0.0,2,0.8,,2,0.15880422294139862,50
2,MCF7,2.0,control,0,3,0.0,2,0.9,,0,,6
2,MCF7,2.0,control,0,3,0.0,2,1.0,,0,,2
1,MCF7,2.0,control,1,3,0.0,1,0.0,,0,0.00012112026161048561,3900
1,MCF7,2.0,control,1,3,0.0,1,0.1,0.06370052695274353,16289,0.0650336965918541,50679
1,MCF7,2.0,control,1,3,0.0,1,0.2,0.06883246451616287,1570,0.07775900512933731,19442
1,MCF7,2.0,control,1,3,0.0,1,0.3,,0,0.09451262652873993,1467
1,MCF7,2.0,control,1,3,0.0,1,0.4,,0,0.09407214820384979,258
1,MCF7,2.0,control,1,3,0.0,1,0.5,,0,0.11303869634866714,14
1,MCF7,2.0,control,1,3,0.0,1,0.6,,0,,0
1,MCF7,2.0,control,4,3,0.0,1,0.0,,0,0.0,1542
1,MCF7,2.0,control,4,3,0.0,1,0.1,,0,,0
1,MCF7,2.0,control,4,3,0.0,1,0.2,,0,,4
1,MCF7,2.0,control,4,3,0.0,1,0.3,,0,0.138197660446167,310
1,MCF7,2.0,control,4,3,0.0,1,0.4,,0,0.14658352732658386,4071
1,MCF7,2.0,control,4,3,0.0,1,0.5,0.20090071856975555,505,0.15717196464538574,18431
1,MCF7,2.0,control,4,3,0.0,1,0.6,0.18190257251262665,7307,0.17109574377536774,34320
1,MCF7,2.0,control,4,3,0.0,1,0.7,0.1800958663225174,573,0.18160280585289001,5940
1,MCF7,2.0,control,4,3,0.0,1,0.8,,0,0.20743614435195923,293
1,MCF7,2.0,control,4,3,0.0,1,0.9,,0,0.2515619099140167,14
1,MCF7,2.0,control,4,3,0.0,1,1.0,,0,,3
1,MCF7,2.0,control,5,3,0.0,1,0.0,,0,0.0,97
1,MCF7,2.0,control,5,3,0.0,1,0.1,,0,0.07761089503765106,12
1,MCF7,2.0,control,5,3,0.0,1,0.2,,0,0.08261744678020477,3298
1,MCF7,2.0,control,5,3,0.0,1,0.3,0.10252584517002106,1727,0.10896773636341095,16545
1,MCF7,2.0,control,5,3,0.0,1,0.4,0.1301436722278595,9896,0.13300052285194397,15966
1,MCF7,2.0,control,5,3,0.0,1,0.5,0.13985219597816467,137,0.14317966997623444,290
1,MCF7,2.0,control,5,3,0.0,1,0.6,,0,,0
1,MCF7,2.0,control,6,3,0.0,1,0.0,,0,0.0,726
1,MCF7,2.0,control,6,3,0.0,1,0.1,,0,,0
1,MCF7,2.0,control,6,3,0.0,1,0.2,,0,0.10703779011964798,51
1,MCF7,2.0,control,6,3,0.0,1,0.3,,0,0.12120690196752548,1591
1,MCF7,2.0,control,6,3,0.0,1,0.4,0.12366989254951477,147,0.1279841661453247,6884
1,MCF7,2.0,control,6,3,0.0,1,0.5,0.1298968642950058,2419,0.1341267228126526,13357
1,MCF7,2.0,control,6,3,0.0,1,0.6,0.14221449196338654,5428,0.14486494660377502,13292
1,MCF7,2.0,control,6,3,0.0,1,0.7,0.15154023468494415,7556,0.15288519859313965,10950
1,MCF7,2.0,control,6,3,0.0,1,0.8,0.1586194932460785,5256,0.15889474749565125,6180
1,MCF7,2.0,control,6,3,0.0,1,0.9,0.16029660403728485,768,0.16187244653701782,918
1,MCF7,2.0,control,6,3,0.0,1,1.0,0.13897638022899628,43,0.1481945663690567,65
1,MCF7,2.0,control,6,3,0.0,1,1.1,,1,,2
2,MCF7,2.0,control,6,3,0.0,2,0.0,,0,0.0,44
2,MCF7,2.0,control,6,3,0.0,2,0.1,,0,,0
2,MCF7,2.0,control,6,3,0.0,2,0.2,,0,0.1085783988237381,279
2,MCF7,2.0,control,6,3,0.0,2,0.3,0.10979685932397842,6,0.11331595480442047,8219
2,MCF7,2.0,control,6,3,0.0,2,0.4,0.13519956171512604,1447,0.1305561363697052,16842
2,MCF7,2.0,control,6,3,0.0,2,0.5,0.14865200221538544,6239,0.14931108057498932,13058
2,MCF7,2.0,control,6,3,0.0,2,0.6,0.16236785054206848,2975,0.1624133586883545,3890
2,MCF7,2.0,control,6,3,0.0,2,0.7,0.16285552084445953,47,0.1666637361049652,84
2,MCF7,2.0,control,6,3,0.0,2,0.8,,0,,0
1,MCF7,2.0,control,7,3,0.0,1,0.0,,0,0.00011326067033223808,5448
1,MCF7,2.0,control,7,3,0.0,1,0.1,0.09378758817911148,9,0.10180411487817764,19122
1,MCF7,2.0,control,7,3,0.0,1,0.2,0.09039858728647232,15507,0.1005132645368576,68418
1,MCF7,2.0,control,7,3,0.0,1,0.3,0.05505622923374176,8,0.12365378439426422,305
1,MCF7,2.0,control,7,3,0.0,1,0.4,,0,,3
1,MCF7,2.0,control,8,3,0.0,1,0.0,,0,0.0,2101
1,MCF7,2.0,control,8,3,0.0,1,0.1,,0,,0
1,MCF7,2.0,control,8,3,0.0,1,0.2,,0,,0
1,MCF7,2.0,control,8,3,0.0,1,0.3,,0,0.14488087594509125,13
1,MCF7,2.0,control,8,3,0.0,1,0.4,,0,0.16314321756362915,456
1,MCF7,2.0,control,8,3,0.0,1,0.5,,0,0.17413876950740814,3259
1,MCF7,2.0,control,8,3,0.0,1,0.6,,2,0.17975033819675446,10058
1,MCF7,2.0,control,8,3,0.0,1,0.7,0.17979225516319275,494,0.17974968254566193,22622
1,MCF7,2.0,control,8,3,0.0,1,0.8,0.18570585548877716,9017,0.18276485800743103,40841
1,MCF7,2.0,control,8,3,0.0,1,0.9,0.1933744102716446,15004,0.19119060039520264,33462
1,MCF7,2.0,control,8,3,0.0,1,1.0,0.2008526474237442,1666,0.2012294977903366,5945
1,MCF7,2.0,control,8,3,0.0,1,1.1,0.20574073493480682,14,0.2142980843782425,697
1,MCF7,2.0,control,8,3,0.0,1,1.2,,0,0.22245609760284424,122
1,MCF7,2.0,control,8,3,0.0,1,1.3,,0,0.21454191207885742,20
1,MCF7,2.0,control,8,3,0.0,1,1.4,,0,,4
1,MCF7,2.0,control,8,3,0.0,1,1.5,,0,,0
