Metadata_cell,Metadata_hour,Metadata_treatment,Metadata_site,Metadata_dish,Metadata_concentration,ObjectNumber,Ed_mean,Ed_variance,Ed_not_zero_mean,Ed_not_zero_variance,Ed_region_mean,Ed_region_variance,Ed_region_max,Ed_region_min,Ed_region_top_50,Ed_region_top_25,Fp_region_ratio_mean,Fp_non_region_ratio_mean,Fp_cell_ratio_mean,Fp_region_pixels,Fp_non_region_pixels,Fp_cell_pixels,Fp_cell_MCC,Fp_region_PCC,Fp_cell_PCC,Fp_region_MOC,Fp_cell_MOC,Rc_cell_mean,Rc_cell_max,Rc_cell_min,Rc_cell_var,Rc_region_mean,Rc_region_max,Rc_region_min,Rc_region_var,Rc_non_region_mean,Rc_non_region_max,Rc_non_region_min,Rc_non_region_var
H1975,2.0,AFA,0,1,10.0,1,0.07060854882001877,0.0010969669092446566,0.07157730311155319,0.0010426767403259873,0.05078704655170441,0.0004149361338932067,0.1072671115398407,0.0,0.06704330444335938,0.07730571925640106,0.2610276937484741,0.6128785,0.6023665,543.0,17632.0,18175.0,0.33493167,0.19868552684783936,0.14489067,0.8863146305084229,0.7751098,0.33924806,1.3724321,0.03486553,0.055977564,0.18940293788909912,0.4104560315608978,0.06393671780824661,0.006884236820042133,0.34386244,1.3724321,0.03486553,0.056776628
H1975,2.0,AFA,0,1,10.0,2,0.1359957456588745,0.0023558151442557573,0.13617581129074097,0.0023344112560153008,0.11053942143917084,0.0004833594139199704,0.17665398120880127,0.03732283413410187,0.12815159559249878,0.1391400545835495,0.8190420269966125,1.5367467,1.5259721,999.0,65544.0,66543.0,0.73636734,0.029122237116098404,0.0983869,0.983838677406311,0.8743909,2.568284,6.8502283,0.58125436,1.1135844,1.7272228002548218,2.4979419708251953,1.1489346027374268,0.055759359151124954,2.581103,6.8502283,0.58125436,1.1187612
H1975,2.0,AFA,1,1,10.0,1,0.046465516090393066,0.0005503444699570537,0.0482766330242157,0.0004843608767259866,0.028345366939902306,0.00014954173821024597,0.07494194805622101,0.0,0.03807634860277176,0.04383774474263191,0.7792780995368958,1.8461925,1.8370416,1000.0,115591.0,116591.0,0.9932805,0.11952801793813705,0.6075294,0.9780930876731873,0.90254843,0.58687395,1.57055,0.0,0.053111505,0.26905614137649536,0.41048434376716614,0.1591331958770752,0.002629459835588932,0.5896234,1.57055,0.0,0.052666843
H1975,2.0,AFA,1,1,10.0,2,0.03093826025724411,0.00021110953821334988,0.03140958026051521,0.00019952160073444247,0.019925056025385857,9.417019464308396e-05,0.049607809633016586,0.0,0.02782706916332245,0.0325963981449604,0.7376096844673157,1.3003402,1.2955605,600.0,70039.0,70639.0,0.939774,-0.2170359194278717,0.4749412,0.9889242649078369,0.9178399,0.16303395,0.44810364,0.04511095,0.0039168573,0.1001182273030281,0.16371560096740723,0.07111683487892151,0.0002137679111910984,0.16357289,0.44810364,0.04511095,0.0039143804
H1975,2.0,AFA,10,1,10.0,1,0.03613676503300667,0.0004197511007077992,0.03804570063948631,0.0003692977479659021,0.045566946268081665,0.0005447369767352939,0.12212801724672318,0.0,0.06428490579128265,0.07861310243606567,0.7737582325935364,1.0737201,1.0706204,721.0,69054.0,69775.0,0.62705773,-0.7612117528915405,0.38315696,0.9198783040046692,0.9149665,0.38211882,1.1829069,0.0,0.027882257,0.28200891613960266,0.4756148159503937,0.09418796747922897,0.010643714107573032,0.38316405,1.1829069,0.0,0.027956512
H1975,2.0,AFA,10,1,10.0,2,0.046583712100982666,0.0010859952308237553,0.049652062356472015,0.001005177036859095,0.03026726096868515,0.0003251251473557204,0.1009058728814125,0.0,0.044711336493492126,0.054257769137620926,0.5735273361206055,1.133824,1.1279575,1400.0,132311.0,133711.0,0.77637136,-0.274904727935791,0.36268324,0.9697524309158325,0.87499493,0.30935037,3.5247629,0.0,0.07145271,0.18080797791481018,0.37104806303977966,0.0926235094666481,0.001954191131517291,0.31071043,3.5247629,0.0,0.07201139
H1975,2.0,AFA,10,1,10.0,3,0.2873835861682892,0.01531889196485281,0.29245084524154663,0.01410707738250494,0.0955134704709053,0.0019198275404050946,0.2068794071674347,0.0,0.1303497701883316,0.15596292912960052,0.12052424997091293,0.527576,0.5263706,221.0,74402.0,74623.0,0.7102131,0.7244011759757996,0.45854214,0.9488935470581055,0.8844469,5.2981224,24.21231,0.0,5.5155,1.7260994911193848,2.493882894515991,0.9547118544578552,0.17435237765312195,5.308733,24.21231,0.0,5.4933534
H1975,2.0,AFA,11,1,10.0,1,0.05016198381781578,0.0004081005754414946,0.05037010833621025,0.0003993105492554605,0.03898672014474869,0.000125552382087335,0.07435057312250137,0.0040723467245697975,0.047965340316295624,0.05306616798043251,0.7120559811592102,1.0987712,1.0927978,800.0,50991.0,51791.0,0.6073439,0.4087604284286499,0.20625398,0.9793316721916199,0.8947016,0.42924154,1.1767786,0.10668859,0.040922143,0.3261789083480835,0.4931630492210388,0.21463707089424133,0.0036798769142478704,0.43085843,1.1767786,0.10668859,0.041337173
H1975,2.0,AFA,11,1,10.0,2,0.08136099576950073,0.001224652980454266,0.08148764073848724,0.0012162388302385807,0.04419828951358795,0.00013102129742037505,0.07825108617544174,0.007343860808759928,0.053220849484205246,0.05905284360051155,0.5106881856918335,1.5837164,1.574451,600.0,68886.0,69486.0,0.41421673,0.14298903942108154,0.16691543,0.9949386715888977,0.8449083,0.8224066,3.243886,0.26168996,0.1668343,0.37817105650901794,0.4871525168418884,0.295891672372818,0.0010518917115405202,0.82627577,3.243886,0.26168996,0.16654442
H1975,2.0,AFA,11,1,10.0,3,0.10194838792085648,0.002703238744288683,0.10364086180925369,0.0025727064348757267,0.06281035393476486,0.0003835142415482551,0.1291515827178955,0.015729468315839767,0.07842690497636795,0.08858570456504822,0.6897139549255371,1.727798,1.7154689,400.0,33279.0,33679.0,0.33830222,0.31386029720306396,0.14252186,0.9921866655349731,0.8377177,1.1517234,3.8666816,0.0,0.3473227,0.5413100719451904,0.7262268662452698,0.39919376373291016,0.00358592695556581,1.15906,3.8666816,0.0,0.34692192
H1975,2.0,AFA,12,1,10.0,1,0.12358452379703522,0.0007651480264030397,0.12358452379703522,0.0007651480264030397,0.10819466412067413,0.0003914478875230998,0.1657368689775467,0.03911956399679184,0.12376382201910019,0.13236591219902039,1.060913324356079,1.3909403,1.3837008,929.0,41422.0,42351.0,0.897534,0.3034916818141937,0.7711153,0.9776407480239868,0.9558121,1.276106,2.4318562,0.48203656,0.12085279,1.0912500619888306,1.6399800777435303,0.6162893772125244,0.04229889065027237,1.2802517,2.4318562,0.48203656,0.12183096
H1975,2.0,AFA,12,1,10.0,2,0.5004802942276001,0.01228307094424963,0.5004802942276001,0.01228307094424963,0.3069727122783661,0.0005216397112235427,0.3559495508670807,0.23708456754684448,0.3248386085033417,0.3360179364681244,0.45421120524406433,1.5962914,1.59224,97.0,27246.0,27343.0,0.06847894,0.3014387786388397,-0.1124915,0.9977120161056519,0.8254637,4.312774,7.582777,1.7221035,1.2547199,2.342515468597412,2.4897077083587646,2.055209159851074,0.010051076300442219,4.3197885,7.582777,1.7221035,1.2452819
H1975,2.0,AFA,13,1,10.0,1,0.319980263710022,0.02051158808171749,0.35762789845466614,0.009461057372391224,0.2794850170612335,0.001641897251829505,0.3658614456653595,0.1636836975812912,0.31275084614753723,0.3309069573879242,0.8150738477706909,1.1420326,1.1417105,50.0,50685.0,50735.0,0.8209567,0.27612462639808655,0.5746123,0.996442973613739,0.9537559,3.0256112,8.076986,0.0,1.6798483,2.3003311157226562,2.4987404346466064,1.9177948236465454,0.017841000109910965,3.0263267,8.076986,0.0,1.6809686
H1975,2.0,AFA,13,1,10.0,2,0.09121542423963547,0.001435316982679069,0.09199810773134232,0.001375627121888101,0.07206924259662628,0.0003290011081844568,0.1277671754360199,0.02472025342285633,0.086463563144207,0.09522977471351624,0.9339742064476013,1.5427831,1.5382982,400.0,53902.0,54302.0,0.8092699,-0.275790810585022,0.6008766,0.9906100630760193,0.93614966,1.1861207,2.758017,0.25763065,0.13257234,0.85980623960495,1.1527482271194458,0.6293258666992188,0.009121065959334373,1.1885422,2.758017,0.25763065,0.13269238
H1975,2.0,AFA,13,1,10.0,3,0.08329272270202637,0.003084899391978979,0.09181595593690872,0.002618004335090518,0.057212114334106445,0.0010252242209389806,0.1578388661146164,0.0,0.082489013671875,0.09911783039569855,0.7048929929733276,1.1979645,1.194475,469.0,65801.0,66270.0,0.83475924,0.1386621594429016,0.4884357,0.9864334464073181,0.9177843,1.5031403,4.9902077,0.0,0.49023017,0.9336429238319397,1.394153356552124,0.6076258420944214,0.0216533076018095,1.5071995,4.9902077,0.0,0.4912418
H1975,2.0,AFA,14,1,10.0,1,0.08513873815536499,0.002077300101518631,0.08574093133211136,0.0020403610542416573,0.04023456946015358,0.0001652136561460793,0.07904238253831863,0.0,0.05038328096270561,0.05749357119202614,0.5621373057365417,2.0304363,2.0197496,400.0,54559.0,54959.0,0.28047708,-0.6361363530158997,-0.14877573,0.9823312759399414,0.756091,0.9444382,3.069738,0.17997594,0.31195095,0.3398449718952179,0.5088918805122375,0.2393961399793625,0.003449666779488325,0.94887066,3.069738,0.17997594,0.3115132
H1975,2.0,AFA,15,1,10.0,1,0.3628509044647217,0.013633640483021736,0.3628509044647217,0.013633640483021736,0.22506384551525116,0.0015904030296951532,0.32917314767837524,0.1335979700088501,0.25878432393074036,0.2789042890071869,0.46225690841674805,1.8050905,1.7797993,986.0,51365.0,52351.0,0.14341787,-0.35798490047454834,-0.30884853,0.9550514817237854,0.75953084,3.3329928,7.445888,1.1018748,1.8220202,1.6964213848114014,2.4887285232543945,1.1191829442977905,0.0982784852385521,3.3644078,7.445888,1.1018748,1.8027086
H1975,2.0,AFA,16,1,10.0,1,0.08427932113409042,0.0005367989069782197,0.08427932113409042,0.0005367989069782197,0.058556925505399704,0.00017400123761035502,0.10008157789707184,0.029835371300578117,0.06864053755998611,0.07667936384677887,0.6691704392433167,3.1061175,3.0611427,600.0,31911.0,32511.0,0.28034648,-0.17564742267131805,-0.11144079,0.9792405962944031,0.7614013,0.35949016,0.96164304,0.08558518,0.032553528,0.13532617688179016,0.19738589227199554,0.08558517694473267,0.0005076451925560832,0.3637048,0.96164304,0.09414021,0.0321935
H1975,2.0,AFA,16,1,10.0,2,0.10643424093723297,0.0012969084782525897,0.1065560132265091,0.0012854166561737657,0.08138354122638702,0.0006866678013466299,0.14125804603099823,0.0,0.10242301225662231,0.11295676976442337,1.0280684232711792,0.8730213,0.87403554,166.0,25209.0,25375.0,0.6161363,-0.05866511911153793,0.72185415,0.9868221879005432,0.9588824,0.80387074,1.6988617,0.34573793,0.024362963,0.911512553691864,1.262225866317749,0.6792196035385132,0.014967354945838451,0.80316186,1.6988617,0.34573793,0.024348034
H1975,2.0,AFA,16,1,10.0,3,0.09448977559804916,0.001278015784919262,0.0946340337395668,0.0012663152301684022,0.07330009341239929,0.000540401553735137,0.16281238198280334,0.012936659157276154,0.09191974997520447,0.10316360741853714,0.5654750466346741,1.1845573,1.1645995,719.0,21584.0,22303.0,0.22371684,0.5608400106430054,-0.11784502,0.9790589809417725,0.8504565,0.48574606,1.7306926,0.17391895,0.043642975,0.30666276812553406,0.4540223479270935,0.18949414789676666,0.0018495942931622267,0.49171132,1.7306926,0.17391895,0.04393125
H1975,2.0,AFA,2,1,10.0,1,0.22745445370674133,0.005778217222541571,0.2275087833404541,0.005767233669757843,0.08030867576599121,0.0001303155586356297,0.12577174603939056,0.04809439554810524,0.08957386761903763,0.09534365683794022,0.8523766994476318,3.8196368,3.8054607,400.0,83327.0,83727.0,0.99981236,-0.2479936182498932,0.61422586,0.9953403472900391,0.8239275,3.1125717,10.748606,0.0,1.5125477,0.8345969915390015,1.094970941543579,0.7158229947090149,0.005845311097800732,3.1235068,10.748606,0.0,1.4947513
H1975,2.0,AFA,2,1,10.0,2,0.09228666871786118,0.0017166739562526345,0.09300041198730469,0.001663572620600462,0.06336567550897598,0.00028393694083206356,0.11288612335920334,0.022641446441411972,0.07693631947040558,0.08536276966333389,0.6101223826408386,1.3946776,1.3869827,400.0,40383.0,40783.0,0.52349424,-0.6568170785903931,0.19806273,0.9526830911636353,0.8538638,1.9124923,4.9486933,0.46339798,0.6963997,1.0480282306671143,1.9710948467254639,0.6499886512756348,0.07861290127038956,1.9210547,4.9486933,0.46339798,0.69504356
H1975,2.0,AFA,2,1,10.0,3,0.051935188472270966,0.0005299748736433685,0.053088534623384476,0.0004805148346349597,0.04796295240521431,0.0004911531577818096,0.11991824209690094,0.0,0.06540650129318237,0.07583475112915039,0.5857539772987366,0.71372265,0.70979714,3280.0,103647.0,106927.0,0.40861472,0.5667919516563416,0.5026964,0.9047843217849731,0.8903183,0.7428081,2.0766013,0.15728731,0.1075806,0.659665048122406,1.559627890586853,0.1751372516155243,0.08148147165775299,0.7454393,2.0766013,0.15728731,0.10818085
H1975,2.0,AFA,3,1,10.0,1,0.2180759608745575,0.0027630245313048363,0.21810021996498108,0.002758044982329011,0.16766531765460968,0.001072651008144021,0.29458653926849365,0.08718312531709671,0.19362002611160278,0.2109633833169937,0.6913673877716064,1.3453097,1.3307731,1200.0,52783.0,53983.0,0.46551374,-0.48991480469703674,0.3461446,0.9681337475776672,0.92133355,1.7997757,3.500037,0.57577264,0.23853365,1.0885567665100098,1.9745073318481445,0.6828515529632568,0.052721183747053146,1.8159448,3.500037,0.57577264,0.23099679
H1975,2.0,AFA,3,1,10.0,2,0.1506912261247635,0.0023156090173870325,0.1508703976869583,0.0022913306020200253,0.13283488154411316,0.0007942491210997105,0.22520548105239868,0.028055604547262192,0.1552194356918335,0.1686660647392273,0.9384751915931702,1.4977441,1.4823741,1805.0,63874.0,65679.0,0.81595707,0.5827765464782715,0.51847893,0.9762287735939026,0.9359675,1.0920402,2.7671952,0.0,0.12038174,0.7839100360870361,1.437126636505127,0.4222937524318695,0.024399442598223686,1.1007473,2.7671952,0.0,0.120335266
H1975,2.0,AFA,4,1,10.0,1,0.16295279562473297,0.003375882748514414,0.16325503587722778,0.0033328011631965637,0.11068903654813766,0.0006058000726625323,0.19614030420780182,0.04817577078938484,0.1301502287387848,0.14263808727264404,0.7534582614898682,1.6935892,1.681585,600.0,46391.0,46991.0,0.7819609,0.5033643245697021,0.2958213,0.9878007173538208,0.88671345,2.113078,5.8571124,0.0,0.6201626,1.081290602684021,1.5088320970535278,0.7430415153503418,0.018082017078995705,2.1264226,5.8571124,0.0,0.6140028
H1975,2.0,AFA,4,1,10.0,2,0.16747643053531647,0.0013641256373375654,0.16747643053531647,0.0013641256373375654,0.12694689631462097,0.0004099535581190139,0.19449841976165771,0.06754396855831146,0.1432018131017685,0.15281589329242706,0.7627697587013245,1.5314744,1.5007325,787.0,18892.0,19679.0,0.79120374,0.2861379384994507,0.36559832,0.992805004119873,0.9113048,3.0084295,5.6816206,1.5267617,0.3656205,2.098766565322876,2.496082067489624,1.7180392742156982,0.021702539175748825,3.046322,5.6816206,1.5267617,0.34404123
H1975,2.0,AFA,5,1,10.0,1,0.08319392800331116,0.0013735274551436305,0.08372141420841217,0.001338074915111065,0.04170368239283562,0.0003930529928766191,0.10459211468696594,0.0,0.05757471174001694,0.06821934133768082,0.49923795461654663,1.7355261,1.717673,573.0,39106.0,39679.0,0.37856513,0.066048763692379,-0.13169612,0.9481898546218872,0.8438693,0.7000441,1.9397666,0.11039702,0.08207178,0.29941755533218384,0.4849335253238678,0.1348722279071808,0.0053423927165567875,0.70591414,1.9397666,0.11039702,0.080809884
H1975,2.0,AFA,5,1,10.0,2,0.17970845103263855,0.0054452549666166306,0.18066351115703583,0.0053016506135463715,0.09724495559930801,0.0009245722903870046,0.19138093292713165,0.018652036786079407,0.1219630241394043,0.13807478547096252,0.9016494750976562,2.1404345,2.1234512,542.0,38993.0,39535.0,0.87145,-0.22330552339553833,0.34161627,0.9706785082817078,0.89145374,3.6253388,11.38119,0.0,1.9474789,1.8025487661361694,2.499688148498535,1.1473426818847656,0.13307595252990723,3.650674,11.38119,0.0,1.9258742
H1975,2.0,AFA,5,1,10.0,3,0.0708760991692543,0.0012155509321019053,0.07263714075088501,0.0011178366839885712,0.05557632073760033,0.0006606535171158612,0.14594011008739471,0.0,0.07647483795881271,0.08960415422916412,0.9669038653373718,1.3398964,1.3333647,1636.0,91787.0,93423.0,0.85075486,-0.5579236745834351,0.521869,0.953881561756134,0.94156706,1.3753794,3.3676553,0.0,0.1991621,1.0510120391845703,1.65630042552948,0.41185298562049866,0.07247190922498703,1.3811609,3.3676553,0.0,0.19951148
H1975,2.0,AFA,6,1,10.0,1,0.032138947397470474,0.0003634446475189179,0.03363107144832611,0.0003301365941297263,0.027207020670175552,0.0003509557282086462,0.1018480733036995,0.0,0.04196387529373169,0.05273726209998131,0.4916081726551056,1.245213,1.2290008,1763.0,80188.0,81951.0,0.25046495,0.22815832495689392,-0.34026927,0.9521839022636414,0.83897924,0.21187815,0.6012009,0.0,0.010791605,0.10946142673492432,0.23079106211662292,0.026138553395867348,0.0009726269054226577,0.21412984,0.6012009,0.0,0.010771799
H1975,2.0,AFA,6,1,10.0,2,0.052331309765577316,0.001072695362381637,0.05586836487054825,0.0009475889964960515,0.042310867458581924,0.0004995384952053428,0.09987514466047287,0.0,0.060800451785326004,0.07226704806089401,0.7350047826766968,1.0241368,1.0184863,434.0,21773.0,22207.0,0.66781926,-0.4364456534385681,0.62002885,0.9365984201431274,0.94243675,0.28585124,0.5994056,0.0,0.0062303008,0.2323460429906845,0.41646045446395874,0.1131240501999855,0.004720437340438366,0.28691772,0.5994056,0.0,0.006202197
H1975,2.0,AFA,6,1,10.0,3,0.20173868536949158,0.005211355164647102,0.20229804515838623,0.00511265080422163,0.09766489267349243,0.0006028967909514904,0.18379071354866028,0.031127309426665306,0.11723615974187851,0.1300806850194931,0.8247945308685303,2.1519146,2.140961,400.0,48063.0,48463.0,0.94718176,0.14956587553024292,0.41745487,0.9939701557159424,0.8996349,3.1777058,8.3145485,0.0,0.8730439,1.4574127197265625,1.8819674253463745,1.1247745752334595,0.018826313316822052,3.1920218,8.3145485,0.0,0.855319
H1975,2.0,AFA,7,1,10.0,1,0.12696672976016998,0.002106286818161607,0.12697014212608337,0.0021059121936559677,0.08002966642379761,7.184979040175676e-05,0.10896740108728409,0.056210968643426895,0.08668118715286255,0.0908859372138977,0.8046572804450989,1.7569656,1.7416973,600.0,36823.0,37423.0,0.9991127,0.4235863983631134,0.7111756,0.9990947842597961,0.9061194,2.3243642,6.1432176,1.0839267,0.76337105,1.1884387731552124,1.346030354499817,1.089750051498413,0.001764732995070517,2.3428729,6.1432176,1.0839267,0.7544136
H1975,2.0,AFA,7,1,10.0,2,0.14104485511779785,0.0030124278273433447,0.1415441334247589,0.002952421549707651,0.07519495487213135,0.00013971480075269938,0.10278051346540451,0.047495439648628235,0.08493630588054657,0.09080293774604797,0.6098610162734985,2.2866743,2.2779117,200.0,38071.0,38271.0,0.45327744,-0.1535656601190567,-0.31137657,0.9954240918159485,0.79133034,1.6673878,3.8246505,0.27237406,0.49367326,0.7609225511550903,0.9534648060798645,0.6403588056564331,0.0030710636638104916,1.6721497,3.8246505,0.27237406,0.4919114
H1975,2.0,AFA,8,1,10.0,1,0.23004817962646484,0.00487073278054595,0.23004817962646484,0.00487073278054595,0.10735408216714859,0.0005514629883691669,0.18759684264659882,0.03640252724289894,0.1258099526166916,0.1377076953649521,0.3274855315685272,1.4791604,1.4686563,597.0,64858.0,65455.0,0.6021049,0.432522714138031,0.2655996,0.9608229994773865,0.8881196,3.8841429,7.325049,0.77721363,1.4004406,1.5647221803665161,2.489105463027954,0.9032849073410034,0.0887775868177414,3.9054923,7.325049,0.77721363,1.3625401
H1975,2.0,AFA,8,1,10.0,2,0.3082679212093353,0.04024340212345123,0.4124576449394226,0.01087118685245514,0.2501460313796997,0.0017202236922457814,0.3778633773326874,0.11462290585041046,0.2827652096748352,0.30205076932907104,0.5969420671463013,1.2238191,1.2209153,517.0,111098.0,111615.0,0.6316649,0.6323835253715515,0.7160086,0.9785017371177673,0.9299128,2.943293,7.997256,0.0,3.619487,1.9903703927993774,2.4945425987243652,1.1224546432495117,0.10450229793787003,2.9477277,7.997256,0.0,3.6315982
H1975,2.0,AFA,8,1,10.0,3,0.06443308293819427,0.0025981012731790543,0.07461127638816833,0.0022491030395030975,0.05152498185634613,0.001372991013340652,0.19232577085494995,0.0,0.08157313615083694,0.10101263970136642,0.9716534614562988,1.3455204,1.3419387,861.0,89010.0,89871.0,0.6383135,-0.5488978028297424,0.21078813,0.9404947757720947,0.90203035,0.80481195,3.706941,0.0,0.19358133,0.5895795226097107,1.058493733406067,0.13938231766223907,0.04118548333644867,0.80689394,3.706941,0.0,0.19460301
H1975,2.0,AFA,9,1,10.0,1,0.2627710998058319,0.01153686735779047,0.2812023460865021,0.00716317119076848,0.23686106503009796,0.003427978605031967,0.3551296591758728,0.11629994958639145,0.2871517241001129,0.3123248517513275,0.8118597865104675,0.9249582,0.9240618,315.0,39428.0,39743.0,0.40128744,-0.8851503133773804,0.4754976,0.8265171051025391,0.8685301,1.7725006,5.709705,0.0,0.67602736,1.432758092880249,2.4891223907470703,0.4128553867340088,0.4285564124584198,1.7752148,5.709705,0.0,0.67707485
H1975,2.0,AFA,9,1,10.0,2,0.19685330986976624,0.005633218679577112,0.19686667621135712,0.005630970001220703,0.13236966729164124,0.0002852654142770916,0.19112946093082428,0.07708113640546799,0.14560729265213013,0.15398281812667847,0.7947415113449097,2.1911597,2.16588,800.0,43391.0,44191.0,0.8052394,-0.28375834226608276,0.41463363,0.9897327423095703,0.85777944,0.9478149,4.0649548,0.0,0.44194934,0.3968467712402344,0.5726722478866577,0.2650587856769562,0.002549356548115611,0.95797306,4.0649548,0.0,0.44435048
H1975,2.0,AFA,9,1,10.0,3,0.20447054505348206,0.0076348548755049706,0.20896340906620026,0.006863774266093969,0.1573384404182434,0.0014390135183930397,0.27294328808784485,0.034400150179862976,0.18713365495204926,0.20449526607990265,0.7739230990409851,1.1619718,1.1600263,298.0,59141.0,59439.0,0.50796604,-0.5925242900848389,0.29274833,0.9653347730636597,0.8940219,1.9107895,6.6795964,0.0,0.6178501,1.284008502960205,2.0950891971588135,0.810707151889801,0.09072677046060562,1.9139475,6.6795964,0.0,0.61851674
H1975,4.0,AFA,0,1,10.0,1,0.08559203892946243,0.0006738644442521036,0.08559203892946243,0.0006738644442521036,0.04496870934963226,0.000148417180753313,0.08484960347414017,0.018442006781697273,0.05463699251413345,0.06158478558063507,0.792005717754364,2.245995,2.2364793,400.0,60719.0,61119.0,0.99769115,-0.3836812973022461,0.31417373,0.9850496649742126,0.87160724,0.62000036,1.626563,0.18197359,0.068846464,0.29328015446662903,0.4051946699619293,0.21434195339679718,0.0019896933808922768,0.62215275,1.626563,0.18197359,0.06857906
H1975,4.0,AFA,1,1,10.0,1,0.09696443378925323,0.0007514924509450793,0.09700984507799149,0.0007474400335922837,0.08676132559776306,0.0001455727469874546,0.13085918128490448,0.05828952044248581,0.0962258130311966,0.10252922028303146,0.7766241431236267,1.2986988,1.2942561,200.0,23303.0,23503.0,0.91871023,-0.07111002504825592,0.87499225,0.9917665123939514,0.977084,0.11577449,0.28040698,0.0,0.00058153045,0.08009722083806992,0.11481714248657227,0.05778001993894577,9.326750296168029e-05,0.11608067,0.28040698,0.0,0.000574703
H1975,4.0,AFA,1,1,10.0,2,0.22889681160449982,0.002408741507679224,0.22889681160449982,0.002408741507679224,0.1779342144727707,0.0003259673248976469,0.2394009679555893,0.11715291440486908,0.19230414927005768,0.20087772607803345,0.6185612678527832,1.0934618,1.0876015,400.0,32015.0,32415.0,0.878882,-0.3257341980934143,0.6472705,0.9908400774002075,0.9202286,1.1610268,2.3553998,0.5272707,0.09212651,0.7930320501327515,0.9726854562759399,0.6096768975257874,0.006145053543150425,1.1656246,2.3553998,0.5272707,0.091487706
H1975,4.0,AFA,1,1,10.0,3,0.0913313627243042,0.0006622739019803703,0.0913415178656578,0.0006614208105020225,0.08629383146762848,9.872171358438209e-05,0.11740981042385101,0.05702747777104378,0.09413736313581467,0.09882378578186035,0.929117739200592,0.9785084,0.9777769,400.0,26607.0,27007.0,0.97594213,0.37640380859375,0.979263,0.9974961280822754,0.9934911,0.30117583,0.48045614,0.17782284,0.0012628599,0.296134352684021,0.34416428208351135,0.23389631509780884,0.0003598817565944046,0.3012516,0.48045614,0.17782284,0.0012760466
H1975,4.0,AFA,2,1,10.0,1,0.122373066842556,0.0004848346870858222,0.122373066842556,0.0004848346870858222,0.10059836506843567,0.00010256169480271637,0.14003297686576843,0.07214948534965515,0.10845325142145157,0.11310505867004395,0.8066363334655762,1.226621,1.2144959,400.0,13455.0,13855.0,0.8977524,0.597899317741394,0.78835976,0.9928979277610779,0.9663834,1.7168982,3.0753493,0.9844634,0.112674996,1.2874711751937866,1.5212042331695557,0.9844633936882019,0.009591557085514069,1.7296635,3.0753493,1.0540148,0.11009455
H1975,4.0,AFA,2,1,10.0,2,0.21185679733753204,0.004093813244253397,0.21188658475875854,0.004088082816451788,0.12914292514324188,0.0007587895379401743,0.2076842486858368,0.06430111825466156,0.15110157430171967,0.16421523690223694,0.45769983530044556,1.1313488,1.1253566,190.0,21169.0,21359.0,0.56491345,0.010027681477367878,0.18330023,0.9877601861953735,0.90466094,3.5569105,8.596104,0.95158726,1.0745567,2.0863585472106934,2.488755464553833,1.6328874826431274,0.04367542266845703,3.570109,8.596104,0.95158726,1.064226
H1975,4.0,AFA,3,1,10.0,1,0.11845487356185913,0.00047531601740047336,0.11845487356185913,0.00047531601740047336,0.1008184477686882,0.0001864874648163095,0.1368611603975296,0.06545937806367874,0.11182606965303421,0.11819367110729218,0.6401076912879944,1.2365187,1.2181208,496.0,15583.0,16079.0,0.6240275,-0.06692945957183838,0.4073488,0.9683614373207092,0.92600447,1.0920339,1.7938806,0.47537285,0.07799332,0.7951032519340515,1.0986679792404175,0.5054970979690552,0.016478901728987694,1.1014843,1.7938806,0.47537285,0.0770557
H1975,4.0,AFA,3,1,10.0,2,0.45824018120765686,0.013160998933017254,0.45824018120765686,0.013160998933017254,,,,,,,,1.3504477,1.3504477,0.0,18927.0,18927.0,0.26548982,,-0.110790506,,0.8141307,3.6694918,6.590672,1.4816334,1.1739671,,,,,3.6694918,6.590672,1.4816334,1.1739671
H1975,4.0,AFA,4,1,10.0,1,0.05823206529021263,0.0002010122552746907,0.058238301426172256,0.00020067075092811137,0.049641288816928864,4.235935557517223e-05,0.07122311741113663,0.02865772880613804,0.05489666759967804,0.057659417390823364,0.6499432921409607,0.88284254,0.8808485,400.0,46319.0,46719.0,0.88587695,0.07954899966716766,0.866092,0.9960768818855286,0.9531172,0.14859281,0.36582854,0.060323507,0.0017857199,0.1267056167125702,0.15402303636074066,0.10273493826389313,0.00010562817624304444,0.14878182,0.36582854,0.060323507,0.0017960558
H1975,4.0,AFA,4,1,10.0,2,0.10433357208967209,0.0007974408217705786,0.10433357208967209,0.0007974408217705786,,,,,,,,1.4876981,1.4876981,0.0,19775.0,19775.0,0.5526106,,0.24487297,,0.8976809,0.23527847,0.44437104,0.07806476,0.0033181277,,,,,0.23527847,0.44437104,0.07806476,0.0033181277
H1975,4.0,AFA,5,1,10.0,1,0.18849879503250122,0.003242672886699438,0.18849879503250122,0.003242672886699438,0.0604051798582077,0.00013941028737463057,0.08679196983575821,0.012177860364317894,0.0698535144329071,0.07460589706897736,0.28820788860321045,1.8508859,1.8260638,200.0,12391.0,12591.0,0.57813597,0.15758681297302246,0.3649391,0.9925140738487244,0.8384422,1.5559516,2.6117628,0.3576039,0.1781798,0.43159472942352295,0.5474033951759338,0.35760390758514404,0.0010984087130054832,1.5740983,2.6117628,0.40940452,0.16030537
H1975,4.0,AFA,5,1,10.0,2,0.061953797936439514,0.0004647822061087936,0.06206560134887695,0.0004586820141412318,0.05653683841228485,0.00013335508992895484,0.08822005987167358,0.021750271320343018,0.06572475284337997,0.07152511179447174,0.8653805255889893,2.453949,2.4423869,400.0,54559.0,54959.0,0.99715054,-0.5082067251205444,0.37358782,0.9875051975250244,0.90130645,0.54616493,1.1085118,0.11505608,0.031360153,0.27881574630737305,0.374680757522583,0.20837298035621643,0.0014340191846713424,0.54812497,1.1085118,0.11505608,0.031051693
H1975,4.0,AFA,6,1,10.0,1,0.09637477248907089,0.0004291968944016844,0.09637477248907089,0.0004291968944016844,0.08903640508651733,0.00019865616923198104,0.1319383978843689,0.054692257195711136,0.10043127089738846,0.10742968320846558,1.046960711479187,1.5384395,1.5259264,400.0,15311.0,15711.0,0.99043274,-0.40115633606910706,0.86324203,0.9765624403953552,0.9727011,0.7165377,1.0806324,0.3508853,0.007921383,0.5082675814628601,0.7067475318908691,0.3508853018283844,0.00642748735845089,0.7219784,1.0806324,0.37264997,0.006797671
H1975,4.0,AFA,6,1,10.0,2,0.16665348410606384,0.001146859722211957,0.16665348410606384,0.001146859722211957,0.16109177470207214,0.0007177831139415503,0.23860105872154236,0.07757533341646194,0.18245750665664673,0.19332006573677063,1.0671861171722412,0.98217964,0.98337847,760.0,53127.0,53887.0,0.8457287,-0.3807004690170288,0.839146,0.9770519137382507,0.94551986,1.2957723,2.9129696,0.29834342,0.16773242,1.3992573022842407,1.9706552028656006,0.8977361917495728,0.052218466997146606,1.2942921,2.9129696,0.29834342,0.16922946
H1975,4.0,AFA,6,1,10.0,3,0.06614194810390472,0.000519925553817302,0.06643184274435043,0.0005029465537518263,0.05847804993391037,7.756658305879682e-05,0.08505041897296906,0.03387846052646637,0.06547868996858597,0.06949098408222198,0.913404107093811,0.89377606,0.89404577,400.0,28703.0,29103.0,0.9588101,-0.05998196452856064,0.9592251,0.991783857345581,0.98586804,0.18919797,0.32321036,0.040398076,0.0020709108,0.2247343212366104,0.27710670232772827,0.17429761588573456,0.000789073936175555,0.18870278,0.32321036,0.040398076,0.0020709303
H1975,4.0,AFA,7,1,10.0,1,0.2711326777935028,0.00272211991250515,0.2711326777935028,0.00272211991250515,0.2432853728532791,0.0019462695345282555,0.3439955413341522,0.15151235461235046,0.2823403477668762,0.30167412757873535,1.0866106748580933,1.733248,1.7269214,425.0,43014.0,43439.0,0.48895144,-0.12462111562490463,0.15251885,0.8047858476638794,0.8320174,1.6440372,3.3927543,0.19487125,0.42633054,1.3496191501617432,2.4455273151397705,0.4892846643924713,0.4806576669216156,1.6469461,3.3927543,0.19487125,0.4249289
H1975,4.0,AFA,7,1,10.0,2,0.26001599431037903,0.00401920173317194,0.26001599431037903,0.00401920173317194,0.19659735262393951,0.00024562119506299496,0.23569370806217194,0.15703459084033966,0.2095515877008438,0.21614235639572144,0.46282142400741577,1.7097232,1.6909658,200.0,13095.0,13295.0,0.005812643,-0.20048364996910095,-0.37553987,0.9947291612625122,0.7490642,2.4555526,5.5315742,1.1691276,0.93775004,1.538894772529602,1.7541882991790771,1.3285822868347168,0.006897119339555502,2.4695518,5.5315742,1.1691276,0.93893754
H1975,4.0,AFA,8,1,10.0,1,0.09546512365341187,0.0003742098342627287,0.09546512365341187,0.0003742098342627287,0.08665697276592255,0.0001663802977418527,0.12170728296041489,0.04934167116880417,0.09699157625436783,0.1022188737988472,0.8770975470542908,1.054929,1.0489168,800.0,22863.0,23663.0,0.81074256,-0.15747569501399994,0.79207593,0.9834067821502686,0.9794529,1.3422968,1.7661718,0.81678396,0.022574522,1.2276177406311035,1.4821878671646118,0.8831823468208313,0.01903512515127659,1.3463093,1.7661718,0.81678396,0.022222107
H1975,6.0,AFA,0,1,10.0,1,0.21425524353981018,0.0038164446596056223,0.21425524353981018,0.0038164446596056223,0.13195396959781647,3.322859265608713e-05,0.1536441296339035,0.11437764763832092,0.13647890090942383,0.13928285241127014,0.7354607582092285,2.7011125,2.6811032,400.0,38895.0,39295.0,0.93747157,0.12983566522598267,0.39575857,0.9990123510360718,0.8163634,2.158058,4.931851,0.91145545,0.85482967,0.9905112385749817,1.1131188869476318,0.9114554524421692,0.0011424121912568808,2.170065,4.931851,0.9170143,0.84944606
H1975,6.0,AFA,1,1,10.0,1,0.05960889905691147,0.00016459723701700568,0.05960889905691147,0.00016459723701700568,0.05636477470397949,0.00011438860383350402,0.08612055331468582,0.029852554202079773,0.06490219384431839,0.07034175843000412,0.9143518209457397,2.2910063,2.272352,400.0,29119.0,29519.0,0.76338786,0.5445181131362915,0.063483894,0.9812057018280029,0.86672634,0.1323351,0.26603475,0.04668495,0.001422944,0.09018362313508987,0.1315164864063263,0.061438918113708496,0.00013878371100872755,0.13291411,0.26603475,0.04668495,0.0014158424
H1975,6.0,AFA,1,1,10.0,2,0.18972055613994598,0.0018589699175208807,0.18972055613994598,0.0018589699175208807,0.1652165800333023,0.0002603603061288595,0.20747923851013184,0.11835687607526779,0.1781100034713745,0.18528476357460022,0.7751066088676453,1.0746094,1.0722218,200.0,24887.0,25087.0,0.757464,-0.004346888512372971,0.6720718,0.9957656860351562,0.9380383,1.0701324,2.1761448,0.5637322,0.07313995,0.8672446608543396,1.0613290071487427,0.7491781711578369,0.003471409436315298,1.0717629,2.1761448,0.5637322,0.07336636
H1975,6.0,AFA,10,1,10.0,1,0.14587336778640747,0.0030383276753127575,0.1473841518163681,0.0028471313416957855,0.11298844963312149,0.0008538989932276309,0.2288726568222046,0.028111888095736504,0.13613532483577728,0.15174683928489685,0.8385123610496521,1.3286304,1.3188155,2190.0,107169.0,109359.0,0.7013374,-0.08243332803249359,0.4826129,0.9523940682411194,0.9265985,0.73964185,3.7607567,0.0,0.08868873,0.5177642107009888,0.9816953539848328,0.22272928059101105,0.021629346534609795,0.74417603,3.7607567,0.0,0.08903251
H1975,6.0,AFA,10,1,10.0,2,0.36226731538772583,0.020819583907723427,0.3998640179634094,0.007946706376969814,0.2191001921892166,0.0004271754005458206,0.2762894630432129,0.16742099821567535,0.23540440201759338,0.24592800438404083,0.8154734969139099,1.9689313,1.9584061,200.0,21718.0,21918.0,0.99165547,-0.4576672315597534,0.7285819,0.9937272667884827,0.92566234,2.684679,7.153398,0.0,1.3419484,1.3407727479934692,1.7810884714126587,1.0132019519805908,0.016738522797822952,2.6970537,7.153398,0.0,1.3373673
H1975,6.0,AFA,10,1,10.0,3,0.08953051269054413,0.0004885902744717896,0.08953051269054413,0.0004885902744717896,0.07615245133638382,6.607950490433723e-05,0.09880618751049042,0.05829223617911339,0.08264192938804626,0.08709143847227097,0.8285505771636963,1.1368694,1.1335466,200.0,18359.0,18559.0,0.93887824,0.1944703757762909,0.88942504,0.9983636736869812,0.97615886,0.64571047,0.95009553,0.4645589,0.008715574,0.5234102010726929,0.5863973498344421,0.47541046142578125,0.0005917464732192457,0.64704275,0.95009553,0.4645589,0.008639359
H1975,6.0,AFA,11,1,10.0,1,0.09884106367826462,0.0009123342460952699,0.09934861212968826,0.000866594142280519,0.08719668537378311,0.00018264302343595773,0.1408170461654663,0.050811730325222015,0.09761562943458557,0.10464169830083847,0.9070327877998352,1.8192246,1.814159,400.0,71631.0,72031.0,0.6510459,0.7054738402366638,0.5023715,0.9943122267723083,0.8679881,0.22810677,0.9345692,0.0,0.017040953,0.1368863731622696,0.21238334476947784,0.1054549515247345,0.00024179327010642737,0.22861615,0.9345692,0.0,0.017088033
H1975,6.0,AFA,11,1,10.0,2,0.4388062357902527,0.014990674331784248,0.43883460760116577,0.014979208819568157,0.3037109375,0.0005196263082325459,0.3685595393180847,0.2476954162120819,0.3220261037349701,0.33324989676475525,0.6836274862289429,1.8463092,1.8373754,238.0,30737.0,30975.0,0.36520648,0.34410780668258667,-0.13941972,0.9975711703300476,0.8313655,3.7102978,7.1879673,0.0,1.4750874,2.343623638153076,2.4977989196777344,2.0636990070343018,0.010310346260666847,3.7208796,7.1879673,0.0,1.4718549
H1975,6.0,AFA,12,1,10.0,1,0.08871208131313324,0.007968159392476082,0.1501767933368683,0.004258377011865377,0.07931411266326904,0.002619128907099366,0.2588141858577728,0.0,0.1208687499165535,0.14379750192165375,3.7372140884399414,8.379719,8.358619,326.0,71401.0,71727.0,0.740887,-0.30625981092453003,0.2192681,0.9024853110313416,0.86121684,0.19573829,1.1490828,0.0,0.036178373,0.1847042441368103,0.4087841808795929,0.0,0.007397122215479612,0.19578867,1.1490828,0.0,0.03630922
H1975,6.0,AFA,12,1,10.0,2,0.22333605587482452,0.0023932799231261015,0.22334155440330505,0.002392112510278821,0.17773473262786865,0.0004907490801997483,0.23581917583942413,0.11958400905132294,0.19574907422065735,0.2055567502975464,1.4463342428207397,2.1633394,2.1598148,200.0,40487.0,40687.0,0.91125095,0.04738588631153107,0.6175791,0.9955915212631226,0.9381554,1.954235,3.8151014,0.2885058,0.23000343,1.499290108680725,1.7659316062927246,1.217868447303772,0.010278246365487576,1.9564823,3.8151014,0.2885058,0.2300614
H1975,6.0,AFA,12,1,10.0,3,0.17511491477489471,0.0060866111889481544,0.18726353347301483,0.004233879037201405,0.14357590675354004,0.0019426359795033932,0.26889774203300476,0.02507351152598858,0.1795140951871872,0.1999981701374054,0.7364400625228882,0.8721346,0.8675716,439.0,12616.0,13055.0,0.80261546,0.692691445350647,0.8115225,0.9489554762840271,0.9542909,1.4187454,3.8996372,0.0,0.25201902,1.2224587202072144,1.8359243869781494,0.6939976215362549,0.08058227598667145,1.4255753,3.8996372,0.0,0.25659683
H1975,6.0,AFA,13,1,10.0,1,0.23056654632091522,0.013316286727786064,0.26432058215141296,0.006343851797282696,0.18103832006454468,0.0005473254714161158,0.27075624465942383,0.1077214702963829,0.19959621131420135,0.21130114793777466,0.6272323131561279,0.95247376,0.95104533,400.0,90671.0,91071.0,0.8340726,0.8771234750747681,0.80651736,0.9957243204116821,0.9400101,1.5466945,5.1516724,0.0,0.67185885,1.0708816051483154,1.340754747390747,0.8319661617279053,0.007723261136561632,1.5487938,5.1516724,0.0,0.67378545
H1975,6.0,AFA,14,1,10.0,1,0.17578093707561493,0.0030331462621688843,0.17578427493572235,0.0030326193664222956,0.1085725948214531,0.000305099762044847,0.1596779227256775,0.049618352204561234,0.12227471172809601,0.13004538416862488,0.8001516461372375,1.8881953,1.8829674,254.0,52609.0,52863.0,0.52954984,-0.6670514941215515,0.354105,0.9462221264839172,0.85690427,1.2428664,3.138615,0.0,0.26133657,0.6086752414703369,0.8793047666549683,0.2932489812374115,0.020600540563464165,1.2459285,3.138615,0.0,0.2605476
H1975,6.0,AFA,14,1,10.0,2,0.1409822255373001,0.005936716217547655,0.156898632645607,0.0041096885688602924,0.1105632483959198,0.0010556497145444155,0.21754266321659088,0.020530449226498604,0.13657623529434204,0.15136688947677612,0.6256597638130188,1.2498851,1.240631,1000.0,66455.0,67455.0,0.4138355,0.3750405013561249,0.42285827,0.9719157814979553,0.90622574,1.4999244,4.9465265,0.0,0.5934804,0.8515655398368835,1.3811912536621094,0.48377928137779236,0.030874649062752724,1.5096806,4.9465265,0.0,0.5955255
H1975,6.0,AFA,2,1,10.0,1,0.2767520546913147,0.018451042473316193,0.31133028864860535,0.009991121478378773,0.19098369777202606,0.000369314628187567,0.24536414444446564,0.1470608413219452,0.2062940001487732,0.21617485582828522,0.8645684719085693,1.6334306,1.6301495,200.0,46663.0,46863.0,0.8264476,-0.16431519389152527,0.6088478,0.9962316155433655,0.9079864,1.9520067,6.09742,0.0,0.9957782,1.1119962930679321,1.4706969261169434,0.9430155754089355,0.00818305928260088,1.955607,6.09742,0.0,0.9969738
H1975,6.0,AFA,2,1,10.0,2,0.13895754516124725,0.0004857524763792753,0.13895754516124725,0.0004857524763792753,0.10776090621948242,0.0001529772998765111,0.14095310866832733,0.06435422599315643,0.11764799058437347,0.12362239509820938,0.7816168069839478,1.8614054,1.8460314,200.0,13847.0,14047.0,0.99989307,-0.11269675195217133,0.80297846,0.9963826537132263,0.9637112,0.68434584,0.9674771,0.32751846,0.0070611555,0.3791637420654297,0.42951563000679016,0.3275184631347656,0.0004970106529071927,0.6887534,0.9674771,0.35835856,0.0057914113
H1975,6.0,AFA,4,1,10.0,1,0.06538782268762589,0.0002545902971178293,0.06538782268762589,0.0002545902971178293,0.06617218255996704,4.941469160257839e-05,0.08421788364648819,0.04620090126991272,0.07180681824684143,0.0750235766172409,0.9329580068588257,1.0664842,1.0649736,200.0,17479.0,17679.0,0.9581856,0.1584046483039856,0.93770194,0.9972280263900757,0.99129295,0.09085155,0.15344942,0.04506396,0.0001043741,0.0915052592754364,0.104555644094944,0.07890243083238602,3.161430504405871e-05,0.09084407,0.15344942,0.04506396,0.00010520164
H1975,6.0,AFA,4,1,10.0,2,0.12002983689308167,0.0004293321107979864,0.12002983689308167,0.0004293321107979864,0.14041225612163544,9.609047265257686e-05,0.16742034256458282,0.11545121669769287,0.1482771933078766,0.15279392898082733,0.8749821186065674,1.4201461,1.4134713,200.0,16135.0,16335.0,0.9886461,0.1554315984249115,0.8751473,0.9981402158737183,0.9792073,0.4412989,0.69249135,0.26267436,0.0037568694,0.29235562682151794,0.3436298370361328,0.2627881169319153,0.00017666828352957964,0.443145,0.69249135,0.26267436,0.0035228725
H1975,6.0,AFA,4,1,10.0,3,0.10156581550836563,0.0007663965807296336,0.10157803446054459,0.0007652485510334373,0.0921831727027893,0.00025316092069260776,0.13873225450515747,0.052808184176683426,0.10499054193496704,0.11246364563703537,0.9148774743080139,1.2999464,1.2968608,200.0,24759.0,24959.0,0.97457314,-0.25962066650390625,0.8688638,0.9934548139572144,0.9770171,0.32325408,0.6542273,0.15607461,0.0032866907,0.24952010810375214,0.3309265971183777,0.19883573055267334,0.0005556086543947458,0.32384965,0.6542273,0.15607461,0.0032644814
H1975,6.0,AFA,4,1,10.0,4,0.1199830025434494,0.0009873061208054423,0.1199914813041687,0.000986357918009162,0.0717664435505867,0.0004057737241964787,0.1282896250486374,0.026025697588920593,0.08833641558885574,0.09752392023801804,0.6418825387954712,2.1129827,2.081779,600.0,27687.0,28287.0,0.57722014,-0.23472417891025543,-0.07792622,0.9702908992767334,0.8503487,1.1987212,2.514349,0.20556667,0.20739855,0.623548686504364,0.9600656032562256,0.3784916400909424,0.013537333346903324,1.2111852,2.514349,0.20556667,0.20427522
H1975,6.0,AFA,5,1,10.0,1,0.10112141817808151,0.00019658780365716666,0.10112141817808151,0.00019658780365716666,,,,,,,,2.4167862,2.4167862,0.0,46863.0,46863.0,0.43866634,,-0.10132134,,0.84797686,0.13672797,0.32763666,0.017332656,0.0033490378,,,,,0.13672797,0.32763666,0.017332656,0.0033490378
H1975,6.0,AFA,5,1,10.0,2,0.1027522012591362,0.0002565835602581501,0.10303393006324768,0.00022826023632660508,0.09226106852293015,0.0001676199899520725,0.1407151222229004,0.0596473328769207,0.10261926054954529,0.10930830240249634,0.7049805521965027,1.1746073,1.1673852,793.0,50774.0,51567.0,0.71357334,0.17103081941604614,0.5249904,0.9558253288269043,0.92956406,0.072858326,0.1867748,0.0,0.0008378628,0.050342537462711334,0.09302373230457306,0.016620665788650513,0.00022984899987932295,0.073209964,0.1867748,0.0,0.00083931745
H1975,6.0,AFA,5,1,10.0,3,0.11544636636972427,0.0009018619311973453,0.11546450108289719,0.000899909995496273,0.10894244909286499,0.00030328796128742397,0.15476828813552856,0.05894799157977104,0.12245342135429382,0.1321229338645935,0.900912344455719,1.1963432,1.1917037,200.0,12535.0,12735.0,0.9623993,0.13688069581985474,0.93049586,0.9927231669425964,0.9812918,0.18239026,0.3308071,0.06283262,0.00076003006,0.17276924848556519,0.2260454148054123,0.12766380608081818,0.0003123986243735999,0.18254377,0.3308071,0.06283262,0.0007656712
H1975,6.0,AFA,5,1,10.0,4,0.11178494989871979,0.0011401006486266851,0.11186929792165756,0.0011315245646983385,0.11045146733522415,0.00043629322317428887,0.16815811395645142,0.05934179201722145,0.1273120492696762,0.13775551319122314,0.9056582450866699,0.9028621,0.9029558,400.0,11535.0,11935.0,0.7927882,0.42226532101631165,0.8930199,0.9911080002784729,0.9819823,0.17789987,0.29804456,0.0,0.0007695214,0.19646264612674713,0.25875192880630493,0.1391996294260025,0.00044203101424500346,0.17725623,0.29804456,0.0,0.0007685147
H1975,6.0,AFA,6,1,10.0,1,0.13497141003608704,0.020800339058041573,0.2529667317867279,0.00913561787456274,0.08470425754785538,7.966710836626589e-05,0.10876895487308502,0.059163086116313934,0.09174580872058868,0.09585567563772202,0.3723219931125641,5.4536214,5.4316354,200.0,46023.0,46223.0,0.8496564,-0.186244398355484,0.3809446,0.9940599799156189,0.6087738,0.80921006,3.9241788,0.0,0.81716335,0.08531555533409119,0.10954659432172775,0.06794283539056778,7.590532914036885e-05,0.8123558,3.9241788,0.0,0.8184269
H1975,6.0,AFA,6,1,10.0,2,0.16408979892730713,0.0029832564759999514,0.16761808097362518,0.002456000540405512,0.13040196895599365,0.0006434950046241283,0.18905024230480194,0.06908828020095825,0.15079274773597717,0.16357913613319397,0.8207806348800659,1.1103877,1.1074984,200.0,19847.0,20047.0,0.740898,0.01739119179546833,0.4377572,0.993213415145874,0.91341865,0.876976,2.0544708,0.0,0.092419535,0.6914941668510437,0.8664959073066711,0.4891767203807831,0.004094725474715233,0.87884504,2.0544708,0.0,0.09295938
H1975,6.0,AFA,6,1,10.0,3,0.10595246404409409,0.0007772409589961171,0.10595246404409409,0.0007772409589961171,0.08918312191963196,0.00025754765374585986,0.13053596019744873,0.04102880135178566,0.10230981558561325,0.11012402176856995,0.7961689829826355,1.3076785,1.3003372,400.0,27471.0,27871.0,0.79210263,-0.2557898759841919,0.34384793,0.9875985383987427,0.9080685,0.4422615,1.2886128,0.09572495,0.02888139,0.33908650279045105,0.4576679468154907,0.23817379772663116,0.0018995978171005845,0.44376373,1.2886128,0.09572495,0.029117
H1975,6.0,AFA,7,1,10.0,1,0.25830429792404175,0.0033024190925061703,0.25959837436676025,0.002983022714033723,0.15920080244541168,0.00014550899504683912,0.19851820170879364,0.12378207594156265,0.16869552433490753,0.17418090999126434,0.6829578876495361,1.3982223,1.3918835,400.0,44735.0,45135.0,1.0,-0.06189512088894844,0.8596234,0.9974560737609863,0.9464827,1.6736786,4.1119633,0.0,0.1266192,0.8166638016700745,0.9682968854904175,0.682030975818634,0.0024674860760569572,1.6813415,4.1119633,0.0,0.121103376
H1975,6.0,AFA,8,1,10.0,1,0.09775437414646149,0.0009256309713236988,0.09785619378089905,0.0009166306699626148,0.08675476163625717,0.0004079779318999499,0.14908845722675323,0.029962705448269844,0.10318900644779205,0.11209607124328613,0.6599727869033813,1.0137718,1.0082262,241.0,15134.0,15375.0,0.7585628,-0.07311217486858368,0.5617187,0.9692804217338562,0.96249604,0.4444976,0.85586774,0.0,0.0056834565,0.329576700925827,0.47246673703193665,0.22899198532104492,0.0022639089729636908,0.44632748,0.85586774,0.0,0.0055242623
H1975,6.0,AFA,8,1,10.0,2,0.1251789778470993,0.00272891647182405,0.12665025889873505,0.0025746526662260294,0.09882298856973648,0.000532030884642154,0.16566698253154755,0.04456833377480507,0.11743582040071487,0.12873536348342896,1.5049911737442017,2.7840924,2.7718723,463.0,48000.0,48463.0,0.61110634,-0.27644580602645874,0.2018283,0.895252525806427,0.90765935,0.4936425,1.9864944,0.0,0.039395615,0.2837707996368408,0.41731417179107666,0.07879812270402908,0.005640466697514057,0.49566692,1.9864944,0.0,0.039292254
H1975,6.0,AFA,9,1,10.0,1,0.11415330320596695,6.897259299876168e-05,0.11415330320596695,6.897259299876168e-05,0.11935339868068695,7.636026566615328e-06,0.12632572650909424,0.11206761002540588,0.12159498035907745,0.12308747321367264,0.8510088920593262,1.0652609,1.0635561,200.0,24935.0,25135.0,0.97428167,0.100667804479599,0.9835529,0.9981003999710083,0.99445945,0.011869126,0.01776154,0.0058892057,1.3919329e-06,0.011942332610487938,0.014344554394483566,0.01014645490795374,4.491140543905203e-07,0.011868539,0.01776154,0.0058892057,1.3994515e-06
H1975,2.0,ALM,0,2,3.0,1,0.22197699546813965,0.003554785158485174,0.22197699546813965,0.003554785158485174,0.12055942416191101,0.0003133676655124873,0.18001604080200195,0.0757899284362793,0.134598508477211,0.14333224296569824,0.5823378562927246,1.4441484,1.4364502,344.0,38167.0,38511.0,0.77228343,0.1549774706363678,0.56399703,0.990797221660614,0.91811204,3.9877717,7.3313107,1.597906,0.8389337,2.1204185485839844,2.49979305267334,1.6293773651123047,0.03879424184560776,4.004602,7.3313107,1.597906,0.8144343
H1975,2.0,ALM,0,2,3.0,2,0.0784822329878807,0.0024950497318059206,0.07924474030733109,0.00245886598713696,0.03573419153690338,0.00012700833030976355,0.07193136215209961,0.004483684431761503,0.044800788164138794,0.05027803033590317,0.8488280773162842,2.845471,2.8218246,400.0,33375.0,33775.0,0.8650407,0.06887650489807129,0.40906656,0.9923871755599976,0.8273599,0.7991167,2.5187404,0.22260976,0.19450234,0.3052923083305359,0.4034997820854187,0.23209984600543976,0.0010398414451628923,0.805035,2.5187404,0.22260976,0.19386332
H1975,2.0,ALM,1,2,3.0,1,0.14211398363113403,0.002941346261650324,0.1421864777803421,0.0029325399082154036,0.07406792044639587,0.0002585770271252841,0.12199569493532181,0.03131144866347313,0.08709472417831421,0.09494218230247498,0.9844211339950562,2.0003612,1.9943327,291.0,48748.0,49039.0,0.5903848,0.6414783000946045,0.36028194,0.995132327079773,0.8645291,1.8802186,4.9189157,0.0,0.52200764,0.9840006232261658,1.2273924350738525,0.8181365132331848,0.007251776289194822,1.8855681,4.9189157,0.0,0.52025723
H1975,2.0,ALM,1,2,3.0,2,0.08070831000804901,0.0006852613296359777,0.08115127682685852,0.0006530750542879105,0.07492375373840332,0.00025341223226860166,0.11906903982162476,0.022703375667333603,0.08765006065368652,0.09488817304372787,0.2693091928958893,0.52828974,0.52122104,400.0,14255.0,14655.0,0.40381083,-0.15802323818206787,0.43133467,0.9353473782539368,0.80104196,0.19391152,1.1464149,0.0,0.025832865,0.12135549634695053,0.23909328877925873,0.035158634185791016,0.002003367291763425,0.19594732,1.1464149,0.0,0.026349628
H1975,2.0,ALM,1,2,3.0,3,0.3137935400009155,0.07040828466415405,0.4842832684516907,0.02609706111252308,0.14517918229103088,0.0045106238685548306,0.28463688492774963,0.0,0.20071092247962952,0.2314198613166809,0.07361506670713425,0.39237732,0.39191702,182.0,125849.0,126031.0,0.15491089,0.6100728511810303,0.38641447,0.9338023662567139,0.7428901,3.2940779,13.874004,0.0,7.9521074,1.5899673700332642,2.4743380546569824,0.0,0.16370853781700134,3.296542,13.874004,0.0,7.9591656
H1975,2.0,ALM,10,2,3.0,1,0.05762600153684616,0.00044390905532054603,0.0577392652630806,0.000438241841038689,0.035312995314598083,0.00017497256339993328,0.06944724172353745,0.002376818796619773,0.04633249714970589,0.052564337849617004,1.0568459033966064,2.9058304,2.8946702,200.0,32935.0,33135.0,1.0,0.20378978550434113,0.5949877,0.9968388676643372,0.88801354,0.58562076,1.2004246,0.2419477,0.034366537,0.2826734483242035,0.3501693308353424,0.24266105890274048,0.0003852898662444204,0.5874604,1.2004246,0.2419477,0.034012195
H1975,2.0,ALM,11,2,3.0,1,0.08071724325418472,0.0036324169486761093,0.08879425376653671,0.0032787048257887363,0.05511229485273361,0.00036608517984859645,0.11174609512090683,0.005802757106721401,0.07052814215421677,0.07999639958143234,0.7058402299880981,1.3365625,1.317812,400.0,13055.0,13455.0,0.7245243,0.21368807554244995,0.6203164,0.9792096614837646,0.9284981,0.27514732,1.4721984,0.0,0.04770303,0.14139313995838165,0.2128671556711197,0.08035283535718918,0.0005587747436948121,0.27924517,1.4721984,0.0,0.048582498
H1975,2.0,ALM,11,2,3.0,2,0.06688869744539261,0.0008991525392048061,0.06762149930000305,0.0008594503160566092,0.06060076504945755,0.00023890621378086507,0.11704379320144653,0.01699759252369404,0.07303658872842789,0.08084055036306381,0.8645163178443909,0.8336611,0.8344994,1800.0,64455.0,66255.0,0.9794613,0.2883016765117645,0.97204065,0.9886760711669922,0.9916486,0.5158671,1.3645191,0.0,0.006021419,0.5011605620384216,0.799026370048523,0.34650927782058716,0.005050500389188528,0.5162778,1.3645191,0.0,0.0060423245
H1975,2.0,ALM,11,2,3.0,3,0.04731027036905289,0.001063477131538093,0.05058394744992256,0.0009714696789160371,0.02400558814406395,0.0005738884210586548,0.1685762107372284,0.0,0.042609382420778275,0.05735309422016144,0.8155402541160583,1.8144603,1.7913667,1720.0,72679.0,74399.0,0.61194193,0.3658009469509125,0.53647834,0.9528025984764099,0.85569173,0.41966805,1.7530956,0.0,0.039598107,0.2050023227930069,0.49615737795829773,0.0948135182261467,0.004936573561280966,0.42474818,1.7530956,0.0,0.039302044
H1975,2.0,ALM,2,2,3.0,1,0.07784757018089294,0.007417682558298111,0.14296822249889374,0.004312502220273018,0.07441490888595581,0.0016457975143566728,0.17846636474132538,0.0,0.10854818671941757,0.12783576548099518,1.2592427730560303,2.6722975,2.6661065,263.0,59768.0,60031.0,0.644208,-0.7165266275405884,0.29980382,0.8453684449195862,0.9010406,0.80879134,3.6767774,0.0,0.66321194,0.6323031187057495,1.0616753101348877,0.1833222508430481,0.059432148933410645,0.80956805,3.6767774,0.0,0.66573095
H1975,2.0,ALM,3,2,3.0,1,0.07734178006649017,0.0017771562561392784,0.07985351234674454,0.0016343006864190102,0.06296707689762115,0.000720692565664649,0.16292493045330048,0.0,0.08494497835636139,0.09759253263473511,0.8481019735336304,0.9741604,0.97158486,1151.0,55184.0,56335.0,0.55062056,0.037353262305259705,0.59939355,0.9566789865493774,0.90755534,0.82639086,2.5742998,0.0,0.16734183,0.7403671741485596,1.3000009059906006,0.3421979248523712,0.03681400418281555,0.8281851,2.5742998,0.0,0.16990672
H1975,2.0,ALM,4,2,3.0,1,0.20496457815170288,0.005413718055933714,0.20496998727321625,0.005412749480456114,0.09737521409988403,0.00040355187957175076,0.16455113887786865,0.03540610522031784,0.11313381046056747,0.1230156198143959,0.9087312817573547,2.57927,2.5615878,400.0,37391.0,37791.0,0.9776802,0.3562397062778473,0.47518018,0.9946218132972717,0.87383187,3.1293893,8.732144,0.0,1.0822971,1.327825903892517,1.6817305088043213,1.034579873085022,0.013290243223309517,3.1486616,8.732144,0.0,1.0586414
H1975,2.0,ALM,4,2,3.0,2,0.15847119688987732,0.006067636888474226,0.15896618366241455,0.006007903255522251,0.04408547654747963,0.00047910079592838883,0.10324403643608093,0.0,0.06179204210639,0.07255174964666367,0.6607105731964111,3.1794817,3.1548858,392.0,39751.0,40143.0,0.7111073,-0.179703950881958,0.34497753,0.9726327657699585,0.7983002,1.6959208,5.9344573,0.0,0.60687417,0.409237265586853,0.6514502763748169,0.2506634593009949,0.006105661857873201,1.708609,5.9344573,0.0,0.5963118
H1975,2.0,ALM,4,2,3.0,3,0.10003111511468887,0.0024587325751781464,0.10091307759284973,0.0023914093617349863,0.056542832404375076,0.0006272020400501788,0.14791661500930786,0.0,0.07646492123603821,0.08913929760456085,0.7667868733406067,1.6192027,1.603867,599.0,32696.0,33295.0,0.38406363,0.0175684355199337,-0.12493619,0.977953314781189,0.83771795,1.094288,3.4692316,0.20007597,0.34031314,0.650010883808136,1.0275628566741943,0.4314858913421631,0.014423511922359467,1.1024271,3.4692316,0.20007597,0.3426011
H1975,2.0,ALM,5,2,3.0,1,0.19133344292640686,0.0024312054738402367,0.19133344292640686,0.0024312054738402367,0.12835782766342163,0.001294944784604013,0.20884698629379272,0.04790028557181358,0.15835238993167877,0.169876366853714,0.731786847114563,1.4192836,1.4090657,599.0,39704.0,40303.0,0.7781562,0.12448012828826904,0.438402,0.8996555805206299,0.9227416,2.4592488,4.765157,0.4846109,0.43568256,1.5554848909378052,2.469475507736206,0.5631878972053528,0.34486857056617737,2.4728835,4.765157,0.4846109,0.42454445
H1975,2.0,ALM,5,2,3.0,2,0.25413912534713745,0.009528221562504768,0.25417670607566833,0.00952007994055748,0.09031987935304642,0.00023455829068552703,0.1348736584186554,0.04337963089346886,0.10268915444612503,0.110015869140625,0.6562301516532898,2.428495,2.4153938,400.0,53711.0,54111.0,0.49148127,-0.130592942237854,0.26503408,0.9949968457221985,0.79441446,4.218331,10.3153305,0.0,2.5752428,1.3358994722366333,1.8673654794692993,1.0762969255447388,0.012323602102696896,4.2397966,10.3153305,0.0,2.531994
H1975,2.0,ALM,5,2,3.0,3,0.03854312747716904,0.0005796998157165945,0.04123879596590996,0.0005090773920528591,0.025913871824741364,0.0003245912375859916,0.09351705014705658,0.0,0.04057103022933006,0.049900349229574203,0.5741336345672607,1.0513296,1.0388705,947.0,35324.0,36271.0,0.64406073,0.056247368454933167,0.38461792,0.9641848802566528,0.8822275,0.54117334,1.4408443,0.0,0.06620944,0.32501864433288574,0.5671541690826416,0.15233148634433746,0.007052312605082989,0.54696804,1.4408443,0.0,0.0665092
H1975,2.0,ALM,6,2,3.0,1,0.08201007544994354,0.0023103102575987577,0.08303675055503845,0.0022539817728102207,0.02733263000845909,0.00021614374418277293,0.06679119169712067,0.0,0.03973223268985748,0.046687159687280655,0.692341685295105,3.3271704,3.3195412,200.0,68871.0,69071.0,0.9655618,-0.0412939190864563,0.3824273,0.9923098683357239,0.7586196,0.94706756,3.6178126,0.0,0.32428753,0.21603095531463623,0.3003152906894684,0.17034907639026642,0.0007104379474185407,0.94919056,3.6178126,0.0,0.3236708
H1975,2.0,ALM,7,2,3.0,1,0.021668815985322,0.00019964590319432318,0.023281674832105637,0.000176955945789814,0.013097655959427357,4.808095400221646e-05,0.031567227095365524,0.0,0.018689068034291267,0.02215477265417576,0.7470409274101257,1.7375166,1.7353551,200.0,91447.0,91647.0,0.9636952,-0.004813004285097122,0.6786118,0.9933396577835083,0.91352755,0.067826375,0.17884465,0.0,0.0005727491,0.035146940499544144,0.046793773770332336,0.02650521509349346,1.5382402125396766e-05,0.06789784,0.17884465,0.0,0.0005716274
H1975,2.0,ALM,7,2,3.0,2,0.06911721080541611,0.0007556926575489342,0.06947347521781921,0.0007348370854742825,0.04418349266052246,0.0004043950466439128,0.12881779670715332,0.0,0.060072124004364014,0.06976862996816635,0.7255641222000122,1.3562418,1.3447058,1120.0,60111.0,61231.0,0.6198818,0.11257155984640121,0.43109593,0.9685090184211731,0.8979419,1.0332632,2.515569,0.30848503,0.1355133,0.6093152761459351,1.2052689790725708,0.37177127599716187,0.020273199304938316,1.0411621,2.515569,0.30848503,0.1342493
H1975,2.0,ALM,8,2,3.0,1,0.05713723599910736,0.0006051157834008336,0.05767866596579552,0.0005796209443360567,0.033319614827632904,5.0415488658472896e-05,0.051470089703798294,0.01499076746404171,0.03898388519883156,0.04229184240102768,0.8322744965553284,2.01511,2.009445,200.0,41559.0,41759.0,0.9823285,0.28332000970840454,0.65647763,0.9974929094314575,0.92027265,0.639937,1.6480871,0.24415913,0.05013839,0.2904399037361145,0.3601170480251312,0.24415913224220276,0.00044293139944784343,0.6416188,1.6480871,0.25479016,0.0497869
H1975,2.0,ALM,8,2,3.0,2,0.25752633810043335,0.021809495985507965,0.3092644512653351,0.010190355591475964,,,,,,,,1.2435247,1.2435247,0.0,62159.0,62159.0,0.72074836,,0.60164154,,0.90878046,4.574609,14.2026615,0.0,6.277782,,,,,4.574609,14.2026615,0.0,6.277782
H1975,2.0,ALM,8,2,3.0,3,0.12932370603084564,0.004901342559605837,0.13550090789794922,0.004298440180718899,0.11231137812137604,0.0007696815300732851,0.20935869216918945,0.025603124871850014,0.13478919863700867,0.14876174926757812,0.9682280421257019,0.7927919,0.79640055,855.0,40712.0,41567.0,0.9652142,0.6579422354698181,0.97446907,0.997118353843689,0.9901059,2.1980562,5.605571,0.0,0.19874696,2.2376229763031006,2.499457836151123,1.7139360904693604,0.020762506872415543,2.1972253,5.605571,0.0,0.2024512
H1975,2.0,ALM,8,2,3.0,4,0.12067609280347824,0.010170215740799904,0.15853118896484375,0.00735931470990181,0.0777692049741745,0.0022814045660197735,0.2548617720603943,0.0,0.11634903401136398,0.1402122676372528,0.1949949860572815,1.126524,1.1162156,449.0,40125.0,40574.0,0.07621637,0.32057440280914307,-0.61067694,0.9573779106140137,0.70773953,0.8497343,5.6427464,0.0,0.87358224,0.2132592499256134,0.4428229331970215,0.0,0.006548888050019741,0.85685605,5.6427464,0.0,0.87870026
H1975,2.0,ALM,9,2,3.0,1,0.06130264699459076,0.0022756417747586966,0.06919655203819275,0.0020224438048899174,0.04446117579936981,0.001036900095641613,0.16961507499217987,0.0,0.0709027498960495,0.08798295259475708,0.9959900975227356,1.2673565,1.2609688,763.0,31652.0,32415.0,0.59398484,-0.18203790485858917,0.30291644,0.9285014867782593,0.9121677,0.84564924,2.492211,0.0,0.08982882,0.6977089643478394,1.1998624801635742,0.27067869901657104,0.042485009878873825,0.8492154,2.492211,0.0,0.09042976
H1975,2.0,ALM,9,2,3.0,2,0.04431658238172531,0.0005372153827920556,0.04522714018821716,0.0005070713814347982,0.031653471291065216,0.0002655186108313501,0.09286920726299286,0.0,0.04477506875991821,0.053187984973192215,0.8574435710906982,1.1504109,1.1444271,1400.0,67143.0,68543.0,0.6969572,0.42955172061920166,0.7706966,0.9686297178268433,0.9327772,0.40519753,2.2280123,0.105946854,0.026198193,0.31037968397140503,0.5631961822509766,0.17560218274593353,0.004607035778462887,0.40717456,2.2280123,0.105946854,0.026457023
H1975,2.0,ALM,9,2,3.0,3,0.14392542839050293,0.003151457756757736,0.144003763794899,0.003141890512779355,0.08656980097293854,0.0009446386247873306,0.1755775362253189,0.0,0.11131948977708817,0.1262330412864685,0.9365264177322388,1.5847207,1.5673519,1182.0,42929.0,44111.0,0.8559651,0.27830973267555237,0.6593079,0.9441961646080017,0.9277769,2.529822,7.3652773,0.0,0.56410235,1.5980159044265747,2.4974961280822754,0.5452885627746582,0.21584618091583252,2.5554774,7.3652773,0.0,0.54912674
H1975,4.0,ALM,0,2,3.0,1,0.20405933260917664,0.005278700962662697,0.20405933260917664,0.005278700962662697,0.1284014731645584,0.0004999536322429776,0.20219726860523224,0.07574724406003952,0.14651788771152496,0.15836745500564575,0.7933593988418579,2.1250522,2.1055825,400.0,26959.0,27359.0,0.36866945,-0.16123831272125244,0.08690912,0.9856514930725098,0.8311579,1.4908586,3.9392052,0.5049894,0.38341773,0.738278329372406,1.0239756107330322,0.5049893856048584,0.009533987380564213,1.5020244,3.9392052,0.5194928,0.38043705
H1975,4.0,ALM,1,2,3.0,1,0.15701183676719666,0.0018931812373921275,0.15702003240585327,0.001891993684694171,0.12300953269004822,0.0003009726060554385,0.16776823997497559,0.0710553303360939,0.13681964576244354,0.14445698261260986,0.9759829044342041,1.5422462,1.5363374,200.0,18967.0,19167.0,0.59838057,-0.2086396962404251,0.5726993,0.9917119741439819,0.92399365,1.9698417,4.1004467,0.8356856,0.2898065,1.460450291633606,1.7683428525924683,1.0839426517486572,0.01825091801583767,1.9752129,4.1004467,0.8356856,0.28990495
H1975,4.0,ALM,1,2,3.0,2,0.20059384405612946,0.0028715741354972124,0.20059384405612946,0.0028715741354972124,0.14406317472457886,0.0005605184705927968,0.20994850993156433,0.08161303400993347,0.16330941021442413,0.17444944381713867,0.8274583220481873,1.3768733,1.3619554,573.0,20530.0,21103.0,0.9005523,-0.2900036573410034,0.39170867,0.9779049158096313,0.9065984,2.4944394,5.0750713,1.1441197,0.4765539,1.757347583770752,2.2736127376556396,1.1441197395324707,0.06395271420478821,2.5150108,5.0750713,1.1707036,0.47248286
H1975,4.0,ALM,1,2,3.0,3,0.21413221955299377,0.004448497202247381,0.21413221955299377,0.004448497202247381,0.13535791635513306,0.00015056923439260572,0.1775207370519638,0.10945239663124084,0.14478132128715515,0.1512986570596695,0.5275020003318787,1.1895579,1.1854732,200.0,32215.0,32415.0,0.9475243,0.6662546396255493,0.54368895,0.9989176988601685,0.86869276,2.5596364,6.3489037,1.2555774,0.9778971,1.3674840927124023,1.5149351358413696,1.2555774450302124,0.0027092499658465385,2.5670376,6.3489037,1.2788206,0.9750733
H1975,4.0,ALM,10,2,3.0,1,0.32867032289505005,0.012486947700381279,0.33524760603904724,0.010531824082136154,0.25484421849250793,0.001899008173495531,0.39478397369384766,0.14308468997478485,0.28943294286727905,0.3112228512763977,1.1390395164489746,1.9172119,1.9082836,400.0,34463.0,34863.0,0.52390945,0.027965592220425606,0.14215851,0.9869493246078491,0.91162336,2.3868163,5.4449506,0.0,0.5716032,1.5902737379074097,2.1293530464172363,1.088553786277771,0.03829281032085419,2.396061,5.4449506,0.0,0.5703435
H1975,4.0,ALM,10,2,3.0,2,0.12490984797477722,0.0016512329457327724,0.12507875263690948,0.0016323387390002608,0.09946977347135544,0.000487134006107226,0.17309874296188354,0.04667507857084274,0.11705183237791061,0.12795330584049225,0.7912977337837219,1.332412,1.3278446,200.0,23495.0,23695.0,0.8991503,-0.056967973709106445,0.50369895,0.9901100397109985,0.9329921,0.6131624,1.5018892,0.0,0.029007185,0.403520405292511,0.5351502895355225,0.2906965911388397,0.0018681138753890991,0.61494684,1.5018892,0.0,0.028860906
H1975,4.0,ALM,11,2,3.0,1,0.11309957504272461,0.0006965023931115866,0.1132117360830307,0.0006844954914413393,0.09103914350271225,0.0001249986089533195,0.12595179677009583,0.05941453203558922,0.09985597431659698,0.10541757941246033,0.9418503046035767,1.4236034,1.4153026,400.0,22815.0,23215.0,0.9978777,0.3664693832397461,0.91145784,0.9958286881446838,0.9770674,0.75688773,1.5671445,0.41021204,0.024791792,0.508060872554779,0.6606425642967224,0.41021203994750977,0.0017788528930395842,0.76125014,1.5671445,0.42578572,0.02409075
H1975,4.0,ALM,11,2,3.0,2,0.12482287734746933,0.0006152269779704511,0.12482287734746933,0.0006152269779704511,0.107554130256176,0.000152233726112172,0.1414526253938675,0.07577043771743774,0.117552749812603,0.12372516840696335,0.9709456562995911,1.3340385,1.3280578,200.0,11942.0,12142.0,0.9976132,0.15205296874046326,0.88563335,0.9978997111320496,0.9758434,0.84355325,1.46886,0.52670985,0.021529868,0.6804665327072144,0.778462827205658,0.5994203090667725,0.0011377810733392835,0.84628415,1.46886,0.52670985,0.021418506
H1975,4.0,ALM,11,2,3.0,3,0.29501667618751526,0.02773325890302658,0.3618333339691162,0.009837910532951355,0.28400489687919617,0.003599462565034628,0.4341374933719635,0.0850224420428276,0.33257433772087097,0.3606109321117401,0.9535443186759949,1.427493,1.4185736,358.0,18665.0,19023.0,0.56848145,0.315599262714386,0.11958934,0.9891987442970276,0.9206217,2.3337173,5.8213243,0.0,1.6175146,2.1753320693969727,2.4941906929016113,1.5649254322052002,0.04097134247422218,2.336755,5.8213243,0.0,1.6472611
H1975,4.0,ALM,11,2,3.0,4,0.08307862281799316,0.0014623429160565138,0.0845046192407608,0.001366939628496766,0.05894513428211212,0.00026495844940654933,0.10265857726335526,0.02268010377883911,0.07202503830194473,0.08045786619186401,0.31522637605667114,2.0257056,2.0191529,200.0,52007.0,52207.0,0.06710771,-0.08233431726694107,-0.16369505,0.9899742007255554,0.6804285,0.25448772,1.2373815,0.0,0.040656596,0.0471179336309433,0.07791925966739655,0.031021621078252792,5.5116739531513304e-05,0.25528517,1.2373815,0.0,0.04064672
H1975,4.0,ALM,12,2,3.0,1,0.2227713167667389,0.002428926294669509,0.2227713167667389,0.002428926294669509,0.16525880992412567,0.0004011736309621483,0.21653538942337036,0.11512637138366699,0.1814320683479309,0.1897156536579132,0.7865565419197083,1.4106615,1.4036325,200.0,17558.0,17758.0,0.81318736,0.15993139147758484,0.51860356,0.9950593113899231,0.93341696,1.7541442,3.5421622,0.75852895,0.15598014,1.1771321296691895,1.4358502626419067,0.9746533036231995,0.007098151370882988,1.7607162,3.5421622,0.75852895,0.1538406
H1975,4.0,ALM,12,2,3.0,2,0.30379781126976013,0.005742272827774286,0.30379781126976013,0.005742272827774286,0.1823064386844635,0.00042251101695001125,0.23440831899642944,0.12140956521034241,0.19857116043567657,0.2078305035829544,0.4568386375904083,1.6840401,1.6770161,200.0,34743.0,34943.0,0.288294,0.07997408509254456,-0.2772575,0.9878236651420593,0.84386826,3.2598848,5.8434854,0.76722825,0.9701575,1.7116938829421997,2.070739269256592,1.3174879550933838,0.02656427212059498,3.2687967,5.8434854,0.76722825,0.96171236
H1975,4.0,ALM,13,2,3.0,1,0.1938297301530838,0.005390394479036331,0.19709081947803497,0.004838353954255581,0.15390384197235107,0.001889578066766262,0.27180254459381104,0.005898606032133102,0.18875275552272797,0.20935963094234467,0.6087367534637451,0.8444652,0.84021604,1316.0,71691.0,73007.0,0.6936755,-0.06372490525245667,0.5174035,0.9618065357208252,0.9142429,1.3795383,4.5201755,0.0,0.25430492,1.0507901906967163,1.8548951148986816,0.5159268975257874,0.06359998881816864,1.385573,4.5201755,0.0,0.2557853
H1975,4.0,ALM,13,2,3.0,2,0.21789294481277466,0.009424634277820587,0.22687210142612457,0.0077758957631886005,0.13493333756923676,0.0016307992627844214,0.27101555466651917,0.0,0.16684576869010925,0.18666896224021912,0.800788164138794,2.2329626,2.2284968,313.0,100070.0,100383.0,0.45230237,0.7778171300888062,-0.130043,0.9874739646911621,0.8716012,1.539249,6.2046056,0.0,0.4642235,0.6824098825454712,0.9552635550498962,0.4827135503292084,0.008371163159608841,1.5419291,6.2046056,0.0,0.4633458
H1975,4.0,ALM,13,2,3.0,3,0.4683075547218323,0.023254182189702988,0.4821370542049408,0.017273161560297012,0.2099345475435257,0.002007459755986929,0.3150983154773712,0.08376522362232208,0.24694205820560455,0.2679996192455292,0.21392647922039032,1.7713344,1.7672638,192.0,73263.0,73455.0,0.90741414,-0.5105524659156799,0.2501044,0.9523943662643433,0.83586895,6.3140764,16.055214,0.0,6.1139164,1.6140905618667603,2.499760150909424,0.9588286280632019,0.15878690779209137,6.326392,16.055214,0.0,6.071481
H1975,4.0,ALM,14,2,3.0,1,0.2547680735588074,0.005369518883526325,0.2547805905342102,0.005366584751754999,0.14856867492198944,0.0009995981818065047,0.22411136329174042,0.07240354269742966,0.17426440119743347,0.19086872041225433,0.5888382196426392,1.8692093,1.8600299,291.0,40300.0,40591.0,0.63490283,0.40936872363090515,0.045255788,0.948911726474762,0.8754062,2.912559,6.6250076,0.2971627,0.94493026,1.4226889610290527,2.2718071937561035,0.8770625591278076,0.1323312520980835,2.9233165,6.6250076,0.2971627,0.93465424
H1975,4.0,ALM,14,2,3.0,2,0.16451962292194366,0.01436174288392067,0.2208452820777893,0.006839434616267681,0.12525707483291626,0.0012555785942822695,0.27869153022766113,0.0,0.15361106395721436,0.1708776205778122,0.5180862545967102,0.8156443,0.8116944,2607.0,193792.0,196399.0,0.97114813,0.22126221656799316,0.64640015,0.9754599332809448,0.93322986,0.9249758,4.3881345,0.0,0.41826248,0.7375757098197937,1.4044564962387085,0.33105728030204773,0.025812096893787384,0.9274968,4.3881345,0.0,0.42306316
H1975,4.0,ALM,14,2,3.0,3,0.0936405286192894,0.006217398680746555,0.12727531790733337,0.0041697523556649685,0.08231484889984131,0.0012691729934886098,0.2117564082145691,0.0,0.11069545894861221,0.12996140122413635,0.8317305445671082,1.1436442,1.1380926,600.0,33111.0,33711.0,0.6425595,-0.09389697760343552,0.5970851,0.9645944237709045,0.9152867,0.5615988,2.8314612,0.0,0.20235695,0.5446226000785828,1.080104112625122,0.23441177606582642,0.026270348578691483,0.5619064,2.8314612,0.0,0.20554237
H1975,4.0,ALM,15,2,3.0,1,0.12263113260269165,0.0017767276149243116,0.1226385310292244,0.0017759273760020733,0.09252803027629852,0.00020969485922250897,0.13392050564289093,0.05383527651429176,0.10379759967327118,0.1115923598408699,0.6313434839248657,1.1301762,1.1241566,200.0,16374.0,16574.0,0.9688584,0.0681808665394783,0.62140733,0.9948230981826782,0.9125952,1.014099,2.424867,0.445405,0.12363054,0.6215424537658691,0.7624785304069519,0.48950958251953125,0.0024458537809550762,1.0188934,2.424867,0.445405,0.12320554
H1975,4.0,ALM,15,2,3.0,2,0.21353702247142792,0.0045119221322238445,0.2143513411283493,0.004354576580226421,0.17177686095237732,0.0009661524090915918,0.260568231344223,0.08685924857854843,0.19616228342056274,0.2127417027950287,0.9457902312278748,1.5248295,1.5200986,200.0,24279.0,24479.0,0.91422254,0.026718685403466225,0.52301383,0.9942685961723328,0.94297093,2.0878868,5.9729066,0.0,0.3916912,1.3329718112945557,1.6926472187042236,1.0107876062393188,0.013028544373810291,2.0941052,5.9729066,0.0,0.39007732
H1975,4.0,ALM,15,2,3.0,3,0.09553620219230652,0.0007069051498547196,0.09554348140954971,0.000706263177562505,0.09095923602581024,0.00021781664690934122,0.1445372849702835,0.04938013106584549,0.10240543633699417,0.11001699417829514,0.9408890604972839,0.8992612,0.89989585,400.0,25839.0,26239.0,0.8887647,0.6606566905975342,0.95578843,0.9964965581893921,0.98994803,0.591935,1.0969554,0.33613652,0.0050008455,0.6088202595710754,0.7350926399230957,0.46461814641952515,0.0016961746150627732,0.5916736,1.0969554,0.33613652,0.005047519
H1975,4.0,ALM,2,2,3.0,1,0.07774123549461365,0.0004041395441163331,0.07774123549461365,0.0004041395441163331,0.061580002307891846,8.694303687661886e-05,0.0883290097117424,0.0341317243874073,0.06895548105239868,0.07375064492225647,0.6372925639152527,1.4770262,1.4568007,600.0,24311.0,24911.0,0.48524383,-0.4580836296081543,0.25370485,0.9742332100868225,0.84327966,0.44557852,1.2168772,0.18053728,0.040178426,0.2684445083141327,0.3760884702205658,0.18053728342056274,0.0021091648377478123,0.4499501,1.2168772,0.18201296,0.040324487
H1975,4.0,ALM,2,2,3.0,2,0.10113291442394257,0.0007147303549572825,0.10115702450275421,0.0007124617695808411,0.08341366797685623,0.00021676448523066938,0.14081288874149323,0.04910339415073395,0.0951293557882309,0.10208446532487869,0.6340181827545166,1.1301062,1.1274786,200.0,37559.0,37759.0,0.8842821,0.014739751815795898,0.7768498,0.9951262474060059,0.97675484,0.42729563,0.75572723,0.0,0.0047506886,0.2556053698062897,0.31893065571784973,0.21252961456775665,0.00041414948645979166,0.42820987,0.75572723,0.0,0.0046159816
H1975,4.0,ALM,3,2,3.0,1,0.33989858627319336,0.0036735576577484608,0.33989858627319336,0.0036735576577484608,,,,,,,,1.2891957,1.2891957,0.0,33759.0,33759.0,0.58976495,,0.3580697,,0.9145489,3.645105,5.759494,1.8945047,0.63736665,,,,,3.645105,5.759494,1.8945047,0.63736665
H1975,4.0,ALM,3,2,3.0,2,0.3658026158809662,0.005153351463377476,0.3658026158809662,0.005153351463377476,0.29816821217536926,0.0006224326207302511,0.3825104236602783,0.23321828246116638,0.3179548382759094,0.33066004514694214,0.7351788878440857,1.4619021,1.440064,400.0,12911.0,13311.0,0.55737495,0.13914668560028076,0.20950165,0.989995539188385,0.8820932,2.5081935,4.8851485,1.2068307,0.39668494,1.905662178993225,2.2782328128814697,1.4935609102249146,0.021066026762127876,2.526859,4.8851485,1.2068307,0.3967261
H1975,4.0,ALM,4,2,3.0,1,0.18558020889759064,0.0028800698928534985,0.18558020889759064,0.0028800698928534985,0.11474098265171051,7.238146645249799e-05,0.141165092587471,0.08723734319210052,0.12131595611572266,0.12524916231632233,0.7923829555511475,2.9082968,2.8829253,400.0,32959.0,33359.0,0.9414402,0.38936394453048706,0.31372604,0.9977684617042542,0.8044782,1.3656714,2.9333656,0.45699975,0.32872355,0.5509228706359863,0.6566738486289978,0.48362138867378235,0.0011462463298812509,1.3755591,2.9333656,0.45699975,0.32454526
H1975,4.0,ALM,5,2,3.0,1,0.3487723171710968,0.01549423299729824,0.3679812550544739,0.009279067628085613,0.256754994392395,0.0023958038073033094,0.3990670442581177,0.12117836624383926,0.29527318477630615,0.3211974799633026,0.863539457321167,1.504401,1.494036,413.0,25122.0,25535.0,0.7562558,0.2409084290266037,0.4597762,0.9840471148490906,0.93906295,3.0166736,7.9748287,0.0,1.1012887,1.9994704723358154,2.4926843643188477,1.283484697341919,0.07917473465204239,3.0333953,7.9748287,0.0,1.1008021
H1975,4.0,ALM,5,2,3.0,2,0.1768682599067688,0.0031934608705341816,0.17694102227687836,0.0031819010619074106,0.12414601445198059,0.0004154545022174716,0.19177323579788208,0.08083317428827286,0.14062239229679108,0.15124699473381042,1.004912257194519,1.9353719,1.9258068,200.0,19255.0,19455.0,0.7357581,0.11490599066019058,0.6499833,0.9933422803878784,0.9422882,0.830723,2.743468,0.0,0.06790449,0.4481644928455353,0.5871241688728333,0.33605968952178955,0.002094981260597706,0.83469635,2.743468,0.0,0.067052156
H1975,4.0,ALM,5,2,3.0,3,0.2420072704553604,0.013237496837973595,0.26404809951782227,0.008623270317912102,,,,,,,,1.2719591,1.2719591,0.0,14351.0,14351.0,0.5853515,,0.31748384,,0.9006085,2.468664,7.118866,0.0,1.1579928,,,,,2.468664,7.118866,0.0,1.1579928
H1975,4.0,ALM,6,2,3.0,1,0.11107604205608368,0.0058134556747972965,0.11930874735116959,0.0052621024660766125,0.05371549725532532,0.00015149248065426946,0.09232747554779053,0.025495896115899086,0.06369012594223022,0.0692581832408905,0.32318344712257385,5.7110643,5.6928616,200.0,58999.0,59199.0,0.007588933,0.02379906177520752,-0.6060887,0.9827863574028015,0.48312348,0.6801011,3.7250414,0.0,0.32667187,0.04664098843932152,0.07176553457975388,0.02128295786678791,6.737690273439512e-05,0.6822484,3.7250414,0.0,0.32641417
H1975,4.0,ALM,6,2,3.0,2,0.18595251441001892,0.0021368537563830614,0.18596434593200684,0.0021347866859287024,0.1579461544752121,0.0007737558917142451,0.22592344880104065,0.0682465210556984,0.18044638633728027,0.19305680692195892,0.8418912887573242,1.0975746,1.0913026,385.0,15310.0,15695.0,0.77376443,-0.1779307723045349,0.34944096,0.9896742701530457,0.94502836,2.3932188,5.177566,0.7478539,0.3082983,2.038644552230835,2.4973950386047363,1.4369561672210693,0.043338924646377563,2.402135,5.177566,0.7478539,0.31171992
H1975,4.0,ALM,6,2,3.0,3,0.15142352879047394,0.004348684102296829,0.1515311449766159,0.004335466772317886,0.08720676600933075,0.000586915120948106,0.17494818568229675,0.028271052986383438,0.10608574748039246,0.11898761987686157,0.5173182487487793,1.9821337,1.950121,400.0,17903.0,18303.0,0.14724931,0.09328357875347137,-0.27059773,0.9909695982933044,0.73544526,1.5873941,5.638261,0.47132525,0.7313737,0.6966152787208557,0.8853211998939514,0.5438010096549988,0.00456099770963192,1.6072953,5.638261,0.47132525,0.7294881
H1975,4.0,ALM,7,2,3.0,1,0.23639842867851257,0.02391952835023403,0.30449169874191284,0.010075584053993225,0.18323351442813873,0.003086040262132883,0.37370565533638,0.0407421700656414,0.22747530043125153,0.25893038511276245,0.7763760685920715,1.7219198,1.7175049,622.0,132593.0,133215.0,0.42164707,-0.7299326658248901,0.25044248,0.8638759255409241,0.85994136,1.8596095,8.679141,0.0,1.849767,0.9634228944778442,2.381101131439209,0.2658310532569885,0.30633336305618286,1.8638136,8.679141,0.0,1.8532218
H1975,4.0,ALM,8,2,3.0,1,0.1320003718137741,0.0071573685854673386,0.1507958620786667,0.005342224147170782,0.08357804268598557,0.0009971432154998183,0.176662415266037,0.00618033017963171,0.10939180105924606,0.12413951009511948,0.6629625558853149,1.7083335,1.703653,200.0,44471.0,44671.0,0.688145,-0.07106015086174011,0.2704579,0.9878895282745361,0.89690715,0.7132426,3.1440797,0.0,0.17068955,0.33672717213630676,0.4656536877155304,0.23448975384235382,0.0021098051220178604,0.71493584,3.1440797,0.0,0.17080729
H1975,4.0,ALM,8,2,3.0,2,0.1969710886478424,0.0038361891638487577,0.19855047762393951,0.0035533627960830927,0.14140725135803223,0.0007540250662714243,0.22863870859146118,0.05877047777175903,0.16284027695655823,0.17475420236587524,0.9858066439628601,1.4711733,1.4599632,691.0,29228.0,29919.0,0.92699265,0.35292840003967285,0.7555055,0.9792834520339966,0.9575751,2.2768743,6.5601153,0.0,0.40898392,1.5247535705566406,2.2981607913970947,0.8874828219413757,0.06763490289449692,2.294655,6.5601153,0.0,0.40336424
H1975,4.0,ALM,8,2,3.0,3,0.1677033007144928,0.007517360616475344,0.18742215633392334,0.00470551336184144,0.12712803483009338,0.0008296348387375474,0.21671316027641296,0.050448738038539886,0.1499774008989334,0.16545972228050232,0.9112324714660645,1.4509779,1.4453412,200.0,18951.0,19151.0,0.9562632,-0.24548205733299255,0.84936297,0.9884122610092163,0.9658789,0.8459111,2.4906976,0.0,0.13461332,0.5795068144798279,0.8267866969108582,0.40514838695526123,0.0063316477462649345,0.8487224,2.4906976,0.0,0.13521022
H1975,4.0,ALM,8,2,3.0,4,0.15686362981796265,0.0030426844023168087,0.1568852961063385,0.0030397071968764067,0.08854314684867859,0.00011657534923870116,0.13186484575271606,0.06701608002185822,0.09646159410476685,0.10290250927209854,0.749335527420044,2.183335,2.1754174,200.0,36023.0,36223.0,0.99426156,0.2590687870979309,0.6631403,0.9969673156738281,0.8869643,1.7623678,5.0500507,0.5817732,0.55304754,0.6710288524627686,0.8245600461959839,0.5949845910072327,0.0025966688990592957,1.7684267,5.0500507,0.5817732,0.54945445
H1975,4.0,ALM,8,2,3.0,5,0.1006605476140976,0.0013638908276334405,0.10067809373140335,0.0013623622944578528,0.06989013403654099,0.00020418004714883864,0.11190339177846909,0.029485337436199188,0.08140809834003448,0.08782244473695755,0.48166054487228394,1.5641237,1.5389721,400.0,16815.0,17215.0,0.38926417,0.41682881116867065,0.029833937,0.987361490726471,0.8115971,0.5784617,1.6575489,0.19879635,0.0758891,0.2689836919307709,0.3510681390762329,0.198796346783638,0.0007993456092663109,0.5858233,1.6575489,0.20297259,0.075342834
H1975,4.0,ALM,8,2,3.0,6,0.2143837809562683,0.002909494563937187,0.2143837809562683,0.002909494563937187,0.1735689342021942,0.001829996588639915,0.2914435863494873,0.06826072186231613,0.2090838998556137,0.22764694690704346,0.7421136498451233,1.2407026,1.2289271,396.0,16371.0,16767.0,0.6226079,-0.588424563407898,0.24107596,0.8977773189544678,0.8975717,2.110091,4.0858707,0.64648813,0.28954276,1.6549841165542603,2.4741621017456055,0.7534183859825134,0.2275637984275818,2.1210988,4.0858707,0.64648813,0.28591093
H1975,4.0,ALM,9,2,3.0,1,0.09571879357099533,0.005745224189013243,0.13462156057357788,0.002843093127012253,0.0673573687672615,0.0010062496876344085,0.1606093794107437,0.0,0.09324905276298523,0.10947880893945694,0.9763739705085754,2.46632,2.452514,871.0,93128.0,93999.0,0.94684994,0.38771486282348633,0.53340507,0.9588651657104492,0.88186747,0.1930528,1.0593606,0.0,0.025040682,0.10745856165885925,0.22808317840099335,0.0527096726000309,0.0012019388377666473,0.19385333,1.0593606,0.0,0.025194477
H1975,4.0,ALM,9,2,3.0,2,0.052778471261262894,0.0005185636109672487,0.053409453481435776,0.0004910628776997328,0.025669040158391,0.00038448366103693843,0.0814676508307457,0.0,0.042169008404016495,0.05210408195853233,1.3582687377929688,5.302237,5.2475796,400.0,28463.0,28863.0,0.9990384,-0.08192771673202515,0.71400243,0.9384469985961914,0.8510268,0.05258824,0.1129333,0.0,0.00024059301,0.02040327526628971,0.03852180019021034,0.010610153898596764,4.814691055798903e-05,0.053040538,0.1129333,0.0,0.00022853591
H1975,6.0,ALM,0,2,3.0,1,0.20539438724517822,0.0019399455050006509,0.20539438724517822,0.0019399455050006509,0.15986038744449615,0.00021239503985270858,0.19775770604610443,0.12812075018882751,0.1718202829360962,0.17816978693008423,0.7327767014503479,1.0216433,1.0178739,200.0,15127.0,15327.0,0.9883449,-0.13992251455783844,0.9066031,0.9970395565032959,0.97462565,1.7996686,3.133762,0.99328977,0.07207219,1.3199713230133057,1.554540991783142,1.1176644563674927,0.005905290134251118,1.8060104,3.133762,0.99328977,0.06986456
H1975,6.0,ALM,1,2,3.0,1,0.2789060175418854,0.006835117470473051,0.2789060175418854,0.006835117470473051,0.16498161852359772,0.0005240682512521744,0.2323310375213623,0.10354921966791153,0.18322108685970306,0.19459998607635498,0.539557933807373,2.9137275,2.8600588,400.0,17295.0,17695.0,0.06680313,-0.05762259289622307,-0.3852988,0.9859095811843872,0.7059262,1.9699479,3.8888683,0.71882516,0.52083945,0.9632053971290588,1.2766826152801514,0.7226051688194275,0.010480131953954697,1.9932305,3.8888683,0.71882516,0.5086607
H1975,6.0,ALM,1,2,3.0,2,0.08385171741247177,0.0014890539459884167,0.08386963605880737,0.001487869187258184,0.04953768849372864,0.00012686493573710322,0.09116462618112564,0.016586828976869583,0.058434292674064636,0.0647711530327797,0.6946514844894409,6.058303,5.9818954,400.0,27679.0,28079.0,0.4224513,0.2967131733894348,-0.0070411786,0.9873257875442505,0.7106517,0.4584561,1.9541847,0.06972119,0.12373634,0.10087501257658005,0.13912279903888702,0.06972119212150574,0.0002183464530389756,0.46362346,1.9541847,0.077151835,0.12364683
H1975,6.0,ALM,1,2,3.0,3,0.061114419251680374,0.00036028659087605774,0.061114419251680374,0.00036028659087605774,0.0529206246137619,0.0001598764065420255,0.08770867437124252,0.030082713812589645,0.06274887919425964,0.07054844498634338,0.5575507879257202,2.5021822,2.481476,200.0,18583.0,18783.0,0.19867903,-0.03478671610355377,-0.08258112,0.9902682900428772,0.72273326,0.2536433,0.7978171,0.07564696,0.020664679,0.09267816692590714,0.12419227510690689,0.07564695924520493,0.00010905227827606723,0.2553756,0.7978171,0.07701518,0.020604057
H1975,6.0,ALM,10,2,3.0,1,0.19054725766181946,0.0059843407943844795,0.19055505096912384,0.005983097944408655,0.0933287963271141,0.00033150060335174203,0.1764373779296875,0.04285470023751259,0.10739283263683319,0.1176779717206955,0.7135204672813416,2.6386006,2.607055,1200.0,72031.0,73231.0,0.749703,0.5683037042617798,0.24874595,0.9876800775527954,0.78552544,2.0804873,6.41829,0.0,1.1066072,0.7614194750785828,1.184095025062561,0.526390016078949,0.013359920121729374,2.1024623,6.41829,0.0,1.0953509
H1975,6.0,ALM,11,2,3.0,1,0.21465814113616943,0.009825489483773708,0.23476773500442505,0.0060248770751059055,0.16688226163387299,0.0016648307209834456,0.2750888764858246,0.060621049255132675,0.19958367943763733,0.2186690717935562,0.5648961067199707,1.4821337,1.4759668,297.0,43878.0,44175.0,0.38467553,-0.7311657071113586,0.08895604,0.8896608352661133,0.84455526,1.1710781,4.9915833,0.0,0.55588704,0.5631992220878601,0.9360647201538086,0.18936774134635925,0.04092087224125862,1.1751926,4.9915833,0.0,0.55685467
H1975,6.0,ALM,11,2,3.0,2,0.17038728296756744,0.0008686088258400559,0.17038728296756744,0.0008686088258400559,0.16665981709957123,0.00010049260163214058,0.19655625522136688,0.13836368918418884,0.17450028657913208,0.17944642901420593,0.9893022179603577,0.97864133,0.97885734,400.0,19343.0,19743.0,0.96026856,0.6300058960914612,0.9858657,0.9982954263687134,0.9966936,1.1719873,1.5281818,0.8769014,0.0049088746,1.1553503274917603,1.3037000894546509,1.0230108499526978,0.002676657633855939,1.1723313,1.5281818,0.8769014,0.004949191
H1975,6.0,ALM,11,2,3.0,3,0.11874965578317642,0.000821942463517189,0.11879594624042511,0.0008167632040567696,0.10782834887504578,0.00027899452834390104,0.1494581550359726,0.05908703804016113,0.12099940329790115,0.1296422928571701,0.5983192324638367,1.1251345,1.1200016,200.0,20327.0,20527.0,0.6801032,0.1592051386833191,0.6488162,0.9883193969726562,0.95092237,0.08654422,0.19602028,0.0,0.0004918412,0.055726565420627594,0.0773298516869545,0.03975525125861168,5.395016705733724e-05,0.086847425,0.19602028,0.0,0.00048671346
H1975,6.0,ALM,12,2,3.0,1,0.044367630034685135,0.0002824842813424766,0.0443844348192215,0.0002818454522639513,0.03090132772922516,0.00010563547402853146,0.05771688371896744,0.006588843185454607,0.03956718370318413,0.044233039021492004,0.5975250005722046,4.6072874,4.556683,400.0,31295.0,31695.0,0.67657024,0.30760663747787476,-0.023069246,0.9877185821533203,0.7538581,0.047044523,0.2167131,0.007038619,0.0018039582,0.012249068357050419,0.01950155757367611,0.007596717216074467,3.114992523478577e-06,0.047489244,0.2167131,0.007038619,0.0018113031
H1975,6.0,ALM,12,2,3.0,2,0.09947658330202103,0.0010817605070769787,0.09970308095216751,0.0010616411454975605,0.0712616890668869,0.00021884196030441672,0.10924597829580307,0.02844970114529133,0.08278793096542358,0.08956125378608704,0.3698599636554718,0.8994801,0.8936107,200.0,17847.0,18047.0,0.34072953,-0.09749492257833481,0.47629628,0.986582338809967,0.8587836,0.77053165,1.7200931,0.0,0.09281827,0.38100510835647583,0.5709372162818909,0.28203633427619934,0.002511274768039584,0.7748966,1.7200931,0.0,0.09211092
H1975,6.0,ALM,12,2,3.0,3,0.21789827942848206,0.0038470004219561815,0.21790997684001923,0.003844657214358449,0.185577392578125,0.0005154358805157244,0.2608792185783386,0.1251058429479599,0.20373910665512085,0.21457241475582123,0.9943321347236633,1.2353026,1.2301269,400.0,18223.0,18623.0,0.79482526,0.17339012026786804,0.7140189,0.9953168630599976,0.94153386,2.378839,5.169501,1.0968076,0.44592842,2.0353784561157227,2.4888319969177246,1.567460298538208,0.020558509975671768,2.3863776,5.169501,1.0968076,0.45261878
H1975,6.0,ALM,13,2,3.0,1,0.175540030002594,0.01545360404998064,0.22877059876918793,0.007962147705256939,0.13549821078777313,0.0021560913883149624,0.26673609018325806,0.028040597215294838,0.17338155210018158,0.1946813464164734,1.4473366737365723,4.1813755,4.1761217,228.0,118427.0,118655.0,0.0,-0.7668504118919373,-0.12549646,0.6007486581802368,0.71705604,1.1751978,5.191362,0.0,0.8960158,0.5209229588508606,0.9158169627189636,0.03398238122463226,0.04114136844873428,1.1764574,5.191362,0.0,0.8968359
H1975,6.0,ALM,13,2,3.0,2,0.18215323984622955,0.007064566947519779,0.19786067306995392,0.004565875977277756,0.12542329728603363,0.0009915921837091446,0.24167871475219727,0.05950909107923508,0.1505357027053833,0.1691870540380478,0.8389049172401428,1.3396045,1.3349042,547.0,57724.0,58271.0,0.9709108,0.20944681763648987,0.82176185,0.9786001443862915,0.9544718,2.5212915,7.5492287,0.0,1.1293806,1.488290786743164,2.4925832748413086,0.9685606360435486,0.09876234829425812,2.5310805,7.5492287,0.0,1.1289392
H1975,6.0,ALM,14,2,3.0,1,0.24218140542507172,0.0034441270399838686,0.24218140542507172,0.0034441270399838686,0.1630595177412033,0.000381769728846848,0.2083890736103058,0.10877122730016708,0.17875342071056366,0.18788737058639526,0.7265180349349976,1.9711007,1.9480294,600.0,31767.0,32367.0,0.9244623,0.12365110218524933,0.32596812,0.9856004118919373,0.88324773,1.9093014,4.623628,0.6643113,0.47374767,0.899706244468689,1.329459547996521,0.6643112897872925,0.016917472705245018,1.9283698,4.623628,0.7198051,0.4627611
H1975,6.0,ALM,14,2,3.0,2,0.14027445018291473,0.017213083803653717,0.23956765234470367,0.0056099132634699345,0.19711117446422577,0.004530395846813917,0.3905509412288666,0.0,0.24880895018577576,0.27833056449890137,0.8967987298965454,1.346716,1.3374912,600.0,28663.0,29263.0,0.85541445,0.37770500779151917,0.5080312,0.9763051271438599,0.9441995,0.5000224,2.0557454,0.0,0.21205217,0.5887609124183655,1.3472871780395508,0.0,0.02391619049012661,0.4981649,2.0557454,0.0,0.21582197
H1975,6.0,ALM,15,2,3.0,1,0.1545713096857071,0.0013602186227217317,0.1548704206943512,0.0013165264390408993,0.14083389937877655,0.0002570348442532122,0.18957817554473877,0.09972988069057465,0.15348535776138306,0.16187652945518494,0.9237242937088013,1.0169821,1.0162616,200.0,25687.0,25887.0,0.9092856,-0.4540061950683594,0.9244398,0.9900129437446594,0.97673935,1.0975106,2.8244617,0.0,0.0549664,0.9843546152114868,1.315123438835144,0.7507620453834534,0.013960782438516617,1.0983915,2.8244617,0.0,0.055185195
H1975,6.0,ALM,15,2,3.0,2,0.15437322854995728,0.005651697050780058,0.1758488118648529,0.0026614738162606955,0.1437261700630188,0.0012225048849359155,0.26415586471557617,0.08063098788261414,0.17290382087230682,0.19161348044872284,0.7487913370132446,0.9624251,0.9581895,400.0,19775.0,20175.0,0.8163981,-0.6895700693130493,0.7251533,0.8417627215385437,0.9320376,1.4740354,3.4642656,0.0,0.48508206,1.133937120437622,2.0240848064422607,0.4371325969696045,0.36457008123397827,1.4809145,3.4642656,0.0,0.48513275
H1975,6.0,ALM,16,2,3.0,1,0.24237443506717682,0.028396466746926308,0.33522307872772217,0.008149567060172558,0.3079119920730591,0.003398747183382511,0.47482922673225403,0.12670087814331055,0.3544256389141083,0.38056129217147827,1.280659794807434,1.2726971,1.2727932,970.0,79509.0,80479.0,0.3670146,-0.14666412770748138,0.47667652,0.9229201674461365,0.8874749,1.5008283,5.528206,0.0,1.2436067,1.8358800411224365,2.4996800422668457,0.23369200527668,0.2314845472574234,1.4967408,5.528206,0.0,1.2545682
H1975,6.0,ALM,17,2,3.0,1,0.05179642140865326,0.0029862732626497746,0.08430442959070206,0.0021199218463152647,0.055153701454401016,0.0008969881455413997,0.1564120054244995,0.0,0.07915522903203964,0.09459739178419113,0.8293026685714722,1.466764,1.4563011,1000.0,59927.0,60927.0,0.78454375,0.10845047235488892,0.30882305,0.9784730076789856,0.9335371,0.28756762,1.5179645,0.0,0.065241836,0.27906182408332825,0.4929058849811554,0.14982452988624573,0.002748896135017276,0.28770956,1.5179645,0.0,0.066283405
H1975,6.0,ALM,17,2,3.0,2,0.2185644656419754,0.013632277958095074,0.2214375138282776,0.013175270520150661,0.10257675498723984,0.0008146551554091275,0.2031889259815216,0.016471147537231445,0.1249309852719307,0.14015373587608337,0.6107311844825745,2.447592,2.4077046,2800.0,126143.0,128943.0,0.13094279,0.38023632764816284,0.059510253,0.9592623710632324,0.7145333,2.1445594,8.618793,0.0,2.18657,0.732086718082428,1.8765918016433716,0.34193873405456543,0.046092718839645386,2.1759117,8.618793,0.0,2.1888142
H1975,6.0,ALM,2,2,3.0,1,0.17230723798274994,0.0007760587031953037,0.17230723798274994,0.0007760587031953037,0.1320575475692749,4.3421678128652275e-05,0.15149396657943726,0.11405254900455475,0.1372513771057129,0.140381321310997,0.9929885268211365,1.8573545,1.8489064,200.0,20263.0,20463.0,0.99914366,0.44352230429649353,0.8551253,0.9993256330490112,0.9585651,1.4171478,2.3546884,0.83867186,0.08879739,0.9136423468589783,1.0001468658447266,0.838671863079071,0.000689091975800693,1.4221174,2.3546884,0.8874766,0.08714015
H1975,6.0,ALM,3,2,3.0,1,0.3127148449420929,0.005462835542857647,0.3127344846725464,0.005457029677927494,0.22213491797447205,0.0008818560745567083,0.28085535764694214,0.13911749422550201,0.24507395923137665,0.25591975450515747,0.423359215259552,1.1270417,1.1229708,92.0,15811.0,15903.0,0.3192387,0.017603818327188492,0.015065141,0.9928523302078247,0.86223173,3.6188784,7.2477474,1.7052222,1.0216506,2.2696692943573,2.493347644805908,1.8173812627792358,0.02002343349158764,3.6267285,7.2477474,1.7052222,1.0168251
H1975,6.0,ALM,3,2,3.0,2,0.21854019165039062,0.007088303565979004,0.2234933078289032,0.006141967140138149,0.1237395852804184,0.0012936607236042619,0.21337778866291046,0.0,0.15222342312335968,0.16867892444133759,1.25397789478302,4.5161796,4.4893255,351.0,42288.0,42639.0,0.7121426,0.40610581636428833,0.20604444,0.9579238891601562,0.8231478,2.0500274,5.5115466,0.0,0.8180291,0.7540833353996277,1.1603410243988037,0.3448966443538666,0.017954664304852486,2.0607839,5.5115466,0.0,0.8106143
H1975,6.0,ALM,4,2,3.0,1,0.07118089497089386,0.0015417839167639613,0.07980645447969437,0.001040239236317575,0.06820701062679291,0.00018368610471952707,0.11198247224092484,0.03161646053195,0.07873881608247757,0.08522671461105347,0.5471690893173218,1.1468081,1.1451075,200.0,70311.0,70511.0,0.9016686,-0.25281834602355957,0.6856953,0.993073582649231,0.92669606,0.32666725,1.3222097,0.0,0.033239573,0.16868367791175842,0.2268204540014267,0.1282147616147995,0.0003752035554498434,0.32711664,1.3222097,0.0,0.033261858
H1975,6.0,ALM,4,2,3.0,2,0.06775299459695816,0.0019727188628166914,0.08155427873134613,0.0012490086955949664,0.06186546012759209,0.00038203466101549566,0.12289398908615112,0.02177513763308525,0.07696301490068436,0.08870404213666916,0.9992591738700867,1.8637592,1.8536168,400.0,33695.0,34095.0,0.9770655,0.1396474391222,0.77616656,0.9859219193458557,0.93440884,0.35118324,1.5788633,0.0,0.042123877,0.21413734555244446,0.32734057307243347,0.1515055149793625,0.0013721516588702798,0.35281006,1.5788633,0.0,0.04238204
H1975,6.0,ALM,4,2,3.0,3,0.18174219131469727,0.011262507177889347,0.21179622411727905,0.006759614683687687,0.10863165557384491,0.0011748832184821367,0.23237602412700653,0.024174153804779053,0.13584080338478088,0.15359805524349213,0.6109950542449951,1.7257562,1.7187043,600.0,94247.0,94847.0,0.15063123,0.04630623757839203,0.19206315,0.968681812286377,0.868568,1.1919744,3.9927907,0.0,0.48136586,0.4979872703552246,0.8831927180290222,0.2727409303188324,0.012873443774878979,1.1963923,3.9927907,0.0,0.48126274
H1975,6.0,ALM,5,2,3.0,1,0.10838563740253448,0.000833366415463388,0.10839847475290298,0.0008320729248225689,0.09449547529220581,0.0003326821606606245,0.14888788759708405,0.04902201518416405,0.10900642722845078,0.11845126748085022,0.7969720959663391,1.4123322,1.3977494,400.0,16479.0,16879.0,0.93179005,0.01591157168149948,0.64204013,0.9855339527130127,0.9508872,0.31140125,0.5462359,0.0,0.003245358,0.21259868144989014,0.28470170497894287,0.15030337870121002,0.0005612521781586111,0.31379938,0.5462359,0.0,0.0030678152
H1975,6.0,ALM,5,2,3.0,2,0.16283969581127167,0.025856664404273033,0.2925964891910553,0.008493851870298386,0.24376793205738068,0.0017620857106521726,0.3695667088031769,0.12801094353199005,0.2775876522064209,0.2949288487434387,0.6106024980545044,0.9498389,0.94757706,200.0,29797.0,29997.0,0.6435501,-0.026160679757595062,0.43792865,0.9922177195549011,0.85858506,1.5472391,9.057341,0.0,2.809821,1.5980650186538696,2.165412187576294,1.1998658180236816,0.034031495451927185,1.5468979,9.057341,0.0,2.8284328
H1975,6.0,ALM,5,2,3.0,3,0.14145998656749725,0.0011589598143473268,0.14146645367145538,0.0011580978753045201,0.11762338876724243,0.00036937938421033323,0.16743841767311096,0.0732835978269577,0.1335705667734146,0.143164724111557,0.7081341743469238,1.7570564,1.7474643,200.0,21671.0,21871.0,0.9430495,-0.11715061217546463,0.6810436,0.9928328990936279,0.9271695,0.5932718,1.1748601,0.21609287,0.031312983,0.28197169303894043,0.3586474657058716,0.21609286963939667,0.0009079770534299314,0.5961447,1.1748601,0.26093644,0.030691007
H1975,6.0,ALM,6,2,3.0,1,0.17316283285617828,0.013834044337272644,0.22223882377147675,0.006848153192549944,0.16161544620990753,0.002041241619735956,0.28435754776000977,0.022814063355326653,0.19841614365577698,0.21897445619106293,1.0831267833709717,1.5287368,1.520105,980.0,49611.0,50591.0,0.89200956,0.18778377771377563,0.45894757,0.9843979477882385,0.9307983,1.5371947,5.359449,0.0,1.0047315,1.3113987445831299,1.9321010112762451,0.8036656379699707,0.04495840147137642,1.5416551,5.359449,0.0,1.0226632
H1975,6.0,ALM,7,2,3.0,1,0.15613523125648499,0.018528388813138008,0.23602411150932312,0.00915300939232111,0.09291453659534454,0.0004035499587189406,0.1358952522277832,0.04578951373696327,0.10966639220714569,0.11846557259559631,0.45123282074928284,12.712822,12.682461,116.0,46730.0,46846.0,0.119083405,-0.004718570038676262,-0.124632835,0.9894893169403076,0.53997695,0.8949824,3.8903112,0.0,0.7932446,0.06394453346729279,0.07924632728099823,0.05058145150542259,4.561808236758225e-05,0.89704525,3.8903112,0.0,0.79349494
H1975,6.0,ALM,7,2,3.0,2,0.2137637883424759,0.001309422543272376,0.2137637883424759,0.001309422543272376,0.14722877740859985,0.0001768514484865591,0.18722067773342133,0.11086583137512207,0.1576632708311081,0.16418308019638062,0.5745996236801147,1.6167161,1.6052283,200.0,17943.0,18143.0,0.81340975,-0.17107295989990234,0.68595296,0.9887964129447937,0.9293816,1.0438412,1.8956878,0.35907194,0.03477171,0.4574684798717499,0.6051729321479797,0.36574748158454895,0.002286487491801381,1.0503767,1.8956878,0.35907194,0.031258777
H1975,6.0,ALM,7,2,3.0,3,0.13008487224578857,0.00037022505421191454,0.13008487224578857,0.00037022505421191454,0.12867286801338196,0.00011262388579780236,0.1591389924287796,0.09117714315652847,0.1373768448829651,0.14242109656333923,0.969318687915802,1.0198381,1.0191275,400.0,28031.0,28431.0,0.97594565,0.8377379179000854,0.9911029,0.9991241693496704,0.9977598,0.56118816,0.7240607,0.39693174,0.0008716198,0.5712263584136963,0.623729407787323,0.4964948892593384,0.00033069736673496664,0.56104493,0.7240607,0.39693174,0.00087788014
H1975,6.0,ALM,8,2,3.0,1,0.23363517224788666,0.007572299335151911,0.2473660707473755,0.004620776046067476,0.22505922615528107,0.0012300722301006317,0.32446959614753723,0.10191067308187485,0.25258320569992065,0.2689841091632843,1.0031949281692505,1.0527488,1.0518123,400.0,20767.0,21167.0,0.9007112,0.003552023321390152,0.7779946,0.9919116497039795,0.9557208,1.7999274,4.030437,0.0,0.34829733,1.5626591444015503,2.019761323928833,1.1850091218948364,0.02354270964860916,1.8044971,4.030437,0.0,0.35344708
H1975,6.0,ALM,8,2,3.0,2,0.3394191265106201,0.005919176619499922,0.3394191265106201,0.005919176619499922,0.2271527349948883,0.0015681625809520483,0.3149634897708893,0.12287133932113647,0.2589840888977051,0.27350735664367676,1.4558629989624023,3.1981542,3.184692,405.0,52010.0,52415.0,0.63304466,0.6126571297645569,0.43135622,0.9177772402763367,0.8866422,2.8483913,5.712472,0.7524226,0.7214654,1.7075029611587524,2.352177619934082,0.752422571182251,0.13000676035881042,2.857275,5.712472,0.76215696,0.7158566
H1975,2.0,control,0,1,0.0,1,0.42221203446388245,0.019566761329770088,0.43407511711120605,0.014967071823775768,0.1419924944639206,0.0003186011454090476,0.19169418513774872,0.09044993668794632,0.1564324051141739,0.16507422924041748,0.9960710406303406,6.2133646,6.1917768,200.0,48135.0,48335.0,1.0,0.15142332017421722,0.5898397,0.9979702830314636,0.7812557,4.9317484,11.782475,0.0,3.5959039,0.9647489786148071,1.125313639640808,0.8116774559020996,0.0030323790851980448,4.9482307,11.782475,0.0,3.5451741
H1975,2.0,control,1,1,0.0,1,0.3318345248699188,0.0014033600455150008,0.3318345248699188,0.0014033600455150008,0.32287779450416565,0.0010857610031962395,0.38074785470962524,0.2544046938419342,0.3501240015029907,0.36247116327285767,1.0627930164337158,1.2945501,1.2931654,123.0,20468.0,20591.0,0.8842485,0.40337395668029785,0.94998944,0.993317186832428,0.98248905,1.2061324,1.9126232,0.6152727,0.025821356,0.8814764022827148,1.058873176574707,0.6152727007865906,0.0057401047088205814,1.2080834,1.9126232,0.615766,0.025304856
H1975,2.0,control,1,1,0.0,2,0.3498680889606476,0.028590982779860497,0.4108831584453583,0.008507044985890388,0.34917694330215454,0.001693420228548348,0.4584546387195587,0.23271504044532776,0.38213494420051575,0.403028666973114,0.9231687188148499,1.3771746,1.373174,258.0,29021.0,29279.0,0.9013516,0.921042799949646,0.703575,0.9920188784599304,0.9423017,3.2968051,10.3431835,0.0,3.4119473,2.2426044940948486,2.4989564418792725,1.8651840686798096,0.02195405215024948,3.3061767,10.3431835,0.0,3.4321163
H1975,2.0,control,10,1,0.0,1,0.23130804300308228,0.010026237927377224,0.24909436702728271,0.006366726942360401,0.2578713297843933,0.0051842499524354935,0.452101469039917,0.11398665606975555,0.31539642810821533,0.359951376914978,0.8196294903755188,0.6476248,0.6489342,442.0,57621.0,58063.0,0.8782443,0.780151903629303,0.9016493,0.9727389812469482,0.9689356,1.0148247,2.6844385,0.0,0.14268708,1.1936883926391602,2.2103683948516846,0.7748191952705383,0.07508953660726547,1.0134528,2.6844385,0.0,0.1429583
H1975,2.0,control,11,1,0.0,1,0.2937425971031189,0.04791821539402008,0.4280517101287842,0.012336820363998413,,,,,,,,0.53016865,0.53016865,0.0,48879.0,48879.0,0.022809474,,0.16352694,,0.8657259,3.6070695,17.170534,0.0,7.6423235,,,,,3.6070695,17.170534,0.0,7.6423235
H1975,2.0,control,11,1,0.0,2,0.37445709109306335,0.04873651638627052,0.47897812724113464,0.012276879511773586,0.3567398488521576,0.0021790778264403343,0.4602496325969696,0.22341236472129822,0.3952888250350952,0.41351354122161865,0.36959561705589294,0.7395863,0.7386711,167.0,67351.0,67518.0,0.31466538,0.5309037566184998,0.1644764,0.9954627156257629,0.88652927,3.3798952,13.661512,0.0,4.4708824,2.2601969242095947,2.492657423019409,1.6773183345794678,0.022976484149694443,3.3826718,13.661512,0.0,4.4787946
H1975,2.0,control,12,1,0.0,1,0.2807771563529968,0.04211415350437164,0.39728495478630066,0.01330251432955265,0.3233400881290436,0.005670094862580299,0.6018205881118774,0.11752169579267502,0.3842354416847229,0.41650375723838806,0.7621828317642212,1.2738636,1.2680265,766.0,66385.0,67151.0,0.7008679,-0.17571260035037994,0.29268458,0.9582829475402832,0.8699466,2.1732867,8.119821,0.0,2.7712276,1.9221323728561401,2.4867427349090576,1.0132540464401245,0.1325715035200119,2.1761847,8.119821,0.0,2.8009374
H1975,2.0,control,13,1,0.0,1,0.14891691505908966,0.0026932130567729473,0.15109777450561523,0.002403134945780039,0.15841232240200043,0.0015471975784748793,0.2733522951602936,0.03863438591361046,0.18963505327701569,0.20712906122207642,0.7658931016921997,0.9555015,0.95115244,1559.0,66408.0,67967.0,0.67388684,0.598138689994812,0.81846255,0.9420168399810791,0.96061194,1.0464134,3.2540715,0.0,0.13299815,0.8084080219268799,1.4250385761260986,0.08107244223356247,0.08157439529895782,1.0520006,3.2540715,0.0,0.13284431
H1975,2.0,control,13,1,0.0,2,0.17692454159259796,0.005832009948790073,0.18848761916160583,0.004033672623336315,0.17279869318008423,0.0007692465442232788,0.24448800086975098,0.09905330091714859,0.19498035311698914,0.20956562459468842,0.8312318325042725,0.91121936,0.91024834,400.0,32543.0,32943.0,0.97662336,0.3998408913612366,0.9424279,0.9918231964111328,0.9828556,0.989478,3.3683393,0.0,0.15138856,0.760496973991394,1.0798839330673218,0.557515025138855,0.006806991063058376,0.9922924,3.3683393,0.0,0.15251325
H1975,2.0,control,15,1,0.0,1,0.18191106617450714,0.023225106298923492,0.2752780616283417,0.009443655610084534,0.25673770904541016,0.006947766058146954,0.4807610809803009,0.04205172508955002,0.324017733335495,0.353853315114975,0.7941418290138245,0.82726455,0.8269131,1012.0,94363.0,95375.0,0.70345664,0.1348361372947693,0.6581123,0.8708017468452454,0.93331325,1.21352,5.6975446,0.0,1.0029153,1.3152612447738647,2.4629247188568115,0.1917012482881546,0.29136261343955994,1.2124289,5.6975446,0.0,1.0104342
H1975,2.0,control,15,1,0.0,2,0.1916504055261612,0.0013556746998801827,0.1916504055261612,0.0013556746998801827,0.1795865297317505,0.0006013891543261707,0.25213247537612915,0.10328956693410873,0.1992368847131729,0.21050335466861725,1.0066887140274048,0.99972385,0.9998464,956.0,53411.0,54367.0,0.93625385,0.4627801477909088,0.9035399,0.9935965538024902,0.986939,0.6677511,1.2908128,0.36031777,0.0069353264,0.6437683701515198,0.8371961116790771,0.49580052495002747,0.003296296112239361,0.66818017,1.2908128,0.36031777,0.006989981
H1975,2.0,control,2,1,0.0,1,0.15042993426322937,0.0030185168143361807,0.15044410526752472,0.0030166688375175,0.13578596711158752,0.0006633673910982907,0.23835448920726776,0.06452764570713043,0.15632028877735138,0.16892722249031067,0.7469795346260071,0.7625388,0.7621268,843.0,30995.0,31838.0,0.06556476,0.9656314849853516,0.9256855,0.9829047918319702,0.9812082,0.67533296,1.2952429,0.20870249,0.012792673,0.6752301454544067,1.0621618032455444,0.5043067336082458,0.006561997812241316,0.67533576,1.2952429,0.20870249,0.012962123
H1975,2.0,control,4,1,0.0,1,0.22357168793678284,0.004052767064422369,0.22614941000938416,0.00351654551923275,0.22571292519569397,0.00261871749535203,0.42518067359924316,0.0876387432217598,0.26587796211242676,0.2957269847393036,0.8387131094932556,0.7248542,0.72663665,1438.0,90417.0,91855.0,0.8764751,0.892979085445404,0.9267857,0.9860751032829285,0.9830444,1.2787176,2.8658128,0.0,0.07231509,1.3453232049942017,2.393249988555908,0.8713566660881042,0.038770049810409546,1.2776582,2.8658128,0.0,0.07277691
H1975,2.0,control,5,1,0.0,1,0.211624413728714,0.017881466075778008,0.2402483969926834,0.013423219323158264,0.16201916337013245,0.004393281415104866,0.37578442692756653,0.0,0.21482786536216736,0.24644450843334198,0.24730226397514343,0.5023914,0.49766397,655.0,34688.0,35343.0,0.09937701,0.3683496415615082,0.13305318,0.9747815728187561,0.7490174,2.392052,10.990679,0.0,2.0128849,1.7035130262374878,2.492138147354126,0.9081497192382812,0.09363911300897598,2.4050527,10.990679,0.0,2.0400038
H1975,2.0,control,5,1,0.0,2,0.15207885205745697,0.010727484710514545,0.18135543167591095,0.007483155466616154,0.1499539315700531,0.003559618955478072,0.40174341201782227,0.0,0.19771280884742737,0.2264171689748764,2.2320549488067627,2.6895885,2.6827826,521.0,34502.0,35023.0,0.7361122,0.21350997686386108,0.25711086,0.9866907596588135,0.9305375,2.2863662,7.036609,0.0,1.3057325,1.9900380373001099,2.4989566802978516,1.178261399269104,0.0728055015206337,2.2908404,7.036609,0.0,1.3230041
H1975,2.0,control,5,1,0.0,3,0.13491784036159515,0.0014939861139282584,0.13494998216629028,0.0014900045935064554,0.15269121527671814,0.00015384878497570753,0.20032340288162231,0.11917843669652939,0.16246074438095093,0.16938582062721252,1.0220760107040405,0.88862956,0.8891594,200.0,50183.0,50383.0,0.956091,0.7385855913162231,0.9925843,0.9994456171989441,0.9942897,0.93091536,1.5175533,0.4922306,0.010549443,1.008885145187378,1.077523946762085,0.953163743019104,0.0006875925464555621,0.9306046,1.5175533,0.4922306,0.010564422
H1975,2.0,control,6,1,0.0,1,0.3860233724117279,0.019356638193130493,0.4067516624927521,0.011964763514697552,0.3718230128288269,0.0015950921224430203,0.5225902795791626,0.268375426530838,0.4015777111053467,0.4255404472351074,0.9868971705436707,1.5700226,1.5667782,351.0,62736.0,63087.0,0.8375256,0.9328278303146362,0.60521245,0.9963992834091187,0.8529284,3.892795,13.342701,0.0,4.160378,2.1922554969787598,2.4993655681610107,1.8221420049667358,0.027290238067507744,3.9023092,13.342701,0.0,4.167232
H1975,2.0,control,6,1,0.0,2,0.3125731647014618,0.014323350042104721,0.3336923122406006,0.00824381411075592,0.3350773751735687,0.0034594309981912374,0.4838952124118805,0.172563374042511,0.3827623128890991,0.4092458188533783,0.9423473477363586,0.658817,0.660248,211.0,41596.0,41807.0,0.6627524,0.7584487795829773,0.68292344,0.9880901575088501,0.9319767,1.857824,4.6082006,0.0,0.4443165,1.9734095335006714,2.4998579025268555,1.139618158340454,0.09686634689569473,1.8572377,4.6082006,0.0,0.4460108
H1975,2.0,control,6,1,0.0,3,0.380913645029068,0.05271254479885101,0.4915945529937744,0.013618919998407364,0.3772517442703247,0.004583554342389107,0.5822516083717346,0.20202982425689697,0.4332907795906067,0.46793439984321594,1.1382637023925781,1.9165457,1.9045209,884.0,56331.0,57215.0,0.9600429,0.6165642738342285,0.70297664,0.9834427833557129,0.9161315,2.9278295,10.064645,0.0,4.50754,2.017145872116089,2.4987874031066895,1.4035720825195312,0.06089949980378151,2.9421206,10.064645,0.0,4.564101
H1975,2.0,control,8,1,0.0,1,0.23707470297813416,0.018948152661323547,0.2852695882320404,0.00905158743262291,0.2702558636665344,0.0039361207745969296,0.4427527189254761,0.08090345561504364,0.32083800435066223,0.34834811091423035,0.9397872090339661,0.9098776,0.9101782,500.0,49243.0,49743.0,0.84847575,0.7896562814712524,0.6814726,0.9859238266944885,0.96278775,2.2155302,6.8814235,0.0,1.4153476,1.8377372026443481,2.4737355709075928,1.1571791172027588,0.05779591575264931,2.2193666,6.8814235,0.0,1.4276676
H1975,2.0,control,8,1,0.0,2,0.1525416225194931,0.025246717035770416,0.2847324013710022,0.009486224502325058,0.2732039988040924,0.005461662542074919,0.46502920985221863,0.08140155673027039,0.3317837119102478,0.36997753381729126,0.9809262752532959,0.7255188,0.7268078,257.0,50670.0,50927.0,0.8520412,0.844900369644165,0.6280267,0.9874675273895264,0.9440069,1.0082293,4.878183,0.0,1.052974,1.7709496021270752,2.4826064109802246,1.0502526760101318,0.08752408623695374,1.0043608,4.878183,0.0,1.0549052
H1975,2.0,control,9,1,0.0,1,0.0907999649643898,0.011003980413079262,0.17613542079925537,0.006315125152468681,0.12314234673976898,0.003523261984810233,0.3043217062950134,0.0,0.17023368179798126,0.19824819266796112,0.5731038451194763,0.4349898,0.4365272,592.0,52591.0,53183.0,0.6846958,0.4933546781539917,0.66134024,0.9671928286552429,0.94724214,0.3175849,1.6667619,0.0,0.114187464,0.5980774760246277,1.2528356313705444,0.0,0.024173539131879807,0.31442752,1.6667619,0.0,0.11430513
H1975,2.0,DAC,0,3,11.0,1,0.03809149190783501,0.00035820616176351905,0.03890778496861458,0.00033412236371077597,0.02794376015663147,0.00024270320136565715,0.07164985686540604,0.0,0.04076371341943741,0.04887933284044266,0.9663745164871216,1.8147563,1.806358,427.0,42708.0,43135.0,0.38478947,0.4233585000038147,0.07519509,0.9514284133911133,0.84302324,0.36444634,1.0140411,0.074533276,0.036475398,0.24018462002277374,0.3823164105415344,0.13467800617218018,0.004694910254329443,0.3656887,1.0140411,0.074533276,0.036637217
H1975,2.0,DAC,10,3,11.0,1,0.06151649355888367,0.0011974361259490252,0.06592363119125366,0.000992687651887536,0.04514272138476372,0.00022193664335645735,0.08775605261325836,0.009158776141703129,0.05716584995388985,0.0651298239827156,0.6902627348899841,1.0495747,1.0482322,200.0,53335.0,53535.0,0.88550544,0.1489902138710022,0.77697295,0.9957107305526733,0.95178276,0.44556358,1.0687653,0.0,0.022173988,0.30557486414909363,0.39171111583709717,0.25487568974494934,0.0006741147954016924,0.44608846,1.0687653,0.0,0.022180848
H1975,2.0,DAC,11,3,11.0,1,0.04881893843412399,0.0004912952426820993,0.049398571252822876,0.00046849538921378553,0.036553576588630676,0.00030389527091756463,0.10088423639535904,0.0,0.050116874277591705,0.06061062961816788,0.8073481917381287,1.3599894,1.3504918,1283.0,73372.0,74655.0,0.5534765,-0.1540357917547226,0.42162424,0.9468187093734741,0.89301956,0.3573858,0.9612579,0.06275571,0.023006165,0.23528538644313812,0.4761892557144165,0.11153659969568253,0.004966347943991423,0.35952088,0.9612579,0.06275571,0.02305636
H1975,2.0,DAC,12,3,11.0,1,0.11319561302661896,0.01062349695712328,0.16774354875087738,0.006592798046767712,,,,,,,,1.4106104,1.4106104,0.0,26799.0,26799.0,0.49217346,,0.32460955,,0.90385747,0.88411766,4.00135,0.0,0.5224457,,,,,0.88411766,4.00135,0.0,0.5224457
H1975,2.0,DAC,12,3,11.0,2,0.06363008171319962,0.0007696644170209765,0.06374184787273407,0.0007638925453647971,0.04077699035406113,9.110190148930997e-05,0.07153912633657455,0.01462904829531908,0.04840938001871109,0.052935320883989334,0.7741134762763977,1.7548931,1.7427542,600.0,47879.0,48479.0,0.9019644,0.06623726338148117,0.20598124,0.9929754734039307,0.8575254,0.5813624,2.0957055,0.14736374,0.105275996,0.29310140013694763,0.41657668352127075,0.2288726568222046,0.0011335507733747363,0.58497477,2.0957055,0.14736374,0.105526716
H1975,2.0,DAC,12,3,11.0,3,0.11114779859781265,0.002043172949925065,0.11236383765935898,0.0019288890762254596,0.08809628337621689,0.0009492897661402822,0.17778834700584412,0.008359289728105068,0.11313996464014053,0.12817639112472534,1.1950252056121826,1.4494522,1.4464266,2961.0,246062.0,249023.0,0.7794988,-0.12105357646942139,0.6554508,0.9313841462135315,0.9325352,1.0696003,3.2727153,0.0,0.1405628,0.8536653518676758,1.5479826927185059,0.2626233696937561,0.08328485488891602,1.072199,3.2727153,0.0,0.14068422
H1975,2.0,DAC,13,3,11.0,1,0.517135739326477,0.03436961770057678,0.56346195936203,0.01134549267590046,0.24941356480121613,0.0017882251413539052,0.3536892533302307,0.17633695900440216,0.2847055196762085,0.304515540599823,0.3870733380317688,1.3812999,1.3808074,50.0,100877.0,100927.0,0.9043307,0.46273890137672424,0.62875956,0.9959954023361206,0.92813116,4.4395905,8.274251,0.0,2.5573826,2.2869718074798584,2.4991912841796875,1.9066848754882812,0.020455727353692055,4.440657,8.274251,0.0,2.5563421
H1975,2.0,DAC,13,3,11.0,2,0.3082531690597534,0.009107371792197227,0.3085670471191406,0.009019791148602962,0.1610187590122223,0.0020321724005043507,0.28877851366996765,0.07875828444957733,0.19680160284042358,0.2278183400630951,0.857843816280365,2.2410686,2.2259233,1001.0,90422.0,91423.0,0.3430821,-0.15148445963859558,0.3936707,0.9399331212043762,0.8587101,2.7819111,5.489188,0.0,0.62248015,1.3223819732666016,2.4678635597229004,0.7989809513092041,0.16526344418525696,2.7980685,5.489188,0.0,0.6036986
H1975,2.0,DAC,13,3,11.0,3,0.12279172241687775,0.0025029806420207024,0.12331727147102356,0.0024488833732903004,0.10421035438776016,0.00036191061371937394,0.15355253219604492,0.05550724267959595,0.11983194947242737,0.12891006469726562,1.0407825708389282,1.1593448,1.158847,200.0,47431.0,47631.0,0.93890274,0.10500023514032364,0.9260571,0.9961448311805725,0.9805581,0.98224884,2.5975828,0.0,0.042092483,0.856884241104126,1.0403735637664795,0.7190497517585754,0.0041390592232346535,0.9827775,2.5975828,0.0,0.04218597
H1975,2.0,DAC,13,3,11.0,4,0.20563684403896332,0.008675669319927692,0.21671053767204285,0.006743073929101229,0.14066249132156372,0.0019154612673446536,0.2662089765071869,0.021261155605316162,0.17645162343978882,0.19767595827579498,0.7962296009063721,1.3251854,1.3212359,1000.0,132935.0,133935.0,0.77952653,-0.0680781751871109,0.56331694,0.9413554072380066,0.92633235,1.6338109,4.768484,0.0,0.4285124,0.9679834246635437,1.7457163333892822,0.4280967116355896,0.08354602009057999,1.6388193,4.768484,0.0,0.42774734
H1975,2.0,DAC,13,3,11.0,5,0.16160848736763,0.009470927529036999,0.18036727607250214,0.00718679977580905,0.11932355910539627,0.0060883485712111,0.39923447370529175,0.0,0.17077942192554474,0.22988133132457733,0.6661177277565002,1.0997481,1.0959945,1271.0,145560.0,146831.0,0.73035306,0.16098487377166748,0.5173201,0.9725330471992493,0.8988574,1.9895248,8.378322,0.0,1.0781904,1.2021864652633667,2.038404941558838,0.6729535460472107,0.06712909042835236,1.9963999,8.378322,0.0,1.0815587
H1975,2.0,DAC,13,3,11.0,6,0.1237378641963005,0.0036085504107177258,0.13268043100833893,0.0026828362606465816,0.1373281031847,0.00036450193147175014,0.1939491331577301,0.08861301839351654,0.1522553265094757,0.16145789623260498,1.0625860691070557,0.94119924,0.94181013,190.0,37569.0,37759.0,0.97246647,0.4429141879081726,0.9850265,0.9984354376792908,0.99385107,2.2511718,8.904711,0.0,0.44895986,2.282466173171997,2.493807554244995,1.9337345361709595,0.011598559096455574,2.2510135,8.904711,0.0,0.45116672
H1975,2.0,DAC,14,3,11.0,1,0.3152797222137451,0.041463952511548996,0.4169112741947174,0.012458652257919312,,,,,,,,1.8195739,1.8195739,0.0,57486.0,57486.0,0.79238695,,0.4519726,,0.9242617,3.9242527,10.802855,0.0,6.4138527,,,,,3.9242527,10.802855,0.0,6.4138527
H1975,2.0,DAC,14,3,11.0,2,0.15077070891857147,0.009449521079659462,0.16980665922164917,0.007410164922475815,0.0790436640381813,0.0012634003069251776,0.200660839676857,0.0,0.10749290883541107,0.12663257122039795,0.5566832423210144,1.5890421,1.5818814,448.0,64143.0,64591.0,0.268405,-0.5342421531677246,0.07745108,0.9501663446426392,0.8682886,1.7010969,6.5082626,0.0,0.90768737,0.7262288331985474,1.2409038543701172,0.3117386996746063,0.03963593393564224,1.7079057,6.5082626,0.0,0.9070661
H1975,2.0,DAC,14,3,11.0,3,0.12347543239593506,0.006472110748291016,0.14062075316905975,0.004959814250469208,0.09735885262489319,0.0014331567799672484,0.2393576055765152,0.0,0.1276150345802307,0.14664961397647858,0.9547991752624512,1.3612368,1.3564312,800.0,66863.0,67663.0,0.7960388,-0.6693184971809387,0.6444439,0.9576596617698669,0.94957465,1.4201077,4.883518,0.0,0.46978414,1.041471242904663,1.7111222743988037,0.4655986428260803,0.0766528993844986,1.424638,4.883518,0.0,0.47275192
H1975,2.0,DAC,14,3,11.0,4,0.055283233523368835,0.00177149404771626,0.06322051584720612,0.0015240367501974106,0.04381322115659714,0.0005279181059449911,0.11748083680868149,0.0,0.06224672123789787,0.07382497936487198,0.6403127908706665,1.0919464,1.0850908,3400.0,220583.0,223983.0,0.3238768,0.3206149637699127,0.48067713,0.9654433727264404,0.9217464,0.6047723,2.5873868,0.0,0.102984756,0.36248913407325745,1.0697633028030396,0.14223705232143402,0.014130587689578533,0.60850686,2.5873868,0.0,0.10343559
H1975,2.0,DAC,15,3,11.0,1,0.26538050174713135,0.010716605000197887,0.26538050174713135,0.010716605000197887,0.09978561103343964,0.0006445329054258764,0.20930027961730957,0.029883066192269325,0.1182389184832573,0.13273906707763672,0.6649472117424011,4.2376337,4.1828203,800.0,51343.0,52143.0,0.298728,0.8248529434204102,0.06967262,0.9824540615081787,0.66580665,2.7384272,6.440884,0.5556727,1.3529906,0.7421332001686096,1.1002538204193115,0.5646530985832214,0.009154800325632095,2.769532,6.440884,0.5556727,1.3108679
H1975,2.0,DAC,16,3,11.0,1,0.2067858874797821,0.00503045879304409,0.20738421380519867,0.004920925013720989,0.12461769580841064,0.0009113145642913878,0.21796253323554993,0.028927596285939217,0.14811541140079498,0.16384437680244446,0.7670789957046509,1.5448284,1.5391862,528.0,72255.0,72783.0,0.91771644,0.5555022358894348,0.4657277,0.9960703253746033,0.9273481,4.091707,10.60488,0.0,1.4093376,2.2875053882598877,2.4996511936187744,1.7135034799575806,0.022594865411520004,4.104891,10.60488,0.0,1.3955107
H1975,2.0,DAC,17,3,11.0,1,0.14506074786186218,0.0037419849541038275,0.145113006234169,0.003735748352482915,0.09474334865808487,0.0006055519916117191,0.17220644652843475,0.025289446115493774,0.11458312720060349,0.12634162604808807,0.5410105586051941,1.1620947,1.1534349,1200.0,84863.0,86063.0,0.53390104,0.68117356300354,0.2695103,0.9627261161804199,0.8388097,1.7383882,5.2266207,0.46809205,0.7948852,1.0362437963485718,1.6605688333511353,0.5723082423210144,0.06746017932891846,1.7483164,5.2266207,0.46809205,0.7981014
H1975,2.0,DAC,2,3,11.0,1,0.05808837711811066,0.000786778109613806,0.0590348057448864,0.0007437245803885162,0.04451533779501915,0.0003755493962671608,0.11831233650445938,0.0,0.05987163633108139,0.06924066692590714,0.7268259525299072,1.3044817,1.294841,1600.0,94271.0,95871.0,0.7250908,-0.01804107427597046,0.5544721,0.9534175992012024,0.9187212,0.41510352,1.3692616,0.09453174,0.026795441,0.28809934854507446,0.5466404557228088,0.11057686060667038,0.0061095948331058025,0.41725904,1.3692616,0.09453174,0.026868118
H1975,2.0,DAC,3,3,11.0,1,0.09109558165073395,0.0007583380793221295,0.09112408757209778,0.0007559785153716803,0.07498740404844284,0.000350840826286003,0.14696337282657623,0.013387803919613361,0.09001488983631134,0.09913011640310287,0.8797387480735779,1.3927191,1.3820243,1400.0,65751.0,67151.0,0.7751404,0.3032391667366028,0.52826434,0.9694653153419495,0.92940456,1.0223787,2.2968993,0.2852874,0.09743248,0.8097661733627319,1.1679152250289917,0.46129268407821655,0.028483403846621513,1.0269058,2.2968993,0.2852874,0.09791757
H1975,2.0,DAC,4,3,11.0,1,0.06456422060728073,0.003764052176848054,0.0831640437245369,0.003301572985947132,0.03553636372089386,0.0007394785061478615,0.13145864009857178,0.0,0.05765071138739586,0.07327844202518463,0.8780779838562012,1.5446851,1.5332412,963.0,55132.0,56095.0,0.78709006,-0.09368377178907394,0.23755592,0.9576305150985718,0.89628565,0.46951896,3.0350127,0.0,0.13371268,0.2673453688621521,0.5774804949760437,0.0,0.00811759103089571,0.47305027,3.0350127,0.0,0.13518001
H1975,2.0,DAC,4,3,11.0,2,0.08301597833633423,0.007034266367554665,0.1226634755730629,0.0055304523557424545,0.03680527210235596,0.0017269778763875365,0.18355518579483032,0.0,0.06968150287866592,0.09754829108715057,0.43535974621772766,0.89080924,0.88599813,600.0,56199.0,56799.0,0.55097824,-0.7040133476257324,0.07921099,0.7802743315696716,0.90028137,0.5422987,3.2234924,0.0,0.2301167,0.2773972451686859,1.0279066562652588,0.0,0.08216133713722229,0.5451268,3.2234924,0.0,0.23093913
H1975,2.0,DAC,4,3,11.0,3,0.07957705110311508,0.005052310414612293,0.10107046365737915,0.004244568292051554,0.04082055017352104,0.0006993916467763484,0.11312764883041382,0.0,0.0619516484439373,0.07552489638328552,0.5580939650535583,1.4186798,1.409319,690.0,62746.0,63436.0,0.45917732,0.22439970076084137,0.15222102,0.9601112008094788,0.86134493,0.5562106,3.1203287,0.0,0.18126462,0.2487884908914566,0.4751735329627991,0.0,0.008678997866809368,0.55959094,3.1203287,0.0,0.18211173
H1975,2.0,DAC,4,3,11.0,4,0.03556402027606964,0.0003892000822816044,0.036941200494766235,0.00035339678288437426,0.02565832808613777,0.00018498463032301515,0.0678340420126915,0.0,0.03661550581455231,0.04363549128174782,0.6466342806816101,1.8087188,1.7874426,800.0,42895.0,43695.0,0.6281173,0.4088532328605652,0.122729585,0.9825718402862549,0.86008525,0.1590821,0.54034626,0.0,0.0052317474,0.08468808233737946,0.1372765749692917,0.03803114593029022,0.00022006832296028733,0.16046955,0.54034626,0.0,0.005220072
H1975,2.0,DAC,5,3,11.0,1,0.043974436819553375,0.0003375150263309479,0.044353678822517395,0.0003236050542909652,0.04022131487727165,0.00022222248662728816,0.08765502274036407,0.0004638581012841314,0.05204029381275177,0.06024454906582832,1.0230391025543213,1.8342613,1.8194503,600.0,32263.0,32863.0,0.57624465,-0.2765907943248749,-0.069166385,0.9533983469009399,0.8721958,0.6123352,1.4422897,0.18205573,0.054504283,0.4299086034297943,0.6279150247573853,0.2416260838508606,0.009304984472692013,0.6157277,1.4422897,0.18205573,0.05471444
H1975,2.0,DAC,5,3,11.0,2,0.03842463344335556,0.000564339745324105,0.04054880887269974,0.0005094045191071928,0.027022484689950943,0.00027256651083007455,0.07490641623735428,0.0,0.040592506527900696,0.04834291711449623,0.5974702835083008,1.5357072,1.5067691,680.0,21367.0,22047.0,0.21336988,0.30309972167015076,-0.043688666,0.9694702625274658,0.8336955,0.24043079,0.6218463,0.0674523,0.010013024,0.13384415209293365,0.2135278284549713,0.06745229661464691,0.0005616414127871394,0.24382272,0.6218463,0.07071077,0.0099407565
H1975,2.0,DAC,6,3,11.0,1,0.047783222049474716,0.0009130861726589501,0.0503673255443573,0.0008323114016093314,0.03214675933122635,0.0003422719892114401,0.10053699463605881,0.0,0.04712844267487526,0.056487537920475006,0.7434526681900024,1.3372477,1.3221633,1779.0,68252.0,70031.0,0.64304715,0.25021249055862427,0.38293487,0.9724590182304382,0.9071326,0.25945637,0.82169604,0.0,0.013075629,0.17381040751934052,0.3079011142253876,0.05564548075199127,0.0016786358319222927,0.2616887,0.82169604,0.0,0.013176517
H1975,2.0,DAC,7,3,11.0,1,0.20766125619411469,0.004538802430033684,0.20766565203666687,0.004537987057119608,0.11894407868385315,0.00031336615211330354,0.17059171199798584,0.06459150463342667,0.1329336166381836,0.1405952274799347,1.0808911323547363,3.7517684,3.7278566,424.0,46935.0,47359.0,0.676488,-0.8255376219749451,0.049409576,0.9376274943351746,0.810742,4.1619153,9.401898,0.8458433,2.1644797,2.039900064468384,2.4839553833007812,0.8458433151245117,0.16644519567489624,4.181084,9.401898,1.1008204,2.1414838
H1975,2.0,DAC,8,3,11.0,1,0.0644676610827446,0.0005325198289938271,0.06463966518640518,0.0005228226655162871,0.05682149901986122,0.0001612363412277773,0.09272578358650208,0.026140406727790833,0.06702317297458649,0.07374604046344757,0.8885530233383179,1.2734542,1.2710723,200.0,32119.0,32319.0,0.85143304,0.04257000610232353,0.7204779,0.9965646266937256,0.9549584,0.6598217,1.3687029,0.26757374,0.026208496,0.5462555289268494,0.6590160727500916,0.45298928022384644,0.0012963322224095464,0.6605289,1.3687029,0.26757374,0.026282808
H1975,2.0,DAC,8,3,11.0,2,0.1504993438720703,0.004362238105386496,0.1531265527009964,0.0040360912680625916,0.10236582159996033,0.0008759249467402697,0.2110966295003891,0.008340398781001568,0.12602409720420837,0.14047695696353912,0.6826072335243225,1.077708,1.0723206,999.0,72264.0,73263.0,0.45826918,0.40409529209136963,0.6234302,0.9859458208084106,0.9118195,2.2567112,5.770327,0.0,0.65705496,1.4892855882644653,2.3921778202056885,0.9753080606460571,0.05758926644921303,2.26732,5.770327,0.0,0.657088
H1975,2.0,DAC,9,3,11.0,1,0.19894452393054962,0.004482797812670469,0.19900205731391907,0.004472646862268448,0.10462059825658798,0.00026363995857536793,0.15951374173164368,0.06499939411878586,0.11731375008821487,0.12609480321407318,0.40624600648880005,1.1287003,1.12638,200.0,62071.0,62271.0,0.56286186,-0.1938108503818512,0.5434849,0.9965910911560059,0.8803343,2.026176,5.8995566,0.5313718,0.5088757,0.8947731852531433,1.092153787612915,0.742874026298523,0.0037560120690613985,2.0298214,5.8995566,0.5313718,0.5063655
H1975,2.0,DAC,9,3,11.0,2,0.26177316904067993,0.0174125824123621,0.2912452220916748,0.010789402760565281,,,,,,,,1.0498674,1.0498674,0.0,50782.0,50782.0,0.9481941,,0.71327966,,0.9415165,3.6355717,10.546572,0.0,2.8485744,,,,,3.6355717,10.546572,0.0,2.8485744
H1975,2.0,DAC,9,3,11.0,3,0.09996213018894196,0.0023814309388399124,0.1015196368098259,0.002260418375954032,0.0682193711400032,0.0010511024156585336,0.17707976698875427,0.0,0.09354174882173538,0.1098209023475647,0.5749880075454712,0.8945988,0.88463867,2147.0,66748.0,68895.0,0.3835838,0.10560926049947739,0.415072,0.9563679099082947,0.8696588,1.2101958,3.9165852,0.0,0.37386626,0.8421809077262878,1.924278736114502,0.3722080886363983,0.05656320974230766,1.222033,3.9165852,0.0,0.37957594
H1975,4.0,DAC,0,3,11.0,1,0.11426647007465363,0.001627923222258687,0.11492594331502914,0.001561526209115982,0.08927781879901886,0.0008155309478752315,0.19885341823101044,0.00528145395219326,0.11174575239419937,0.12643304467201233,0.8866890668869019,1.2638512,1.2593595,689.0,57166.0,57855.0,0.71091104,0.09155382961034775,0.50663835,0.9549968242645264,0.9383484,0.642319,1.4935338,0.0,0.03784155,0.4964841306209564,0.8849796056747437,0.20857210457324982,0.013333340175449848,0.64407665,1.4935338,0.0,0.03787751
H1975,4.0,DAC,0,3,11.0,2,0.0808260515332222,0.0007280005956999958,0.08115924149751663,0.0007039596093818545,0.06332430988550186,0.0003486959030851722,0.12493851035833359,0.0,0.07805953919887543,0.08785504847764969,0.9575489163398743,1.5131412,1.4961811,1896.0,60215.0,62111.0,0.9292307,0.11301221698522568,0.45511445,0.9715441465377808,0.92266196,0.7528898,2.1164703,0.0,0.084446415,0.5164205431938171,0.8590488433837891,0.29159092903137207,0.012042121030390263,0.7603354,2.1164703,0.0,0.084910095
H1975,4.0,DAC,1,3,11.0,1,0.08799980580806732,0.00371950282715261,0.11320008337497711,0.0019319741986691952,0.10794134438037872,0.0005691887927241623,0.1745309829711914,0.04960978776216507,0.12734466791152954,0.13810572028160095,0.5850706696510315,1.4302254,1.4262993,200.0,42855.0,43055.0,0.6132863,-0.05551914498209953,0.19477671,0.9901665449142456,0.90996647,0.35287488,1.5797236,0.0,0.058583777,0.23848579823970795,0.30826884508132935,0.12848065793514252,0.0007811819086782634,0.3534087,1.5797236,0.0,0.05879218
H1975,4.0,DAC,1,3,11.0,2,0.17510563135147095,0.0021956441923975945,0.17539860308170319,0.002147931605577469,0.14099228382110596,0.0005697302985936403,0.22187399864196777,0.08156103640794754,0.16009734570980072,0.17212127149105072,0.9095098972320557,1.7169577,1.7044113,400.0,25343.0,25743.0,0.9680609,0.01818154752254486,0.39097443,0.9927594065666199,0.9185624,1.2702152,2.6158159,0.0,0.11491271,0.8485077023506165,1.0733834505081177,0.630734920501709,0.004936383571475744,1.2768708,2.6158159,0.0,0.11379739
H1975,4.0,DAC,10,3,11.0,1,0.15245917439460754,0.0016897843452170491,0.15245917439460754,0.0016897843452170491,0.11551596224308014,0.0001666403841227293,0.15317416191101074,0.07322411984205246,0.12567897140979767,0.13116294145584106,0.7770116925239563,1.4616288,1.4502889,600.0,35623.0,36223.0,0.783299,0.575440526008606,0.37251756,0.9941402673721313,0.91333115,2.0382996,4.8022704,0.8666276,0.37726748,1.4408053159713745,1.7177810668945312,1.1435294151306152,0.013304450549185276,2.0483625,4.8022704,0.8666276,0.3772835
H1975,4.0,DAC,11,3,11.0,1,0.1631719022989273,0.018084170296788216,0.24345766007900238,0.007435971405357122,0.16450907289981842,0.0037959241308271885,0.33048608899116516,0.0,0.21470710635185242,0.24314375221729279,1.1205861568450928,1.8979082,1.8833776,224.0,11759.0,11983.0,0.6554127,-0.5374967455863953,0.13522322,0.9410128593444824,0.89045614,0.9375136,3.7326035,0.0,0.63397986,0.9710836410522461,1.5373808145523071,0.0,0.07246176153421402,0.9368742,3.7326035,0.0,0.64465356
H1975,4.0,DAC,11,3,11.0,2,0.2103121280670166,0.0014715299475938082,0.2103121280670166,0.0014715299475938082,0.1799324005842209,0.00013112262240611017,0.21045950055122375,0.1462845653295517,0.18912862241268158,0.19397801160812378,0.7046701312065125,1.0834833,1.0758823,400.0,19535.0,19935.0,0.98077357,0.04599400982260704,0.6129564,0.9984955787658691,0.927152,1.2532156,3.1090193,0.8048663,0.1908128,0.9147042632102966,1.0132344961166382,0.8192442059516907,0.0012304955162107944,1.2601467,3.1090193,0.8048663,0.19230023
H1975,4.0,DAC,11,3,11.0,3,0.18044017255306244,0.002114320872351527,0.1805555373430252,0.0020948450546711683,0.16672064363956451,0.00042419269448146224,0.2228921502828598,0.10279425233602524,0.18280327320098877,0.19445441663265228,0.704613447189331,1.1044174,1.1026558,200.0,45191.0,45391.0,0.6649144,-0.2713162899017334,0.49686727,0.9916423559188843,0.91551024,1.6928437,4.111634,0.0,0.41610572,1.1401355266571045,1.5420544147491455,0.8583718538284302,0.01472784485667944,1.6952897,4.111634,0.0,0.41652414
H1975,4.0,DAC,12,3,11.0,1,0.4324597716331482,0.010286649689078331,0.4324597716331482,0.010286649689078331,0.1630975306034088,0.00016924359078984708,0.20144926011562347,0.13431225717067719,0.17323026061058044,0.1804046779870987,0.49922654032707214,4.886963,4.860857,200.0,33415.0,33615.0,0.22041816,-0.6114408373832703,0.096749,0.9873611330986023,0.69043255,5.2496715,10.515143,0.85480523,2.9906094,1.070642113685608,1.4698152542114258,0.8548052310943604,0.02177860587835312,5.274683,10.515143,0.93767834,2.9032261
H1975,4.0,DAC,12,3,11.0,2,0.40533557534217834,0.01022430881857872,0.411150187253952,0.007980285212397575,0.26216861605644226,0.0007058070041239262,0.3805902600288391,0.169637992978096,0.28229907155036926,0.2940320670604706,0.7695910930633545,1.4634768,1.459036,777.0,120630.0,121407.0,0.8465778,0.8610926866531372,0.7568886,0.994415283203125,0.90255576,3.743061,7.6060677,0.0,1.104774,2.243906259536743,2.4998011589050293,1.6206821203231812,0.0340319462120533,3.7527175,7.6060677,0.0,1.0971012
H1975,4.0,DAC,13,3,11.0,1,0.29184073209762573,0.003858202835544944,0.29185354709625244,0.003854638198390603,0.1476471871137619,0.0009634317248128355,0.23315268754959106,0.06856364011764526,0.17253880202770233,0.18858051300048828,0.18217779695987701,1.0973535,1.0946795,200.0,68247.0,68447.0,0.7612707,-0.4316483438014984,0.58260804,0.9299522638320923,0.93947256,3.5111985,6.676246,0.0,0.7190366,1.1555366516113281,1.9343923330307007,0.7151745557785034,0.06217222660779953,3.5181017,6.676246,0.0,0.70465213
H1975,4.0,DAC,13,3,11.0,2,0.11511140316724777,0.0008422292885370553,0.1152043342590332,0.0008322035428136587,0.09079053997993469,0.0003225150576326996,0.15836717188358307,0.0271949153393507,0.10477316379547119,0.11305674910545349,0.8135877251625061,1.4924611,1.4825046,2000.0,134367.0,136367.0,0.5112889,0.3243334889411926,0.26794887,0.9787423610687256,0.8519599,0.8803457,3.1204338,0.0,0.27122682,0.5320068001747131,0.8559826016426086,0.30466973781585693,0.010185359977185726,0.8855304,3.1204338,0.0,0.2732793
H1975,4.0,DAC,14,3,11.0,1,0.24315683543682098,0.003467211266979575,0.24315683543682098,0.003467211266979575,0.14269724488258362,0.0005443275440484285,0.23894299566745758,0.09741299599409103,0.16040292382240295,0.1758357435464859,0.9493576288223267,3.3780174,3.3692963,400.0,110991.0,111391.0,1.0,0.9174482822418213,0.710593,0.9946718215942383,0.85715926,2.9230256,7.008315,0.8456184,0.9462089,1.1501046419143677,1.7324246168136597,0.8456184267997742,0.022451071068644524,2.929415,7.008315,0.8544034,0.93816924
H1975,4.0,DAC,15,3,11.0,1,0.1343691349029541,0.0005868657608516514,0.1343691349029541,0.0005868657608516514,0.10490335524082184,0.00011032386100851,0.1342577040195465,0.07818124443292618,0.11332128196954727,0.11872152984142303,0.5732347965240479,1.8607744,1.8357238,400.0,20159.0,20559.0,0.51876056,-0.22249488532543182,0.07917532,0.98664391040802,0.8367354,0.65659755,1.4194746,0.27323964,0.05559671,0.3705732226371765,0.5172045230865479,0.2732396423816681,0.0016717353137210011,0.6622727,1.4194746,0.28065512,0.055011228
H1975,4.0,DAC,2,3,11.0,1,0.06838470697402954,0.0005001056124456227,0.0686308816075325,0.0004850102704949677,0.055554039776325226,0.000306169968098402,0.11534961313009262,0.0,0.06891109049320221,0.07659021019935608,1.139098048210144,1.7008048,1.6879239,2685.0,114402.0,117087.0,0.74244255,0.25412365794181824,0.41683412,0.9563676118850708,0.90986294,0.25577664,0.73121655,0.0,0.014574175,0.18236806988716125,0.3501286208629608,0.07798071950674057,0.0026746897492557764,0.2574995,0.73121655,0.0,0.014724007
H1975,4.0,DAC,3,3,11.0,1,0.15771396458148956,0.0014121191343292594,0.15771396458148956,0.0014121191343292594,0.13273552060127258,0.00028178191860206425,0.19968999922275543,0.09183844923973083,0.14617164433002472,0.15475624799728394,0.5747766494750977,0.89672923,0.8917127,800.0,50543.0,51343.0,0.28558952,0.7252447009086609,0.34415734,0.9950338006019592,0.89486265,0.84841365,2.850717,0.29210627,0.12783904,0.6133022308349609,0.7627583742141724,0.4558980166912079,0.0026534381322562695,0.85213494,2.850717,0.29210627,0.12893169
H1975,4.0,DAC,4,3,11.0,1,0.08995462208986282,0.009506739675998688,0.16693681478500366,0.0047913421876728535,0.10956650972366333,0.0017423436511307955,0.2510493993759155,0.0,0.14300239086151123,0.16293965280056,0.6300652623176575,0.9540105,0.9497228,1986.0,148061.0,150047.0,0.36939183,0.13068026304244995,0.44842914,0.9709457755088806,0.9127174,0.42294285,2.5680923,0.0,0.21005224,0.45439857244491577,0.8293266892433167,0.0,0.018595680594444275,0.42252094,2.5680923,0.0,0.21260683
H1975,4.0,DAC,4,3,11.0,2,0.11578686535358429,0.0007688853656873107,0.11581464856863022,0.0007658522808924317,0.08941643685102463,0.00015052277012728155,0.1313164383172989,0.053304534405469894,0.09929057210683823,0.1049867644906044,0.8969504833221436,1.4297117,1.4227406,600.0,45255.0,45855.0,0.9675828,0.13491901755332947,0.67495483,0.9967703223228455,0.9290339,0.7970376,1.7661526,0.0,0.07405447,0.5416045784950256,0.6750646829605103,0.4306145906448364,0.0016082348302006721,0.8004241,1.7661526,0.0,0.07413847
H1975,4.0,DAC,5,3,11.0,1,0.05502896383404732,0.0003512018593028188,0.05522982031106949,0.00034139049239456654,0.049249276518821716,3.215818651369773e-05,0.06615497171878815,0.03723444044589996,0.05392042174935341,0.05707867071032524,0.6911057829856873,1.5731527,1.5685701,200.0,38295.0,38495.0,0.9455309,0.4008041024208069,0.6458402,0.998833179473877,0.8916838,0.23114552,0.8040175,0.064791024,0.012093253,0.1057213693857193,0.12264551967382431,0.09336899220943451,2.5295936211477965e-05,0.23180051,0.8040175,0.064791024,0.012073693
H1975,4.0,DAC,5,3,11.0,2,0.0753503069281578,0.001078328350558877,0.07659682631492615,0.0010006885277107358,0.05719134211540222,0.00022192546748556197,0.1099172979593277,0.012212967500090599,0.06918036937713623,0.07633259892463684,0.6500205993652344,1.3772953,1.3612859,1400.0,62199.0,63599.0,0.7634206,-0.0018095076084136963,0.51481813,0.9850079417228699,0.8969665,0.28123015,1.1298307,0.0,0.02001418,0.136628657579422,0.21388976275920868,0.08595912903547287,0.00046254636254161596,0.28448486,1.1298307,0.0,0.019973023
H1975,4.0,DAC,6,3,11.0,1,0.16245649755001068,0.006926941219717264,0.1851668506860733,0.0036900776904076338,0.1336374133825302,0.0014985768357291818,0.2669143080711365,0.009493374265730381,0.16511625051498413,0.18373534083366394,0.7670170068740845,1.1915977,1.1838104,1700.0,90987.0,92687.0,0.77061796,-0.01509094052016735,0.5820735,0.9698829650878906,0.9510008,0.9583545,2.9371135,0.0,0.2097998,0.7187483906745911,1.181911587715149,0.29196301102638245,0.025109916925430298,0.9628313,2.9371135,0.0,0.21215779
H1975,4.0,DAC,6,3,11.0,2,0.1373223066329956,0.001112109050154686,0.13740938901901245,0.0011008467990905046,0.11169666051864624,0.0004433820431586355,0.18065547943115234,0.05531023442745209,0.12847846746444702,0.13905571401119232,0.8433387279510498,1.4880093,1.482172,400.0,43775.0,44175.0,0.57719165,-0.542576789855957,0.19513604,0.9811959266662598,0.91721994,0.68297666,1.6175852,0.0,0.06011214,0.45798224210739136,0.6761915683746338,0.2779206931591034,0.0061025782488286495,0.6850325,1.6175852,0.0,0.060138863
H1975,4.0,DAC,6,3,11.0,3,0.12475709617137909,0.0010366596980020404,0.12480393052101135,0.0010312021477147937,0.11293963342905045,0.0004010946722701192,0.16453450918197632,0.04997691884636879,0.12867091596126556,0.1377447098493576,0.6393164992332458,1.5049874,1.4833225,400.0,15583.0,15983.0,0.1178732,0.49794021248817444,-0.3134681,0.9918415546417236,0.8006445,0.63303757,1.747427,0.24517497,0.07988983,0.39902442693710327,0.4947197735309601,0.31673774123191833,0.0010559112997725606,0.639044,1.747427,0.24517497,0.08047161
H1975,4.0,DAC,7,3,11.0,1,0.12918056547641754,0.0006016456172801554,0.12918056547641754,0.0006016456172801554,0.1131710484623909,0.00016549116116948426,0.15224383771419525,0.07997475564479828,0.12353870272636414,0.12967278063297272,0.7164758443832397,1.6487085,1.6273869,969.0,41398.0,42367.0,0.35079852,0.4297454357147217,-0.124986656,0.991492509841919,0.83273256,0.44212115,1.256646,0.13341069,0.052554417,0.27575594186782837,0.3780408203601837,0.2071913629770279,0.0008324090158566833,0.44601518,1.256646,0.13341069,0.053102046
H1975,4.0,DAC,8,3,11.0,1,0.1894063949584961,0.0031731165945529938,0.18970990180969238,0.0031206223648041487,0.14219141006469727,0.0012052959064021707,0.22897736728191376,0.03144235163927078,0.17014576494693756,0.18605810403823853,0.9194319248199463,1.4818991,1.4747977,1089.0,85166.0,86255.0,0.66633964,0.039123259484767914,0.5461643,0.9558903574943542,0.92025906,1.470652,3.5590153,0.0,0.21752107,0.9895261526107788,1.5240743160247803,0.5541119575500488,0.059242621064186096,1.4768039,3.5590153,0.0,0.2165472
H1975,4.0,DAC,8,3,11.0,2,0.3109564781188965,0.01638937182724476,0.33315688371658325,0.010163245722651482,0.1394650787115097,0.0006974986172281206,0.2220103144645691,0.07077599316835403,0.16101893782615662,0.1751115620136261,0.2329840213060379,1.1297458,1.1274527,170.0,66309.0,66479.0,0.8531267,-0.2728930413722992,0.6683523,0.9716596007347107,0.90944284,4.736987,12.638179,0.0,4.4052644,1.2189760208129883,2.126047372817993,0.8204889297485352,0.07781971991062164,4.7460065,12.638179,0.0,4.3845487
H1975,4.0,DAC,9,3,11.0,1,0.12557730078697205,0.002749658888205886,0.12560108304023743,0.0027471918147057295,0.07534277439117432,0.0002405327104497701,0.1230631098151207,0.03359062969684601,0.08791379630565643,0.09538724273443222,0.5654662251472473,1.2336498,1.2260567,600.0,52199.0,52799.0,0.31421006,0.21251296997070312,0.24419375,0.9887427687644958,0.8487836,1.0346447,3.1992025,0.39051372,0.23351638,0.5974922776222229,0.7829077243804932,0.44477006793022156,0.005272957496345043,1.0396694,3.1992025,0.39051372,0.23391806
H1975,4.0,DAC,9,3,11.0,2,0.20256143808364868,0.0019809859804809093,0.20256143808364868,0.0019809859804809093,0.13794881105422974,0.000413338013458997,0.1958826333284378,0.08979330211877823,0.15450255572795868,0.1641690880060196,0.7304152250289917,1.3315538,1.3251238,600.0,55495.0,56095.0,0.53995174,0.6433391571044922,0.5631182,0.992989718914032,0.9375191,2.5103335,5.0408115,0.563893,0.4296111,1.6731956005096436,2.2065083980560303,1.2963676452636719,0.02550583891570568,2.5193844,5.0408115,0.563893,0.42632136
H1975,6.0,DAC,0,3,11.0,1,0.1369781494140625,0.00031460970058105886,0.1369781494140625,0.00031460970058105886,0.11324597150087357,5.1543065637815744e-05,0.13758434355258942,0.09118624031543732,0.11891399323940277,0.12260797619819641,0.7706533074378967,1.689284,1.6773343,200.0,15175.0,15375.0,1.0,-0.1373995542526245,0.8235682,0.9987779259681702,0.95682913,0.78552854,1.241551,0.40369928,0.015494612,0.44732382893562317,0.5143693685531616,0.40369927883148193,0.0003043301112484187,0.78998566,1.241551,0.41578802,0.014167523
H1975,6.0,DAC,1,3,11.0,1,0.12574051320552826,0.0009675881010480225,0.1257491111755371,0.0009665723191574216,0.09626779705286026,0.00024445552844554186,0.1335204392671585,0.0410805344581604,0.10798807442188263,0.11381647735834122,1.0513144731521606,2.1542935,2.1482804,239.0,43600.0,43839.0,0.45538262,-0.8007510304450989,0.4074455,0.9029302597045898,0.86028147,0.5133303,1.3677784,0.10774519,0.050346226,0.29911181330680847,0.41981714963912964,0.10774519294500351,0.005948427598923445,0.51450455,1.3677784,0.11245164,0.050336666
H1975,6.0,DAC,10,3,11.0,1,0.056146807968616486,0.0007197491941042244,0.0573338121175766,0.0006669102003797889,0.03868253156542778,0.0008779263589531183,0.09608587622642517,0.0,0.06428131461143494,0.07932870090007782,0.5128856897354126,11.333838,11.300719,102.0,33225.0,33327.0,0.039605368,0.025637146085500717,-0.07255287,0.9921351671218872,0.5686412,0.6291463,1.5361224,0.037434578,0.041770622,0.04876047000288963,0.06413736194372177,0.03743457794189453,2.6223668101010844e-05,0.630928,1.5361224,0.04633387,0.040861513
H1975,6.0,DAC,11,3,11.0,1,0.11811382323503494,0.000814116676338017,0.11811625957489014,0.000813844904769212,0.08958712220191956,0.00017625729378778487,0.13550277054309845,0.0423964262008667,0.1001364141702652,0.10644815117120743,0.5434150695800781,1.1134255,1.10635,600.0,47735.0,48335.0,0.60352886,0.30673447251319885,0.2184282,0.9741471409797668,0.8943153,0.8263482,1.9047341,0.20746477,0.103718296,0.5151429772377014,0.6856570243835449,0.30736374855041504,0.009541131556034088,0.83025986,1.9047341,0.20746477,0.10366941
H1975,6.0,DAC,11,3,11.0,2,0.07819250971078873,0.00025296182138845325,0.07819250971078873,0.00025296182138845325,0.07073146849870682,7.271251524798572e-05,0.09141923487186432,0.04506351053714752,0.0775420069694519,0.08109824359416962,0.9561230540275574,0.9846368,0.9843748,200.0,21575.0,21775.0,0.9653551,0.653890073299408,0.98474944,0.9988489151000977,0.99663377,0.23193032,0.32889548,0.16419663,0.00031318804,0.22837147116661072,0.2535652220249176,0.2016906589269638,9.44687781156972e-05,0.23196329,0.32889548,0.16419663,0.00031509696
H1975,6.0,DAC,12,3,11.0,1,0.1064862534403801,0.0007093256572261453,0.10650250315666199,0.0007077028276398778,0.0919618010520935,0.00041296007111668587,0.13789059221744537,0.049091652035713196,0.10911960899829865,0.11865304410457611,0.5372503399848938,1.7842127,1.7819923,70.0,39241.0,39311.0,0.5744075,-0.08194166421890259,0.15169626,0.9939795732498169,0.9040859,0.5335679,1.1205379,0.1544608,0.03547796,0.21359017491340637,0.2629125416278839,0.17175135016441345,0.00048019332461990416,0.5341387,1.1205379,0.1544608,0.035357427
H1975,6.0,DAC,12,3,11.0,2,0.07247269153594971,0.004782084375619888,0.11106143891811371,0.0030426266603171825,0.07323072105646133,0.0003808496112469584,0.13220618665218353,0.02685818448662758,0.08944667130708694,0.09886019676923752,0.5926182270050049,1.6642311,1.6579303,200.0,33815.0,34015.0,0.8561879,0.09578528255224228,0.56313354,0.9912256002426147,0.9075181,0.30897912,1.4747169,0.0,0.078278735,0.16489578783512115,0.22163787484169006,0.11637743562459946,0.00039689335972070694,0.30983132,1.4747169,0.0,0.07861585
H1975,6.0,DAC,13,3,11.0,1,0.3152846693992615,0.005893760826438665,0.3152916729450226,0.005891682580113411,0.2150796502828598,0.0015864268643781543,0.2988845109939575,0.09913305193185806,0.24645277857780457,0.26168274879455566,1.6909595727920532,3.786472,3.766584,427.0,44564.0,44991.0,0.76914895,-0.12091054022312164,0.33136475,0.886639416217804,0.88059807,2.463151,5.0685115,0.0,0.56887555,1.4372365474700928,2.343785524368286,0.5637672543525696,0.175901859998703,2.472981,5.0685115,0.0,0.5624597
H1975,6.0,DAC,2,3,11.0,1,0.07251427322626114,0.0008841900853440166,0.07323373854160309,0.0008402739185839891,0.07100015133619308,0.0003610236453823745,0.11444473266601562,0.026603640988469124,0.08689457923173904,0.09435518085956573,0.6992297172546387,1.4961022,1.4904971,184.0,25975.0,26159.0,0.72235125,-0.15709735453128815,0.3474377,0.9911018013954163,0.9271237,0.31841868,0.67560714,0.0,0.0076365457,0.2052304595708847,0.2888537347316742,0.16009041666984558,0.0004572787438519299,0.31922045,0.67560714,0.0,0.007596006
H1975,6.0,DAC,2,3,11.0,2,0.13414914906024933,0.0012794425711035728,0.13417787849903107,0.0012758609373122454,0.11439768224954605,0.0008182587916962802,0.19582612812519073,0.04383961483836174,0.1372338831424713,0.15100786089897156,0.7888677716255188,1.2363079,1.2315643,297.0,27718.0,28015.0,0.6996933,-0.4504202604293823,0.5899311,0.954286515712738,0.9572236,0.31457287,0.569801,0.0,0.003721614,0.2350406050682068,0.39129891991615295,0.12719200551509857,0.0028471173718571663,0.31542504,0.569801,0.0,0.003662483
H1975,6.0,DAC,2,3,11.0,3,0.11447283625602722,0.010223280638456345,0.17605999112129211,0.004880439955741167,0.11659138649702072,0.0016011472325772047,0.21455447375774384,0.009167978540062904,0.1493244171142578,0.1688849776983261,2.3045623302459717,3.2311785,3.2269487,266.0,58005.0,58271.0,0.53999454,-0.3429794907569885,0.32577488,0.958312451839447,0.92700803,0.58314556,2.4414983,0.0,0.23597799,0.6097190976142883,0.9836391806602478,0.28650397062301636,0.02430104836821556,0.5830237,2.4414983,0.0,0.23694544
H1975,6.0,DAC,3,3,11.0,1,0.3422546088695526,0.007831507362425327,0.3423498272895813,0.007801092695444822,0.27963563799858093,0.0006142292404547334,0.35354894399642944,0.19875669479370117,0.2991112768650055,0.3119153380393982,0.7816860675811768,1.1868548,1.1826295,600.0,56935.0,57535.0,0.52007085,0.05104336142539978,0.2785305,0.9927681088447571,0.8810231,2.392298,7.182022,0.0,0.9476751,1.8194868564605713,2.4043469429016113,1.41573965549469,0.03190905228257179,2.398334,7.182022,0.0,0.9538315
H1975,6.0,DAC,4,3,11.0,1,0.1816694587469101,0.0011577130062505603,0.1816694587469101,0.0011577130062505603,0.1735462248325348,0.0004480579518713057,0.23686844110488892,0.12096855044364929,0.19047409296035767,0.20229192078113556,0.7984405755996704,0.7548042,0.75527006,600.0,55607.0,56207.0,0.8167426,-0.20693469047546387,0.84492415,0.981519877910614,0.95508075,0.67223334,1.5179297,0.050197735,0.030566486,0.7039236426353455,1.112162709236145,0.5050604939460754,0.013645361177623272,0.67189145,1.5179297,0.050197735,0.030738108
H1975,6.0,DAC,5,3,11.0,1,0.20458297431468964,0.0013878762256354094,0.20458297431468964,0.0013878762256354094,0.1710333675146103,0.00015595760487485677,0.20321041345596313,0.13419604301452637,0.1810799241065979,0.18721118569374084,0.8671223521232605,1.1069202,1.1060418,200.0,54407.0,54607.0,0.9504958,0.14561252295970917,0.94200826,0.9974141120910645,0.9839222,1.6296476,3.3658564,0.44158494,0.059643812,1.27169668674469,1.5040022134780884,1.1154319047927856,0.005690497346222401,1.6309634,3.3658564,0.44158494,0.05936942
H1975,6.0,DAC,5,3,11.0,2,0.10520534962415695,0.0004918236518278718,0.10520534962415695,0.0004918236518278718,0.08365992456674576,0.0001931639271788299,0.14241375029087067,0.0450713150203228,0.09485652297735214,0.10165894776582718,0.7277002930641174,2.6821764,2.6363347,704.0,29311.0,30015.0,0.23363687,-0.06975850462913513,-0.24935903,0.9701485633850098,0.76011276,0.7361547,1.442091,0.23574053,0.06773871,0.44079840183258057,0.6147813200950623,0.2831578552722931,0.0040375301614403725,0.74324834,1.442091,0.23574053,0.06712315
H1975,6.0,DAC,6,3,11.0,1,0.14188459515571594,0.002806504722684622,0.14409814774990082,0.0025313214864581823,0.06840429455041885,0.0005006425199098885,0.11417460441589355,0.03245804086327553,0.08761464804410934,0.09780917316675186,0.5382776260375977,16.260962,16.254034,28.0,63507.0,63535.0,0.9170815,0.043897878378629684,0.12780645,0.9967928528785706,0.58569115,0.7629631,2.2864552,0.0,0.07845286,0.030288472771644592,0.0362471342086792,0.02742990478873253,3.8731445783923846e-06,0.7632862,2.2864552,0.0,0.07825067
H1975,6.0,DAC,7,3,11.0,1,0.163008451461792,0.013338285498321056,0.2266165167093277,0.004128425382077694,0.18233072757720947,0.000981312827207148,0.2794092297554016,0.09952447563409805,0.2072993814945221,0.22259721159934998,0.8371789455413818,1.1084582,1.1049603,400.0,30623.0,31023.0,0.8249807,-0.07115162909030914,0.7003786,0.9906297922134399,0.9187427,0.6431437,2.2339346,0.0,0.24783194,0.5539585947990417,0.7685392498970032,0.3826313316822052,0.005013088695704937,0.6443086,2.2339346,0.0,0.2508983
H1975,6.0,DAC,8,3,11.0,1,0.25101763010025024,0.006502499338239431,0.25101763010025024,0.006502499338239431,0.15849827229976654,0.0004256429092492908,0.2260056585073471,0.10882347077131271,0.1748010665178299,0.18589794635772705,0.7731989026069641,3.1713455,3.141811,400.0,32079.0,32479.0,0.14554141,0.8975996971130371,-0.34528667,0.9916071891784668,0.7687989,1.4708803,3.613209,0.47499865,0.40440696,0.7146170139312744,0.9748038053512573,0.5686161518096924,0.007463992107659578,1.48031,3.613209,0.47499865,0.40213612
H1975,6.0,DAC,8,3,11.0,2,0.24553047120571136,0.017906401306390762,0.29123249650001526,0.007929517887532711,0.1763535737991333,0.0012083274777978659,0.2665184438228607,0.07510292530059814,0.2036971002817154,0.2202615588903427,1.039229393005371,3.7731595,3.7610185,243.0,54476.0,54719.0,0.57680345,0.8409974575042725,0.36530036,0.9895873069763184,0.84986144,3.3929608,13.5837965,0.0,4.369558,1.2140763998031616,1.5953141450881958,0.8640761971473694,0.01963391713798046,3.40268,13.5837965,0.0,4.3676906
H1975,6.0,DAC,8,3,11.0,3,0.29358458518981934,0.006172856781631708,0.29369306564331055,0.0061432961374521255,0.15752948820590973,0.00219296314753592,0.24554750323295593,0.09341853857040405,0.1973157376050949,0.2249244898557663,0.6255304217338562,1.6725781,1.6720465,22.0,43321.0,43343.0,0.8159234,-0.2227642983198166,0.31542793,0.9943273663520813,0.9131572,4.626068,9.61088,0.0,2.003677,2.2566964626312256,2.4914238452911377,1.9659937620162964,0.02544281631708145,4.6272707,9.61088,0.0,2.0018294
H1975,6.0,DAC,9,3,11.0,1,0.09316758066415787,0.00018484526663087308,0.09316758066415787,0.00018484526663087308,0.09082505106925964,0.00012556760339066386,0.12202899903059006,0.06406571716070175,0.09987136721611023,0.10499496757984161,0.7930948734283447,1.1240124,1.1128013,400.0,11407.0,11807.0,0.6956918,0.17863675951957703,0.49383217,0.9864515662193298,0.9624568,0.41496536,0.5643666,0.320313,0.0011301683,0.37825262546539307,0.4424159526824951,0.32287168502807617,0.00040679305675439537,0.41625267,0.5643666,0.320313,0.0011066161
H1975,6.0,DAC,9,3,11.0,2,0.08974562585353851,0.006868022494018078,0.1420956701040268,0.0034355365205556154,0.10283888131380081,0.0015633911825716496,0.2986006736755371,0.0,0.13384762406349182,0.15129701793193817,0.669861376285553,1.168319,1.160662,800.0,51279.0,52079.0,0.6035571,0.0017502754926681519,0.3564976,0.9627262353897095,0.92578286,0.25284618,1.3558168,0.0,0.051451698,0.23326656222343445,0.47586309909820557,0.0,0.004648115020245314,0.25315163,1.3558168,0.0,0.052175783
